date,ticker,sector,benchmark,excess_21,freq_21,magnitude_21,excess_63,freq_63,magnitude_63,excess_126,freq_126,magnitude_126,rank_21,rank_63,rank_126
2026-03-02,IXN,technology,VT,-0.01856965228908658,0.47619047619047616,-0.0007931078667601179,-0.017214907341458696,0.5555555555555556,-0.00019663233679722585,0.004852320140370514,0.5396825396825397,9.912087629210518e-05,8.0,7.0,7.0
2026-03-02,IXG,financials,VT,-0.03502876267133981,0.38095238095238093,-0.0016660495963774053,-0.02730663152734847,0.4444444444444444,-0.00039950629385451754,-0.070549882911908,0.4603174603174603,-0.0005156124405063496,10.0,8.0,10.0
2026-03-02,EXI,industrials,VT,0.0588744184876,0.6666666666666666,0.002733231768185703,0.11487286704034472,0.6190476190476191,0.001657405785441346,0.0725841402142624,0.5396825396825397,0.0005149541427917119,4.0,3.0,4.0
2026-03-02,IXC,energy,VT,0.1145397238895729,0.5714285714285714,0.005236313002923683,0.21282876101058879,0.5714285714285714,0.0029805150677179987,0.1850965784639531,0.5079365079365079,0.0012709144899694747,1.0,1.0,2.0
2026-03-02,MXI,materials,VT,0.05112134394922596,0.7142857142857143,0.0024839768040829605,0.19848740002801146,0.7301587301587301,0.002789252157860748,0.1903292030640098,0.6349206349206349,0.0012976091101870257,6.0,2.0,1.0
2026-03-02,RXI,consumer_discretionary,VT,-0.032916671771801576,0.3333333333333333,-0.001589870599246212,-0.06414372644480548,0.38095238095238093,-0.0009835618426322652,-0.08701397044593251,0.40476190476190477,-0.0006362067897847057,9.0,11.0,11.0
2026-03-02,KXI,consumer_staples,VT,0.06864416668621698,0.5238095238095238,0.0031683521275835008,0.0573758028329594,0.49206349206349204,0.0008428783118965203,0.014495877741178331,0.4603174603174603,0.00010119899062438398,3.0,4.0,6.0
2026-03-02,IXJ,health_care,VT,0.01753808844628102,0.5238095238095238,0.0008277039989686456,-0.038893352309417484,0.4603174603174603,-0.0005858642891959453,0.05132017813002343,0.48412698412698413,0.00037174438784316955,7.0,9.0,5.0
2026-03-02,JXI,utilities,VT,0.07942781563519952,0.7142857142857143,0.0036419196068392706,0.04386091779566281,0.5873015873015873,0.0006522246542030235,0.08499561141983891,0.5634920634920635,0.0005872658270321834,2.0,5.0,3.0
2026-03-02,REET,real_estate,VT,0.057530400198260834,0.6666666666666666,0.002650743602370519,0.026056557751462206,0.5079365079365079,0.0003817230364418386,-0.009214625593249037,0.46825396825396826,-6.973099843805951e-05,5.0,6.0,8.0
2026-03-02,IXP,communication_services,VT,-0.04267106987532299,0.38095238095238093,-0.0020742382106058535,-0.05268901277422611,0.47619047619047616,-0.0008004201076636656,-0.05823486266081179,0.5,-0.0004142895492549878,11.0,10.0,9.0
2026-03-03,IXN,technology,VT,-0.01578894267774822,0.47619047619047616,-0.0006668089476816583,-0.022455243266913394,0.5396825396825397,-0.00028418025712368636,0.014379485613519094,0.5396825396825397,0.00016794958175397008,8.0,7.0,6.0
2026-03-03,IXG,financials,VT,-0.0310551784562636,0.38095238095238093,-0.0014919463406411985,-0.022917002678030096,0.4444444444444444,-0.00034252689554505256,-0.0691580920088124,0.4603174603174603,-0.0005133364746452438,9.0,9.0,10.0
2026-03-03,EXI,industrials,VT,0.04457350700588436,0.6190476190476191,0.002119129749804105,0.10388228105327868,0.6031746031746031,0.0015459248180822748,0.06809364777961835,0.5396825396825397,0.0004924031702732084,6.0,3.0,4.0
2026-03-03,IXC,energy,VT,0.11222561006322374,0.5714285714285714,0.005187527084338973,0.21146211452350028,0.5714285714285714,0.0030269511777038984,0.18124062789495876,0.5079365079365079,0.0012624756255262633,1.0,1.0,1.0
2026-03-03,MXI,materials,VT,0.06509677441902184,0.7142857142857143,0.00313232340309059,0.16493997656263715,0.7142857142857143,0.002422369271323868,0.15487733613196597,0.626984126984127,0.0010966509148727151,3.0,2.0,2.0
2026-03-03,RXI,consumer_discretionary,VT,-0.03851148945595173,0.2857142857142857,-0.0018839572364500682,-0.0630451994531378,0.38095238095238093,-0.0009904733748841083,-0.08702976283355479,0.40476190476190477,-0.0006459233800148042,11.0,11.0,11.0
2026-03-03,KXI,consumer_staples,VT,0.054200428835127434,0.5238095238095238,0.0025457294577415582,0.060328367855032816,0.49206349206349204,0.0009052271371837463,0.0066815698001319035,0.4603174603174603,4.572714879146662e-05,5.0,4.0,7.0
2026-03-03,IXJ,health_care,VT,0.011111580311085278,0.5238095238095238,0.0005288889218962444,-0.022477582708581245,0.47619047619047616,-0.00034211069718518655,0.04607862874111546,0.48412698412698413,0.0003395261131790588,7.0,8.0,5.0
2026-03-03,JXI,utilities,VT,0.07688395502698153,0.7142857142857143,0.00356768221733035,0.04520366147811905,0.6031746031746031,0.0006873268689284147,0.08528106945152247,0.5634920634920635,0.0005971903189080954,2.0,5.0,3.0
2026-03-03,REET,real_estate,VT,0.05722038635332671,0.6666666666666666,0.0026622661432950273,0.033411344548462285,0.5238095238095238,0.0004996102707777824,-0.012478345994799023,0.46825396825396826,-9.560942442704909e-05,4.0,6.0,8.0
2026-03-03,IXP,communication_services,VT,-0.03123090265616446,0.38095238095238093,-0.0015346248113847084,-0.036783165133359,0.47619047619047616,-0.0005681651128115032,-0.04532355868238258,0.5,-0.0003233281988149435,10.0,10.0,9.0
2026-03-04,IXN,technology,VT,-0.009019675227810775,0.47619047619047616,-0.0003305110765003526,-0.016712720057339148,0.5396825396825397,-0.00018852717700289565,0.028539432625939165,0.5476190476190477,0.0002667166171236196,8.0,7.0,6.0
2026-03-04,IXG,financials,VT,-0.034701704769342645,0.38095238095238093,-0.0016682089329852015,-0.02107373494981757,0.4603174603174603,-0.00030923894898824165,-0.06960966258274559,0.46825396825396826,-0.0005084180110826585,11.0,9.0,10.0
2026-03-04,EXI,industrials,VT,0.04271186287138529,0.6190476190476191,0.0020257837494673378,0.11603429748073268,0.6190476190476191,0.001692900909268936,0.07125093890596768,0.5476190476190477,0.0005064715411243054,5.0,3.0,4.0
2026-03-04,IXC,energy,VT,0.12204413837857586,0.5714285714285714,0.00558296828425305,0.18344048661279655,0.5555555555555556,0.0026328112350015743,0.15702616330370445,0.5,0.0010942570266205414,1.0,1.0,1.0
2026-03-04,MXI,materials,VT,0.05613199655692458,0.6666666666666666,0.0027142496095268883,0.15545695988020913,0.6984126984126984,0.0022683536929100855,0.1482282915153057,0.6190476190476191,0.0010392240549674204,4.0,2.0,2.0
2026-03-04,RXI,consumer_discretionary,VT,-0.0314603700407291,0.3333333333333333,-0.001524593428168506,-0.0640067183703038,0.38095238095238093,-0.0009917446267806282,-0.08715468536381676,0.40476190476190477,-0.0006358200758125276,10.0,11.0,11.0
2026-03-04,KXI,consumer_staples,VT,0.03628279460713102,0.47619047619047616,0.001711273078981689,0.04481681133329851,0.47619047619047616,0.0006688675247596623,-0.00963457270521273,0.4523809523809524,-7.232141060870441e-05,6.0,5.0,8.0
2026-03-04,IXJ,health_care,VT,0.006593205133679114,0.47619047619047616,0.0003110335459133571,-0.01754761380662928,0.47619047619047616,-0.00026275742115408396,0.03601794987974127,0.47619047619047616,0.00026493365350872225,7.0,8.0,5.0
2026-03-04,JXI,utilities,VT,0.08900030306483153,0.7142857142857143,0.004088554550843951,0.056821207996458734,0.6031746031746031,0.0008442724527681964,0.08848114099691307,0.5634920634920635,0.0006090155058549798,2.0,4.0,3.0
2026-03-04,REET,real_estate,VT,0.06177603654418273,0.6666666666666666,0.002856601545180415,0.03180689519952429,0.5238095238095238,0.0004682253245785609,-0.008703394703375,0.46825396825396826,-6.821199256505716e-05,3.0,6.0,7.0
2026-03-04,IXP,communication_services,VT,-0.023774133612437298,0.42857142857142855,-0.0011607573343352516,-0.03566976784348652,0.49206349206349204,-0.0005428612947603134,-0.047090263374591323,0.5,-0.00033105401243358585,9.0,10.0,9.0
2026-03-05,IXN,technology,VT,0.01004202180770053,0.5238095238095238,0.0005761001583467167,-0.021507721150917147,0.5396825396825397,-0.0002688336730793939,0.03003551237722135,0.5476190476190477,0.0002800350976206271,6.0,8.0,5.0
2026-03-05,IXG,financials,VT,-0.03529623647333535,0.38095238095238093,-0.0017117526164473036,-0.021344576270023063,0.4603174603174603,-0.0003180201542165813,-0.06271841586416316,0.47619047619047616,-0.0004632114703610274,11.0,7.0,10.0
2026-03-05,EXI,industrials,VT,0.01705176130713848,0.5714285714285714,0.0008495363640770673,0.09515956649106871,0.6031746031746031,0.0014265908153204357,0.0606571646741203,0.5476190476190477,0.0004431724323131928,4.0,3.0,4.0
2026-03-05,IXC,energy,VT,0.10166348642758949,0.5714285714285714,0.0047155397816741555,0.21541334174432714,0.5714285714285714,0.0030763820625055336,0.20452852395970988,0.5079365079365079,0.001404603064537756,1.0,1.0,1.0
2026-03-05,MXI,materials,VT,0.01025048122814054,0.6190476190476191,0.0005893075063110056,0.1421168612401651,0.6984126984126984,0.0021213709511458947,0.1314917802523432,0.6190476190476191,0.0009480864939612366,5.0,2.0,2.0
2026-03-05,RXI,consumer_discretionary,VT,-0.025980354860621335,0.38095238095238093,-0.0012664550896854545,-0.05771246888871395,0.3968253968253968,-0.0009032132452444849,-0.08303493120472272,0.4126984126984127,-0.0006139862354977767,10.0,11.0,11.0
2026-03-05,KXI,consumer_staples,VT,0.0054164293034789646,0.42857142857142855,0.0002722835192067809,0.03557657541448589,0.47619047619047616,0.0005445136135847805,-0.021417410019034522,0.4523809523809524,-0.00015852471757953133,7.0,6.0,8.0
2026-03-05,IXJ,health_care,VT,0.0033098489103432494,0.47619047619047616,0.00016224938825567685,-0.024670873352841793,0.47619047619047616,-0.0003753352916395005,0.02543632296822751,0.47619047619047616,0.00019548883448072729,8.0,9.0,6.0
2026-03-05,JXI,utilities,VT,0.07187120482639153,0.7142857142857143,0.0033499875401554165,0.06372247277280274,0.6190476190476191,0.0009555206886514795,0.09408581260765359,0.5714285714285714,0.0006556845678098621,2.0,4.0,3.0
2026-03-05,REET,real_estate,VT,0.05539993035111446,0.6666666666666666,0.0025870145156014096,0.0362928369692308,0.5396825396825397,0.0005411676248249267,-0.00502809968236706,0.47619047619047616,-4.241750404084792e-05,3.0,5.0,7.0
2026-03-05,IXP,communication_services,VT,-0.012350485296596325,0.47619047619047616,-0.0006128113568273046,-0.029736846219458712,0.5079365079365079,-0.00045658749858581147,-0.05974750830177422,0.5,-0.00043523819800071197,9.0,10.0,9.0
2026-03-06,IXN,technology,VT,0.0200223459205896,0.5238095238095238,0.0010539092637384315,-0.025819330160096077,0.5396825396825397,-0.00034115277925280313,0.021210536071509356,0.5476190476190477,0.00022107674699842073,4.0,10.0,6.0
2026-03-06,IXG,financials,VT,-0.04573760911763636,0.3333333333333333,-0.002255581395418625,-0.025789184562543088,0.4444444444444444,-0.00039417769960806896,-0.06648688180070716,0.46825396825396826,-0.000501967920863441,11.0,9.0,10.0
2026-03-06,EXI,industrials,VT,0.013504662133276613,0.5714285714285714,0.0006862002849104622,0.08576687266649685,0.6031746031746031,0.0013117244853918784,0.05853097026332654,0.5476190476190477,0.0004359694930179227,5.0,3.0,4.0
2026-03-06,IXC,energy,VT,0.10032806847623688,0.5714285714285714,0.004685505229413657,0.21966735856649877,0.5714285714285714,0.003171614356777313,0.22896404440884055,0.5158730158730159,0.0015787286497635491,1.0,1.0,1.0
2026-03-06,MXI,materials,VT,-0.01042883348451562,0.5714285714285714,-0.000407247325379186,0.12350794160557621,0.6825396825396826,0.0018962115340702866,0.12172647162108108,0.6190476190476191,0.0009007448945186665,9.0,2.0,2.0
2026-03-06,RXI,consumer_discretionary,VT,-0.03117411365112699,0.38095238095238093,-0.0015374617217239497,-0.05921857852654788,0.3968253968253968,-0.000943277517352954,-0.08438195211110422,0.4126984126984127,-0.0006373339577506381,10.0,11.0,11.0
2026-03-06,KXI,consumer_staples,VT,0.001166043309660525,0.42857142857142855,6.009378741031072e-05,0.05561417287931003,0.49206349206349204,0.0008520864078058619,-0.002955481923300196,0.4603174603174603,-2.3270949894346e-05,6.0,5.0,7.0
2026-03-06,IXJ,health_care,VT,-0.007927552348297229,0.47619047619047616,-0.00039073671033015974,-0.02025719620689026,0.47619047619047616,-0.00031155885859298786,0.034635716060764654,0.48412698412698413,0.00026511522700009517,8.0,7.0,5.0
2026-03-06,JXI,utilities,VT,0.07611330887126488,0.7142857142857143,0.003566001180859844,0.07669774387711503,0.6349206349206349,0.0011591613200471178,0.10891902725702063,0.5793650793650794,0.0007677777971338645,2.0,4.0,3.0
2026-03-06,REET,real_estate,VT,0.03825303273994285,0.6190476190476191,0.0018083828026251435,0.03780914442215977,0.5396825396825397,0.0005728631164304819,-0.00513950099444771,0.47619047619047616,-4.380678068581567e-05,3.0,6.0,8.0
2026-03-06,IXP,communication_services,VT,-0.0006797822482720317,0.5238095238095238,-5.008346095831884e-05,-0.022495128850392843,0.5238095238095238,-0.0003482501005688836,-0.05751699873517402,0.5,-0.00042695993472077005,7.0,8.0,9.0
2026-03-09,IXN,technology,VT,0.03619042080280843,0.5714285714285714,0.0017902318734680934,-0.015319477342355947,0.5396825396825397,-0.00016862960881589315,0.03764556650532058,0.5555555555555556,0.0003390724659940099,3.0,8.0,5.0
2026-03-09,IXG,financials,VT,-0.049328816578323775,0.3333333333333333,-0.0023916798278733977,-0.03546924015020381,0.42857142857142855,-0.0005467375540968028,-0.06283878516874397,0.46825396825396826,-0.0004699299282248818,11.0,10.0,9.0
2026-03-09,EXI,industrials,VT,0.008657783704176913,0.5714285714285714,0.000442022432358363,0.07371056679935828,0.5873015873015873,0.0011276130556966818,0.05348409888905303,0.5476190476190477,0.0003970024721878725,5.0,4.0,4.0
2026-03-09,IXC,energy,VT,0.09678000169801215,0.5714285714285714,0.004432454835160738,0.20785322208595391,0.5555555555555556,0.0029976722394673434,0.24116698948390014,0.5158730158730159,0.00163956254768275,1.0,1.0,1.0
2026-03-09,MXI,materials,VT,0.005041587553577975,0.5714285714285714,0.0003202082618980156,0.11915090352435498,0.6666666666666666,0.0018221194356700622,0.10965221564539318,0.6111111111111112,0.0008133733213155861,6.0,2.0,2.0
2026-03-09,RXI,consumer_discretionary,VT,-0.034093063380228106,0.38095238095238093,-0.0016506419372044705,-0.060793650151534706,0.3968253968253968,-0.0009622532506291684,-0.09122671345254396,0.40476190476190477,-0.0006868880710743317,10.0,11.0,11.0
2026-03-09,KXI,consumer_staples,VT,-0.015595438434751974,0.38095238095238093,-0.000743746884320297,0.05835571674649276,0.49206349206349204,0.0008854935721958674,-0.010286482347964698,0.4523809523809524,-7.767261019884954e-05,9.0,5.0,7.0
2026-03-09,IXJ,health_care,VT,-0.01106687737009271,0.47619047619047616,-0.0005315955758392663,-0.010563727680617419,0.49206349206349204,-0.00015661439099197362,0.031143327476133464,0.48412698412698413,0.00023807835496956656,7.0,7.0,6.0
2026-03-09,JXI,utilities,VT,0.06404261308096049,0.6666666666666666,0.002956983056910527,0.07829627450833021,0.6349206349206349,0.001173071803982193,0.10470821509947803,0.5793650793650794,0.0007333012012121282,2.0,3.0,3.0
2026-03-09,REET,real_estate,VT,0.019039317116904653,0.5714285714285714,0.0008817644845003068,0.03703829722892271,0.5396825396825397,0.0005561758888828897,-0.022358274714985082,0.46825396825396826,-0.00017257931355450144,4.0,6.0,8.0
2026-03-09,IXP,communication_services,VT,-0.011865501727444605,0.47619047619047616,-0.0005843352050359902,-0.03159983910342079,0.5079365079365079,-0.0004915472324660028,-0.06742826617667408,0.49206349206349204,-0.0005010918766363458,8.0,9.0,10.0
2026-03-10,IXN,technology,VT,0.015351913270255424,0.5714285714285714,0.0008069822642930779,-0.019110243636756508,0.5396825396825397,-0.00022940543580330524,0.032861361718117266,0.5555555555555556,0.00030602237367825954,5.0,8.0,5.0
2026-03-10,IXG,financials,VT,-0.044118154227023365,0.38095238095238093,-0.002177463606899907,-0.031896765038580854,0.4444444444444444,-0.0004903597114366188,-0.05706100924862145,0.47619047619047616,-0.00042725664582527,11.0,10.0,10.0
2026-03-10,EXI,industrials,VT,0.0012919316135064918,0.5714285714285714,8.092421397378651e-05,0.07948531469803988,0.6031746031746031,0.0012135792625405871,0.054049961415846726,0.5476190476190477,0.0004029937459970451,7.0,4.0,4.0
2026-03-10,IXC,energy,VT,0.08693493560310483,0.5714285714285714,0.004089588816340811,0.20931137656440968,0.5555555555555556,0.0030223196029148572,0.23234984703903816,0.5158730158730159,0.0015946493425799961,1.0,1.0,1.0
2026-03-10,MXI,materials,VT,0.009050127909062011,0.6190476190476191,0.0005201515583629991,0.127104766313896,0.6825396825396826,0.0019361950444901157,0.1115306383610728,0.6111111111111112,0.0008300354445936129,6.0,2.0,3.0
2026-03-10,RXI,consumer_discretionary,VT,-0.028263836538467202,0.38095238095238093,-0.0013865519223205908,-0.06783021300169434,0.38095238095238093,-0.0010814499029322305,-0.09713005286625076,0.3968253968253968,-0.0007390132006157586,10.0,11.0,11.0
2026-03-10,KXI,consumer_staples,VT,-0.012101728074438767,0.38095238095238093,-0.0005806891516564909,0.05621064515047358,0.49206349206349204,0.0008558878482828624,-0.007286449460932154,0.4523809523809524,-5.552500376724208e-05,8.0,5.0,7.0
2026-03-10,IXJ,health_care,VT,-0.014645663654768937,0.47619047619047616,-0.0007155592798411376,-0.013697670224542602,0.49206349206349204,-0.00020591897633300986,0.02939261783362035,0.48412698412698413,0.00022703957553589616,9.0,7.0,6.0
2026-03-10,JXI,utilities,VT,0.0736159074103484,0.6666666666666666,0.0034635648226005998,0.0865927014065262,0.6349206349206349,0.0012945840694538174,0.11340938116666588,0.5793650793650794,0.0007957404835693924,2.0,3.0,2.0
2026-03-10,REET,real_estate,VT,0.028214908201336764,0.6190476190476191,0.0013442318092184778,0.042084825975588824,0.5555555555555556,0.000632988498854916,-0.013942501411666086,0.47619047619047616,-0.00011003414357059944,3.0,6.0,8.0
2026-03-10,IXP,communication_services,VT,0.021052419883813678,0.5238095238095238,0.0010103317921308047,-0.0314795020129075,0.5079365079365079,-0.000490917809735469,-0.05366336144137396,0.5,-0.00039575632067493743,4.0,9.0,9.0
2026-03-11,IXN,technology,VT,0.017155533755039754,0.5714285714285714,0.0008993952951711824,-0.024515345941437672,0.5396825396825397,-0.0003150405191712863,0.03784074328182019,0.5555555555555556,0.0003423853414374741,4.0,9.0,5.0
2026-03-11,IXG,financials,VT,-0.04512292253713224,0.38095238095238093,-0.0022487666741140104,-0.03662232805588206,0.4444444444444444,-0.0005651334255529031,-0.06348111495098885,0.46825396825396826,-0.0004785947187343698,11.0,10.0,9.0
2026-03-11,EXI,industrials,VT,-0.007746402268628327,0.5238095238095238,-0.0003657459717596615,0.07102361501106436,0.5873015873015873,0.0010894365119337522,0.05872034955293848,0.5476190476190477,0.0004366355190278463,8.0,4.0,4.0
2026-03-11,IXC,energy,VT,0.10877443629857719,0.5714285714285714,0.005113136553163541,0.244483802075099,0.5714285714285714,0.0034687000655916943,0.26006318214438395,0.5158730158730159,0.0017670019399031631,1.0,1.0,1.0
2026-03-11,MXI,materials,VT,-0.005179979285927061,0.5714285714285714,-0.0001846637008005184,0.13906961339705926,0.6825396825396826,0.002096215986374837,0.12374324560887007,0.6111111111111112,0.0009129608123107263,7.0,2.0,2.0
2026-03-11,RXI,consumer_discretionary,VT,-0.01732005486364485,0.42857142857142855,-0.0008474972888030727,-0.05590587782521894,0.3968253968253968,-0.0008835437371141121,-0.09254667656462023,0.40476190476190477,-0.000703465386415042,10.0,11.0,11.0
2026-03-11,KXI,consumer_staples,VT,-0.007812456814690116,0.38095238095238093,-0.00036979708225719286,0.05145667068467552,0.49206349206349204,0.0007847032646375301,-0.01642694880550244,0.4523809523809524,-0.00012377426051293024,9.0,5.0,7.0
2026-03-11,IXJ,health_care,VT,-0.00400629632522298,0.47619047619047616,-0.0001930726091225862,-0.010056506935788523,0.49206349206349204,-0.00014879598740599875,0.024702174562802437,0.47619047619047616,0.00019360157700941118,6.0,7.0,6.0
2026-03-11,JXI,utilities,VT,0.06922610643447835,0.6666666666666666,0.003295680923294226,0.08710151887352757,0.6349206349206349,0.0012994768449797497,0.10407953185553653,0.5714285714285714,0.0007346907289522627,2.0,3.0,3.0
2026-03-11,REET,real_estate,VT,0.023020422308369426,0.6190476190476191,0.001111054462028511,0.039862106795134356,0.5555555555555556,0.0005987790457016522,-0.018712395689860717,0.47619047619047616,-0.00014589458845271693,3.0,6.0,8.0
2026-03-11,IXP,communication_services,VT,0.015969205883280768,0.47619047619047616,0.0007738481046541745,-0.02229681444529963,0.5079365079365079,-0.00034504665476590166,-0.06654561910960632,0.49206349206349204,-0.0004984040063946194,5.0,8.0,10.0
2026-03-12,IXN,technology,VT,0.013454216107300687,0.5714285714285714,0.000737538186416552,-0.03360650272780796,0.5238095238095238,-0.0004672497782927903,0.013556556565791578,0.5476190476190477,0.00016829586996660489,5.0,9.0,7.0
2026-03-12,IXG,financials,VT,-0.04221049454757231,0.38095238095238093,-0.00213269030193488,-0.04066712544298612,0.4444444444444444,-0.0006397663250257816,-0.0671401924826579,0.46825396825396826,-0.0005172905523600986,11.0,10.0,10.0
2026-03-12,EXI,industrials,VT,-0.013809649867451923,0.47619047619047616,-0.0006749602913653943,0.06911350954831152,0.5873015873015873,0.0010794896083259696,0.04772533394998435,0.5396825396825397,0.00036618797878816534,9.0,4.0,4.0
2026-03-12,IXC,energy,VT,0.1365374874627241,0.6190476190476191,0.006419583225276793,0.2702150007727617,0.5714285714285714,0.003841111196604805,0.27294269479058975,0.5158730158730159,0.0018737621346953635,1.0,1.0,1.0
2026-03-12,MXI,materials,VT,-0.007292279384805034,0.5714285714285714,-0.0003036712265777804,0.1442417891757457,0.6825396825396826,0.0021974183889729793,0.1340788112000666,0.6190476190476191,0.0009980460912772514,8.0,2.0,2.0
2026-03-12,RXI,consumer_discretionary,VT,-0.029009822341625635,0.38095238095238093,-0.0014585077582412321,-0.05824004348192324,0.3968253968253968,-0.0009364550915988661,-0.0846830917340673,0.40476190476190477,-0.0006530172849406584,10.0,11.0,11.0
2026-03-12,KXI,consumer_staples,VT,0.008968904695913604,0.42857142857142855,0.0004548555146703672,0.06568548590345369,0.49206349206349204,0.0010072350546169446,0.013678408812502152,0.4603174603174603,0.00010028252067045388,6.0,5.0,6.0
2026-03-12,IXJ,health_care,VT,-0.0004716939479163518,0.5238095238095238,-2.076156288742856e-05,0.0014444141336060756,0.5079365079365079,2.9670963657303144e-05,0.03651449513500138,0.48412698412698413,0.000283575376082122,7.0,7.0,5.0
2026-03-12,JXI,utilities,VT,0.0794586685082248,0.6666666666666666,0.0038147502200000967,0.11358036261947624,0.6507936507936508,0.0016981808870891576,0.11772988693948139,0.5714285714285714,0.0008404365542106244,2.0,3.0,3.0
2026-03-12,REET,real_estate,VT,0.022869631364178855,0.6190476190476191,0.0011144339721894606,0.05260448190600764,0.5714285714285714,0.0007989472120431912,-0.006285691481869193,0.48412698412698413,-5.4542628896169286e-05,3.0,6.0,8.0
2026-03-12,IXP,communication_services,VT,0.017233566056456096,0.47619047619047616,0.0008464850680600973,-0.01873776687303763,0.5079365079365079,-0.00029441268004338545,-0.053734836492007276,0.5,-0.0004066278558356931,4.0,8.0,9.0
2026-03-13,IXN,technology,VT,0.008053177444875215,0.5238095238095238,0.0004741017041580909,-0.029636300587237874,0.5238095238095238,-0.00040955912957788926,0.018911462069421958,0.5476190476190477,0.0002110630672441995,6.0,9.0,7.0
2026-03-13,IXG,financials,VT,-0.0320371360682844,0.42857142857142855,-0.0016214577485440635,-0.04195103659599997,0.4444444444444444,-0.0006726951054580031,-0.06816950119385667,0.46825396825396826,-0.0005356225623139786,10.0,10.0,10.0
2026-03-13,EXI,industrials,VT,-0.01727793047463655,0.42857142857142855,-0.0008600294562067367,0.061139078044637696,0.5714285714285714,0.0009750286981154793,0.04354195001636829,0.5317460317460317,0.0003412954480655087,8.0,5.0,4.0
2026-03-13,IXC,energy,VT,0.1234812514447916,0.6190476190476191,0.0058838800140396,0.28182614981800924,0.5873015873015873,0.004040169161425801,0.2981773567419508,0.5238095238095238,0.0020545051960699,1.0,1.0,1.0
2026-03-13,MXI,materials,VT,-0.03276616733985005,0.5238095238095238,-0.00161535536095395,0.116269456933765,0.6666666666666666,0.001835004911582646,0.10442015348963452,0.6111111111111112,0.0008100372776496403,11.0,3.0,3.0
2026-03-13,RXI,consumer_discretionary,VT,-0.0247072269420735,0.42857142857142855,-0.001249898176314083,-0.05902866893866665,0.3968253968253968,-0.0009658200629289821,-0.09198344934803504,0.40476190476190477,-0.0007276809138736394,9.0,11.0,11.0
2026-03-13,KXI,consumer_staples,VT,0.009122179020699783,0.42857142857142855,0.0004627191923721635,0.07839698416736929,0.5079365079365079,0.0012128844195498424,0.024047073249068518,0.46825396825396826,0.00018029389200199236,5.0,4.0,6.0
2026-03-13,IXJ,health_care,VT,-0.0032127836683173427,0.5238095238095238,-0.0001617027828708809,-0.0031648704849304155,0.5079365079365079,-4.5534028299282305e-05,0.03326960838792248,0.48412698412698413,0.0002634710801115718,7.0,7.0,5.0
2026-03-13,JXI,utilities,VT,0.08320032696863655,0.6666666666666666,0.004022247589227292,0.13476452084903112,0.6666666666666666,0.0020263369698851085,0.13666709660527032,0.5793650793650794,0.0009842843615275841,2.0,2.0,2.0
2026-03-13,REET,real_estate,VT,0.02317653723486246,0.6190476190476191,0.001139862652765127,0.05889940173617525,0.5873015873015873,0.0009073767923708332,-0.008835155275322748,0.48412698412698413,-7.574067825126607e-05,3.0,6.0,8.0
2026-03-13,IXP,communication_services,VT,0.02128065741376317,0.47619047619047616,0.0010559321181754194,-0.011566888688913535,0.5079365079365079,-0.0001815734894974436,-0.05337122359099067,0.5,-0.0004109107183628496,4.0,8.0,9.0
2026-03-16,IXN,technology,VT,0.023524580447734866,0.5714285714285714,0.0012075686391690538,-0.015521797815421512,0.5396825396825397,-0.00017353390880564976,0.02050355386414049,0.5476190476190477,0.00022143478263044112,3.0,9.0,6.0
2026-03-16,IXG,financials,VT,-0.028784415304424327,0.47619047619047616,-0.0014086102582735777,-0.05067111440827521,0.4444444444444444,-0.0008107040828141064,-0.06329466762319003,0.47619047619047616,-0.0004869367504039061,11.0,10.0,10.0
2026-03-16,EXI,industrials,VT,-0.021569065661346865,0.38095238095238093,-0.0010505282015203694,0.0522429457090694,0.5555555555555556,0.0008299693361390989,0.04632740598446672,0.5317460317460317,0.00035613268588504646,8.0,6.0,4.0
2026-03-16,IXC,energy,VT,0.12458854421617294,0.6190476190476191,0.005772734856543663,0.2821499793712374,0.5873015873015873,0.004003389166644029,0.29705066532300295,0.5238095238095238,0.0020188342285702883,1.0,1.0,1.0
2026-03-16,MXI,materials,VT,-0.02701233486019816,0.5238095238095238,-0.0012834521449137924,0.10050619512737713,0.6507936507936508,0.0015880754952572382,0.10951912643777262,0.6111111111111112,0.0008333352594091399,9.0,3.0,3.0
2026-03-16,RXI,consumer_discretionary,VT,-0.02815556970812294,0.38095238095238093,-0.0013887111112582144,-0.06489413869864502,0.38095238095238093,-0.001054328743855844,-0.09651077249622153,0.3968253968253968,-0.000753154987965616,10.0,11.0,11.0
2026-03-16,KXI,consumer_staples,VT,-0.020499087588823017,0.38095238095238093,-0.0010151339853979075,0.06676719718334967,0.49206349206349204,0.001026212307312247,0.019807095493215465,0.46825396825396826,0.0001452999213306969,7.0,4.0,7.0
2026-03-16,IXJ,health_care,VT,-0.017907265904448133,0.47619047619047616,-0.000884838527568805,-0.01215221807190403,0.49206349206349204,-0.00018983287222892667,0.03978334016209639,0.48412698412698413,0.0003063772240996935,6.0,8.0,5.0
2026-03-16,JXI,utilities,VT,0.05548467177511518,0.6190476190476191,0.0026450234483981257,0.12768174418852585,0.6507936507936508,0.0019044796689332091,0.12306508757573464,0.5714285714285714,0.0008772280800099305,2.0,2.0,2.0
2026-03-16,REET,real_estate,VT,0.011530889436973335,0.5714285714285714,0.0005502822730748482,0.05849734754488645,0.5714285714285714,0.0008911316256787866,-0.01001777949296323,0.47619047619047616,-8.379513178363894e-05,5.0,5.0,8.0
2026-03-16,IXP,communication_services,VT,0.02060656799894134,0.47619047619047616,0.0009923767436105658,-0.008339865853372985,0.5079365079365079,-0.0001282805985579651,-0.06112981070416568,0.49206349206349204,-0.00046647186272630135,4.0,7.0,9.0
2026-03-17,IXN,technology,VT,0.025736158721594182,0.6190476190476191,0.0013123137127283777,0.004913855120323829,0.5555555555555556,0.00014523214143761777,0.017734303196517587,0.5476190476190477,0.00020093232805343738,3.0,7.0,7.0
2026-03-17,IXG,financials,VT,-0.020571456036238334,0.47619047619047616,-0.0009941921647788488,-0.06098179901183176,0.42857142857142855,-0.0009697756953356549,-0.06409883886733658,0.46825396825396826,-0.0004944417293667088,6.0,10.0,9.0
2026-03-17,EXI,industrials,VT,-0.02798406060280334,0.3333333333333333,-0.0013738427205669534,0.046125280535151525,0.5396825396825397,0.0007287628674008126,0.04305482076517242,0.5238095238095238,0.00033283907909546485,7.0,5.0,5.0
2026-03-17,IXC,energy,VT,0.1306799075251277,0.6190476190476191,0.006033581991440022,0.29652927329606693,0.5873015873015873,0.004134138764783532,0.3109904116671849,0.5317460317460317,0.0021047747804748794,1.0,1.0,1.0
2026-03-17,MXI,materials,VT,-0.037163981507614574,0.47619047619047616,-0.0017999751360568866,0.09158922963124327,0.6349206349206349,0.0014420882907013035,0.11255694183003184,0.6111111111111112,0.0008556670255715431,11.0,3.0,3.0
2026-03-17,RXI,consumer_discretionary,VT,-0.029251516750166462,0.38095238095238093,-0.001442675814930934,-0.07984369411759251,0.36507936507936506,-0.001291484392440423,-0.10146002244184316,0.3888888888888889,-0.0007964081518095409,8.0,11.0,11.0
2026-03-17,KXI,consumer_staples,VT,-0.030667869258559688,0.3333333333333333,-0.0015263529982949182,0.04424245797153192,0.47619047619047616,0.000679532674701816,0.022582970237003952,0.46825396825396826,0.00016626155436274707,9.0,6.0,6.0
2026-03-17,IXJ,health_care,VT,-0.03239149893844617,0.42857142857142855,-0.0016142817205760623,-0.03073465963747435,0.47619047619047616,-0.0004836572758135631,0.044408764778031795,0.48412698412698413,0.0003405982792522736,10.0,9.0,4.0
2026-03-17,JXI,utilities,VT,0.039627215194936616,0.5714285714285714,0.0018940241025189478,0.11908141687483575,0.6349206349206349,0.0017614431270882652,0.12259059662421445,0.5714285714285714,0.0008756032364805978,2.0,2.0,2.0
2026-03-17,REET,real_estate,VT,0.003925151335860355,0.5238095238095238,0.00017708486657513106,0.04925959844394834,0.5555555555555556,0.0007429813391500869,-0.004102479297015682,0.47619047619047616,-3.862572910122144e-05,5.0,4.0,8.0
2026-03-17,IXP,communication_services,VT,0.023868293509748062,0.47619047619047616,0.001147180988836213,-0.012944706153472207,0.49206349206349204,-0.00019933801298122056,-0.07328762335101524,0.48412698412698413,-0.0005668231808202294,4.0,8.0,10.0
2026-03-18,IXN,technology,VT,0.025537293469557576,0.6190476190476191,0.001319585930966509,0.014742013805130294,0.5714285714285714,0.0003002087880501545,0.023187792199634183,0.5555555555555556,0.00024382162531137356,3.0,7.0,6.0
2026-03-18,IXG,financials,VT,-0.024952616542262107,0.47619047619047616,-0.0012370443421740715,-0.06083054966896417,0.42857142857142855,-0.0009839834084156634,-0.05343032235678302,0.47619047619047616,-0.00041576769637691104,7.0,10.0,9.0
2026-03-18,EXI,industrials,VT,-0.01604754207962833,0.38095238095238093,-0.0007917566395107201,0.05066332674170748,0.5396825396825397,0.0008069562584248095,0.05360936648565651,0.5317460317460317,0.000414590076532688,6.0,4.0,4.0
2026-03-18,IXC,energy,VT,0.15884206162786518,0.6666666666666666,0.00733043326719306,0.31980484557508004,0.6031746031746031,0.004471332155097592,0.313374526270384,0.5317460317460317,0.0021453329327952384,1.0,1.0,1.0
2026-03-18,MXI,materials,VT,-0.03554283066055375,0.47619047619047616,-0.0017376584812552939,0.07655055365006935,0.6190476190476191,0.0012459896489376992,0.10153569965861431,0.6111111111111112,0.0007924414294471252,9.0,3.0,3.0
2026-03-18,RXI,consumer_discretionary,VT,-0.0356576406350787,0.38095238095238093,-0.0017888777119172059,-0.09166763039865689,0.3492063492063492,-0.0015166224721820784,-0.1127864583533339,0.38095238095238093,-0.0009059133995223956,10.0,11.0,11.0
2026-03-18,KXI,consumer_staples,VT,-0.029887778156316935,0.3333333333333333,-0.0015040725993247133,0.0296030110687574,0.4603174603174603,0.00046796103138977877,0.012968553212383771,0.4603174603174603,9.73614522841435e-05,8.0,6.0,7.0
2026-03-18,IXJ,health_care,VT,-0.03760718950104325,0.38095238095238093,-0.0019065075794168311,-0.04638016663672051,0.4603174603174603,-0.0007507240856584889,0.037558202507123495,0.47619047619047616,0.000295271756983964,11.0,9.0,5.0
2026-03-18,JXI,utilities,VT,0.04066598646070274,0.5714285714285714,0.001971205711686038,0.10723988751732694,0.6349206349206349,0.0016171878233695652,0.13798317746289168,0.5793650793650794,0.0009927615680199854,2.0,2.0,2.0
2026-03-18,REET,real_estate,VT,-0.0035615942026232528,0.5238095238095238,-0.00019698528476245043,0.045325712278908026,0.5555555555555556,0.0006939963804229692,0.002373864964041905,0.48412698412698413,1.0491029138057525e-05,5.0,5.0,8.0
2026-03-18,IXP,communication_services,VT,0.025235035908161008,0.47619047619047616,0.0012310897440595838,-0.010950525664255029,0.49206349206349204,-0.0001704813936938739,-0.0746260695844051,0.47619047619047616,-0.0005871407899763393,4.0,8.0,10.0
2026-03-19,IXN,technology,VT,0.023374263038295817,0.6190476190476191,0.001220257740805163,0.012540237202787408,0.5714285714285714,0.0002653674781524211,0.030618969295019616,0.5634920634920635,0.0002996395249862385,4.0,7.0,6.0
2026-03-19,IXG,financials,VT,-0.022214989069314406,0.47619047619047616,-0.0011050602298070217,-0.05764061807961807,0.4444444444444444,-0.0009282711325052439,-0.05500979296505082,0.47619047619047616,-0.00042886739724736585,7.0,10.0,9.0
2026-03-19,EXI,industrials,VT,-0.0212021260736327,0.38095238095238093,-0.0010583779063715484,0.04505481091095809,0.5396825396825397,0.0007210842763975712,0.051630555579220694,0.5317460317460317,0.0004004162803090207,6.0,5.0,4.0
2026-03-19,IXC,energy,VT,0.16209837662579107,0.6666666666666666,0.007514861264565903,0.3798373194912974,0.6190476190476191,0.005164717960242132,0.33489720792510536,0.5317460317460317,0.0022733378876225053,1.0,1.0,1.0
2026-03-19,MXI,materials,VT,-0.05524037569528817,0.42857142857142855,-0.0027795875795453865,0.055614186879892946,0.6031746031746031,0.0009353763358489017,0.08195280234614954,0.6111111111111112,0.0006557521782955756,11.0,3.0,3.0
2026-03-19,RXI,consumer_discretionary,VT,-0.03898021924632633,0.38095238095238093,-0.001973855912306916,-0.09895860633035614,0.3333333333333333,-0.0016410708138863122,-0.11996623459631306,0.373015873015873,-0.0009686218443916274,10.0,11.0,11.0
2026-03-19,KXI,consumer_staples,VT,-0.02345787107541142,0.3333333333333333,-0.0011822304833125155,0.02449499012789036,0.4444444444444444,0.00038849151602405295,0.0026802760223525457,0.4523809523809524,1.8819164900532106e-05,8.0,6.0,8.0
2026-03-19,IXJ,health_care,VT,-0.031779617955779216,0.38095238095238093,-0.0016158879402654275,-0.04011777745410938,0.4603174603174603,-0.0006462611971807398,0.03386516512702298,0.46825396825396826,0.00026791721235311855,9.0,9.0,5.0
2026-03-19,JXI,utilities,VT,0.059014866236347,0.5714285714285714,0.002855140605590461,0.10784887014540323,0.6349206349206349,0.0016229665561791238,0.13729104210984855,0.5714285714285714,0.000988506740884976,2.0,2.0,2.0
2026-03-19,REET,real_estate,VT,0.012730154608683764,0.5238095238095238,0.0006118527512229331,0.04691434216866486,0.5555555555555556,0.0007166505458648361,0.004114448529858317,0.48412698412698413,2.383841069095568e-05,5.0,4.0,7.0
2026-03-19,IXP,communication_services,VT,0.0274132333843502,0.47619047619047616,0.0013468427454087124,-0.02087199421619257,0.47619047619047616,-0.0003300188488219015,-0.07912993925577327,0.46825396825396826,-0.0006248780190334457,3.0,8.0,10.0
2026-03-20,IXN,technology,VT,0.017109689276999518,0.6190476190476191,0.0009383786869875664,0.016853664327189377,0.5714285714285714,0.0003361703388624785,0.007960586479543785,0.5555555555555556,0.00013031086140227171,4.0,7.0,7.0
2026-03-20,IXG,financials,VT,-0.011089882579274346,0.5238095238095238,-0.0005558984509367157,-0.05445428759873605,0.4444444444444444,-0.0008876380658011961,-0.03806966147964719,0.48412698412698413,-0.00030129462846621605,6.0,10.0,9.0
2026-03-20,EXI,industrials,VT,-0.029537730226627312,0.3333333333333333,-0.0015144656477697129,0.04941218670796077,0.5396825396825397,0.0007955025651301772,0.042593953916087335,0.5238095238095238,0.00034226029087741904,9.0,3.0,5.0
2026-03-20,IXC,energy,VT,0.1615708400173741,0.6666666666666666,0.00761172792477124,0.36040414808901,0.6190476190476191,0.0049849369969294155,0.35771758338706694,0.5396825396825397,0.002456584922795873,1.0,1.0,1.0
2026-03-20,MXI,materials,VT,-0.06111987807260966,0.38095238095238093,-0.003148947994404588,0.03857993261219106,0.5873015873015873,0.0006871755916182493,0.08178429371988627,0.6111111111111112,0.0006709743262785233,11.0,4.0,3.0
2026-03-20,RXI,consumer_discretionary,VT,-0.03184203328920476,0.42857142857142855,-0.0016358115027143914,-0.09579856860599734,0.3492063492063492,-0.0016060812693514883,-0.11008218374768686,0.38095238095238093,-0.0009077250749742864,10.0,11.0,11.0
2026-03-20,KXI,consumer_staples,VT,-0.015868544181926625,0.3333333333333333,-0.000816434583613103,0.022597255349360412,0.4444444444444444,0.0003612918178709023,0.02555510227137714,0.4603174603174603,0.00019637248519885396,7.0,6.0,6.0
2026-03-20,IXJ,health_care,VT,-0.02423921623501457,0.38095238095238093,-0.0012563890503216602,-0.03641568429471964,0.4603174603174603,-0.0005939920263246638,0.043836121015825125,0.47619047619047616,0.0003493986920175525,8.0,9.0,4.0
2026-03-20,JXI,utilities,VT,0.036106422357567,0.5238095238095238,0.0018207367693346226,0.08351339106779798,0.6190476190476191,0.0012942120785022267,0.11982565385305843,0.5714285714285714,0.0008948770556192608,2.0,2.0,2.0
2026-03-20,REET,real_estate,VT,0.002307892072850093,0.47619047619047616,0.00010777087794326745,0.02372192094464365,0.5396825396825397,0.00037015116159300903,-0.0030205319512284223,0.48412698412698413,-2.960889168053031e-05,5.0,5.0,8.0
2026-03-20,IXP,communication_services,VT,0.0322200089486282,0.47619047619047616,0.0016052372287557553,-0.011050562514150819,0.49206349206349204,-0.00017607739480205548,-0.06531757827087781,0.47619047619047616,-0.0005251654906277257,3.0,8.0,10.0
2026-03-23,IXN,technology,VT,0.020614226006343994,0.6190476190476191,0.0011101643004945508,0.013622963479842376,0.5714285714285714,0.0002831586041697022,0.007852269611287266,0.5555555555555556,0.00012922758733581563,3.0,7.0,7.0
2026-03-23,IXG,financials,VT,-0.011645465144206057,0.5238095238095238,-0.0005807545897263267,-0.05256302708417204,0.4444444444444444,-0.0008475542015163414,-0.04116547727163622,0.47619047619047616,-0.00032190799989110776,6.0,10.0,9.0
2026-03-23,EXI,industrials,VT,-0.0238043081600271,0.38095238095238093,-0.0011980439480230945,0.05229167469476903,0.5396825396825397,0.0008333329499717297,0.05114528544522745,0.5317460317460317,0.00040174177937217834,8.0,4.0,4.0
2026-03-23,IXC,energy,VT,0.1659582551712927,0.6666666666666666,0.007740124095109496,0.3736372613205887,0.6190476190476191,0.00509785734677869,0.3649465269696073,0.5396825396825397,0.0024650356592633466,1.0,1.0,1.0
2026-03-23,MXI,materials,VT,-0.05426923174006926,0.38095238095238093,-0.002742565806612336,0.054439365096448755,0.6031746031746031,0.0009268847693989378,0.09315090254504899,0.6111111111111112,0.000745225852523929,11.0,3.0,3.0
2026-03-23,RXI,consumer_discretionary,VT,-0.02511468524046956,0.42857142857142855,-0.0012630610732091813,-0.09291131572025602,0.3492063492063492,-0.0015379175075319555,-0.10112923539376817,0.3888888888888889,-0.0008139055751161814,9.0,11.0,11.0
2026-03-23,KXI,consumer_staples,VT,-0.023547280322489428,0.3333333333333333,-0.0012124817152485753,0.01821391329406019,0.4444444444444444,0.0002879344764375907,0.014900907841571609,0.4603174603174603,0.00011090093235693348,7.0,6.0,6.0
2026-03-23,IXJ,health_care,VT,-0.025812583385460774,0.38095238095238093,-0.0013330674052003917,-0.04290410637240949,0.4603174603174603,-0.0006977327265669013,0.03332379027173871,0.47619047619047616,0.0002644103069984194,10.0,9.0,5.0
2026-03-23,JXI,utilities,VT,0.031850271747579484,0.5238095238095238,0.001594695483471623,0.0755828363760902,0.6031746031746031,0.0011644979459758751,0.11048281109518077,0.5634920634920635,0.0008158639930649737,2.0,2.0,2.0
2026-03-23,REET,real_estate,VT,-0.00498842046630843,0.47619047619047616,-0.0002684598776431658,0.023644297191230734,0.5396825396825397,0.00036427760809896813,-0.005618636436050206,0.48412698412698413,-5.054042425034224e-05,5.0,5.0,8.0
2026-03-23,IXP,communication_services,VT,0.018819613788835676,0.42857142857142855,0.000922616859742751,-0.022808229487397136,0.47619047619047616,-0.00036706825828456167,-0.07247878912921513,0.47619047619047616,-0.0005774339648263857,4.0,8.0,10.0
2026-03-24,IXN,technology,VT,0.019936148882931937,0.6190476190476191,0.0010724184433415047,-0.0025900640019499432,0.5555555555555556,2.394273444770273e-05,-0.00984206292023504,0.5476190476190477,-1.0235753265569382e-05,3.0,7.0,8.0
2026-03-24,IXG,financials,VT,0.0013801630722943825,0.5714285714285714,7.42675446073918e-05,-0.045774150345619824,0.4603174603174603,-0.0007438959626290318,-0.0350263158325389,0.48412698412698413,-0.00027480469890915957,5.0,10.0,9.0
2026-03-24,EXI,industrials,VT,-0.01991005882076924,0.42857142857142855,-0.0009929014536652996,0.054516805749903696,0.5396825396825397,0.0008778274613677803,0.05404848908506432,0.5317460317460317,0.000426814745326515,7.0,4.0,4.0
2026-03-24,IXC,energy,VT,0.17476920901730708,0.6666666666666666,0.008097612741675727,0.40404480032845536,0.6349206349206349,0.005510528714767825,0.3952389928435329,0.5476190476190477,0.002658344792819872,1.0,1.0,1.0
2026-03-24,MXI,materials,VT,-0.05279753814388988,0.38095238095238093,-0.0026488647829243754,0.07585805695100833,0.6190476190476191,0.001263582151426548,0.10908783449669857,0.6111111111111112,0.0008656439534250741,11.0,3.0,3.0
2026-03-24,RXI,consumer_discretionary,VT,-0.022873556044103682,0.42857142857142855,-0.00114360997258855,-0.08267135912349965,0.3492063492063492,-0.0013780133023357894,-0.09742767124546037,0.3888888888888889,-0.0007895222591498314,8.0,11.0,11.0
2026-03-24,KXI,consumer_staples,VT,-0.03501077455965074,0.3333333333333333,-0.001806117542982364,0.036089072244684495,0.4603174603174603,0.0005726489608539697,0.031068718851445576,0.46825396825396826,0.0002360215309811284,10.0,5.0,6.0
2026-03-24,IXJ,health_care,VT,-0.033478819186288256,0.38095238095238093,-0.0017272497119654358,-0.03742478498475321,0.4603174603174603,-0.0006154820342656005,0.042679492084271686,0.48412698412698413,0.0003375702735019244,9.0,9.0,5.0
2026-03-24,JXI,utilities,VT,0.023413306050974914,0.5238095238095238,0.0011743953173886366,0.09880548917751097,0.6190476190476191,0.0015241021225577945,0.11313382207466405,0.5634920634920635,0.0008413906868931306,2.0,2.0,2.0
2026-03-24,REET,real_estate,VT,-0.013271978493594627,0.47619047619047616,-0.0006885143769333759,0.034975813791483956,0.5555555555555556,0.0005472509219693765,-0.0019809868426510224,0.49206349206349204,-2.221801780879478e-05,6.0,6.0,7.0
2026-03-24,IXP,communication_services,VT,0.014373195494574054,0.42857142857142855,0.0007001285281806615,-0.023048303178139218,0.47619047619047616,-0.0003744907323643136,-0.06656565796658398,0.47619047619047616,-0.0005328155768894555,4.0,8.0,10.0
2026-03-25,IXN,technology,VT,0.005728497661386833,0.5714285714285714,0.00035609545818205915,-0.005103375718709224,0.5555555555555556,-1.6844185260871887e-05,-0.009774391964244566,0.5476190476190477,-9.184845997410398e-06,5.0,7.0,7.0
2026-03-25,IXG,financials,VT,0.008875175528339385,0.5714285714285714,0.00045094348968376964,-0.05167767372746912,0.4444444444444444,-0.0008421522226773015,-0.03546239784873273,0.48412698412698413,-0.0002746949726429921,4.0,10.0,9.0
2026-03-25,EXI,industrials,VT,-0.014897678615759413,0.47619047619047616,-0.0007315719067876472,0.0575793538735746,0.5555555555555556,0.0009221357373632977,0.053017182114624584,0.5317460317460317,0.00041421685078257744,7.0,4.0,4.0
2026-03-25,IXC,energy,VT,0.16876511668882244,0.6666666666666666,0.007825630204743937,0.38531894394520594,0.6190476190476191,0.005279603179659506,0.358480646697213,0.5396825396825397,0.0024199853744779234,1.0,1.0,1.0
2026-03-25,MXI,materials,VT,-0.04620283853890961,0.38095238095238093,-0.0022860724853598093,0.07699030394971962,0.6190476190476191,0.0012776207579853628,0.11875705859000174,0.6111111111111112,0.0009245245512768114,11.0,3.0,2.0
2026-03-25,RXI,consumer_discretionary,VT,-0.02218498464770502,0.47619047619047616,-0.0011053035555362327,-0.08180713584858712,0.36507936507936506,-0.0013580420083098873,-0.09734413568500921,0.3968253968253968,-0.000777896867158006,8.0,11.0,11.0
2026-03-25,KXI,consumer_staples,VT,-0.036299019481392136,0.3333333333333333,-0.001870441410602452,0.045573193061099526,0.4603174603174603,0.0007172055318144861,0.02286000027874535,0.4603174603174603,0.00017081599637484206,10.0,5.0,6.0
2026-03-25,IXJ,health_care,VT,-0.022545593195100633,0.42857142857142855,-0.0011535985618743635,-0.03311033951226294,0.47619047619047616,-0.0005409933237353809,0.04267453165074442,0.48412698412698413,0.00033360430204848555,9.0,9.0,5.0
2026-03-25,JXI,utilities,VT,0.01846424748022857,0.47619047619047616,0.0009257329302148964,0.10412465453034214,0.6190476190476191,0.0015971333702278865,0.10432570768242866,0.5555555555555556,0.0007692085661002294,2.0,2.0,3.0
2026-03-25,REET,real_estate,VT,-0.013706277395184596,0.47619047619047616,-0.0007100791222018158,0.029739780239867453,0.5555555555555556,0.0004634981424903436,-0.019058488036859833,0.48412698412698413,-0.0001563311408776251,6.0,6.0,8.0
2026-03-25,IXP,communication_services,VT,0.013938022326343336,0.42857142857142855,0.0006765935360120633,-0.025213333768402735,0.47619047619047616,-0.00040927333880934314,-0.07107363616276041,0.47619047619047616,-0.000563358169149597,3.0,8.0,10.0
2026-03-26,IXN,technology,VT,-0.018954190406142435,0.5238095238095238,-0.00091131374022636,-0.023901115658990668,0.5396825396825397,-0.00032697852724256337,-0.023381205830211527,0.5476190476190477,-0.00011602405312148633,10.0,8.0,8.0
2026-03-26,IXG,financials,VT,0.006833516927947092,0.5714285714285714,0.0003494571010329308,-0.04469341862047849,0.4603174603174603,-0.000744287910245754,-0.02844819619725436,0.49206349206349204,-0.00022280447041197365,4.0,10.0,9.0
2026-03-26,EXI,industrials,VT,-0.013998043764757884,0.47619047619047616,-0.0007004599732853304,0.05434014266523679,0.5555555555555556,0.0008948934421394809,0.04857418552554149,0.5317460317460317,0.00038757135580815645,8.0,5.0,5.0
2026-03-26,IXC,energy,VT,0.20774243155275696,0.7142857142857143,0.009702902444323121,0.41445582433789885,0.6190476190476191,0.005726976405685481,0.3770992205653916,0.5396825396825397,0.0025578723991024777,1.0,1.0,1.0
2026-03-26,MXI,materials,VT,-0.03846206139763175,0.42857142857142855,-0.001935119984520847,0.07573750357087716,0.6190476190476191,0.001286323873458432,0.12465254444182983,0.6190476190476191,0.0009781389346844671,11.0,3.0,2.0
2026-03-26,RXI,consumer_discretionary,VT,-0.018390743838371137,0.5238095238095238,-0.0009390526500512202,-0.0716200165473938,0.38095238095238093,-0.0012119925415061965,-0.10153970744942875,0.3968253968253968,-0.0008279074949216036,9.0,11.0,11.0
2026-03-26,KXI,consumer_staples,VT,-0.011723487773732444,0.38095238095238093,-0.0006231411707763947,0.06349408035161708,0.47619047619047616,0.0010116377661063423,0.035048877312577,0.4603174603174603,0.00026554209855301364,7.0,4.0,6.0
2026-03-26,IXJ,health_care,VT,-0.0016608046214823258,0.47619047619047616,-9.652992559315896e-05,-0.016415161317843152,0.49206349206349204,-0.000275085032190064,0.059693673925945046,0.49206349206349204,0.00046462122691887363,6.0,7.0,4.0
2026-03-26,JXI,utilities,VT,0.031145928311098525,0.47619047619047616,0.001582747980250942,0.11599051738614019,0.6190476190476191,0.0018071981366380838,0.1086974783333059,0.5555555555555556,0.0008102041974476081,2.0,2.0,3.0
2026-03-26,REET,real_estate,VT,0.005786508121501721,0.5238095238095238,0.00027812901571267455,0.0451467079086989,0.5714285714285714,0.0007167399805625771,0.0011361604149622284,0.49206349206349204,1.7596018842608925e-07,5.0,6.0,7.0
2026-03-26,IXP,communication_services,VT,0.009613556868962814,0.42857142857142855,0.0004838355545684136,-0.03170851639319072,0.4603174603174603,-0.0005272828325249178,-0.07732492123117374,0.46825396825396826,-0.0006243273123420926,3.0,9.0,10.0
2026-03-27,IXN,technology,VT,-0.011705344960691533,0.5238095238095238,-0.0005375736793628704,-0.02730393153679156,0.5396825396825397,-0.00039086841818408626,-0.031215968501348113,0.5396825396825397,-0.00018079882523073612,8.0,8.0,8.0
2026-03-27,IXG,financials,VT,-0.006796516202293157,0.5238095238095238,-0.0003584803424828169,-0.04920771168463112,0.4444444444444444,-0.000835188532372282,-0.033586176442269466,0.48412698412698413,-0.00026613700984596053,7.0,10.0,9.0
2026-03-27,EXI,industrials,VT,-0.022877982913011685,0.42857142857142855,-0.0011811124686056437,0.05169632852860506,0.5555555555555556,0.0008670920410362164,0.04678878499418038,0.5317460317460317,0.00037711109875840674,9.0,5.0,6.0
2026-03-27,IXC,energy,VT,0.23397605643232733,0.7142857142857143,0.010897808710119642,0.4536395883349785,0.6349206349206349,0.006253740096151299,0.3970693498355722,0.5396825396825397,0.0026892343817491293,1.0,1.0,1.0
2026-03-27,MXI,materials,VT,-0.02803329330279758,0.42857142857142855,-0.00139303996483231,0.09327059478200905,0.6349206349206349,0.0015730973706732693,0.1369162933876118,0.6190476190476191,0.0010705235643987902,10.0,3.0,2.0
2026-03-27,RXI,consumer_discretionary,VT,-0.02964256578185276,0.47619047619047616,-0.0015446825282646156,-0.0792706352989686,0.38095238095238093,-0.0013685715670010748,-0.10671799302575602,0.3968253968253968,-0.0008794803522677938,11.0,11.0,11.0
2026-03-27,KXI,consumer_staples,VT,0.005192860118719778,0.42857142857142855,0.0002560994088046347,0.07838271542646791,0.47619047619047616,0.0012579287214737854,0.05494854251621284,0.46825396825396826,0.0004182186432282257,4.0,4.0,5.0
2026-03-27,IXJ,health_care,VT,-0.0002914047942459419,0.5238095238095238,-2.5997826802935465e-05,-0.018297342830625007,0.49206349206349204,-0.0003118047697822901,0.07310177553357744,0.5,0.000566716186029479,6.0,7.0,4.0
2026-03-27,JXI,utilities,VT,0.043332571359019356,0.47619047619047616,0.0022074995910101604,0.12737055243730244,0.6190476190476191,0.002001856276135456,0.1254611735520439,0.5634920634920635,0.0009346672619869869,2.0,2.0,3.0
2026-03-27,REET,real_estate,VT,0.00029836595510668307,0.5238095238095238,-7.746857949987782e-06,0.045036738907066054,0.5714285714285714,0.0007255724852911606,0.002416748074545172,0.49206349206349204,1.0163171538589752e-05,5.0,6.0,7.0
2026-03-27,IXP,communication_services,VT,0.008992537813671486,0.38095238095238093,0.0004569470928778706,-0.032840710342363466,0.4444444444444444,-0.0005555175804072391,-0.07817164828955825,0.4603174603174603,-0.0006366832103368452,3.0,9.0,10.0
2026-03-30,IXN,technology,VT,-0.012837172033370203,0.5238095238095238,-0.0005966248412476727,-0.04389610590425719,0.5238095238095238,-0.000680708160141222,-0.040451244188940194,0.5396825396825397,-0.0002585151282560316,8.0,10.0,9.0
2026-03-30,IXG,financials,VT,0.01539390873279145,0.5714285714285714,0.0007916652236515942,-0.03872575224894992,0.4603174603174603,-0.0006536143267705867,-0.029529541415864058,0.48412698412698413,-0.000235238168306546,3.0,9.0,8.0
2026-03-30,EXI,industrials,VT,-0.033338799892641546,0.38095238095238093,-0.0017428585229327716,0.04632448227696717,0.5555555555555556,0.0007853945715520562,0.036932274099942486,0.5238095238095238,0.0003046755902057655,11.0,6.0,6.0
2026-03-30,IXC,energy,VT,0.21083074428344217,0.6666666666666666,0.009912476064944779,0.4568276082051006,0.6349206349206349,0.00631137976545943,0.38854193185685526,0.5317460317460317,0.002659640828207704,1.0,1.0,1.0
2026-03-30,MXI,materials,VT,-0.027186924509293053,0.42857142857142855,-0.0013458320863875735,0.096670492410599,0.6349206349206349,0.0016308587443940187,0.14569253658049774,0.6190476190476191,0.0011404205872015238,10.0,3.0,2.0
2026-03-30,RXI,consumer_discretionary,VT,-0.026950609979116358,0.47619047619047616,-0.0013985416145435633,-0.0748918067790788,0.3968253968253968,-0.0012945340643305953,-0.10634387241779941,0.3968253968253968,-0.0008846097907281452,9.0,11.0,11.0
2026-03-30,KXI,consumer_staples,VT,-0.00020461365606361248,0.42857142857142855,-2.7944739736329716e-05,0.08548864191082806,0.47619047619047616,0.0013731130633953216,0.06770450394173877,0.47619047619047616,0.000518243207977379,6.0,4.0,5.0
2026-03-30,IXJ,health_care,VT,-0.007826134792109918,0.5238095238095238,-0.0004257304584254958,-0.00958506820879712,0.49206349206349204,-0.0001641905263710593,0.079260611390495,0.5,0.0006171624197850815,7.0,7.0,4.0
2026-03-30,JXI,utilities,VT,0.050676924948012014,0.47619047619047616,0.0025756462499254033,0.14646998656715482,0.6349206349206349,0.002291668220854583,0.13494976676890102,0.5634920634920635,0.0010096777539981988,2.0,2.0,3.0
2026-03-30,REET,real_estate,VT,0.004423795841764333,0.5238095238095238,0.00020797108556665157,0.0510185347382629,0.5714285714285714,0.0008243234918641525,0.005144899854487628,0.49206349206349204,3.1872079384732284e-05,4.0,5.0,7.0
2026-03-30,IXP,communication_services,VT,0.00145241737463786,0.38095238095238093,6.16171995537339e-05,-0.025202167377075813,0.4603174603174603,-0.00042534266457309197,-0.0679828505069856,0.46825396825396826,-0.0005542743840848681,5.0,8.0,10.0
2026-03-31,IXN,technology,VT,-0.00883486684892032,0.5238095238095238,-0.0003445560284961246,-0.03336828452908536,0.5396825396825397,-0.0004692821834325111,-0.03121592289734143,0.5396825396825397,-0.00017131149316053208,5.0,9.0,8.0
2026-03-31,IXG,financials,VT,0.019110605212457554,0.5714285714285714,0.0009425474486269266,-0.040419840198341106,0.4603174603174603,-0.0006608594383254654,-0.03263714940114615,0.47619047619047616,-0.00025435498772053485,3.0,10.0,9.0
2026-03-31,EXI,industrials,VT,-0.03689219986845704,0.38095238095238093,-0.0018598876889907552,0.04988830372649977,0.5555555555555556,0.0008172381374997678,0.040985782255179126,0.5317460317460317,0.0003283076869525692,11.0,5.0,6.0
2026-03-31,IXC,energy,VT,0.14617049249926994,0.6190476190476191,0.00681689130485079,0.40291588337732753,0.6190476190476191,0.005522705613697655,0.3758798817764093,0.5317460317460317,0.0025244563441233596,1.0,1.0,1.0
2026-03-31,MXI,materials,VT,-0.02684541399611029,0.42857142857142855,-0.0012728888246840524,0.11626987114263654,0.6507936507936508,0.0018679943147119485,0.14636211593148696,0.6190476190476191,0.0011185490704610475,10.0,3.0,2.0
2026-03-31,RXI,consumer_discretionary,VT,-0.01798950125807297,0.47619047619047616,-0.0008928026953525448,-0.07518720546419655,0.3968253968253968,-0.0012555057716094992,-0.11310487883737141,0.3888888888888889,-0.0009192831799495659,9.0,11.0,11.0
2026-03-31,KXI,consumer_staples,VT,-0.016009320757901513,0.42857142857142855,-0.0008610061860837412,0.05477804650768825,0.4603174603174603,0.0008561686933342517,0.04233039727218646,0.47619047619047616,0.0003135142220580463,8.0,4.0,5.0
2026-03-31,IXJ,health_care,VT,-0.010695140248928925,0.5238095238095238,-0.0005741594283893637,-0.021229129163338967,0.47619047619047616,-0.0003554447873818301,0.06934591265426127,0.49206349206349204,0.0005274933695092773,6.0,7.0,4.0
2026-03-31,JXI,utilities,VT,0.03078870085072183,0.47619047619047616,0.0015018604487386576,0.11965976049972149,0.6190476190476191,0.0018301476345094078,0.11085971173726716,0.5555555555555556,0.0008135134530735939,2.0,2.0,3.0
2026-03-31,REET,real_estate,VT,-0.01564032711185126,0.47619047619047616,-0.0008352813720633932,0.03064630185013495,0.5555555555555556,0.00047368961622489057,-0.007018649323828452,0.49206349206349204,-6.698324389082658e-05,7.0,6.0,7.0
2026-03-31,IXP,communication_services,VT,0.0033470992766388985,0.42857142857142855,0.00015398397950872584,-0.027987962360570773,0.4603174603174603,-0.0004572838927514941,-0.06672570100251596,0.47619047619047616,-0.0005283812201123104,4.0,8.0,10.0
2026-04-01,IXN,technology,VT,0.001676934625375326,0.5714285714285714,0.00018554040925777309,-0.026219573126158413,0.5555555555555556,-0.00034355063930923714,-0.030331854992563634,0.5396825396825397,-0.00016208596717361509,4.0,8.0,9.0
2026-04-01,IXG,financials,VT,0.01310537931800937,0.5238095238095238,0.0006296411338847772,-0.039744441090105664,0.4603174603174603,-0.0006428309513911025,-0.029493077984049765,0.47619047619047616,-0.0002274802419691065,3.0,10.0,8.0
2026-04-01,EXI,industrials,VT,-0.01895448018775292,0.42857142857142855,-0.0008955183363463158,0.06423218418714571,0.5714285714285714,0.0010312276251329688,0.05394904707878467,0.5317460317460317,0.0004239217029293364,9.0,4.0,4.0
2026-04-01,IXC,energy,VT,0.09604312196577725,0.5714285714285714,0.004472109975985487,0.3381359902031179,0.6031746031746031,0.004724542117055706,0.3398745591228176,0.5317460317460317,0.0023062862953097726,1.0,1.0,1.0
2026-04-01,MXI,materials,VT,-0.0012913722591927357,0.47619047619047616,1.3088112016422318e-05,0.1217376604744983,0.6507936507936508,0.0019309700627339285,0.1523920740095075,0.6190476190476191,0.0011531862971180594,5.0,2.0,2.0
2026-04-01,RXI,consumer_discretionary,VT,-0.018665039000486217,0.47619047619047616,-0.0009023742225339827,-0.07679606109139148,0.3968253968253968,-0.0012706365690448047,-0.10933517380382474,0.3888888888888889,-0.0008799761308516031,8.0,11.0,11.0
2026-04-01,KXI,consumer_staples,VT,-0.02903192241977648,0.38095238095238093,-0.0014887462622061125,0.046304657390949466,0.4603174603174603,0.0007172132110491364,0.03008124167704307,0.46825396825396826,0.00021920835454656743,11.0,5.0,6.0
2026-04-01,IXJ,health_care,VT,-0.016461757880603112,0.5238095238095238,-0.0008393405859187612,-0.019620876025161604,0.49206349206349204,-0.0003254047999605608,0.048881624773325916,0.49206349206349204,0.0003721118203903601,7.0,7.0,5.0
2026-04-01,JXI,utilities,VT,0.028726296965236764,0.42857142857142855,0.0013609081428675848,0.11591833773601656,0.6031746031746031,0.0017587523661890536,0.11060515591238418,0.5555555555555556,0.0008063728373065545,2.0,3.0,3.0
2026-04-01,REET,real_estate,VT,-0.022815018372137397,0.47619047619047616,-0.0011647208882893706,0.030372440346188134,0.5555555555555556,0.00046457896945432844,-0.01030771584489143,0.49206349206349204,-9.243006181954468e-05,10.0,6.0,7.0
2026-04-01,IXP,communication_services,VT,-0.015577708586388073,0.38095238095238093,-0.0007768114380705656,-0.03816500190103034,0.4444444444444444,-0.0006228813644611712,-0.0657781489710404,0.47619047619047616,-0.0005170448838463912,6.0,9.0,10.0
2026-04-02,IXN,technology,VT,-0.00518790090070631,0.5714285714285714,-0.0001599257777344614,-0.02243520442363789,0.5714285714285714,-0.0002798303941847733,-0.032764250285659546,0.5396825396825397,-0.0001837905198549116,5.0,7.0,9.0
2026-04-02,IXG,financials,VT,0.012659970253593666,0.5238095238095238,0.0006144727366022483,-0.04001292550034574,0.4603174603174603,-0.0006444921491311933,-0.018938647812463127,0.48412698412698413,-0.0001448310915764039,3.0,9.0,8.0
2026-04-02,EXI,industrials,VT,-0.021707615760579113,0.38095238095238093,-0.0010450101606607463,0.061274075364961655,0.5555555555555556,0.000982765352575853,0.05503131621592283,0.5317460317460317,0.0004350598434508519,10.0,4.0,4.0
2026-04-02,IXC,energy,VT,0.12507528430582593,0.6190476190476191,0.005811799128570497,0.35666699058491935,0.6031746031746031,0.0049285769526377955,0.36061892022469855,0.5396825396825397,0.0024420903743313876,1.0,1.0,1.0
2026-04-02,MXI,materials,VT,4.3103764178376025e-05,0.47619047619047616,8.066026597951579e-05,0.12058716111761858,0.6507936507936508,0.0019071954696607705,0.1557934660757201,0.6190476190476191,0.0011841110318094115,4.0,3.0,2.0
2026-04-02,RXI,consumer_discretionary,VT,-0.02825182106395485,0.42857142857142855,-0.0013987774374351006,-0.08349006420795291,0.38095238095238093,-0.0013811075845635073,-0.11604720446642147,0.38095238095238093,-0.0009457308630036034,11.0,11.0,11.0
2026-04-02,KXI,consumer_staples,VT,-0.013417576901452732,0.42857142857142855,-0.0007121605978791999,0.05064996944335731,0.4603174603174603,0.0007808445623846583,0.04589596245351335,0.47619047619047616,0.0003399763503792364,7.0,5.0,5.0
2026-04-02,IXJ,health_care,VT,-0.014639033866973405,0.5238095238095238,-0.0007549435229894163,-0.024118136785261535,0.47619047619047616,-0.00039744503547214265,0.015924487560707412,0.48412698412698413,0.00012092636356026306,8.0,8.0,6.0
2026-04-02,JXI,utilities,VT,0.038751545875758686,0.47619047619047616,0.0018567160607970753,0.12281962815883385,0.6031746031746031,0.0018507567122118655,0.11488839887861046,0.5555555555555556,0.000842174412647105,2.0,2.0,3.0
2026-04-02,REET,real_estate,VT,-0.007154209882467399,0.5238095238095238,-0.0003867209071289848,0.03958071317719192,0.5555555555555556,0.000605465970908462,0.0008783967189158748,0.5,-5.076692393025432e-06,6.0,6.0,7.0
2026-04-02,IXP,communication_services,VT,-0.017689804429365075,0.3333333333333333,-0.0008917522802216101,-0.04165166384478536,0.42857142857142855,-0.0006781826770997404,-0.056642519966615734,0.47619047619047616,-0.0004451969529410537,9.0,10.0,10.0
2026-04-06,IXN,technology,VT,-0.005798976686440693,0.5714285714285714,-0.00018265045807095532,-0.020229709905805193,0.5714285714285714,-0.00024426179170120683,-0.034784632534021975,0.5396825396825397,-0.0001990958824050195,6.0,7.0,9.0
2026-04-06,IXG,financials,VT,0.014187194192359032,0.5238095238095238,0.0006780884986750959,-0.03880172103513313,0.4603174603174603,-0.0006256893155885252,-0.013189964582066782,0.49206349206349204,-9.881641757477086e-05,3.0,10.0,8.0
2026-04-06,EXI,industrials,VT,-0.012527515973969172,0.38095238095238093,-0.0005842810019566372,0.05061820575397458,0.5396825396825397,0.0008216557064793402,0.048345826578159556,0.5238095238095238,0.000383957646889171,8.0,5.0,5.0
2026-04-06,IXC,energy,VT,0.10937631020207117,0.6190476190476191,0.00504101534129674,0.33783414814485546,0.6031746031746031,0.004711323542905631,0.37815830562575226,0.5476190476190477,0.002534527924764518,1.0,1.0,1.0
2026-04-06,MXI,materials,VT,0.009845753619667552,0.47619047619047616,0.0005409400365795836,0.1081911507135438,0.6349206349206349,0.0017316333345246421,0.1479245524384012,0.6111111111111112,0.0011269415340493412,4.0,3.0,2.0
2026-04-06,RXI,consumer_discretionary,VT,-0.029742901704042923,0.42857142857142855,-0.0014481447166966627,-0.0777325475784284,0.3968253968253968,-0.0012833116454901556,-0.11213613010827395,0.3888888888888889,-0.0009077816575719597,11.0,11.0,11.0
2026-04-06,KXI,consumer_staples,VT,0.000705665983489423,0.47619047619047616,-1.9815503663446676e-05,0.06025271868513826,0.47619047619047616,0.0009292905395316607,0.05121548107927154,0.48412698412698413,0.0003783186155547783,5.0,4.0,4.0
2026-04-06,IXJ,health_care,VT,-0.011905715112471071,0.5238095238095238,-0.0006177165764758548,-0.02844697243641947,0.47619047619047616,-0.0004695796798363437,0.01001876752009112,0.48412698412698413,7.507841546508653e-05,7.0,8.0,6.0
2026-04-06,JXI,utilities,VT,0.03108757289208397,0.42857142857142855,0.0014662337444950972,0.1121214279913525,0.5873015873015873,0.0017006078770093068,0.11359978952024363,0.5555555555555556,0.0008301609146265081,2.0,2.0,3.0
2026-04-06,REET,real_estate,VT,-0.014413962505891553,0.47619047619047616,-0.0007376771608843905,0.039009771138690086,0.5555555555555556,0.0005982382907252698,0.001629331560679237,0.5,5.683448988340929e-07,9.0,6.0,7.0
2026-04-06,IXP,communication_services,VT,-0.02369886708418545,0.2857142857142857,-0.0011748847023222405,-0.03452573003246717,0.42857142857142855,-0.000560540296246744,-0.059283139278022645,0.47619047619047616,-0.0004653856269205911,10.0,9.0,10.0
2026-04-07,IXN,technology,VT,0.006687968325624016,0.6190476190476191,0.0004160021956925151,-0.014667801431915706,0.5873015873015873,-0.0001548925737707848,-0.026372025711301483,0.5476190476190477,-0.0001319810726254574,5.0,7.0,9.0
2026-04-07,IXG,financials,VT,0.018113872085297356,0.5714285714285714,0.0008544059226046777,-0.045819253078853706,0.4603174603174603,-0.0007514807413119132,-0.016867186277407686,0.49206349206349204,-0.000128332983264298,4.0,10.0,8.0
2026-04-07,EXI,industrials,VT,-0.01385290205036216,0.3333333333333333,-0.0006414138632253703,0.040396429103204956,0.5238095238095238,0.0006678865114181964,0.04423050169833442,0.5158730158730159,0.00035397772365628485,7.0,6.0,4.0
2026-04-07,IXC,energy,VT,0.0949319341849102,0.6190476190476191,0.004356634929933868,0.3360147009790325,0.6031746031746031,0.004721351928549302,0.37464996854087174,0.5476190476190477,0.002519164082910626,1.0,1.0,1.0
2026-04-07,MXI,materials,VT,0.022399020039418627,0.5238095238095238,0.0011221782247156087,0.1052420917912521,0.6349206349206349,0.001700437084051569,0.14853581096717217,0.6111111111111112,0.0011333369631337153,3.0,3.0,2.0
2026-04-07,RXI,consumer_discretionary,VT,-0.040732367827871485,0.38095238095238093,-0.001976049259145058,-0.08740086914048695,0.38095238095238093,-0.0014642965107798547,-0.1222608755172272,0.38095238095238093,-0.0009987396063902156,11.0,11.0,11.0
2026-04-07,KXI,consumer_staples,VT,-0.02407970462429354,0.42857142857142855,-0.0012213092719516897,0.06230175078097944,0.47619047619047616,0.0009691109074666298,0.04112687073050192,0.48412698412698413,0.0003044298075917917,9.0,4.0,5.0
2026-04-07,IXJ,health_care,VT,-0.017532603080123166,0.47619047619047616,-0.0008835475531839938,-0.021100307075550218,0.47619047619047616,-0.00035073009821475837,0.00018410057994877604,0.47619047619047616,-1.5295668450718765e-06,8.0,8.0,7.0
2026-04-07,JXI,utilities,VT,0.02796191499127909,0.42857142857142855,0.0013062951520163859,0.13165254076467037,0.6031746031746031,0.0019954169241216844,0.11014586661376424,0.5555555555555556,0.0008073969591581972,2.0,2.0,3.0
2026-04-07,REET,real_estate,VT,-0.010632679565706793,0.5238095238095238,-0.0005452149134348808,0.04883363208341629,0.5714285714285714,0.0007559740609450379,0.0015146947630555463,0.5,-3.5563058557355975e-07,6.0,5.0,6.0
2026-04-07,IXP,communication_services,VT,-0.02606551294254622,0.2857142857142857,-0.0012754604260913375,-0.032016960546017104,0.42857142857142855,-0.0005230456636911089,-0.051499266959815104,0.48412698412698413,-0.00040227309889991444,10.0,9.0,10.0
2026-04-08,IXN,technology,VT,0.004178992190587483,0.6190476190476191,0.00029941643849015894,-0.008659487299683355,0.5873015873015873,-4.763337351994003e-05,-0.02427159291941261,0.5476190476190477,-0.00010747251623561157,6.0,7.0,9.0
2026-04-08,IXG,financials,VT,0.027073936731006887,0.6190476190476191,0.001250412382207001,-0.04195845851674185,0.47619047619047616,-0.0006678906269925468,-0.011022909266798164,0.5,-7.970569447241302e-05,3.0,9.0,8.0
2026-04-08,EXI,industrials,VT,0.005185134798293856,0.38095238095238093,0.0003002589431338544,0.052637994254773446,0.5238095238095238,0.0008449000064669948,0.06149318508286683,0.5238095238095238,0.00047380435312566725,5.0,5.0,4.0
2026-04-08,IXC,energy,VT,0.03848361713982018,0.6190476190476191,0.0017765202721855926,0.30250253309907893,0.6031746031746031,0.004213111391369461,0.2938869774684998,0.5396825396825397,0.001996630225297777,1.0,1.0,1.0
2026-04-08,MXI,materials,VT,0.031793381804471554,0.5714285714285714,0.0015378388837535522,0.09571731369012992,0.6349206349206349,0.001523997071259716,0.162174965239404,0.6190476190476191,0.0011969117812278794,2.0,3.0,2.0
2026-04-08,RXI,consumer_discretionary,VT,-0.02980925856992145,0.42857142857142855,-0.0013836819292434935,-0.07836569021853501,0.3968253968253968,-0.0012650794609109475,-0.11892291083718975,0.38095238095238093,-0.000938362140106899,10.0,11.0,11.0
2026-04-08,KXI,consumer_staples,VT,-0.030225530310381332,0.42857142857142855,-0.0015038583930560012,0.05947415729023908,0.47619047619047616,0.0008992411500129433,0.04178478638152794,0.48412698412698413,0.00029861175694850274,11.0,4.0,5.0
2026-04-08,IXJ,health_care,VT,-0.029287466638123427,0.42857142857142855,-0.0014450719998767992,-0.04525581833121439,0.4603174603174603,-0.0007435723682776114,-0.004714767970919187,0.47619047619047616,-4.105393915526491e-05,9.0,10.0,7.0
2026-04-08,JXI,utilities,VT,0.009722758471379267,0.42857142857142855,0.00041449839220678947,0.11077095599230002,0.6031746031746031,0.0016467634204798511,0.08341259441941906,0.5476190476190477,0.0005968642286397353,4.0,2.0,3.0
2026-04-08,REET,real_estate,VT,-0.01172803072660955,0.5238095238095238,-0.0005948216062896792,0.04305934239595621,0.5714285714285714,0.0006464326207580712,0.0037412116846406995,0.5,1.4258629625727896e-05,7.0,6.0,6.0
2026-04-08,IXP,communication_services,VT,-0.028063305071291844,0.2857142857142857,-0.0013501170564123033,-0.02903381198095145,0.42857142857142855,-0.00046336825966125563,-0.05859684977683355,0.47619047619047616,-0.00044881464360439397,8.0,8.0,10.0
2026-04-09,IXN,technology,VT,0.0005962797644381013,0.5714285714285714,0.00013097124673125271,-0.014706655530339008,0.5714285714285714,-0.000142575043344397,-0.02447852893526825,0.5476190476190477,-0.00010766105612504252,6.0,7.0,9.0
2026-04-09,IXG,financials,VT,0.02465567777408495,0.6190476190476191,0.0011362713200021367,-0.03151054788484564,0.49206349206349204,-0.0004946794638586777,-0.015129890540087843,0.5,-0.00011006857558189363,3.0,9.0,8.0
2026-04-09,EXI,industrials,VT,0.0035077760086912324,0.38095238095238093,0.0002212210934081532,0.05864181517920164,0.5396825396825397,0.0009285506619610255,0.06543473974291114,0.5317460317460317,0.0004978703934237961,5.0,5.0,4.0
2026-04-09,IXC,energy,VT,0.03969115762537667,0.6190476190476191,0.0018248832585265832,0.3056160476391365,0.6031746031746031,0.004224969778232419,0.27566862544661186,0.5317460317460317,0.0018738734319345043,1.0,1.0,1.0
2026-04-09,MXI,materials,VT,0.02481236110224838,0.5238095238095238,0.0012147215575700596,0.10011423612065795,0.6349206349206349,0.0015767771657909657,0.16050066425494736,0.6190476190476191,0.001176664469449838,2.0,3.0,2.0
2026-04-09,RXI,consumer_discretionary,VT,-0.021305999331395875,0.47619047619047616,-0.0009692749273861508,-0.07018269336169136,0.4126984126984127,-0.001117536516438163,-0.10766642192917819,0.3888888888888889,-0.0008351114326608466,8.0,11.0,11.0
2026-04-09,KXI,consumer_staples,VT,-0.026556443007467734,0.42857142857142855,-0.0013232512063282575,0.06746518773173427,0.47619047619047616,0.001010246250876358,0.028185425871245506,0.47619047619047616,0.00019699988225759695,10.0,4.0,5.0
2026-04-09,IXJ,health_care,VT,-0.02604200824480163,0.42857142857142855,-0.0012859967442131418,-0.061259273525593905,0.4444444444444444,-0.0010039417803942988,-0.013177398107838245,0.46825396825396826,-0.00010478572562014122,9.0,10.0,7.0
2026-04-09,JXI,utilities,VT,0.018114679225759822,0.47619047619047616,0.000803680016079217,0.13029723878897803,0.6190476190476191,0.0019090232104167827,0.08182105358878489,0.5476190476190477,0.0005811087468688053,4.0,2.0,3.0
2026-04-09,REET,real_estate,VT,-0.011790491873238773,0.5238095238095238,-0.0005961261988924988,0.041521709243095506,0.5714285714285714,0.0006191051557378114,0.004375655954189206,0.5,1.882662724940674e-05,7.0,6.0,6.0
2026-04-09,IXP,communication_services,VT,-0.03405934625314355,0.2857142857142857,-0.0016377885067779343,-0.028719617446069656,0.42857142857142855,-0.00045505604360366345,-0.05575827355848206,0.48412698412698413,-0.0004222755510938709,11.0,8.0,10.0
2026-04-10,IXN,technology,VT,-0.0006934175218060723,0.5714285714285714,7.056712771651219e-05,0.0053694948085856176,0.5873015873015873,0.00017258414397946183,-0.029308807384764934,0.5476190476190477,-0.00014685475869476625,6.0,7.0,9.0
2026-04-10,IXG,financials,VT,0.02463258866180551,0.6190476190476191,0.0011332317187369315,-0.04084550803340059,0.47619047619047616,-0.000646862538181096,-0.01363874714200941,0.5,-9.904221122483636e-05,2.0,9.0,7.0
2026-04-10,EXI,industrials,VT,0.005142206113908143,0.38095238095238093,0.00029664282687092927,0.051643166967844545,0.5238095238095238,0.0008247923765657099,0.05822772108162266,0.5238095238095238,0.0004487182456614952,5.0,4.0,4.0
2026-04-10,IXC,energy,VT,0.011824013589260884,0.5714285714285714,0.0005355837336324889,0.27331102956869624,0.5873015873015873,0.0038284641214906463,0.28647962051813924,0.5317460317460317,0.0019468403357715048,4.0,1.0,1.0
2026-04-10,MXI,materials,VT,0.034957934114400846,0.5714285714285714,0.0016773146081455273,0.10578974679667197,0.6349206349206349,0.0016588568591491288,0.17214002462264832,0.626984126984127,0.0012584465818223632,1.0,3.0,2.0
2026-04-10,RXI,consumer_discretionary,VT,-0.022887728617462244,0.47619047619047616,-0.00104353458603776,-0.08419086649617802,0.4126984126984127,-0.0013582133904566738,-0.10215117060076995,0.3968253968253968,-0.0007933813174853558,8.0,11.0,11.0
2026-04-10,KXI,consumer_staples,VT,-0.02715314960989923,0.42857142857142855,-0.001350501028853918,0.03969372869536847,0.4603174603174603,0.0005953789946840715,0.024556581953399714,0.47619047619047616,0.00017180196392845874,9.0,5.0,5.0
2026-04-10,IXJ,health_care,VT,-0.03380419220088693,0.42857142857142855,-0.0016568732944869115,-0.06352905002024833,0.4444444444444444,-0.0010419885417705444,-0.021091772315174673,0.46825396825396826,-0.00016560640803867408,10.0,10.0,8.0
2026-04-10,JXI,utilities,VT,0.020547150547705062,0.47619047619047616,0.0009136149662890876,0.12520309222771253,0.6031746031746031,0.0018389413604812017,0.07751662390827652,0.5396825396825397,0.0005538235867537593,3.0,2.0,3.0
2026-04-10,REET,real_estate,VT,-0.0013986998409847295,0.5714285714285714,-0.00010681090185976363,0.03689021885274135,0.5714285714285714,0.0005490649439490973,0.018549001432317525,0.5079365079365079,0.00012496540818919565,7.0,6.0,6.0
2026-04-10,IXP,communication_services,VT,-0.038099365279973485,0.2857142857142857,-0.0018310448276989291,-0.035872411962813766,0.4126984126984127,-0.0005709051637769249,-0.05700591232801022,0.48412698412698413,-0.0004342660530295752,11.0,8.0,10.0
2026-04-13,IXN,technology,VT,0.015719214803481485,0.6190476190476191,0.0008144778318125328,0.008190631578666174,0.5873015873015873,0.0002172383266167959,-0.0234215840443055,0.5476190476190477,-9.740204068836842e-05,3.0,7.0,8.0
2026-04-13,IXG,financials,VT,0.036259851451935665,0.6666666666666666,0.0016164249173827596,-0.02810353798477805,0.49206349206349204,-0.00043711940622236605,-0.006826024542538667,0.5079365079365079,-4.5846356153946024e-05,1.0,8.0,7.0
2026-04-13,EXI,industrials,VT,0.005734185465141595,0.38095238095238093,0.000311542255219682,0.04469375866771874,0.5079365079365079,0.0007177604782165257,0.06190868616462586,0.5238095238095238,0.0004677808559130579,4.0,4.0,3.0
2026-04-13,IXC,energy,VT,-0.020449535259142282,0.5238095238095238,-0.0009536440616784899,0.26928465612130204,0.5873015873015873,0.0037676736898351153,0.29255571128299107,0.5317460317460317,0.0019563507228717103,6.0,1.0,1.0
2026-04-13,MXI,materials,VT,0.01847847048830098,0.5238095238095238,0.0009051983033338989,0.092506005596795,0.6190476190476191,0.0014634274784799096,0.1725392698806112,0.626984126984127,0.0012436544051918409,2.0,3.0,2.0
2026-04-13,RXI,consumer_discretionary,VT,-0.02407383482626857,0.47619047619047616,-0.0010753766653003264,-0.09311863007776999,0.3968253968253968,-0.001507845037323464,-0.10367218222498387,0.3968253968253968,-0.0007938100610790217,7.0,11.0,11.0
2026-04-13,KXI,consumer_staples,VT,-0.061556281236855526,0.38095238095238093,-0.0029478605158103762,0.018835685931923418,0.4444444444444444,0.00027569815815309083,-5.674313062020708e-05,0.46825396825396826,-1.2101995578945375e-05,11.0,6.0,6.0
2026-04-13,IXJ,health_care,VT,-0.041747487774636216,0.38095238095238093,-0.0019891273456511377,-0.06117681606400116,0.4444444444444444,-0.0009997120769804847,-0.02857337324420106,0.4603174603174603,-0.00022045285951631763,9.0,10.0,9.0
2026-04-13,JXI,utilities,VT,-0.024200237622984178,0.42857142857142855,-0.0011499956573456688,0.1014269032607733,0.5873015873015873,0.001498787656662998,0.053908631422167064,0.5317460317460317,0.00038025436033118515,8.0,2.0,4.0
2026-04-13,REET,real_estate,VT,-0.01862717329873309,0.5238095238095238,-0.0008943993664808623,0.037264124432620616,0.5714285714285714,0.0005526286651525392,0.013166151265962878,0.5079365079365079,8.304875852351563e-05,5.0,5.0,5.0
2026-04-13,IXP,communication_services,VT,-0.04918262163873033,0.23809523809523808,-0.002307992003196197,-0.04123363165190752,0.4126984126984127,-0.0006567944519196791,-0.06967959469368556,0.47619047619047616,-0.0005280202695346224,10.0,9.0,10.0
2026-04-14,IXN,technology,VT,0.026159902517064237,0.6666666666666666,0.0012649999852954478,0.017693037038006176,0.6031746031746031,0.0003641384958907039,0.0010000364473519152,0.5555555555555556,8.306862022583813e-05,3.0,6.0,5.0
2026-04-14,IXG,financials,VT,0.027742092536217955,0.6190476190476191,0.0012143278819562585,-0.029040237958953607,0.49206349206349204,-0.0004496776032366363,-0.021901049038745235,0.5,-0.00015269918914996065,2.0,8.0,7.0
2026-04-14,EXI,industrials,VT,0.0023492771516389066,0.38095238095238093,0.0001531168212769229,0.034233867465204515,0.49206349206349204,0.0005553729687178644,0.053766376591761755,0.5158730158730159,0.00039666397804044486,4.0,5.0,3.0
2026-04-14,IXC,energy,VT,-0.06613883195346448,0.47619047619047616,-0.0030602152235208774,0.2381507936120999,0.5873015873015873,0.0033595446238636538,0.25949679340793197,0.5317460317460317,0.001704392274906845,10.0,1.0,1.0
2026-04-14,MXI,materials,VT,0.029121115575315493,0.5238095238095238,0.001341640607921122,0.0793036373022864,0.6031746031746031,0.0012634619963646514,0.16270041701472415,0.6190476190476191,0.0011422059261581988,1.0,3.0,2.0
2026-04-14,RXI,consumer_discretionary,VT,-0.018644989982874227,0.47619047619047616,-0.0008023669956006563,-0.091178468549859,0.3968253968253968,-0.001462507022714401,-0.0995944159519897,0.40476190476190477,-0.0007299193206677114,5.0,11.0,11.0
2026-04-14,KXI,consumer_staples,VT,-0.08442701875636194,0.3333333333333333,-0.003993251669043836,-0.00016632143803385624,0.42857142857142855,-2.0510925008568018e-05,-0.047162924132492456,0.4603174603174603,-0.0003551318791498655,11.0,7.0,8.0
2026-04-14,IXJ,health_care,VT,-0.05193483711731939,0.3333333333333333,-0.0024310993412233143,-0.06446186886189198,0.4444444444444444,-0.0010477104926910148,-0.05052840875019449,0.4523809523809524,-0.0003741059962862081,9.0,10.0,9.0
2026-04-14,JXI,utilities,VT,-0.04887934190292542,0.38095238095238093,-0.0022755872223158215,0.09679818808131868,0.5873015873015873,0.0014223249365344632,0.01595226052135379,0.5238095238095238,0.00010448791998143637,8.0,2.0,4.0
2026-04-14,REET,real_estate,VT,-0.020497375748819824,0.5238095238095238,-0.0009623438208221435,0.04281494690122667,0.5873015873015873,0.0006319992512311536,-0.002379428772332437,0.5079365079365079,-2.9127948974453737e-05,6.0,4.0,6.0
2026-04-14,IXP,communication_services,VT,-0.039129321239745884,0.2857142857142857,-0.0017883730797406525,-0.031016994475296156,0.42857142857142855,-0.00048521132085241645,-0.06604348216812372,0.47619047619047616,-0.0004780560493331884,7.0,9.0,10.0
2026-04-15,IXN,technology,VT,0.029234468187907092,0.6666666666666666,0.0014111195975101845,0.02710258390382747,0.6031746031746031,0.0005053602541473888,0.0005640958954746811,0.5555555555555556,7.901657676095259e-05,1.0,5.0,6.0
2026-04-15,IXG,financials,VT,0.02529876108482587,0.6190476190476191,0.001116898756069462,-0.020170970407540567,0.5079365079365079,-0.0003069924482582962,-0.012795961100737552,0.5079365079365079,-8.680910916502256e-05,2.0,8.0,7.0
2026-04-15,EXI,industrials,VT,-0.008180450635569825,0.38095238095238093,-0.00032098400376625485,0.017995298696526385,0.47619047619047616,0.00030798780016626557,0.04781334530752468,0.5158730158730159,0.00036082787596637976,4.0,6.0,3.0
2026-04-15,IXC,energy,VT,-0.06867687663274569,0.47619047619047616,-0.0032112469404067374,0.20004663121818433,0.5714285714285714,0.00285137693698926,0.2475446156594654,0.5317460317460317,0.0016532316100672992,10.0,1.0,1.0
2026-04-15,MXI,materials,VT,0.016293164333193166,0.5238095238095238,0.0007888104398082529,0.060595051837252445,0.5873015873015873,0.0009856144376244372,0.13877266425155477,0.6111111111111112,0.0010015590576829213,3.0,3.0,2.0
2026-04-15,RXI,consumer_discretionary,VT,-0.01475519908150047,0.5238095238095238,-0.0006312087095881523,-0.08957336191139631,0.4126984126984127,-0.0014239041962338383,-0.09737311896853551,0.40476190476190477,-0.0007219919124733177,5.0,11.0,11.0
2026-04-15,KXI,consumer_staples,VT,-0.08434853799346076,0.3333333333333333,-0.004028837262913946,-0.016662850860364564,0.4126984126984127,-0.0002769472675231368,-0.034425089232476,0.4603174603174603,-0.0002624900844858748,11.0,7.0,8.0
2026-04-15,IXJ,health_care,VT,-0.05506335610957458,0.3333333333333333,-0.0026036624536245967,-0.07132918742382988,0.4444444444444444,-0.0011533339901667243,-0.03960894637462031,0.4523809523809524,-0.00029513752515343485,9.0,10.0,9.0
2026-04-15,JXI,utilities,VT,-0.05331486733037161,0.38095238095238093,-0.0025063605307818985,0.08179096400088137,0.5714285714285714,0.001199853796076718,0.015918160786118296,0.5238095238095238,0.00010671468735904428,8.0,2.0,4.0
2026-04-15,REET,real_estate,VT,-0.02106167741814935,0.5238095238095238,-0.0009978055243714799,0.03521160173464111,0.5714285714285714,0.0005144136484330112,0.0038984239290627,0.5079365079365079,1.687561916664209e-05,6.0,4.0,5.0
2026-04-15,IXP,communication_services,VT,-0.03195107427158006,0.3333333333333333,-0.0014688200599222263,-0.02107663320751696,0.4444444444444444,-0.0003246185694564534,-0.057809913421768666,0.48412698412698413,-0.0004204003196254705,7.0,9.0,10.0
2026-04-16,IXN,technology,VT,0.03866385325435373,0.6666666666666666,0.0018310509632403003,0.0468536673359663,0.6190476190476191,0.0007980774802927291,0.026007329004630098,0.5634920634920635,0.0002607502926542633,1.0,4.0,4.0
2026-04-16,IXG,financials,VT,0.019390127437262317,0.6190476190476191,0.0008578773499233856,-0.027350338011896014,0.49206349206349204,-0.00041937001360706965,-0.027898186705267003,0.5,-0.000198340909925379,3.0,8.0,7.0
2026-04-16,EXI,industrials,VT,-0.012963757514171448,0.38095238095238093,-0.000540297412498048,0.01199335148634284,0.47619047619047616,0.00021662206062625058,0.03283668044193888,0.5079365079365079,0.000255529961606354,4.0,6.0,3.0
2026-04-16,IXC,energy,VT,-0.0626573013759174,0.47619047619047616,-0.0029260661656873473,0.19222872370713895,0.5714285714285714,0.0027440937144708453,0.27081027425914717,0.5396825396825397,0.0017881749926849152,10.0,1.0,1.0
2026-04-16,MXI,materials,VT,0.020178762826238428,0.5714285714285714,0.000964273695734015,0.048043301349148804,0.5873015873015873,0.000799365307082629,0.13515150361643835,0.6111111111111112,0.00097672198095263,2.0,3.0,2.0
2026-04-16,RXI,consumer_discretionary,VT,-0.013597670524319705,0.5238095238095238,-0.0005795346908632428,-0.08288923897114253,0.4126984126984127,-0.0013094947028640977,-0.10558189255779438,0.3968253968253968,-0.000786448306478218,5.0,10.0,11.0
2026-04-16,KXI,consumer_staples,VT,-0.07612478732196182,0.3333333333333333,-0.00363622988464589,-0.02975045985344349,0.3968253968253968,-0.00048356849830069826,-0.04898323200424226,0.4523809523809524,-0.00037234414190863186,11.0,9.0,8.0
2026-04-16,IXJ,health_care,VT,-0.055198618736337135,0.3333333333333333,-0.002615635327505443,-0.09079222241269425,0.42857142857142855,-0.0014763542433747778,-0.05313722943763377,0.4444444444444444,-0.00039670761787537575,9.0,11.0,10.0
2026-04-16,JXI,utilities,VT,-0.05103962948938734,0.38095238095238093,-0.0024041229035081527,0.07042495457500597,0.5555555555555556,0.0010340644914619667,0.005198570245056322,0.5158730158730159,2.925925093383297e-05,8.0,2.0,5.0
2026-04-16,REET,real_estate,VT,-0.01572638562649753,0.5714285714285714,-0.000753220436196813,0.03378076936731644,0.5714285714285714,0.0004921765011005414,0.00029341834102791786,0.5079365079365079,-9.334487720011815e-06,6.0,5.0,6.0
2026-04-16,IXP,communication_services,VT,-0.018783355121831935,0.38095238095238093,-0.0008577841682387685,-0.009274131857308188,0.4603174603174603,-0.00013881876050149422,-0.049109806936560974,0.48412698412698413,-0.00035294597859908937,7.0,7.0,9.0
2026-04-17,IXN,technology,VT,0.04052436091755629,0.6666666666666666,0.0018656687438500744,0.043527102217235436,0.6190476190476191,0.0007419456750077256,0.023577317707552448,0.5634920634920635,0.00024221801342410438,1.0,3.0,4.0
2026-04-17,IXG,financials,VT,0.016558943808097526,0.5714285714285714,0.0007122010121769495,-0.030247536096372096,0.47619047619047616,-0.00045996423178470746,-0.01940401809884751,0.5,-0.0001341992554284982,3.0,9.0,6.0
2026-04-17,EXI,industrials,VT,-0.018724186391579245,0.38095238095238093,-0.0007741897110931994,0.008078418919326591,0.47619047619047616,0.00015563607970438462,0.04336007576298129,0.5158730158730159,0.0003272440117153834,5.0,6.0,3.0
2026-04-17,IXC,energy,VT,-0.12686984409749902,0.42857142857142855,-0.005912573432689414,0.1529135637855792,0.5714285714285714,0.0022086848253202243,0.21738217303177487,0.5396825396825397,0.0014645826545469193,11.0,1.0,1.0
2026-04-17,MXI,materials,VT,0.03227804777898946,0.5714285714285714,0.0014463668608411448,0.046366501848327024,0.5714285714285714,0.000766676160233113,0.13542364571945642,0.6111111111111112,0.0009713433190921497,2.0,2.0,2.0
2026-04-17,RXI,consumer_discretionary,VT,0.00435730158795411,0.5714285714285714,0.0002339715761810283,-0.07266520881464056,0.42857142857142855,-0.001122850930664554,-0.0952823562775218,0.40476190476190477,-0.0006967396444820304,4.0,10.0,11.0
2026-04-17,KXI,consumer_staples,VT,-0.07197574496017256,0.3333333333333333,-0.003342243697963749,-0.02841354457433276,0.3968253968253968,-0.0004577333057030562,-0.050577225884797405,0.4523809523809524,-0.00038153102529945584,9.0,8.0,9.0
2026-04-17,IXJ,health_care,VT,-0.05013302198421621,0.38095238095238093,-0.002305725940326033,-0.07739960164811632,0.4444444444444444,-0.0012373549838209938,-0.04583667565045979,0.4523809523809524,-0.0003380379118494716,8.0,11.0,8.0
2026-04-17,JXI,utilities,VT,-0.07604626832067796,0.3333333333333333,-0.0035058224579582902,0.043516972687217326,0.5396825396825397,0.0006330360864939905,-0.02266639220825928,0.5079365079365079,-0.0001736954364586234,10.0,4.0,7.0
2026-04-17,REET,real_estate,VT,-0.01899451902084648,0.5238095238095238,-0.000876940953362765,0.03230295787440829,0.5555555555555556,0.0004645695170178635,-0.006257136142012731,0.5,-5.6969274554299234e-05,6.0,5.0,5.0
2026-04-17,IXP,communication_services,VT,-0.02912894278540934,0.38095238095238093,-0.001302729906581561,-0.01218862613583327,0.4603174603174603,-0.00018343945531368576,-0.06374486521345912,0.47619047619047616,-0.0004617342407508463,7.0,7.0,10.0
2026-04-20,IXN,technology,VT,0.03775738472409684,0.6666666666666666,0.0017487520082858524,0.04432389373275858,0.6190476190476191,0.0007550962924517049,0.017725102733866294,0.5634920634920635,0.0002008543257070626,2.0,3.0,4.0
2026-04-20,IXG,financials,VT,0.011363076037280484,0.5238095238095238,0.0004869094222909254,-0.03351634227760791,0.4603174603174603,-0.0005124426141483671,-0.008337714474907498,0.5,-5.4410497380887245e-05,3.0,9.0,6.0
2026-04-20,EXI,industrials,VT,-0.00792370124464803,0.42857142857142855,-0.00029521643592625305,0.003872298944643804,0.47619047619047616,9.180954639123651e-05,0.042691861517463625,0.5158730158730159,0.0003225406669794372,5.0,6.0,3.0
2026-04-20,IXC,energy,VT,-0.13854462671369316,0.42857142857142855,-0.006507319288101337,0.15293206435381324,0.5714285714285714,0.0022136242646487512,0.23349364819049123,0.5476190476190477,0.001559984991666119,11.0,1.0,1.0
2026-04-20,MXI,materials,VT,0.049150261640775295,0.5714285714285714,0.002154332395567758,0.05172580691941797,0.5714285714285714,0.0008460146601697529,0.12339900260268255,0.6031746031746031,0.000893826181701397,1.0,2.0,2.0
2026-04-20,RXI,consumer_discretionary,VT,0.00585940971029264,0.5714285714285714,0.0002996013331710052,-0.0682094498860697,0.42857142857142855,-0.0010530669110227742,-0.09778242139195337,0.40476190476190477,-0.0007161155742754125,4.0,10.0,11.0
2026-04-20,KXI,consumer_staples,VT,-0.06542500489713365,0.38095238095238093,-0.0030367485542142714,-0.02545448761075897,0.4126984126984127,-0.00041252015089601616,-0.054574216192466274,0.4523809523809524,-0.0004115916452150749,9.0,8.0,8.0
2026-04-20,IXJ,health_care,VT,-0.05591248159012063,0.38095238095238093,-0.0025728018693878187,-0.0806845490493373,0.4444444444444444,-0.00129407185439832,-0.05864090356691665,0.4444444444444444,-0.00043419210905519865,8.0,11.0,9.0
2026-04-20,JXI,utilities,VT,-0.0768121780201243,0.3333333333333333,-0.003543664691349617,0.04131386015218297,0.5238095238095238,0.0006023058751350567,-0.024470313221522044,0.5,-0.00018685611081864948,10.0,4.0,7.0
2026-04-20,REET,real_estate,VT,-0.014059533785980127,0.5714285714285714,-0.0006567053446956459,0.025956435692477298,0.5555555555555556,0.0003707709190753343,-0.004550379580768871,0.5,-4.461829174298759e-05,6.0,5.0,5.0
2026-04-20,IXP,communication_services,VT,-0.03026276559122043,0.38095238095238093,-0.0013543355370497462,-0.010014015806699916,0.4603174603174603,-0.000150379591979538,-0.06841547684570282,0.46825396825396826,-0.0004971404085003041,7.0,7.0,10.0
2026-04-21,IXN,technology,VT,0.058427609558631355,0.7142857142857143,0.0025841483109707414,0.0690455717739622,0.6349206349206349,0.001101202239569801,0.03007034936781583,0.5714285714285714,0.0002903089544531366,1.0,2.0,4.0
2026-04-21,IXG,financials,VT,0.0003636550118195636,0.5238095238095238,1.2399092654174254e-05,-0.03213881946595687,0.47619047619047616,-0.0004881744844428112,-0.003537847448056075,0.5079365079365079,-2.0154103568225167e-05,4.0,8.0,5.0
2026-04-21,EXI,industrials,VT,-0.015719550578845665,0.42857142857142855,-0.0006310051099433263,-0.0036861854564387286,0.47619047619047616,-2.1349300053981094e-05,0.03610574534358202,0.5158730158730159,0.00028186859348882325,6.0,6.0,3.0
2026-04-21,IXC,energy,VT,-0.13187406266996649,0.42857142857142855,-0.006098698726484032,0.16368194201052866,0.5714285714285714,0.002345883217913172,0.2552226015068302,0.5476190476190477,0.001709575204675766,11.0,1.0,1.0
2026-04-21,MXI,materials,VT,0.04285560640268993,0.5714285714285714,0.0018740434621122054,0.018443368217492706,0.5555555555555556,0.00035901039661639494,0.12402701704342389,0.6031746031746031,0.0009109072834959556,2.0,4.0,2.0
2026-04-21,RXI,consumer_discretionary,VT,0.0025060563376047007,0.5238095238095238,0.00015359348106271824,-0.06590078704264613,0.42857142857142855,-0.001010360882547286,-0.10391136687102054,0.3968253968253968,-0.000776763429478684,3.0,10.0,11.0
2026-04-21,KXI,consumer_staples,VT,-0.07898867091210016,0.3333333333333333,-0.0036321462228533496,-0.04824297681408585,0.3968253968253968,-0.0007656353635195971,-0.06887377191775523,0.4444444444444444,-0.000528848142284378,10.0,9.0,9.0
2026-04-21,IXJ,health_care,VT,-0.06872489255337899,0.3333333333333333,-0.0031320913956670794,-0.09606758604730092,0.42857142857142855,-0.0015382967164622615,-0.06331241187554859,0.4365079365079365,-0.00047649352220623613,9.0,11.0,8.0
2026-04-21,JXI,utilities,VT,-0.06288355234285836,0.3333333333333333,-0.0028835161252372585,0.027604206907139828,0.5079365079365079,0.0004002434080335878,-0.024424859954164546,0.5,-0.00018865582757647084,8.0,3.0,7.0
2026-04-21,REET,real_estate,VT,-0.007922394644042985,0.5714285714285714,-0.0003898135205101675,0.01722104493398624,0.5396825396825397,0.0002406517481249456,-0.011660445934218888,0.49206349206349204,-9.695155871748353e-05,5.0,5.0,6.0
2026-04-21,IXP,communication_services,VT,-0.036344972285026866,0.38095238095238093,-0.001610186437872992,-0.010594136618949035,0.4603174603174603,-0.00015819724379378334,-0.07216577815587866,0.46825396825396826,-0.000534377361105629,7.0,7.0,10.0
2026-04-22,IXN,technology,VT,0.07065032449438813,0.7142857142857143,0.0031185156181970826,0.08372021158647902,0.6349206349206349,0.0013156888463725083,0.045723108783176425,0.5714285714285714,0.00040297144303910254,1.0,2.0,3.0
2026-04-22,IXG,financials,VT,-0.01154404156616895,0.5238095238095238,-0.0005139310504922339,-0.038540720558935426,0.47619047619047616,-0.0005899246867073824,-0.019034976256509184,0.5,-0.0001348421786498243,3.0,8.0,5.0
2026-04-22,EXI,industrials,VT,-0.026335648384970156,0.38095238095238093,-0.0011180715332245396,-0.014122125513149175,0.4603174603174603,-0.00018308417182771433,0.027977165573185525,0.5079365079365079,0.00022406530530394165,6.0,7.0,4.0
2026-04-22,IXC,energy,VT,-0.1176774920439011,0.47619047619047616,-0.0054363173234311625,0.15437285087160957,0.5714285714285714,0.0022267175125548645,0.26181890817107223,0.5555555555555556,0.001750190886568923,11.0,1.0,1.0
2026-04-22,MXI,materials,VT,0.03425234381624276,0.5714285714285714,0.001513350839038305,0.014417512589758097,0.5555555555555556,0.0002983951710129082,0.12475279781424575,0.6031746031746031,0.0009164433145774589,2.0,4.0,2.0
2026-04-22,RXI,consumer_discretionary,VT,-0.017886987420754785,0.47619047619047616,-0.0007580599470398818,-0.08496972457932095,0.4126984126984127,-0.0013285634498356065,-0.11276806315243404,0.3968253968253968,-0.0008494575573025574,5.0,10.0,11.0
2026-04-22,KXI,consumer_staples,VT,-0.06664858447383248,0.3333333333333333,-0.0030734276907022854,-0.04080655636559016,0.3968253968253968,-0.0006488803945284485,-0.06023817464649506,0.4444444444444444,-0.00046213572513573034,10.0,9.0,8.0
2026-04-22,IXJ,health_care,VT,-0.06324086808728269,0.3333333333333333,-0.002895377330560302,-0.10657098033718093,0.4126984126984127,-0.001720749434139075,-0.07031597745490936,0.4365079365079365,-0.0005316020089543386,9.0,11.0,9.0
2026-04-22,JXI,utilities,VT,-0.062124374437872554,0.3333333333333333,-0.002867602433513303,0.028660384831897145,0.5079365079365079,0.00041735416353570553,-0.02196697696822736,0.5,-0.00017041333098371638,8.0,3.0,6.0
2026-04-22,REET,real_estate,VT,-0.015378145163039925,0.5714285714285714,-0.0007194030087826196,0.01131503123651778,0.5396825396825397,0.00015357819855230765,-0.027345960753362153,0.49206349206349204,-0.0002136162324188278,4.0,5.0,7.0
2026-04-22,IXP,communication_services,VT,-0.029067012432519412,0.38095238095238093,-0.001288473260823539,-0.012261431157797986,0.4444444444444444,-0.0001845267214342947,-0.07689275074178514,0.4603174603174603,-0.000572341063756478,7.0,6.0,10.0
2026-04-23,IXN,technology,VT,0.06468194703159158,0.7142857142857143,0.00287859039277719,0.06937009656329285,0.6190476190476191,0.0011257823711682234,0.03610735219792005,0.5714285714285714,0.0003371534459732487,1.0,2.0,3.0
2026-04-23,IXG,financials,VT,-0.01657777061021859,0.47619047619047616,-0.0007376854977529194,-0.04192112057645614,0.4603174603174603,-0.0006510487286676753,-0.022514543588685765,0.49206349206349204,-0.000161172715364589,5.0,9.0,7.0
2026-04-23,EXI,industrials,VT,-0.016232189631174565,0.38095238095238093,-0.0006652013744554443,0.007383005578784685,0.47619047619047616,0.00014653568976342858,0.035414615929467264,0.5079365079365079,0.00027773777557331115,4.0,6.0,4.0
2026-04-23,IXC,energy,VT,-0.12449338171160984,0.47619047619047616,-0.005787275027283293,0.1774588214727515,0.5873015873015873,0.0025576539792534652,0.28175790386467336,0.5634920634920635,0.001872878243867364,11.0,1.0,1.0
2026-04-23,MXI,materials,VT,0.012021455136843384,0.5238095238095238,0.0005545325935027566,0.01217061462997604,0.5555555555555556,0.0002671565917909129,0.14109187589864192,0.6031746031746031,0.0010249124651015124,2.0,5.0,2.0
2026-04-23,RXI,consumer_discretionary,VT,-0.02340271396580773,0.47619047619047616,-0.0010039965653797342,-0.09227669572976882,0.3968253968253968,-0.0014675906723128898,-0.12673474756713532,0.3888888888888889,-0.0009675375932287067,7.0,10.0,11.0
2026-04-23,KXI,consumer_staples,VT,-0.053311949678567894,0.3333333333333333,-0.002452956988761658,-0.016382081475056598,0.4126984126984127,-0.00026907435297775077,-0.03649055726644357,0.4523809523809524,-0.00028161953317044447,9.0,7.0,8.0
2026-04-23,IXJ,health_care,VT,-0.06523575736017762,0.3333333333333333,-0.00299270702289431,-0.09909240644374961,0.42857142857142855,-0.0016145795030047107,-0.06938539378950881,0.4365079365079365,-0.0005264850303936548,10.0,11.0,9.0
2026-04-23,JXI,utilities,VT,-0.04467570497333906,0.3333333333333333,-0.0020547707016402056,0.06420547232196716,0.5238095238095238,0.0009487799607377012,0.015835194027532973,0.5079365079365079,0.00010755003439080272,8.0,3.0,5.0
2026-04-23,REET,real_estate,VT,-0.00014369113939394218,0.5714285714285714,-4.353011910798071e-05,0.04062900221402366,0.5555555555555556,0.0005957693386654069,-0.007956344638645252,0.5,-6.993345169553105e-05,3.0,4.0,6.0
2026-04-23,IXP,communication_services,VT,-0.017434935439595733,0.42857142857142855,-0.0007706520209185116,-0.02003847067764597,0.4444444444444444,-0.0003106209809500412,-0.07056873681200426,0.46825396825396826,-0.0005251134851914605,6.0,8.0,10.0
2026-04-24,IXN,technology,VT,0.09305108061618128,0.7619047619047619,0.004066098584524568,0.08722678340163914,0.6190476190476191,0.001379188597468961,0.06374276692646985,0.5793650793650794,0.0005279860516899606,1.0,2.0,3.0
2026-04-24,IXG,financials,VT,-0.025767347167584775,0.47619047619047616,-0.001153033677615439,-0.04314621293205512,0.4603174603174603,-0.0006673278612733575,-0.03376852169519595,0.48412698412698413,-0.0002429097177130364,5.0,9.0,7.0
2026-04-24,EXI,industrials,VT,-0.026323556240110957,0.3333333333333333,-0.0011222179774428773,0.005060173303367277,0.47619047619047616,0.0001099692241061189,0.035723113687180286,0.5079365079365079,0.00027608938204619853,6.0,5.0,4.0
2026-04-24,IXC,energy,VT,-0.12380110954218249,0.47619047619047616,-0.005759781068811413,0.15181990392301392,0.5714285714285714,0.0022034153398129913,0.24263129122075222,0.5555555555555556,0.0016231904736466669,11.0,1.0,1.0
2026-04-24,MXI,materials,VT,-0.004815384199631234,0.47619047619047616,-0.00019337702884515364,-0.005510715777568231,0.5396825396825397,-5.53455932738263e-06,0.1343774826599642,0.5952380952380952,0.0009704338196092418,3.0,6.0,2.0
2026-04-24,RXI,consumer_discretionary,VT,-0.02651694269985705,0.42857142857142855,-0.001146843752103737,-0.09143268443770758,0.3968253968253968,-0.001444335931981954,-0.129682350010077,0.3888888888888889,-0.00097904427651849,7.0,10.0,11.0
2026-04-24,KXI,consumer_staples,VT,-0.05790597820112953,0.3333333333333333,-0.002670252612045771,-0.02640204402904578,0.3968253968253968,-0.0004247033573527636,-0.0526248900924251,0.4444444444444444,-0.00040018114154026925,9.0,7.0,8.0
2026-04-24,IXJ,health_care,VT,-0.08597286843364838,0.2857142857142857,-0.003979099838801911,-0.11393047657072897,0.42857142857142855,-0.0018569356176805166,-0.09655184753267143,0.42857142857142855,-0.0007322899661139231,10.0,11.0,10.0
2026-04-24,JXI,utilities,VT,-0.04870613645454158,0.3333333333333333,-0.0022437570307446103,0.06017582497560792,0.5238095238095238,0.0008846321374233282,0.005352896336363155,0.5,3.088209801127826e-05,8.0,3.0,5.0
2026-04-24,REET,real_estate,VT,-0.003338483471241327,0.5714285714285714,-0.0001839969417857986,0.02785519023565808,0.5396825396825397,0.000402511590373538,-0.030335873293792615,0.49206349206349204,-0.00023432177913672368,2.0,4.0,6.0
2026-04-24,IXP,communication_services,VT,-0.020425868348173948,0.42857142857142855,-0.0009059147198474142,-0.030765459717872368,0.42857142857142855,-0.00047762796674974715,-0.0730462658371045,0.46825396825396826,-0.0005380896781876374,4.0,8.0,9.0
2026-04-27,IXN,technology,VT,0.11810681824215963,0.8095238095238095,0.004960207879190349,0.08814266680692384,0.6190476190476191,0.0013976425276619481,0.06272934227248239,0.5793650793650794,0.0005237151285108832,1.0,2.0,3.0
2026-04-27,IXG,financials,VT,-0.02870058907311268,0.47619047619047616,-0.001255447637778549,-0.038683110699354706,0.47619047619047616,-0.0005989161602124241,-0.02413670588386707,0.49206349206349204,-0.0001723112921003897,6.0,9.0,6.0
2026-04-27,EXI,industrials,VT,-0.0254100488903799,0.3333333333333333,-0.0010625283534107283,0.005008347507949873,0.47619047619047616,0.00010971684573870614,0.027043001205287576,0.5,0.0002159891682598225,5.0,5.0,4.0
2026-04-27,IXC,energy,VT,-0.15800165347933426,0.42857142857142855,-0.007328945701560148,0.15297827222080818,0.5714285714285714,0.002228282941316816,0.22826516757475934,0.5476190476190477,0.0015460956454976611,11.0,1.0,1.0
2026-04-27,MXI,materials,VT,-0.01008845626399224,0.42857142857142855,-0.00041678915907081943,-0.009279627121982159,0.5238095238095238,-6.423902438614862e-05,0.12643930135105674,0.5873015873015873,0.0009244423096551143,2.0,6.0,2.0
2026-04-27,RXI,consumer_discretionary,VT,-0.036942459846036835,0.38095238095238093,-0.001583903245065907,-0.08810508460792332,0.3968253968253968,-0.0013950296144069072,-0.13293714103890086,0.3888888888888889,-0.0010128952644877962,7.0,10.0,11.0
2026-04-27,KXI,consumer_staples,VT,-0.08238579477280239,0.2857142857142857,-0.0037372932543892597,-0.03165486886333824,0.3968253968253968,-0.0005086498760668499,-0.05416920157343075,0.4444444444444444,-0.00041412334726890137,9.0,7.0,8.0
2026-04-27,IXJ,health_care,VT,-0.10919819092387206,0.23809523809523808,-0.004990657513497566,-0.12142758273064247,0.4126984126984127,-0.0019957605336411886,-0.09542602845765258,0.42857142857142855,-0.0007281121637325138,10.0,11.0,10.0
2026-04-27,JXI,utilities,VT,-0.06540705899644839,0.2857142857142857,-0.0029525270762804593,0.05371983693500404,0.5079365079365079,0.0007939363051553529,0.012543131560872167,0.5,8.326140067445507e-05,8.0,3.0,5.0
2026-04-27,REET,real_estate,VT,-0.021168837984085753,0.5238095238095238,-0.0009518140650937616,0.03059804581473191,0.5396825396825397,0.00044556878245282673,-0.026632616652115804,0.49206349206349204,-0.00020795047064235572,4.0,4.0,7.0
2026-04-27,IXP,communication_services,VT,-0.017419162284020517,0.42857142857142855,-0.0007634009960419698,-0.03803151669195737,0.4126984126984127,-0.0005954845503180157,-0.06875514221935197,0.46825396825396826,-0.0005082177696305846,3.0,8.0,9.0
2026-04-28,IXN,technology,VT,0.10928337974857172,0.8095238095238095,0.00458529217681067,0.06297152503610426,0.6031746031746031,0.0010505386583207052,0.03808004096367279,0.5714285714285714,0.0003557824128378497,1.0,2.0,3.0
2026-04-28,IXG,financials,VT,-0.014171544981462558,0.5238095238095238,-0.0006140079185755447,-0.02822192260472156,0.49206349206349204,-0.0004391516575094614,-0.01622993918987392,0.49206349206349204,-0.00011527640211590244,3.0,8.0,7.0
2026-04-28,EXI,industrials,VT,-0.02541489949085407,0.3333333333333333,-0.0010550379672973607,0.0013640097424778563,0.4603174603174603,5.4232294028873296e-05,0.0256709520795384,0.5,0.00020861160171327232,5.0,5.0,4.0
2026-04-28,IXC,energy,VT,-0.16842375235674512,0.42857142857142855,-0.007789816511760351,0.16529783548027566,0.5714285714285714,0.002423038341178737,0.2692322156496736,0.5555555555555556,0.001808499356286388,11.0,1.0,1.0
2026-04-28,MXI,materials,VT,-0.04064891937118542,0.38095238095238093,-0.00174365948730885,-0.022246365323807638,0.5079365079365079,-0.0002691801275179198,0.11916526932621663,0.5873015873015873,0.0008876199975901675,7.0,7.0,2.0
2026-04-28,RXI,consumer_discretionary,VT,-0.028540473900146912,0.38095238095238093,-0.001208303162564103,-0.08452118774526274,0.3968253968253968,-0.0013541911427122628,-0.12838141047826468,0.3888888888888889,-0.0009877451946352551,6.0,10.0,11.0
2026-04-28,KXI,consumer_staples,VT,-0.09068744547323249,0.2857142857142857,-0.004090440261589667,-0.019660546144553925,0.4126984126984127,-0.00032397456236823687,-0.03196554779478622,0.4523809523809524,-0.00024854285487606916,9.0,6.0,8.0
2026-04-28,IXJ,health_care,VT,-0.1050816005155204,0.23809523809523808,-0.0047557309471014135,-0.0997950705533126,0.42857142857142855,-0.0016477654453996092,-0.08165299411163973,0.4365079365079365,-0.0006266717957021057,10.0,11.0,10.0
2026-04-28,JXI,utilities,VT,-0.07253844709422097,0.2857142857142857,-0.0032520302075681566,0.05377764869044688,0.5079365079365079,0.0008042004116614096,0.02029262464009829,0.5,0.0001404698057268752,8.0,3.0,5.0
2026-04-28,REET,real_estate,VT,-0.013475180344661553,0.5238095238095238,-0.0006078099828764827,0.04632705878257881,0.5555555555555556,0.0006885265215128944,-0.010537871186471648,0.5,-8.950666631913589e-05,2.0,4.0,6.0
2026-04-28,IXP,communication_services,VT,-0.016362453541711286,0.47619047619047616,-0.0007120039083971916,-0.03025563234243578,0.42857142857142855,-0.00047820823225631584,-0.06985644451414297,0.46825396825396826,-0.0005235410715718335,4.0,9.0,9.0
2026-04-29,IXN,technology,VT,0.13642629557295782,0.8571428571428571,0.005628269334060301,0.06059437087981645,0.6031746031746031,0.0010167465440191793,0.03576922399716964,0.5714285714285714,0.00034167056790271896,1.0,2.0,3.0
2026-04-29,IXG,financials,VT,-0.02735239920450372,0.47619047619047616,-0.001191086551864094,-0.02637360058131477,0.49206349206349204,-0.000410390284281588,-0.013545078303640823,0.49206349206349204,-9.625210558308057e-05,4.0,7.0,7.0
2026-04-29,EXI,industrials,VT,-0.023088826385647465,0.3333333333333333,-0.0009541876705434387,0.004446043880830031,0.4603174603174603,0.00010198993914914456,0.025361438698428884,0.5,0.00020936548147722773,2.0,5.0,4.0
2026-04-29,IXC,energy,VT,-0.14505478807662175,0.47619047619047616,-0.006614737088245089,0.18107188776254812,0.5714285714285714,0.0026400932260280123,0.3061905770319129,0.5634920634920635,0.0020492245344327408,11.0,1.0,1.0
2026-04-29,MXI,materials,VT,-0.06305893321392309,0.3333333333333333,-0.002750167084621872,-0.036179204320558545,0.49206349206349204,-0.0004924273936860897,0.12368539537447076,0.5873015873015873,0.0009295534895057966,7.0,9.0,2.0
2026-04-29,RXI,consumer_discretionary,VT,-0.03291921578982948,0.3333333333333333,-0.001401481015906367,-0.0781615052693505,0.3968253968253968,-0.0012494504041827784,-0.12840468548588857,0.38095238095238093,-0.0010025331555558199,6.0,10.0,11.0
2026-04-29,KXI,consumer_staples,VT,-0.1033427928740589,0.23809523809523808,-0.0046865116891109185,-0.016366380301051198,0.4126984126984127,-0.0002724350843505639,-0.023445872809571222,0.4523809523809524,-0.00018594262495133474,8.0,6.0,8.0
2026-04-29,IXJ,health_care,VT,-0.12071002946362674,0.19047619047619047,-0.0055022324812333875,-0.09423564182633526,0.42857142857142855,-0.001555755629655712,-0.07877413960652246,0.4365079365079365,-0.0006114882949415893,10.0,11.0,10.0
2026-04-29,JXI,utilities,VT,-0.10409061618398896,0.23809523809523808,-0.004721148249074843,0.03844537783077784,0.49206349206349204,0.0005790052948952663,0.012998142874402596,0.5,9.031137999254085e-05,9.0,4.0,5.0
2026-04-29,REET,real_estate,VT,-0.027627483985952273,0.47619047619047616,-0.001224773092239419,0.04540168558782387,0.5555555555555556,0.0006762059038773533,-0.010074590136504025,0.5,-8.64061289148198e-05,5.0,3.0,6.0
2026-04-29,IXP,communication_services,VT,-0.0232119927500698,0.47619047619047616,-0.0010115810818543164,-0.030566627188516216,0.42857142857142855,-0.0004840909043944082,-0.07766155498419536,0.46825396825396826,-0.000594776922348053,3.0,8.0,9.0
2026-04-30,IXN,technology,VT,0.10974343067773407,0.8095238095238095,0.0046368444615863405,0.07218266402902729,0.6031746031746031,0.0011663935221100327,0.013671034440237984,0.5634920634920635,0.00017743877266155003,1.0,2.0,5.0
2026-04-30,IXG,financials,VT,-0.024696311458336062,0.5238095238095238,-0.001088134676641975,-0.03891243366460739,0.49206349206349204,-0.0006038789414641513,-0.013551367396071212,0.5,-9.482805761505653e-05,5.0,8.0,8.0
2026-04-30,EXI,industrials,VT,-0.010856776658573652,0.3333333333333333,-0.00041804777683209675,0.0075168817084767525,0.4603174603174603,0.0001517654341209503,0.046710079436155016,0.5079365079365079,0.00036117620637336116,3.0,5.0,3.0
2026-04-30,IXC,energy,VT,-0.1070038238854315,0.47619047619047616,-0.00483111390547211,0.1663275790653782,0.5555555555555556,0.0024073634674341205,0.3168068291490158,0.5634920634920635,0.0020843215656669834,11.0,1.0,1.0
2026-04-30,MXI,materials,VT,-0.055930436072332945,0.3333333333333333,-0.0024615171772836273,-0.03213717960834539,0.49206349206349204,-0.00041680973262823973,0.13257579750582105,0.5873015873015873,0.0009774316365989495,7.0,7.0,2.0
2026-04-30,RXI,consumer_discretionary,VT,-0.03068779002591615,0.38095238095238093,-0.001321441587739915,-0.08050738857186879,0.3968253968253968,-0.0012680382941128905,-0.1277904302837337,0.3888888888888889,-0.0009818651277950724,6.0,10.0,11.0
2026-04-30,KXI,consumer_staples,VT,-0.06804642055568255,0.2857142857142857,-0.0030672257458068835,-0.015475875798349747,0.4126984126984127,-0.00025329326810237464,-0.009509936682656539,0.4603174603174603,-7.875932738096416e-05,9.0,6.0,7.0
2026-04-30,IXJ,health_care,VT,-0.0996386591851236,0.23809523809523808,-0.004549630206043,-0.08854419099749211,0.42857142857142855,-0.0014320285451545729,-0.06020900219989023,0.4444444444444444,-0.000455315044841717,10.0,11.0,9.0
2026-04-30,JXI,utilities,VT,-0.06532029035111186,0.2857142857142857,-0.0029313837089216584,0.04950428993632228,0.49206349206349204,0.0007374654488854233,0.03667514451424769,0.5079365079365079,0.00026142250870032934,8.0,3.0,4.0
2026-04-30,REET,real_estate,VT,-0.006835133806879501,0.5238095238095238,-0.00030360896517712623,0.03450947075435096,0.5555555555555556,0.0005039510883766665,0.010508796061202919,0.5079365079365079,6.571895281867967e-05,2.0,4.0,6.0
2026-04-30,IXP,communication_services,VT,-0.017982439170017184,0.47619047619047616,-0.0007913381716902241,-0.05682639438589554,0.42857142857142855,-0.0009038641342624506,-0.07302116513568446,0.47619047619047616,-0.0005484483472375416,4.0,9.0,10.0
2026-05-01,IXN,technology,VT,0.11448829333690314,0.8095238095238095,0.004861500052734187,0.09377516970583066,0.6190476190476191,0.0014600771714367675,0.01625201346828331,0.5634920634920635,0.0001962850341781953,1.0,2.0,6.0
2026-05-01,IXG,financials,VT,-0.030737446159473825,0.5238095238095238,-0.0013686239878825588,-0.048146580135422834,0.47619047619047616,-0.00074364306487966,-0.008568331981139155,0.5,-5.810265549928704e-05,4.0,8.0,8.0
2026-05-01,EXI,industrials,VT,-0.033798943030183715,0.2857142857142857,-0.0014603126158814364,-0.007630230721191067,0.4444444444444444,-7.890040080788239e-05,0.040025734165343385,0.5079365079365079,0.0003131455295036919,6.0,6.0,3.0
2026-05-01,IXC,energy,VT,-0.07999443953420582,0.47619047619047616,-0.0035925295013463695,0.13886140715441408,0.5396825396825397,0.0020223691863260305,0.28742598025412014,0.5555555555555556,0.0019110027614621986,10.0,1.0,1.0
2026-05-01,MXI,materials,VT,-0.07041108437277566,0.2857142857142857,-0.003161679924508733,-0.005016847673016134,0.49206349206349204,-5.422803133906899e-06,0.13042119553889053,0.5873015873015873,0.0009607359435444154,8.0,5.0,2.0
2026-05-01,RXI,consumer_discretionary,VT,-0.03258982168986169,0.38095238095238093,-0.001417858176730447,-0.08941843933052418,0.38095238095238093,-0.0014013965452381659,-0.125499461966616,0.3888888888888889,-0.0009599417048016494,5.0,10.0,11.0
2026-05-01,KXI,consumer_staples,VT,-0.06010639166922083,0.2857142857142857,-0.0027205625150055943,-0.03496177825516944,0.3968253968253968,-0.0005545264398233829,0.007755317020389674,0.4603174603174603,4.689011628175984e-05,7.0,7.0,7.0
2026-05-01,IXJ,health_care,VT,-0.10643805069739987,0.19047619047619047,-0.004918919357053676,-0.10801995861391556,0.4126984126984127,-0.001743123673692064,-0.060289380249221036,0.4444444444444444,-0.00045474043619007985,11.0,11.0,9.0
2026-05-01,JXI,utilities,VT,-0.07102785469492967,0.2857142857142857,-0.003222939884129964,0.03839760366828937,0.47619047619047616,0.0005685501586893237,0.02984516067709997,0.5079365079365079,0.0002120948951591474,9.0,3.0,4.0
2026-05-01,REET,real_estate,VT,-0.010492643004776703,0.47619047619047616,-0.0004680421008116915,0.023958089387335457,0.5396825396825397,0.00034316771806465495,0.027416987491671874,0.5079365079365079,0.00018594876255220496,2.0,4.0,5.0
2026-05-01,IXP,communication_services,VT,-0.01342879419082843,0.47619047619047616,-0.0005933217794825009,-0.0614283600105755,0.4126984126984127,-0.0009682526763125916,-0.07687630051248884,0.46825396825396826,-0.0005771945470295139,3.0,9.0,10.0
2026-05-04,IXN,technology,VT,0.1216189761394737,0.8095238095238095,0.005160417459404997,0.09968252599181215,0.6190476190476191,0.0015566602017233944,0.030375996986816034,0.5714285714285714,0.00029666840098630496,1.0,2.0,3.0
2026-05-04,IXG,financials,VT,-0.03803886577564519,0.47619047619047616,-0.0017029303173327123,-0.05848564172677828,0.4603174603174603,-0.0009188888379052219,-0.02687855095324343,0.49206349206349204,-0.00019339977869119857,5.0,9.0,8.0
2026-05-04,EXI,industrials,VT,-0.038476320548954224,0.2857142857142857,-0.001676417992251748,-0.017427283773221225,0.42857142857142855,-0.00023188146781505205,0.026184331425821217,0.5,0.0002147130576321684,6.0,5.0,4.0
2026-05-04,IXC,energy,VT,-0.08117518079976926,0.47619047619047616,-0.003665100656107029,0.17913015464341275,0.5555555555555556,0.0025765555855721727,0.3016987566389384,0.5555555555555556,0.001988329644465557,9.0,1.0,1.0
2026-05-04,MXI,materials,VT,-0.07786812955395539,0.2857142857142857,-0.0035208908448792183,-0.020271620628790288,0.47619047619047616,-0.00024199365645760464,0.11154420820082356,0.5793650793650794,0.000835068023123946,8.0,6.0,2.0
2026-05-04,RXI,consumer_discretionary,VT,-0.03081100873030218,0.38095238095238093,-0.0013420420266748775,-0.08973964190243111,0.38095238095238093,-0.0014218042974261614,-0.12269476018969128,0.3888888888888889,-0.0009341308117111563,4.0,10.0,11.0
2026-05-04,KXI,consumer_staples,VT,-0.06988877022792672,0.23809523809523808,-0.0031879795500930736,-0.04551328529270282,0.38095238095238093,-0.0007296223563301949,-0.004801877935262988,0.4523809523809524,-4.454872697556932e-05,7.0,7.0,7.0
2026-05-04,IXJ,health_care,VT,-0.1030292861565193,0.23809523809523808,-0.004771478499916463,-0.106597260948603,0.4126984126984127,-0.0017384628256641743,-0.07043965793470708,0.4444444444444444,-0.0005321545831779317,11.0,11.0,10.0
2026-05-04,JXI,utilities,VT,-0.08257439516412413,0.23809523809523808,-0.003781485839398672,0.04833648717651462,0.47619047619047616,0.0007212615907474513,0.016324807983414402,0.5,0.00011510488072065769,10.0,3.0,5.0
2026-05-04,REET,real_estate,VT,-0.023191782951531126,0.42857142857142855,-0.0010382272842817436,0.032650892382216856,0.5396825396825397,0.0004772177845898955,0.01175686872255266,0.5,7.318815239281887e-05,3.0,4.0,6.0
2026-05-04,IXP,communication_services,VT,-0.011942077720386024,0.47619047619047616,-0.0005292953478421001,-0.05417569664123856,0.4126984126984127,-0.0008606016541329873,-0.05958369138435504,0.46825396825396826,-0.00044262970647602535,2.0,8.0,9.0
2026-05-05,IXN,technology,VT,0.13311504296041377,0.8095238095238095,0.005594798297936748,0.13328174202485799,0.6349206349206349,0.0019960826660708367,0.04725421415862585,0.5793650793650794,0.00041480432821826,1.0,1.0,3.0
2026-05-05,IXG,financials,VT,-0.04457084875879369,0.42857142857142855,-0.001993643414646066,-0.0648765589793433,0.4444444444444444,-0.0010091025108060912,-0.031274719201588974,0.49206349206349204,-0.00022475723396847558,6.0,8.0,8.0
2026-05-05,EXI,industrials,VT,-0.028778693358749496,0.3333333333333333,-0.0012241706817748119,-0.02340399506936941,0.42857142857142855,-0.00031963843988479386,0.0328736808673864,0.5079365079365079,0.00026100875496793996,4.0,5.0,4.0
2026-05-05,IXC,energy,VT,-0.09095787874616934,0.42857142857142855,-0.0041131674847180695,0.12960232888147738,0.5396825396825397,0.001881129212750942,0.28930130770351425,0.5476190476190477,0.0019023316308291681,10.0,2.0,1.0
2026-05-05,MXI,materials,VT,-0.06860375798904306,0.3333333333333333,-0.003062683117762461,-0.0459702157049342,0.47619047619047616,-0.0006441451916239573,0.12669571447692518,0.5873015873015873,0.0009282607733940595,7.0,6.0,2.0
2026-05-05,RXI,consumer_discretionary,VT,-0.03697045046644876,0.3333333333333333,-0.0016154869661840923,-0.09225454563106272,0.38095238095238093,-0.00144336225752207,-0.13454860846340444,0.38095238095238093,-0.0010236303031785012,5.0,10.0,11.0
2026-05-05,KXI,consumer_staples,VT,-0.0749565338299889,0.19047619047619047,-0.003410385051661141,-0.06621125042649978,0.36507936507936506,-0.0010526390120392688,-0.0016877989258223813,0.4523809523809524,-2.1851124358834057e-05,8.0,9.0,7.0
2026-05-05,IXJ,health_care,VT,-0.10138342063180339,0.23809523809523808,-0.004667145046721764,-0.10616560186050095,0.4126984126984127,-0.0017075374116473137,-0.07397140052069306,0.4444444444444444,-0.0005552815499598053,11.0,11.0,10.0
2026-05-05,JXI,utilities,VT,-0.08328358556809778,0.23809523809523808,-0.0037959713651446354,0.023150219437939823,0.4603174603174603,0.0003400833065019595,0.015754381081567015,0.5,0.00010960242513174956,9.0,3.0,5.0
2026-05-05,REET,real_estate,VT,-0.023063937337462814,0.42857142857142855,-0.0010281892653337202,0.019393267828465177,0.5238095238095238,0.00027371602979443295,0.006805637166058753,0.5,3.652439926168266e-05,3.0,4.0,6.0
2026-05-05,IXP,communication_services,VT,-0.01852285866899206,0.47619047619047616,-0.0008211425467973847,-0.05538477531817465,0.4126984126984127,-0.0008696128686489766,-0.06469196814757172,0.46825396825396826,-0.00047846132503186884,2.0,7.0,9.0
2026-05-06,IXN,technology,VT,0.1445968213840938,0.8095238095238095,0.005951006893904815,0.17308488535227728,0.6507936507936508,0.0024736394511119205,0.05531093152226063,0.5793650793650794,0.00046607768622893735,1.0,1.0,3.0
2026-05-06,IXG,financials,VT,-0.04812701674397912,0.38095238095238093,-0.0021169233940520325,-0.07661344990633767,0.42857142857142855,-0.00117269962228866,-0.02971391106434007,0.49206349206349204,-0.00020938554702414487,6.0,8.0,8.0
2026-05-06,EXI,industrials,VT,-0.018708677053761003,0.38095238095238093,-0.0007471083317514269,-0.018508861639021434,0.42857142857142855,-0.00023410730335544498,0.04829783636497775,0.5158730158730159,0.0003646790043537643,2.0,5.0,4.0
2026-05-06,IXC,energy,VT,-0.1522772279665554,0.38095238095238093,-0.006975043123819464,0.04505291702280356,0.5238095238095238,0.0006890323451760204,0.22136815362577988,0.5476190476190477,0.0014825954810351273,11.0,2.0,1.0
2026-05-06,MXI,materials,VT,-0.05999553369062416,0.3333333333333333,-0.0025955804800271392,-0.04618548308560433,0.47619047619047616,-0.0006268831935635721,0.15871538704091992,0.5952380952380952,0.001117969471241877,7.0,6.0,2.0
2026-05-06,RXI,consumer_discretionary,VT,-0.019622532652753488,0.38095238095238093,-0.0008149683217854349,-0.09444018396295517,0.38095238095238093,-0.0014428264342181475,-0.1320848597396166,0.38095238095238093,-0.0009829128778747974,3.0,9.0,11.0
2026-05-06,KXI,consumer_staples,VT,-0.07609609800518302,0.19047619047619047,-0.0034077214169837395,-0.09675261753581255,0.3492063492063492,-0.0015229789671750396,-0.010621817154239599,0.4523809523809524,-8.691010577336715e-05,8.0,10.0,6.0
2026-05-06,IXJ,health_care,VT,-0.11593152013492591,0.23809523809523808,-0.005278602131810518,-0.1368194824807254,0.3968253968253968,-0.002184295465108224,-0.08868856445945639,0.4444444444444444,-0.0006596021184986728,9.0,11.0,10.0
2026-05-06,JXI,utilities,VT,-0.11689771238161029,0.19047619047619047,-0.005321136739757141,-0.009422348726591645,0.4444444444444444,-0.0001496134689603035,-0.012744619381569011,0.5,-9.655790403081821e-05,10.0,4.0,7.0
2026-05-06,REET,real_estate,VT,-0.03171929943909357,0.38095238095238093,-0.0013949321889046296,-0.0016226759253539225,0.5079365079365079,-4.39214332381223e-05,0.0023267992915327884,0.5,3.2360923300077725e-06,5.0,3.0,5.0
2026-05-06,IXP,communication_services,VT,-0.022280529800505988,0.42857142857142855,-0.0009713353252345236,-0.049912386776853834,0.4126984126984127,-0.0007656264040947267,-0.059236888899965034,0.46825396825396826,-0.0004286196295436082,4.0,7.0,9.0
2026-05-07,IXN,technology,VT,0.13173148934975876,0.8095238095238095,0.005646763973755123,0.18207795081126887,0.6666666666666666,0.0025788040952377917,0.07828654441492033,0.5873015873015873,0.0006158679476077498,1.0,1.0,3.0
2026-05-07,IXG,financials,VT,-0.04906474099768743,0.3333333333333333,-0.0022481858132174437,-0.07413081490563056,0.42857142857142855,-0.00112981775296128,-0.04691594245551678,0.48412698412698413,-0.0003341961329685621,6.0,8.0,8.0
2026-05-07,EXI,industrials,VT,-0.04285807749402859,0.3333333333333333,-0.0019128045147108752,-0.029051951385878905,0.42857142857142855,-0.0003901743797395526,0.036017170343465965,0.5079365079365079,0.0002804919179160051,5.0,5.0,4.0
2026-05-07,IXC,energy,VT,-0.09690110116315176,0.38095238095238093,-0.004469518950608827,0.03742089263502213,0.5238095238095238,0.000579818718912501,0.20138485499385728,0.5396825396825397,0.0013596938645445828,9.0,2.0,1.0
2026-05-07,MXI,materials,VT,-0.06806073002063151,0.2857142857142857,-0.0030943117448876123,-0.03195011919733859,0.47619047619047616,-0.00041208819974534815,0.1534026726112494,0.5952380952380952,0.00108134482659161,8.0,6.0,2.0
2026-05-07,RXI,consumer_discretionary,VT,-0.024360970828938733,0.38095238095238093,-0.0010813176086393501,-0.09034106246265905,0.3968253968253968,-0.0013718804916957714,-0.12831814050446533,0.3888888888888889,-0.000948725021578844,4.0,9.0,11.0
2026-05-07,KXI,consumer_staples,VT,-0.06277928233608998,0.23809523809523808,-0.002900610058812502,-0.10898281389606601,0.3492063492063492,-0.0017160717787296,-0.027766814879401913,0.4523809523809524,-0.00020994396433240397,7.0,10.0,6.0
2026-05-07,IXJ,health_care,VT,-0.10147815519229897,0.23809523809523808,-0.004771245727567676,-0.14117286635902138,0.38095238095238093,-0.002249304434427914,-0.10449620173760543,0.4365079365079365,-0.0007791098868245671,11.0,11.0,10.0
2026-05-07,JXI,utilities,VT,-0.09753689001650145,0.19047619047619047,-0.004559627235820199,-0.02603934038008049,0.42857142857142855,-0.00039604859556762763,-0.0330884207582931,0.49206349206349204,-0.00024229487728932942,10.0,4.0,7.0
2026-05-07,REET,real_estate,VT,-0.023232911569927905,0.38095238095238093,-0.0010508573410952925,-0.015869382006945543,0.49206349206349204,-0.0002546381542948883,-0.010832271785796044,0.49206349206349204,-8.994612313205606e-05,3.0,3.0,5.0
2026-05-07,IXP,communication_services,VT,-0.008584863175769897,0.47619047619047616,-0.0003829479579621209,-0.050556598208793435,0.4126984126984127,-0.0007724667398034715,-0.05091867480972079,0.47619047619047616,-0.0003651266322206493,2.0,7.0,9.0
2026-05-08,IXN,technology,VT,0.1699573814687625,0.8571428571428571,0.007131377941388527,0.18865475839109336,0.6666666666666666,0.002689777150804286,0.1168930248536526,0.5952380952380952,0.000870199702902863,1.0,1.0,3.0
2026-05-08,IXG,financials,VT,-0.06064446818810021,0.2857142857142857,-0.0027774857691045367,-0.08210949683573998,0.42857142857142855,-0.0012728926853341025,-0.058525780358335666,0.47619047619047616,-0.00041936188428578564,6.0,8.0,8.0
2026-05-08,EXI,industrials,VT,-0.05287740775897842,0.2857142857142857,-0.002367891600054615,-0.04762585239300621,0.4126984126984127,-0.0006885820975575584,0.02636517770509017,0.5,0.00021270412763317129,5.0,7.0,4.0
2026-05-08,IXC,energy,VT,-0.10409151152832041,0.38095238095238093,-0.004791697652537984,0.022822789956347123,0.5238095238095238,0.00037425814077647016,0.1841130268270046,0.5396825396825397,0.0012504070477270702,9.0,2.0,1.0
2026-05-08,MXI,materials,VT,-0.06151116975561233,0.3333333333333333,-0.0027596913989634134,-0.02704579101186888,0.49206349206349204,-0.0003416060943434515,0.1481447342792641,0.5952380952380952,0.0010444279360261634,7.0,5.0,2.0
2026-05-08,RXI,consumer_discretionary,VT,-0.03737816480336886,0.3333333333333333,-0.0016731729555920214,-0.08760812575376375,0.3968253968253968,-0.0013429999350995877,-0.14047248816543811,0.38095238095238093,-0.0010429293120725752,4.0,9.0,11.0
2026-05-08,KXI,consumer_staples,VT,-0.06984710829791907,0.23809523809523808,-0.0032171600350341814,-0.1072412445095996,0.3492063492063492,-0.0017070334643396433,-0.03226944806190413,0.4523809523809524,-0.00024210195127971181,8.0,10.0,6.0
2026-05-08,IXJ,health_care,VT,-0.11191574898677137,0.23809523809523808,-0.0052539410286881316,-0.14931274893926005,0.38095238095238093,-0.0024184990175808037,-0.11635015626530598,0.4365079365079365,-0.000869049351188699,10.0,11.0,10.0
2026-05-08,JXI,utilities,VT,-0.11610170535169684,0.14285714285714285,-0.005447755633551006,-0.02571398998087937,0.42857142857142855,-0.00039350359829039657,-0.04306770751604372,0.49206349206349204,-0.0003146432696768926,11.0,4.0,7.0
2026-05-08,REET,real_estate,VT,-0.030742990973295248,0.3333333333333333,-0.0013882379652766191,-0.013069411065924186,0.49206349206349204,-0.0002133774516502133,-0.01258010407341148,0.49206349206349204,-0.00010232059399461242,3.0,3.0,5.0
2026-05-08,IXP,communication_services,VT,-0.02042057162056654,0.42857142857142855,-0.0009162334180819967,-0.03355893666600451,0.4126984126984127,-0.0005145633775763754,-0.06581722181745975,0.46825396825396826,-0.0004753572273613589,2.0,6.0,9.0
2026-05-11,IXN,technology,VT,0.17411322490858305,0.8571428571428571,0.007287466769161995,0.19219839498348512,0.6666666666666666,0.0027524763973498967,0.14798086063268334,0.6031746031746031,0.0010562852257345067,1.0,1.0,3.0
2026-05-11,IXG,financials,VT,-0.059580193206363985,0.2857142857142857,-0.0027257290146355147,-0.08199693112182582,0.42857142857142855,-0.0012804213233375311,-0.07033723579719253,0.46825396825396826,-0.0005024577599536417,7.0,8.0,8.0
2026-05-11,EXI,industrials,VT,-0.04782378614359062,0.3333333333333333,-0.002130526724935485,-0.05006046741486814,0.4126984126984127,-0.0007332099566080723,0.022586283037790977,0.5,0.0001852920785522776,4.0,6.0,4.0
2026-05-11,IXC,energy,VT,-0.07862217748727995,0.42857142857142855,-0.0035360787952063008,0.044976884219344315,0.5238095238095238,0.0007042138305299097,0.19743216287462895,0.5396825396825397,0.001321830256626037,9.0,2.0,1.0
2026-05-11,MXI,materials,VT,-0.055500794300355594,0.3333333333333333,-0.0024708960223945495,-0.02574996893225312,0.49206349206349204,-0.0003260817050165135,0.16204316319966883,0.5952380952380952,0.0011223110213285854,6.0,5.0,2.0
2026-05-11,RXI,consumer_discretionary,VT,-0.05059842540475956,0.2857142857142857,-0.0022818529485805258,-0.08997909135211068,0.3968253968253968,-0.0013909616078071195,-0.14897103779344734,0.38095238095238093,-0.0010999560207807834,5.0,9.0,11.0
2026-05-11,KXI,consumer_staples,VT,-0.07102578677445037,0.23809523809523808,-0.0032707440124475776,-0.10393243632281135,0.3492063492063492,-0.0016636807078528962,-0.05029478969214529,0.4444444444444444,-0.0003701601599467722,8.0,10.0,7.0
2026-05-11,IXJ,health_care,VT,-0.10642284968777849,0.23809523809523808,-0.004980382326444715,-0.14012113631224277,0.38095238095238093,-0.002276776076684738,-0.1336287792035038,0.42857142857142855,-0.0009957077465105068,10.0,11.0,10.0
2026-05-11,JXI,utilities,VT,-0.10708664206344853,0.19047619047619047,-0.004995114755168218,-0.017005903396011046,0.4444444444444444,-0.00026193962186163476,-0.04587963100393733,0.49206349206349204,-0.000331468040638383,11.0,4.0,6.0
2026-05-11,REET,real_estate,VT,-0.03424121544667447,0.2857142857142857,-0.0015478017922210738,-0.010880270244914225,0.49206349206349204,-0.00018118607735077553,-0.022405720986215627,0.48412698412698413,-0.0001710269079108365,3.0,3.0,5.0
2026-05-11,IXP,communication_services,VT,-0.03141502604089186,0.42857142857142855,-0.0014112088188009844,-0.05305417590703643,0.3968253968253968,-0.0008228018472819131,-0.08757805670809438,0.4603174603174603,-0.0006327877027972029,2.0,7.0,9.0
2026-05-12,IXN,technology,VT,0.1413291000569865,0.8095238095238095,0.0061109275965635515,0.17547555627785938,0.6666666666666666,0.002554314538264212,0.13511831203328484,0.6031746031746031,0.0009852347106613206,1.0,1.0,3.0
2026-05-12,IXG,financials,VT,-0.0546337454859942,0.2857142857142857,-0.0025385794682377776,-0.06538913774223809,0.4444444444444444,-0.0010182816175966327,-0.06535251512444917,0.46825396825396826,-0.000469854742663382,8.0,8.0,8.0
2026-05-12,EXI,industrials,VT,-0.04380673628890008,0.3333333333333333,-0.001975101890532574,-0.05268976194349684,0.3968253968253968,-0.0007795066422260955,0.020080492400726513,0.49206349206349204,0.00016926831135451292,6.0,7.0,4.0
2026-05-12,IXC,energy,VT,-0.058118604368961435,0.47619047619047616,-0.0026042407561968866,0.06203869797086781,0.5396825396825397,0.0009538994691338055,0.19480410564256245,0.5396825396825397,0.0013151430157949942,9.0,2.0,1.0
2026-05-12,MXI,materials,VT,-0.042069244026123,0.38095238095238093,-0.0018755952866016654,-0.031860532500162186,0.49206349206349204,-0.00042468940328184895,0.15861329379453748,0.5952380952380952,0.0011092577392276767,5.0,5.0,2.0
2026-05-12,RXI,consumer_discretionary,VT,-0.044527448115353474,0.3333333333333333,-0.002031077726333607,-0.09730550367005075,0.3968253968253968,-0.0015216540499583884,-0.14947949309361142,0.38095238095238093,-0.001114593013694658,7.0,10.0,11.0
2026-05-12,KXI,consumer_staples,VT,-0.03531783494890406,0.2857142857142857,-0.0016237151727580292,-0.08587541367828144,0.36507936507936506,-0.001372240057966013,-0.0418836070116233,0.4444444444444444,-0.00031164097520713127,4.0,9.0,6.0
2026-05-12,IXJ,health_care,VT,-0.07882950239647091,0.2857142857142857,-0.003692311273226313,-0.11762777343192699,0.3968253968253968,-0.0019007333939216266,-0.11041865506638526,0.4365079365079365,-0.0008201597553028734,10.0,11.0,10.0
2026-05-12,JXI,utilities,VT,-0.08216592222645736,0.23809523809523808,-0.0038449296086515705,-0.025326221068255217,0.4444444444444444,-0.0003933916819990476,-0.04808359477738722,0.49206349206349204,-0.0003510732078410484,11.0,4.0,7.0
2026-05-12,REET,real_estate,VT,-0.02149786499216888,0.3333333333333333,-0.0009809051810027686,-0.015477090411571082,0.49206349206349204,-0.00025362352509805675,-0.028249492385655106,0.48412698412698413,-0.00021550497076984763,3.0,3.0,5.0
2026-05-12,IXP,communication_services,VT,-0.016888562909570082,0.47619047619047616,-0.0007618349214338323,-0.04759824898735321,0.3968253968253968,-0.0007411139521899772,-0.0717506673881052,0.46825396825396826,-0.0005184247730553443,2.0,6.0,9.0
2026-05-13,IXN,technology,VT,0.1400902036018985,0.8095238095238095,0.006085705519135913,0.18030239351531496,0.6666666666666666,0.0026082690695298175,0.12628044687977646,0.6031746031746031,0.0009333350829855971,1.0,1.0,3.0
2026-05-13,IXG,financials,VT,-0.0625196717302332,0.2857142857142857,-0.0029266719479547963,-0.07141465381965173,0.4444444444444444,-0.0011112672715142004,-0.07391356984755348,0.46825396825396826,-0.0005376824763810806,9.0,8.0,9.0
2026-05-13,EXI,industrials,VT,-0.04379099042171397,0.3333333333333333,-0.0019830235376865186,-0.0602246853374635,0.38095238095238093,-0.0008966453908721109,0.021563247561915633,0.49206349206349204,0.00018099282319584633,7.0,7.0,4.0
2026-05-13,IXC,energy,VT,-0.03285284550715728,0.47619047619047616,-0.0014268920046630448,0.02889938079674348,0.5238095238095238,0.0004655909286185593,0.18942205187180994,0.5396825396825397,0.0012910418693670993,4.0,2.0,1.0
2026-05-13,MXI,materials,VT,-0.035072357273658206,0.42857142857142855,-0.0015526478670732197,-0.0436587334247831,0.49206349206349204,-0.0006087875400353493,0.15470344408545555,0.5952380952380952,0.0010915704585123314,6.0,5.0,2.0
2026-05-13,RXI,consumer_discretionary,VT,-0.046142321000519404,0.3333333333333333,-0.002119893413467194,-0.08982967469943215,0.4126984126984127,-0.0013907195284606445,-0.14179045463806883,0.3888888888888889,-0.0010597841186703496,8.0,9.0,11.0
2026-05-13,KXI,consumer_staples,VT,-0.02782919637774417,0.2857142857142857,-0.001279057859480639,-0.1001021588041372,0.3492063492063492,-0.001603196778717437,-0.030666445946677445,0.4444444444444444,-0.0002307505217205266,3.0,10.0,6.0
2026-05-13,IXJ,health_care,VT,-0.0733584928473131,0.2857142857142857,-0.0034405792010543074,-0.12454943662848161,0.38095238095238093,-0.002011127108382834,-0.106868589125656,0.4365079365079365,-0.0007980034204127129,10.0,11.0,10.0
2026-05-13,JXI,utilities,VT,-0.08690993707679939,0.23809523809523808,-0.004094295805986452,-0.05025280689343936,0.42857142857142855,-0.0007825451463583271,-0.050471095723999326,0.49206349206349204,-0.00037050646472749433,11.0,6.0,7.0
2026-05-13,REET,real_estate,VT,-0.034091869506748695,0.2857142857142857,-0.0015737004123217487,-0.029265846817309704,0.47619047619047616,-0.0004653938601262551,-0.023363018748011388,0.48412698412698413,-0.00018071055792462905,5.0,3.0,5.0
2026-05-13,IXP,communication_services,VT,-0.016917332745481017,0.47619047619047616,-0.0007689417246152797,-0.03254320328611815,0.4126984126984127,-0.0005004608953935042,-0.06421279464486318,0.46825396825396826,-0.00046462955502127534,2.0,4.0,8.0
2026-05-14,IXN,technology,VT,0.14123870270591277,0.8095238095238095,0.006130125732102418,0.20822187040145335,0.6825396825396826,0.0029162713229272186,0.15338094760632837,0.6111111111111112,0.0011039087587012377,1.0,1.0,2.0
2026-05-14,IXG,financials,VT,-0.06329160072503226,0.2857142857142857,-0.0029628396889507776,-0.07101867383582006,0.4603174603174603,-0.001084850397051631,-0.0754186007215718,0.46825396825396826,-0.000548456885470618,9.0,7.0,8.0
2026-05-14,EXI,industrials,VT,-0.03654872812252896,0.3333333333333333,-0.0016422376810455018,-0.06816828651709406,0.36507936507936506,-0.0010045832954440421,0.019426858483665876,0.49206349206349204,0.00016585800842710755,6.0,6.0,4.0
2026-05-14,IXC,energy,VT,-0.020451001860996465,0.5238095238095238,-0.000849819064507027,0.036815941927266005,0.5396825396825397,0.0005705562838766328,0.17803354715931619,0.5396825396825397,0.00121948329675058,2.0,2.0,1.0
2026-05-14,MXI,materials,VT,-0.03697999456004819,0.42857142857142855,-0.0016410099888649768,-0.05099613137056158,0.49206349206349204,-0.0007118838979901721,0.1319409482699636,0.5873015873015873,0.0009471394498443477,7.0,5.0,3.0
2026-05-14,RXI,consumer_discretionary,VT,-0.05594227308306099,0.2857142857142857,-0.002586873636799764,-0.10035954178818551,0.3968253968253968,-0.0015355978192153768,-0.15159430019584252,0.38095238095238093,-0.0011385968922863609,8.0,9.0,11.0
2026-05-14,KXI,consumer_staples,VT,-0.021454414150029022,0.2857142857142857,-0.0009828001314488338,-0.12639525252927175,0.3333333333333333,-0.002008923793253563,-0.040811613638358946,0.4365079365079365,-0.00030538384937856076,3.0,10.0,6.0
2026-05-14,IXJ,health_care,VT,-0.07240628622595802,0.2857142857142857,-0.003392980193163565,-0.143532647851064,0.36507936507936506,-0.002293827058118989,-0.13395654307304072,0.42857142857142855,-0.0010148984874911696,10.0,11.0,10.0
2026-05-14,JXI,utilities,VT,-0.07838878187538678,0.23809523809523808,-0.003674261382959232,-0.07633555807813408,0.4126984126984127,-0.0011785328217810015,-0.05161701212472769,0.49206349206349204,-0.0003785867623653498,11.0,8.0,7.0
2026-05-14,REET,real_estate,VT,-0.036408455752358515,0.2857142857142857,-0.0016819349379777841,-0.04579217642417355,0.4603174603174603,-0.0007098193964248052,-0.03415014268521377,0.47619047619047616,-0.0002595050798982558,5.0,4.0,5.0
2026-05-14,IXP,communication_services,VT,-0.031768980932972424,0.42857142857142855,-0.0014588510979447202,-0.04253814051790927,0.4126984126984127,-0.0006450981380854603,-0.08253955197953422,0.4603174603174603,-0.000603668147277586,4.0,3.0,9.0
2026-05-15,IXN,technology,VT,0.12023806644958679,0.7619047619047619,0.00537231799872695,0.19804654753340634,0.6825396825396826,0.002838560891565209,0.14084778500836026,0.6031746031746031,0.0010428986418181561,1.0,1.0,2.0
2026-05-15,IXG,financials,VT,-0.0471567676956961,0.3333333333333333,-0.002235063474871949,-0.051193804217928074,0.47619047619047616,-0.0007904594299091373,-0.07179744533628885,0.46825396825396826,-0.0005323904590272658,7.0,4.0,9.0
2026-05-15,EXI,industrials,VT,-0.03422366996773818,0.3333333333333333,-0.0015578432608814227,-0.07638228961153559,0.3492063492063492,-0.0011573277979821414,0.013342660767630132,0.48412698412698413,0.00012561953134148588,4.0,6.0,4.0
2026-05-15,IXC,energy,VT,-0.0007179221847288808,0.5238095238095238,4.909497015950649e-05,0.06962375510554764,0.5396825396825397,0.0010522035986373938,0.2355807885942136,0.5476190476190477,0.0015903251595136307,2.0,2.0,1.0
2026-05-15,MXI,materials,VT,-0.06037399152868883,0.38095238095238093,-0.002774127717510241,-0.08114556799780259,0.47619047619047616,-0.001203276385944371,0.08671256389428561,0.5793650793650794,0.0006693152617737818,10.0,7.0,3.0
2026-05-15,RXI,consumer_discretionary,VT,-0.05533633425279294,0.2857142857142857,-0.002603119651223845,-0.0988866556253496,0.3968253968253968,-0.0015417767190060072,-0.14657047979228222,0.38095238095238093,-0.0011197099053234137,8.0,9.0,11.0
2026-05-15,KXI,consumer_staples,VT,-0.0077851445653962514,0.3333333333333333,-0.0003659811144121643,-0.1141727413524366,0.3333333333333333,-0.001842854665784324,-0.02465447519316255,0.4444444444444444,-0.00019139852109318495,3.0,10.0,6.0
2026-05-15,IXJ,health_care,VT,-0.05567016597165464,0.3333333333333333,-0.0026365885592511433,-0.1404827352068747,0.36507936507936506,-0.0022888352024442163,-0.13548907370118013,0.42857142857142855,-0.0010490416198801703,9.0,11.0,10.0
2026-05-15,JXI,utilities,VT,-0.08675741906401857,0.23809523809523808,-0.0041509317798447765,-0.09781234783748816,0.3968253968253968,-0.0015536768602779937,-0.0656888126029771,0.48412698412698413,-0.0004918719959911617,11.0,8.0,8.0
2026-05-15,REET,real_estate,VT,-0.04102859463394781,0.23809523809523808,-0.001933761721016886,-0.05291191775354276,0.4444444444444444,-0.0008366324302128559,-0.023552661342071124,0.47619047619047616,-0.00018553257497862968,6.0,5.0,5.0
2026-05-15,IXP,communication_services,VT,-0.03511291285768858,0.42857142857142855,-0.0016505298180248104,-0.029418220539687567,0.42857142857142855,-0.0004537109991424553,-0.061577383790311524,0.46825396825396826,-0.0004541449576591894,5.0,3.0,7.0
2026-05-18,IXN,technology,VT,0.103583052124685,0.7142857142857143,0.004732477062724368,0.18269897929463674,0.6666666666666666,0.0026392439125136505,0.14350794531003408,0.6031746031746031,0.0010431643161958582,1.0,1.0,2.0
2026-05-18,IXG,financials,VT,-0.03653798934191377,0.38095238095238093,-0.0017430252424599395,-0.04912941240451052,0.47619047619047616,-0.0007559561908190205,-0.06462402964377634,0.46825396825396826,-0.00046793063484320445,6.0,4.0,8.0
2026-05-18,EXI,industrials,VT,-0.03868865658051801,0.2857142857142857,-0.0017967431543010905,-0.07424711023977193,0.3492063492063492,-0.0011208965016350034,0.010307986087939591,0.47619047619047616,0.00010272940834407265,7.0,7.0,4.0
2026-05-18,IXC,energy,VT,0.06780568322159941,0.5714285714285714,0.003138163969878871,0.10306718329131037,0.5555555555555556,0.001518674601460839,0.2434867362644657,0.5476190476190477,0.001615603500056993,2.0,2.0,1.0
2026-05-18,MXI,materials,VT,-0.05785926248000839,0.42857142857142855,-0.0026857255752247553,-0.06819090394241523,0.49206349206349204,-0.0009923390652129681,0.08325564486859105,0.5793650793650794,0.0006372110100944825,9.0,6.0,3.0
2026-05-18,RXI,consumer_discretionary,VT,-0.06328464323690408,0.2857142857142857,-0.003039634356915138,-0.0984263028381217,0.4126984126984127,-0.0015315134975504385,-0.14832363744291177,0.3888888888888889,-0.0011136166494631569,11.0,10.0,11.0
2026-05-18,KXI,consumer_staples,VT,0.008390579536504905,0.38095238095238093,0.0003916940814875792,-0.09300177214254624,0.3492063492063492,-0.0014848740719336276,-0.02423715510700375,0.4444444444444444,-0.0001835047516553994,3.0,9.0,6.0
2026-05-18,IXJ,health_care,VT,-0.054099949836658,0.3333333333333333,-0.0025946219791846917,-0.1395698204175022,0.36507936507936506,-0.002268951832975852,-0.1482684491243168,0.42857142857142855,-0.0011334672291315171,8.0,11.0,10.0
2026-05-18,JXI,utilities,VT,-0.059737776300161305,0.2857142857142857,-0.0028408821503480247,-0.0922471028410089,0.3968253968253968,-0.001458499632206759,-0.06730105924351948,0.48412698412698413,-0.0004947519136551132,10.0,8.0,9.0
2026-05-18,REET,real_estate,VT,-0.03397408972558991,0.2857142857142857,-0.0016147290308799176,-0.05672325885990481,0.4444444444444444,-0.0008962184230017111,-0.021406581317616302,0.47619047619047616,-0.00016633279696218152,5.0,5.0,5.0
2026-05-18,IXP,communication_services,VT,-0.020640773460540274,0.47619047619047616,-0.0009713613341532355,-0.02261849564387508,0.4444444444444444,-0.0003476671655584042,-0.05571937101727564,0.47619047619047616,-0.00040229676000348296,4.0,3.0,7.0
2026-05-19,IXN,technology,VT,0.10110689757582758,0.6666666666666666,0.004647768809044638,0.17287774423426572,0.6507936507936508,0.0025389261860452174,0.13228289924646242,0.5952380952380952,0.0009775506287571477,1.0,1.0,2.0
2026-05-19,IXG,financials,VT,-0.034235504799753014,0.42857142857142855,-0.0016396860832231903,-0.04833423111115498,0.47619047619047616,-0.0007526122969130955,-0.05834590632984815,0.47619047619047616,-0.0004237187270898995,7.0,5.0,9.0
2026-05-19,EXI,industrials,VT,-0.04598196761800566,0.23809523809523808,-0.0021600692623775985,-0.07648853661703403,0.3492063492063492,-0.0011712212015584666,0.005089158165688001,0.47619047619047616,6.651178084910509e-05,9.0,8.0,4.0
2026-05-19,IXC,energy,VT,0.07782757131742124,0.5714285714285714,0.0035911280421266584,0.10304045433419962,0.5555555555555556,0.0015328900061970748,0.24204865112029217,0.5476190476190477,0.0016159463213253063,2.0,2.0,1.0
2026-05-19,MXI,materials,VT,-0.06868241531170027,0.42857142857142855,-0.003231403055634175,-0.08537694008086738,0.47619047619047616,-0.001285552746537268,0.07199564737734243,0.5793650793650794,0.0005670678377075793,11.0,9.0,3.0
2026-05-19,RXI,consumer_discretionary,VT,-0.06086791008726422,0.2857142857142857,-0.002933742777997337,-0.09753520926971049,0.4126984126984127,-0.0015359991190444157,-0.14506902992042192,0.3888888888888889,-0.001094901771304744,10.0,10.0,11.0
2026-05-19,KXI,consumer_staples,VT,0.017137640671265553,0.38095238095238093,0.0007982212128369502,-0.071041736760731,0.36507936507936506,-0.0011402526082299456,-0.011650389144362228,0.4523809523809524,-9.31784716532233e-05,3.0,7.0,5.0
2026-05-19,IXJ,health_care,VT,-0.03272417700544372,0.38095238095238093,-0.0015602166632518958,-0.11764375435197139,0.38095238095238093,-0.0019163021576350473,-0.12708362039468946,0.4365079365079365,-0.0009683836990027864,6.0,11.0,10.0
2026-05-19,JXI,utilities,VT,-0.04500922110191874,0.3333333333333333,-0.0021257264032145066,-0.0594210166899376,0.4126984126984127,-0.0009380834963245543,-0.05221411521813235,0.48412698412698413,-0.0003838959648023862,8.0,6.0,8.0
2026-05-19,REET,real_estate,VT,-0.030669162789328963,0.2857142857142857,-0.0014632313404253057,-0.031236255363804144,0.4603174603174603,-0.0005026946446326728,-0.013536297405647213,0.48412698412698413,-0.00011027079967207685,5.0,4.0,6.0
2026-05-19,IXP,communication_services,VT,-0.014125163668538221,0.5238095238095238,-0.000666233072595644,-0.01441946256424309,0.4603174603174603,-0.00022457528807889252,-0.04679355376679273,0.48412698412698413,-0.0003382889614229365,4.0,3.0,7.0
2026-05-20,IXN,technology,VT,0.10459007202696236,0.6666666666666666,0.0047001272948727175,0.1910954290548541,0.6666666666666666,0.0027408847642770083,0.1550513378732632,0.6031746031746031,0.0010996764944308085,1.0,1.0,2.0
2026-05-20,IXG,financials,VT,-0.0349338429036572,0.42857142857142855,-0.001631316891142635,-0.04733285641148832,0.49206349206349204,-0.0007249387498083921,-0.04942092277709276,0.48412698412698413,-0.00034858673837030664,6.0,5.0,7.0
2026-05-20,EXI,industrials,VT,-0.03560694839886991,0.2857142857142857,-0.0016173675367625753,-0.08278798709731339,0.3492063492063492,-0.0012542794314918714,0.00909574858251716,0.48412698412698413,9.350009756470973e-05,7.0,7.0,4.0
2026-05-20,IXC,energy,VT,0.016741391714691467,0.5238095238095238,0.0008385013949774311,0.05098656071101004,0.5396825396825397,0.0007838435310882132,0.20291358082482325,0.5476190476190477,0.0013541574477872443,2.0,2.0,1.0
2026-05-20,MXI,materials,VT,-0.05480515387836349,0.47619047619047616,-0.0024791652621026254,-0.08465627182909019,0.47619047619047616,-0.001251356598131669,0.08162529873013824,0.5873015873015873,0.0006188244099112392,11.0,8.0,3.0
2026-05-20,RXI,consumer_discretionary,VT,-0.05270907764474786,0.3333333333333333,-0.002459867418106961,-0.08564462908765569,0.42857142857142855,-0.0013140284799195447,-0.1378884318355208,0.3968253968253968,-0.0010083892157554022,10.0,9.0,10.0
2026-05-20,KXI,consumer_staples,VT,0.002431629804728219,0.38095238095238093,0.00010644212374616171,-0.09092877170093983,0.3492063492063492,-0.0014473795609067637,-0.03605583771717735,0.4444444444444444,-0.00026586148728621176,3.0,10.0,6.0
2026-05-20,IXJ,health_care,VT,-0.03935254753324613,0.38095238095238093,-0.0018424280477825415,-0.12882004281590342,0.36507936507936506,-0.0020769694979237605,-0.14925001635676471,0.42857142857142855,-0.0011206855343768802,8.0,11.0,11.0
2026-05-20,JXI,utilities,VT,-0.04963023127427357,0.3333333333333333,-0.0023002799203854164,-0.07168259885773887,0.3968253968253968,-0.001121019758762684,-0.08162834705034294,0.47619047619047616,-0.0005935517774784563,9.0,6.0,9.0
2026-05-20,REET,real_estate,VT,-0.02688562654711224,0.3333333333333333,-0.001251649787513782,-0.03227219242919932,0.4603174603174603,-0.000511230810026894,-0.020635045358922577,0.48412698412698413,-0.00015793977122971085,5.0,4.0,5.0
2026-05-20,IXP,communication_services,VT,-0.025255938368595965,0.47619047619047616,-0.0011732607378632375,-0.025540394273168454,0.4444444444444444,-0.00039273664899349146,-0.07485487358943388,0.47619047619047616,-0.0005376251648434759,4.0,3.0,8.0
2026-05-21,IXN,technology,VT,0.09392241169831017,0.6666666666666666,0.004263508043879379,0.19716560611176748,0.6666666666666666,0.0028307293208570043,0.1800578667294328,0.6111111111111112,0.001239466054851635,1.0,1.0,1.0
2026-05-21,IXG,financials,VT,-0.022148119801450816,0.42857142857142855,-0.001032988802626113,-0.046117307274394115,0.49206349206349204,-0.0007092248142815579,-0.05273163232005107,0.47619047619047616,-0.00036841432496465074,5.0,5.0,6.0
2026-05-21,EXI,industrials,VT,-0.03419973114070318,0.2857142857142857,-0.0015578129612669916,-0.08465221881782081,0.3492063492063492,-0.0012913094808382085,0.007613253442920742,0.48412698412698413,8.234185284728826e-05,8.0,8.0,4.0
2026-05-21,IXC,energy,VT,0.004873734084444248,0.47619047619047616,0.0003011460370044162,0.05658949146649994,0.5396825396825397,0.0008683176028942498,0.17633000058619652,0.5396825396825397,0.001183073281903372,2.0,2.0,2.0
2026-05-21,MXI,materials,VT,-0.05019325707169253,0.47619047619047616,-0.0022681582869854395,-0.07905040898861226,0.47619047619047616,-0.0011657910848531568,0.09151531451323502,0.5952380952380952,0.0006768782651789835,11.0,7.0,3.0
2026-05-21,RXI,consumer_discretionary,VT,-0.0410335616841766,0.38095238095238093,-0.0019081347135727516,-0.08496850623962326,0.42857142857142855,-0.0013097519112739383,-0.13165045485154203,0.40476190476190477,-0.000947868018029249,10.0,9.0,10.0
2026-05-21,KXI,consumer_staples,VT,-0.006679293833587119,0.38095238095238093,-0.00031112699085313256,-0.09567463645121022,0.3492063492063492,-0.001532345465601331,-0.0567062151641875,0.4365079365079365,-0.0004113913695159143,3.0,10.0,7.0
2026-05-21,IXJ,health_care,VT,-0.027736543651808665,0.42857142857142855,-0.0012967134428807,-0.11445158040794101,0.38095238095238093,-0.0018417193928804646,-0.15938067739587525,0.42857142857142855,-0.001187928114693805,7.0,11.0,11.0
2026-05-21,JXI,utilities,VT,-0.03637809755021304,0.38095238095238093,-0.001672285117543793,-0.06275385788010923,0.4126984126984127,-0.0009817306891951576,-0.07835635271132024,0.47619047619047616,-0.0005619254197320148,9.0,6.0,8.0
2026-05-21,REET,real_estate,VT,-0.01169767631987595,0.3333333333333333,-0.0005449767594266472,-0.032102971480827636,0.4603174603174603,-0.0005109465486174775,-0.032402739405267056,0.47619047619047616,-0.00023943854456176,4.0,3.0,5.0
2026-05-21,IXP,communication_services,VT,-0.027528262731967512,0.47619047619047616,-0.0012867987749947182,-0.03550242977558926,0.42857142857142855,-0.0005508850586918354,-0.08504311518690288,0.46825396825396826,-0.0006069579669009109,6.0,4.0,9.0
2026-05-22,IXN,technology,VT,0.11046775437199874,0.7142857142857143,0.00491265656930041,0.20929936981965436,0.6825396825396826,0.0029545551351397017,0.17719881586428965,0.6111111111111112,0.0012209100541568298,1.0,1.0,2.0
2026-05-22,IXG,financials,VT,-0.024199617138666252,0.42857142857142855,-0.0011208613910286217,-0.03909209328952601,0.49206349206349204,-0.0005947597813913831,-0.056606550735349925,0.47619047619047616,-0.0003960207011566755,3.0,4.0,7.0
2026-05-22,EXI,industrials,VT,-0.04794090482646407,0.23809523809523808,-0.0021969564627128744,-0.08520459030349525,0.3492063492063492,-0.001285019763611206,0.007597392088218413,0.48412698412698413,8.216067948860251e-05,9.0,7.0,4.0
2026-05-22,IXC,energy,VT,-0.01125410173127861,0.42857142857142855,-0.00044018350087841424,0.04004349930539175,0.5238095238095238,0.000623384737838006,0.19155025474404508,0.5396825396825397,0.0012718632449378294,2.0,2.0,1.0
2026-05-22,MXI,materials,VT,-0.050784084181989764,0.47619047619047616,-0.0022765095032117773,-0.09782070097316065,0.4603174603174603,-0.0014569472308777988,0.08485349336741765,0.5873015873015873,0.0006332986875674659,10.0,9.0,3.0
2026-05-22,RXI,consumer_discretionary,VT,-0.039250487274015367,0.38095238095238093,-0.0018095654644848366,-0.08645121812712375,0.42857142857142855,-0.0013190573341510402,-0.13579181440099797,0.40476190476190477,-0.0009789161497496817,8.0,8.0,10.0
2026-05-22,KXI,consumer_staples,VT,-0.028342339728874677,0.3333333333333333,-0.0013167146950339953,-0.11641049404973025,0.3333333333333333,-0.0018585964089260058,-0.05367047373373923,0.4365079365079365,-0.00038894146437289004,5.0,10.0,6.0
2026-05-22,IXJ,health_care,VT,-0.026211066765120083,0.42857142857142855,-0.0012119179188194611,-0.12384180303456371,0.38095238095238093,-0.001977291551226402,-0.15122746844986823,0.4365079365079365,-0.0011209559215552326,4.0,11.0,11.0
2026-05-22,JXI,utilities,VT,-0.06204139885952076,0.38095238095238093,-0.0028951565173104795,-0.08073987821897888,0.4126984126984127,-0.0012585106338540162,-0.0643652665197263,0.48412698412698413,-0.0004586443370557247,11.0,6.0,8.0
2026-05-22,REET,real_estate,VT,-0.030862399474645308,0.2857142857142857,-0.0014345015834720941,-0.046126982818730955,0.4444444444444444,-0.0007221820265044835,-0.027517022649739875,0.47619047619047616,-0.00020467960086400532,6.0,5.0,5.0
2026-05-22,IXP,communication_services,VT,-0.036264572697844555,0.42857142857142855,-0.0016861973471501107,-0.03811512597915123,0.42857142857142855,-0.000585573613295987,-0.09025353620475007,0.46825396825396826,-0.000645099396167952,7.0,3.0,9.0
2026-05-26,IXN,technology,VT,0.1111634577247318,0.7142857142857143,0.004928690028349154,0.22296721195674873,0.6825396825396826,0.0031169613570185936,0.22744424107996575,0.6190476190476191,0.0014824915351804003,1.0,1.0,1.0
2026-05-26,IXG,financials,VT,-0.021864806968028283,0.42857142857142855,-0.0010093696084796165,-0.03765919780902971,0.49206349206349204,-0.0005704865988037619,-0.07379865502047034,0.46825396825396826,-0.0005072322398161091,2.0,4.0,6.0
2026-05-26,EXI,industrials,VT,-0.03399408508089152,0.2857142857142857,-0.0015224797571289997,-0.07576631685490676,0.36507936507936506,-0.001125423213786508,0.01233461674637537,0.48412698412698413,0.00011336926959890919,6.0,6.0,4.0
2026-05-26,IXC,energy,VT,-0.038165198996213734,0.42857142857142855,-0.0016785372873332376,0.005938624915702073,0.5238095238095238,0.0001291039495330958,0.13797779802689258,0.5317460317460317,0.000928142656207594,8.0,2.0,2.0
2026-05-26,MXI,materials,VT,-0.03722818625218105,0.5238095238095238,-0.0016157973482068954,-0.09273983529959862,0.4603174603174603,-0.0013650822874706195,0.10637881349063849,0.5952380952380952,0.000752947557114554,7.0,9.0,3.0
2026-05-26,RXI,consumer_discretionary,VT,-0.043105043094033846,0.38095238095238093,-0.0019870652328512297,-0.09258031672923306,0.42857142857142855,-0.0014130708468303999,-0.14458425535245523,0.40476190476190477,-0.0010183269548353895,9.0,8.0,10.0
2026-05-26,KXI,consumer_staples,VT,-0.04579990589094818,0.3333333333333333,-0.0021336686628646534,-0.13862277931122502,0.3333333333333333,-0.0022247875618376257,-0.10264874031130256,0.42857142857142855,-0.0007304982982675113,10.0,11.0,9.0
2026-05-26,IXJ,health_care,VT,-0.027861131018366292,0.42857142857142855,-0.0012871885570451427,-0.13400574350149164,0.38095238095238093,-0.002139962319240472,-0.1832218837594295,0.42857142857142855,-0.0013392598221926024,4.0,10.0,11.0
2026-05-26,JXI,utilities,VT,-0.06383438350512805,0.38095238095238093,-0.0029723906143457376,-0.09162371090782961,0.3968253968253968,-0.0014301382382918171,-0.08604786610515336,0.47619047619047616,-0.0006014414832416836,11.0,7.0,7.0
2026-05-26,REET,real_estate,VT,-0.02499157545271924,0.2857142857142857,-0.0011555883410502659,-0.04380285526215988,0.4444444444444444,-0.00068322146834596,-0.04568558895578878,0.46825396825396826,-0.000325088764184651,3.0,5.0,5.0
2026-05-26,IXP,communication_services,VT,-0.031570567189239895,0.42857142857142855,-0.001458876549320764,-0.036798711663428074,0.42857142857142855,-0.0005627325777187049,-0.09920968683599374,0.4603174603174603,-0.0006923567142831862,5.0,3.0,8.0
2026-05-27,IXN,technology,VT,0.10587702271256294,0.6666666666666666,0.004716219261821324,0.20540028085570805,0.6666666666666666,0.002921704466928438,0.23691799258431034,0.6190476190476191,0.0015520262791816073,1.0,1.0,1.0
2026-05-27,IXG,financials,VT,-0.03094268752314422,0.38095238095238093,-0.0014340690627951376,-0.05061242262142707,0.47619047619047616,-0.0007800198665135852,-0.0805268004168902,0.4603174603174603,-0.0005625602604760035,7.0,5.0,6.0
2026-05-27,EXI,industrials,VT,-0.033719399884277745,0.2857142857142857,-0.0015114578260534682,-0.07297437700722476,0.36507936507936506,-0.001091482050916509,0.010785589326442802,0.48412698412698413,0.00010406016714356637,8.0,6.0,4.0
2026-05-27,IXC,energy,VT,-0.0525177825713421,0.42857142857142855,-0.002357184146909716,-0.002554878985815856,0.5238095238095238,5.590865284418834e-06,0.12653268399311512,0.5317460317460317,0.0008697119249221192,10.0,2.0,2.0
2026-05-27,MXI,materials,VT,-0.03425587386360318,0.5714285714285714,-0.0014780638636414075,-0.08649001204930562,0.47619047619047616,-0.0012766576690776913,0.09936000630909558,0.5952380952380952,0.0007164253791006656,9.0,8.0,3.0
2026-05-27,RXI,consumer_discretionary,VT,-0.022875698807496514,0.42857142857142855,-0.001035614792905122,-0.07786790172724345,0.4444444444444444,-0.0011861902293407497,-0.13855865096519526,0.40476190476190477,-0.0009854753435217033,3.0,7.0,10.0
2026-05-27,KXI,consumer_staples,VT,-0.023412377130408002,0.38095238095238093,-0.0010816005361430822,-0.11323924079602976,0.3492063492063492,-0.001814011653769579,-0.09308952428293371,0.42857142857142855,-0.0006685149437653218,4.0,10.0,8.0
2026-05-27,IXJ,health_care,VT,-0.018785250497016515,0.47619047619047616,-0.0008669410332301878,-0.1236683174194192,0.3968253968253968,-0.0019847094907736377,-0.18820901080205132,0.42857142857142855,-0.0013983289893908751,2.0,11.0,11.0
2026-05-27,JXI,utilities,VT,-0.0709624051667731,0.38095238095238093,-0.00332151936513967,-0.09888826253767002,0.38095238095238093,-0.0015637661537230623,-0.08312211846565831,0.47619047619047616,-0.000586705095753099,11.0,9.0,7.0
2026-05-27,REET,real_estate,VT,-0.02510218514820317,0.2857142857142857,-0.001162075791728107,-0.03885745841176247,0.4444444444444444,-0.0006119202803697313,-0.050235817683659256,0.4603174603174603,-0.000361373444160057,6.0,4.0,5.0
2026-05-27,IXP,communication_services,VT,-0.02452793343648807,0.47619047619047616,-0.0011315718156144337,-0.03050910629571657,0.4444444444444444,-0.0004703790856959966,-0.1017257497557118,0.4603174603174603,-0.0007204806519410677,5.0,3.0,9.0
2026-05-28,IXN,technology,VT,0.133245452512333,0.7142857142857143,0.00577730192171914,0.23573247647135842,0.6825396825396826,0.0032750068063889795,0.23492905788621443,0.6190476190476191,0.0015502102826146784,1.0,1.0,1.0
2026-05-28,IXG,financials,VT,-0.050796417097106694,0.3333333333333333,-0.002349611085680394,-0.07172593542898054,0.4603174603174603,-0.0011073664489129186,-0.08171500009960919,0.4603174603174603,-0.0005752070960365552,9.0,5.0,7.0
2026-05-28,EXI,industrials,VT,-0.03657848640913519,0.2857142857142857,-0.001629795121688646,-0.08579763696706821,0.3492063492063492,-0.0012886485191972168,0.01661651265199615,0.48412698412698413,0.00014459700571662674,6.0,7.0,4.0
2026-05-28,IXC,energy,VT,-0.07631640166857223,0.38095238095238093,-0.003477793731475255,-0.011171284616162014,0.5079365079365079,-0.00012326717770532144,0.14062164349303807,0.5317460317460317,0.000962612709200027,10.0,2.0,2.0
2026-05-28,MXI,materials,VT,-0.02172310657156662,0.6190476190476191,-0.0008883286527136361,-0.09118738551400629,0.47619047619047616,-0.0013416760349515987,0.10022490929786843,0.6031746031746031,0.0007267139726509171,4.0,8.0,3.0
2026-05-28,RXI,consumer_discretionary,VT,-0.021466075014445973,0.42857142857142855,-0.0009607638080718522,-0.0817046301256934,0.42857142857142855,-0.0012379164996335235,-0.13475665835227524,0.40476190476190477,-0.0009637589357184803,3.0,6.0,10.0
2026-05-28,KXI,consumer_staples,VT,-0.04432219810386351,0.3333333333333333,-0.0020442005532881123,-0.12283084111989884,0.3492063492063492,-0.0019595138020243818,-0.07851294252152274,0.42857142857142855,-0.0005656027867236344,8.0,11.0,6.0
2026-05-28,IXJ,health_care,VT,-0.01949884225702081,0.47619047619047616,-0.0008885142534105428,-0.11904916307611724,0.4126984126984127,-0.001890081009104964,-0.17244618773556242,0.4365079365079365,-0.001281053298859018,2.0,10.0,11.0
2026-05-28,JXI,utilities,VT,-0.09555837687465019,0.3333333333333333,-0.004486539879178913,-0.11663344082084748,0.36507936507936506,-0.0018436901652456364,-0.09465081768161476,0.47619047619047616,-0.0006760922329984832,11.0,9.0,8.0
2026-05-28,REET,real_estate,VT,-0.04261094307092006,0.23809523809523808,-0.001965805961579861,-0.055104376704707025,0.42857142857142855,-0.0008604542674687772,-0.04217455446000096,0.4603174603174603,-0.00030600252770002044,7.0,4.0,5.0
2026-05-28,IXP,communication_services,VT,-0.02867888597499868,0.42857142857142855,-0.001312182167376909,-0.0341319125100914,0.42857142857142855,-0.0005224129942987433,-0.11672917804335259,0.4523809523809524,-0.0008415849560827061,5.0,3.0,9.0
2026-05-29,IXN,technology,VT,0.14314038870362267,0.7142857142857143,0.00614983441615861,0.27480618347544494,0.6984126984126984,0.003727159636323746,0.2678027336645823,0.626984126984127,0.001748364110828926,1.0,1.0,1.0
2026-05-29,IXG,financials,VT,-0.0451313757704388,0.38095238095238093,-0.002070980674682984,-0.05392998082751732,0.47619047619047616,-0.0008234673342984946,-0.08047065299040668,0.4603174603174603,-0.0005707858307789849,7.0,3.0,6.0
2026-05-29,EXI,industrials,VT,-0.03841875767664127,0.2857142857142857,-0.0017075784696650562,-0.09736431008356328,0.3333333333333333,-0.0014682082210470888,0.004484138160179452,0.47619047619047616,6.213265159291325e-05,5.0,7.0,4.0
2026-05-29,IXC,energy,VT,-0.11001100730473001,0.3333333333333333,-0.00512429097584265,-0.043094564294919646,0.49206349206349204,-0.0006088506663809868,0.14171180684656304,0.5317460317460317,0.0009765272322203977,11.0,2.0,2.0
2026-05-29,MXI,materials,VT,-0.011672609116807564,0.6190476190476191,-0.0004292219537988185,-0.10190755523226813,0.4603174603174603,-0.0015084070416027547,0.09421373305489733,0.5952380952380952,0.0006929203646511592,2.0,8.0,3.0
2026-05-29,RXI,consumer_discretionary,VT,-0.027092618142209313,0.42857142857142855,-0.0012137715791254787,-0.08837126933460804,0.4126984126984127,-0.001337931403191803,-0.14645158961772475,0.3968253968253968,-0.0010644561620745648,4.0,6.0,10.0
2026-05-29,KXI,consumer_staples,VT,-0.05881438701782993,0.3333333333333333,-0.002711869305953981,-0.15388445318737176,0.3333333333333333,-0.0024754419116004094,-0.09874072067807393,0.42063492063492064,-0.0007207225089575312,9.0,11.0,8.0
2026-05-29,IXJ,health_care,VT,-0.020313220764719864,0.47619047619047616,-0.0009225801312519573,-0.14293437698345746,0.3968253968253968,-0.00228351435697028,-0.19013655435983212,0.42857142857142855,-0.0014383362526119979,3.0,10.0,11.0
2026-05-29,JXI,utilities,VT,-0.08759439254304913,0.3333333333333333,-0.004078325052340282,-0.13104783312807544,0.3492063492063492,-0.0020746090171632407,-0.08879558976897517,0.47619047619047616,-0.0006371846368748753,10.0,9.0,7.0
2026-05-29,REET,real_estate,VT,-0.04523587425846576,0.23809523809523808,-0.0020793428173714007,-0.0663608934472888,0.4126984126984127,-0.0010320482746813892,-0.05283332918174444,0.4523809523809524,-0.0003850665086461526,8.0,5.0,5.0
2026-05-29,IXP,communication_services,VT,-0.040242884476692886,0.38095238095238093,-0.0018396421012600544,-0.0605955151251778,0.4126984126984127,-0.0009298686611868789,-0.12695263377428323,0.4444444444444444,-0.0009271699024012712,6.0,4.0,9.0
2026-06-01,IXN,technology,VT,0.18249271142508405,0.7619047619047619,0.00778947612095926,0.30262917308372117,0.6984126984126984,0.004027254851349825,0.2958592614019915,0.626984126984127,0.0019153112572762997,1.0,1.0,1.0
2026-06-01,IXG,financials,VT,-0.05263650410427523,0.3333333333333333,-0.0024536383381896787,-0.057157766375995456,0.47619047619047616,-0.0008664085220682424,-0.08836039424056907,0.4603174603174603,-0.00063295740796138,6.0,3.0,6.0
2026-06-01,EXI,industrials,VT,-0.06088667207795817,0.23809523809523808,-0.002813387520255342,-0.1123656323796357,0.31746031746031744,-0.0016971076620260646,-0.007337870201904018,0.46825396825396826,-1.9850938292359423e-05,7.0,8.0,4.0
2026-06-01,IXC,energy,VT,-0.09470848739831972,0.38095238095238093,-0.00441389678128704,-0.0564684926056096,0.49206349206349204,-0.0008093731273027869,0.15857058596543516,0.5317460317460317,0.001085570970207606,10.0,2.0,2.0
2026-06-01,MXI,materials,VT,-0.02497889121886554,0.5714285714285714,-0.0010576604195437305,-0.10830655983071213,0.4444444444444444,-0.0015973554738371366,0.07881568412010242,0.5873015873015873,0.0005959483420118056,2.0,7.0,3.0
2026-06-01,RXI,consumer_discretionary,VT,-0.04621580975409434,0.38095238095238093,-0.0021225571094209655,-0.09586115171857601,0.4126984126984127,-0.0014456004641711416,-0.16450876005527248,0.3968253968253968,-0.0012145811534017034,4.0,6.0,10.0
2026-06-01,KXI,consumer_staples,VT,-0.07922284985047356,0.2857142857142857,-0.0037369940088710853,-0.15987590384399764,0.3333333333333333,-0.0025550753135872364,-0.11599326933923204,0.4126984126984127,-0.0008560985008453581,9.0,11.0,7.0
2026-06-01,IXJ,health_care,VT,-0.04840380936295996,0.42857142857142855,-0.0022544151915142954,-0.15460979889684578,0.3968253968253968,-0.0024594016086488864,-0.19938923113971063,0.42857142857142855,-0.001522632948922416,5.0,10.0,11.0
2026-06-01,JXI,utilities,VT,-0.1229783644396466,0.2857142857142857,-0.005917478871311274,-0.15459642213248148,0.3492063492063492,-0.0024490007104980916,-0.12264443446773399,0.46825396825396826,-0.0008983880281475341,11.0,9.0,9.0
2026-06-01,REET,real_estate,VT,-0.06907360436307797,0.19047619047619047,-0.0032441158634239167,-0.09420502169112177,0.3968253968253968,-0.0014610020668881455,-0.07378290271214794,0.4523809523809524,-0.0005396395152231534,8.0,5.0,5.0
2026-06-01,IXP,communication_services,VT,-0.04586461876652992,0.3333333333333333,-0.0021325983173555983,-0.06071061104618192,0.4126984126984127,-0.0009233175031790322,-0.11793456970768856,0.4444444444444444,-0.0008618688054213489,3.0,4.0,8.0
2026-06-02,IXN,technology,VT,0.17665611571201767,0.7619047619047619,0.007540095278300087,0.32540287226528464,0.7142857142857143,0.004195711913430682,0.3031332268416742,0.626984126984127,0.001955765828153498,1.0,1.0,1.0
2026-06-02,IXG,financials,VT,-0.04678508139300375,0.3333333333333333,-0.0021685718442167046,-0.06546601377623884,0.4603174603174603,-0.0009691848994048287,-0.09137744075802812,0.4523809523809524,-0.0006558558974749406,4.0,3.0,6.0
2026-06-02,EXI,industrials,VT,-0.05079277242292268,0.2857142857142857,-0.002322392828525712,-0.10636699243066117,0.3333333333333333,-0.0015594079269178214,-0.005471202721661017,0.46825396825396826,-6.741554417773298e-06,5.0,8.0,4.0
2026-06-02,IXC,energy,VT,-0.07167888786422061,0.42857142857142855,-0.0032676358637049,-0.05722356427022279,0.49206349206349204,-0.0007960184630219274,0.16341610886619096,0.5317460317460317,0.0011154663573409854,9.0,2.0,2.0
2026-06-02,MXI,materials,VT,-0.009119131017195192,0.6190476190476191,-0.0003222787805590525,-0.08237156613403052,0.4603174603174603,-0.0011569568643504545,0.08442648768804228,0.5873015873015873,0.0006327062034867068,2.0,4.0,3.0
2026-06-02,RXI,consumer_discretionary,VT,-0.04180423535886191,0.42857142857142855,-0.0019074032239780564,-0.09589675464199487,0.42857142857142855,-0.001409211874414162,-0.162689673765955,0.40476190476190477,-0.0011998426246491352,3.0,6.0,10.0
2026-06-02,KXI,consumer_staples,VT,-0.08150242134537056,0.2857142857142857,-0.003836983776751124,-0.1714674698071783,0.31746031746031744,-0.0026820975179876103,-0.12015096550238291,0.40476190476190477,-0.0008884351904019319,10.0,10.0,8.0
2026-06-02,IXJ,health_care,VT,-0.05753446123943173,0.42857142857142855,-0.002680430156621904,-0.17955873229117025,0.38095238095238093,-0.0028128966998647803,-0.2059314901167164,0.42857142857142855,-0.0015775036985249834,6.0,11.0,11.0
2026-06-02,JXI,utilities,VT,-0.10934249845848665,0.3333333333333333,-0.005201440533384148,-0.15289117609343017,0.3492063492063492,-0.002354490758215509,-0.114345856399793,0.47619047619047616,-0.0008335819446435471,11.0,9.0,7.0
2026-06-02,REET,real_estate,VT,-0.06690010595719942,0.19047619047619047,-0.0031286834915602896,-0.10468775031739308,0.38095238095238093,-0.0015871488268871172,-0.07433319206989975,0.4523809523809524,-0.0005437692780546674,8.0,7.0,5.0
2026-06-02,IXP,communication_services,VT,-0.060241673319270106,0.3333333333333333,-0.002808996152380003,-0.09297984563291628,0.3968253968253968,-0.0013930431233110231,-0.1331877555770049,0.4365079365079365,-0.0009806041180612632,7.0,5.0,9.0
2026-06-03,IXN,technology,VT,0.1645064772235243,0.7142857142857143,0.007087496223207733,0.3052854676990935,0.6984126984126984,0.0040293293016260895,0.295471879043782,0.6190476190476191,0.001920401062311597,1.0,1.0,1.0
2026-06-03,IXG,financials,VT,-0.041811511458674344,0.3333333333333333,-0.0019415678883957126,-0.0669962395830841,0.4444444444444444,-0.0010100084897087256,-0.09151646120093493,0.4523809523809524,-0.0006596237193484836,5.0,3.0,6.0
2026-06-03,EXI,industrials,VT,-0.03700640882279793,0.3333333333333333,-0.0016812678844074145,-0.09878491592898075,0.3333333333333333,-0.0014675653457733029,0.011850463937687739,0.47619047619047616,0.00011266778174781656,3.0,7.0,4.0
2026-06-03,IXC,energy,VT,-0.06662724179295076,0.42857142857142855,-0.0030329279727722147,-0.023145259152876907,0.5079365079365079,-0.00029540983343624905,0.1715196135644259,0.5317460317460317,0.0011687007007826625,9.0,2.0,2.0
2026-06-03,MXI,materials,VT,0.002115241230325582,0.6190476190476191,0.0001822356352581518,-0.07647729587352026,0.4603174603174603,-0.0010859983145471836,0.0776856836403359,0.5793650793650794,0.000591177689181451,2.0,4.0,3.0
2026-06-03,RXI,consumer_discretionary,VT,-0.0393572658098853,0.42857142857142855,-0.0017984383660518846,-0.10074646317887836,0.4126984126984127,-0.0015130859433872875,-0.1685162867223673,0.3968253968253968,-0.001252415285083958,4.0,8.0,10.0
2026-06-03,KXI,consumer_staples,VT,-0.06731862717207371,0.3333333333333333,-0.003159272217388257,-0.1492354234441683,0.3333333333333333,-0.0023531374551201767,-0.11367846437245133,0.40476190476190477,-0.0008421349651802572,10.0,10.0,8.0
2026-06-03,IXJ,health_care,VT,-0.04571275436629807,0.42857142857142855,-0.0021255376050988784,-0.16126411585200218,0.3968253968253968,-0.0025506532093349196,-0.18469307295812432,0.4365079365079365,-0.0014067053152445018,6.0,11.0,11.0
2026-06-03,JXI,utilities,VT,-0.09991329500185808,0.38095238095238093,-0.004745821204883559,-0.14247995552676218,0.36507936507936506,-0.002223530327828385,-0.09494803568069221,0.48412698412698413,-0.0006896289375300944,11.0,9.0,7.0
2026-06-03,REET,real_estate,VT,-0.05648258371843751,0.23809523809523808,-0.0026388204279451494,-0.0883263121786102,0.3968253968253968,-0.0013545895397852926,-0.06037592617612364,0.4603174603174603,-0.0004431821076033659,7.0,5.0,5.0
2026-06-03,IXP,communication_services,VT,-0.06137378592663534,0.3333333333333333,-0.002871592424842489,-0.09377270259869652,0.38095238095238093,-0.0014308800176353997,-0.13345279369220808,0.4365079365079365,-0.0009868706561978566,8.0,6.0,9.0
2026-06-04,IXN,technology,VT,0.12602382698441583,0.6666666666666666,0.005582273724526534,0.27765732510760044,0.6825396825396826,0.0036648071881307757,0.2562577878964656,0.6111111111111112,0.001697986757525691,1.0,1.0,1.0
2026-06-04,IXG,financials,VT,-0.021094831047705265,0.38095238095238093,-0.0009681359025205182,-0.05182280324649091,0.4444444444444444,-0.0007612302728304962,-0.07590595222854368,0.4523809523809524,-0.0005396252135235388,4.0,3.0,6.0
2026-06-04,EXI,industrials,VT,-0.038002602931608065,0.3333333333333333,-0.0017423027917919784,-0.08192197304001914,0.3492063492063492,-0.0011835848251744757,0.013138981522180071,0.47619047619047616,0.00012150299507297988,6.0,5.0,4.0
2026-06-04,IXC,energy,VT,-0.06201944575073459,0.42857142857142855,-0.0028277092463048267,-0.04637308911072724,0.49206349206349204,-0.0006332871299087187,0.18067130967322353,0.5317460317460317,0.0012215474662984073,9.0,2.0,2.0
2026-06-04,MXI,materials,VT,-0.0067607217438143685,0.5714285714285714,-0.00022639155981621757,-0.0662741301492078,0.4603174603174603,-0.0009160448803330317,0.07961128821577335,0.5793650793650794,0.0006026630354064315,2.0,4.0,3.0
2026-06-04,RXI,consumer_discretionary,VT,-0.03589375662174943,0.42857142857142855,-0.0016449996839853329,-0.10590156349453994,0.3968253968253968,-0.0015695437889553627,-0.16686512166963907,0.3968253968253968,-0.0012363785170999239,5.0,8.0,11.0
2026-06-04,KXI,consumer_staples,VT,-0.06950671807286113,0.3333333333333333,-0.0032867492105333965,-0.1444246320603081,0.3333333333333333,-0.0022389832552859945,-0.11454239563624347,0.40476190476190477,-0.0008472348208506071,10.0,11.0,8.0
2026-06-04,IXJ,health_care,VT,-0.012530503428620055,0.47619047619047616,-0.0005567084850366177,-0.12746474731122137,0.4126984126984127,-0.0019471900360780786,-0.15547362602671422,0.4444444444444444,-0.0011612626638587895,3.0,9.0,10.0
2026-06-04,JXI,utilities,VT,-0.09044711643638792,0.42857142857142855,-0.004300057818033818,-0.14390452048824587,0.36507936507936506,-0.002209931812894452,-0.08688475051338318,0.49206349206349204,-0.0006272055621214862,11.0,10.0,7.0
2026-06-04,REET,real_estate,VT,-0.044778862930145547,0.2857142857142857,-0.0020905962816427596,-0.08533551317873855,0.3968253968253968,-0.0012854875692869566,-0.05083638592600348,0.46825396825396826,-0.00037215997223101504,7.0,6.0,5.0
2026-06-04,IXP,communication_services,VT,-0.055858694924209584,0.3333333333333333,-0.002621961218195859,-0.10214385294466832,0.36507936507936506,-0.0015393294891051614,-0.13510323997510265,0.4365079365079365,-0.0009979584938454864,8.0,7.0,9.0
2026-06-05,IXN,technology,VT,0.05863586009232613,0.6190476190476191,0.0029805169761492954,0.22320998168531903,0.6825396825396826,0.0031158420219155416,0.19259836144397058,0.6111111111111112,0.0013873446213313694,1.0,1.0,1.0
2026-06-05,IXG,financials,VT,0.00244969702042086,0.42857142857142855,0.00010378173580210828,-0.025590083598055147,0.4603174603174603,-0.00038624524521508214,-0.053283813249868306,0.4523809523809524,-0.0003902114724115756,4.0,2.0,7.0
2026-06-05,EXI,industrials,VT,-0.030600102074823887,0.3333333333333333,-0.0014935391146172748,-0.06576733692587977,0.3492063492063492,-0.0009606871031980239,0.02074220531171589,0.47619047619047616,0.0001755186910969272,10.0,6.0,4.0
2026-06-05,IXC,energy,VT,0.00504374201891733,0.47619047619047616,0.000299464818167952,-0.054353687809205686,0.49206349206349204,-0.0007729811252392147,0.17134536714348614,0.5317460317460317,0.0011993166157690492,3.0,4.0,2.0
2026-06-05,MXI,materials,VT,-0.02714425376623486,0.5238095238095238,-0.0012378058364931016,-0.06436201840471312,0.4603174603174603,-0.000903736030601544,0.06082047973504401,0.5714285714285714,0.0004962377517343713,9.0,5.0,3.0
2026-06-05,RXI,consumer_discretionary,VT,-0.026146173934655237,0.42857142857142855,-0.0012709904051624997,-0.09009197042344541,0.3968253968253968,-0.0013540026620309975,-0.15030967968841236,0.3968253968253968,-0.0011486400896919759,7.0,7.0,11.0
2026-06-05,KXI,consumer_staples,VT,-0.014709754124416774,0.38095238095238093,-0.000724396407522093,-0.11386488110140247,0.3333333333333333,-0.0017844756988191742,-0.061456767907751786,0.4126984126984127,-0.00046619464550665606,6.0,10.0,8.0
2026-06-05,IXJ,health_care,VT,0.0387295925315122,0.5238095238095238,0.001830658299054774,-0.09362669945977942,0.4126984126984127,-0.0014438304619799123,-0.11504719875057312,0.4444444444444444,-0.0008776946602864501,2.0,9.0,9.0
2026-06-05,JXI,utilities,VT,-0.027085569536515863,0.47619047619047616,-0.0013115648782657755,-0.11450742386893298,0.36507936507936506,-0.0017754688220021767,-0.04167576433115383,0.5,-0.00030815375097752943,8.0,11.0,6.0
2026-06-05,REET,real_estate,VT,-0.005966087782763307,0.3333333333333333,-0.0003059311593837628,-0.04871563173858795,0.4126984126984127,-0.0007486927539077577,-0.010214840067132025,0.47619047619047616,-8.791481873863796e-05,5.0,3.0,5.0
2026-06-05,IXP,communication_services,VT,-0.041128220817951644,0.38095238095238093,-0.0020307326552495035,-0.09283307288168641,0.36507936507936506,-0.0014258428021917881,-0.11647950598677859,0.4444444444444444,-0.0008870464513803359,11.0,8.0,10.0
2026-06-08,IXN,technology,VT,0.07592636271566011,0.6190476190476191,0.0037263348717620254,0.2311245526021517,0.6825396825396826,0.0032241717613357692,0.2161051880228495,0.6111111111111112,0.001527771076259938,1.0,1.0,1.0
2026-06-08,IXG,financials,VT,0.00034080899237998175,0.42857142857142855,4.775512127963566e-07,-0.02193357381212313,0.4603174603174603,-0.00033243195993254865,-0.059980207003470065,0.4444444444444444,-0.00043958475701467574,4.0,2.0,7.0
2026-06-08,EXI,industrials,VT,-0.026420536754320767,0.3333333333333333,-0.0012763018027397062,-0.0656724666945907,0.3492063492063492,-0.0009629491247722424,0.00772416285668398,0.46825396825396826,8.233196546221973e-05,7.0,5.0,4.0
2026-06-08,IXC,energy,VT,0.02185497816316251,0.5238095238095238,0.0010758800657824244,-0.03897162780345309,0.5079365079365079,-0.0005390395375469368,0.17676103045374147,0.5317460317460317,0.0012293163509602032,3.0,3.0,2.0
2026-06-08,MXI,materials,VT,-0.034324011414320954,0.5238095238095238,-0.001572914898938579,-0.07304768274163354,0.4603174603174603,-0.0010431292533575464,0.045444974518475734,0.5634920634920635,0.00038949509115625785,9.0,6.0,3.0
2026-06-08,RXI,consumer_discretionary,VT,-0.03126121393715464,0.38095238095238093,-0.0015022051583102748,-0.08777776213516486,0.3968253968253968,-0.001322401565397706,-0.15008950650331132,0.3968253968253968,-0.0011423274080134373,8.0,7.0,11.0
2026-06-08,KXI,consumer_staples,VT,-0.023054225739133183,0.3333333333333333,-0.001117805946268662,-0.11685535683550097,0.3333333333333333,-0.0018407581327123885,-0.06316114512460258,0.4126984126984127,-0.00047763228025826047,6.0,10.0,8.0
2026-06-08,IXJ,health_care,VT,0.02896896373783897,0.5238095238095238,0.0013583142019159052,-0.10411050439009562,0.3968253968253968,-0.0016193345085095234,-0.1167192078349516,0.4444444444444444,-0.0008879744497507485,2.0,9.0,9.0
2026-06-08,JXI,utilities,VT,-0.03896324988202493,0.47619047619047616,-0.0018754532981945541,-0.12816602791845821,0.36507936507936506,-0.002006860713935988,-0.056380450591249076,0.5,-0.00041689445497689753,10.0,11.0,6.0
2026-06-08,REET,real_estate,VT,-0.018858340968668785,0.3333333333333333,-0.000919786123768032,-0.05549115766621293,0.4126984126984127,-0.0008551550237176679,-0.01872803931865885,0.47619047619047616,-0.00014948956741738908,5.0,4.0,5.0
2026-06-08,IXP,communication_services,VT,-0.055467684306829135,0.3333333333333333,-0.0027149312425359937,-0.09601359036260948,0.36507936507936506,-0.0014826654189701394,-0.12925014230392462,0.4365079365079365,-0.000987106325718071,11.0,8.0,10.0
2026-06-09,IXN,technology,VT,0.031157613004147988,0.5714285714285714,0.0017031480122125494,0.21140600235029638,0.6666666666666666,0.0029884990667774433,0.19091971877156344,0.6031746031746031,0.0013795468154870689,2.0,1.0,1.0
2026-06-09,IXG,financials,VT,0.01996706784155511,0.47619047619047616,0.0009347785733417456,-0.015458869625496474,0.4603174603174603,-0.00023547862525355147,-0.049717349246773734,0.4523809523809524,-0.0003629191683450851,4.0,2.0,8.0
2026-06-09,EXI,industrials,VT,-0.013900308937985106,0.38095238095238093,-0.0006756915641260997,-0.06418846633469655,0.3492063492063492,-0.0009407873569241871,0.015272768401647818,0.47619047619047616,0.00013639595280819997,7.0,5.0,4.0
2026-06-09,IXC,energy,VT,0.02225567921531102,0.5238095238095238,0.0011126091366037256,-0.044179656414855994,0.5079365079365079,-0.0006180684191358916,0.1717313245154224,0.5317460317460317,0.0012021255918894828,3.0,4.0,2.0
2026-06-09,MXI,materials,VT,-0.028839598847053116,0.5238095238095238,-0.0013201914696605694,-0.06739501970713935,0.4603174603174603,-0.0009550537703513077,0.05996241683913506,0.5714285714285714,0.000490570637069404,10.0,6.0,3.0
2026-06-09,RXI,consumer_discretionary,VT,-0.017892183363896752,0.42857142857142855,-0.0008594197910705889,-0.07795151081796137,0.4126984126984127,-0.0011672892246829204,-0.14745873365373785,0.3968253968253968,-0.0011243695638075753,9.0,7.0,11.0
2026-06-09,KXI,consumer_staples,VT,-0.0036545231486094787,0.38095238095238093,-0.00018300895468383765,-0.1004930584694943,0.3492063492063492,-0.0015744733986820922,-0.04743241408271115,0.42063492063492064,-0.00035929277519961483,6.0,9.0,7.0
2026-06-09,IXJ,health_care,VT,0.0561075124460888,0.5714285714285714,0.0026237985059181803,-0.0845488108610507,0.4126984126984127,-0.0013053797556610309,-0.0998587586008135,0.4523809523809524,-0.0007556493659970204,1.0,8.0,9.0
2026-06-09,JXI,utilities,VT,-0.01530662668011129,0.5238095238095238,-0.0007263640860889751,-0.11500589358521174,0.38095238095238093,-0.0017901465678535882,-0.03373343683690222,0.5079365079365079,-0.0002477812491998854,8.0,11.0,6.0
2026-06-09,REET,real_estate,VT,0.007859674831773189,0.38095238095238093,0.0003684585318818323,-0.03500664714435797,0.4126984126984127,-0.0005386352107624285,0.008273301596341875,0.48412698412698413,4.717664404624377e-05,5.0,3.0,5.0
2026-06-09,IXP,communication_services,VT,-0.046089251432173794,0.3333333333333333,-0.002269137077192483,-0.10361515780410657,0.3492063492063492,-0.0016077196673508047,-0.13640192350907165,0.42857142857142855,-0.0010493187385431368,11.0,10.0,10.0
2026-06-10,IXN,technology,VT,0.01124406846832915,0.5238095238095238,0.0007862280133903179,0.1863895908132429,0.6507936507936508,0.0027147539700896083,0.15975608165698674,0.5952380952380952,0.001199856725459161,6.0,1.0,2.0
2026-06-10,IXG,financials,VT,0.029515692833769425,0.5238095238095238,0.0013999898894194941,-0.003754945122099951,0.47619047619047616,-6.416913549302965e-05,-0.042685926791733664,0.4603174603174603,-0.0003146512805229664,3.0,2.0,8.0
2026-06-10,EXI,industrials,VT,-0.027664629229932847,0.3333333333333333,-0.0013584445741059966,-0.07128654394778156,0.3492063492063492,-0.0010641094907235173,-0.0022825604540557265,0.46825396825396826,1.266351060511733e-05,10.0,6.0,5.0
2026-06-10,IXC,energy,VT,0.026303695409199745,0.5238095238095238,0.001305749618834879,-0.039809754172058565,0.5079365079365079,-0.0005649151475796443,0.20986713298931847,0.5396825396825397,0.001451892459006025,4.0,4.0,1.0
2026-06-10,MXI,materials,VT,-0.05160049930144839,0.47619047619047616,-0.0024972636364763725,-0.07550262575090161,0.4603174603174603,-0.0010969483502417982,0.060413091921542206,0.5714285714285714,0.0004996338180665195,11.0,8.0,3.0
2026-06-10,RXI,consumer_discretionary,VT,-0.007025035365107901,0.42857142857142855,-0.00034008164863853443,-0.08025126878808941,0.3968253968253968,-0.0012218230610856068,-0.1370177677831479,0.3968253968253968,-0.0010526833990998595,7.0,9.0,11.0
2026-06-10,KXI,consumer_staples,VT,0.03866985715729743,0.42857142857142855,0.001836629343434553,-0.05889754898327437,0.36507936507936506,-0.0009282052326223141,-0.008423538253803597,0.42857142857142855,-7.175098399239203e-05,2.0,5.0,6.0
2026-06-10,IXJ,health_care,VT,0.0660498626707593,0.6190476190476191,0.003117758200719335,-0.0750633286349709,0.42857142857142855,-0.0011731658067374306,-0.08663907630368683,0.4603174603174603,-0.0006609808970717147,1.0,7.0,9.0
2026-06-10,JXI,utilities,VT,-0.008458479349922388,0.5238095238095238,-0.00040829706882654956,-0.09548742508769492,0.3968253968253968,-0.0014965989525685599,-0.013145193603301575,0.5158730158730159,-9.85610537944051e-05,8.0,11.0,7.0
2026-06-10,REET,real_estate,VT,0.026268334767601598,0.42857142857142855,0.0012499394481915753,-0.007805870325637176,0.42857142857142855,-0.0001348910819630874,0.03415022678200752,0.49206349206349204,0.0002319439818692824,5.0,3.0,4.0
2026-06-10,IXP,communication_services,VT,-0.02071124258088941,0.38095238095238093,-0.0010391079904969749,-0.09103021519795129,0.36507936507936506,-0.0014271205456656295,-0.11470747841398499,0.4365079365079365,-0.0008860836002157656,9.0,10.0,10.0
2026-06-11,IXN,technology,VT,0.050740846263628736,0.5714285714285714,0.002607001509766449,0.23200423271203974,0.6666666666666666,0.0031774689793808444,0.18807251739869857,0.5952380952380952,0.001355109600544027,1.0,1.0,1.0
2026-06-11,IXG,financials,VT,0.014646599501891844,0.47619047619047616,0.0006656563702398374,-0.0051453485212515915,0.47619047619047616,-8.549939353839358e-05,-0.050092203800972124,0.4603174603174603,-0.0003626328592820876,3.0,2.0,8.0
2026-06-11,EXI,industrials,VT,-0.0207912203217705,0.38095238095238093,-0.0009751649969773465,-0.06232471641279913,0.36507936507936506,-0.0008795748774300795,0.009754965473199873,0.47619047619047616,9.9957365447945e-05,7.0,4.0,5.0
2026-06-11,IXC,energy,VT,-0.023118682515884115,0.47619047619047616,-0.0010741342416359853,-0.10528740744862186,0.49206349206349204,-0.001544006353170454,0.1656072573596752,0.5317460317460317,0.0011485524217171755,8.0,9.0,2.0
2026-06-11,MXI,materials,VT,-0.04442181898803621,0.47619047619047616,-0.0020396898557336987,-0.07320223184724362,0.4603174603174603,-0.0010033622796671551,0.07594539365707975,0.5714285714285714,0.0005970280546529122,11.0,5.0,3.0
2026-06-11,RXI,consumer_discretionary,VT,-0.009633266502227844,0.38095238095238093,-0.0004565299834066489,-0.08129877883607262,0.3968253968253968,-0.001187661458346861,-0.14160235005201316,0.3968253968253968,-0.0010620582749728635,6.0,6.0,11.0
2026-06-11,KXI,consumer_staples,VT,-0.0010307510539391274,0.38095238095238093,-7.423995144669895e-05,-0.10144420856339664,0.3492063492063492,-0.0015486052133383682,-0.03572030145795657,0.42063492063492064,-0.0002706850793607118,5.0,8.0,7.0
2026-06-11,IXJ,health_care,VT,0.03295029829901597,0.5714285714285714,0.0015226852305613794,-0.09181454142457546,0.4126984126984127,-0.0013862511294386905,-0.09080327615933337,0.4603174603174603,-0.0006782900828906937,2.0,7.0,9.0
2026-06-11,JXI,utilities,VT,-0.026338877325208454,0.47619047619047616,-0.0012656742447517953,-0.136318907140063,0.38095238095238093,-0.0020868665035830114,-0.02643772713903303,0.5158730158730159,-0.00019434280824692695,9.0,11.0,6.0
2026-06-11,REET,real_estate,VT,0.003154668019276885,0.38095238095238093,0.00012471687078887048,-0.03868271667170342,0.4126984126984127,-0.0005835292255649201,0.017466859561116266,0.49206349206349204,0.00010770899323913557,4.0,3.0,4.0
2026-06-11,IXP,communication_services,VT,-0.04333515795955012,0.3333333333333333,-0.0021232549179868694,-0.11394267026907168,0.3492063492063492,-0.0017310272808722994,-0.13317158429008302,0.42857142857142855,-0.0010127199804578426,10.0,10.0,10.0
2026-06-12,IXN,technology,VT,0.042588532597567674,0.5238095238095238,0.0022398385656258496,0.23641232070145968,0.6666666666666666,0.0031968480233524037,0.1935795090752468,0.5952380952380952,0.0013936444468872573,1.0,1.0,1.0
2026-06-12,IXG,financials,VT,0.03885605562469374,0.5238095238095238,0.001786830839474211,0.0024965899701618888,0.47619047619047616,2.4828924491890997e-05,-0.04473890609858566,0.4603174603174603,-0.00032393309048305604,2.0,2.0,8.0
2026-06-12,EXI,industrials,VT,-0.01701054851128514,0.38095238095238093,-0.0007943518314068218,-0.0627197838770357,0.36507936507936506,-0.0008747528492721392,0.0027707986210070423,0.46825396825396826,5.013792442167009e-05,7.0,5.0,5.0
2026-06-12,IXC,energy,VT,-0.017406041421272445,0.47619047619047616,-0.0007999781034776076,-0.12042277314719563,0.47619047619047616,-0.00176236177722051,0.16338034142379865,0.5317460317460317,0.0011389036921026457,9.0,10.0,2.0
2026-06-12,MXI,materials,VT,-0.030946836088690977,0.47619047619047616,-0.0013745344345803862,-0.04213085915666226,0.47619047619047616,-0.000528513897910828,0.08397572875231196,0.5714285714285714,0.0006532455068359091,10.0,4.0,3.0
2026-06-12,RXI,consumer_discretionary,VT,-0.017059494063012326,0.3333333333333333,-0.0008161093792819459,-0.08607417820516838,0.38095238095238093,-0.0012461232627832654,-0.14634403337762258,0.3888888888888889,-0.0011059716628561238,8.0,6.0,11.0
2026-06-12,KXI,consumer_staples,VT,0.0038671382747765826,0.38095238095238093,0.00015815858579816742,-0.11264706101432331,0.3333333333333333,-0.001704716980908769,-0.03223685075712179,0.42063492063492064,-0.0002459162806794633,5.0,8.0,7.0
2026-06-12,IXJ,health_care,VT,0.027663358586175635,0.5714285714285714,0.0012835010989048702,-0.10215021860191831,0.3968253968253968,-0.0015293924811242505,-0.1042787467335462,0.4523809523809524,-0.0007874632547117664,3.0,7.0,9.0
2026-06-12,JXI,utilities,VT,-0.011720177695730527,0.47619047619047616,-0.0005639884625922443,-0.15175779025379177,0.36507936507936506,-0.002311290496964839,-0.0192550141438097,0.5158730158730159,-0.00014247676353986523,6.0,11.0,6.0
2026-06-12,REET,real_estate,VT,0.018117203315892727,0.42857142857142855,0.0008275869186894703,-0.038215714222374686,0.4126984126984127,-0.0005694857714848074,0.026079542447763338,0.5,0.00016894551044301296,4.0,3.0,4.0
2026-06-12,IXP,communication_services,VT,-0.05258476803780032,0.2857142857142857,-0.0025932897443499982,-0.11436860307465224,0.3492063492063492,-0.0017168681829019769,-0.12479977588033098,0.42857142857142855,-0.0009492208361997101,11.0,9.0,10.0
2026-06-15,IXN,technology,VT,0.05573835901986901,0.5238095238095238,0.002828545350017573,0.2585355361887369,0.6666666666666666,0.0034565968932100586,0.23718279640084639,0.6031746031746031,0.0016415314922022045,1.0,1.0,1.0
2026-06-15,IXG,financials,VT,0.025645533479274896,0.47619047619047616,0.0011616747718410211,-0.015124565561747128,0.4603174603174603,-0.00022808872034676478,-0.07133991583335697,0.4523809523809524,-0.0005193964015804356,2.0,2.0,8.0
2026-06-15,EXI,industrials,VT,-0.016091035318426705,0.38095238095238093,-0.0007431577930278731,-0.0646113940927695,0.36507936507936506,-0.0009021264926132099,-0.009272642034910517,0.4603174603174603,-3.6078578237055476e-05,8.0,5.0,5.0
2026-06-15,IXC,energy,VT,-0.06705746679040214,0.42857142857142855,-0.003194176271059298,-0.16175304429783266,0.47619047619047616,-0.002418414091991021,0.10978989561022945,0.5317460317460317,0.0007924875373265039,11.0,11.0,2.0
2026-06-15,MXI,materials,VT,-0.01604051910591564,0.5238095238095238,-0.0006440673272330893,-0.04019051562804732,0.49206349206349204,-0.0004987556254299378,0.06876269672734048,0.5714285714285714,0.0005446599349136503,7.0,3.0,3.0
2026-06-15,RXI,consumer_discretionary,VT,-0.010045320854428885,0.3333333333333333,-0.00047409880236936095,-0.08520079269507597,0.38095238095238093,-0.001230727049585759,-0.15267664803437964,0.38095238095238093,-0.0011425278967208015,5.0,6.0,11.0
2026-06-15,KXI,consumer_staples,VT,-0.014765001755590257,0.38095238095238093,-0.0007257154206243632,-0.12592444655473967,0.3333333333333333,-0.001912450938329048,-0.0593134252974048,0.4126984126984127,-0.00044311931550840045,6.0,9.0,7.0
2026-06-15,IXJ,health_care,VT,0.012299616540843772,0.5714285714285714,0.0005590833427187713,-0.120307384521944,0.3968253968253968,-0.0018125197680231302,-0.13256207317985624,0.4444444444444444,-0.0010011763201260284,3.0,8.0,10.0
2026-06-15,JXI,utilities,VT,-0.02103904883885155,0.47619047619047616,-0.001005939549560641,-0.15707515961768193,0.36507936507936506,-0.002395520487767257,-0.03363283527137151,0.5079365079365079,-0.00024552040941702404,9.0,10.0,6.0
2026-06-15,REET,real_estate,VT,0.0019580315245977253,0.42857142857142855,6.413526921699746e-05,-0.058661930403666185,0.4126984126984127,-0.0008718683977107555,0.0036558585175348046,0.49206349206349204,9.631613984015549e-06,4.0,4.0,4.0
2026-06-15,IXP,communication_services,VT,-0.04690652431173681,0.2857142857142857,-0.0022869931966098705,-0.11586721269817013,0.3492063492063492,-0.0017382214514922723,-0.12432899666251052,0.42857142857142855,-0.0009332510250251187,10.0,7.0,9.0
2026-06-16,IXN,technology,VT,0.03992289889432543,0.5238095238095238,0.00211089701866913,0.22585691740384095,0.6507936507936508,0.0031047553268787934,0.23554319259903833,0.6031746031746031,0.0016249937341582057,1.0,1.0,1.0
2026-06-16,IXG,financials,VT,0.0360226580645131,0.47619047619047616,0.0016244358557779466,0.006620363777928739,0.47619047619047616,8.241657694312781e-05,-0.06169104930064395,0.4523809523809524,-0.00044367955919626356,2.0,2.0,7.0
2026-06-16,EXI,industrials,VT,-0.0015777943454036158,0.42857142857142855,-6.061339742409929e-05,-0.051926938063213024,0.38095238095238093,-0.0007195846902678568,-0.0036016209070031113,0.4603174603174603,4.589088566477954e-06,6.0,5.0,5.0
2026-06-16,IXC,energy,VT,-0.1003314617157447,0.38095238095238093,-0.0048332635038308,-0.1694141306851159,0.4603174603174603,-0.002570078233119547,0.10867490714887751,0.5238095238095238,0.0007820302658319928,11.0,11.0,2.0
2026-06-16,MXI,materials,VT,0.015822170153672044,0.5714285714285714,0.000808539539132064,-0.028623292491554153,0.5079365079365079,-0.00033377149421472065,0.07049026348323917,0.5714285714285714,0.0005541583982432914,3.0,3.0,3.0
2026-06-16,RXI,consumer_discretionary,VT,-0.0056097774491215,0.38095238095238093,-0.00026324965576130486,-0.07914421612967604,0.3968253968253968,-0.0011486346659494641,-0.1629410172032164,0.38095238095238093,-0.0012200595291949436,8.0,6.0,11.0
2026-06-16,KXI,consumer_staples,VT,-0.021603524026735155,0.38095238095238093,-0.0010344577331472538,-0.11018235619508432,0.3492063492063492,-0.0016788895774017692,-0.06723495770246735,0.4126984126984127,-0.0004996784513499766,9.0,9.0,8.0
2026-06-16,IXJ,health_care,VT,0.00936856636763439,0.5714285714285714,0.0004215781877452101,-0.1065138889969448,0.4126984126984127,-0.0016102152330037922,-0.1389719008046847,0.4444444444444444,-0.0010469362544086775,4.0,7.0,10.0
2026-06-16,JXI,utilities,VT,-0.003896939046303949,0.5238095238095238,-0.00020208906359753782,-0.1470771985121916,0.38095238095238093,-0.002252381248983489,-0.03382509780306808,0.5079365079365079,-0.000245469060947612,7.0,10.0,6.0
2026-06-16,REET,real_estate,VT,0.00838188699623843,0.47619047619047616,0.0003579853675908491,-0.05178447285359655,0.42857142857142855,-0.0007763322632076166,-0.00011798151993991368,0.49206349206349204,-1.667546202876484e-05,5.0,4.0,4.0
2026-06-16,IXP,communication_services,VT,-0.050014623569471506,0.2857142857142857,-0.0024083972141368763,-0.10862378082617541,0.36507936507936506,-0.0016389037334668182,-0.12314139269982016,0.42857142857142855,-0.0009191208732240194,10.0,8.0,9.0
2026-06-17,IXN,technology,VT,0.06094020539509892,0.5714285714285714,0.0030640373876926327,0.23701886414545625,0.6507936507936508,0.003220727731422358,0.25657123847954266,0.6111111111111112,0.0017604682597362564,1.0,1.0,1.0
2026-06-17,IXG,financials,VT,0.032352465932834695,0.47619047619047616,0.001471310109939056,0.01124844419403348,0.47619047619047616,0.000146828626552022,-0.057666272450793477,0.4523809523809524,-0.00041857739093182066,2.0,2.0,7.0
2026-06-17,EXI,industrials,VT,0.009261811023497657,0.47619047619047616,0.00044159604404563665,-0.05160097339633962,0.38095238095238093,-0.0007097789404495511,0.0026952177834047575,0.4603174603174603,4.858865898762922e-05,3.0,4.0,4.0
2026-06-17,IXC,energy,VT,-0.12078745488420917,0.3333333333333333,-0.0059718970234691245,-0.19099876864159393,0.4444444444444444,-0.0029154354954265558,0.10688979881537763,0.5238095238095238,0.0007779483298355179,11.0,11.0,2.0
2026-06-17,MXI,materials,VT,0.009062907890807992,0.5238095238095238,0.0005075892883227613,-0.022394729778481448,0.5079365079365079,-0.00024392314202028304,0.061770117866766006,0.5634920634920635,0.0005010332534587081,4.0,3.0,3.0
2026-06-17,RXI,consumer_discretionary,VT,-0.019120552660090273,0.3333333333333333,-0.000896081592774973,-0.08523781713437817,0.3968253968253968,-0.001233914791169694,-0.1800397240568925,0.373015873015873,-0.0013752686316758863,8.0,6.0,11.0
2026-06-17,KXI,consumer_staples,VT,-0.04425117711611426,0.3333333333333333,-0.0021396799298776725,-0.11190617415212922,0.3492063492063492,-0.0016967431821179474,-0.08180296535702203,0.40476190476190477,-0.0006143910753640843,9.0,8.0,8.0
2026-06-17,IXJ,health_care,VT,0.003961825139080055,0.5238095238095238,0.0001751651816304365,-0.10481077778759262,0.4126984126984127,-0.0015750609126267629,-0.15174621027980428,0.4365079365079365,-0.001162892499142626,5.0,7.0,10.0
2026-06-17,JXI,utilities,VT,-0.012786197111036124,0.47619047619047616,-0.0006233185872890028,-0.1522945795235504,0.36507936507936506,-0.002323341065198439,-0.04807760699307706,0.5,-0.0003530766209144369,7.0,10.0,6.0
2026-06-17,REET,real_estate,VT,-0.010493349501056182,0.42857142857142855,-0.0005143082278545398,-0.06740348544041397,0.4126984126984127,-0.001001992737365741,-0.01950164062295623,0.48412698412698413,-0.0001539981784713858,6.0,5.0,5.0
2026-06-17,IXP,communication_services,VT,-0.06946466161608367,0.23809523809523808,-0.003390195412271231,-0.1252788983874693,0.36507936507936506,-0.0018880955510020092,-0.13593631928654026,0.42857142857142855,-0.0010292884723479415,10.0,9.0,9.0
2026-06-18,IXN,technology,VT,0.09105580286384152,0.6190476190476191,0.004332514858512006,0.2705605183195172,0.6507936507936508,0.003576345225280832,0.28818029634738807,0.6111111111111112,0.0019208563517166266,1.0,1.0,1.0
2026-06-18,IXG,financials,VT,0.015580308643601715,0.42857142857142855,0.0006886014242458822,-0.010138577614499766,0.4603174603174603,-0.0001547250788954609,-0.07506287505590503,0.4523809523809524,-0.0005414981057003524,3.0,2.0,7.0
2026-06-18,EXI,industrials,VT,0.016345655538871684,0.5238095238095238,0.0007529807934334812,-0.04249533981680309,0.3968253968253968,-0.0005674349682901233,0.006799654220885909,0.46825396825396826,7.682465405372391e-05,2.0,4.0,4.0
2026-06-18,IXC,energy,VT,-0.16016607754724044,0.2857142857142857,-0.007943992858557836,-0.23448007840845597,0.42857142857142855,-0.003620061368177505,0.10816980603463233,0.5238095238095238,0.0007723282960323135,11.0,11.0,2.0
2026-06-18,MXI,materials,VT,0.0015157506299581236,0.5238095238095238,0.00014420862835199758,-0.027157795592092526,0.5079365079365079,-0.0003109540105714731,0.034540951640746,0.5555555555555556,0.0003122111626387143,4.0,3.0,3.0
2026-06-18,RXI,consumer_discretionary,VT,-0.01917785589714871,0.3333333333333333,-0.0008828729619154178,-0.08228171984055765,0.3968253968253968,-0.0011723381355805832,-0.1865998393838434,0.36507936507936506,-0.0014067044747334476,5.0,6.0,11.0
2026-06-18,KXI,consumer_staples,VT,-0.0675992893298043,0.2857142857142857,-0.003235630310657365,-0.12155331026347138,0.3492063492063492,-0.0018247192173448954,-0.09668036350056775,0.3968253968253968,-0.0007181138506604213,9.0,7.0,8.0
2026-06-18,IXJ,health_care,VT,-0.02998527267453155,0.47619047619047616,-0.0014099376682076546,-0.12372943460472152,0.4126984126984127,-0.0018476520669491229,-0.16434870583614614,0.4365079365079365,-0.0012469566320649314,7.0,8.0,10.0
2026-06-18,JXI,utilities,VT,-0.03521530813130558,0.42857142857142855,-0.001669722287951856,-0.1618885425015678,0.36507936507936506,-0.0024463711275053263,-0.05676062536169524,0.5,-0.0004117022856631013,8.0,10.0,6.0
2026-06-18,REET,real_estate,VT,-0.028124081670853895,0.38095238095238093,-0.0013323598391556733,-0.07821282684594877,0.4126984126984127,-0.0011507655080922083,-0.028555780799519148,0.48412698412698413,-0.00021705748111368615,6.0,5.0,5.0
2026-06-18,IXP,communication_services,VT,-0.07699936927488271,0.19047619047619047,-0.0036994164401772073,-0.12811363491559957,0.36507936507936506,-0.0019066616832741992,-0.14914906599147604,0.42063492063492064,-0.0011183402660480503,10.0,9.0,9.0
2026-06-22,IXN,technology,VT,0.08587849738200348,0.6190476190476191,0.004155494750458352,0.2980295881693822,0.6666666666666666,0.0038132567854339368,0.3190611504978049,0.6190476190476191,0.0020747135621482075,1.0,1.0,1.0
2026-06-22,IXG,financials,VT,0.02054833083158103,0.42857142857142855,0.0009256016133226897,-0.016078392964135935,0.4603174603174603,-0.00023110539505525698,-0.07817796852670189,0.4523809523809524,-0.0005593717304282266,3.0,2.0,7.0
2026-06-22,EXI,industrials,VT,0.021322473844895384,0.5238095238095238,0.0009904922243974836,-0.03285134666841949,0.4126984126984127,-0.000419293474102806,0.023233153662940653,0.47619047619047616,0.0001881045455136856,2.0,4.0,3.0
2026-06-22,IXC,energy,VT,-0.11712298434625668,0.3333333333333333,-0.0057489961832402495,-0.24243559405594428,0.42857142857142855,-0.0036697311715822834,0.09113380023012563,0.5238095238095238,0.000657602912673566,11.0,11.0,2.0
2026-06-22,MXI,materials,VT,-0.007768316602557057,0.47619047619047616,-0.00029038412199948525,-0.026681891608762998,0.5079365079365079,-0.0002985019739966351,0.017357917926613675,0.5476190476190477,0.0001943368088108071,4.0,3.0,4.0
2026-06-22,RXI,consumer_discretionary,VT,-0.0454164515874792,0.2857142857142857,-0.002153997206141321,-0.10530851114996786,0.38095238095238093,-0.0014867570477285212,-0.20509369641086128,0.36507936507936506,-0.0015464191585400047,8.0,6.0,11.0
2026-06-22,KXI,consumer_staples,VT,-0.05617776931390883,0.2857142857142857,-0.0027104809418416857,-0.14069549322760344,0.3333333333333333,-0.0020787283469829577,-0.11599053463372044,0.3888888888888889,-0.0008587182645560279,9.0,8.0,8.0
2026-06-22,IXJ,health_care,VT,-0.01397763262564422,0.5238095238095238,-0.0006631891140625747,-0.1284971918486908,0.4126984126984127,-0.0018792361858373985,-0.16453266673589384,0.4365079365079365,-0.0012366141060810311,5.0,7.0,9.0
2026-06-22,JXI,utilities,VT,-0.02181465080381173,0.47619047619047616,-0.0010469377949604986,-0.14124281353394808,0.38095238095238093,-0.002076911280194391,-0.05448587394573212,0.5,-0.0003913496008460822,7.0,9.0,6.0
2026-06-22,REET,real_estate,VT,-0.01776402991572379,0.38095238095238093,-0.0008550836719331254,-0.05769290929208837,0.42857142857142855,-0.0008321823266523583,-0.030858885891108745,0.48412698412698413,-0.0002310155825296746,6.0,5.0,5.0
2026-06-22,IXP,communication_services,VT,-0.09010517249198613,0.19047619047619047,-0.004397114164443502,-0.16228273093545065,0.3492063492063492,-0.0023935204467265773,-0.17137958362350014,0.42063492063492064,-0.0012847989207643163,10.0,10.0,10.0
2026-06-23,IXN,technology,VT,0.03937420615980969,0.5714285714285714,0.0022153256912161696,0.23226528926361767,0.6507936507936508,0.003199116451097544,0.24998736135641186,0.6111111111111112,0.001741137527633623,1.0,1.0,1.0
2026-06-23,IXG,financials,VT,0.03845161143458942,0.47619047619047616,0.0017687864103767363,0.006095174336981701,0.47619047619047616,7.395551908612979e-05,-0.052982634922012384,0.4603174603174603,-0.0003867993412151058,2.0,2.0,7.0
2026-06-23,EXI,industrials,VT,0.02287665577145237,0.5238095238095238,0.0010899111810074883,-0.039068701888634205,0.3968253968253968,-0.0005286577711613475,0.017437057253360644,0.46825396825396826,0.00015233758940519105,3.0,4.0,3.0
2026-06-23,IXC,energy,VT,-0.0832694779837495,0.38095238095238093,-0.0041159234369172615,-0.20024388282324024,0.4444444444444444,-0.0030836982411146696,0.14305677684239537,0.5317460317460317,0.0010070795528320101,11.0,11.0,2.0
2026-06-23,MXI,materials,VT,-0.01966276950457091,0.42857142857142855,-0.0008717193762715757,-0.04222877907367817,0.49206349206349204,-0.0005421756080729034,0.016430175784654777,0.5476190476190477,0.00019235458066301718,8.0,5.0,4.0
2026-06-23,RXI,consumer_discretionary,VT,-0.03561126359018907,0.2857142857142857,-0.0017282826543955551,-0.09973489330903629,0.38095238095238093,-0.0014648257716693962,-0.19401219858320629,0.36507936507936506,-0.0015013716396006759,9.0,8.0,11.0
2026-06-23,KXI,consumer_staples,VT,-0.007669075055188768,0.3333333333333333,-0.0003923492834840466,-0.08355615632960389,0.3492063492063492,-0.0012589679883464881,-0.06448416103712695,0.3968253968253968,-0.00048551675595444874,7.0,7.0,8.0
2026-06-23,IXJ,health_care,VT,0.01855484550071962,0.5238095238095238,0.0008635498951512552,-0.07444273306520266,0.42857142857142855,-0.0011095136260965823,-0.11898136590716013,0.4444444444444444,-0.0009036231763317417,4.0,6.0,9.0
2026-06-23,JXI,utilities,VT,-0.0031504764017403764,0.47619047619047616,-0.00018243748287598348,-0.1043738774446128,0.3968253968253968,-0.0015741083446443598,-0.02749857243003695,0.5,-0.00020480519933424238,6.0,9.0,6.0
2026-06-23,REET,real_estate,VT,0.012084931378346875,0.42857142857142855,0.0005440133095707571,-0.015140953522716494,0.4444444444444444,-0.00024012215287950317,0.010967308627293448,0.49206349206349204,6.20777276097325e-05,5.0,3.0,5.0
2026-06-23,IXP,communication_services,VT,-0.06968617588158477,0.23809523809523808,-0.0034613645725462155,-0.13286721819996872,0.36507936507936506,-0.0020122122027881576,-0.15494433754250203,0.42063492063492064,-0.0011896402305363596,10.0,10.0,10.0
2026-06-24,IXN,technology,VT,0.03237272136314773,0.5238095238095238,0.0018964837042629433,0.23595617640316524,0.6507936507936508,0.003229243555446848,0.22861471964576063,0.6031746031746031,0.0016265931449472753,2.0,1.0,1.0
2026-06-24,IXG,financials,VT,0.03661833617632193,0.47619047619047616,0.0016902621088383542,-0.0031220957203497157,0.4603174603174603,-5.609492664772893e-05,-0.054318230865411765,0.4603174603174603,-0.00039999544463838036,1.0,2.0,8.0
2026-06-24,EXI,industrials,VT,0.031654213444851864,0.5714285714285714,0.0015031561397738566,-0.03411798452284209,0.3968253968253968,-0.00045300056579815405,0.02577953600310834,0.46825396825396826,0.0002124134477848131,3.0,4.0,4.0
2026-06-24,IXC,energy,VT,-0.10092792516446436,0.38095238095238093,-0.005048660196801951,-0.23961047300889005,0.42857142857142855,-0.0037587062416545533,0.12107001578561372,0.5317460317460317,0.0008759112365566358,11.0,11.0,2.0
2026-06-24,MXI,materials,VT,-0.02661967656567321,0.42857142857142855,-0.0012126196010746552,-0.07167665027459913,0.47619047619047616,-0.0009781988369278918,0.009211425531429951,0.5476190476190477,0.00014269165724932806,9.0,5.0,5.0
2026-06-24,RXI,consumer_discretionary,VT,-0.02129190587643459,0.3333333333333333,-0.001025537825665845,-0.08824109267796931,0.3968253968253968,-0.001279699951843472,-0.1723298728833289,0.373015873015873,-0.0013288566270896307,8.0,8.0,11.0
2026-06-24,KXI,consumer_staples,VT,0.0051894875646674166,0.38095238095238093,0.00022485353558988566,-0.07892554449645117,0.3492063492063492,-0.0011816060494019226,-0.03997889249186737,0.40476190476190477,-0.00030447854427397643,6.0,7.0,7.0
2026-06-24,IXJ,health_care,VT,0.020833338406297752,0.5238095238095238,0.0009728307669352864,-0.07269484080274924,0.42857142857142855,-0.0010772647249261615,-0.11081256723800392,0.4444444444444444,-0.0008463733795958811,4.0,6.0,9.0
2026-06-24,JXI,utilities,VT,0.0026163770216095505,0.47619047619047616,9.389332828859041e-05,-0.10773163364295768,0.3968253968253968,-0.0016186779635540315,-0.005704115926150166,0.5079365079365079,-4.728792049811856e-05,7.0,9.0,6.0
2026-06-24,REET,real_estate,VT,0.020358171330909336,0.47619047619047616,0.0009356715727492875,-0.01107913191690768,0.4444444444444444,-0.00018078670994359577,0.027979420554956613,0.5,0.00018323210601289036,5.0,3.0,3.0
2026-06-24,IXP,communication_services,VT,-0.06998834941018939,0.23809523809523808,-0.003486044339660583,-0.1314842205263812,0.36507936507936506,-0.0019809645692430685,-0.15219949757084283,0.42063492063492064,-0.001177727650803691,10.0,10.0,10.0
2026-06-25,IXN,technology,VT,0.01909296640165936,0.5238095238095238,0.001265548795696186,0.2509263895459706,0.6666666666666666,0.003420112469523303,0.24067478530232234,0.6111111111111112,0.0017016341421312155,6.0,1.0,1.0
2026-06-25,IXG,financials,VT,0.03645260255558813,0.47619047619047616,0.0016982180373541276,-0.010005237900454711,0.4603174603174603,-0.00015472841624697596,-0.06706553076909239,0.4523809523809524,-0.0004984403194621388,2.0,3.0,8.0
2026-06-25,EXI,industrials,VT,0.0320065655255618,0.5714285714285714,0.0015289962177701822,-0.028424388445241977,0.3968253968253968,-0.00037190050560056493,0.03460776036776947,0.47619047619047616,0.0002751176158813664,3.0,4.0,3.0
2026-06-25,IXC,energy,VT,-0.06393251809095624,0.42857142857142855,-0.003155298622313018,-0.22570065655834148,0.4444444444444444,-0.0035312056594858894,0.12055665383107361,0.5317460317460317,0.000874198760086808,10.0,11.0,2.0
2026-06-25,MXI,materials,VT,-0.028771801598306168,0.42857142857142855,-0.0013343006521139924,-0.07575289358348392,0.47619047619047616,-0.0010478250097220138,0.0053768180919695485,0.5476190476190477,0.0001148978741316745,8.0,6.0,6.0
2026-06-25,RXI,consumer_discretionary,VT,-0.03072120634733011,0.3333333333333333,-0.0014949556735225143,-0.10475684976125743,0.38095238095238093,-0.0015429548861591604,-0.186173935603813,0.373015873015873,-0.0014504984472345239,9.0,9.0,11.0
2026-06-25,KXI,consumer_staples,VT,0.023267795806546254,0.38095238095238093,0.001085800186525022,-0.08228363710308062,0.3492063492063492,-0.0012393736961284674,-0.034069546944799134,0.40476190476190477,-0.0002610840821569907,5.0,7.0,7.0
2026-06-25,IXJ,health_care,VT,0.05186313051350411,0.5714285714285714,0.0024295321846208784,-0.06368203097861502,0.42857142857142855,-0.0009455854037420584,-0.09771696601886903,0.4523809523809524,-0.0007432893637387197,1.0,5.0,9.0
2026-06-25,JXI,utilities,VT,0.016374149493748047,0.5238095238095238,0.0007570784852234497,-0.09876909954903179,0.4126984126984127,-0.0014863563866222994,0.008509280199733071,0.5158730158730159,5.53884918027935e-05,7.0,8.0,5.0
2026-06-25,REET,real_estate,VT,0.0268885478453621,0.5238095238095238,0.0012531619927669904,-0.0004388709523366341,0.4603174603174603,-2.8807763356358024e-05,0.03276384061572912,0.5079365079365079,0.0002173451895669928,4.0,2.0,4.0
2026-06-25,IXP,communication_services,VT,-0.0782796803816842,0.23809523809523808,-0.003944206876126695,-0.1383846191672583,0.36507936507936506,-0.0021029993817649577,-0.16124631820248891,0.42063492063492064,-0.0012561363602871505,11.0,10.0,10.0
2026-06-26,IXN,technology,VT,0.00953242957976419,0.5238095238095238,0.0008186535885575095,0.26175589174909253,0.6666666666666666,0.0034983602431897277,0.21875767886374686,0.6031746031746031,0.0015856908579735822,7.0,1.0,1.0
2026-06-26,IXG,financials,VT,0.04803660934754794,0.5238095238095238,0.0022418747283123926,-0.00984640197640596,0.4603174603174603,-0.00014921399075376463,-0.059653670295682026,0.4603174603174603,-0.0004467509504997593,2.0,3.0,8.0
2026-06-26,EXI,industrials,VT,0.027071940418156082,0.5714285714285714,0.0013064771674126542,-0.03231626325810044,0.3968253968253968,-0.00042250300401718076,0.02865764576819929,0.47619047619047616,0.00023619521906115005,5.0,4.0,4.0
2026-06-26,IXC,energy,VT,-0.049457880087977024,0.42857142857142855,-0.002432788949155313,-0.25747467412251634,0.42857142857142855,-0.004039639599208392,0.11466559924608632,0.5238095238095238,0.0008436684032385442,10.0,11.0,2.0
2026-06-26,MXI,materials,VT,-0.027980646900621964,0.42857142857142855,-0.0013013786956824229,-0.07802143476824086,0.47619047619047616,-0.0010654105727982166,0.004719540580140569,0.5476190476190477,0.00011045665033010762,8.0,6.0,6.0
2026-06-26,RXI,consumer_discretionary,VT,-0.02849639625955014,0.3333333333333333,-0.00139259563764985,-0.092946854039764,0.38095238095238093,-0.0013373712252069596,-0.163957421426687,0.38095238095238093,-0.0012746818833565782,9.0,8.0,11.0
2026-06-26,KXI,consumer_staples,VT,0.024709799511964947,0.38095238095238093,0.001156814536246101,-0.0823981625945791,0.3492063492063492,-0.0012206930847620803,-0.012682631367285868,0.4126984126984127,-0.00010452765932786896,6.0,7.0,7.0
2026-06-26,IXJ,health_care,VT,0.07654544444753308,0.5714285714285714,0.0035718870303948465,-0.05256565771907362,0.42857142857142855,-0.0007619038387776359,-0.06834835144468054,0.4603174603174603,-0.0005184944354838499,1.0,5.0,9.0
2026-06-26,JXI,utilities,VT,0.03228901828580932,0.5714285714285714,0.0015103248687622097,-0.10691674085716785,0.4126984126984127,-0.0015879071908859732,0.015983155422352846,0.5158730158730159,0.00010964547287605526,4.0,9.0,5.0
2026-06-26,REET,real_estate,VT,0.04555692641414888,0.5714285714285714,0.0021323947971454,0.0018065429594416038,0.4603174603174603,6.168313441177292e-06,0.05294595132459112,0.5158730158730159,0.0003614541470018772,3.0,2.0,3.0
2026-06-26,IXP,communication_services,VT,-0.07669025968330656,0.23809523809523808,-0.0038795771662546545,-0.12895131021288808,0.38095238095238093,-0.0019248499926370194,-0.15600271475624017,0.42063492063492064,-0.0012260664125809686,11.0,10.0,10.0
2026-06-29,IXN,technology,VT,0.004602742146725514,0.5238095238095238,0.0005788166898848455,0.28200469117117355,0.6825396825396826,0.0036471369294715514,0.22787887289100195,0.6111111111111112,0.0016281342556437326,7.0,1.0,1.0
2026-06-29,IXG,financials,VT,0.04963456826994195,0.5238095238095238,0.00229467910104678,-0.015283737728780444,0.4603174603174603,-0.0002229799677363863,-0.0709010266399408,0.4523809523809524,-0.0005290842500543342,2.0,2.0,8.0
2026-06-29,EXI,industrials,VT,0.026325283417571566,0.5714285714285714,0.0012598254289680438,-0.03678311442380511,0.3968253968253968,-0.00047500255333932095,0.02329100500996306,0.47619047619047616,0.00019604474384844772,5.0,4.0,4.0
2026-06-29,IXC,energy,VT,-0.059468252312594894,0.42857142857142855,-0.002925625304632394,-0.3023247496140812,0.4126984126984127,-0.004731078515956,0.10330401716771265,0.5238095238095238,0.0007613307900976497,10.0,11.0,2.0
2026-06-29,MXI,materials,VT,-0.045909600973651266,0.38095238095238093,-0.0021885585847433216,-0.11635254138874407,0.4603174603174603,-0.0016068489082552693,-0.01278141091632512,0.5476190476190477,-1.6875768790999967e-05,9.0,7.0,6.0
2026-06-29,RXI,consumer_discretionary,VT,-0.028793287791614608,0.3333333333333333,-0.0013968078041264162,-0.08509642323799782,0.38095238095238093,-0.0011886249249207905,-0.16600473197680887,0.38095238095238093,-0.0012785982459609328,8.0,6.0,11.0
2026-06-29,KXI,consumer_staples,VT,0.020994466366376807,0.38095238095238093,0.000969813965439212,-0.11799937306503905,0.3333333333333333,-0.0017216089498128559,-0.030034993806653087,0.40476190476190477,-0.0002318401141695353,6.0,8.0,7.0
2026-06-29,IXJ,health_care,VT,0.0657897393372231,0.5238095238095238,0.003059211654376197,-0.060811512209683505,0.4126984126984127,-0.0008616778487119198,-0.07778430468652231,0.4523809523809524,-0.0005867413092471049,1.0,5.0,9.0
2026-06-29,JXI,utilities,VT,0.041120298088864304,0.5714285714285714,0.0019022476181709586,-0.13314226737215407,0.3968253968253968,-0.0019454408228587038,0.004813440816140879,0.5079365079365079,2.8207726638376124e-05,3.0,10.0,5.0
2026-06-29,REET,real_estate,VT,0.03806604219479581,0.5714285714285714,0.001767823554205239,-0.01807745256337734,0.4444444444444444,-0.000268597463417035,0.034371917323500645,0.5079365079365079,0.00022848751093706282,4.0,3.0,3.0
2026-06-29,IXP,communication_services,VT,-0.07432729669641691,0.2857142857142857,-0.0037255591108304956,-0.13174691989148712,0.3968253968253968,-0.0019165817288681988,-0.15870214912707203,0.42063492063492064,-0.001236049654637719,11.0,9.0,10.0
2026-06-30,IXN,technology,VT,0.009814514782604755,0.5238095238095238,0.0008354099010590725,0.3367417677874376,0.6984126984126984,0.004204504550425994,0.2515407705909316,0.6111111111111112,0.0017618981951423862,7.0,1.0,1.0
2026-06-30,IXG,financials,VT,0.03937051397413094,0.47619047619047616,0.0018104755811451788,-0.03427430745042481,0.4444444444444444,-0.0004838638818006331,-0.07648174694229404,0.4523809523809524,-0.0005687391042856098,2.0,3.0,8.0
2026-06-30,EXI,industrials,VT,0.039168407848899855,0.6190476190476191,0.0018497013859560712,-0.022456142247647026,0.4126984126984127,-0.00027068825141747456,0.03214078680550725,0.48412698412698413,0.00025735316006729084,3.0,2.0,3.0
2026-06-30,IXC,energy,VT,-0.062109238778036646,0.42857142857142855,-0.0030453583090723556,-0.31617686569843306,0.4126984126984127,-0.004928128791053365,0.09336402816589073,0.5238095238095238,0.0006916254872030328,10.0,11.0,2.0
2026-06-30,MXI,materials,VT,-0.05055545988684418,0.38095238095238093,-0.0024101426728951616,-0.13443202124166276,0.4444444444444444,-0.0018631772371052841,-0.026410212787401077,0.5396825396825397,-0.0001161592463556327,9.0,7.0,6.0
2026-06-30,RXI,consumer_discretionary,VT,-0.03488407130427407,0.3333333333333333,-0.0016906720211700566,-0.1027502990349145,0.36507936507936506,-0.0014353082054006342,-0.1772011060531199,0.38095238095238093,-0.0013649211348656146,8.0,6.0,11.0
2026-06-30,KXI,consumer_staples,VT,0.01559711116177498,0.38095238095238093,0.0007096963825606766,-0.15252539336781634,0.31746031746031744,-0.0022295615375014072,-0.056657707235177934,0.3968253968253968,-0.00042822423705304294,6.0,8.0,7.0
2026-06-30,IXJ,health_care,VT,0.054103382186163396,0.5238095238095238,0.0025169478628513297,-0.09194764317862547,0.3968253968253968,-0.0013026215832113385,-0.09715898695511282,0.4444444444444444,-0.0007334060547911988,1.0,5.0,9.0
2026-06-30,JXI,utilities,VT,0.02841017330038187,0.5714285714285714,0.001305812440972329,-0.17001982279561,0.38095238095238093,-0.002497886953480932,-0.013452177620117967,0.5079365079365079,-0.0001031093663131745,4.0,10.0,5.0
2026-06-30,REET,real_estate,VT,0.023811151055291635,0.5714285714285714,0.0011004736842771892,-0.05179692156675153,0.42857142857142855,-0.0007345474084445435,0.008353852103643256,0.5,4.488804170980446e-05,5.0,4.0,4.0
2026-06-30,IXP,communication_services,VT,-0.07734435268420603,0.2857142857142857,-0.0038623276997753315,-0.15396282597299105,0.38095238095238093,-0.0022378502942965676,-0.17102790622563202,0.42063492063492064,-0.0013315964794348297,11.0,9.0,10.0
2026-07-01,IXN,technology,VT,-0.04202916232714715,0.47619047619047616,-0.0016984467759273848,0.2683297577440711,0.6825396825396826,0.0035759579355394053,0.21521920857993604,0.6111111111111112,0.0015533378760534471,9.0,1.0,1.0
2026-07-01,IXG,financials,VT,0.06713407865059706,0.5238095238095238,0.0030989685992867427,-0.009688130956077234,0.4603174603174603,-0.00014760147184830367,-0.05485312360413919,0.4603174603174603,-0.0004042304550868845,2.0,2.0,8.0
2026-07-01,EXI,industrials,VT,0.04627304635336105,0.6190476190476191,0.0021929552662347104,-0.02686842000216627,0.3968253968253968,-0.00034616001028424273,0.028939541676720193,0.47619047619047616,0.00023553906360776258,4.0,4.0,3.0
2026-07-01,IXC,energy,VT,-0.07832394179911284,0.38095238095238093,-0.0039181282777276975,-0.2768513328593184,0.4126984126984127,-0.004387712988162282,0.07457003284202468,0.5158730158730159,0.0005674963127676863,11.0,11.0,2.0
2026-07-01,MXI,materials,VT,-0.039117987726801196,0.42857142857142855,-0.001854467904898336,-0.12509871768699665,0.4444444444444444,-0.001791215167241898,-0.004973166545242158,0.5476190476190477,3.8389573735025324e-05,8.0,8.0,5.0
2026-07-01,RXI,consumer_discretionary,VT,-0.003694150326056689,0.38095238095238093,-0.000176959251733666,-0.08424416329406892,0.38095238095238093,-0.0012069859829648487,-0.16108319491909195,0.3888888888888889,-0.001231245877287174,7.0,6.0,11.0
2026-07-01,KXI,consumer_staples,VT,0.03844649016840285,0.42857142857142855,0.0017829317926872817,-0.1125254191441003,0.3333333333333333,-0.0016737626539968956,-0.053972274291474776,0.3968253968253968,-0.00040879698033132193,6.0,7.0,7.0
2026-07-01,IXJ,health_care,VT,0.08247003099753358,0.5714285714285714,0.0038099615141996873,-0.06878343020898758,0.4126984126984127,-0.0009980279611192027,-0.08974090420743419,0.4444444444444444,-0.0006767363742505165,1.0,5.0,9.0
2026-07-01,JXI,utilities,VT,0.044455182245046854,0.5714285714285714,0.0020555908115641505,-0.15025115229216357,0.38095238095238093,-0.002264423922889594,-0.02912343891756719,0.5,-0.00021713814419009315,5.0,10.0,6.0
2026-07-01,REET,real_estate,VT,0.052258164541297725,0.6190476190476191,0.002421686858930278,-0.025585709510991927,0.4444444444444444,-0.0003753459898902549,0.008951513097804176,0.5,4.9171813167317845e-05,3.0,3.0,4.0
2026-07-01,IXP,communication_services,VT,-0.05372781950885097,0.3333333333333333,-0.0026691141537573313,-0.12529200929476514,0.38095238095238093,-0.0018643502142677178,-0.15052014606932862,0.42063492063492064,-0.001160817053509606,10.0,9.0,10.0
2026-07-02,IXN,technology,VT,-0.07091352746931123,0.42857142857142855,-0.003179619186178669,0.22230335854169447,0.6666666666666666,0.003073992048285202,0.18398409467059929,0.6111111111111112,0.0013652207044879824,10.0,1.0,1.0
2026-07-02,IXG,financials,VT,0.08013290084285907,0.5714285714285714,0.00370149107034033,0.004584624183809227,0.47619047619047616,5.4765079413688856e-05,-0.04025476923983273,0.46825396825396826,-0.0002940329359887068,2.0,2.0,8.0
2026-07-02,EXI,industrials,VT,0.05119803081133378,0.6190476190476191,0.0024302398323912755,-0.03360172197489719,0.3968253968253968,-0.00045082187067195767,0.03677370640212585,0.48412698412698413,0.0002902028772305056,6.0,4.0,3.0
2026-07-02,IXC,energy,VT,-0.0753368027796455,0.38095238095238093,-0.0037797258325452665,-0.22775979393121815,0.42857142857142855,-0.0035466303991988453,0.07776704720722871,0.5158730158730159,0.0005889558589284305,11.0,11.0,2.0
2026-07-02,MXI,materials,VT,-0.030233051108484954,0.42857142857142855,-0.0014133576239004696,-0.11393357660876857,0.4444444444444444,-0.001632438776322752,0.01036216091423503,0.5476190476190477,0.00014926564320558828,8.0,8.0,5.0
2026-07-02,RXI,consumer_discretionary,VT,-0.0005640523437708822,0.38095238095238093,-2.5601721547593597e-05,-0.07756501882477607,0.3968253968253968,-0.0011169543740853656,-0.15670279681350652,0.3968253968253968,-0.0011937954715650853,7.0,6.0,10.0
2026-07-02,KXI,consumer_staples,VT,0.06508596459791938,0.47619047619047616,0.0030284830202339623,-0.07959902548529296,0.3492063492063492,-0.0011763544238409186,-0.030230431552658477,0.40476190476190477,-0.00022957060639589111,4.0,7.0,7.0
2026-07-02,IXJ,health_care,VT,0.13086750752614162,0.6190476190476191,0.005957788495073589,-0.038218035130043626,0.4126984126984127,-0.0005471870062006635,-0.0589549620020986,0.4523809523809524,-0.0004362959030806122,1.0,5.0,9.0
2026-07-02,JXI,utilities,VT,0.057932840197098656,0.5714285714285714,0.0026925810623616457,-0.1271268123566951,0.3968253968253968,-0.0019105997850508221,-0.010044452868717135,0.5,-7.59237094308842e-05,5.0,10.0,6.0
2026-07-02,REET,real_estate,VT,0.06508997471012856,0.6666666666666666,0.003022062320397674,-0.012648824576152018,0.4444444444444444,-0.00019155442399143574,0.021220094216486185,0.5,0.00013651227273144635,3.0,3.0,4.0
2026-07-02,IXP,communication_services,VT,-0.04217421619897077,0.3333333333333333,-0.002094957817622404,-0.12213301976741253,0.38095238095238093,-0.0018324252498283027,-0.1586058310590498,0.4126984126984127,-0.001227653307144737,9.0,9.0,11.0
2026-07-06,IXN,technology,VT,-0.0607580075720755,0.47619047619047616,-0.002584926375100327,0.237572935324472,0.6666666666666666,0.003220995769170801,0.20445260051744674,0.6190476190476191,0.001470582687493014,10.0,1.0,1.0
2026-07-06,IXG,financials,VT,0.08804774092834244,0.6190476190476191,0.0039810291517910195,0.008723818360034219,0.47619047619047616,0.00011217698202086497,-0.03718021542262506,0.46825396825396826,-0.0002661575835551642,2.0,2.0,7.0
2026-07-06,EXI,industrials,VT,0.047849132333299016,0.6190476190476191,0.0022368961659600278,-0.028681627833312184,0.4126984126984127,-0.00037359657023304494,0.03946986825657728,0.48412698412698413,0.0003045843911714041,3.0,3.0,3.0
2026-07-06,IXC,energy,VT,-0.10380165039300127,0.3333333333333333,-0.005191399003034162,-0.25403123230072777,0.4126984126984127,-0.003963142543971135,0.06313459998633464,0.5079365079365079,0.00048271720433333,11.0,11.0,2.0
2026-07-06,MXI,materials,VT,-0.03383659197852318,0.42857142857142855,-0.0015630970872557556,-0.1154415834109852,0.4444444444444444,-0.001633917432292274,0.008788087163321912,0.5476190476190477,0.00013663901868424827,8.0,8.0,4.0
2026-07-06,RXI,consumer_discretionary,VT,-0.001670402231656709,0.38095238095238093,-8.085025431463817e-05,-0.07559852589621774,0.3968253968253968,-0.0010737768823471335,-0.1634346383640919,0.3888888888888889,-0.0012274422334553204,7.0,6.0,11.0
2026-07-06,KXI,consumer_staples,VT,0.03452388302847775,0.42857142857142855,0.0015905444934619757,-0.1074759515102035,0.3333333333333333,-0.0015855690913397851,-0.054322747412525185,0.3968253968253968,-0.00040236226447756335,6.0,7.0,8.0
2026-07-06,IXJ,health_care,VT,0.0955738938023254,0.5714285714285714,0.004346370926997142,-0.05946012272344503,0.4126984126984127,-0.0008502150593394001,-0.08485952241254635,0.4444444444444444,-0.0006238300474057714,1.0,5.0,9.0
2026-07-06,JXI,utilities,VT,0.036083949855219455,0.5238095238095238,0.001650679361804519,-0.1526482291706588,0.38095238095238093,-0.0022922092274925707,-0.030349590414862737,0.49206349206349204,-0.00022072625764035263,5.0,10.0,6.0
2026-07-06,REET,real_estate,VT,0.04263530288495154,0.6190476190476191,0.001953275932826449,-0.03953035904900304,0.42857142857142855,-0.0005745905931334815,0.004266396082975188,0.49206349206349204,1.5437688887490243e-05,4.0,4.0,5.0
2026-07-06,IXP,communication_services,VT,-0.04141548065807543,0.38095238095238093,-0.0020172715575068716,-0.1220117778209091,0.3968253968253968,-0.0018060531100638202,-0.16308410234669668,0.4126984126984127,-0.0012421178935817802,9.0,9.0,10.0
2026-07-07,IXN,technology,VT,-0.05783291811534019,0.47619047619047616,-0.0024668488714422337,0.20699071051944573,0.6507936507936508,0.002903407717007016,0.1776644780461758,0.6111111111111112,0.0013295729626529047,10.0,1.0,1.0
2026-07-07,IXG,financials,VT,0.07724494509740376,0.6190476190476191,0.0035413263191511877,0.014429906832607031,0.47619047619047616,0.00019318233399486778,-0.029767963115748586,0.46825396825396826,-0.00021625349079682868,2.0,2.0,8.0
2026-07-07,EXI,industrials,VT,0.03157880520887013,0.5714285714285714,0.0015189937526875977,-0.03592079565385564,0.4126984126984127,-0.00048249324029306416,0.01939286716687505,0.47619047619047616,0.00016958123309313805,6.0,5.0,4.0
2026-07-07,IXC,energy,VT,-0.06322166099639681,0.38095238095238093,-0.0031119664033442923,-0.2165594386078541,0.4126984126984127,-0.0033509477114557294,0.09130955423307752,0.5079365079365079,0.0006801879157249506,11.0,11.0,2.0
2026-07-07,MXI,materials,VT,-0.03878340010648407,0.42857142857142855,-0.0018249864018769306,-0.11842692337730965,0.4444444444444444,-0.001704687026485203,-0.00862758251202167,0.5396825396825397,1.3473154019719555e-05,9.0,9.0,5.0
2026-07-07,RXI,consumer_discretionary,VT,0.006751115729834334,0.42857142857142855,0.0003204646293568753,-0.06827257002383225,0.3968253968253968,-0.0009800073402708499,-0.14922339549857766,0.3968253968253968,-0.0011316594928805028,7.0,6.0,11.0
2026-07-07,KXI,consumer_staples,VT,0.05931025070908613,0.47619047619047616,0.002750252568153929,-0.08853602294362872,0.3333333333333333,-0.0013156272313468694,-0.025316350095872187,0.40476190476190477,-0.00019316834590760434,3.0,7.0,7.0
2026-07-07,IXJ,health_care,VT,0.08846976446120469,0.5714285714285714,0.004068048332915958,-0.02708701844511774,0.42857142857142855,-0.00038526839961414107,-0.05785819260934755,0.4523809523809524,-0.0004274240397252424,1.0,4.0,9.0
2026-07-07,JXI,utilities,VT,0.04737855078327313,0.5238095238095238,0.0021917238986685125,-0.1304464998247583,0.3968253968253968,-0.0019681017615033134,-0.0179137306938828,0.49206349206349204,-0.00013374694224700337,5.0,10.0,6.0
2026-07-07,REET,real_estate,VT,0.05453403954254776,0.6190476190476191,0.0025223202359234594,-0.013078334862975938,0.4444444444444444,-0.0001988217703510068,0.030266323266591844,0.5,0.0001997082601871315,4.0,3.0,3.0
2026-07-07,IXP,communication_services,VT,-0.022404366418292243,0.42857142857142855,-0.0010999035593156996,-0.10171010190307639,0.4126984126984127,-0.0015143357747696476,-0.13565627941179637,0.42063492063492064,-0.001037438035508196,8.0,8.0,10.0
2026-07-08,IXN,technology,VT,0.0006948189459210496,0.5238095238095238,0.0003252809338988781,0.22138085382783923,0.6507936507936508,0.0030856016013176626,0.19737690447443668,0.6190476190476191,0.001465354513773439,7.0,1.0,1.0
2026-07-08,IXG,financials,VT,0.04600149696290834,0.5714285714285714,0.002092423383841968,0.0024784468190139908,0.4603174603174603,2.642724186401465e-05,-0.048814541526739585,0.4603174603174603,-0.00036252674972394927,1.0,2.0,8.0
2026-07-08,EXI,industrials,VT,0.0067085710453100855,0.5238095238095238,0.00035674802818562245,-0.04572868172586775,0.4126984126984127,-0.000627966472727693,-0.0015905090246439713,0.46825396825396826,1.9960019345251673e-05,6.0,5.0,4.0
2026-07-08,IXC,energy,VT,-0.0564727541471417,0.38095238095238093,-0.002669525544979821,-0.20235139239545186,0.4126984126984127,-0.003115034616877111,0.10863022816859425,0.5079365079365079,0.0008031586558360958,11.0,11.0,2.0
2026-07-08,MXI,materials,VT,-0.051574270954816925,0.42857142857142855,-0.002399694637851639,-0.14143855374655712,0.42857142857142855,-0.0020776936514572933,-0.0360788746699936,0.5317460317460317,-0.0001886282837028621,10.0,10.0,7.0
2026-07-08,RXI,consumer_discretionary,VT,-0.013226577659056993,0.38095238095238093,-0.0006086725153255553,-0.06257790082472714,0.3968253968253968,-0.0008982104140911632,-0.15339970833220273,0.3888888888888889,-0.001181253462435509,8.0,6.0,11.0
2026-07-08,KXI,consumer_staples,VT,0.013025215628204245,0.42857142857142855,0.0006045480651219961,-0.07905870542482152,0.3333333333333333,-0.001175856586461279,-0.01289356801441266,0.40476190476190477,-0.00010337283949732456,3.0,7.0,6.0
2026-07-08,IXJ,health_care,VT,0.040084560154241,0.5238095238095238,0.0018569159167890006,-0.036982059651538224,0.42857142857142855,-0.0005303426386555811,-0.059014675547955475,0.4523809523809524,-0.0004405363684351697,2.0,4.0,9.0
2026-07-08,JXI,utilities,VT,0.009518009144358963,0.47619047619047616,0.0004309377049401343,-0.13608179593751046,0.38095238095238093,-0.0020672546376942604,-0.004386777959413779,0.49206349206349204,-3.591885678628816e-05,5.0,9.0,5.0
2026-07-08,REET,real_estate,VT,0.009935708836492863,0.5714285714285714,0.0004579423750965433,-0.02799233411266,0.42857142857142855,-0.0004143069910639497,0.02568971364613537,0.5,0.0001708335349405441,4.0,3.0,3.0
2026-07-08,IXP,communication_services,VT,-0.038401813158460696,0.38095238095238093,-0.0018263722075415865,-0.10739902789139899,0.3968253968253968,-0.0016094800626752046,-0.1375594306310598,0.4126984126984127,-0.0010662628631831568,9.0,8.0,10.0
2026-07-09,IXN,technology,VT,-0.005568419088186172,0.5238095238095238,2.7339471704301843e-05,0.22037751989861354,0.6507936507936508,0.003133479439073817,0.21022372656579247,0.6190476190476191,0.0015429230327769384,7.0,1.0,1.0
2026-07-09,IXG,financials,VT,0.05043473374793761,0.5714285714285714,0.002285464816472378,0.001478698492244357,0.4444444444444444,1.2585518155910296e-05,-0.04430280213497073,0.4603174603174603,-0.0003276525544183183,1.0,2.0,7.0
2026-07-09,EXI,industrials,VT,0.008797301598351792,0.5238095238095238,0.00045239433608434965,-0.06264424902200028,0.3968253968253968,-0.0009122373271220772,-0.00891422714706347,0.4603174603174603,-3.3668660327541246e-05,5.0,5.0,4.0
2026-07-09,IXC,energy,VT,-0.08080041347106204,0.3333333333333333,-0.003879551270315019,-0.15795659250224559,0.4126984126984127,-0.0024243967183804737,0.12308221444501877,0.5079365079365079,0.0008943573364944935,11.0,11.0,2.0
2026-07-09,MXI,materials,VT,-0.03657650241270616,0.47619047619047616,-0.0016617634532304095,-0.1399344292000544,0.42857142857142855,-0.0021096633656855334,-0.04977011027220257,0.5317460317460317,-0.0002928331472129088,10.0,10.0,8.0
2026-07-09,RXI,consumer_discretionary,VT,-0.011196962211969197,0.38095238095238093,-0.0005108737583030701,-0.06942149597126757,0.38095238095238093,-0.001031465508417565,-0.14976172888361905,0.3888888888888889,-0.0011482724846642563,8.0,6.0,11.0
2026-07-09,KXI,consumer_staples,VT,-0.001428020627483706,0.42857142857142855,-6.387613590107057e-05,-0.08927848920764392,0.3333333333333333,-0.001360764046994078,-0.03025457909578977,0.40476190476190477,-0.0002307614484905674,6.0,7.0,6.0
2026-07-09,IXJ,health_care,VT,0.04000554435248693,0.5238095238095238,0.0018478201573523772,-0.03582077315712784,0.42857142857142855,-0.0005217037894331312,-0.08371441567911608,0.4444444444444444,-0.0006326380788553713,2.0,4.0,9.0
2026-07-09,JXI,utilities,VT,0.01915383656851266,0.47619047619047616,0.0008678774756780324,-0.12048868048250072,0.38095238095238093,-0.001855734352778907,-0.013765825116385022,0.49206349206349204,-0.000104485466149528,3.0,9.0,5.0
2026-07-09,REET,real_estate,VT,0.017752666970354714,0.5714285714285714,0.000814309013126994,-0.025613076472623675,0.42857142857142855,-0.0003854448172454435,0.020072740812759227,0.5,0.00013049390175631385,4.0,3.0,3.0
2026-07-09,IXP,communication_services,VT,-0.032029870945646466,0.38095238095238093,-0.0015136038737547071,-0.1005398668016485,0.3968253968253968,-0.0015371610247509407,-0.1298064053553024,0.4126984126984127,-0.001000264642206098,9.0,8.0,10.0
2026-07-10,IXN,technology,VT,0.007707507988469198,0.5238095238095238,0.0006383531991673534,0.2226983621669707,0.6507936507936508,0.0031576263842561436,0.2060880286941269,0.6111111111111112,0.0015075256704558731,3.0,1.0,1.0
2026-07-10,IXG,financials,VT,0.04270633716217431,0.5714285714285714,0.001929420952206009,0.002597597022882203,0.4444444444444444,2.8904585481072586e-05,-0.03184341326828988,0.46825396825396826,-0.00023288743918880258,1.0,2.0,7.0
2026-07-10,EXI,industrials,VT,0.004786456715243137,0.5238095238095238,0.0002651179277018068,-0.06363427942530264,0.3968253968253968,-0.0009261550788263026,-0.004139823054114977,0.46825396825396826,1.197791567361441e-06,4.0,5.0,4.0
2026-07-10,IXC,energy,VT,-0.06640275518603234,0.38095238095238093,-0.003143511220915131,-0.1493051529426137,0.42857142857142855,-0.00227419991228313,0.13679557431828138,0.5158730158730159,0.0009753849329746444,11.0,11.0,2.0
2026-07-10,MXI,materials,VT,-0.03886321813491633,0.47619047619047616,-0.0017618757092472087,-0.13040667300378583,0.4444444444444444,-0.001947252859290397,-0.03578713291668745,0.5396825396825397,-0.00018523784674971566,10.0,10.0,8.0
2026-07-10,RXI,consumer_discretionary,VT,-0.019630809464700194,0.3333333333333333,-0.0009067440749154538,-0.07686340297540428,0.36507936507936506,-0.0011464456071926881,-0.1490041465106744,0.3888888888888889,-0.0011319910618154256,8.0,6.0,11.0
2026-07-10,KXI,consumer_staples,VT,-0.011552452340655384,0.42857142857142855,-0.0005391311732938973,-0.08640885611298654,0.3492063492063492,-0.0013131000543373055,-0.01966019981825906,0.4126984126984127,-0.0001514269017304737,7.0,7.0,6.0
2026-07-10,IXJ,health_care,VT,0.014945803710892935,0.47619047619047616,0.0007027335306566407,-0.0438954121756967,0.42857142857142855,-0.0006424696640377701,-0.10860051330798592,0.4365079365079365,-0.0008232057222160345,2.0,4.0,9.0
2026-07-10,JXI,utilities,VT,0.00388128837607149,0.42857142857142855,0.00015870315873645597,-0.12971291177084243,0.36507936507936506,-0.0020051388536345086,-0.005988637693090881,0.49206349206349204,-4.805782160886289e-05,5.0,9.0,5.0
2026-07-10,REET,real_estate,VT,-0.005734973814959687,0.5238095238095238,-0.0002841595966884454,-0.02893836074649858,0.4126984126984127,-0.0004346463433610774,0.014824259794529837,0.49206349206349204,9.2229406188367e-05,6.0,3.0,3.0
2026-07-10,IXP,communication_services,VT,-0.021640990743071242,0.42857142857142855,-0.001006099336614901,-0.09199205729535931,0.3968253968253968,-0.0013971566106297936,-0.12181670020051427,0.4126984126984127,-0.0009261063271167285,9.0,8.0,10.0
2026-07-13,IXN,technology,VT,0.000364680481987234,0.5238095238095238,0.00030527140913158687,0.19015701268680196,0.6349206349206349,0.0027929887305613,0.1991942400061979,0.6111111111111112,0.001482786437270381,5.0,1.0,1.0
2026-07-13,IXG,financials,VT,0.050697922592470634,0.5714285714285714,0.0022760292770080746,0.022437675325739148,0.4603174603174603,0.00031676338393068473,-0.022271537319806356,0.46825396825396826,-0.00016504957712520566,1.0,2.0,6.0
2026-07-13,EXI,industrials,VT,0.016427436341725388,0.5238095238095238,0.0007850161264150697,-0.06131229808468497,0.3968253968253968,-0.0009013183908754706,-0.009494573557978114,0.4603174603174603,-3.826300715488032e-05,3.0,5.0,5.0
2026-07-13,IXC,energy,VT,-0.05435885604311641,0.38095238095238093,-0.002519439046784041,-0.10647823653221844,0.4444444444444444,-0.0015832560743851544,0.1579627961099419,0.5158730158730159,0.0011226040235527458,11.0,9.0,2.0
2026-07-13,MXI,materials,VT,-0.031286281204453426,0.47619047619047616,-0.0013995035194688571,-0.13927575625305066,0.42857142857142855,-0.0021225543927799262,-0.04153620469728603,0.5317460317460317,-0.00023184876681539877,10.0,11.0,8.0
2026-07-13,RXI,consumer_discretionary,VT,-0.01495744158571588,0.38095238095238093,-0.0006857151909717088,-0.0731481182207745,0.36507936507936506,-0.0011025499293969231,-0.15865229116917612,0.3888888888888889,-0.0012303816599267983,7.0,7.0,11.0
2026-07-13,KXI,consumer_staples,VT,-0.03026811259894202,0.42857142857142855,-0.001424313637944184,-0.06247728713128775,0.36507936507936506,-0.0009528094356524028,-0.02287524066427249,0.4126984126984127,-0.00017871522048416567,9.0,6.0,7.0
2026-07-13,IXJ,health_care,VT,0.02105936332468583,0.47619047619047616,0.000978306052585801,-0.020327447769372897,0.4444444444444444,-0.0002947726910465265,-0.08779519610488995,0.4444444444444444,-0.0006683806164085355,2.0,4.0,9.0
2026-07-13,JXI,utilities,VT,0.007770731869112035,0.42857142857142855,0.00034019539684440473,-0.10894213996754254,0.38095238095238093,-0.001687738809050121,0.011185244767461855,0.49206349206349204,7.560127571554044e-05,4.0,10.0,4.0
2026-07-13,REET,real_estate,VT,-0.008337667183928588,0.5238095238095238,-0.00040162749416428056,-0.015117169725299862,0.4126984126984127,-0.0002331632793979264,0.023937430026353512,0.49206349206349204,0.0001579508322755855,6.0,3.0,3.0
2026-07-13,IXP,communication_services,VT,-0.023990743780396784,0.42857142857142855,-0.0011111701484740558,-0.07768226084098862,0.4126984126984127,-0.0011871623192573383,-0.11449580268024118,0.4126984126984127,-0.0008790337415171316,8.0,8.0,10.0
2026-07-14,IXN,technology,VT,-0.011544897102043428,0.5238095238095238,-0.0002901977493158131,0.19080051386107466,0.6349206349206349,0.002809243785671396,0.20400856160758263,0.6111111111111112,0.001513241056144096,7.0,1.0,1.0
2026-07-14,IXG,financials,VT,0.05580340881176049,0.5714285714285714,0.0025505926066694074,0.01616821147122227,0.4444444444444444,0.0002258898362238224,-0.014250172054785404,0.46825396825396826,-0.00010561478499927184,1.0,2.0,6.0
2026-07-14,EXI,industrials,VT,0.007886906130029292,0.47619047619047616,0.0003912241884544394,-0.05803198613398863,0.3968253968253968,-0.0008530142330184936,-0.01345459449247044,0.4523809523809524,-6.762687740098396e-05,4.0,6.0,5.0
2026-07-14,IXC,energy,VT,-0.021254604328303506,0.38095238095238093,-0.0009371262477994183,-0.10339116372152968,0.4444444444444444,-0.0015385004152107635,0.15664617012639903,0.5158730158730159,0.001114586637312176,10.0,10.0,2.0
2026-07-14,MXI,materials,VT,-0.03672926949717459,0.47619047619047616,-0.0017091461050750202,-0.1241835175974576,0.4444444444444444,-0.0018748104158034615,-0.038098413219917804,0.5317460317460317,-0.00020569146866177595,11.0,11.0,7.0
2026-07-14,RXI,consumer_discretionary,VT,-0.017666740214704046,0.38095238095238093,-0.0008263796291855517,-0.07304105779117864,0.36507936507936506,-0.0011046624463086027,-0.1674087494411104,0.38095238095238093,-0.0013062537418160334,8.0,8.0,11.0
2026-07-14,KXI,consumer_staples,VT,-0.019993234037378738,0.42857142857142855,-0.0009402079919899318,-0.05758361873584095,0.36507936507936506,-0.00087938770539822,-0.039281994521157104,0.40476190476190477,-0.00030184477362256456,9.0,5.0,8.0
2026-07-14,IXJ,health_care,VT,0.010048118698050112,0.47619047619047616,0.0004998289612834217,-0.037654343255865586,0.4444444444444444,-0.0005565990271271707,-0.10166270262593269,0.4444444444444444,-0.0007781555520538277,3.0,4.0,9.0
2026-07-14,JXI,utilities,VT,0.01906195621513329,0.42857142857142855,0.0008820131069514995,-0.09145768186025316,0.38095238095238093,-0.0014095302488172888,0.006914283829950962,0.48412698412698413,4.462870392285457e-05,2.0,9.0,4.0
2026-07-14,REET,real_estate,VT,0.004275768305925132,0.5238095238095238,0.00019861814149395372,-0.014154668578786112,0.4126984126984127,-0.00021919005623998142,0.025157389740450675,0.49206349206349204,0.0001667193044562789,5.0,3.0,3.0
2026-07-14,IXP,communication_services,VT,-0.009978929017151472,0.42857142857142855,-0.00044881312658512097,-0.07266276797703486,0.4126984126984127,-0.0011113009886686074,-0.11506570565816321,0.4126984126984127,-0.0008840477202941433,6.0,7.0,10.0
2026-07-15,IXN,technology,VT,-0.02280961473455112,0.5238095238095238,-0.0008297030362072981,0.1650297610169591,0.6190476190476191,0.0024986136828514883,0.1904432762669992,0.6111111111111112,0.001431376089371096,9.0,1.0,1.0
2026-07-15,IXG,financials,VT,0.054236532794654124,0.5714285714285714,0.0024821198936855297,0.0311300166383901,0.4603174603174603,0.00044742626173498146,-4.437237381638148e-05,0.47619047619047616,-1.1256707508274242e-06,1.0,2.0,5.0
2026-07-15,EXI,industrials,VT,0.005298101249298304,0.47619047619047616,0.00027033816491227124,-0.05649314962049434,0.3968253968253968,-0.0008356790680603564,-0.023178987329935508,0.4444444444444444,-0.00014015304967124597,4.0,6.0,6.0
2026-07-15,IXC,energy,VT,-0.028111681285582835,0.38095238095238093,-0.0012689559346579175,-0.07948551260658865,0.4444444444444444,-0.0011652753475995233,0.15369441829232833,0.5158730158730159,0.0010971346381320652,10.0,9.0,2.0
2026-07-15,MXI,materials,VT,-0.052885314749060996,0.42857142857142855,-0.002516167124278321,-0.11961937565114333,0.4444444444444444,-0.0018144498086439757,-0.047204735334901216,0.5238095238095238,-0.0002754939061396621,11.0,11.0,7.0
2026-07-15,RXI,consumer_discretionary,VT,-0.005515047767816972,0.42857142857142855,-0.0002441909983912149,-0.06962847946374462,0.36507936507936506,-0.001060064597046785,-0.1620056303648323,0.38095238095238093,-0.001261285809880593,7.0,8.0,11.0
2026-07-15,KXI,consumer_staples,VT,-0.021996500909727712,0.42857142857142855,-0.001037853342843686,-0.046965101918798435,0.36507936507936506,-0.0007195842055087191,-0.04816863729994969,0.3968253968253968,-0.0003700475652586436,8.0,5.0,8.0
2026-07-15,IXJ,health_care,VT,0.0164428991401524,0.47619047619047616,0.0007981853007027103,-0.030664298135509416,0.4444444444444444,-0.00045296426714890893,-0.09807663237142894,0.4444444444444444,-0.0007503373799199618,2.0,4.0,9.0
2026-07-15,JXI,utilities,VT,0.009459666726408633,0.42857142857142855,0.00043750263707391975,-0.09062811883953115,0.38095238095238093,-0.001406927210501592,0.0017869655430631237,0.48412698412698413,7.698863016435638e-06,3.0,10.0,4.0
2026-07-15,REET,real_estate,VT,-0.0018791816836494224,0.47619047619047616,-9.215341984119314e-05,-0.018006111540877834,0.3968253968253968,-0.0002794223044911572,0.026465586693174448,0.49206349206349204,0.00017628847336999815,6.0,3.0,3.0
2026-07-15,IXP,communication_services,VT,0.004933836809713155,0.47619047619047616,0.00026250449642438244,-0.0671653259470747,0.4126984126984127,-0.0010332423241802985,-0.09962378976310993,0.42063492063492064,-0.0007592268225163574,5.0,7.0,10.0
2026-07-16,IXN,technology,VT,-0.05964525837700363,0.47619047619047616,-0.002723982976455898,0.13115928260204313,0.6031746031746031,0.0020782293685546976,0.1671585972932801,0.6031746031746031,0.0012917948113510432,11.0,1.0,1.0
2026-07-16,IXG,financials,VT,0.07559714396061923,0.6190476190476191,0.0035091487474315838,0.039191054553424864,0.4603174603174603,0.0005693279434406092,0.01828999142820109,0.48412698412698413,0.00013116774759115647,1.0,2.0,4.0
2026-07-16,EXI,industrials,VT,0.01240673211258081,0.5238095238095238,0.000617168445872943,-0.04021633912976741,0.4126984126984127,-0.000589409009400144,-0.023153620251574747,0.4444444444444444,-0.0001407106046169392,7.0,6.0,6.0
2026-07-16,IXC,energy,VT,0.03348478946342859,0.42857142857142855,0.001640910873736597,-0.05593081470292316,0.4603174603174603,-0.0008010281539432426,0.14214479117084,0.5158730158730159,0.001025174391523009,4.0,7.0,2.0
2026-07-16,MXI,materials,VT,-0.05768929172668036,0.38095238095238093,-0.00282105050103373,-0.11168068721274482,0.4444444444444444,-0.0017020426057105986,-0.05785591135909596,0.5158730158730159,-0.0003582140840430807,10.0,11.0,8.0
2026-07-16,RXI,consumer_discretionary,VT,0.007037509811747444,0.47619047619047616,0.00035424961733937765,-0.05899505197060084,0.36507936507936506,-0.0009022409406099157,-0.14989077801299922,0.3888888888888889,-0.001163072568421877,8.0,8.0,11.0
2026-07-16,KXI,consumer_staples,VT,0.030038619595531668,0.47619047619047616,0.001456201979408957,-0.005568392531770439,0.38095238095238093,-8.410452422141338e-05,-0.02320797921968576,0.3968253968253968,-0.0001805258958722751,5.0,5.0,7.0
2026-07-16,IXJ,health_care,VT,0.06380308455335204,0.5238095238095238,0.0030223347996921612,0.0033552827245648675,0.4603174603174603,6.28126497491225e-05,-0.07198932117847257,0.4523809523809524,-0.000545260670208801,2.0,4.0,9.0
2026-07-16,JXI,utilities,VT,0.026247359914857715,0.47619047619047616,0.001247149057349842,-0.07350239206970055,0.3968253968253968,-0.001144350625056677,0.004551636153051097,0.48412698412698413,2.775158551002056e-05,6.0,9.0,5.0
2026-07-16,REET,real_estate,VT,0.04538487591007112,0.5238095238095238,0.0021498486341849023,0.0122713920086297,0.4126984126984127,0.00017734965514137186,0.050190060251048774,0.49206349206349204,0.0003458816517871915,3.0,3.0,3.0
2026-07-16,IXP,communication_services,VT,0.0024947751476194213,0.47619047619047616,0.00015618618627196343,-0.07658403738245945,0.3968253968253968,-0.0011965527027608758,-0.09945101318954985,0.42063492063492064,-0.0007605856361086646,9.0,10.0,10.0
2026-07-17,IXN,technology,VT,-0.04285405883486981,0.47619047619047616,-0.0018927121853789556,0.11410593594069529,0.5873015873015873,0.0018635009440057082,0.17195035288770355,0.6031746031746031,0.0013307892121492185,10.0,1.0,1.0
2026-07-17,IXG,financials,VT,0.04912383406971277,0.5714285714285714,0.0023155404590357825,0.03867810178059683,0.4603174603174603,0.0005683042799805935,0.010280282303225308,0.47619047619047616,7.44671331867619e-05,4.0,2.0,4.0
2026-07-17,EXI,industrials,VT,0.007631383280748638,0.5238095238095238,0.000388934454691226,-0.028354289347870765,0.42857142857142855,-0.0004098407345380987,-0.017063234180584974,0.4523809523809524,-9.660933695592407e-05,7.0,6.0,6.0
2026-07-17,IXC,energy,VT,0.05783725398116013,0.47619047619047616,0.002777879521916702,-0.04705212788201585,0.4603174603174603,-0.0006687630039181972,0.14311585230817903,0.5158730158730159,0.001037665355276324,2.0,7.0,2.0
2026-07-17,MXI,materials,VT,-0.06219655140637392,0.38095238095238093,-0.003066249668274607,-0.1091112356624735,0.4444444444444444,-0.0016772792822175948,-0.06762067836278285,0.5158730158730159,-0.00043895698756748287,11.0,11.0,8.0
2026-07-17,RXI,consumer_discretionary,VT,0.00037948173696400467,0.42857142857142855,3.654773658839663e-05,-0.06099856237648038,0.36507936507936506,-0.0009432738567989177,-0.14439507517430128,0.3888888888888889,-0.0011263842798315078,8.0,8.0,11.0
2026-07-17,KXI,consumer_staples,VT,0.02964800185159222,0.47619047619047616,0.0014425326503661488,0.0009594655417626274,0.3968253968253968,1.4031267602243602e-05,-0.03009891534746889,0.3968253968253968,-0.00023476861534922733,5.0,5.0,7.0
2026-07-17,IXJ,health_care,VT,0.0647347383936493,0.5238095238095238,0.003075644056404602,0.01828226845578107,0.47619047619047616,0.00028687789496622304,-0.07759221551105899,0.4523809523809524,-0.0005947381742042775,1.0,3.0,9.0
2026-07-17,JXI,utilities,VT,0.028207230439537434,0.47619047619047616,0.001343139829365794,-0.06407736634090588,0.4126984126984127,-0.0010032936713588402,0.0029231733786059255,0.48412698412698413,1.5385410051563287e-05,6.0,9.0,5.0
2026-07-17,REET,real_estate,VT,0.04936369099839,0.5238095238095238,0.002340948522637469,0.01739194944834299,0.4126984126984127,0.00025505738973714414,0.0537931174262567,0.49206349206349204,0.0003736169454188428,3.0,4.0,3.0
2026-07-17,IXP,communication_services,VT,-0.008560004892544715,0.42857142857142855,-0.0003749464948248825,-0.0928942824888892,0.38095238095238093,-0.0014779578423288564,-0.10463136387700833,0.42063492063492064,-0.0008083883014151753,9.0,10.0,10.0
2026-07-20,IXN,technology,VT,-0.04736893395652819,0.47619047619047616,-0.002103062159871206,0.11472658180381923,0.5873015873015873,0.0018978174301819315,0.16936259485685068,0.6031746031746031,0.0013198815525948286,10.0,1.0,1.0
2026-07-20,IXG,financials,VT,0.040122174609694916,0.5238095238095238,0.0018882727721278119,0.03604736610077719,0.4603174603174603,0.0005388525465356427,0.005463964789585329,0.46825396825396826,3.944415737546763e-05,4.0,2.0,4.0
2026-07-20,EXI,industrials,VT,-0.0033963162910274347,0.47619047619047616,-0.00013995489411855995,-0.03340479768945348,0.4126984126984127,-0.000498367334791338,-0.026825465767063683,0.4444444444444444,-0.00017136562754347667,9.0,7.0,6.0
2026-07-20,IXC,energy,VT,0.0696626670087146,0.5238095238095238,0.0032908864387159163,0.006239756650664008,0.47619047619047616,0.0001523844617085542,0.16443963600658318,0.5238095238095238,0.0011805346435143894,1.0,5.0,2.0
2026-07-20,MXI,materials,VT,-0.0643094021031404,0.38095238095238093,-0.0031537584621028464,-0.11312152273454212,0.4444444444444444,-0.0017772982496682803,-0.07565767643358745,0.5079365079365079,-0.0005053110447175836,11.0,11.0,9.0
2026-07-20,RXI,consumer_discretionary,VT,0.013388359352953572,0.42857142857142855,0.0006476185022510826,-0.0690687383373112,0.3492063492063492,-0.001096032482479676,-0.14163090303719728,0.3888888888888889,-0.001109441706572115,8.0,9.0,11.0
2026-07-20,KXI,consumer_staples,VT,0.03773529589970814,0.47619047619047616,0.001802708770949452,0.001177757244955835,0.3968253968253968,1.8240974186452903e-05,-0.027973211525520236,0.3968253968253968,-0.00021974616575830164,5.0,6.0,7.0
2026-07-20,IXJ,health_care,VT,0.05828130182650115,0.5238095238095238,0.002765208302329297,0.006732258718829653,0.4603174603174603,0.00011525050159168061,-0.07295371406492324,0.4523809523809524,-0.0005610522411146566,3.0,4.0,8.0
2026-07-20,JXI,utilities,VT,0.029404627974856323,0.47619047619047616,0.0013888447052687245,-0.04398056608012735,0.4126984126984127,-0.0006917853441227676,-0.0031223378460780715,0.47619047619047616,-2.9374628814388567e-05,6.0,8.0,5.0
2026-07-20,REET,real_estate,VT,0.0629143961219647,0.5714285714285714,0.002933053402879849,0.017953582916833577,0.42857142857142855,0.0002680053813817971,0.05247069539930593,0.49206349206349204,0.0003662874491998303,2.0,3.0,3.0
2026-07-20,IXP,communication_services,VT,0.01402500234479942,0.47619047619047616,0.0006977016172148827,-0.07617752155605761,0.3968253968253968,-0.0012212850430698612,-0.09105407179548441,0.42857142857142855,-0.0007023622491917735,7.0,10.0,10.0
2026-07-21,IXN,technology,VT,-0.05350393178649049,0.47619047619047616,-0.002423294168811258,0.1370882177134103,0.5873015873015873,0.002185663166248462,0.19490571002435786,0.6031746031746031,0.0014703797293500835,11.0,1.0,1.0
2026-07-21,IXG,financials,VT,0.05104084241289142,0.5238095238095238,0.0023897837922341645,0.0326102156642194,0.4603174603174603,0.0004795663777522854,-0.00205707445245773,0.4603174603174603,-1.6438118198040874e-05,4.0,2.0,4.0
2026-07-21,EXI,industrials,VT,-0.00654547701184105,0.42857142857142855,-0.000293786217427943,-0.038208486316375856,0.3968253968253968,-0.0005669582287906867,-0.03588032441300082,0.4365079365079365,-0.0002375743411997251,9.0,7.0,6.0
2026-07-21,IXC,energy,VT,0.09914534432499233,0.5714285714285714,0.004593803080378574,0.0015796479369163396,0.47619047619047616,8.031275464913192e-05,0.1611431272308388,0.5238095238095238,0.0011469685096489417,1.0,5.0,2.0
2026-07-21,MXI,materials,VT,-0.04015936568362022,0.42857142857142855,-0.001924051795185003,-0.1085218907334563,0.4603174603174603,-0.0016704154074890603,-0.06469043383651063,0.5158730158730159,-0.0004122003736596536,10.0,11.0,8.0
2026-07-21,RXI,consumer_discretionary,VT,0.002459246962353001,0.42857142857142855,0.00012315066992048197,-0.07821513724042917,0.3492063492063492,-0.0012311550233307575,-0.1470967547433325,0.3888888888888889,-0.001142110967176766,7.0,9.0,11.0
2026-07-21,KXI,consumer_staples,VT,0.02980544511918537,0.47619047619047616,0.0014349491922869644,-0.021664536166449144,0.38095238095238093,-0.00033415330184448345,-0.048502860240239976,0.3968253968253968,-0.0003733367263702498,5.0,6.0,7.0
2026-07-21,IXJ,health_care,VT,0.07138137387705434,0.5238095238095238,0.00335504191493332,0.007788567668082003,0.4603174603174603,0.00012829586115792324,-0.07654437687115423,0.4523809523809524,-0.0005828879966201984,2.0,3.0,9.0
2026-07-21,JXI,utilities,VT,0.025739129184360943,0.47619047619047616,0.001216361601655994,-0.05502987906538259,0.4126984126984127,-0.0008596956965034561,-0.01652224643343181,0.46825396825396826,-0.00012869491068419976,6.0,8.0,5.0
2026-07-21,REET,real_estate,VT,0.06507339166647719,0.5714285714285714,0.003029662693009691,0.0056710330091447325,0.4126984126984127,7.802383780957066e-05,0.033079262575071544,0.48412698412698413,0.0002243973784424525,3.0,4.0,3.0
2026-07-21,IXP,communication_services,VT,0.0009520944351276706,0.47619047619047616,7.264309710257388e-05,-0.0898577430191323,0.3968253968253968,-0.0014310021385567592,-0.1030462916431335,0.42857142857142855,-0.0007906908652681485,8.0,10.0,10.0
2026-07-22,IXN,technology,VT,-0.060742260313344176,0.42857142857142855,-0.0027938050610282206,0.12616785776657635,0.5714285714285714,0.0020206056614342827,0.21345424283519976,0.6031746031746031,0.0015609039505020419,11.0,1.0,1.0
2026-07-22,IXG,financials,VT,0.050790295932997775,0.5238095238095238,0.002378541019217724,0.03828746232911673,0.4603174603174603,0.0005576085804659262,0.0050177721437183465,0.46825396825396826,3.47170480115575e-05,3.0,2.0,4.0
2026-07-22,EXI,industrials,VT,-0.012663711662220911,0.42857142857142855,-0.0005917655348355152,-0.028132643398724788,0.4126984126984127,-0.00040621361573353566,-0.03322416315538068,0.4444444444444444,-0.00021378145789375838,9.0,7.0,6.0
2026-07-22,IXC,energy,VT,0.10248793336901674,0.5714285714285714,0.004741995673497297,-0.007524275139056513,0.47619047619047616,-5.616637158850723e-05,0.16318274124407095,0.5238095238095238,0.0011448584231623323,1.0,5.0,2.0
2026-07-22,MXI,materials,VT,-0.018878269673409,0.47619047619047616,-0.0008640774749201536,-0.08193673987461392,0.47619047619047616,-0.0012112089530074215,-0.06786503752440476,0.5158730158730159,-0.00042609927819551327,10.0,9.0,8.0
2026-07-22,RXI,consumer_discretionary,VT,0.015072698500760318,0.42857142857142855,0.0007164702121674167,-0.0832176236051555,0.3492063492063492,-0.0012991314706936217,-0.15099051553497833,0.3888888888888889,-0.0011547461766204538,8.0,10.0,11.0
2026-07-22,KXI,consumer_staples,VT,0.04059633790806738,0.5238095238095238,0.0019355576901947853,-0.014618713949207107,0.3968253968253968,-0.0002228270426335796,-0.0653770603475059,0.3968253968253968,-0.0004942312030765883,6.0,6.0,7.0
2026-07-22,IXJ,health_care,VT,0.060693897299937793,0.47619047619047616,0.002873472122056136,0.007533321796602044,0.4603174603174603,0.00012261832007033998,-0.09395821537405769,0.4444444444444444,-0.0007078391981959608,2.0,3.0,9.0
2026-07-22,JXI,utilities,VT,0.041947188998238794,0.47619047619047616,0.0019794526411449896,-0.030084620581458443,0.42857142857142855,-0.0004559216914003085,-0.0032655305242148547,0.46825396825396826,-2.7839141683360332e-05,5.0,8.0,5.0
2026-07-22,REET,real_estate,VT,0.049671503359884905,0.5238095238095238,0.0023284151111389938,0.005503885998220381,0.4126984126984127,7.389388389736218e-05,0.02398270928878765,0.47619047619047616,0.0001572728160111539,4.0,4.0,3.0
2026-07-22,IXP,communication_services,VT,0.016853754158464795,0.47619047619047616,0.0008172754106059919,-0.10012705549468992,0.38095238095238093,-0.0015843664972335825,-0.11489843681343914,0.42063492063492064,-0.000871281870513683,7.0,11.0,10.0
2026-07-23,IXN,technology,VT,-0.02957757281939355,0.42857142857142855,-0.0012687216095979268,0.10351532705391397,0.5555555555555556,0.0017367040418325408,0.20310937205361013,0.5952380952380952,0.0015261964441025246,11.0,1.0,1.0
2026-07-23,IXG,financials,VT,0.035763974405019994,0.5238095238095238,0.0016788585096676255,0.054310516435868594,0.47619047619047616,0.0008048853724727497,0.01483887937448336,0.47619047619047616,0.00010748034288268363,3.0,2.0,5.0
2026-07-23,EXI,industrials,VT,0.004783453902135859,0.47619047619047616,0.0002434988832777136,-0.006371936825745994,0.42857142857142855,-7.480096566059655e-05,-0.021132600415088243,0.4444444444444444,-0.00012894256874415545,6.0,6.0,6.0
2026-07-23,IXC,energy,VT,0.09580073970522429,0.5714285714285714,0.004417147508408624,0.009398617329840375,0.47619047619047616,0.00020079003616525957,0.17053848924860415,0.5238095238095238,0.0012137537743600619,1.0,5.0,2.0
2026-07-23,MXI,materials,VT,-0.015133919874220414,0.47619047619047616,-0.0006787641299757428,-0.08399101249672036,0.4603174603174603,-0.0012728805977442526,-0.07401703169202878,0.5079365079365079,-0.00048724271336567223,9.0,9.0,9.0
2026-07-23,RXI,consumer_discretionary,VT,-0.014371444879946904,0.38095238095238093,-0.0006651152387279943,-0.09003390568051306,0.3492063492063492,-0.0014338442022321003,-0.17400830335197404,0.38095238095238093,-0.0013812038260338534,8.0,10.0,11.0
2026-07-23,KXI,consumer_staples,VT,-0.0051957971997934616,0.47619047619047616,-0.0002159430285163733,-0.019828418468263553,0.3968253968253968,-0.00030647310095118413,-0.061993184344967034,0.3968253968253968,-0.00047767674773981637,7.0,8.0,7.0
2026-07-23,IXJ,health_care,VT,0.04705083613975747,0.47619047619047616,0.0022353672908103665,0.03912189412138356,0.47619047619047616,0.0006007345810269739,-0.07328423779063087,0.4444444444444444,-0.0005600074265560505,2.0,3.0,8.0
2026-07-23,JXI,utilities,VT,0.02730160997044706,0.47619047619047616,0.0012936142111733657,-0.012345041814273205,0.4444444444444444,-0.00018703612974880362,0.01632940083736889,0.47619047619047616,0.00011515901689345097,5.0,7.0,4.0
2026-07-23,REET,real_estate,VT,0.031004970975710977,0.5238095238095238,0.0014578149819820794,0.032696551351759195,0.42857142857142855,0.00048561717737539647,0.0461775984117101,0.48412698412698413,0.00031959768796385203,4.0,4.0,3.0
2026-07-23,IXP,communication_services,VT,-0.02137474996617994,0.42857142857142855,-0.0009829155152215184,-0.11756873901646236,0.38095238095238093,-0.0019103596209208173,-0.13394395667367842,0.4126984126984127,-0.001047443171177556,10.0,11.0,10.0
2026-07-24,IXN,technology,VT,-0.042450690115694245,0.42857142857142855,-0.0018987038568787256,0.09690263495023554,0.5555555555555556,0.001636812138894876,0.1786654255260478,0.5873015873015873,0.0013812972550315498,11.0,1.0,2.0
2026-07-24,IXG,financials,VT,0.053969021799527006,0.5714285714285714,0.0025106878357064838,0.06995419175399609,0.49206349206349204,0.0010266961845054054,0.02573551870976276,0.47619047619047616,0.00018782372791886504,2.0,2.0,5.0
2026-07-24,EXI,industrials,VT,0.0037889158346982033,0.47619047619047616,0.0001959505329392142,-0.012331962335593083,0.42857142857142855,-0.00016594992999993455,-0.005152213820556195,0.4523809523809524,-9.70712011825298e-06,6.0,6.0,6.0
2026-07-24,IXC,energy,VT,0.12069574744839873,0.6190476190476191,0.005477963173836182,-0.003929933753336723,0.47619047619047616,-3.626841281394596e-06,0.17937855640731848,0.5317460317460317,0.0012770135689860352,1.0,5.0,1.0
2026-07-24,MXI,materials,VT,-0.0005570244874529839,0.5238095238095238,1.8935566722299068e-05,-0.0774573938368256,0.47619047619047616,-0.0011567311791880444,-0.06822005656669905,0.5158730158730159,-0.0004447872936985657,7.0,9.0,9.0
2026-07-24,RXI,consumer_discretionary,VT,-0.01875881406263369,0.38095238095238093,-0.0008794916200574466,-0.07874768043839675,0.36507936507936506,-0.0012381983034027095,-0.16971568300677808,0.38095238095238093,-0.0013528944878577996,10.0,10.0,11.0
2026-07-24,KXI,consumer_staples,VT,-0.0037149150145804333,0.47619047619047616,-0.00014457234994600494,-0.02670135215430136,0.3968253968253968,-0.00041214450313003815,-0.04410578725503034,0.40476190476190477,-0.00034060942805389443,8.0,7.0,7.0
2026-07-24,IXJ,health_care,VT,0.04624798794855134,0.47619047619047616,0.0021990579429577374,0.04288034076135894,0.47619047619047616,0.0006533235970245208,-0.06283113125240569,0.4523809523809524,-0.0004806279529900949,3.0,3.0,8.0
2026-07-24,JXI,utilities,VT,0.023377480226258962,0.47619047619047616,0.00111090722625876,-0.036269112186066765,0.4444444444444444,-0.0005634519875877097,0.02687506947845497,0.48412698412698413,0.00019266398657499575,5.0,8.0,4.0
2026-07-24,REET,real_estate,VT,0.04523521130624508,0.5238095238095238,0.0021183288552790776,0.036393859004138385,0.42857142857142855,0.0005398329481854237,0.08117914881296162,0.49206349206349204,0.0005678011434254154,4.0,4.0,3.0
2026-07-24,IXP,communication_services,VT,-0.010824230041040162,0.47619047619047616,-0.0004726890500399269,-0.11659266615370878,0.38095238095238093,-0.001881643578950207,-0.1387331242975901,0.4126984126984127,-0.001096132279950124,9.0,11.0,10.0
2026-07-27,IXN,technology,VT,-0.05836381753615172,0.38095238095238093,-0.0027047414332795577,0.06351145695350957,0.5396825396825397,0.0011631657969219274,0.16138920368170862,0.5793650793650794,0.001271177197195444,11.0,3.0,1.0
2026-07-27,IXG,financials,VT,0.07156813861996114,0.6190476190476191,0.0033098591061804343,0.09084089997569533,0.5079365079365079,0.0013329025116849819,0.04587222638669064,0.48412698412698413,0.0003327873252058122,2.0,1.0,4.0
2026-07-27,EXI,industrials,VT,-0.002136475966804108,0.47619047619047616,-8.858636592108076e-05,-0.0033542082778319493,0.4444444444444444,-2.7356635093299365e-05,0.001719212668611636,0.4603174603174603,4.130629450640977e-05,9.0,5.0,6.0
2026-07-27,IXC,energy,VT,0.08900785623702401,0.5714285714285714,0.0041331252869617,-0.01899478931987053,0.47619047619047616,-0.00023357020756151865,0.1339366347378248,0.5238095238095238,0.0009849225661257364,1.0,7.0,2.0
2026-07-27,MXI,materials,VT,-0.008183602621370412,0.47619047619047616,-0.00034910813339348944,-0.0735610149728273,0.47619047619047616,-0.0010997353779047924,-0.08162037961039292,0.5079365079365079,-0.0005526349686160875,10.0,10.0,9.0
2026-07-27,RXI,consumer_discretionary,VT,0.011274162087872464,0.42857142857142855,0.0005605138845911496,-0.06238447510132161,0.38095238095238093,-0.0009738356739275316,-0.1533121978396318,0.3888888888888889,-0.0012090858029547428,6.0,9.0,11.0
2026-07-27,KXI,consumer_staples,VT,0.009628526643458812,0.5238095238095238,0.0004926764718387943,-0.012136074135056019,0.4126984126984127,-0.00018506400150027896,-0.03949659203769018,0.40476190476190477,-0.00030488367942652127,7.0,6.0,7.0
2026-07-27,IXJ,health_care,VT,0.04016312846839187,0.47619047619047616,0.0019217017786516914,0.06780398056351378,0.49206349206349204,0.0010213484687424757,-0.05482377979353892,0.4603174603174603,-0.0004177935744690205,3.0,2.0,8.0
2026-07-27,JXI,utilities,VT,0.004576067082547874,0.42857142857142855,0.0002279707134069241,-0.042302598654785695,0.4444444444444444,-0.000662447138571788,0.01559568406348788,0.48412698412698413,0.00011109249942577016,8.0,8.0,5.0
2026-07-27,REET,real_estate,VT,0.03782229082834343,0.47619047619047616,0.0017828751488759684,0.04199323555495105,0.42857142857142855,0.000626816266864231,0.07347170483132315,0.48412698412698413,0.0005146639286188844,4.0,4.0,3.0
2026-07-27,IXP,communication_services,VT,0.012728173447714042,0.5238095238095238,0.0006527454916420229,-0.09861440849680037,0.3968253968253968,-0.0015834459779351456,-0.1310319221462668,0.4126984126984127,-0.0010305369723424462,5.0,11.0,10.0
2026-07-28,IXN,technology,VT,-0.06774480630746538,0.38095238095238093,-0.0031601483880411285,0.037937153933870205,0.5238095238095238,0.000791574820779235,0.13337093039059833,0.5714285714285714,0.0010946086742205916,11.0,4.0,1.0
2026-07-28,IXG,financials,VT,0.0717746176265317,0.6190476190476191,0.00330399143431901,0.09345146742277732,0.5079365079365079,0.001370599033278755,0.05306974414697452,0.49206349206349204,0.0003858414365331655,2.0,2.0,4.0
2026-07-28,EXI,industrials,VT,0.0020304049361761223,0.47619047619047616,0.0001069748996265007,-0.0036987685758904654,0.4444444444444444,-3.266858633810442e-05,0.0013213272312750934,0.4603174603174603,3.852412970030086e-05,8.0,6.0,6.0
2026-07-28,IXC,energy,VT,0.07853195840679916,0.5714285714285714,0.00365661702028674,-0.028196164935578638,0.47619047619047616,-0.000377785358592763,0.12420300761933811,0.5238095238095238,0.0009252487913620264,1.0,7.0,2.0
2026-07-28,MXI,materials,VT,-0.0039156170007375035,0.47619047619047616,-0.00014247424170679568,-0.06591578136029919,0.49206349206349204,-0.0009739722670102087,-0.07705135863581758,0.5079365079365079,-0.0005191056456981787,9.0,10.0,9.0
2026-07-28,RXI,consumer_discretionary,VT,0.013306260829622163,0.42857142857142855,0.0006585635425415575,-0.03877494422058925,0.3968253968253968,-0.0005898822960044715,-0.12743760387166514,0.3968253968253968,-0.0009924559552056894,7.0,8.0,11.0
2026-07-28,KXI,consumer_staples,VT,0.020850551427508357,0.5238095238095238,0.0010284266195835514,0.02372231883725151,0.42857142857142855,0.00036788020656219005,-0.008863397208162205,0.4126984126984127,-7.038483475232993e-05,6.0,5.0,7.0
2026-07-28,IXJ,health_care,VT,0.037446261246502965,0.47619047619047616,0.0017912458537148815,0.1010191704614396,0.5079365079365079,0.0014987306169598467,-0.033033014752894996,0.4603174603174603,-0.0002485149583406709,3.0,1.0,8.0
2026-07-28,JXI,utilities,VT,-0.009263327895035145,0.38095238095238093,-0.0004304905225695884,-0.04756319471993842,0.4444444444444444,-0.0007472283396490162,0.0036647947475623166,0.47619047619047616,2.3353982753168294e-05,10.0,9.0,5.0
2026-07-28,REET,real_estate,VT,0.025159773260402307,0.47619047619047616,0.0011892349068542867,0.04827379384434738,0.4444444444444444,0.0007198513040905267,0.0828825115144518,0.49206349206349204,0.0005827100432716768,4.0,3.0,3.0
2026-07-28,IXP,communication_services,VT,0.024857667110503634,0.5238095238095238,0.00122148050546205,-0.07967450281542032,0.4126984126984127,-0.0012632228254690126,-0.11847693209968091,0.4126984126984127,-0.0009293536878935142,5.0,11.0,10.0
2026-07-29,IXN,technology,VT,-0.08372998863164871,0.3333333333333333,-0.004084454548411955,0.03516445242988242,0.5238095238095238,0.0007572213543973432,0.10240513954852659,0.5634920634920635,0.0009038800063590242,11.0,4.0,2.0
2026-07-29,IXG,financials,VT,0.07816351447006897,0.6190476190476191,0.0036810876225741307,0.08135146575908947,0.49206349206349204,0.0012087185459801722,0.05173613786207443,0.49206349206349204,0.0003847834442353554,2.0,2.0,4.0
2026-07-29,EXI,industrials,VT,-0.000987309543417414,0.47619047619047616,-2.7668006549709722e-05,-0.01019885358100514,0.4444444444444444,-0.00013254589975677063,-0.009010045316738768,0.4523809523809524,-3.915680286394867e-05,10.0,7.0,8.0
2026-07-29,IXC,energy,VT,0.13349011942455147,0.6190476190476191,0.0061772224870928535,-0.008966171531513023,0.47619047619047616,-7.53988496715984e-05,0.15834184712170463,0.5238095238095238,0.0011738197457535691,1.0,6.0,1.0
2026-07-29,MXI,materials,VT,0.021556314307335622,0.5238095238095238,0.0010823098693397652,-0.046348104970945436,0.5079365079365079,-0.000664859122705731,-0.06892630013603052,0.5079365079365079,-0.00046701962511182536,8.0,9.0,9.0
2026-07-29,RXI,consumer_discretionary,VT,0.02414594449855434,0.47619047619047616,0.0011896768765890387,-0.025844647351638494,0.4126984126984127,-0.00038929824520307654,-0.1105384567252351,0.40476190476190477,-0.0008717446939576697,7.0,8.0,11.0
2026-07-29,KXI,consumer_staples,VT,0.05145034148830985,0.5714285714285714,0.0024918187991922734,0.03053373298770312,0.42857142857142855,0.0004724774037811243,0.010410793212246361,0.42063492063492064,7.425142070644371e-05,4.0,5.0,5.0
2026-07-29,IXJ,health_care,VT,0.05261353721705553,0.5238095238095238,0.002541697876765487,0.10538627680601054,0.5079365079365079,0.0015707984259103803,-0.005157081780231554,0.46825396825396826,-3.8483509744614334e-05,3.0,1.0,7.0
2026-07-29,JXI,utilities,VT,0.0005766976656585987,0.42857142857142855,4.154454974548112e-05,-0.05331013272723362,0.4444444444444444,-0.0008475825704208244,-0.0022094064285642645,0.47619047619047616,-2.169107937970744e-05,9.0,10.0,6.0
2026-07-29,REET,real_estate,VT,0.045626225637850126,0.5238095238095238,0.0021828426798635356,0.04403490209504213,0.4444444444444444,0.0006616200908296378,0.0942547236198823,0.5,0.0006750733061712661,5.0,3.0,3.0
2026-07-29,IXP,communication_services,VT,0.03628825150251891,0.5238095238095238,0.001787684752496011,-0.06819205736239076,0.4126984126984127,-0.0010833521752371311,-0.09833492196758387,0.42063492063492064,-0.0007807802037467235,6.0,11.0,10.0
2026-07-30,IXN,technology,VT,-0.07017697145801471,0.3333333333333333,-0.0032634786346703156,0.06788811071093193,0.5238095238095238,0.001240588560849122,0.1366245245775799,0.5634920634920635,0.0011286675524341508,11.0,3.0,1.0
2026-07-30,IXG,financials,VT,0.07927045142547473,0.6190476190476191,0.0036778783443430826,0.07855210000823298,0.49206349206349204,0.0011391244169350924,0.05018689081469874,0.49206349206349204,0.0003643670663267522,2.0,1.0,4.0
2026-07-30,EXI,industrials,VT,-0.006702150095167281,0.47619047619047616,-0.00030557496161925143,-0.005311938655713888,0.4603174603174603,-5.44840151094121e-05,-0.0007685106006916076,0.4603174603174603,2.3752962019866227e-05,10.0,6.0,5.0
2026-07-30,IXC,energy,VT,0.1367706865266074,0.6190476190476191,0.006229429816499184,-0.04550969277604988,0.4603174603174603,-0.0006467398228052739,0.1351469665705458,0.5158730158730159,0.0009966767016113692,1.0,9.0,2.0
2026-07-30,MXI,materials,VT,0.02987087027612767,0.5714285714285714,0.0014622631304107676,-0.034432898340636786,0.5238095238095238,-0.0004590338320944042,-0.07166811598849143,0.5079365079365079,-0.00047573061289024696,6.0,7.0,9.0
2026-07-30,RXI,consumer_discretionary,VT,0.024637959275996435,0.47619047619047616,0.0011888875862625236,-0.03797285475140577,0.4126984126984127,-0.0005718520046776707,-0.1175214439750657,0.40476190476190477,-0.0009106512044302244,7.0,8.0,10.0
2026-07-30,KXI,consumer_staples,VT,0.043023813800944,0.5714285714285714,0.002059921068838994,0.0011150790308978031,0.42857142857142855,1.924938181523007e-05,-0.016027703318643338,0.42063492063492064,-0.00012659285126766692,4.0,5.0,6.0
2026-07-30,IXJ,health_care,VT,0.03862813052403502,0.5238095238095238,0.0018562973432062005,0.07800546149734355,0.5079365079365079,0.0011502216916018575,-0.026732297232776814,0.46825396825396826,-0.0002027669690269272,5.0,2.0,8.0
2026-07-30,JXI,utilities,VT,-0.0013878687315577176,0.42857142857142855,-6.533937880024538e-05,-0.06040327291631964,0.4444444444444444,-0.0009459506633893995,-0.023479239278119124,0.46825396825396826,-0.00018347268424706665,9.0,10.0,7.0
2026-07-30,REET,real_estate,VT,0.04322836955124032,0.5238095238095238,0.0020287902337980364,0.02415359636647363,0.4444444444444444,0.0003499737002346083,0.073217197786005,0.5,0.0005130898020559808,3.0,4.0,3.0
2026-07-30,IXP,communication_services,VT,0.011329478783668412,0.5238095238095238,0.0005893231675051883,-0.10731751740887319,0.3968253968253968,-0.001704215544510066,-0.1378752666263764,0.4126984126984127,-0.001094153224452237,8.0,11.0,11.0
2026-07-31,IXN,technology,VT,-0.04994298525122698,0.3333333333333333,-0.002231667675051304,0.07014416336427032,0.5238095238095238,0.0012864538899935239,0.15219508276564753,0.5634920634920635,0.0012264237060517782,11.0,2.0,1.0
2026-07-31,IXG,financials,VT,0.055297547918294665,0.5714285714285714,0.0025747076967166066,0.07298694542970541,0.47619047619047616,0.0010733459859378902,0.03229548793949033,0.48412698412698413,0.00023473352223686946,2.0,1.0,4.0
2026-07-31,EXI,industrials,VT,-0.0020533032059146805,0.5238095238095238,-8.049234177138975e-05,-0.01650489896011531,0.4603174603174603,-0.00023364153193067372,-0.00939633438859988,0.4603174603174603,-4.093804890486171e-05,10.0,6.0,5.0
2026-07-31,IXC,energy,VT,0.1471945628775979,0.6666666666666666,0.00661819463254743,-0.04026347850206191,0.47619047619047616,-0.0005712768088224356,0.1237859218829942,0.5158730158730159,0.0009180433293058425,1.0,8.0,2.0
2026-07-31,MXI,materials,VT,-0.0010715731434142173,0.5238095238095238,7.827327550558039e-06,-0.06566576816877667,0.5079365079365079,-0.0009681003322971694,-0.0989667819337926,0.5,-0.0006924550324627046,9.0,9.0,9.0
2026-07-31,RXI,consumer_discretionary,VT,0.03191225700999745,0.47619047619047616,0.0015282429204508978,-0.017785038267902564,0.4126984126984127,-0.00025709114690124457,-0.1002277495632744,0.40476190476190477,-0.0007625647205070676,3.0,7.0,10.0
2026-07-31,KXI,consumer_staples,VT,0.02579209269897964,0.5238095238095238,0.0012519545012160947,-0.01524471188024168,0.4126984126984127,-0.00023403590498923628,-0.0315216470530979,0.4126984126984127,-0.00024366458654580546,5.0,5.0,6.0
2026-07-31,IXJ,health_care,VT,0.01798564767647126,0.47619047619047616,0.0008872353961829615,0.05389957535281109,0.49206349206349204,0.0008142605729561178,-0.040699533725886416,0.4603174603174603,-0.0003088839860992275,6.0,3.0,8.0
2026-07-31,JXI,utilities,VT,0.001784817202595379,0.42857142857142855,8.198955970491129e-05,-0.07848885163342068,0.42857142857142855,-0.0012599661666807375,-0.033746601228078044,0.4603174603174603,-0.00026125035889765707,8.0,10.0,7.0
2026-07-31,REET,real_estate,VT,0.02806672229853069,0.47619047619047616,0.00131610019210991,0.011601979269643348,0.42857142857142855,0.00016455706253875715,0.048086264140059454,0.49206349206349204,0.00033425407545771183,4.0,4.0,3.0
2026-07-31,IXP,communication_services,VT,0.0021003913349495473,0.5238095238095238,0.00014716415447851584,-0.09707027602620122,0.3968253968253968,-0.0015515161055448044,-0.1535424558941838,0.4126984126984127,-0.0012276901199036276,7.0,11.0,11.0
2026-08-03,IXN,technology,VT,-0.02409250534486207,0.38095238095238093,-0.0009513574838979368,0.060388574409034,0.5238095238095238,0.0011363728694078273,0.166634501290281,0.5714285714285714,0.0012982250204222974,9.0,2.0,1.0
2026-08-03,IXG,financials,VT,0.03852130636778828,0.5238095238095238,0.0017858376540407228,0.07606986991254261,0.47619047619047616,0.0011062522933881162,0.025436945704692127,0.47619047619047616,0.00018130461425422802,2.0,1.0,4.0
2026-08-03,EXI,industrials,VT,-0.007374620620578476,0.5238095238095238,-0.0003320324714664353,-0.006317263557920505,0.47619047619047616,-7.472848920029061e-05,-0.01451446162635528,0.4603174603174603,-7.681444500408649e-05,6.0,5.0,5.0
2026-08-03,IXC,energy,VT,0.10692143734959836,0.6190476190476191,0.00486210906771835,-0.05048257851691074,0.47619047619047616,-0.0007284175428439388,0.08534589380196311,0.5079365079365079,0.0006469758217410458,1.0,8.0,2.0
2026-08-03,MXI,materials,VT,-0.02165341892482897,0.47619047619047616,-0.0009825108574176237,-0.06241271833104234,0.5079365079365079,-0.0009060490872923819,-0.07006265195443673,0.5,-0.00045573594521314443,8.0,9.0,9.0
2026-08-03,RXI,consumer_discretionary,VT,0.03080591933987642,0.47619047619047616,0.0014625308646903394,-0.011473692032972549,0.42857142857142855,-0.00015682469361177017,-0.10434603902750628,0.40476190476190477,-0.0007791106194249681,3.0,6.0,10.0
2026-08-03,KXI,consumer_staples,VT,-0.010089352687484121,0.47619047619047616,-0.0004558244831304604,-0.027410944778186286,0.4126984126984127,-0.00042144174654920727,-0.06416613878469457,0.40476190476190477,-0.00048798409318629506,7.0,7.0,7.0
2026-08-03,IXJ,health_care,VT,-0.025273479300930823,0.42857142857142855,-0.0011934350504281582,0.0462453615292957,0.49206349206349204,0.0006946410960078422,-0.06955952346193217,0.4523809523809524,-0.000524241288842111,10.0,3.0,8.0
2026-08-03,JXI,utilities,VT,-0.029569280399397657,0.38095238095238093,-0.0014330519142610187,-0.0824493751524984,0.42857142857142855,-0.0013139704617611736,-0.049105963209819636,0.4523809523809524,-0.000372710151535925,11.0,11.0,6.0
2026-08-03,REET,real_estate,VT,0.005432625715360295,0.42857142857142855,0.0002451398837365813,0.00393145486421731,0.42857142857142855,4.617290419132187e-05,0.029221437105007686,0.48412698412698413,0.00019467031112798842,5.0,4.0,3.0
2026-08-03,IXP,communication_services,VT,0.023752054479917017,0.5714285714285714,0.0011725829660251925,-0.07983996947765981,0.4126984126984127,-0.0012437903346590715,-0.14258082932634952,0.4126984126984127,-0.0011060215054858316,4.0,10.0,11.0
2026-08-04,IXN,technology,VT,-0.009774098941382814,0.38095238095238093,-0.0002313355078420401,0.08157177271232618,0.5238095238095238,0.0014237447800884552,0.19897605135257823,0.5714285714285714,0.0014902024909059248,8.0,1.0,1.0
2026-08-04,IXG,financials,VT,0.020925230824336616,0.47619047619047616,0.0009627977809072007,0.07053555192932559,0.47619047619047616,0.0010007530147675026,0.006156664095136932,0.46825396825396826,4.0932088431140415e-05,2.0,2.0,4.0
2026-08-04,EXI,industrials,VT,-0.005697291013944561,0.5238095238095238,-0.00024768999883436775,0.005451499259686576,0.49206349206349204,0.0001026460942394151,-0.013104959897354052,0.4603174603174603,-6.461768678781848e-05,6.0,4.0,5.0
2026-08-04,IXC,energy,VT,0.09126370208505263,0.6190476190476191,0.004156994930244086,-0.09101330314959077,0.4603174603174603,-0.001355777348520763,0.0813034691127077,0.5079365079365079,0.0006103891185257047,1.0,9.0,2.0
2026-08-04,MXI,materials,VT,-0.010830940159160862,0.5238095238095238,-0.0004506327397780309,-0.04503875646662037,0.5238095238095238,-0.0006104980639252116,-0.06727501148566772,0.5,-0.0004262458601914081,9.0,8.0,7.0
2026-08-04,RXI,consumer_discretionary,VT,0.019176199585082987,0.47619047619047616,0.0009146446757318794,-0.022456409247870734,0.42857142857142855,-0.00032154798154488117,-0.11715307526818164,0.40476190476190477,-0.0008716761394855213,3.0,6.0,10.0
2026-08-04,KXI,consumer_staples,VT,-0.006353455481646231,0.47619047619047616,-0.00028295531718174657,-0.040639751907516564,0.4126984126984127,-0.0006172276803693426,-0.08879290302432286,0.3968253968253968,-0.0006734250183497688,7.0,7.0,8.0
2026-08-04,IXJ,health_care,VT,-0.022601956200903994,0.42857142857142855,-0.0010640048218945042,0.025988916921753535,0.47619047619047616,0.0003856095000012531,-0.08994415890476759,0.4444444444444444,-0.0006764266628314606,10.0,3.0,9.0
2026-08-04,JXI,utilities,VT,-0.03308588011161573,0.38095238095238093,-0.0015982171247575637,-0.09966140955822322,0.42857142857142855,-0.0015644529892788678,-0.05602935723541269,0.4523809523809524,-0.0004215956992657083,11.0,11.0,6.0
2026-08-04,REET,real_estate,VT,-0.0002120393066789017,0.42857142857142855,-2.579534239573123e-05,-0.014776065225468926,0.42857142857142855,-0.0002371132791714774,0.01918123854097664,0.48412698412698413,0.00012005225270920906,5.0,5.0,3.0
2026-08-04,IXP,communication_services,VT,0.010804242358604332,0.5238095238095238,0.0005611663938196031,-0.09390266691996685,0.4126984126984127,-0.0014425658628432524,-0.14981905710958487,0.4126984126984127,-0.0011515837584881198,4.0,10.0,11.0
2026-08-05,IXN,technology,VT,0.005385765379952723,0.38095238095238093,0.000464432110149354,0.06442537748230492,0.5079365079365079,0.0011932856544112182,0.21689236164564862,0.5714285714285714,0.0015946841602410273,6.0,2.0,1.0
2026-08-05,IXG,financials,VT,0.017977944222064224,0.47619047619047616,0.0008229978922658564,0.07900517429298337,0.49206349206349204,0.0011320627696321754,0.009049136292308413,0.46825396825396826,6.148012941304201e-05,3.0,1.0,4.0
2026-08-05,EXI,industrials,VT,0.007008056484337777,0.5714285714285714,0.00033697793329184086,0.0011434562864309772,0.49206349206349204,3.788963139582005e-05,-0.02356090449840864,0.4603174603174603,-0.00014087440424448693,5.0,4.0,5.0
2026-08-05,IXC,energy,VT,0.03059688514450798,0.5714285714285714,0.0014551222800649095,-0.09858521710354984,0.4603174603174603,-0.0014948511231947365,0.020942099154150906,0.5,0.00019313904477810277,1.0,10.0,2.0
2026-08-05,MXI,materials,VT,0.025863825372706373,0.5714285714285714,0.0012534502104117144,-0.022531031952587988,0.5238095238095238,-0.00026597591709381127,-0.07113564968403097,0.5,-0.0004550605543588843,2.0,7.0,7.0
2026-08-05,RXI,consumer_discretionary,VT,0.01627781642881687,0.47619047619047616,0.0007776078582968571,-0.013111488934727467,0.4444444444444444,-0.00018230906544386682,-0.11000771276170584,0.4126984126984127,-0.0008128356614829684,4.0,6.0,10.0
2026-08-05,KXI,consumer_staples,VT,-0.02102260174108639,0.47619047619047616,-0.0009716294880927808,-0.03282134121485614,0.42857142857142855,-0.000502708710157416,-0.10216304368948226,0.3968253968253968,-0.0007776738610983425,9.0,8.0,9.0
2026-08-05,IXJ,health_care,VT,-0.029713930328658877,0.42857142857142855,-0.0013926488280091205,0.047634646034750316,0.49206349206349204,0.0007062303399567399,-0.06736353331396083,0.4523809523809524,-0.000500653535845287,10.0,3.0,6.0
2026-08-05,JXI,utilities,VT,-0.05588333225418585,0.3333333333333333,-0.0026897441727721555,-0.10066829127888866,0.42857142857142855,-0.0015993593640458202,-0.08328317217972048,0.4444444444444444,-0.0006296380287719304,11.0,11.0,8.0
2026-08-05,REET,real_estate,VT,-0.014892891082574744,0.42857142857142855,-0.0007130818920305648,-0.005187956807816141,0.4444444444444444,-9.378597924995505e-05,0.014960057713054198,0.48412698412698413,8.996502527223894e-05,7.0,5.0,3.0
2026-08-05,IXP,communication_services,VT,-0.015062352848307814,0.47619047619047616,-0.0006432196725613496,-0.09364724448534201,0.4126984126984127,-0.0014550281500243028,-0.1514035654212762,0.4126984126984127,-0.0011623205093366396,8.0,9.0,11.0
2026-08-06,IXN,technology,VT,-0.01358660798826583,0.3333333333333333,-0.0004230233573290855,0.04746356874996205,0.49206349206349204,0.0009609248509063627,0.23820013466213408,0.5714285714285714,0.0017172821510091415,8.0,3.0,1.0
2026-08-06,IXG,financials,VT,0.028245587859254906,0.5238095238095238,0.0012837166361880713,0.07931487597142572,0.5079365079365079,0.0011599739186107158,-0.000436019793917497,0.46825396825396826,-6.362851838971992e-06,2.0,1.0,3.0
2026-08-06,EXI,industrials,VT,0.009783485369326161,0.5714285714285714,0.00046192331382359573,-0.015719322981656347,0.47619047619047616,-0.0002249559242026855,-0.03570129881456374,0.4523809523809524,-0.00022953161377906525,5.0,5.0,5.0
2026-08-06,IXC,energy,VT,0.02591567693501662,0.5714285714285714,0.001239612501758842,-0.027661190084808718,0.47619047619047616,-0.00037681607501767575,0.015763420705648956,0.5,0.0001561081350791723,3.0,8.0,2.0
2026-08-06,MXI,materials,VT,0.042580529055247895,0.5714285714285714,0.001988863800626948,-0.039727112088754235,0.5079365079365079,-0.0005495455579059309,-0.0885153077234011,0.49206349206349204,-0.0005882143757347516,1.0,9.0,7.0
2026-08-06,RXI,consumer_discretionary,VT,0.02090955433960051,0.47619047619047616,0.0009856876432246715,-0.02014236765197741,0.42857142857142855,-0.00029799175908779447,-0.11742089199370775,0.40476190476190477,-0.000870409096652971,4.0,7.0,9.0
2026-08-06,KXI,consumer_staples,VT,-0.017492646052977623,0.5238095238095238,-0.000803515421373902,-0.01991055519846463,0.4444444444444444,-0.00030778792125799964,-0.11954201467506886,0.3968253968253968,-0.0009153834442165196,10.0,6.0,10.0
2026-08-06,IXJ,health_care,VT,-0.016203776498096012,0.47619047619047616,-0.000752888679357009,0.06516850647276917,0.5079365079365079,0.0009782285121622551,-0.08074290500205117,0.4523809523809524,-0.0006030334764729842,9.0,2.0,6.0
2026-08-06,JXI,utilities,VT,-0.0561535065911416,0.3333333333333333,-0.0026980770327061443,-0.07446622123035618,0.42857142857142855,-0.0011929014020105953,-0.0887992927583523,0.4365079365079365,-0.0006712574354854493,11.0,10.0,8.0
2026-08-06,REET,real_estate,VT,-0.013030505252269231,0.42857142857142855,-0.0006261042297532247,-0.009373836848558748,0.4444444444444444,-0.00015803100468014808,-0.011703099785177473,0.47619047619047616,-0.0001009762189591352,7.0,4.0,4.0
2026-08-06,IXP,communication_services,VT,-0.009881470515682667,0.5238095238095238,-0.00039950248882146875,-0.08958686622516998,0.42857142857142855,-0.0014188691172041861,-0.14313257169602667,0.42063492063492064,-0.0010922477606494564,6.0,11.0,11.0
2026-08-07,IXN,technology,VT,-0.02425531562010086,0.3333333333333333,-0.0009337431558295187,0.04678638685666492,0.49206349206349204,0.0009399770625456029,0.2505470127493983,0.5793650793650794,0.0017593905788916974,10.0,3.0,1.0
2026-08-07,IXG,financials,VT,0.020712368279521165,0.5238095238095238,0.0009399273823063366,0.07473513181202751,0.5079365079365079,0.001075289916663837,-0.0032888837107367674,0.46825396825396826,-2.7263918148721548e-05,4.0,1.0,3.0
2026-08-07,EXI,industrials,VT,0.013857462604938364,0.6190476190476191,0.0006492675295167938,-0.004892347809293041,0.49206349206349204,-5.821331237952092e-05,-0.03571035977603576,0.4603174603174603,-0.00022419384605953675,5.0,4.0,5.0
2026-08-07,IXC,energy,VT,0.028746915729138012,0.5714285714285714,0.0013639569160278113,-0.034613656587250574,0.47619047619047616,-0.0004799047628349276,0.0009130932774630285,0.5,4.995697803878667e-05,2.0,9.0,2.0
2026-08-07,MXI,materials,VT,0.0502461447616811,0.5714285714285714,0.0023319166668360016,-0.024482344005771983,0.5238095238095238,-0.00030092056177766224,-0.059175890651649965,0.5,-0.0003565043807615052,1.0,7.0,6.0
2026-08-07,RXI,consumer_discretionary,VT,0.02588613212338653,0.5238095238095238,0.0012127207194332463,-0.018533778422351155,0.42857142857142855,-0.00026678606572669956,-0.11338232961925288,0.4126984126984127,-0.0008193332787112354,3.0,6.0,9.0
2026-08-07,KXI,consumer_staples,VT,0.0002455812216033415,0.5238095238095238,2.1544777464278465e-05,-0.025353939935520042,0.42857142857142855,-0.00038671243490181806,-0.1392548856131952,0.3888888888888889,-0.001051392106815709,6.0,8.0,10.0
2026-08-07,IXJ,health_care,VT,-0.003974555594268292,0.5238095238095238,-0.000177946236995561,0.06849640186108186,0.5238095238095238,0.0010093960407575738,-0.08472541694059044,0.4523809523809524,-0.00061995419683517,7.0,2.0,7.0
2026-08-07,JXI,utilities,VT,-0.047218598453328764,0.3333333333333333,-0.002258629280212524,-0.06921881685869213,0.42857142857142855,-0.0010887350342430153,-0.10000974290928633,0.42857142857142855,-0.0007423918149053214,11.0,10.0,8.0
2026-08-07,REET,real_estate,VT,-0.01009125969339486,0.42857142857142855,-0.00048753816778192494,-0.012103288702529857,0.4444444444444444,-0.00019767175947432096,-0.029527506884998056,0.46825396825396826,-0.00022615495688460462,8.0,5.0,4.0
2026-08-07,IXP,communication_services,VT,-0.014946513119829197,0.5238095238095238,-0.0006379298707285422,-0.1033906527258549,0.4126984126984127,-0.001622154995673081,-0.15912901169469396,0.4126984126984127,-0.0011973108677382762,9.0,11.0,11.0
2026-08-10,IXN,technology,VT,-0.03049741345823509,0.3333333333333333,-0.0012371142450408681,0.008387208377816924,0.47619047619047616,0.00036812898877967826,0.2068904481040652,0.5714285714285714,0.001528953069791982,10.0,4.0,1.0
2026-08-10,IXG,financials,VT,0.016260850652510594,0.47619047619047616,0.0007416478713617671,0.08275466542768561,0.5079365079365079,0.001201949132303174,-0.004388083984371738,0.46825396825396826,-3.547177651546425e-05,5.0,2.0,3.0
2026-08-10,EXI,industrials,VT,0.012647912109261972,0.5714285714285714,0.000597381692298906,0.003011758582207813,0.49206349206349204,6.226935195820436e-05,-0.04652618751809956,0.4523809523809524,-0.000313156372799677,6.0,5.0,5.0
2026-08-10,IXC,energy,VT,0.06856233942365342,0.5714285714285714,0.0031758916581525057,0.02119988113592508,0.49206349206349204,0.0003816631912803667,0.046758554615221604,0.5079365079365079,0.00037796066602841844,1.0,3.0,2.0
2026-08-10,MXI,materials,VT,0.0486225097564017,0.5714285714285714,0.0022709304434234768,-0.022205541910190085,0.5238095238095238,-0.0002703789118281004,-0.051138579515679794,0.5079365079365079,-0.00030599250308577594,2.0,9.0,6.0
2026-08-10,RXI,consumer_discretionary,VT,0.030492237647797626,0.5714285714285714,0.0014290256125469487,-0.008365743641370216,0.4444444444444444,-0.00011237941781303129,-0.09935695929455979,0.42063492063492064,-0.0007276896764563095,3.0,6.0,9.0
2026-08-10,KXI,consumer_staples,VT,-0.006359840997868904,0.47619047619047616,-0.0002871771534473351,-0.021900467970683124,0.42857142857142855,-0.0003364390938083567,-0.13255470841836714,0.3888888888888889,-0.0010217362790739999,7.0,8.0,11.0
2026-08-10,IXJ,health_care,VT,0.02215361076665512,0.5714285714285714,0.001031050998073842,0.09898350078790807,0.5396825396825397,0.001452527678216221,-0.06509972363051619,0.4603174603174603,-0.00048298566968229124,4.0,1.0,7.0
2026-08-10,JXI,utilities,VT,-0.05337087535221707,0.3333333333333333,-0.0025709909753157414,-0.06592018055565596,0.42857142857142855,-0.0010462173008894203,-0.0950837158750577,0.42857142857142855,-0.0007198604495899084,11.0,10.0,8.0
2026-08-10,REET,real_estate,VT,-0.020110071816893837,0.42857142857142855,-0.0009598513049978719,-0.018188100747482228,0.4444444444444444,-0.00029185078993482834,-0.03268457234445998,0.46825396825396826,-0.0002526141207925208,8.0,7.0,4.0
2026-08-10,IXP,communication_services,VT,-0.024066556776336956,0.5238095238095238,-0.0010799240833130489,-0.09211466762041243,0.42857142857142855,-0.001451720165706811,-0.129673819276093,0.42063492063492064,-0.0009831417716415932,9.0,11.0,10.0
2026-08-11,IXN,technology,VT,-0.008813733188616668,0.38095238095238093,-0.00021848566279588275,0.0033395190741734027,0.47619047619047616,0.0002910045865753407,0.20388581317935928,0.5714285714285714,0.0015217404919626186,7.0,5.0,1.0
2026-08-11,IXG,financials,VT,0.0012945776325525848,0.42857142857142855,5.2285332438887065e-05,0.0854936306230698,0.5079365079365079,0.0012427681662888187,-0.0020836106279031874,0.46825396825396826,-1.882657852435629e-05,6.0,2.0,3.0
2026-08-11,EXI,industrials,VT,0.019124804794379724,0.6190476190476191,0.0008847689508834765,0.005732761960842714,0.49206349206349204,0.00010378016773084989,-0.046263470355465186,0.4523809523809524,-0.00031471489443861124,4.0,4.0,5.0
2026-08-11,IXC,energy,VT,0.03522260715321335,0.5714285714285714,0.0016638419885540818,0.00608277934541146,0.49206349206349204,0.00015005085353497318,0.05342429054782061,0.5079365079365079,0.0004271323420324414,2.0,3.0,2.0
2026-08-11,MXI,materials,VT,0.04679023029251339,0.5714285714285714,0.0021667817895731807,-0.04147393381886266,0.5079365079365079,-0.0005766617887906831,-0.06941509761869824,0.5,-0.00045137174690359827,1.0,9.0,7.0
2026-08-11,RXI,consumer_discretionary,VT,0.021846588146507084,0.5238095238095238,0.0010277961257058625,-0.0009360520123367078,0.4444444444444444,6.664286985397668e-07,-0.09440451116191517,0.42063492063492064,-0.0006951475895542898,3.0,6.0,9.0
2026-08-11,KXI,consumer_staples,VT,-0.02233051310930656,0.42857142857142855,-0.0010277742372642477,-0.01336590193304854,0.42857142857142855,-0.00020515284392462628,-0.12070370288138776,0.3888888888888889,-0.0009344167758887612,8.0,7.0,10.0
2026-08-11,IXJ,health_care,VT,0.007357482371925794,0.5238095238095238,0.00035078944329294684,0.10093762031011644,0.5396825396825397,0.0014822845655326942,-0.05333451124784516,0.4603174603174603,-0.00039724575557602173,5.0,1.0,6.0
2026-08-11,JXI,utilities,VT,-0.06379655946685903,0.3333333333333333,-0.0030497012844600165,-0.06536344378166203,0.42857142857142855,-0.001039267652147387,-0.08547119715167284,0.4365079365079365,-0.0006506036370045109,11.0,10.0,8.0
2026-08-11,REET,real_estate,VT,-0.04039541113253553,0.38095238095238093,-0.0019101967564315275,-0.022158936641789584,0.4444444444444444,-0.0003539616008014109,-0.03442676759031027,0.46825396825396826,-0.00026757383907609323,10.0,8.0,4.0
2026-08-11,IXP,communication_services,VT,-0.03810807776302483,0.47619047619047616,-0.0017315430829517322,-0.08238973721207599,0.42857142857142855,-0.0012939404073075875,-0.13762164589470982,0.4126984126984127,-0.0010583711272947503,9.0,11.0,11.0
2026-08-12,IXN,technology,VT,-0.0062547115113285034,0.38095238095238093,-9.907391660736122e-05,0.033645595297214115,0.49206349206349204,0.0007392432812810915,0.22547733862653474,0.5793650793650794,0.0016467789097726517,7.0,3.0,1.0
2026-08-12,IXG,financials,VT,0.001348717744619643,0.42857142857142855,5.494582010388628e-05,0.07553612902025875,0.49206349206349204,0.0010903982656710438,0.005569434934075801,0.46825396825396826,3.605832403720555e-05,6.0,1.0,3.0
2026-08-12,EXI,industrials,VT,0.02137238940030839,0.6666666666666666,0.000988762577844722,0.007867486838223137,0.5079365079365079,0.0001349405897739383,-0.04750678209765469,0.4523809523809524,-0.0003222830262260786,4.0,4.0,5.0
2026-08-12,IXC,energy,VT,0.03302023851638025,0.5714285714285714,0.0015682246595721604,-0.01345794401886824,0.47619047619047616,-0.00014767860995441444,0.0502158613264545,0.5079365079365079,0.00040311042958969556,1.0,5.0,2.0
2026-08-12,MXI,materials,VT,0.03131363575007051,0.5238095238095238,0.0014768605534308703,-0.05334177900107995,0.49206349206349204,-0.0007573251357926162,-0.08768334363593033,0.49206349206349204,-0.0005910072695372325,2.0,9.0,7.0
2026-08-12,RXI,consumer_discretionary,VT,0.013583127368705039,0.5238095238095238,0.0006563449790133564,-0.014736228593409617,0.42857142857142855,-0.00020885487785961474,-0.11621431663918325,0.4126984126984127,-0.0008652544639090017,5.0,6.0,9.0
2026-08-12,KXI,consumer_staples,VT,-0.0173121305778956,0.42857142857142855,-0.0007934297247911229,-0.039101299366439246,0.4126984126984127,-0.0006026258894092512,-0.12782801897174823,0.3888888888888889,-0.000987432973687632,8.0,8.0,10.0
2026-08-12,IXJ,health_care,VT,0.026430050871149247,0.5238095238095238,0.001213304568648411,0.07320581628766565,0.5238095238095238,0.0010786062534977373,-0.055411446334277636,0.4603174603174603,-0.00041106357021194453,3.0,2.0,6.0
2026-08-12,JXI,utilities,VT,-0.06064992649568024,0.38095238095238093,-0.0028998321625709478,-0.06950428609722714,0.42857142857142855,-0.0010944977667904144,-0.09770322234979112,0.4365079365079365,-0.000743944724394731,11.0,10.0,8.0
2026-08-12,REET,real_estate,VT,-0.03244546852302699,0.42857142857142855,-0.0015312295772461097,-0.02557743804287682,0.4444444444444444,-0.0004026315216544285,-0.04267328864681308,0.46825396825396826,-0.0003281275233762426,9.0,7.0,4.0
2026-08-12,IXP,communication_services,VT,-0.050532668453162954,0.47619047619047616,-0.002332569164520578,-0.10387879969016689,0.4126984126984127,-0.0016348790696975228,-0.15394715526519664,0.40476190476190477,-0.0011879965109437502,10.0,11.0,11.0
2026-08-13,IXN,technology,VT,0.013155729885092393,0.42857142857142855,0.0007955939469498299,0.033338789883807785,0.49206349206349204,0.0007352431587894604,0.23019693062224533,0.5793650793650794,0.001671756114159639,5.0,3.0,1.0
2026-08-13,IXG,financials,VT,-0.006726574806578789,0.38095238095238093,-0.00032107044562656474,0.09153194521219277,0.49206349206349204,0.001315960095844392,0.014914043086171613,0.46825396825396826,0.00010234641216509578,7.0,1.0,3.0
2026-08-13,EXI,industrials,VT,0.019371080964068366,0.6666666666666666,0.0008958242980430031,0.00711600904327514,0.5079365079365079,0.00012393687718281754,-0.0560991748750157,0.4444444444444444,-0.0003863542568446467,3.0,4.0,5.0
2026-08-13,IXC,energy,VT,0.03466178938157105,0.5714285714285714,0.0016374707800706938,-0.013197262143388677,0.47619047619047616,-0.00014382108602161036,0.016035450574816812,0.5,0.0001608849212984745,1.0,6.0,2.0
2026-08-13,MXI,materials,VT,0.01465237520996121,0.5238095238095238,0.0007259242425156234,-0.0718231262515372,0.47619047619047616,-0.0010549257721143611,-0.11825326913221301,0.48412698412698413,-0.0008318566560748552,4.0,10.0,8.0
2026-08-13,RXI,consumer_discretionary,VT,-0.0035843238686521506,0.47619047619047616,-0.000136601517155544,-0.02697842243328563,0.4126984126984127,-0.0003989672982762349,-0.12018364156881389,0.4126984126984127,-0.0008948434133684397,6.0,8.0,9.0
2026-08-13,KXI,consumer_staples,VT,-0.007796449223194779,0.47619047619047616,-0.00034442729786977546,-0.02667210818564314,0.42857142857142855,-0.00040804068497176467,-0.1303880669316826,0.3888888888888889,-0.0010056187318446008,8.0,7.0,10.0
2026-08-13,IXJ,health_care,VT,0.02006229187101982,0.5238095238095238,0.0009230490390996877,0.06767088832810453,0.5238095238095238,0.0010015784795690894,-0.06781936528173182,0.4523809523809524,-0.0005047743144068724,2.0,2.0,6.0
2026-08-13,JXI,utilities,VT,-0.05534104828709341,0.38095238095238093,-0.00263571609717061,-0.058595475641078365,0.42857142857142855,-0.0009207339742296447,-0.11143642500945206,0.42857142857142855,-0.000851639560293986,10.0,9.0,7.0
2026-08-13,REET,real_estate,VT,-0.02705556926097996,0.47619047619047616,-0.0012710101925297364,-0.011020640757055666,0.4603174603174603,-0.00017852556456048646,-0.04197061664181656,0.46825396825396826,-0.0003219597123433708,9.0,5.0,4.0
2026-08-13,IXP,communication_services,VT,-0.0563090140298389,0.47619047619047616,-0.002611642596790412,-0.1044532433552896,0.4126984126984127,-0.001647475948238676,-0.1406789921642757,0.4126984126984127,-0.00107396842181609,11.0,11.0,11.0
2026-08-14,IXN,technology,VT,0.027404102208115955,0.42857142857142855,0.0014192571073473497,0.017949644722206948,0.47619047619047616,0.0005079398269696748,0.24028794392805186,0.5793650793650794,0.0017121055749484467,2.0,3.0,1.0
2026-08-14,IXG,financials,VT,-0.014154386617004633,0.38095238095238093,-0.000661616398877074,0.09255537305382333,0.49206349206349204,0.001336402373465177,0.018472465885623457,0.47619047619047616,0.00012577598820677296,6.0,1.0,3.0
2026-08-14,EXI,industrials,VT,0.017995937480212554,0.6666666666666666,0.0008292445514727023,0.014411730109920695,0.5238095238095238,0.0002344184014392574,-0.056687606406580215,0.4444444444444444,-0.0003850824470023923,4.0,4.0,5.0
2026-08-14,IXC,energy,VT,0.03574031204218131,0.5714285714285714,0.0016793584285354464,-0.0010645233140300636,0.47619047619047616,4.203101040424859e-05,0.03724458444986545,0.5079365079365079,0.0003062936471404407,1.0,5.0,2.0
2026-08-14,MXI,materials,VT,0.021913630431603215,0.5714285714285714,0.001046151552817525,-0.05608743787589665,0.49206349206349204,-0.0008063220918164315,-0.11045775170971162,0.49206349206349204,-0.0007591029949033018,3.0,10.0,7.0
2026-08-14,RXI,consumer_discretionary,VT,-0.014844734322947861,0.47619047619047616,-0.00065541090779178,-0.01780624440456058,0.42857142857142855,-0.0002584200309405878,-0.12203519049881029,0.4126984126984127,-0.0008970089250779823,7.0,7.0,8.0
2026-08-14,KXI,consumer_staples,VT,-0.04020538042914035,0.42857142857142855,-0.0018754507359602776,-0.024856329961584933,0.42857142857142855,-0.00038165472572522795,-0.15540734166909798,0.38095238095238093,-0.0011952892594893952,8.0,8.0,11.0
2026-08-14,IXJ,health_care,VT,-0.011707270611842402,0.47619047619047616,-0.0005380888437905005,0.06821648802212654,0.5238095238095238,0.001014443099540144,-0.08650510130408917,0.4444444444444444,-0.0006396919792894225,5.0,2.0,6.0
2026-08-14,JXI,utilities,VT,-0.059447647338089826,0.38095238095238093,-0.0028160839687591346,-0.054434526105195946,0.4444444444444444,-0.0008582914869899779,-0.13383816428548578,0.42857142857142855,-0.0010184121543854896,11.0,9.0,9.0
2026-08-14,REET,real_estate,VT,-0.05148306900475963,0.47619047619047616,-0.002433760638306296,-0.004105340246573386,0.47619047619047616,-7.325891163479872e-05,-0.052003333432322885,0.46825396825396826,-0.000391539154029802,10.0,6.0,4.0
2026-08-14,IXP,communication_services,VT,-0.044681439571418125,0.5238095238095238,-0.002036175378689788,-0.08852068591670093,0.42857142857142855,-0.0013889941296758984,-0.13547505959484607,0.42063492063492064,-0.0010170461338806793,9.0,11.0,10.0
2026-08-17,IXN,technology,VT,0.04048678463209532,0.47619047619047616,0.0019870171231108217,0.03384253171824492,0.49206349206349204,0.000735067318800332,0.25180967414990274,0.5873015873015873,0.0017868141051827708,1.0,3.0,1.0
2026-08-17,IXG,financials,VT,-0.011060381004003084,0.38095238095238093,-0.0005175744844941454,0.07957659175185516,0.47619047619047616,0.001140800610106528,0.02544331351162543,0.47619047619047616,0.0001751705900986953,5.0,1.0,3.0
2026-08-17,EXI,industrials,VT,0.013278018917960432,0.6666666666666666,0.000614046869841958,0.020095610432603106,0.5396825396825397,0.00031412264236969494,-0.06121156151129581,0.4444444444444444,-0.00042160257780622326,4.0,4.0,4.0
2026-08-17,IXC,energy,VT,0.025479488178461462,0.5714285714285714,0.0012150554608223558,-0.02233950437903709,0.47619047619047616,-0.00028010950703058083,0.048611627078466,0.5079365079365079,0.0003860470458034065,3.0,6.0,2.0
2026-08-17,MXI,materials,VT,0.025811475218603386,0.5714285714285714,0.001214817719743987,-0.026845244818778147,0.5079365079365079,-0.00034763080313285214,-0.1118971065500658,0.49206349206349204,-0.0007754535945386114,2.0,8.0,7.0
2026-08-17,RXI,consumer_discretionary,VT,-0.02023274207787784,0.47619047619047616,-0.0008996899114138014,-0.02572954037108688,0.42857142857142855,-0.0003754639435289032,-0.12912694267355618,0.4126984126984127,-0.0009586203312674553,7.0,7.0,8.0
2026-08-17,KXI,consumer_staples,VT,-0.06013129707350906,0.38095238095238093,-0.0028088912779181156,-0.05233995967641114,0.4126984126984127,-0.0008002721202330735,-0.16984877680303168,0.373015873015873,-0.0013215633930086987,9.0,10.0,11.0
2026-08-17,IXJ,health_care,VT,-0.014604076490837059,0.47619047619047616,-0.0006672481704001502,0.06402563309213494,0.5238095238095238,0.0009433246912498874,-0.09029174828059161,0.4444444444444444,-0.0006727552555971645,6.0,2.0,6.0
2026-08-17,JXI,utilities,VT,-0.06720574254442913,0.38095238095238093,-0.0031729958147648655,-0.04345835456555225,0.4603174603174603,-0.000677315016332203,-0.14492627751884823,0.42857142857142855,-0.0011154959383050983,11.0,9.0,10.0
2026-08-17,REET,real_estate,VT,-0.06483324551095015,0.42857142857142855,-0.003060061710627454,-0.007292068272894303,0.47619047619047616,-0.00012037594013304521,-0.0632594892677647,0.4603174603174603,-0.0004785041851729506,10.0,5.0,5.0
2026-08-17,IXP,communication_services,VT,-0.047779355445431326,0.5238095238095238,-0.0021715329501584887,-0.10577368004454724,0.4126984126984127,-0.0016516255530400824,-0.13923493757965466,0.42063492063492064,-0.0010526682760912689,8.0,11.0,9.0
2026-08-18,IXN,technology,VT,0.012546449692218298,0.42857142857142855,0.0007706530710918884,0.02234465274806019,0.49206349206349204,0.0005772094329711052,0.21854931579993164,0.5793650793650794,0.0016082266727423778,4.0,3.0,1.0
2026-08-18,IXG,financials,VT,-0.001414705606077371,0.42857142857142855,-7.906887735688515e-05,0.07539731535548122,0.47619047619047616,0.0010935046682366608,0.024359570045100254,0.47619047619047616,0.0001687742387088202,6.0,2.0,3.0
2026-08-18,EXI,industrials,VT,0.008777331935169386,0.6666666666666666,0.0004184719377702315,0.01478648447004538,0.5396825396825397,0.0002400376958991027,-0.06311856152082873,0.4444444444444444,-0.0004404294028679503,5.0,4.0,4.0
2026-08-18,IXC,energy,VT,0.04632462132288473,0.5714285714285714,0.0021508803956750305,-0.01522259890315425,0.47619047619047616,-0.00017671006302605937,0.09011153525016757,0.5158730158730159,0.0006709822692173899,1.0,6.0,2.0
2026-08-18,MXI,materials,VT,0.03239732725117195,0.5714285714285714,0.0015160441429139843,-0.028394191500318522,0.49206349206349204,-0.00037670834362203367,-0.09923272126300997,0.49206349206349204,-0.0006845237044175009,2.0,8.0,7.0
2026-08-18,RXI,consumer_discretionary,VT,-0.01415564530280089,0.5238095238095238,-0.0006256452916062102,-0.01995164280035766,0.42857142857142855,-0.00029136946071003347,-0.12191178798317204,0.42063492063492064,-0.000911441479130236,7.0,7.0,8.0
2026-08-18,KXI,consumer_staples,VT,-0.041606146421505286,0.42857142857142855,-0.0019401218593142636,-0.04896497702875602,0.4126984126984127,-0.0007590310060808281,-0.1442092208310528,0.38095238095238093,-0.0011219525390072278,8.0,10.0,11.0
2026-08-18,IXJ,health_care,VT,0.021612249274517437,0.5238095238095238,0.000984897584819212,0.08897498862903652,0.5238095238095238,0.0013084236895929819,-0.0645714250682714,0.4444444444444444,-0.00048026407169143506,3.0,1.0,5.0
2026-08-18,JXI,utilities,VT,-0.055021902215985796,0.42857142857142855,-0.0026076177835166864,-0.038839948380214206,0.4603174603174603,-0.0006140305551789883,-0.13372792290170799,0.42857142857142855,-0.0010362650936928735,10.0,9.0,10.0
2026-08-18,REET,real_estate,VT,-0.05743230766378771,0.42857142857142855,-0.0027263346508549753,-0.00594772649443831,0.47619047619047616,-0.00010252982527655543,-0.06520666977469292,0.4603174603174603,-0.0004993741241391332,11.0,5.0,6.0
2026-08-18,IXP,communication_services,VT,-0.049366028508100235,0.5238095238095238,-0.0022678856503463335,-0.10454089900839547,0.4126984126984127,-0.0016534598151342274,-0.13137476651243973,0.42857142857142855,-0.0010005634903463157,9.0,11.0,9.0
2026-08-19,IXN,technology,VT,-0.015272041966884364,0.38095238095238093,-0.0005328798501240366,0.014575291459897999,0.49206349206349204,0.000458780279858904,0.20036361803526326,0.5714285714285714,0.0014988532329520607,8.0,3.0,1.0
2026-08-19,IXG,financials,VT,-0.005598278483650132,0.42857142857142855,-0.0002709813687317629,0.06502311176564679,0.4603174603174603,0.0009358012825827612,0.01345094072379971,0.46825396825396826,9.159449283483287e-05,6.0,2.0,3.0
2026-08-19,EXI,industrials,VT,0.0034458235837153683,0.6666666666666666,0.00017748959099322682,0.013136765153732854,0.5396825396825397,0.00021222805566625504,-0.0681574467833228,0.4444444444444444,-0.0004794965729461058,5.0,4.0,6.0
2026-08-19,IXC,energy,VT,0.04152673749117519,0.5238095238095238,0.00195361951040914,-0.03415650662458636,0.4603174603174603,-0.0004655234225900409,0.06981536154209955,0.5079365079365079,0.000533683291803517,3.0,8.0,2.0
2026-08-19,MXI,materials,VT,0.05194106254031694,0.5714285714285714,0.0024096666425548565,0.009873622877938582,0.5079365079365079,0.00020994115857395036,-0.08078362690697372,0.49206349206349204,-0.0005378057939816588,2.0,5.0,7.0
2026-08-19,RXI,consumer_discretionary,VT,0.0078363216918933,0.5714285714285714,0.0003971443139338895,-0.009055990271303882,0.4444444444444444,-0.00012085932602034878,-0.1116041561389911,0.42857142857142855,-0.0008284292225323823,4.0,6.0,8.0
2026-08-19,KXI,consumer_staples,VT,-0.014709678560991923,0.47619047619047616,-0.0006729163759425676,-0.0537175049369889,0.4126984126984127,-0.0008245324981043228,-0.12715399904295877,0.3888888888888889,-0.0009823925531671342,7.0,9.0,11.0
2026-08-19,IXJ,health_care,VT,0.05842592666603097,0.5714285714285714,0.0026601708968345896,0.10584385014087161,0.5238095238095238,0.001535091714520085,-0.026615019068784607,0.4523809523809524,-0.00019060522155748112,1.0,1.0,4.0
2026-08-19,JXI,utilities,VT,-0.04741214670860827,0.42857142857142855,-0.002255314266664297,-0.057610806051389574,0.4444444444444444,-0.0009028916509867196,-0.11931918097577543,0.42857142857142855,-0.0009204875736556369,10.0,10.0,9.0
2026-08-19,REET,real_estate,VT,-0.04811203709862777,0.47619047619047616,-0.002290757007188663,-0.012332860900286846,0.47619047619047616,-0.00019781805111154837,-0.045455789085762976,0.46825396825396826,-0.0003502563478721106,11.0,7.0,5.0
2026-08-19,IXP,communication_services,VT,-0.030235739369629422,0.5714285714285714,-0.001362868581757461,-0.10630840984941359,0.4126984126984127,-0.0016632139749440313,-0.12433548502627245,0.4365079365079365,-0.000943894631511462,9.0,11.0,10.0
2026-08-20,IXN,technology,VT,-0.008615813892840274,0.42857142857142855,-0.00022353949637375438,0.009272348504065553,0.49206349206349204,0.00037938339768545896,0.2099290570534742,0.5793650793650794,0.0015601340809812338,6.0,5.0,1.0
2026-08-20,IXG,financials,VT,-0.016721734418043033,0.38095238095238093,-0.000793254546314668,0.05700930690693373,0.4444444444444444,0.0008369626954085819,0.008409868725338221,0.46825396825396826,5.6011972800094876e-05,7.0,2.0,3.0
2026-08-20,EXI,industrials,VT,-0.0021591766563890946,0.6190476190476191,-8.027701864491792e-05,0.00588808590576928,0.5238095238095238,0.0001061498903056835,-0.080200564994801,0.4365079365079365,-0.000574064770593094,5.0,6.0,7.0
2026-08-20,IXC,energy,VT,0.03925609883009851,0.5238095238095238,0.0018559839181998814,0.01508680335047563,0.47619047619047616,0.00028299446948564286,0.06963572654424954,0.5079365079365079,0.0005334190002869281,3.0,4.0,2.0
2026-08-20,MXI,materials,VT,0.046991886194362564,0.5714285714285714,0.0021942439885464806,0.018799682697033138,0.5079365079365079,0.0003465941305422806,-0.06960054608177746,0.49206349206349204,-0.0004523812337946943,2.0,3.0,6.0
2026-08-20,RXI,consumer_discretionary,VT,0.008165724112573214,0.5714285714285714,0.0004148292515182085,-0.022979302830641535,0.42857142857142855,-0.00034089924748523194,-0.11121373986415417,0.42857142857142855,-0.0008274638637023883,4.0,8.0,8.0
2026-08-20,KXI,consumer_staples,VT,-0.02403977811331548,0.42857142857142855,-0.0011161936383883933,-0.04075453261301576,0.4126984126984127,-0.0006303722966784312,-0.13374368657739744,0.38095238095238093,-0.0010388759287925974,9.0,9.0,11.0
2026-08-20,IXJ,health_care,VT,0.05057033504385333,0.5714285714285714,0.0023288875647972424,0.10217049960308011,0.5238095238095238,0.0015130568575969347,-0.03891725042895455,0.4444444444444444,-0.00028195632016341285,1.0,1.0,5.0
2026-08-20,JXI,utilities,VT,-0.06434234463554211,0.42857142857142855,-0.003106657107462771,-0.045575887809452764,0.4603174603174603,-0.00072471408709276,-0.11929930377061415,0.42857142857142855,-0.000922866922927722,11.0,10.0,9.0
2026-08-20,REET,real_estate,VT,-0.03667639048356275,0.5238095238095238,-0.0017471158888476782,-0.005192448353055212,0.47619047619047616,-9.126148321393656e-05,-0.03881807458328801,0.46825396825396826,-0.00030124614662041527,10.0,7.0,4.0
2026-08-20,IXP,communication_services,VT,-0.02132878361614865,0.5714285714285714,-0.0009464839929434186,-0.09538054081763181,0.4126984126984127,-0.0015087742489269763,-0.12486145623076139,0.42857142857142855,-0.0009507554489602339,8.0,11.0,10.0
2026-08-21,IXN,technology,VT,-0.01050746233040667,0.42857142857142855,-0.0003051580817477869,-0.0015234472269911592,0.47619047619047616,0.000213815333290152,0.2030640018113652,0.5714285714285714,0.0015222723270735782,6.0,6.0,1.0
2026-08-21,IXG,financials,VT,-0.012392992609099762,0.38095238095238093,-0.0005756507097653645,0.06537122080278035,0.4603174603174603,0.0009573314034263324,0.017783455042050367,0.47619047619047616,0.0001240532945723873,7.0,2.0,3.0
2026-08-21,EXI,industrials,VT,-0.017888210059398002,0.6190476190476191,-0.000802094165442561,0.010573387176119331,0.5396825396825397,0.00017710529961421367,-0.0777782041128634,0.4444444444444444,-0.0005571020906119975,9.0,5.0,7.0
2026-08-21,IXC,energy,VT,0.012980152626151487,0.47619047619047616,0.0006571220809076397,0.017556673900966047,0.47619047619047616,0.0003194487174663341,0.07828339180018595,0.5079365079365079,0.0005938831601802919,4.0,4.0,2.0
2026-08-21,MXI,materials,VT,0.06796877771856202,0.6190476190476191,0.003080011073350864,0.029568249811807945,0.5079365079365079,0.0005098425223678485,-0.053423326752857214,0.49206349206349204,-0.00032797428124265425,1.0,3.0,6.0
2026-08-21,RXI,consumer_discretionary,VT,0.028456531722822476,0.5714285714285714,0.0012998097577401548,-0.02451910854530248,0.4126984126984127,-0.0003645293784611316,-0.11202956959620758,0.42063492063492064,-0.0008371406448675349,3.0,8.0,8.0
2026-08-21,KXI,consumer_staples,VT,-0.014201695064271824,0.47619047619047616,-0.0006452902767568602,-0.02733802756501902,0.42857142857142855,-0.00041786086291909337,-0.1255912680094985,0.3888888888888889,-0.0009751031642602123,8.0,9.0,9.0
2026-08-21,IXJ,health_care,VT,0.034276762047178666,0.5714285714285714,0.001579655734644739,0.10563374970952744,0.5238095238095238,0.001559524306868787,-0.019992176227988656,0.4523809523809524,-0.00014109754300583877,2.0,1.0,4.0
2026-08-21,JXI,utilities,VT,-0.09616245544627844,0.38095238095238093,-0.004622073136837522,-0.07324505776413204,0.4444444444444444,-0.0011702988028467133,-0.13765998223534526,0.42857142857142855,-0.0010760147460209355,11.0,10.0,11.0
2026-08-21,REET,real_estate,VT,-0.05454872324021742,0.47619047619047616,-0.002570606018268925,-0.011580227673958499,0.47619047619047616,-0.00018959257557202953,-0.0451783555282157,0.46825396825396826,-0.0003502695620947535,10.0,7.0,5.0
2026-08-21,IXP,communication_services,VT,0.002718118061002972,0.6190476190476191,0.00015658445915329406,-0.09079671994642269,0.42857142857142855,-0.0014292318762048133,-0.1291594573449698,0.42857142857142855,-0.0009900584674483242,5.0,11.0,10.0
2026-08-24,IXN,technology,VT,-0.00952732994408656,0.42857142857142855,-0.00025965763503915396,-0.021060481968763645,0.4603174603174603,-8.729259588497876e-05,0.18937010682988986,0.5714285714285714,0.0014336312696273616,7.0,9.0,1.0
2026-08-24,IXG,financials,VT,-0.01397987088763486,0.38095238095238093,-0.0006536333802199111,0.08062237870494893,0.47619047619047616,0.0011824388547749757,0.04219969156094616,0.48412698412698413,0.00029383953669179626,8.0,2.0,3.0
2026-08-24,EXI,industrials,VT,-0.02531510150457672,0.5714285714285714,-0.0011538098566805073,0.010809642037042266,0.5396825396825397,0.00018176560534418788,-0.07742936320940852,0.4444444444444444,-0.0005516270791335092,9.0,5.0,7.0
2026-08-24,IXC,energy,VT,0.005161383378744722,0.42857142857142855,0.0003054149968223137,0.012481687451203483,0.47619047619047616,0.00024490599128551473,0.055130183369394015,0.5,0.0004341453645617604,5.0,4.0,2.0
2026-08-24,MXI,materials,VT,0.0730910738519488,0.6190476190476191,0.0033100345779161528,0.04253719480964291,0.5238095238095238,0.0007054501811879322,-0.05996329009361778,0.49206349206349204,-0.0003757485248449332,1.0,3.0,6.0
2026-08-24,RXI,consumer_discretionary,VT,0.02979802426594791,0.5714285714285714,0.0013632488653938777,-0.012601880657751918,0.42857142857142855,-0.00018059352677647126,-0.10160031157587168,0.42857142857142855,-0.0007498254304637558,3.0,8.0,8.0
2026-08-24,KXI,consumer_staples,VT,-0.009270112215443493,0.47619047619047616,-0.0004185158961214234,-0.007707764880041212,0.4444444444444444,-0.0001127449034925142,-0.1275315313040951,0.3888888888888889,-0.00098567065620926,6.0,7.0,10.0
2026-08-24,IXJ,health_care,VT,0.03091409349182972,0.5714285714285714,0.0014341220260232106,0.10325653286486025,0.5238095238095238,0.0015353369119720781,-0.030901398886081566,0.4523809523809524,-0.0002209773196271621,2.0,1.0,4.0
2026-08-24,JXI,utilities,VT,-0.08714424662231501,0.38095238095238093,-0.004184391515786582,-0.062016019183208204,0.4444444444444444,-0.0009931969870797437,-0.1443265960374278,0.42857142857142855,-0.00112585381046688,11.0,10.0,11.0
2026-08-24,REET,real_estate,VT,-0.0628379504912927,0.47619047619047616,-0.0029899213779258477,0.0021488390568502602,0.49206349206349204,2.1359683367505775e-05,-0.04545585160544019,0.46825396825396826,-0.0003504111715684889,10.0,6.0,5.0
2026-08-24,IXP,communication_services,VT,0.006384807024466532,0.6190476190476191,0.0003240612835650813,-0.07719462141891309,0.4444444444444444,-0.0012115573687118096,-0.11850674412023865,0.4365079365079365,-0.0008985654910038983,4.0,11.0,9.0
2026-08-25,IXN,technology,VT,0.006484803301346265,0.47619047619047616,0.0004756109909409397,-0.035255329671654234,0.4603174603174603,-0.0003211938822141439,0.18339068412488846,0.5714285714285714,0.001397883737402225,4.0,9.0,1.0
2026-08-25,IXG,financials,VT,-0.023927397940674888,0.38095238095238093,-0.0011170299509449704,0.08809169480104861,0.49206349206349204,0.0012970157308631973,0.052105884965697236,0.49206349206349204,0.00036326456602971764,7.0,2.0,2.0
2026-08-25,EXI,industrials,VT,-0.027008020129161814,0.5238095238095238,-0.0012287356220788085,0.00360100467195279,0.5238095238095238,7.055807659009769e-05,-0.07421105149437657,0.4444444444444444,-0.0005274325685982052,8.0,6.0,7.0
2026-08-25,IXC,energy,VT,0.010812380896379814,0.42857142857142855,0.0005515176390186859,0.030064867038287924,0.47619047619047616,0.0005097814345557892,0.03838584537397138,0.5,0.0003194426920444425,3.0,4.0,3.0
2026-08-25,MXI,materials,VT,0.0790833755991851,0.6666666666666666,0.0035543803503010948,0.03691093475390672,0.5238095238095238,0.0006236571882645376,-0.05921054227653766,0.49206349206349204,-0.0003707125496030409,1.0,3.0,6.0
2026-08-25,RXI,consumer_discretionary,VT,0.0053846716450007825,0.5238095238095238,0.00025488464314851083,-0.015499356101421835,0.42857142857142855,-0.00022651904859428466,-0.1101650646421014,0.42857142857142855,-0.0008197949477123423,5.0,8.0,8.0
2026-08-25,KXI,consumer_staples,VT,-0.0299549424509149,0.42857142857142855,-0.0013818355927109312,0.0038443176589977313,0.4444444444444444,6.554702188429509e-05,-0.1387418069139521,0.3888888888888889,-0.0010796202699766653,9.0,5.0,10.0
2026-08-25,IXJ,health_care,VT,0.02710898502292136,0.5714285714285714,0.0012590086816762081,0.12666469173399952,0.5396825396825397,0.0018700808816495926,-0.01926549602877281,0.4603174603174603,-0.0001349407187954399,2.0,1.0,4.0
2026-08-25,JXI,utilities,VT,-0.07639086110529902,0.38095238095238093,-0.0036365583386768208,-0.05502639335551773,0.4444444444444444,-0.0008838363800154823,-0.1477926899066414,0.42063492063492064,-0.0011569873091536497,11.0,10.0,11.0
2026-08-25,REET,real_estate,VT,-0.06179502643120349,0.47619047619047616,-0.002928116500447685,0.0030532130541800484,0.49206349206349204,3.597354706509119e-05,-0.04184226031104843,0.46825396825396826,-0.00032362396064043443,10.0,7.0,5.0
2026-08-25,IXP,communication_services,VT,-0.0023473013035231194,0.6190476190476191,-7.830687885541854e-05,-0.07147692175810672,0.4603174603174603,-0.0011232560877800304,-0.11148881268964839,0.4444444444444444,-0.0008429943327493677,6.0,11.0,9.0
2026-08-26,IXN,technology,VT,0.032013156552919364,0.5238095238095238,0.0016106956228896293,-0.03041879457885921,0.47619047619047616,-0.0002435997255313299,0.17258107946419265,0.5714285714285714,0.001339052370698554,2.0,8.0,1.0
2026-08-26,IXG,financials,VT,-0.029928447374840017,0.38095238095238093,-0.0013992469745055208,0.09417665285666077,0.5079365079365079,0.0013822063960419607,0.042866875029689666,0.49206349206349204,0.00030109326476418773,8.0,2.0,3.0
2026-08-26,EXI,industrials,VT,-0.019458022138675313,0.5714285714285714,-0.0008760380290580123,0.01067934673916815,0.5396825396825397,0.00017913801266038087,-0.06444872545206626,0.4523809523809524,-0.00045617201912806406,6.0,5.0,7.0
2026-08-26,IXC,energy,VT,0.023280108201164662,0.47619047619047616,0.0011090028109369914,0.04823708101732982,0.49206349206349204,0.0007776102940228061,0.048281239455056024,0.5079365079365079,0.00039160057965361247,3.0,3.0,2.0
2026-08-26,MXI,materials,VT,0.06460845036339724,0.6190476190476191,0.0029373056607277384,0.028492084904050197,0.5079365079365079,0.0004978175744461733,-0.06117459053788532,0.49206349206349204,-0.000389420047315759,1.0,4.0,6.0
2026-08-26,RXI,consumer_discretionary,VT,-0.01796288066287799,0.47619047619047616,-0.0008247132700721057,-0.03395874401323418,0.4126984126984127,-0.000519581788393466,-0.11327406171354881,0.42857142857142855,-0.0008528860088671079,5.0,9.0,9.0
2026-08-26,KXI,consumer_staples,VT,-0.054764765897125756,0.38095238095238093,-0.0025772899525121945,-0.008765605119493536,0.42857142857142855,-0.000130682932227514,-0.12461151920127689,0.3888888888888889,-0.0009723472929985465,9.0,7.0,10.0
2026-08-26,IXJ,health_care,VT,-0.00860046261345948,0.5238095238095238,-0.0003681806089400343,0.11186406281281891,0.5238095238095238,0.0016649840917232312,-0.022540106494574053,0.4603174603174603,-0.00015986269952520323,4.0,1.0,4.0
2026-08-26,JXI,utilities,VT,-0.07072900426229223,0.42857142857142855,-0.0033594824933646647,-0.04740267873045134,0.4603174603174603,-0.0007598827157240145,-0.14704718649658444,0.42063492063492064,-0.0011618244347235385,11.0,10.0,11.0
2026-08-26,REET,real_estate,VT,-0.07028876577300225,0.42857142857142855,-0.003342205605472783,0.00026807512338389294,0.49206349206349204,-6.858633824365366e-06,-0.03964525870858182,0.46825396825396826,-0.00030938945709704834,10.0,6.0,5.0
2026-08-26,IXP,communication_services,VT,-0.02376174511298723,0.5714285714285714,-0.0010740274360191585,-0.07878367025086064,0.4444444444444444,-0.001244041365603921,-0.11228230673353556,0.4444444444444444,-0.0008572102256499589,7.0,11.0,8.0
2026-08-27,IXN,technology,VT,0.07539938683179859,0.5714285714285714,0.0034412768014041636,-0.016658932571665286,0.47619047619047616,-2.1453685707648712e-05,0.22043823766690918,0.5793650793650794,0.0016267765603406653,1.0,7.0,1.0
2026-08-27,IXG,financials,VT,-0.04031320200801791,0.38095238095238093,-0.001855890415142003,0.09352583235614409,0.5079365079365079,0.0013732921028263025,0.019347375328334637,0.48412698412698413,0.00013296282695669199,6.0,1.0,3.0
2026-08-27,EXI,industrials,VT,-0.020051044062916024,0.5714285714285714,-0.0008941168556210082,0.006330468048148408,0.5396825396825397,0.00011268018893244193,-0.08191857954289294,0.4444444444444444,-0.0005879841651323874,3.0,5.0,7.0
2026-08-27,IXC,energy,VT,-0.022591111032394195,0.42857142857142855,-0.0009765731749801063,0.046922097065023705,0.49206349206349204,0.0007583413358267845,0.03803503338383152,0.5,0.0003175370790607315,4.0,3.0,2.0
2026-08-27,MXI,materials,VT,0.050034615145992944,0.5714285714285714,0.0022699175643006004,0.021208527399841914,0.49206349206349204,0.00038788961629901463,-0.07298072408305001,0.48412698412698413,-0.000476893209326292,2.0,4.0,6.0
2026-08-27,RXI,consumer_discretionary,VT,-0.04396269044790313,0.42857142857142855,-0.0020048816603984035,-0.04752949731760925,0.4126984126984127,-0.0007373375293119269,-0.13071955231496646,0.42063492063492064,-0.0009876270144727251,7.0,10.0,9.0
2026-08-27,KXI,consumer_staples,VT,-0.09048989441404254,0.3333333333333333,-0.004242311382681814,-0.017118236815482524,0.42857142857142855,-0.000260226206016776,-0.14231451767361158,0.3888888888888889,-0.0011098700040205788,11.0,8.0,10.0
2026-08-27,IXJ,health_care,VT,-0.034674358332040134,0.47619047619047616,-0.0015487011917678598,0.08950010282326715,0.5079365079365079,0.0013507361131246082,-0.0374993069605325,0.4603174603174603,-0.00026967244799017793,5.0,2.0,4.0
2026-08-27,JXI,utilities,VT,-0.08501262963686418,0.38095238095238093,-0.003986552687612245,-0.04246505743880402,0.4603174603174603,-0.0006809201732319352,-0.1601263909904027,0.4126984126984127,-0.0012623051692387858,9.0,9.0,11.0
2026-08-27,REET,real_estate,VT,-0.08896967694794444,0.38095238095238093,-0.004182136797794101,-0.00429223499810738,0.49206349206349204,-7.715685457510883e-05,-0.06093994027590077,0.4603174603174603,-0.000468805561021943,10.0,6.0,5.0
2026-08-27,IXP,communication_services,VT,-0.04995004591481722,0.5238095238095238,-0.002265294257474486,-0.08814181532992427,0.4444444444444444,-0.0014010562052696569,-0.12603633872487474,0.4365079365079365,-0.0009617345997842001,8.0,11.0,8.0
2026-08-28,IXN,technology,VT,0.021693799787207535,0.5238095238095238,0.0010945501048382873,-0.04297092470894137,0.4603174603174603,-0.00044450620959098536,0.22296428660761047,0.5793650793650794,0.0016413267133663803,2.0,10.0,1.0
2026-08-28,IXG,financials,VT,-0.02555610201872094,0.42857142857142855,-0.001196389593390518,0.09710436047276083,0.5079365079365079,0.0014306547773659144,0.043749496214077865,0.49206349206349204,0.0003035937215337099,8.0,1.0,2.0
2026-08-28,EXI,industrials,VT,-0.023447104466934432,0.5238095238095238,-0.0010754900256636079,0.009112963224270354,0.5396825396825397,0.00015621213289107065,-0.09061978532133264,0.4365079365079365,-0.0006559980440780091,7.0,5.0,7.0
2026-08-28,IXC,energy,VT,-0.004708986918900981,0.47619047619047616,-0.00016092577726342254,0.06364978389668541,0.5079365079365079,0.0010077152433878018,0.021451827474803453,0.5,0.0001994322885034075,5.0,3.0,3.0
2026-08-28,MXI,materials,VT,0.039239849227285406,0.5238095238095238,0.001845599016720952,0.015254080315751706,0.49206349206349204,0.0002992398247455193,-0.08934644674247516,0.47619047619047616,-0.0006045836084286177,1.0,4.0,6.0
2026-08-28,RXI,consumer_discretionary,VT,-0.014936930905171009,0.47619047619047616,-0.0006703294064021883,-0.025830250610903382,0.42857142857142855,-0.00039070461376990715,-0.11572011641352775,0.42063492063492064,-0.0008643180084808551,6.0,8.0,8.0
2026-08-28,KXI,consumer_staples,VT,-0.051671949180504884,0.38095238095238093,-0.0024281279925155034,0.007057842895388022,0.4444444444444444,0.00011382981962805593,-0.1507828771030395,0.3888888888888889,-0.0011808060459861768,9.0,6.0,10.0
2026-08-28,IXJ,health_care,VT,-0.0008994532874437855,0.47619047619047616,-1.0959816849726287e-06,0.09655261240270296,0.5079365079365079,0.0014573830747908524,-0.05636442004483255,0.4523809523809524,-0.00041306564108971387,4.0,2.0,4.0
2026-08-28,JXI,utilities,VT,-0.06551482206192671,0.38095238095238093,-0.0031118079999090135,-0.038719342126858125,0.4603174603174603,-0.0006237783125789767,-0.17035995350758348,0.40476190476190477,-0.0013491936648711087,10.0,9.0,11.0
2026-08-28,REET,real_estate,VT,-0.06623994203248607,0.38095238095238093,-0.00314934614725506,0.00025744289302709333,0.49206349206349204,-6.694076393278157e-06,-0.06755899823185163,0.4523809523809524,-0.0005193711755373337,11.0,7.0,5.0
2026-08-28,IXP,communication_services,VT,0.004569028554934462,0.5714285714285714,0.00024547771829267856,-0.06435710864891664,0.4603174603174603,-0.001009175604659155,-0.12702000580282513,0.4365079365079365,-0.000969522132923017,3.0,11.0,9.0
2026-08-31,IXN,technology,VT,0.03359607796032105,0.5714285714285714,0.0016359787383435037,-0.06174568167429351,0.4603174603174603,-0.0007647119042117283,0.22197334453619733,0.5793650793650794,0.0016312714735690485,2.0,10.0,1.0
2026-08-31,IXG,financials,VT,-0.020993289344260813,0.47619047619047616,-0.0009871473754614242,0.105799537928704,0.5238095238095238,0.0015621763068473084,0.05033857374846362,0.5,0.000347883892389533,6.0,2.0,2.0
2026-08-31,EXI,industrials,VT,-0.032411226764924916,0.47619047619047616,-0.001506075191751161,0.012003874178023066,0.5396825396825397,0.00020212924423738667,-0.10252095584513377,0.42857142857142855,-0.0007474892088943389,7.0,7.0,7.0
2026-08-31,IXC,energy,VT,0.013870889312993295,0.47619047619047616,0.0007004420279617964,0.07182287282787847,0.5079365079365079,0.0011335027942605098,0.016273958205688333,0.5,0.00016206483347886146,3.0,3.0,3.0
2026-08-31,MXI,materials,VT,0.06246119128321537,0.5238095238095238,0.00286773989416334,0.017825763133604067,0.49206349206349204,0.00034036643893852066,-0.09268075815922927,0.46825396825396826,-0.000628494517449308,1.0,6.0,6.0
2026-08-31,RXI,consumer_discretionary,VT,-0.03917832243443131,0.42857142857142855,-0.0018356778701997495,-0.011171621928862452,0.42857142857142855,-0.00016146473382750587,-0.10840501670987657,0.42063492063492064,-0.0008035325989993238,8.0,8.0,8.0
2026-08-31,KXI,consumer_staples,VT,-0.04223162382469636,0.38095238095238093,-0.001985902826148554,0.022415262369402944,0.4444444444444444,0.0003496611559182741,-0.14176076619549183,0.3888888888888889,-0.0011027070788344811,9.0,4.0,10.0
2026-08-31,IXJ,health_care,VT,0.009605660705293229,0.47619047619047616,0.0004806033995525234,0.11509071494814882,0.5079365079365079,0.0017259334366450574,-0.050363577572636764,0.4523809523809524,-0.00036673408600191454,4.0,1.0,4.0
2026-08-31,JXI,utilities,VT,-0.06353984123932199,0.38095238095238093,-0.0030310967188514892,-0.017990066809579153,0.4603174603174603,-0.0002978387825274758,-0.17374324308360467,0.40476190476190477,-0.0013734197465127837,11.0,9.0,11.0
2026-08-31,REET,real_estate,VT,-0.06109875310141466,0.38095238095238093,-0.0029138168978786925,0.018582443032562512,0.49206349206349204,0.00027465671772049867,-0.077355598114357,0.4444444444444444,-0.0005931726745838234,10.0,5.0,5.0
2026-08-31,IXP,communication_services,VT,-0.016262624527432212,0.5238095238095238,-0.0007269241063648737,-0.06843018299425585,0.4603174603174603,-0.001082958035214563,-0.13155333487737586,0.4365079365079365,-0.0010031377691967975,5.0,11.0,9.0
2026-09-01,IXN,technology,VT,0.025578935223113053,0.5238095238095238,0.0012987735714148616,-0.071567062874062,0.4444444444444444,-0.0009440676995539147,0.22384836660912888,0.5793650793650794,0.001625822106938384,4.0,11.0,1.0
2026-09-01,IXG,financials,VT,-0.016537815332289596,0.47619047619047616,-0.0007900245318993846,0.10473039850159438,0.5238095238095238,0.0015657680641605561,0.043592029536714705,0.49206349206349204,0.00029829158237786366,5.0,2.0,2.0
2026-09-01,EXI,industrials,VT,-0.04116600280458804,0.42857142857142855,-0.001960001344610284,0.0018375006470334743,0.5238095238095238,4.606867210485201e-05,-0.10488230173431057,0.42857142857142855,-0.0007566696274064847,8.0,7.0,7.0
2026-09-01,IXC,energy,VT,0.06580116266097358,0.5238095238095238,0.003070761431571346,0.08801186367755887,0.5079365079365079,0.0013843815555814765,0.03514311777830348,0.5,0.0002941815462797746,1.0,3.0,3.0
2026-09-01,MXI,materials,VT,0.057703248390018835,0.5238095238095238,0.00271376251463423,0.0026206257210048545,0.47619047619047616,0.00010596467777204555,-0.07995825688397029,0.46825396825396826,-0.0005254960932892045,2.0,6.0,5.0
2026-09-01,RXI,consumer_discretionary,VT,-0.04799093708885194,0.38095238095238093,-0.0023023175465521325,-0.01903028080419855,0.4126984126984127,-0.0002884628011364622,-0.11549652773851038,0.42063492063492064,-0.0008488373377753121,11.0,9.0,8.0
2026-09-01,KXI,consumer_staples,VT,-0.01933424262314387,0.42857142857142855,-0.0009107085209066996,0.03544243891914056,0.4603174603174603,0.0005539833387322675,-0.1388191977277039,0.3888888888888889,-0.0010640570896276714,6.0,4.0,9.0
2026-09-01,IXJ,health_care,VT,0.037857658983719844,0.5238095238095238,0.0017914052307495885,0.14654214544880917,0.5238095238095238,0.0021852528917983395,-0.04397617400814258,0.4523809523809524,-0.00031382190403322023,3.0,1.0,4.0
2026-09-01,JXI,utilities,VT,-0.04265901335591393,0.42857142857142855,-0.002050953190436826,-0.015557443951026428,0.4603174603174603,-0.0002638080141120663,-0.16827783503128957,0.40476190476190477,-0.0013091493861637877,9.0,8.0,11.0
2026-09-01,REET,real_estate,VT,-0.044600722875287824,0.42857142857142855,-0.002149356382868823,0.024700200079123658,0.5079365079365079,0.00037261527375514406,-0.08023559389011403,0.4444444444444444,-0.0006072667765659866,10.0,5.0,6.0
2026-09-01,IXP,communication_services,VT,-0.031052908396197343,0.5238095238095238,-0.0014738241414468851,-0.050618007590253034,0.47619047619047616,-0.0007987329976813656,-0.14471556725032597,0.4365079365079365,-0.0010958880604961944,7.0,10.0,10.0
2026-09-02,IXN,technology,VT,-0.00293656079340443,0.47619047619047616,-6.999531828389918e-05,-0.07361625170837127,0.4444444444444444,-0.0009620857337420888,0.20786885805108235,0.5714285714285714,0.0015336217839420003,5.0,11.0,1.0
2026-09-02,IXG,financials,VT,0.00405247232829431,0.5238095238095238,0.00019865717588346277,0.11669401995050666,0.5396825396825397,0.001714161369527228,0.051210686268303496,0.49206349206349204,0.0003520764399092511,4.0,2.0,2.0
2026-09-02,EXI,industrials,VT,-0.05097656617741109,0.38095238095238093,-0.002481667050402748,-0.011571576859662924,0.5079365079365079,-0.00016415362775902927,-0.11196650000866448,0.42063492063492064,-0.000815859486766166,11.0,7.0,7.0
2026-09-02,IXC,energy,VT,0.08875634788237685,0.5238095238095238,0.004130255031396513,0.06495170002502171,0.49206349206349204,0.0010319503195354795,0.045741947309959397,0.5,0.0003682702430496152,1.0,3.0,3.0
2026-09-02,MXI,materials,VT,0.055989820712974425,0.5238095238095238,0.0026646015145813874,0.00976627307335165,0.49206349206349204,0.00021695722918253362,-0.06790569089720333,0.47619047619047616,-0.00043452054268232495,3.0,5.0,5.0
2026-09-02,RXI,consumer_discretionary,VT,-0.0352949401017183,0.38095238095238093,-0.0016937574450701072,-0.019139737584447425,0.4126984126984127,-0.000286654341217622,-0.12142553991229932,0.4126984126984127,-0.0008998701423024547,10.0,8.0,8.0
2026-09-02,KXI,consumer_staples,VT,-0.0062697762961371195,0.42857142857142855,-0.0002841148298453875,0.021880134446306432,0.4444444444444444,0.0003411581154782805,-0.1312405577691188,0.3888888888888889,-0.0010059896698209482,6.0,4.0,9.0
2026-09-02,IXJ,health_care,VT,0.060494855647876045,0.5714285714285714,0.0028520900845651806,0.13824688631452342,0.5238095238095238,0.0020448187298892726,-0.03567694693624923,0.4603174603174603,-0.00025291723972282337,2.0,1.0,4.0
2026-09-02,JXI,utilities,VT,-0.030301109761290523,0.42857142857142855,-0.001458884080619412,-0.028649290301018038,0.4444444444444444,-0.00046880728119081896,-0.17209348429644034,0.40476190476190477,-0.0013461688045096022,8.0,9.0,11.0
2026-09-02,REET,real_estate,VT,-0.032497694508977104,0.42857142857142855,-0.0015698494847883274,0.008502661767921804,0.49206349206349204,0.00011921036854746337,-0.0813414746154626,0.4444444444444444,-0.0006176895856189146,9.0,6.0,6.0
2026-09-02,IXP,communication_services,VT,-0.01224474209597104,0.5714285714285714,-0.0005664584139335302,-0.04374995657191394,0.49206349206349204,-0.000674187859206933,-0.13897961931532732,0.4365079365079365,-0.0010525339384211663,7.0,10.0,10.0
2026-09-03,IXN,technology,VT,-0.0007073160314481353,0.5238095238095238,3.686858183648054e-05,-0.055448121657993066,0.4603174603174603,-0.0006551827264854663,0.20755100275372063,0.5714285714285714,0.0015048122308226547,5.0,11.0,1.0
2026-09-03,IXG,financials,VT,0.006846071676310128,0.5238095238095238,0.0003314707622586111,0.10690904815679714,0.5396825396825397,0.0015652649912252185,0.05972700453647395,0.49206349206349204,0.0004020173591973611,4.0,1.0,2.0
2026-09-03,EXI,industrials,VT,-0.049482636462855445,0.38095238095238093,-0.002374622331135337,-0.012225306943178804,0.5079365079365079,-0.00017288354838529947,-0.09641801509373238,0.42857142857142855,-0.0006782341867798877,11.0,7.0,7.0
2026-09-03,IXC,energy,VT,0.09263716215771933,0.5238095238095238,0.004240920646473565,0.053768403042824264,0.49206349206349204,0.0008613588410647274,0.009534988125099453,0.49206349206349204,0.00011403585557800437,1.0,3.0,3.0
2026-09-03,MXI,materials,VT,0.02728566377913655,0.47619047619047616,0.0013198649896906376,0.011962860704381573,0.49206349206349204,0.00024944293274180713,-0.055416039944685025,0.47619047619047616,-0.00033330097379561226,3.0,5.0,5.0
2026-09-03,RXI,consumer_discretionary,VT,-0.04130875472393969,0.3333333333333333,-0.0019683875864319085,-0.01947396743728569,0.4126984126984127,-0.00029010503292605866,-0.12793549914259983,0.40476190476190477,-0.0009298244109407106,10.0,8.0,8.0
2026-09-03,KXI,consumer_staples,VT,-0.01988367600080143,0.38095238095238093,-0.0009334166103606368,0.018164494489325778,0.4444444444444444,0.0002817354899001706,-0.1304080741607283,0.3888888888888889,-0.0009786238826929121,7.0,4.0,9.0
2026-09-03,IXJ,health_care,VT,0.03924205500213618,0.5238095238095238,0.001858999760669632,0.10127093254585784,0.5079365079365079,0.0015114664218588232,-0.031338833387323906,0.4603174603174603,-0.00021786180710962777,2.0,2.0,4.0
2026-09-03,JXI,utilities,VT,-0.02552360553433075,0.42857142857142855,-0.0012134726454796681,-0.03514771198190225,0.42857142857142855,-0.0005704976398611038,-0.18120348467946412,0.3968253968253968,-0.0013902147263777779,8.0,9.0,11.0
2026-09-03,REET,real_estate,VT,-0.03987751284424079,0.38095238095238093,-0.0019129477051550595,-0.001322054535449313,0.47619047619047616,-3.4569787087388376e-05,-0.08873376197501104,0.4365079365079365,-0.0006600286781871725,9.0,6.0,6.0
2026-09-03,IXP,communication_services,VT,-0.0019391471013578965,0.6190476190476191,-7.284666427567621e-05,-0.03978864616235822,0.5079365079365079,-0.0006053232987175751,-0.14457134526166127,0.4365079365079365,-0.0010723263939113683,6.0,10.0,10.0
2026-09-04,IXN,technology,VT,0.014300746916939833,0.5714285714285714,0.0007420056571404961,0.0014780541205796638,0.47619047619047616,0.00021475441123676287,0.23768475799972455,0.5793650793650794,0.0016652982165761524,4.0,5.0,1.0
2026-09-04,IXG,financials,VT,0.0007944372364496743,0.47619047619047616,4.7987578045276324e-05,0.07902023674951897,0.5238095238095238,0.0011413758660251052,0.056713120307454234,0.49206349206349204,0.00037756531040501154,5.0,1.0,2.0
2026-09-04,EXI,industrials,VT,-0.0411057801443393,0.42857142857142855,-0.0019601548826073253,-0.02652686982479535,0.5079365079365079,-0.0003804945135327024,-0.09650818555780494,0.42857142857142855,-0.0006705908083653632,10.0,6.0,7.0
2026-09-04,IXC,energy,VT,0.06775074394910852,0.47619047619047616,0.003147388474239893,0.03508651021524023,0.47619047619047616,0.0005724918103396379,-0.02123408040023822,0.48412698412698413,-0.00010024465744978839,1.0,3.0,3.0
2026-09-04,MXI,materials,VT,0.027424117147757165,0.47619047619047616,0.0013240956432464045,0.016379294230223218,0.49206349206349204,0.00030442160200723777,-0.05125534815033328,0.47619047619047616,-0.00029965721429715315,2.0,4.0,5.0
2026-09-04,RXI,consumer_discretionary,VT,-0.04520727234697697,0.3333333333333333,-0.0021567651840812604,-0.040040487375613054,0.3968253968253968,-0.0005932500187273814,-0.13500347501392929,0.3968253968253968,-0.0009736263403791895,11.0,8.0,8.0
2026-09-04,KXI,consumer_staples,VT,-0.024890222312393684,0.3333333333333333,-0.0011727010253102337,-0.0305894169005696,0.42857142857142855,-0.0004572227938540465,-0.14997875808814654,0.38095238095238093,-0.0011208492463366103,8.0,7.0,9.0
2026-09-04,IXJ,health_care,VT,0.024526680683810698,0.47619047619047616,0.001187619399982782,0.050479897440703025,0.49206349206349204,0.0007638822124715911,-0.048825853052606005,0.4523809523809524,-0.00033997412475416066,3.0,2.0,4.0
2026-09-04,JXI,utilities,VT,-0.020900877776576676,0.47619047619047616,-0.0009890015372609393,-0.06927191680969769,0.42857142857142855,-0.0010853802883423165,-0.18819161044043287,0.3968253968253968,-0.0014304245551722465,7.0,11.0,11.0
2026-09-04,REET,real_estate,VT,-0.035882084971649575,0.38095238095238093,-0.001716717966258618,-0.04058605839773444,0.4603174603174603,-0.0006282932736384331,-0.09352475117376491,0.4365079365079365,-0.0006884930137730954,9.0,9.0,6.0
2026-09-04,IXP,communication_services,VT,-0.006135026879255712,0.5714285714285714,-0.00027084980235425604,-0.055751575237274364,0.49206349206349204,-0.0008322414995724371,-0.1533820413101924,0.42857142857142855,-0.0011290421508821126,6.0,10.0,10.0
2026-09-08,IXN,technology,VT,0.01988977722831131,0.5714285714285714,0.0010119410608389902,-0.01001473905098571,0.47619047619047616,3.5179125571257795e-05,0.22848885490580706,0.5793650793650794,0.0016296754434535134,3.0,5.0,1.0
2026-09-08,IXG,financials,VT,0.0016132151292457264,0.47619047619047616,9.216732385486899e-05,0.07562255311714416,0.5238095238095238,0.0011058531742111945,0.057159032142114485,0.49206349206349204,0.00038671060713932294,5.0,1.0,2.0
2026-09-08,EXI,industrials,VT,-0.037694805804521336,0.42857142857142855,-0.0018189202332320516,-0.017139558419516643,0.5238095238095238,-0.00023908612254363608,-0.08605967955601979,0.4365079365079365,-0.0006010176236579392,10.0,6.0,7.0
2026-09-08,IXC,energy,VT,0.1077270321863586,0.5238095238095238,0.00494657773875258,0.050972192837359875,0.47619047619047616,0.0008103277948217909,0.012371672227838859,0.49206349206349204,0.00013564412863742702,1.0,2.0,3.0
2026-09-08,MXI,materials,VT,0.02226913849203016,0.47619047619047616,0.0010947765448736657,0.03540609818182516,0.5079365079365079,0.000588309919493086,-0.0406800396043594,0.48412698412698413,-0.00022740966693223018,2.0,4.0,4.0
2026-09-08,RXI,consumer_discretionary,VT,-0.05628206919452494,0.2857142857142857,-0.002743407394213352,-0.0452258407871875,0.3968253968253968,-0.0006805201443610586,-0.13668681247413617,0.3968253968253968,-0.0010014608548793824,11.0,11.0,8.0
2026-09-08,KXI,consumer_staples,VT,-0.020508723689773634,0.3333333333333333,-0.0009736912509477164,-0.022680671108189276,0.42857142857142855,-0.0003386742031281695,-0.14403409664913414,0.38095238095238093,-0.001089716167920279,8.0,8.0,10.0
2026-09-08,IXJ,health_care,VT,-0.0012616013806105997,0.42857142857142855,4.808940865979368e-06,0.035432751139744534,0.49206349206349204,0.0005582276204075986,-0.07422848360132273,0.4444444444444444,-0.0005305534440509625,6.0,3.0,5.0
2026-09-08,JXI,utilities,VT,-0.008964003678203047,0.5238095238095238,-0.00042371840274589367,-0.03844909644771666,0.4444444444444444,-0.0006048234024267951,-0.17062705385961197,0.40476190476190477,-0.0013058420581813915,7.0,9.0,11.0
2026-09-08,REET,real_estate,VT,-0.02846234324593455,0.42857142857142855,-0.0013741497774067651,-0.022298805294443058,0.47619047619047616,-0.00034912631068723197,-0.08088098730680215,0.4444444444444444,-0.0006021406672024499,9.0,7.0,6.0
2026-09-08,IXP,communication_services,VT,0.005915544358786162,0.6190476190476191,0.0003014582929305216,-0.0416442798679999,0.5079365079365079,-0.0006166918171842425,-0.1413966989583294,0.4365079365079365,-0.0010496786180771908,4.0,10.0,9.0
2026-09-09,IXN,technology,VT,0.03274584293023852,0.6190476190476191,0.0016131265016416031,0.010037090448379749,0.49206349206349204,0.00033812181858936284,0.23281710988191628,0.5793650793650794,0.001663310442683403,2.0,5.0,1.0
2026-09-09,IXG,financials,VT,0.000742761108366019,0.47619047619047616,5.1668921167364034e-05,0.06139130774982626,0.5079365079365079,0.0009075792482450467,0.04927027329889078,0.48412698412698413,0.0003360503114957476,5.0,2.0,2.0
2026-09-09,EXI,industrials,VT,-0.04267756808109291,0.42857142857142855,-0.002073483014347542,-0.027652102010431,0.5079365079365079,-0.000403661131448943,-0.09484056485944659,0.42857142857142855,-0.0006722242441865651,10.0,6.0,7.0
2026-09-09,IXC,energy,VT,0.083494129232776,0.5238095238095238,0.0038767538160747635,0.08519184475065233,0.49206349206349204,0.0013030447511040459,0.04228882167982162,0.5,0.00034248816598407713,1.0,1.0,3.0
2026-09-09,MXI,materials,VT,0.01773229844105173,0.47619047619047616,0.0008855604399625527,0.02693184363349599,0.5079365079365079,0.0004648717247129403,-0.04282043849347672,0.48412698412698413,-0.0002450910228191837,3.0,3.0,4.0
2026-09-09,RXI,consumer_discretionary,VT,-0.06625072093423767,0.23809523809523808,-0.003260980457008141,-0.05952142123815385,0.38095238095238093,-0.0009128996397922153,-0.14070438276821795,0.3968253968253968,-0.0010400944322375679,11.0,11.0,8.0
2026-09-09,KXI,consumer_staples,VT,-0.022804530061809714,0.3333333333333333,-0.0010884029350160186,-0.04158212410086648,0.4126984126984127,-0.000638237087252417,-0.14523548253499974,0.38095238095238093,-0.0011063552429672547,9.0,8.0,10.0
2026-09-09,IXJ,health_care,VT,-0.013675138488739913,0.42857142857142855,-0.0005987828935522231,0.02320837677633736,0.49206349206349204,0.00037833387839275324,-0.064828009897967,0.4523809523809524,-0.00046352293863413885,7.0,4.0,5.0
2026-09-09,JXI,utilities,VT,-0.0004769427281879901,0.5238095238095238,-1.950821762210958e-05,-0.051096395926281235,0.42857142857142855,-0.0008105986780671317,-0.16890514939303602,0.40476190476190477,-0.0013003726229603599,6.0,10.0,11.0
2026-09-09,REET,real_estate,VT,-0.020230268933959072,0.42857142857142855,-0.0009788415781948915,-0.04683035161609905,0.4603174603174603,-0.0007409508266270696,-0.08533835146699786,0.4365079365079365,-0.000639793018694749,8.0,9.0,6.0
2026-09-09,IXP,communication_services,VT,0.010189582007545273,0.6190476190476191,0.0005050674945705822,-0.03574599596591521,0.5238095238095238,-0.000526985308452456,-0.14265486563007002,0.4365079365079365,-0.0010673524879016303,4.0,7.0,9.0
2026-09-10,IXN,technology,VT,0.02138963610119704,0.5714285714285714,0.0010944960212845671,0.01396344018212381,0.49206349206349204,0.00039376058920675706,0.21266974538229344,0.5714285714285714,0.0015542572796481827,3.0,5.0,1.0
2026-09-10,IXG,financials,VT,0.007661628602348647,0.5238095238095238,0.00038311530701850584,0.061512612752354645,0.5079365079365079,0.0009038099721551558,0.06132134906739117,0.49206349206349204,0.0004198204183310631,4.0,1.0,2.0
2026-09-10,EXI,industrials,VT,-0.04914273100454869,0.38095238095238093,-0.00241631752652888,-0.017596731540596267,0.5079365079365079,-0.00024884414974344455,-0.09213556072024986,0.42857142857142855,-0.000656476820233481,10.0,6.0,7.0
2026-09-10,IXC,energy,VT,0.07718539688609682,0.5238095238095238,0.003620243985024749,0.05886584846868548,0.49206349206349204,0.0009215489755982631,0.018631753249931382,0.5,0.00017831691400930938,1.0,2.0,3.0
2026-09-10,MXI,materials,VT,0.0019267633861164146,0.47619047619047616,0.00015206020064900948,0.01627513982951867,0.5079365079365079,0.00030644615691777764,-0.06297504789548958,0.48412698412698413,-0.0003952510966620103,5.0,4.0,5.0
2026-09-10,RXI,consumer_discretionary,VT,-0.060270003546897155,0.2857142857142857,-0.0029794425730962784,-0.05781038783144132,0.3968253968253968,-0.0008791205461207082,-0.1409496465607546,0.3968253968253968,-0.0010504718036031574,11.0,8.0,10.0
2026-09-10,KXI,consumer_staples,VT,-0.01204184503828487,0.38095238095238093,-0.0005697009739071358,-0.06493646544729659,0.4126984126984127,-0.0010072629497051891,-0.12698734015773216,0.3888888888888889,-0.0009677340911637517,8.0,11.0,8.0
2026-09-10,IXJ,health_care,VT,-0.007480509904698063,0.47619047619047616,-0.0003027999642879898,0.020877271586408952,0.49206349206349204,0.00034209851053025267,-0.05795396745248205,0.4603174603174603,-0.00041553364810358896,7.0,3.0,4.0
2026-09-10,JXI,utilities,VT,-0.005002733243691715,0.5238095238095238,-0.00024082476217549394,-0.06233778040682014,0.42857142857142855,-0.0009834435499303685,-0.160412791438182,0.4126984126984127,-0.0012400212512494642,6.0,9.0,11.0
2026-09-10,REET,real_estate,VT,-0.014300871031472262,0.47619047619047616,-0.0006960638337401808,-0.06361903832793159,0.4603174603174603,-0.0010026293614453295,-0.07540557554533023,0.4444444444444444,-0.0005687602217042085,9.0,10.0,6.0
2026-09-10,IXP,communication_services,VT,0.02733003319735905,0.6666666666666666,0.0013181780420576464,-0.034862976753675,0.5238095238095238,-0.0005081783964560472,-0.1292747426955314,0.4444444444444444,-0.0009676494710608383,2.0,7.0,9.0
2026-09-11,IXN,technology,VT,0.013217532277077892,0.5714285714285714,0.0006995995309859832,-0.004438258682767593,0.49206349206349204,0.00010344262168760296,0.2333663679345912,0.5793650793650794,0.0016404558005342236,3.0,5.0,1.0
2026-09-11,IXG,financials,VT,0.009247700562843408,0.5714285714285714,0.0004577032522605667,0.06853222517729085,0.5238095238095238,0.0010210805596779535,0.07039344332805486,0.5,0.00046779058306977995,4.0,2.0,2.0
2026-09-11,EXI,industrials,VT,-0.04562879975236411,0.38095238095238093,-0.0022251682435190643,-0.01928941930540673,0.5079365079365079,-0.000281727159073301,-0.0844946196561962,0.4365079365079365,-0.0005806510182516903,11.0,7.0,6.0
2026-09-11,IXC,energy,VT,0.07366930956532103,0.5238095238095238,0.0034463745605149447,0.08822510074100798,0.49206349206349204,0.001359157657429229,-0.01998918526015192,0.49206349206349204,-9.24243478706125e-05,1.0,1.0,3.0
2026-09-11,MXI,materials,VT,0.004164059518259711,0.47619047619047616,0.0002580077796389981,-0.0029494321927101552,0.49206349206349204,8.574075998282792e-06,-0.07856818990545467,0.47619047619047616,-0.0004973941018344361,5.0,4.0,5.0
2026-09-11,RXI,consumer_discretionary,VT,-0.04543333117255299,0.3333333333333333,-0.0022117571751112714,-0.051779230487238204,0.4126984126984127,-0.0007939306084278222,-0.13711531996005566,0.40476190476190477,-0.0009907960333873415,10.0,10.0,9.0
2026-09-11,KXI,consumer_staples,VT,-0.009530309452985608,0.38095238095238093,-0.00044626639702096576,-0.046955259519347314,0.4126984126984127,-0.0007266347046006735,-0.15198896055183386,0.38095238095238093,-0.0011376199589695208,6.0,8.0,10.0
2026-09-11,IXJ,health_care,VT,-0.013800010114681571,0.47619047619047616,-0.0006097870879560887,0.0220834092521629,0.49206349206349204,0.00036778214732524807,-0.07223078057692844,0.4523809523809524,-0.0005092344910567212,7.0,3.0,4.0
2026-09-11,JXI,utilities,VT,-0.015800729209947906,0.47619047619047616,-0.0007665752187982779,-0.05820573197980461,0.42857142857142855,-0.0009281314248059088,-0.1972775921702281,0.40476190476190477,-0.00150749896419446,8.0,11.0,11.0
2026-09-11,REET,real_estate,VT,-0.022090725280977552,0.42857142857142855,-0.0010768603903971163,-0.05064347746595854,0.4603174603174603,-0.0008031572753830908,-0.09414534608410685,0.4365079365079365,-0.0006933432504740055,9.0,9.0,7.0
2026-09-11,IXP,communication_services,VT,0.04587859248086412,0.7142857142857143,0.0021726594968685224,-0.015271094656961415,0.5396825396825397,-0.0002029075980790589,-0.1327433935236555,0.4444444444444444,-0.0009669674394756792,2.0,6.0,8.0
2026-09-14,IXN,technology,VT,-0.010989387377142723,0.5238095238095238,-0.00046010080953290134,-0.021666988011552535,0.49206349206349204,-0.0001647366329301232,0.21151990429614664,0.5793650793650794,0.0015160556952111403,7.0,5.0,1.0
2026-09-14,IXG,financials,VT,0.015200056692712072,0.6190476190476191,0.0007487823876354694,0.06432820743137868,0.5238095238095238,0.0009699439452314782,0.07493489368605832,0.5,0.0004973864348616846,3.0,2.0,2.0
2026-09-14,EXI,industrials,VT,-0.048205432429061834,0.38095238095238093,-0.002381053619719536,-0.02690821607508398,0.5079365079365079,-0.00040496371892142043,-0.09245472189979309,0.4365079365079365,-0.0006398582840967798,11.0,8.0,6.0
2026-09-14,IXC,energy,VT,0.08165597690707893,0.5714285714285714,0.003849779506073686,0.09045780863439723,0.5079365079365079,0.001406098117162154,-0.03206917868503223,0.49206349206349204,-0.0001781318300291779,1.0,1.0,3.0
2026-09-14,MXI,materials,VT,0.0149850779789652,0.47619047619047616,0.0007832235246020756,-0.02464290639662614,0.47619047619047616,-0.00033567311905354055,-0.0695747195730716,0.47619047619047616,-0.0004320935084821843,4.0,7.0,5.0
2026-09-14,RXI,consumer_discretionary,VT,-0.03263617103880534,0.38095238095238093,-0.0015928371348998456,-0.04281403737807399,0.42857142857142855,-0.0006578765501488681,-0.13212141944211897,0.40476190476190477,-0.0009519999064660667,10.0,9.0,9.0
2026-09-14,KXI,consumer_staples,VT,0.005411057525866458,0.38095238095238093,0.0002779196840215082,-0.0242494519471812,0.42857142857142855,-0.0003681203188973177,-0.13931535350071522,0.38095238095238093,-0.0010364186499030434,6.0,6.0,10.0
2026-09-14,IXJ,health_care,VT,0.01477657772375518,0.5238095238095238,0.0007776009776420546,0.05268669186499353,0.5079365079365079,0.0008329451058148175,-0.05034358846171605,0.4523809523809524,-0.00034822368765471647,5.0,3.0,4.0
2026-09-14,JXI,utilities,VT,-0.020401293868394732,0.47619047619047616,-0.000998879953773198,-0.06592431008580846,0.42857142857142855,-0.0010656978046232962,-0.21870100746759125,0.3968253968253968,-0.0016884941507940676,8.0,11.0,11.0
2026-09-14,REET,real_estate,VT,-0.02267354204897265,0.42857142857142855,-0.0011213662433990541,-0.0515389863492447,0.4603174603174603,-0.0008281766185899946,-0.09485240875809353,0.4365079365079365,-0.000698831195037401,9.0,10.0,7.0
2026-09-14,IXP,communication_services,VT,0.05911433839943381,0.7142857142857143,0.0028116348367659256,0.00768135664990055,0.5555555555555556,0.0001541655787999654,-0.10882739145956077,0.4523809523809524,-0.0007813513020510057,2.0,4.0,8.0
2026-09-15,IXN,technology,VT,-0.005805359850313385,0.5714285714285714,-0.00020717483609101168,-0.04135611342369028,0.49206349206349204,-0.0005039669017331867,0.20114823661847692,0.5793650793650794,0.001476314995738436,7.0,9.0,1.0
2026-09-15,IXG,financials,VT,0.012090571861611776,0.5714285714285714,0.0006016861825048533,0.07503670695909503,0.5238095238095238,0.001149739510353121,0.06812392220284602,0.49206349206349204,0.0004608253950031781,5.0,3.0,2.0
2026-09-15,EXI,industrials,VT,-0.05095838094134686,0.3333333333333333,-0.002531538314351045,-0.023774305665863582,0.5079365079365079,-0.0003617084390017999,-0.08975887977578334,0.4365079365079365,-0.0006319174658075049,11.0,7.0,6.0
2026-09-15,IXC,energy,VT,0.09519396122475554,0.5714285714285714,0.004476769080069263,0.1738722016431834,0.5238095238095238,0.0025990127941137686,0.005747665687024117,0.5,9.0299351061374e-05,1.0,1.0,3.0
2026-09-15,MXI,materials,VT,0.01603626504225919,0.47619047619047616,0.0008359744884987084,-0.02273398544293226,0.47619047619047616,-0.0003129748199058322,-0.06480898401948854,0.48412698412698413,-0.000405865222667885,4.0,6.0,5.0
2026-09-15,RXI,consumer_discretionary,VT,-0.04294604846872929,0.3333333333333333,-0.0021188169908356778,-0.050992667807163605,0.42857142857142855,-0.0008066594270960267,-0.13812890273150435,0.40476190476190477,-0.0010186932383408928,10.0,10.0,10.0
2026-09-15,KXI,consumer_staples,VT,0.0003683073417196647,0.38095238095238093,3.4745662085040276e-05,-0.009057659579575161,0.42857142857142855,-0.00012816769815542678,-0.13487387852856114,0.38095238095238093,-0.0010203093182422373,6.0,5.0,9.0
2026-09-15,IXJ,health_care,VT,0.023568148307342773,0.5714285714285714,0.00120025942457773,0.07804677325992337,0.5238095238095238,0.001228168460159797,-0.04185010923559074,0.4603174603174603,-0.00029217565393166667,3.0,2.0,4.0
2026-09-15,JXI,utilities,VT,-0.021935863031747216,0.47619047619047616,-0.0010792232517506145,-0.05389680801816099,0.4444444444444444,-0.0008827193877199691,-0.20909353566414668,0.40476190476190477,-0.001639119937743613,8.0,11.0,11.0
2026-09-15,REET,real_estate,VT,-0.023479532160109562,0.42857142857142855,-0.0011661051719595225,-0.029790165564678617,0.47619047619047616,-0.00048333905869363876,-0.09036671765445092,0.4444444444444444,-0.0006776037282021971,9.0,8.0,7.0
2026-09-15,IXP,communication_services,VT,0.05434084533573358,0.7142857142857143,0.0025999064278233097,0.01294062845597177,0.5714285714285714,0.0002399724118018282,-0.10272907035493928,0.4603174603174603,-0.000749124519845222,2.0,4.0,8.0
2026-09-16,IXN,technology,VT,-0.005319537826968923,0.5714285714285714,-0.00018402357611631745,-0.011982336320108367,0.5079365079365079,-2.990621279481722e-05,0.20977335796204621,0.5793650793650794,0.0015374245570419882,7.0,5.0,1.0
2026-09-16,IXG,financials,VT,0.006401700896842333,0.5714285714285714,0.00032930497469354396,0.04568896044760784,0.5079365079365079,0.000709090316411727,0.05786838215847667,0.49206349206349204,0.0003957534466774274,6.0,3.0,2.0
2026-09-16,EXI,industrials,VT,-0.04636144097954764,0.3333333333333333,-0.0022983860040430002,-0.028081418648316148,0.5079365079365079,-0.0004318015598366054,-0.08177754517726132,0.4444444444444444,-0.000575693125052231,11.0,7.0,6.0
2026-09-16,IXC,energy,VT,0.05471217779669635,0.5238095238095238,0.0026582896766058945,0.1456254174889411,0.5238095238095238,0.0022170748864483174,-0.03169162180744145,0.49206349206349204,-0.00017650167333561477,2.0,1.0,4.0
2026-09-16,MXI,materials,VT,0.006811248461348285,0.42857142857142855,0.00039131003569301123,-0.03340869194766494,0.4603174603174603,-0.00048670730427920303,-0.06491772764767889,0.48412698412698413,-0.00041023939924696184,5.0,8.0,5.0
2026-09-16,RXI,consumer_discretionary,VT,-0.03733227931174521,0.3333333333333333,-0.0018372576461569952,-0.05662112423781063,0.4126984126984127,-0.0009001332736608,-0.1377933528416454,0.40476190476190477,-0.001024383969805132,10.0,11.0,10.0
2026-09-16,KXI,consumer_staples,VT,0.01368615370013071,0.38095238095238093,0.0006755806934300736,-0.015429758560452145,0.4126984126984127,-0.0002302593113739644,-0.12567949125772226,0.38095238095238093,-0.0009545744443878668,4.0,6.0,9.0
2026-09-16,IXJ,health_care,VT,0.025063844564036875,0.5714285714285714,0.0012729860721423024,0.07802686968558348,0.5238095238095238,0.0012271273193822515,-0.027812400191766562,0.46825396825396826,-0.0001915439568107703,3.0,2.0,3.0
2026-09-16,JXI,utilities,VT,-0.016238991625590282,0.47619047619047616,-0.0007961791368537083,-0.05349961355524879,0.4444444444444444,-0.0008753450407509264,-0.19885344038308916,0.4126984126984127,-0.0015638631448672078,8.0,10.0,11.0
2026-09-16,REET,real_estate,VT,-0.022168639441682125,0.42857142857142855,-0.001102172748605563,-0.037364459738078115,0.4603174603174603,-0.0006070953121985159,-0.0915095383087241,0.4444444444444444,-0.0006917137877030662,9.0,9.0,7.0
2026-09-16,IXP,communication_services,VT,0.0612793124080111,0.7142857142857143,0.002920867067123298,0.0055910993664787245,0.5555555555555556,0.00012479587404664225,-0.10298888481513524,0.4603174603174603,-0.000757053929710088,1.0,4.0,8.0
2026-09-17,IXN,technology,VT,0.026238114700737558,0.6190476190476191,0.0013057982159163809,-0.011149416329581552,0.5079365079365079,-8.870290954312118e-06,0.22700441654255488,0.5793650793650794,0.001605928720234023,2.0,5.0,1.0
2026-09-17,IXG,financials,VT,-0.0067030310084406075,0.5238095238095238,-0.00030492736250674134,0.03280104576256648,0.49206349206349204,0.0005014255107547284,0.04864001318560951,0.48412698412698413,0.0003241270686533752,6.0,3.0,2.0
2026-09-17,EXI,industrials,VT,-0.045348663963368785,0.3333333333333333,-0.0022015348522274893,-0.04169795651614194,0.49206349206349204,-0.0006410059361919392,-0.09732120376673414,0.4365079365079365,-0.0006753924383207452,10.0,9.0,6.0
2026-09-17,IXC,energy,VT,0.02383029052154928,0.47619047619047616,0.0011753844279106477,0.14808633172542396,0.5238095238095238,0.0022057170874338647,-0.057370605965146204,0.48412698412698413,-0.00035485920399634554,3.0,1.0,5.0
2026-09-17,MXI,materials,VT,0.01032229517463179,0.47619047619047616,0.0005513891445506836,-0.0263091980717306,0.47619047619047616,-0.00036210839154605956,-0.05179021004377993,0.49206349206349204,-0.0003030157667831713,4.0,7.0,4.0
2026-09-17,RXI,consumer_discretionary,VT,-0.04584505714399423,0.2857142857142857,-0.0022192955669056358,-0.04738299749204389,0.4126984126984127,-0.0007324407854202544,-0.1361734037088298,0.40476190476190477,-0.0009831777882949742,11.0,10.0,10.0
2026-09-17,KXI,consumer_staples,VT,-0.013553922053007983,0.3333333333333333,-0.000643976766323963,-0.017466379039114077,0.4126984126984127,-0.0002604632848962583,-0.13195826316764814,0.38095238095238093,-0.0009786032335071027,7.0,6.0,9.0
2026-09-17,IXJ,health_care,VT,-0.00485691244148001,0.5238095238095238,-0.00017631885114668822,0.07728867661537708,0.5238095238095238,0.0011912623453339403,-0.028517628993911304,0.46825396825396826,-0.00019189928364641125,5.0,2.0,3.0
2026-09-17,JXI,utilities,VT,-0.02690136124063036,0.42857142857142855,-0.0012973540118859466,-0.05239183274772541,0.4444444444444444,-0.0008387090300446361,-0.2063576119354713,0.40476190476190477,-0.0015810250476215376,8.0,11.0,11.0
2026-09-17,REET,real_estate,VT,-0.03646196310160943,0.38095238095238093,-0.0017824842583115859,-0.03285227489551967,0.4603174603174603,-0.0005252551687622374,-0.10348454004322272,0.4365079365079365,-0.0007636239530639891,9.0,8.0,7.0
2026-09-17,IXP,communication_services,VT,0.04591598216660708,0.6666666666666666,0.002159197870361837,0.010717514454560373,0.5555555555555556,0.00019633794574346207,-0.1173156492202605,0.4603174603174603,-0.0008458788026292736,1.0,4.0,8.0
2026-09-18,IXN,technology,VT,0.044225537805283266,0.6666666666666666,0.002150245829284279,-0.02661168668606495,0.5079365079365079,-0.0002686427298836717,0.23534209137432094,0.5793650793650794,0.0016538512476985802,1.0,7.0,1.0
2026-09-18,IXG,financials,VT,-0.0017008115883437869,0.5238095238095238,-6.442899600965832e-05,0.044381941244036494,0.49206349206349204,0.000684791142497581,0.039768932974329596,0.47619047619047616,0.00026503303180106007,4.0,3.0,2.0
2026-09-18,EXI,industrials,VT,-0.03878464181466501,0.3333333333333333,-0.0018841920543949398,-0.042712983221039225,0.47619047619047616,-0.000666829560276552,-0.08957401695304301,0.4365079365079365,-0.0006171322642833377,9.0,9.0,6.0
2026-09-18,IXC,energy,VT,0.024434425906179613,0.47619047619047616,0.0012109264504956392,0.17419158502741072,0.5238095238095238,0.002586116347094451,-0.07928197495757261,0.47619047619047616,-0.0005169725105415271,3.0,1.0,5.0
2026-09-18,MXI,materials,VT,-0.019442731179875383,0.42857142857142855,-0.0008988876089689722,-0.012038416395179108,0.47619047619047616,-0.00013775758719970622,-0.040736213768480356,0.49206349206349204,-0.00022435579888558968,5.0,5.0,4.0
2026-09-18,RXI,consumer_discretionary,VT,-0.05737576527277832,0.23809523809523808,-0.0028214490028565403,-0.04887439278713568,0.4126984126984127,-0.0007670513396673895,-0.1344839725806808,0.40476190476190477,-0.0009696947376239864,11.0,10.0,9.0
2026-09-18,KXI,consumer_staples,VT,-0.027833776577295577,0.2857142857142857,-0.001349189854635317,-0.01330692581637527,0.4126984126984127,-0.00019571901276364007,-0.1360595885823852,0.38095238095238093,-0.0010102191150542677,6.0,6.0,10.0
2026-09-18,IXJ,health_care,VT,-0.03451717898694873,0.47619047619047616,-0.0016596844307162483,0.09417002220442261,0.5238095238095238,0.0014518427936838871,-0.029373162279217047,0.46825396825396826,-0.00019790463663261796,7.0,2.0,3.0
2026-09-18,JXI,utilities,VT,-0.035037225751686774,0.42857142857142855,-0.0017039387960703948,-0.05640245362899743,0.4444444444444444,-0.0009142971536928992,-0.21819218506454863,0.40476190476190477,-0.0016803341405991128,8.0,11.0,11.0
2026-09-18,REET,real_estate,VT,-0.045372414088488244,0.3333333333333333,-0.0022380013585922435,-0.030962870986093516,0.4603174603174603,-0.000499698557590405,-0.11162459435276473,0.4365079365079365,-0.0008252320328413067,10.0,8.0,7.0
2026-09-18,IXP,communication_services,VT,0.030285125823502734,0.6190476190476191,0.0014511346556009936,0.0013123066416682594,0.5555555555555556,5.363639031536885e-05,-0.12784448943516202,0.4603174603174603,-0.0009265126464794151,2.0,4.0,8.0
