date,ticker,sector,benchmark,excess_21,freq_21,magnitude_21,excess_63,freq_63,magnitude_63,excess_126,freq_126,magnitude_126,rank_21,rank_63,rank_126
2026-03-09,VTI,us,VT,0.0020447178950189215,0.3333333333333333,8.892542310597513e-05,-0.027510401718492616,0.38095238095238093,-0.00043503601804720633,-0.026224477126137513,0.48412698412698413,-0.00019458542193842885,2.0,6.0,6.0
2026-03-09,VEA,developed_ex_us,VT,0.0010582872459083958,0.7142857142857143,8.945821327465184e-05,0.059935571904166096,0.6825396825396826,0.0009215183285557085,0.0640303033332601,0.5873015873015873,0.00046580877846678274,3.0,2.0,2.0
2026-03-09,VWO,emerging_markets,VT,-0.015331776523258123,0.5714285714285714,-0.0007014722976732239,0.015550298039801014,0.5396825396825397,0.0002585046809138163,0.009063815063090175,0.5238095238095238,8.080474099786758e-05,5.0,5.0,5.0
2026-03-09,VGK,europe,VT,-0.023641128402954736,0.47619047619047616,-0.0011178628355125598,0.020091844832598404,0.5396825396825397,0.0003200366370391566,0.012093484035906599,0.5079365079365079,9.333487175394023e-05,6.0,4.0,4.0
2026-03-09,EWJ,japan,VT,-0.004436005695383494,0.6190476190476191,-9.765194159149808e-05,0.04048987435968909,0.5238095238095238,0.0006683833406698529,0.04385125048677674,0.5079365079365079,0.000357951173100712,4.0,3.0,3.0
2026-03-09,EWY,south_korea,VT,0.11470744444537528,0.7142857142857143,0.005859227047016083,0.46813151907515715,0.6349206349206349,0.006333980586114004,0.7810546808515508,0.6190476190476191,0.004572072717845553,1.0,1.0,1.0
2026-03-09,MCHI,china,VT,-0.03952603071675487,0.38095238095238093,-0.001885650497910552,-0.08015329667480275,0.3968253968253968,-0.0012484752651718565,-0.12669858927439825,0.4126984126984127,-0.0009378799243577327,7.0,7.0,7.0
2026-03-10,VTI,us,VT,0.0002721453968499432,0.3333333333333333,5.352651083172299e-06,-0.029018497957988942,0.38095238095238093,-0.0004600518779941951,-0.0260119160473391,0.48412698412698413,-0.00019397809022935074,3.0,6.0,6.0
2026-03-10,VEA,developed_ex_us,VT,0.0013411569395518352,0.7142857142857143,0.0001035582604729246,0.06151348213988861,0.6984126984126984,0.000946584089322239,0.06009831178885672,0.5873015873015873,0.00044052742954041476,2.0,2.0,2.0
2026-03-10,VWO,emerging_markets,VT,-0.008440201347557519,0.5714285714285714,-0.00037694481849601775,0.020640864590527164,0.5396825396825397,0.0003371360921729648,0.011894419651771182,0.5238095238095238,0.00010184705851135332,4.0,5.0,4.0
2026-03-10,VGK,europe,VT,-0.021046571513069656,0.5238095238095238,-0.0010119357392784699,0.022244022993058055,0.5555555555555556,0.0003535333322092251,0.010736466710197456,0.5079365079365079,8.380323257596335e-05,6.0,4.0,5.0
2026-03-10,EWJ,japan,VT,-0.010763853798770762,0.6190476190476191,-0.0004338525930864389,0.051802019010534606,0.5396825396825397,0.0008388608098629778,0.035664342473604504,0.5079365079365079,0.00029974960099973406,5.0,3.0,3.0
2026-03-10,EWY,south_korea,VT,0.06694613737275901,0.6666666666666666,0.0038327947778849965,0.3929719638071809,0.6190476190476191,0.005522206694779934,0.7235197476479334,0.6111111111111112,0.00434313090621636,1.0,1.0,1.0
2026-03-10,MCHI,china,VT,-0.02603734864506102,0.38095238095238093,-0.0012461425500575423,-0.07157134576511714,0.3968253968253968,-0.0011054480830823348,-0.1184974195637819,0.4126984126984127,-0.0008748042542472113,7.0,7.0,7.0
2026-03-11,VTI,us,VT,0.0039195103331773895,0.38095238095238093,0.00018541592784183076,-0.028730213669913907,0.38095238095238093,-0.0004546161631424628,-0.025817356373395883,0.48412698412698413,-0.00019294386883828273,2.0,6.0,6.0
2026-03-11,VEA,developed_ex_us,VT,-0.005358199864386015,0.6666666666666666,-0.000229398585728098,0.06015597260788286,0.6825396825396826,0.000925116207613556,0.06363406470852362,0.5873015873015873,0.00046623852471312105,3.0,2.0,2.0
2026-03-11,VWO,emerging_markets,VT,-0.006568409134897202,0.5714285714285714,-0.0002882954702982414,0.02359938790805116,0.5555555555555556,0.00038152606097251163,0.011128430802952893,0.5238095238095238,9.63617861287466e-05,4.0,4.0,5.0
2026-03-11,VGK,europe,VT,-0.02386035578668866,0.47619047619047616,-0.0011647838383828208,0.021115071626340853,0.5396825396825397,0.0003357933886631929,0.013239166492918342,0.5079365079365079,0.00010233398880195156,5.0,5.0,4.0
2026-03-11,EWJ,japan,VT,-0.029551108632031697,0.5714285714285714,-0.0013893604395439313,0.047446755742647895,0.5396825396825397,0.0007732945828754272,0.04103655944114837,0.5079365079365079,0.00033857882238402717,7.0,3.0,3.0
2026-03-11,EWY,south_korea,VT,0.0853005560456429,0.6666666666666666,0.004706303957086917,0.4071327063009438,0.6190476190476191,0.005674971886864091,0.7432004182925886,0.6111111111111112,0.004437970075861817,1.0,1.0,1.0
2026-03-11,MCHI,china,VT,-0.02770714371721339,0.38095238095238093,-0.0013409160312158146,-0.07303179589016129,0.3968253968253968,-0.001127711430631039,-0.13253732611701308,0.40476190476190477,-0.0009952761263622354,6.0,7.0,7.0
2026-03-12,VTI,us,VT,0.007026583208818882,0.42857142857142855,0.00034186460278331924,-0.026948386777866706,0.38095238095238093,-0.0004336674718480492,-0.024229347789196165,0.48412698412698413,-0.00018474367486139825,2.0,6.0,6.0
2026-03-12,VEA,developed_ex_us,VT,-0.01028719670006506,0.6190476190476191,-0.0004806049426502471,0.05681230943161619,0.6666666666666666,0.0008904744528872718,0.06155725782463972,0.5873015873015873,0.0004606137532077734,3.0,2.0,2.0
2026-03-12,VWO,emerging_markets,VT,-0.016146846124902914,0.5238095238095238,-0.0007741051008524069,0.018427906364660407,0.5555555555555556,0.0003090880807295973,0.002889483790247338,0.5158730158730159,3.6824200897198906e-05,4.0,5.0,5.0
2026-03-12,VGK,europe,VT,-0.01871778284127157,0.5238095238095238,-0.0009247212318407463,0.02535696373823204,0.5555555555555556,0.0004058150594970896,0.02119744302552573,0.5158730158730159,0.00016312583035548925,5.0,4.0,4.0
2026-03-12,EWJ,japan,VT,-0.04806836537265047,0.5238095238095238,-0.0023889819793019135,0.04337515551161464,0.5238095238095238,0.0007235831048257128,0.03788156543413246,0.5,0.0003214473803991622,7.0,3.0,3.0
2026-03-12,EWY,south_korea,VT,0.04000157274051419,0.6666666666666666,0.002759230903775548,0.31627130933798586,0.6031746031746031,0.004732663301221365,0.598429726562377,0.6031746031746031,0.003851308243677345,1.0,1.0,1.0
2026-03-12,MCHI,china,VT,-0.0218922192489317,0.38095238095238093,-0.0010708619547442674,-0.05332898477615622,0.4126984126984127,-0.0008189453468600375,-0.11541629520489805,0.4126984126984127,-0.0008716535491522929,6.0,7.0,7.0
2026-03-13,VTI,us,VT,0.012246544160283701,0.47619047619047616,0.000605946147123192,-0.023680853330868668,0.3968253968253968,-0.0003868956621257387,-0.021292747072449325,0.49206349206349204,-0.00016493329857036887,1.0,6.0,6.0
2026-03-13,VEA,developed_ex_us,VT,-0.018572364599104385,0.5714285714285714,-0.0009100101130895226,0.04851788079802333,0.6507936507936508,0.0007778683647922906,0.054479660447391165,0.5793650793650794,0.00041688849987545296,4.0,2.0,2.0
2026-03-13,VWO,emerging_markets,VT,-0.019569124825823847,0.5238095238095238,-0.0009607837077342886,0.02035246446411576,0.5714285714285714,0.0003437609429387622,0.0022663933571622774,0.5158730158730159,3.2090817523267384e-05,5.0,4.0,5.0
2026-03-13,VGK,europe,VT,-0.024328020373458936,0.5238095238095238,-0.001221118421034588,0.014739728556804055,0.5396825396825397,0.00024552661386611347,0.013166005278735682,0.5079365079365079,0.00010550795456788973,6.0,5.0,4.0
2026-03-13,EWJ,japan,VT,-0.05573850741249142,0.47619047619047616,-0.0028253971558225184,0.04140232410087652,0.5238095238095238,0.0007042142015630522,0.03234400386206504,0.49206349206349204,0.00028502089393251534,7.0,3.0,3.0
2026-03-13,EWY,south_korea,VT,0.007782402935487931,0.6666666666666666,0.0011346805960327857,0.3228112289722125,0.6031746031746031,0.004871659698762252,0.5992452151158103,0.6031746031746031,0.0039044215877927528,2.0,1.0,1.0
2026-03-13,MCHI,china,VT,-0.009841330421834549,0.42857142857142855,-0.00046417970232462283,-0.0429884509153049,0.42857142857142855,-0.0006590041415155595,-0.12023883597623997,0.4126984126984127,-0.0009331938787397006,3.0,7.0,7.0
2026-03-16,VTI,us,VT,0.011131365702921947,0.47619047619047616,0.0005311811661914835,-0.028317146010506722,0.38095238095238093,-0.0004588272692680173,-0.02612932570285542,0.48412698412698413,-0.00020012942631781653,2.0,6.0,6.0
2026-03-16,VEA,developed_ex_us,VT,-0.01769620012145401,0.5714285714285714,-0.0008308805476056376,0.05518270459027241,0.6507936507936508,0.0008720362883857582,0.06579191366145754,0.5873015873015873,0.0004925711001592599,5.0,2.0,2.0
2026-03-16,VWO,emerging_markets,VT,-0.01681289160440147,0.5238095238095238,-0.0007912792149570196,0.03008455459536763,0.5873015873015873,0.0004919255210282749,0.006737969987935077,0.5158730158730159,6.610307569075075e-05,4.0,4.0,5.0
2026-03-16,VGK,europe,VT,-0.028192117108563064,0.5238095238095238,-0.0013768396246959934,0.01265357268216638,0.5396825396825397,0.00021048965093055437,0.017565061900439938,0.5158730158730159,0.00013703845544134715,6.0,5.0,4.0
2026-03-16,EWJ,japan,VT,-0.05826887111943568,0.47619047619047616,-0.0028669167801033176,0.047449308498594744,0.5238095238095238,0.0007906007036816431,0.04505854163457412,0.5,0.0003747624382935657,7.0,3.0,3.0
2026-03-16,EWY,south_korea,VT,0.04820891999248089,0.6666666666666666,0.003172229464676001,0.43268683901879124,0.6190476190476191,0.006129036995875032,0.6823747266985387,0.6031746031746031,0.00426730174430439,1.0,1.0,1.0
2026-03-16,MCHI,china,VT,-0.000408548265132036,0.47619047619047616,9.676829829975367e-06,-0.03727546793237235,0.4444444444444444,-0.0005560322063157264,-0.11859906792296615,0.42063492063492064,-0.0009024054034485104,3.0,7.0,7.0
2026-03-17,VTI,us,VT,0.011459914289697726,0.47619047619047616,0.0005465126475427116,-0.027053937942197126,0.38095238095238093,-0.00043279593824095133,-0.02568684483358341,0.48412698412698413,-0.00019704731800580997,2.0,6.0,6.0
2026-03-17,VEA,developed_ex_us,VT,-0.019200099099848322,0.5238095238095238,-0.0009053390485966661,0.050893976799241125,0.6349206349206349,0.0007978283209435412,0.06262621149880232,0.5793650793650794,0.00047067996069059175,5.0,2.0,2.0
2026-03-17,VWO,emerging_markets,VT,-0.013596711767988823,0.5714285714285714,-0.0006297217405217085,0.03089814333277574,0.5873015873015873,0.0004982945891661247,0.006226512251689131,0.5158730158730159,6.230729754395463e-05,4.0,4.0,5.0
2026-03-17,VGK,europe,VT,-0.024594787759645076,0.5714285714285714,-0.0011934830724279002,0.010510670761259222,0.5396825396825397,0.0001751321153685756,0.016357838170208527,0.5158730158730159,0.00012819873094875126,6.0,5.0,4.0
2026-03-17,EWJ,japan,VT,-0.06392685600747894,0.42857142857142855,-0.003160526144934487,0.03704138055152284,0.5079365079365079,0.0006252736880066607,0.03923065277713311,0.49206349206349204,0.00033272216735880366,7.0,3.0,3.0
2026-03-17,EWY,south_korea,VT,0.03295370515501306,0.6666666666666666,0.002439583115125456,0.4694996701752505,0.6349206349206349,0.006461775337474159,0.6899379373512124,0.6031746031746031,0.004308140004051219,1.0,1.0,1.0
2026-03-17,MCHI,china,VT,-0.002128585406550032,0.47619047619047616,-7.485650819539727e-05,-0.05216778354595286,0.42857142857142855,-0.0007912540937070664,-0.12763554156765633,0.4126984126984127,-0.000982120915530771,3.0,7.0,7.0
2026-03-18,VTI,us,VT,0.011444565975707977,0.47619047619047616,0.000553052999411832,-0.02301614152567577,0.3968253968253968,-0.00037421080388809106,-0.022542719943371425,0.49206349206349204,-0.0001755195575657375,2.0,6.0,6.0
2026-03-18,VEA,developed_ex_us,VT,-0.01847352831243332,0.5238095238095238,-0.0008819479845866073,0.0422117040649983,0.6190476190476191,0.0006780376227343235,0.06056858970794954,0.5793650793650794,0.00046283709953155575,5.0,2.0,2.0
2026-03-18,VWO,emerging_markets,VT,-0.01772138955484215,0.5238095238095238,-0.0008461349191220995,0.029801308164340456,0.5873015873015873,0.0004896581673588943,-0.004413839914840789,0.5079365079365079,-1.8561086732995396e-05,4.0,4.0,5.0
2026-03-18,VGK,europe,VT,-0.03388582368147797,0.5238095238095238,-0.0016874545699375584,-0.00032230329095028765,0.5238095238095238,7.084582646555576e-06,0.014687686248119114,0.5158730158730159,0.00011793339443283248,6.0,5.0,4.0
2026-03-18,EWJ,japan,VT,-0.03980474922192412,0.47619047619047616,-0.001955017204904425,0.030605353415142256,0.5079365079365079,0.0005332532368651288,0.04319533737292813,0.49206349206349204,0.0003660220115704265,7.0,3.0,3.0
2026-03-18,EWY,south_korea,VT,0.053409885742688235,0.6666666666666666,0.0034271059268416106,0.4561263867123604,0.6190476190476191,0.006396288870437355,0.6411844721153726,0.5952380952380952,0.004127314483504462,1.0,1.0,1.0
2026-03-18,MCHI,china,VT,-0.011539319291581807,0.42857142857142855,-0.0005445753283840867,-0.046318084103009416,0.42857142857142855,-0.0007063099839699252,-0.13678141045984893,0.40476190476190477,-0.0010793608173397418,3.0,7.0,7.0
2026-03-19,VTI,us,VT,0.011226477587307326,0.47619047619047616,0.0005460249082070355,-0.0238231076337303,0.3968253968253968,-0.0003865724207813669,-0.02294818498383333,0.49206349206349204,-0.000178797593385773,2.0,6.0,6.0
2026-03-19,VEA,developed_ex_us,VT,-0.01683250608388287,0.5714285714285714,-0.0008042095561384635,0.04469063352003999,0.6349206349206349,0.0007143521580819665,0.06283085499264351,0.5873015873015873,0.00047946071441773165,3.0,2.0,2.0
2026-03-19,VWO,emerging_markets,VT,-0.01724484070790322,0.5238095238095238,-0.0008273290701965797,0.02985741588789137,0.5873015873015873,0.0004895974457542804,-0.014079400139356046,0.5,-9.387828415907948e-05,5.0,4.0,5.0
2026-03-19,VGK,europe,VT,-0.03302592087581535,0.5238095238095238,-0.0016543577380577132,-0.0028514851857627255,0.5079365079365079,-3.3007364312178546e-05,0.016324196787549816,0.5158730158730159,0.00013038051532966214,7.0,5.0,4.0
2026-03-19,EWJ,japan,VT,-0.02914125585019056,0.5238095238095238,-0.0014143101367925857,0.04004438773269203,0.5238095238095238,0.0006760787352399392,0.045170123305433796,0.5,0.0003807490439701286,6.0,3.0,3.0
2026-03-19,EWY,south_korea,VT,0.0649629754383999,0.6666666666666666,0.003995122338363986,0.5061261477671976,0.6349206349206349,0.006925404096016066,0.6973323795820137,0.6031746031746031,0.004392599186009471,1.0,1.0,1.0
2026-03-19,MCHI,china,VT,-0.017179628150844062,0.38095238095238093,-0.0008348339421358723,-0.04831486045094757,0.42857142857142855,-0.000738018565964715,-0.15551191652334106,0.3968253968253968,-0.0012488588462160866,4.0,7.0,7.0
2026-03-20,VTI,us,VT,0.01566597376950274,0.47619047619047616,0.0007757556828256554,-0.016726924919487574,0.4126984126984127,-0.0002766251007173713,-0.01877976698394157,0.49206349206349204,-0.0001506763011396286,1.0,6.0,6.0
2026-03-20,VEA,developed_ex_us,VT,-0.02814293931759526,0.5238095238095238,-0.0013994298002284044,0.030860150910397954,0.6190476190476191,0.0005132256153828644,0.05134672694501807,0.5873015873015873,0.0004076877108189615,5.0,2.0,2.0
2026-03-20,VWO,emerging_markets,VT,-0.018894500067024533,0.5238095238095238,-0.0009238968703566183,0.020601748395206232,0.5714285714285714,0.0003527612773044311,-0.01063865319436208,0.5,-6.80243672886112e-05,3.0,4.0,5.0
2026-03-20,VGK,europe,VT,-0.03913151040209961,0.5238095238095238,-0.002000295290062245,-0.01593343465047037,0.49206349206349204,-0.00024137659063662992,0.006790189847806216,0.5158730158730159,6.1021129506591246e-05,6.0,5.0,4.0
2026-03-20,EWJ,japan,VT,-0.041202134181499206,0.47619047619047616,-0.002065586116854262,0.030191868959011825,0.5238095238095238,0.0005357221626888953,0.030434332197566638,0.5,0.00028014227642237353,7.0,3.0,3.0
2026-03-20,EWY,south_korea,VT,-0.0012964247140813123,0.6190476190476191,0.0008714162276677106,0.43184167812445795,0.6349206349206349,0.006213173698201187,0.5893421284903695,0.5952380952380952,0.003971504503796876,2.0,1.0,1.0
2026-03-20,MCHI,china,VT,-0.022297442255188704,0.38095238095238093,-0.0011102609087154287,-0.05975046238442039,0.4126984126984127,-0.0009384951093438403,-0.140204467099739,0.3968253968253968,-0.0011432055353688215,4.0,7.0,7.0
2026-03-23,VTI,us,VT,0.013740240902678669,0.47619047619047616,0.0006710563565087808,-0.021560208186256813,0.3968253968253968,-0.00035367572838458937,-0.02606411898287264,0.48412698412698413,-0.00020699778010799296,1.0,6.0,6.0
2026-03-23,VEA,developed_ex_us,VT,-0.021737123427019056,0.5238095238095238,-0.0010454602457733706,0.040256672996264564,0.6190476190476191,0.0006563880071795698,0.06845280842480483,0.5952380952380952,0.0005292108543610091,4.0,3.0,2.0
2026-03-23,VWO,emerging_markets,VT,-0.019816475066373962,0.5238095238095238,-0.0009618554469327668,0.0267124157130485,0.5714285714285714,0.00044688488543834974,-0.0012863227822363932,0.5079365079365079,7.631232239123002e-06,3.0,4.0,5.0
2026-03-23,VGK,europe,VT,-0.03444643710442552,0.5238095238095238,-0.0017305810786112058,-0.009168249259869143,0.5079365079365079,-0.0001277972976765827,0.01997946119026106,0.5238095238095238,0.00016262065238715446,7.0,5.0,4.0
2026-03-23,EWJ,japan,VT,-0.025588916735230782,0.5238095238095238,-0.0012125590664084178,0.04763389615253266,0.5396825396825397,0.0008034066207271772,0.05418166462718399,0.5079365079365079,0.0004561337577664383,5.0,2.0,3.0
2026-03-23,EWY,south_korea,VT,0.004117709077431808,0.6190476190476191,0.0011782793404851734,0.4884893843368725,0.6349206349206349,0.0068136229499367994,0.6904488834622533,0.6031746031746031,0.0044251107479632654,2.0,1.0,1.0
2026-03-23,MCHI,china,VT,-0.02784109588953021,0.38095238095238093,-0.0013940715785833527,-0.07047848123407752,0.3968253968253968,-0.0011139466338402541,-0.14546892050580162,0.3968253968253968,-0.0011724564260185333,6.0,7.0,7.0
2026-03-24,VTI,us,VT,0.017987491610655826,0.5238095238095238,0.000877968887216664,-0.019857494798704023,0.3968253968253968,-0.00033055886990704516,-0.024159343325074523,0.48412698412698413,-0.00019362209681575735,1.0,6.0,6.0
2026-03-24,VEA,developed_ex_us,VT,-0.028153154030253202,0.47619047619047616,-0.001371981521899625,0.03912162827633492,0.6190476190476191,0.0006477144719545277,0.06324605866753807,0.5873015873015873,0.0004954678788655684,5.0,3.0,2.0
2026-03-24,VWO,emerging_markets,VT,-0.024354675682739524,0.47619047619047616,-0.0011910973953352362,0.01996585003724749,0.5555555555555556,0.00034628273746424684,-0.00409233710189727,0.5079365079365079,-1.4317250076132664e-05,3.0,4.0,5.0
2026-03-24,VGK,europe,VT,-0.03789396784091492,0.47619047619047616,-0.001903686538555988,-0.005940114437390509,0.5079365079365079,-7.685911007970076e-05,0.019051761834835368,0.5158730158730159,0.00015688853326226732,7.0,5.0,4.0
2026-03-24,EWJ,japan,VT,-0.031283308871491,0.5238095238095238,-0.0015027209353634266,0.04970705397910424,0.5555555555555556,0.0008450656840708038,0.05391713087837613,0.5079365079365079,0.0004577118795561078,6.0,2.0,3.0
2026-03-24,EWY,south_korea,VT,-0.018278551631207285,0.6190476190476191,6.557817109079498e-05,0.4257687758177988,0.6190476190476191,0.006203609696692495,0.6046294982861338,0.5952380952380952,0.004047699970900859,2.0,1.0,1.0
2026-03-24,MCHI,china,VT,-0.02680865139881583,0.38095238095238093,-0.0013340313291050818,-0.06610241337171563,0.3968253968253968,-0.001054976689894572,-0.13529086459963624,0.40476190476190477,-0.0010916710956188412,4.0,7.0,7.0
2026-03-25,VTI,us,VT,0.014089894172991002,0.47619047619047616,0.0006814316462221679,-0.023837657722831196,0.38095238095238093,-0.00039544778565751376,-0.025954498225269518,0.48412698412698413,-0.00020564878999433634,1.0,6.0,6.0
2026-03-25,VEA,developed_ex_us,VT,-0.021931971744958756,0.5238095238095238,-0.0010439928475349115,0.04440770295571672,0.6349206349206349,0.0007281003016942432,0.06565899175158463,0.5873015873015873,0.0005074419975457268,5.0,3.0,2.0
2026-03-25,VWO,emerging_markets,VT,-0.018421389343773242,0.47619047619047616,-0.0008771604819603987,0.02969132491766502,0.5555555555555556,0.0005000618010396117,0.002372375508988389,0.5079365079365079,3.749982553606712e-05,4.0,4.0,5.0
2026-03-25,VGK,europe,VT,-0.029019864688552777,0.5238095238095238,-0.0014316809043607753,-2.5626312360360615e-05,0.5238095238095238,1.993499162038997e-05,0.02162082643755725,0.5158730158730159,0.00017511157871880686,6.0,5.0,4.0
2026-03-25,EWJ,japan,VT,-0.015490217721647825,0.5714285714285714,-0.0006764196264494606,0.06635870014596923,0.5714285714285714,0.001097598479496628,0.06167281444850503,0.5079365079365079,0.0005104388202391862,3.0,2.0,3.0
2026-03-25,EWY,south_korea,VT,-0.06075290404275169,0.5714285714285714,-0.002200271583416894,0.40530186264601553,0.6190476190476191,0.005956555043363609,0.5809819009391537,0.5873015873015873,0.0038931533218176714,7.0,1.0,1.0
2026-03-25,MCHI,china,VT,-0.007012627328134569,0.42857142857142855,-0.00030860848682344786,-0.05659342699256986,0.4126984126984127,-0.0008861967928899349,-0.12180711931943566,0.4126984126984127,-0.0009557472722764701,2.0,7.0,7.0
2026-03-26,VTI,us,VT,0.016411072203278865,0.5238095238095238,0.0008177052269558898,-0.019629565475985822,0.3968253968253968,-0.0003348727703117343,-0.024005262263698257,0.48412698412698413,-0.00019341060109983625,1.0,6.0,6.0
2026-03-26,VEA,developed_ex_us,VT,-0.027628492649097947,0.47619047619047616,-0.0013773748917124235,0.03770661997738356,0.6190476190476191,0.0006402503683609803,0.06333780751447882,0.5873015873015873,0.0004981499959434686,5.0,3.0,2.0
2026-03-26,VWO,emerging_markets,VT,-0.022799365371231395,0.47619047619047616,-0.001126453279688839,0.021137170519257564,0.5555555555555556,0.000377195385720678,-0.008365626554793892,0.5,-4.553686104262202e-05,3.0,4.0,5.0
2026-03-26,VGK,europe,VT,-0.02842183896109607,0.5238095238095238,-0.001442663709255879,0.00018852730683882601,0.5396825396825397,2.3452201787851506e-05,0.0234530363767933,0.5238095238095238,0.00019166957384075017,6.0,5.0,4.0
2026-03-26,EWJ,japan,VT,-0.02366776032870377,0.5238095238095238,-0.0011300124275382749,0.05631516469268083,0.5555555555555556,0.0009679864646698,0.054233717390863356,0.5,0.00046279080450166584,4.0,2.0,3.0
2026-03-26,EWY,south_korea,VT,-0.11251331590171743,0.5238095238095238,-0.005194832097685105,0.33135641813100525,0.6031746031746031,0.005215798181097234,0.5257472351064307,0.5873015873015873,0.003668935169926148,7.0,1.0,1.0
2026-03-26,MCHI,china,VT,-0.011207278629408735,0.42857142857142855,-0.0005268486151115944,-0.05583111130229346,0.4126984126984127,-0.0008933453782166674,-0.1443559325035908,0.40476190476190477,-0.0011761000652413317,2.0,7.0,7.0
2026-03-27,VTI,us,VT,0.013135227260470561,0.5238095238095238,0.0006600092442340335,-0.023787772560259324,0.38095238095238093,-0.00041054010272110125,-0.027847842213207685,0.47619047619047616,-0.00022577943501280888,2.0,6.0,6.0
2026-03-27,VEA,developed_ex_us,VT,-0.02525120493913202,0.47619047619047616,-0.0012668640901647326,0.04378175927070971,0.6349206349206349,0.0007463318550985348,0.07098361347040683,0.5952380952380952,0.0005581460970170567,4.0,3.0,2.0
2026-03-27,VWO,emerging_markets,VT,-0.00846671041881264,0.5238095238095238,-0.00038154212246696703,0.029979899674225874,0.5714285714285714,0.0005258428868696425,-0.001624364846393167,0.5079365079365079,7.222558709335261e-06,3.0,4.0,5.0
2026-03-27,VGK,europe,VT,-0.02658266613279947,0.5238095238095238,-0.0013607509841585858,0.0054709211252012,0.5555555555555556,0.00011093270810642984,0.031941635627201204,0.5317460317460317,0.00025805079863610165,5.0,5.0,4.0
2026-03-27,EWJ,japan,VT,-0.028758661291161225,0.47619047619047616,-0.0014154366740103555,0.057456923451417063,0.5555555555555556,0.0010005843799866525,0.05068693739691066,0.49206349206349204,0.0004394770947287102,6.0,2.0,3.0
2026-03-27,EWY,south_korea,VT,-0.10493853697389599,0.5238095238095238,-0.004815957000949352,0.3310066305154409,0.6031746031746031,0.005272281510921628,0.5491084117528692,0.5873015873015873,0.003810516538964873,7.0,1.0,1.0
2026-03-27,MCHI,china,VT,0.016271103327965997,0.47619047619047616,0.0008851649625076997,-0.04338059831727048,0.42857142857142855,-0.0006902393255804064,-0.1423797904821491,0.40476190476190477,-0.0011687191434671047,1.0,7.0,7.0
2026-03-30,VTI,us,VT,0.013114227957801039,0.5238095238095238,0.0006585026785597084,-0.023424828923018448,0.38095238095238093,-0.000405907680333138,-0.02967451114163544,0.46825396825396826,-0.0002428198025060871,2.0,6.0,6.0
2026-03-30,VEA,developed_ex_us,VT,-0.02518460371955844,0.47619047619047616,-0.0012624124902132997,0.04536613845472426,0.6349206349206349,0.0007746040652239186,0.07291304553411959,0.5952380952380952,0.0005770510437862836,5.0,3.0,2.0
2026-03-30,VWO,emerging_markets,VT,-0.007564871482767521,0.5238095238095238,-0.000333724214583685,0.026485229788948295,0.5714285714285714,0.000470444481314418,0.007482878013257532,0.5158730158730159,7.992685793287555e-05,3.0,4.0,5.0
2026-03-30,VGK,europe,VT,-0.01988684657487516,0.5238095238095238,-0.0009997092303486073,0.011727224172993322,0.5555555555555556,0.00021565651406469969,0.03520480331443321,0.5317460317460317,0.00028521732235749946,4.0,5.0,4.0
2026-03-30,EWJ,japan,VT,-0.0272648634817676,0.47619047619047616,-0.001333771335620351,0.06289647823075284,0.5714285714285714,0.001090313097869171,0.060685753789529784,0.5,0.0005187160339562806,6.0,2.0,3.0
2026-03-30,EWY,south_korea,VT,-0.14062751686767583,0.47619047619047616,-0.006938418534608552,0.2709412154885982,0.5873015873015873,0.00453355300173299,0.5187241773694304,0.5873015873015873,0.0036818533181057944,7.0,1.0,1.0
2026-03-30,MCHI,china,VT,0.020607351484942082,0.47619047619047616,0.0011071629376179278,-0.047046049411571644,0.42857142857142855,-0.0007591346299959187,-0.12589502635824323,0.4126984126984127,-0.001027478808132446,1.0,7.0,7.0
2026-03-31,VTI,us,VT,0.0054877638131144435,0.47619047619047616,0.000251957264911747,-0.025285478993458343,0.38095238095238093,-0.00042423550019056477,-0.030649941656102353,0.46825396825396826,-0.00024456259054557824,2.0,6.0,6.0
2026-03-31,VEA,developed_ex_us,VT,-0.013342141153211418,0.5238095238095238,-0.0006070440305371241,0.04711854864307963,0.6349206349206349,0.0007788184758819902,0.07591754268993922,0.5952380952380952,0.000585154289904458,6.0,3.0,2.0
2026-03-31,VWO,emerging_markets,VT,0.0007862694392176683,0.5714285714285714,9.959560116855668e-05,0.03190358820107497,0.5873015873015873,0.0005413785944219796,0.004454245652574018,0.5158730158730159,5.480225238901199e-05,3.0,4.0,5.0
2026-03-31,VGK,europe,VT,-0.005275041124293556,0.5714285714285714,-0.00022228110493837159,0.013485489733400136,0.5714285714285714,0.0002380199615172197,0.03811932320096556,0.5396825396825397,0.0003003585653882007,4.0,5.0,4.0
2026-03-31,EWJ,japan,VT,-0.007341381010197101,0.5238095238095238,-0.0002616354031994667,0.06500843230389108,0.5714285714285714,0.001092244230206078,0.07077290692807314,0.5079365079365079,0.0005819816937568865,5.0,2.0,3.0
2026-03-31,EWY,south_korea,VT,-0.10974330629422457,0.5238095238095238,-0.004794623324258438,0.26974569001807414,0.5873015873015873,0.004410515340905449,0.550174596964917,0.5873015873015873,0.0037784131224607126,7.0,1.0,1.0
2026-03-31,MCHI,china,VT,0.016694452417873817,0.47619047619047616,0.0008642768308094263,-0.04570904568204415,0.42857142857142855,-0.000713782203785319,-0.14948797587498286,0.40476190476190477,-0.0012132409652926032,1.0,7.0,7.0
2026-04-01,VTI,us,VT,-0.006264136921965258,0.42857142857142855,-0.0003259639090737216,-0.02642858358280753,0.38095238095238093,-0.00043924320890791486,-0.033362402158787274,0.4603174603174603,-0.0002647529297559701,6.0,6.0,6.0
2026-04-01,VEA,developed_ex_us,VT,0.007517464402704843,0.5714285714285714,0.0004221042616227445,0.053009797078952814,0.6349206349206349,0.000863102981796755,0.08316196294713629,0.5952380952380952,0.0006341821698930907,5.0,3.0,3.0
2026-04-01,VWO,emerging_markets,VT,0.009453831509365518,0.5714285714285714,0.0004980887706574846,0.02125165849760402,0.5714285714285714,0.00036858315347913323,-0.004004883959785932,0.5079365079365079,-1.1359514477318799e-05,3.0,4.0,5.0
2026-04-01,VGK,europe,VT,0.009247021261357458,0.6190476190476191,0.00048553757431820294,0.014547516512214309,0.5714285714285714,0.000253484375598425,0.03849556601677229,0.5396825396825397,0.0003014754812677504,4.0,5.0,4.0
2026-04-01,EWJ,japan,VT,0.02389119742342294,0.5714285714285714,0.0012532803148718292,0.08173615290589631,0.5873015873015873,0.0013366871158036714,0.09428298003860514,0.5158730158730159,0.0007489515796874016,1.0,2.0,2.0
2026-04-01,EWY,south_korea,VT,-0.01832244977439257,0.5714285714285714,-6.0765253805420784e-05,0.2936801578195104,0.6031746031746031,0.004680239092106834,0.5869448528280838,0.5952380952380952,0.003945023801950705,7.0,1.0,1.0
2026-04-01,MCHI,china,VT,0.012104829583433618,0.47619047619047616,0.0006073873533822774,-0.06178444336703204,0.4126984126984127,-0.000980423185936463,-0.16341632890873603,0.3968253968253968,-0.001331768830635366,2.0,7.0,7.0
2026-04-02,VTI,us,VT,-0.001374598000343119,0.47619047619047616,-8.58599250475468e-05,-0.021645002561777038,0.3968253968253968,-0.00035898206731649606,-0.027619591395128595,0.46825396825396826,-0.00022048213068020983,6.0,6.0,6.0
2026-04-02,VEA,developed_ex_us,VT,-0.0007379792257100615,0.5238095238095238,1.8534664844773096e-05,0.04615765763412305,0.6190476190476191,0.0007556703190748795,0.07405511532188314,0.5873015873015873,0.0005727325685557906,5.0,3.0,3.0
2026-04-02,VWO,emerging_markets,VT,0.0066283813931375946,0.5714285714285714,0.0003661519812342047,0.010776298173203247,0.5555555555555556,0.0002026488954217836,-0.010076914287392214,0.5,-5.918955668923621e-05,2.0,4.0,5.0
2026-04-02,VGK,europe,VT,0.00387209028939961,0.5714285714285714,0.00022506197849033897,0.009652521954174542,0.5555555555555556,0.00017535081561384546,0.028942186601942144,0.5317460317460317,0.00023108620325890822,3.0,5.0,4.0
2026-04-02,EWJ,japan,VT,0.0010443047891480761,0.5238095238095238,0.0001452288036395939,0.06601400560153603,0.5714285714285714,0.0010988216362949508,0.08647621722237453,0.5158730158730159,0.0006988146267403201,4.0,2.0,2.0
2026-04-02,EWY,south_korea,VT,-0.04729006841023309,0.5238095238095238,-0.001542645263588335,0.27349477512608156,0.6031746031746031,0.004417796352124428,0.5174838184432575,0.5873015873015873,0.0036160956760683607,7.0,1.0,1.0
2026-04-02,MCHI,china,VT,0.015714396118381657,0.47619047619047616,0.0007912643509003411,-0.06075766375304159,0.4126984126984127,-0.0009586349906192696,-0.16347390710687681,0.3888888888888889,-0.0013435817557897255,1.0,7.0,7.0
2026-04-06,VTI,us,VT,-0.006993867311597568,0.42857142857142855,-0.0003574120399455324,-0.01800525220553828,0.3968253968253968,-0.000299828016866245,-0.02826912463962128,0.4603174603174603,-0.00022490840970233012,7.0,6.0,6.0
2026-04-06,VEA,developed_ex_us,VT,0.013587493378397597,0.5714285714285714,0.0007026576991019226,0.04410382789438616,0.6190476190476191,0.0007253588499572611,0.07616054640326264,0.5873015873015873,0.000586176142510966,5.0,3.0,3.0
2026-04-06,VWO,emerging_markets,VT,0.006772394567996942,0.5714285714285714,0.00036651590086570325,-0.004778077363316924,0.5396825396825397,-4.946359054280164e-05,-0.012927852796503547,0.49206349206349204,-8.140850194390859e-05,6.0,5.0,5.0
2026-04-06,VGK,europe,VT,0.014096097962026488,0.6190476190476191,0.0007092004544248071,0.007381871484002267,0.5555555555555556,0.00013911271724159006,0.029873196799431234,0.5317460317460317,0.0002374085713945611,4.0,4.0,4.0
2026-04-06,EWJ,japan,VT,0.018361135375187132,0.5238095238095238,0.0009596746862281989,0.06410370545597965,0.5714285714285714,0.001072240695672327,0.08729304319502651,0.5158730158730159,0.0007024031731946733,2.0,2.0,2.0
2026-04-06,EWY,south_korea,VT,0.023677506288513395,0.5714285714285714,0.0019123311867769218,0.2440190572591463,0.6031746031746031,0.004035353632725817,0.5213090705302039,0.5873015873015873,0.0036270500260255187,1.0,1.0,1.0
2026-04-06,MCHI,china,VT,0.01585693271227584,0.47619047619047616,0.0007813969598506569,-0.09101792145122323,0.3968253968253968,-0.00149758015092529,-0.1766823218219422,0.38095238095238093,-0.0014620531115882433,3.0,7.0,7.0
2026-04-07,VTI,us,VT,-0.004604440822752909,0.47619047619047616,-0.00023904411964252646,-0.016742705198548813,0.4126984126984127,-0.00028125625181595916,-0.025861237410217064,0.46825396825396826,-0.00020610142366920815,6.0,6.0,6.0
2026-04-07,VEA,developed_ex_us,VT,0.009149433612993807,0.5238095238095238,0.00048549534848598065,0.03938295887542376,0.6031746031746031,0.0006569196330362751,0.06788239734177681,0.5793650793650794,0.0005268261844621753,3.0,3.0,2.0
2026-04-07,VWO,emerging_markets,VT,0.0033869320638570954,0.5714285714285714,0.00020259740249762266,-0.0018791631546765108,0.5555555555555556,-2.7371520011378776e-06,-0.011367082231855008,0.5,-6.930438003507855e-05,5.0,5.0,5.0
2026-04-07,VGK,europe,VT,0.006456039650645562,0.5714285714285714,0.00033948067209316993,0.00446379988222545,0.5555555555555556,9.322081329531614e-05,0.023354779237167778,0.5238095238095238,0.0001883355127405482,4.0,4.0,4.0
2026-04-07,EWJ,japan,VT,0.019092891515235633,0.5238095238095238,0.0009828874699402625,0.04845450972787546,0.5555555555555556,0.0008370546279998358,0.06673484563144072,0.5079365079365079,0.0005532055501824244,1.0,2.0,3.0
2026-04-07,EWY,south_korea,VT,0.01399306622501062,0.5714285714285714,0.0014456887708404714,0.23312233772908342,0.6031746031746031,0.003914854709565616,0.5329466677731773,0.5873015873015873,0.003693188546678548,2.0,1.0,1.0
2026-04-07,MCHI,china,VT,-0.00920650448945115,0.42857142857142855,-0.0004283141369728468,-0.09282894154655941,0.3968253968253968,-0.0015425460658530885,-0.1721728356683483,0.38095238095238093,-0.0014234304049030209,7.0,7.0,7.0
2026-04-08,VTI,us,VT,-0.010333273299577783,0.47619047619047616,-0.0005139836974919566,-0.024354325696916534,0.3968253968253968,-0.000399924874194057,-0.033022508976221276,0.4603174603174603,-0.0002577395796465805,6.0,6.0,6.0
2026-04-08,VEA,developed_ex_us,VT,0.01900417734961568,0.5238095238095238,0.0009504905131043417,0.053765412762161624,0.6190476190476191,0.0008644860723191483,0.08264184024157895,0.5873015873015873,0.000620600164462591,3.0,3.0,2.0
2026-04-08,VWO,emerging_markets,VT,0.013124553631634672,0.5714285714285714,0.0006746085725844004,0.010961351827389443,0.5714285714285714,0.00020734374286754354,0.001284741084242702,0.5079365079365079,3.328649089483458e-05,5.0,5.0,5.0
2026-04-08,VGK,europe,VT,0.017879980901527093,0.6190476190476191,0.000876329051040493,0.01455662908295663,0.5714285714285714,0.00025307900599291246,0.03814134240272926,0.5317460317460317,0.0002942183714331492,4.0,4.0,4.0
2026-04-08,EWJ,japan,VT,0.032295769372446825,0.5238095238095238,0.0015933257563966806,0.07091272496001633,0.5714285714285714,0.0011614371351944858,0.06734769616218017,0.5079365079365079,0.0005470774886110404,2.0,2.0,3.0
2026-04-08,EWY,south_korea,VT,0.03443164914726138,0.5714285714285714,0.002504807118895833,0.2962364222224718,0.6031746031746031,0.00469028968465534,0.6427029153301134,0.5873015873015873,0.004185358005452614,1.0,1.0,1.0
2026-04-08,MCHI,china,VT,-0.018141472965143346,0.38095238095238093,-0.0008514104214529699,-0.09167856436379118,0.3968253968253968,-0.0014813139888193068,-0.17621041388572223,0.38095238095238093,-0.0014164728743546885,7.0,7.0,7.0
2026-04-09,VTI,us,VT,-0.005488436767501437,0.5238095238095238,-0.0002830835252515474,-0.02263172979826178,0.3968253968253968,-0.0003694162764912107,-0.031975686089405375,0.4603174603174603,-0.00024722901059379707,6.0,6.0,6.0
2026-04-09,VEA,developed_ex_us,VT,0.011236394919751813,0.47619047619047616,0.0005890603746628388,0.04705597844923015,0.6031746031746031,0.0007589395441571866,0.07879170086505538,0.5873015873015873,0.0005885476326688046,3.0,3.0,2.0
2026-04-09,VWO,emerging_markets,VT,0.0022972057349250896,0.5238095238095238,0.00016730128768313723,0.00934336123064683,0.5714285714285714,0.00018087180231717346,-0.0032681926861315436,0.5,-1.04555037033683e-06,5.0,5.0,5.0
2026-04-09,VGK,europe,VT,0.015021659908653673,0.5714285714285714,0.0007419160992524963,0.010999243116446733,0.5555555555555556,0.00019648770598668626,0.03743083554904936,0.5317460317460317,0.0002865338644310732,2.0,4.0,4.0
2026-04-09,EWJ,japan,VT,0.005899703105487042,0.47619047619047616,0.00037507687422414876,0.05172205050786505,0.5555555555555556,0.000872140473388919,0.060906160577182566,0.5079365079365079,0.0004970935579557253,4.0,2.0,3.0
2026-04-09,EWY,south_korea,VT,0.05453802925783924,0.5714285714285714,0.0033879258040880296,0.28921575154212964,0.6031746031746031,0.00458075254408874,0.6529334352038041,0.5873015873015873,0.004205818638356115,1.0,1.0,1.0
2026-04-09,MCHI,china,VT,-0.03983989844780833,0.3333333333333333,-0.00190521193170835,-0.08766371249938232,0.3968253968253968,-0.0014028565741375002,-0.1758008971623657,0.38095238095238093,-0.001399300016823066,7.0,7.0,7.0
2026-04-10,VTI,us,VT,-0.007361785315562308,0.47619047619047616,-0.0003710155741497737,-0.023577956753357165,0.3968253968253968,-0.00038477259373673585,-0.03448556677033565,0.4523809523809524,-0.00026815674622080826,6.0,6.0,6.0
2026-04-10,VEA,developed_ex_us,VT,0.01435234353521686,0.5238095238095238,0.0007326890148946919,0.04953418720281677,0.6031746031746031,0.0007964543634544369,0.0838898343564729,0.5952380952380952,0.0006272754414324263,3.0,3.0,2.0
2026-04-10,VWO,emerging_markets,VT,0.005475061281851934,0.5238095238095238,0.0003162610565310631,0.014335609560161666,0.5714285714285714,0.0002585954482942006,0.0020068256154499586,0.5,3.8818741218075e-05,5.0,5.0,5.0
2026-04-10,VGK,europe,VT,0.01880554814628299,0.6190476190476191,0.0009156080945704694,0.015153266381384922,0.5714285714285714,0.0002610121883634259,0.04030265097721397,0.5317460317460317,0.00030890094866967187,2.0,4.0,4.0
2026-04-10,EWJ,japan,VT,0.012051504697498494,0.47619047619047616,0.0006588498981141449,0.05190171253477005,0.5555555555555556,0.0008752075326701139,0.06809241873301675,0.5079365079365079,0.0005505984664492214,4.0,2.0,3.0
2026-04-10,EWY,south_korea,VT,0.028317079800483258,0.5238095238095238,0.0021948615009638552,0.2898297498079643,0.6031746031746031,0.004589967779028617,0.6345442249393813,0.5793650793650794,0.004135194227514007,1.0,1.0,1.0
2026-04-10,MCHI,china,VT,-0.03532250351592503,0.3333333333333333,-0.0016835038873744717,-0.09358772296989992,0.38095238095238093,-0.0015060081003052997,-0.1750578619036276,0.38095238095238093,-0.0014007836054277792,7.0,7.0,7.0
2026-04-13,VTI,us,VT,-0.008050553321507392,0.47619047619047616,-0.00039164446253694843,-0.022690951765429457,0.3968253968253968,-0.00036922298202824946,-0.035806646425472044,0.4523809523809524,-0.0002741741784299904,6.0,6.0,6.0
2026-04-13,VEA,developed_ex_us,VT,0.014101990334751902,0.5238095238095238,0.0007004670730981052,0.04393037091785068,0.5873015873015873,0.0007096323632491104,0.08573706444449125,0.5952380952380952,0.000630901139533571,2.0,2.0,2.0
2026-04-13,VWO,emerging_markets,VT,0.008776062538336182,0.5238095238095238,0.0004530750667123802,0.016675109789720866,0.5714285714285714,0.000293941442941874,0.0034492754239938694,0.5,4.895718454142562e-05,4.0,4.0,5.0
2026-04-13,VGK,europe,VT,0.012954648064791074,0.5714285714285714,0.000630424039662223,0.011687009801828463,0.5555555555555556,0.0002063303381081752,0.04348821212983589,0.5317460317460317,0.0003268068987662136,3.0,5.0,4.0
2026-04-13,EWJ,japan,VT,0.00534332720163655,0.47619047619047616,0.0003377841976370493,0.029306588552406643,0.5396825396825397,0.000529108115641991,0.05776666671150754,0.5,0.00047055359212759177,5.0,3.0,3.0
2026-04-13,EWY,south_korea,VT,0.0994940922787908,0.5714285714285714,0.0051090867985467345,0.2821007320427271,0.6031746031746031,0.004483014141317865,0.664662976844532,0.5873015873015873,0.004230585198829353,1.0,1.0,1.0
2026-04-13,MCHI,china,VT,-0.0497898496330591,0.2857142857142857,-0.002322771976814995,-0.09316686423129394,0.38095238095238093,-0.0014940113986317992,-0.17470821038138518,0.38095238095238093,-0.0013752493891311408,7.0,7.0,7.0
2026-04-14,VTI,us,VT,-0.009971634695119302,0.47619047619047616,-0.0004707730656780619,-0.01999578726177842,0.4126984126984127,-0.0003237711323444899,-0.03586925938983865,0.4603174603174603,-0.0002646549212316007,6.0,6.0,6.0
2026-04-14,VEA,developed_ex_us,VT,0.017361197059392097,0.5238095238095238,0.0008296263404241135,0.0409405098886777,0.5714285714285714,0.0006600635506012903,0.0787581018154151,0.5873015873015873,0.0005636072800379359,2.0,2.0,2.0
2026-04-14,VWO,emerging_markets,VT,0.00938836054635983,0.5238095238095238,0.0004749150472954444,0.008005556772155531,0.5714285714285714,0.0001578704109073778,0.01820746099588244,0.5079365079365079,0.00015041533934760719,4.0,4.0,5.0
2026-04-14,VGK,europe,VT,0.016698632683599612,0.5714285714285714,0.0007800843564257207,0.007475220554670203,0.5396825396825397,0.00013968557672569152,0.024858764584314352,0.5238095238095238,0.000187662728427754,3.0,5.0,4.0
2026-04-14,EWJ,japan,VT,0.008658913331722085,0.5238095238095238,0.0004798970453235957,0.026288233240907566,0.5396825396825397,0.0004801004853808969,0.07668175842890079,0.5079365079365079,0.000579819605461583,5.0,3.0,3.0
2026-04-14,EWY,south_korea,VT,0.11755612295701479,0.5714285714285714,0.00579738539323673,0.3245352540955029,0.6190476190476191,0.00497783701288077,0.7509326450899301,0.5952380952380952,0.004498240486718007,1.0,1.0,1.0
2026-04-14,MCHI,china,VT,-0.05976409583838471,0.2857142857142857,-0.0027476804992598116,-0.11912303722805262,0.38095238095238093,-0.0019408776520256897,-0.1503701864918071,0.3888888888888889,-0.0011243428353435029,7.0,7.0,7.0
2026-04-15,VTI,us,VT,-0.0016798784391314214,0.5238095238095238,-9.510824413096395e-05,-0.017872446559435762,0.4126984126984127,-0.000287689257437797,-0.031194330841686657,0.46825396825396826,-0.00023275695066151926,5.0,6.0,6.0
2026-04-15,VEA,developed_ex_us,VT,0.00277651111447641,0.47619047619047616,0.00017801648753060096,0.036434209543376284,0.5714285714285714,0.0005884793449141931,0.07674096193371982,0.5873015873015873,0.0005570003768424705,4.0,2.0,2.0
2026-04-15,VWO,emerging_markets,VT,0.0029386114853924283,0.47619047619047616,0.00018569969678647986,0.008559894448357586,0.5714285714285714,0.00016521526912009114,0.0033749754737415483,0.5,4.335894133157217e-05,3.0,4.0,5.0
2026-04-15,VGK,europe,VT,0.005944195508629679,0.5238095238095238,0.00030478251283823826,0.0014080992634606382,0.5396825396825397,4.561493024847154e-05,0.026239147897690662,0.5238095238095238,0.00020042665286746337,2.0,5.0,4.0
2026-04-15,EWJ,japan,VT,-0.0058393120818591715,0.47619047619047616,-0.0001760695521187273,0.025203871341572093,0.5396825396825397,0.0004602438033402959,0.0718628442195286,0.5079365079365079,0.0005538753000300255,6.0,3.0,3.0
2026-04-15,EWY,south_korea,VT,0.03594600491621014,0.5238095238095238,0.0022950881677938164,0.3180885338862389,0.6190476190476191,0.004874100187571545,0.6784904267223903,0.5873015873015873,0.004216307633248278,1.0,1.0,1.0
2026-04-15,MCHI,china,VT,-0.06427336915338155,0.23809523809523808,-0.0029957441034224623,-0.11593249956053397,0.38095238095238093,-0.001871178163737867,-0.16556281785445892,0.38095238095238093,-0.0012714713326025665,7.0,7.0,7.0
2026-04-16,VTI,us,VT,-8.280285733919257e-05,0.5714285714285714,-2.2667464392521818e-05,-0.013463354302691632,0.42857142857142855,-0.0002183601426361898,-0.0302467789493146,0.46825396825396826,-0.00022529191932737133,6.0,6.0,6.0
2026-04-16,VEA,developed_ex_us,VT,0.000883535054721607,0.47619047619047616,9.270900810373761e-05,0.028369292190233653,0.5555555555555556,0.00046696605816094506,0.07023121029944979,0.5793650793650794,0.0005119018501107532,3.0,2.0,2.0
2026-04-16,VWO,emerging_markets,VT,0.0032540194608081663,0.47619047619047616,0.00020025643833629502,0.006588096343890237,0.5714285714285714,0.00013484165632148324,0.013689627060203602,0.5079365079365079,0.00011717689741565339,2.0,4.0,5.0
2026-04-16,VGK,europe,VT,0.00017233381013825877,0.47619047619047616,4.465839523326576e-05,-0.008165647667458753,0.5238095238095238,-0.00010226751271175557,0.01603850365043158,0.5158730158730159,0.0001275949682908979,5.0,5.0,4.0
2026-04-16,EWJ,japan,VT,0.000763382765722298,0.5238095238095238,0.00012401929009287995,0.01999430543765368,0.5396825396825397,0.0003808161304013545,0.06354063812009247,0.5079365079365079,0.0004959764470140821,4.0,3.0,3.0
2026-04-16,EWY,south_korea,VT,0.04687231308207074,0.5238095238095238,0.00278107184142673,0.3136450819943408,0.6190476190476191,0.004814315396021819,0.7281414979440546,0.5952380952380952,0.004431102509985805,1.0,1.0,1.0
2026-04-16,MCHI,china,VT,-0.045851988899356044,0.2857142857142857,-0.0021193190123429367,-0.10786847727499926,0.38095238095238093,-0.0017272680233891059,-0.1460201839909805,0.3888888888888889,-0.0011040563807485726,7.0,7.0,7.0
2026-04-17,VTI,us,VT,-0.002801375215524482,0.5238095238095238,-0.00014170190461926775,-0.0152204545473007,0.4126984126984127,-0.00024328330162311164,-0.030384848505778272,0.46825396825396826,-0.00022454227340556226,5.0,6.0,6.0
2026-04-17,VEA,developed_ex_us,VT,0.0037237437069488344,0.5238095238095238,0.0002154729402805065,0.030491723369875823,0.5714285714285714,0.0004937565401523721,0.07009509460226448,0.5793650793650794,0.0005071469281460025,4.0,2.0,2.0
2026-04-17,VWO,emerging_markets,VT,0.01033115799513129,0.5238095238095238,0.0005048455526734465,0.007185409100013862,0.5714285714285714,0.0001432859288067115,0.006463977804372023,0.5079365079365079,6.449103555007244e-05,2.0,4.0,5.0
2026-04-17,VGK,europe,VT,0.006502963322803534,0.5238095238095238,0.0003200985125778335,-0.0015894765817161538,0.5396825396825397,8.777939784038445e-08,0.021842184348330518,0.5238095238095238,0.00016798469759975065,3.0,5.0,4.0
2026-04-17,EWJ,japan,VT,-0.00957266544484714,0.47619047619047616,-0.0003337795805261929,0.012618924732415104,0.5238095238095238,0.00026589132937945804,0.04677882359183294,0.5,0.00037644537353874,6.0,3.0,3.0
2026-04-17,EWY,south_korea,VT,0.07371590175328913,0.5714285714285714,0.003859939569984771,0.328501613887769,0.6190476190476191,0.004950821373727301,0.724493151461127,0.5952380952380952,0.004389806340437839,1.0,1.0,1.0
2026-04-17,MCHI,china,VT,-0.04535418497682042,0.2857142857142857,-0.00204028886119399,-0.1108435308591077,0.38095238095238093,-0.0017574569704132835,-0.1553701315353223,0.38095238095238093,-0.001172712265564068,7.0,7.0,7.0
2026-04-20,VTI,us,VT,-0.0013720968644892473,0.5238095238095238,-7.876964401045048e-05,-0.013068286814154506,0.42857142857142855,-0.0002106102995045393,-0.023095088682974607,0.47619047619047616,-0.00017103987876667477,5.0,6.0,6.0
2026-04-20,VEA,developed_ex_us,VT,0.0015627531127286876,0.47619047619047616,0.00012088671383686787,0.02540113596492266,0.5555555555555556,0.0004192662968539825,0.05969822053661522,0.5714285714285714,0.00043645407122022256,4.0,2.0,2.0
2026-04-20,VWO,emerging_markets,VT,0.009868159263226595,0.5238095238095238,0.00048496717420519806,0.01123124107710094,0.5714285714285714,0.0002045408880513247,-0.0025796686851318196,0.5,-3.4508814081423197e-07,2.0,3.0,5.0
2026-04-20,VGK,europe,VT,0.007229645101135107,0.5238095238095238,0.0003519672700975323,-0.004924138007848855,0.5238095238095238,-5.105414956300847e-05,0.010822739886753308,0.5158730158730159,8.975409336193203e-05,3.0,5.0,4.0
2026-04-20,EWJ,japan,VT,-0.018415331101180543,0.42857142857142855,-0.000726550333440564,0.004306753814439457,0.5079365079365079,0.00014126885384228562,0.031843365505729304,0.49206349206349204,0.0002730494280830263,6.0,4.0,3.0
2026-04-20,EWY,south_korea,VT,0.03240621507818875,0.5238095238095238,0.00211981994104233,0.29672908088816397,0.6031746031746031,0.0045880582744194254,0.6417128798964058,0.5873015873015873,0.004018237561909727,1.0,1.0,1.0
2026-04-20,MCHI,china,VT,-0.03702557855463051,0.3333333333333333,-0.0016611044753322398,-0.09223651287238455,0.3968253968253968,-0.0014498078812492988,-0.15778105490612726,0.38095238095238093,-0.0011925300466041379,7.0,7.0,7.0
2026-04-21,VTI,us,VT,-0.0020075776949517454,0.5238095238095238,-0.00010341635655889785,-0.005509558796145564,0.4444444444444444,-9.5257390311132e-05,-0.019409635563731653,0.47619047619047616,-0.0001465178639269312,5.0,4.0,6.0
2026-04-21,VEA,developed_ex_us,VT,0.0019099066471550685,0.47619047619047616,0.00013020702534101888,0.01028248983212321,0.5396825396825397,0.00019536807701183605,0.049428733077143905,0.5714285714285714,0.0003725644529190729,4.0,2.0,2.0
2026-04-21,VWO,emerging_markets,VT,0.016050071096797458,0.5238095238095238,0.0007408314780866364,0.0011442840019924017,0.5555555555555556,5.343452854757731e-05,0.0027669693770266957,0.5,3.843572704441125e-05,2.0,3.0,4.0
2026-04-21,VGK,europe,VT,0.006243663307502922,0.5238095238095238,0.0003028727256748261,-0.01912930158386783,0.5079365079365079,-0.0002649694801488548,0.002221754587022229,0.5158730158730159,2.998651527758287e-05,3.0,6.0,5.0
2026-04-21,EWJ,japan,VT,-0.018103109498563974,0.42857142857142855,-0.0007115065149434549,-0.005898681521635751,0.5079365079365079,-1.1238477913058169e-05,0.013925725145551793,0.48412698412698413,0.00015019118617881633,6.0,5.0,3.0
2026-04-21,EWY,south_korea,VT,0.0757818566051438,0.5238095238095238,0.0038171656152060428,0.276040811142122,0.5873015873015873,0.004325682487564999,0.606995731253279,0.5793650793650794,0.0039014470199688817,1.0,1.0,1.0
2026-04-21,MCHI,china,VT,-0.03782338263088114,0.3333333333333333,-0.0016840308602760995,-0.10335895117481309,0.38095238095238093,-0.0016242590282810707,-0.15863651123493117,0.38095238095238093,-0.0012183301849029362,7.0,7.0,7.0
2026-04-22,VTI,us,VT,0.003798395541395827,0.5714285714285714,0.00015448303657234725,-0.004891589183863232,0.4444444444444444,-8.59586030695103e-05,-0.019941710717482408,0.47619047619047616,-0.00015065241388918815,3.0,4.0,6.0
2026-04-22,VEA,developed_ex_us,VT,-0.009300043361418764,0.42857142857142855,-0.0003736018824233974,0.0092264289208972,0.5396825396825397,0.00017975517947965702,0.04938113475379713,0.5714285714285714,0.0003725527756915053,5.0,2.0,2.0
2026-04-22,VWO,emerging_markets,VT,0.009220565350307464,0.5238095238095238,0.00044308429350607757,0.0032890874029227746,0.5714285714285714,8.636569534151724e-05,0.001238266235923824,0.5,2.7189001646871126e-05,2.0,3.0,5.0
2026-04-22,VGK,europe,VT,-0.007701158792636553,0.47619047619047616,-0.00031672851943191177,-0.02368891099668735,0.5079365079365079,-0.0003368313984337432,0.001501754310915926,0.5158730158730159,2.4779747234474818e-05,4.0,6.0,4.0
2026-04-22,EWJ,japan,VT,-0.032583736088234616,0.38095238095238093,-0.0013833410026822415,-0.00878971129305417,0.49206349206349204,-5.616947999522268e-05,0.002287183416943339,0.47619047619047616,6.486048937043827e-05,6.0,5.0,3.0
2026-04-22,EWY,south_korea,VT,0.0813648284195192,0.5238095238095238,0.004067451959648273,0.3031121589393533,0.5873015873015873,0.0046722236669688956,0.6740420149577009,0.5793650793650794,0.004224597097789121,1.0,1.0,1.0
2026-04-22,MCHI,china,VT,-0.03422292677000738,0.3333333333333333,-0.0015296662534018957,-0.11099027871799727,0.36507936507936506,-0.0017592218481012431,-0.16718834547900618,0.373015873015873,-0.0012935149093543008,7.0,7.0,7.0
2026-04-23,VTI,us,VT,0.00417902119070801,0.5714285714285714,0.00017120376030765354,-0.0021931178135119467,0.4603174603174603,-4.5354313651662056e-05,-0.02004318244937031,0.47619047619047616,-0.00015203699058889575,3.0,3.0,6.0
2026-04-23,VEA,developed_ex_us,VT,-0.00968859717627013,0.42857142857142855,-0.0003910414495691776,0.005805367672214068,0.5396825396825397,0.0001295994250520567,0.05269288823543339,0.5714285714285714,0.0003969380547801629,5.0,2.0,2.0
2026-04-23,VWO,emerging_markets,VT,0.004894412996161002,0.5238095238095238,0.00025694449677107637,-0.007379541478299778,0.5555555555555556,-7.644450639376029e-05,-0.0005981834312465129,0.5,1.4143714705516962e-05,2.0,5.0,5.0
2026-04-23,VGK,europe,VT,-0.00848587598011119,0.47619047619047616,-0.00035168047693189843,-0.025181337186375163,0.49206349206349204,-0.00036464225064870344,0.0036448100365424896,0.5158730158730159,4.044548214634584e-05,4.0,6.0,4.0
2026-04-23,EWJ,japan,VT,-0.03607171020303945,0.3333333333333333,-0.0015429597912685691,-0.005562949606262135,0.49206349206349204,-7.373404759522308e-06,0.010506992849316887,0.47619047619047616,0.00012435645811412254,6.0,4.0,3.0
2026-04-23,EWY,south_korea,VT,0.08805014640352615,0.5238095238095238,0.004336648824922621,0.26669570474797943,0.5873015873015873,0.004284709831680553,0.6536042908679358,0.5793650793650794,0.0041460384471279,1.0,1.0,1.0
2026-04-23,MCHI,china,VT,-0.05228538169420327,0.2857142857142857,-0.0023529023834053743,-0.1193726431277562,0.36507936507936506,-0.0019247426236141034,-0.1696713309523471,0.373015873015873,-0.0013198199793961981,7.0,7.0,7.0
2026-04-24,VTI,us,VT,0.0058615220726123685,0.5714285714285714,0.00024585018071557725,-0.0008541488055664459,0.4603174603174603,-2.479517782433712e-05,-0.020038329034816282,0.47619047619047616,-0.00015033795084400356,3.0,4.0,6.0
2026-04-24,VEA,developed_ex_us,VT,-0.015074793057545666,0.38095238095238093,-0.0006341825857167334,-0.00019133514329650048,0.5238095238095238,3.714763788788112e-05,0.04649334783922954,0.5634920634920635,0.0003495261536538431,4.0,3.0,2.0
2026-04-24,VWO,emerging_markets,VT,0.005862871467655406,0.5238095238095238,0.00029989048917771,0.0018022292937351914,0.5555555555555556,6.728462238022222e-05,0.00719872004134503,0.5,7.168081270674835e-05,2.0,2.0,3.0
2026-04-24,VGK,europe,VT,-0.015559946690483883,0.42857142857142855,-0.0006709739979656948,-0.03176574211337324,0.47619047619047616,-0.0004663178268778123,-0.0028460529717491134,0.5079365079365079,-6.829343999274475e-06,5.0,6.0,5.0
2026-04-24,EWJ,japan,VT,-0.04993703088277046,0.2857142857142857,-0.00218815038130471,-0.005191759023727149,0.49206349206349204,-1.6575464314597506e-06,0.005478776314634892,0.47619047619047616,8.707292161969435e-05,6.0,5.0,4.0
2026-04-24,EWY,south_korea,VT,0.12977454564367963,0.5714285714285714,0.006027372523219017,0.2724170933965173,0.5873015873015873,0.004337290778205986,0.6699927827556795,0.5793650793650794,0.004185714843106093,1.0,1.0,1.0
2026-04-24,MCHI,china,VT,-0.05978492825401904,0.2857142857142857,-0.0027096811980108068,-0.1164095810586041,0.38095238095238093,-0.00186093701620647,-0.16843093169977508,0.38095238095238093,-0.001291251320048925,7.0,7.0,7.0
2026-04-27,VTI,us,VT,0.0049342481394500926,0.5714285714285714,0.00020314148798003133,0.0007886106555492489,0.47619047619047616,4.062774136004421e-07,-0.018138464186659764,0.48412698412698413,-0.00013722679920210484,3.0,3.0,6.0
2026-04-27,VEA,developed_ex_us,VT,-0.012261059923828643,0.38095238095238093,-0.0005017226486210809,-0.0012716236802807757,0.5079365079365079,2.052257033509474e-05,0.04682132583942522,0.5634920634920635,0.0003540523752117318,4.0,4.0,2.0
2026-04-27,VWO,emerging_markets,VT,0.009528625755124809,0.5238095238095238,0.00044384836793461994,-0.0015218184721619288,0.5555555555555556,1.662916542529508e-05,0.0008775590914449349,0.49206349206349204,2.6194969021572527e-05,2.0,5.0,4.0
2026-04-27,VGK,europe,VT,-0.022014155647662736,0.38095238095238093,-0.000940387298248968,-0.03948243823008191,0.4603174603174603,-0.0005913221977362999,-0.008122718321128541,0.5079365079365079,-4.543188845906347e-05,5.0,6.0,5.0
2026-04-27,EWJ,japan,VT,-0.04164019448465939,0.3333333333333333,-0.0017733744091348843,0.0028997199143458996,0.5079365079365079,0.00012271780001148005,0.01678977195901088,0.48412698412698413,0.00016913547463830853,6.0,2.0,3.0
2026-04-27,EWY,south_korea,VT,0.20446246500328202,0.6190476190476191,0.008654087176723583,0.3027792439512089,0.6031746031746031,0.004718635391093538,0.6896556013279542,0.5793650793650794,0.004294816278991254,1.0,1.0,1.0
2026-04-27,MCHI,china,VT,-0.06393904699743014,0.2857142857142857,-0.0028524835045276717,-0.12155323880398838,0.38095238095238093,-0.001958078327551772,-0.1876600508626316,0.373015873015873,-0.0014687634286224046,7.0,7.0,7.0
2026-04-28,VTI,us,VT,0.00966526841279336,0.6190476190476191,0.000400212793517202,0.0058646300001101714,0.49206349206349204,7.981635231835854e-05,-0.019505421762944897,0.48412698412698413,-0.00014923036143424075,2.0,2.0,6.0
2026-04-28,VEA,developed_ex_us,VT,-0.018697231762330846,0.38095238095238093,-0.0007746184591220519,-0.008572844793104162,0.5079365079365079,-9.56784229823637e-05,0.050480623811363756,0.5714285714285714,0.0003839050776667285,4.0,5.0,2.0
2026-04-28,VWO,emerging_markets,VT,0.0008322311763622192,0.47619047619047616,7.300236691195246e-05,-0.006978996021587802,0.5396825396825397,-6.96358757746609e-05,0.0011921628286926111,0.49206349206349204,2.872222335081446e-05,3.0,4.0,4.0
2026-04-28,VGK,europe,VT,-0.025780769539445192,0.38095238095238093,-0.001095958051002821,-0.04517252303740993,0.4603174603174603,-0.0006942798813430898,-0.0015559689540003419,0.5158730158730159,2.5784853173083805e-06,5.0,6.0,5.0
2026-04-28,EWJ,japan,VT,-0.03495708343563497,0.38095238095238093,-0.0014643826801556906,0.0012609944602017809,0.5079365079365079,9.655439825885184e-05,0.02455498612706042,0.49206349206349204,0.0002267529689881933,6.0,3.0,3.0
2026-04-28,EWY,south_korea,VT,0.16575953680201239,0.5714285714285714,0.0071813862410345245,0.23933287598597963,0.5873015873015873,0.003974233283483601,0.6382001518590752,0.5714285714285714,0.00409634910318479,1.0,1.0,1.0
2026-04-28,MCHI,china,VT,-0.07484787545541471,0.23809523809523808,-0.003325037282728884,-0.12195219263676749,0.36507936507936506,-0.0019952040171185227,-0.18587203069888247,0.373015873015873,-0.0014727950829126109,7.0,7.0,7.0
2026-04-29,VTI,us,VT,0.013701590081892645,0.6666666666666666,0.0005712021709434137,0.007019783393259038,0.49206349206349204,9.783067114100413e-05,-0.018064813554350856,0.48412698412698413,-0.00014038977501540725,2.0,2.0,6.0
2026-04-29,VEA,developed_ex_us,VT,-0.02850641536679932,0.3333333333333333,-0.001202684460384285,-0.009853979148582104,0.5079365079365079,-0.00011577787179543247,0.04586642182810663,0.5714285714285714,0.00035622192703194463,4.0,4.0,2.0
2026-04-29,VWO,emerging_markets,VT,-0.0019445691970207957,0.42857142857142855,-4.586434362804529e-05,-0.01315822574616865,0.5238095238095238,-0.00016729722196288292,0.0022300339514271794,0.49206349206349204,3.672108652847104e-05,3.0,5.0,4.0
2026-04-29,VGK,europe,VT,-0.04393659024029839,0.3333333333333333,-0.0018978458638551764,-0.043274304292708066,0.4603174603174603,-0.0006647092677458049,-0.005137210837131478,0.5158730158730159,-2.361159869427856e-05,5.0,6.0,5.0
2026-04-29,EWJ,japan,VT,-0.045026664918392134,0.3333333333333333,-0.0019113118208125108,0.0018166145023832403,0.5079365079365079,0.00010533131920472301,0.016008964705039874,0.48412698412698413,0.00016650602389093344,6.0,3.0,3.0
2026-04-29,EWY,south_korea,VT,0.21242093387250716,0.6190476190476191,0.008859429238623949,0.20922622795537715,0.5873015873015873,0.0035903368712118214,0.6070110046952351,0.5714285714285714,0.003987235061304322,1.0,1.0,1.0
2026-04-29,MCHI,china,VT,-0.07570579843626879,0.23809523809523808,-0.003365651209694797,-0.12774127461874296,0.36507936507936506,-0.0021028795055995104,-0.18511086389453346,0.373015873015873,-0.0014890563365111348,7.0,7.0,7.0
2026-04-30,VTI,us,VT,0.01090060167332485,0.6666666666666666,0.0004591364895202288,0.005023511472630915,0.49206349206349204,6.48109131602333e-05,-0.023210099630185166,0.47619047619047616,-0.00017747742125159442,2.0,2.0,6.0
2026-04-30,VEA,developed_ex_us,VT,-0.01945931055094241,0.3333333333333333,-0.0008124038000932918,-0.005415120135420892,0.5079365079365079,-4.154894833711314e-05,0.05910484423938023,0.5793650793650794,0.000446182634150112,4.0,4.0,2.0
2026-04-30,VWO,emerging_markets,VT,-0.0028304096589280014,0.38095238095238093,-8.665369779059517e-05,-0.010574443195239036,0.5238095238095238,-0.00012414869237515575,0.0030334461143421976,0.49206349206349204,4.2325358116496796e-05,3.0,5.0,5.0
2026-04-30,VGK,europe,VT,-0.035977762012269876,0.3333333333333333,-0.0015624991095476173,-0.04169903738769032,0.4603174603174603,-0.0006262658497632013,0.007124889087649411,0.5238095238095238,6.840160816256805e-05,5.0,6.0,4.0
2026-04-30,EWJ,japan,VT,-0.037930238579770625,0.3333333333333333,-0.0016178177386032132,0.0020086757713169145,0.5079365079365079,0.00011061910735035574,0.023819873573148298,0.48412698412698413,0.00022303562463961183,6.0,3.0,3.0
2026-04-30,EWY,south_korea,VT,0.2137682753649921,0.6190476190476191,0.009014477619087797,0.25829017484411065,0.6031746031746031,0.0041759001262016435,0.6627932878989808,0.5714285714285714,0.004211161707159989,1.0,1.0,1.0
2026-04-30,MCHI,china,VT,-0.06837538134052767,0.23809523809523808,-0.003068473270528071,-0.1366446685335997,0.3492063492063492,-0.0022251772401635835,-0.18263477210019696,0.373015873015873,-0.0014436683077704874,7.0,7.0,7.0
2026-05-01,VTI,us,VT,0.015037498244816039,0.7142857142857143,0.0006437378639520092,0.0028619776338274505,0.49206349206349204,3.172804021469824e-05,-0.022312928356787554,0.47619047619047616,-0.00017020197830019867,2.0,2.0,6.0
2026-05-01,VEA,developed_ex_us,VT,-0.029156279123626838,0.2857142857142857,-0.0012594278318744088,-0.003794974813330354,0.5079365079365079,-1.6700927688412863e-05,0.06110555455173383,0.5793650793650794,0.00045876969265651763,4.0,4.0,2.0
2026-05-01,VWO,emerging_markets,VT,0.00406066305495667,0.38095238095238093,0.0002169119084847182,0.0009973555135811552,0.5238095238095238,5.161550163230052e-05,-0.0021282363054362374,0.48412698412698413,4.336398044769831e-06,3.0,3.0,5.0
2026-05-01,VGK,europe,VT,-0.041900155573307174,0.2857142857142857,-0.0018484424439583996,-0.04296813956681955,0.4603174603174603,-0.0006396669557634428,0.009979973267622455,0.5238095238095238,8.893378731214232e-05,5.0,6.0,4.0
2026-05-01,EWJ,japan,VT,-0.06306959322229533,0.2857142857142857,-0.002799756431848097,-0.013530045959181392,0.49206349206349204,-0.00012627292032938548,0.0199522131016725,0.48412698412698413,0.00019473445579409006,7.0,5.0,3.0
2026-05-01,EWY,south_korea,VT,0.19935836111547767,0.6190476190476191,0.008535192668683602,0.27979315058656473,0.6190476190476191,0.004402203831030433,0.6287173899145255,0.5714285714285714,0.004043273388881808,1.0,1.0,1.0
2026-05-01,MCHI,china,VT,-0.053400644919235685,0.2857142857142857,-0.002395779699374397,-0.11862812816195212,0.36507936507936506,-0.0018941690228204372,-0.18853079231467884,0.373015873015873,-0.001491318071442513,6.0,7.0,7.0
2026-05-04,VTI,us,VT,0.013050870421183358,0.7142857142857143,0.0005591789632058657,0.004222572551959569,0.49206349206349204,5.280908386562895e-05,-0.0180476281051003,0.48412698412698413,-0.00013810293618106626,2.0,2.0,6.0
2026-05-04,VEA,developed_ex_us,VT,-0.029701960027398888,0.2857142857142857,-0.0012875729019338888,-0.009037654367455517,0.5079365079365079,-9.751093696096027e-05,0.049534526891767294,0.5714285714285714,0.0003775216284056491,4.0,5.0,2.0
2026-05-04,VWO,emerging_markets,VT,0.010940131023584598,0.42857142857142855,0.0005172409355902145,0.0017489351140167475,0.5238095238095238,6.314587871843477e-05,0.0011128502037611732,0.49206349206349204,2.794752592771843e-05,3.0,3.0,4.0
2026-05-04,VGK,europe,VT,-0.05277258573214283,0.2857142857142857,-0.0023491335785520745,-0.058557066980057026,0.4444444444444444,-0.0008967239698799529,-0.008792147246426296,0.5158730158730159,-4.714918571525476e-05,6.0,6.0,5.0
2026-05-04,EWJ,japan,VT,-0.04710902296812347,0.3333333333333333,-0.00207394552868923,-0.006630745323743525,0.5079365079365079,-2.14830038593505e-05,0.014682847964234025,0.48412698412698413,0.0001565158057589956,5.0,4.0,3.0
2026-05-04,EWY,south_korea,VT,0.25111720805590254,0.6666666666666666,0.01043404487161948,0.3201718464871508,0.6349206349206349,0.004918535059780434,0.6719223938454308,0.5793650793650794,0.004231544618056733,1.0,1.0,1.0
2026-05-04,MCHI,china,VT,-0.054143803324216755,0.2857142857142857,-0.0024386000998098956,-0.10255037178298732,0.36507936507936506,-0.0016400849112060958,-0.18304240904532898,0.373015873015873,-0.0014384972363643317,7.0,7.0,7.0
2026-05-05,VTI,us,VT,0.011693157283659827,0.7142857142857143,0.0004966101655741554,0.00656272246658296,0.49206349206349204,8.656288462260788e-05,-0.02256215444292109,0.47619047619047616,-0.00017054502735273374,3.0,2.0,6.0
2026-05-05,VEA,developed_ex_us,VT,-0.026753146210369394,0.2857142857142857,-0.0011451098963845472,-0.01152988440103897,0.5079365079365079,-0.00013262239582254693,0.059054198056434304,0.5793650793650794,0.00044097771149959584,4.0,4.0,2.0
2026-05-05,VWO,emerging_markets,VT,0.01302749620201138,0.47619047619047616,0.0006057284470907835,-0.0011709853778971713,0.5238095238095238,1.8691121588820275e-05,0.007857908079430986,0.5,7.662501993467948e-05,2.0,3.0,4.0
2026-05-05,VGK,europe,VT,-0.04914597012805744,0.2857142857142857,-0.0021664212041875297,-0.05391717995317025,0.4603174603174603,-0.0008079928604505131,0.0039212058993247645,0.5238095238095238,4.640729169991958e-05,6.0,6.0,5.0
2026-05-05,EWJ,japan,VT,-0.04290563181351836,0.38095238095238093,-0.0018684450865905909,-0.017397445050249427,0.5079365079365079,-0.0001852425196206868,0.016411694811551802,0.48412698412698413,0.0001682049035004824,5.0,5.0,3.0
2026-05-05,EWY,south_korea,VT,0.29137361089518055,0.6666666666666666,0.011865977254731533,0.34818856521702357,0.6349206349206349,0.005209109265921968,0.7352851547882955,0.5793650793650794,0.004497808339216833,1.0,1.0,1.0
2026-05-05,MCHI,china,VT,-0.061131307365429155,0.2857142857142857,-0.002750773752332939,-0.11020453650189266,0.36507936507936506,-0.0017462326714677528,-0.18212068760204692,0.373015873015873,-0.0014178189902472706,7.0,7.0,7.0
2026-05-06,VTI,us,VT,0.005400295889931739,0.6666666666666666,0.00021407635003950221,0.0022210961943940344,0.49206349206349204,1.87278403665917e-05,-0.028967427335012452,0.47619047619047616,-0.00021505996478817684,3.0,3.0,6.0
2026-05-06,VEA,developed_ex_us,VT,-0.017743518386469148,0.3333333333333333,-0.0007183658688397976,-0.008197320643719808,0.5079365079365079,-7.584765925826276e-05,0.06793815553361915,0.5793650793650794,0.0004951186647696201,4.0,4.0,2.0
2026-05-06,VWO,emerging_markets,VT,0.016584217675568613,0.47619047619047616,0.0007503282816315896,0.006005784683563498,0.5396825396825397,0.00012637683330136038,0.011403923446698272,0.5,0.00010135269588639248,2.0,2.0,5.0
2026-05-06,VGK,europe,VT,-0.03830486892644536,0.3333333333333333,-0.001630587318813693,-0.052093691908937645,0.4603174603174603,-0.0007575476355062116,0.015772026222427682,0.5317460317460317,0.00013107546843748447,6.0,6.0,4.0
2026-05-06,EWJ,japan,VT,-0.03438858368070474,0.42857142857142855,-0.0014439522847226366,-0.02303963844212986,0.5079365079365079,-0.0002623268865672681,0.024124106282143343,0.48412698412698413,0.00022151636236181877,5.0,5.0,3.0
2026-05-06,EWY,south_korea,VT,0.3242289139784118,0.6666666666666666,0.012829478603463592,0.4422903644653462,0.6507936507936508,0.006147071710883899,0.733257154372658,0.5793650793650794,0.004434083737773598,1.0,1.0,1.0
2026-05-06,MCHI,china,VT,-0.05079858179701602,0.3333333333333333,-0.002223070463679311,-0.09746059457101541,0.38095238095238093,-0.0014944702818890615,-0.17788430698173097,0.38095238095238093,-0.0013524487054126285,7.0,7.0,7.0
2026-05-07,VTI,us,VT,0.01619508216528165,0.7142857142857143,0.0007092244326034772,0.007436540365955979,0.5079365079365079,9.472205273916523e-05,-0.025166859973458244,0.47619047619047616,-0.00018672201827499776,2.0,2.0,6.0
2026-05-07,VEA,developed_ex_us,VT,-0.035939494321803656,0.2857142857142857,-0.0015982014703177347,-0.015702507232221663,0.5079365079365079,-0.00018608424797958038,0.05909849057023897,0.5793650793650794,0.0004346838330348123,4.0,4.0,2.0
2026-05-07,VWO,emerging_markets,VT,0.002446234867961028,0.42857142857142855,0.0001290840568209093,-0.0002981788382643291,0.5238095238095238,3.407344391069522e-05,0.01277349713196596,0.5,0.00011052402803912555,3.0,3.0,4.0
2026-05-07,VGK,europe,VT,-0.05699197349386975,0.2857142857142857,-0.0025774860192951574,-0.0641255639119569,0.4603174603174603,-0.000939673267922408,-0.001356405555777096,0.5238095238095238,1.1558756571105285e-05,7.0,6.0,5.0
2026-05-07,EWJ,japan,VT,-0.0455461867154765,0.42857142857142855,-0.002050469494853911,-0.017914915437296175,0.5238095238095238,-0.00018493189334957614,0.02216926108099937,0.48412698412698413,0.00020743218663321362,6.0,5.0,3.0
2026-05-07,EWY,south_korea,VT,0.19865146615054718,0.6190476190476191,0.00856246945951613,0.39563427713933597,0.6349206349206349,0.005642167875142681,0.7697684658876205,0.5793650793650794,0.00457011023616522,1.0,1.0,1.0
2026-05-07,MCHI,china,VT,-0.04524193844873592,0.38095238095238093,-0.002054715794939591,-0.10416015553960067,0.38095238095238093,-0.0015972589047677044,-0.17622491206707036,0.3888888888888889,-0.0013326221830962492,5.0,7.0,7.0
2026-05-08,VTI,us,VT,0.011164889125870658,0.6666666666666666,0.00048206449995566577,0.005567038326469431,0.5079365079365079,6.811120859576357e-05,-0.026239019960657695,0.47619047619047616,-0.00019384741667636984,2.0,2.0,6.0
2026-05-08,VEA,developed_ex_us,VT,-0.02201929840622241,0.3333333333333333,-0.0009461768564228106,-0.008879701428432973,0.5079365079365079,-8.45194070956824e-05,0.06672116935432904,0.5793650793650794,0.0004848459135628498,4.0,4.0,2.0
2026-05-08,VWO,emerging_markets,VT,0.0020676792241816067,0.42857142857142855,0.00011023721875759649,-0.004744264676651344,0.5079365079365079,-3.313543735176134e-05,0.004535499905310658,0.49206349206349204,5.190945714969542e-05,3.0,3.0,4.0
2026-05-08,VGK,europe,VT,-0.05490038562016952,0.3333333333333333,-0.0024605767346910223,-0.06154899939766678,0.47619047619047616,-0.000910198791572332,-0.0043933736469061735,0.5238095238095238,-1.0087025247956176e-05,7.0,6.0,5.0
2026-05-08,EWJ,japan,VT,-0.025234710001853733,0.47619047619047616,-0.001103377329939476,-0.030483375689263292,0.5238095238095238,-0.00038738434960058866,0.03351445148505272,0.49206349206349204,0.00028560959205685654,5.0,5.0,3.0
2026-05-08,EWY,south_korea,VT,0.2949205678854496,0.6666666666666666,0.012120866026211456,0.4631113627747099,0.6349206349206349,0.006447195536061494,0.8908237187603989,0.5793650793650794,0.0050707894551909605,1.0,1.0,1.0
2026-05-08,MCHI,china,VT,-0.05117372142267018,0.38095238095238093,-0.0023184951547172866,-0.11634830764661241,0.36507936507936506,-0.0018232832121610595,-0.19022209228220432,0.38095238095238093,-0.0014456726065214733,6.0,7.0,7.0
2026-05-11,VTI,us,VT,0.01398057552152987,0.7142857142857143,0.0006054777183885865,0.010309249448752222,0.5238095238095238,0.00013995935736021452,-0.022456810531730653,0.48412698412698413,-0.0001650878607754503,2.0,2.0,6.0
2026-05-11,VEA,developed_ex_us,VT,-0.02585225513863243,0.2857142857142857,-0.0011199525630424415,-0.016678019795632215,0.49206349206349204,-0.00020555404462528252,0.06091410507979078,0.5714285714285714,0.00044218721744827057,5.0,4.0,2.0
2026-05-11,VWO,emerging_markets,VT,-0.007179290916452086,0.38095238095238093,-0.00030241767047562665,-0.008560924625663713,0.49206349206349204,-9.148402808093499e-05,-0.005079937895823505,0.48412698412698413,-1.5489793944882423e-05,3.0,3.0,4.0
2026-05-11,VGK,europe,VT,-0.06259059125864042,0.2857142857142857,-0.0028204686715587604,-0.06812481918623703,0.4603174603174603,-0.0010232148051237038,-0.01402749918127233,0.5158730158730159,-7.75424805987408e-05,7.0,6.0,5.0
2026-05-11,EWJ,japan,VT,-0.02445752586648231,0.47619047619047616,-0.0010672521893758404,-0.04364969390372142,0.5079365079365079,-0.0005992542436018756,0.020639351938888106,0.48412698412698413,0.00019556811978065146,4.0,5.0,3.0
2026-05-11,EWY,south_korea,VT,0.3187901741676409,0.7142857142857143,0.012942664474143384,0.475673253511812,0.6349206349206349,0.006614609977398052,0.9755934669913726,0.5873015873015873,0.005358677870765901,1.0,1.0,1.0
2026-05-11,MCHI,china,VT,-0.04473743952262521,0.42857142857142855,-0.0020163597821398075,-0.1070426562598733,0.38095238095238093,-0.0016802599002433646,-0.20424062984508007,0.38095238095238093,-0.0015485171439570638,6.0,7.0,7.0
2026-05-12,VTI,us,VT,0.01691631710716046,0.7142857142857143,0.0007447638409061597,0.016405486669317515,0.5396825396825397,0.0002316613270508435,-0.01768669439099968,0.49206349206349204,-0.0001322967815682202,2.0,2.0,5.0
2026-05-12,VEA,developed_ex_us,VT,-0.028500845195087443,0.2857142857142857,-0.0012581008592831764,-0.0257290783424442,0.47619047619047616,-0.00034607957627843947,0.05263800690823439,0.5634920634920635,0.00039044647397237125,5.0,4.0,2.0
2026-05-12,VWO,emerging_markets,VT,-0.01565351974004514,0.38095238095238093,-0.0006879671373057894,-0.024540955519763763,0.47619047619047616,-0.0003363323904819387,-0.012988922518452517,0.48412698412698413,-7.116808677313254e-05,4.0,3.0,4.0
2026-05-12,VGK,europe,VT,-0.06035086345639484,0.2857142857142857,-0.002758909405569866,-0.06741147382647328,0.4603174603174603,-0.0010177355325827965,-0.018734827357465234,0.5079365079365079,-0.00011212390565597538,7.0,6.0,6.0
2026-05-12,EWJ,japan,VT,-0.012311384910191903,0.5238095238095238,-0.0005255717795532895,-0.05950088986484836,0.5079365079365079,-0.0008589231870727179,0.023329623379138464,0.48412698412698413,0.00021526632755526477,3.0,5.0,3.0
2026-05-12,EWY,south_korea,VT,0.20959237433928446,0.6666666666666666,0.009304982689220653,0.38598096006332927,0.6349206349206349,0.005724433463847645,0.8647961574467509,0.5873015873015873,0.0049817286400082395,1.0,1.0,1.0
2026-05-12,MCHI,china,VT,-0.039307830796824206,0.42857142857142855,-0.001791653914736267,-0.10930766785332247,0.36507936507936506,-0.00172842928209851,-0.19702866222287974,0.38095238095238093,-0.0015016297873081735,6.0,7.0,7.0
2026-05-13,VTI,us,VT,0.015018773664177365,0.6666666666666666,0.000662940458679825,0.01879657463197293,0.5396825396825397,0.00026603784670831837,-0.01991965719853006,0.48412698412698413,-0.00014950807748415943,2.0,2.0,6.0
2026-05-13,VEA,developed_ex_us,VT,-0.02410420316020101,0.3333333333333333,-0.0010578801296497174,-0.027985812655377362,0.47619047619047616,-0.0003794213007717088,0.05735706627175907,0.5714285714285714,0.0004253263657249478,6.0,3.0,2.0
2026-05-13,VWO,emerging_markets,VT,-0.015557108304543599,0.38095238095238093,-0.0006874421441440734,-0.02816806808646999,0.47619047619047616,-0.00039110360152763924,-0.009562523415505897,0.49206349206349204,-4.698117627562875e-05,4.0,4.0,4.0
2026-05-13,VGK,europe,VT,-0.05807527366459331,0.2857142857142857,-0.002661928048083491,-0.06870834492418643,0.4603174603174603,-0.0010343207042307861,-0.017615815844654437,0.5079365079365079,-0.00010483394371999452,7.0,6.0,5.0
2026-05-13,EWJ,japan,VT,-0.008203144323115419,0.5238095238095238,-0.0003383426704107739,-0.06197307359136495,0.5079365079365079,-0.0008946142603032322,0.038699675323497384,0.49206349206349204,0.000323816731047893,3.0,5.0,3.0
2026-05-13,EWY,south_korea,VT,0.23663500788815472,0.6666666666666666,0.010395573846539182,0.3917255079273354,0.6349206349206349,0.005775879945269566,0.9005816993836109,0.5873015873015873,0.005154469333400376,1.0,1.0,1.0
2026-05-13,MCHI,china,VT,-0.018855091429533344,0.42857142857142855,-0.0008296685674544039,-0.08716347143883985,0.38095238095238093,-0.0013471762563462795,-0.17997017851356678,0.38095238095238093,-0.0013652891610328552,5.0,7.0,7.0
2026-05-14,VTI,us,VT,0.014395957285409322,0.6666666666666666,0.0006346662754982994,0.0254119061642315,0.5555555555555556,0.00035691306585293963,-0.01597055745569853,0.49206349206349204,-0.00012064346220312022,2.0,2.0,5.0
2026-05-14,VEA,developed_ex_us,VT,-0.022717131487064446,0.3333333333333333,-0.0009933004872396836,-0.03960762104904347,0.4603174603174603,-0.0005487215157715734,0.04754738721147489,0.5634920634920635,0.00035806094082591235,5.0,4.0,2.0
2026-05-14,VWO,emerging_markets,VT,-0.01759997639054922,0.38095238095238093,-0.0007814580290335897,-0.033344941113873316,0.4603174603174603,-0.0004623458490680432,-0.011828555029981036,0.49206349206349204,-6.319037303902604e-05,4.0,3.0,4.0
2026-05-14,VGK,europe,VT,-0.05615281443855591,0.2857142857142857,-0.0025689401848449657,-0.08124497036346923,0.4444444444444444,-0.0012136657655675736,-0.03220571481365475,0.5,-0.0002111891897050335,7.0,5.0,6.0
2026-05-14,EWJ,japan,VT,-0.016222293909612606,0.5238095238095238,-0.0007037073986296298,-0.08546390922445068,0.49206349206349204,-0.0012488979102838916,0.023541016024946293,0.49206349206349204,0.00021912259421907006,3.0,6.0,3.0
2026-05-14,EWY,south_korea,VT,0.2648650490405915,0.7142857142857143,0.01142451111094552,0.3851413426292096,0.6349206349206349,0.0056306095811384455,0.9274650685826267,0.5952380952380952,0.005255271864363766,1.0,1.0,1.0
2026-05-14,MCHI,china,VT,-0.04858510396590332,0.42857142857142855,-0.0022034196286750277,-0.11237125973591067,0.38095238095238093,-0.0017298289674225048,-0.2054508237271827,0.38095238095238093,-0.0015790076164883913,6.0,7.0,7.0
2026-05-15,VTI,us,VT,0.016500761890348326,0.6666666666666666,0.0007392020136677861,0.029346733657346302,0.5714285714285714,0.00042101573227265864,-0.009785646851111718,0.5,-7.785602440558826e-05,2.0,2.0,4.0
2026-05-15,VEA,developed_ex_us,VT,-0.025232952804200792,0.3333333333333333,-0.0011261011297529185,-0.045164459740986596,0.4444444444444444,-0.0006462437234152823,0.036321946041135034,0.5555555555555556,0.0002864542181165384,4.0,4.0,2.0
2026-05-15,VWO,emerging_markets,VT,-0.027838658861369714,0.3333333333333333,-0.0012694891392423233,-0.03957992092782736,0.4603174603174603,-0.0005663181471425789,-0.019109350667492198,0.49206349206349204,-0.00011665900729436396,5.0,3.0,5.0
2026-05-15,VGK,europe,VT,-0.05368020208966606,0.2857142857142857,-0.0024929491308067924,-0.07981000459392873,0.4444444444444444,-0.0012139246026671422,-0.038707868924649835,0.49206349206349204,-0.00026391108180748345,6.0,5.0,6.0
2026-05-15,EWJ,japan,VT,-0.013223694580957401,0.5238095238095238,-0.0005800753853183566,-0.08114964625312615,0.49206349206349204,-0.0012055274133866546,0.02392249406046676,0.49206349206349204,0.00022415362983437809,3.0,6.0,3.0
2026-05-15,EWY,south_korea,VT,0.18106697304934039,0.6666666666666666,0.008489768977086727,0.2835470933106894,0.6190476190476191,0.004570141311212971,0.8102844987381612,0.5873015873015873,0.004863367928861899,1.0,1.0,1.0
2026-05-15,MCHI,china,VT,-0.0667191634247486,0.38095238095238093,-0.003124143731190362,-0.1130026500495721,0.38095238095238093,-0.0017727730839095653,-0.2085043592066661,0.38095238095238093,-0.0016383058035207212,7.0,7.0,7.0
2026-05-18,VTI,us,VT,0.01472196661735281,0.6666666666666666,0.0006671964629055257,0.02520776302207617,0.5555555555555556,0.00035951585256602996,-0.010042515235872962,0.5,-7.879510705484305e-05,2.0,2.0,4.0
2026-05-18,VEA,developed_ex_us,VT,-0.02060676464523936,0.3333333333333333,-0.0009195011434170638,-0.03775762141751926,0.4603174603174603,-0.0005286587292410549,0.038394045739504445,0.5555555555555556,0.00029702871177743405,4.0,3.0,2.0
2026-05-18,VWO,emerging_markets,VT,-0.03085518750311289,0.2857142857142857,-0.0014332578715582727,-0.04124940573569136,0.4444444444444444,-0.0005915157460023086,-0.027432380593614303,0.48412698412698413,-0.00017415441174965156,5.0,4.0,5.0
2026-05-18,VGK,europe,VT,-0.041032001829416465,0.2857142857142857,-0.0019014726436682133,-0.0723805873428417,0.4444444444444444,-0.0010896095670093126,-0.033372209927011065,0.49206349206349204,-0.0002181054504373058,6.0,6.0,6.0
2026-05-18,EWJ,japan,VT,-0.01093289891695548,0.5238095238095238,-0.0004767809940092315,-0.06352986966816143,0.49206349206349204,-0.0009218592598132831,0.021302537788759457,0.49206349206349204,0.00020300984553848142,3.0,5.0,3.0
2026-05-18,EWY,south_korea,VT,0.13701594787911908,0.6190476190476191,0.00678278307682279,0.2943775668162054,0.6190476190476191,0.004689942857883057,0.7990873338027991,0.5873015873015873,0.00476074440067004,1.0,1.0,1.0
2026-05-18,MCHI,china,VT,-0.06844500239909668,0.38095238095238093,-0.0032492165547811595,-0.12330959068857172,0.36507936507936506,-0.0019446935814530788,-0.22994178653845632,0.373015873015873,-0.0017960185052562536,7.0,7.0,7.0
2026-05-19,VTI,us,VT,0.013838298290353768,0.6666666666666666,0.0006293525633280572,0.025318754803690835,0.5555555555555556,0.00036553594250821406,-0.009452822070658451,0.5,-7.505208893871051e-05,2.0,2.0,4.0
2026-05-19,VEA,developed_ex_us,VT,-0.019191768055951908,0.3333333333333333,-0.0008564299458154469,-0.03634519741832176,0.4603174603174603,-0.0005132509293723476,0.03853099463165077,0.5555555555555556,0.0002997796249247469,4.0,3.0,2.0
2026-05-19,VWO,emerging_markets,VT,-0.03194182195220663,0.2857142857142857,-0.0014917844009826268,-0.04204783489368269,0.4444444444444444,-0.0006113820989913361,-0.031732286513764585,0.47619047619047616,-0.0002069192521676962,5.0,4.0,6.0
2026-05-19,VGK,europe,VT,-0.04164026573446111,0.2857142857142857,-0.0019402368478967818,-0.07100029212435777,0.4444444444444444,-0.0010808757719523209,-0.026421006046880136,0.49206349206349204,-0.00016872433753632005,6.0,6.0,5.0
2026-05-19,EWJ,japan,VT,-0.0035411139939005576,0.5714285714285714,-0.00013174247092525201,-0.052595495467255504,0.5079365079365079,-0.0007575343137194672,0.007832047369993322,0.49206349206349204,0.00010818958806739212,3.0,5.0,3.0
2026-05-19,EWY,south_korea,VT,0.14514995659689545,0.6190476190476191,0.007141497126540257,0.2684428431501844,0.6031746031746031,0.004418813135315524,0.7827103760979879,0.5793650793650794,0.004714855368728854,1.0,1.0,1.0
2026-05-19,MCHI,china,VT,-0.060156166432119296,0.38095238095238093,-0.002850434651886375,-0.11236537757193943,0.36507936507936506,-0.0017821243564514957,-0.2056184149039222,0.38095238095238093,-0.0015939251077457767,7.0,7.0,7.0
2026-05-20,VTI,us,VT,0.007544765095650829,0.6190476190476191,0.0003295432780528013,0.02357787773845521,0.5396825396825397,0.0003339608681065196,-0.01216594338675181,0.49206349206349204,-9.269658274632619e-05,2.0,2.0,4.0
2026-05-20,VEA,developed_ex_us,VT,-0.004366860385952798,0.38095238095238093,-0.00015238951862690743,-0.03444209159810008,0.4603174603174603,-0.0004738707645047643,0.04687248102086583,0.5634920634920635,0.0003500179467551607,4.0,3.0,2.0
2026-05-20,VWO,emerging_markets,VT,-0.03138401258496759,0.3333333333333333,-0.0014278426962986714,-0.03792252759221504,0.4603174603174603,-0.0005369693628562177,-0.03116655565024895,0.48412698412698413,-0.00019725276258492693,6.0,4.0,6.0
2026-05-20,VGK,europe,VT,-0.024039573133082026,0.3333333333333333,-0.0010601660784936005,-0.06214079232637559,0.4603174603174603,-0.0009191962142936731,-0.01685385540530704,0.5,-9.491884439016212e-05,5.0,6.0,5.0
2026-05-20,EWJ,japan,VT,0.007246920337607987,0.5714285714285714,0.00035262543622375614,-0.05656608126663509,0.49206349206349204,-0.0008081557318579869,0.012848163737885443,0.49206349206349204,0.0001405556335535023,3.0,5.0,3.0
2026-05-20,EWY,south_korea,VT,0.1875314020683876,0.6666666666666666,0.008686697274698634,0.2754002073236803,0.6031746031746031,0.004458426372524129,0.8452277973720614,0.5873015873015873,0.00489498502792118,1.0,1.0,1.0
2026-05-20,MCHI,china,VT,-0.0659382901840363,0.38095238095238093,-0.00306959752294878,-0.12419881724569759,0.36507936507936506,-0.001954629763980103,-0.22160874717008783,0.38095238095238093,-0.0016895308643265952,7.0,7.0,7.0
2026-05-21,VTI,us,VT,0.005447038681593019,0.5714285714285714,0.00023483825751828094,0.02476892793910679,0.5396825396825397,0.00035345921686646964,-0.014560263893276248,0.48412698412698413,-0.00010848250338088428,3.0,2.0,5.0
2026-05-21,VEA,developed_ex_us,VT,0.00019165322200520585,0.42857142857142855,5.820317352335183e-05,-0.03297441083613428,0.4603174603174603,-0.0004536196515578054,0.054593048606622174,0.5714285714285714,0.0003975786156222135,4.0,3.0,2.0
2026-05-21,VWO,emerging_markets,VT,-0.03506495277774202,0.2857142857142857,-0.001611345096145932,-0.04863009251395378,0.4444444444444444,-0.0007100387498575404,-0.039762389178075175,0.47619047619047616,-0.00025597666274264553,6.0,4.0,6.0
2026-05-21,VGK,europe,VT,-0.015453241092966419,0.38095238095238093,-0.000660730327471704,-0.06080833859478407,0.4603174603174603,-0.0009026799751716072,-0.0120451718766037,0.5079365079365079,-5.996705439906401e-05,5.0,6.0,4.0
2026-05-21,EWJ,japan,VT,0.0070909983628808515,0.5714285714285714,0.00034768099607626217,-0.05262781751538559,0.49206349206349204,-0.0007494063576714657,0.026069818074710982,0.49206349206349204,0.00022798462007384002,2.0,5.0,3.0
2026-05-21,EWY,south_korea,VT,0.1624900628642596,0.6666666666666666,0.0076824535358919355,0.2623926104840544,0.6031746031746031,0.004309394945341794,0.9337417120106664,0.5952380952380952,0.0052059108415567065,1.0,1.0,1.0
2026-05-21,MCHI,china,VT,-0.0741811264094423,0.38095238095238093,-0.0034889670689524565,-0.13430790131903692,0.36507936507936506,-0.002137568300312568,-0.239883542549156,0.373015873015873,-0.0018256641014612286,7.0,7.0,7.0
2026-05-22,VTI,us,VT,0.005526682952712081,0.5714285714285714,0.00023725648577222454,0.030243008881925437,0.5555555555555556,0.0004288097110988474,-0.014478478522433447,0.48412698412698413,-0.00010775217082858208,3.0,2.0,5.0
2026-05-22,VEA,developed_ex_us,VT,-0.00212216816988664,0.42857142857142855,-4.8757770150564816e-05,-0.04308107865042232,0.4444444444444444,-0.0006039269138731224,0.053210788535800635,0.5714285714285714,0.0003879723180677944,4.0,3.0,2.0
2026-05-22,VWO,emerging_markets,VT,-0.0247428485879031,0.3333333333333333,-0.0011153094138564499,-0.04747115063095597,0.4444444444444444,-0.0006831541041402032,-0.033486840951756136,0.48412698412698413,-0.000210774046927298,6.0,4.0,6.0
2026-05-22,VGK,europe,VT,-0.020030232957024552,0.38095238095238093,-0.0008673831221880474,-0.07020157067983424,0.4444444444444444,-0.0010409167125586445,-0.012925584454076766,0.5079365079365079,-6.603979794778026e-05,5.0,6.0,4.0
2026-05-22,EWJ,japan,VT,0.009097961532106513,0.6190476190476191,0.00043531693688952667,-0.060909509098051595,0.49206349206349204,-0.0008701212632474896,0.029125839450837132,0.5,0.0002483776100062076,2.0,5.0,3.0
2026-05-22,EWY,south_korea,VT,0.16573484724051335,0.6666666666666666,0.007741630588396397,0.24343121485456098,0.6031746031746031,0.004047952528136604,0.9063621491881717,0.5952380952380952,0.005097988491865681,1.0,1.0,1.0
2026-05-22,MCHI,china,VT,-0.0732517493477921,0.38095238095238093,-0.0034169090379360164,-0.14922848439856617,0.3492063492063492,-0.0023679475834821576,-0.24075936727706948,0.373015873015873,-0.0018306636835483568,7.0,7.0,7.0
2026-05-26,VTI,us,VT,0.002626025318413827,0.5714285714285714,0.00010349747273773522,0.024549151767636612,0.5396825396825397,0.0003435930998918268,-0.019126029334436634,0.48412698412698413,-0.00013716749453546526,4.0,2.0,5.0
2026-05-26,VEA,developed_ex_us,VT,0.006592208287607537,0.47619047619047616,0.0003526736395296374,-0.032881928278023054,0.4603174603174603,-0.0004418339312406692,0.06117502222950333,0.5714285714285714,0.0004307431750987483,3.0,3.0,2.0
2026-05-26,VWO,emerging_markets,VT,-0.026325685495137474,0.3333333333333333,-0.0011845550361256208,-0.04162650937388568,0.4444444444444444,-0.0005872750096361032,-0.027562175965932134,0.48412698412698413,-0.00016194283117275718,6.0,4.0,6.0
2026-05-26,VGK,europe,VT,-0.018912193298133095,0.38095238095238093,-0.000811806804592728,-0.06616144052309503,0.4444444444444444,-0.0009714872356397327,-0.01529307349689435,0.5,-7.957354719606833e-05,5.0,6.0,4.0
2026-05-26,EWJ,japan,VT,0.01707562780986338,0.6666666666666666,0.0007950360769692011,-0.04973563637554301,0.5079365079365079,-0.0006898446435949898,0.03220090166203349,0.5,0.0002636208146832007,2.0,5.0,3.0
2026-05-26,EWY,south_korea,VT,0.2512900362925181,0.6666666666666666,0.01117997806414142,0.32005994453304343,0.6031746031746031,0.005002359667981181,1.1371409198388225,0.6031746031746031,0.005874151354422025,1.0,1.0,1.0
2026-05-26,MCHI,china,VT,-0.07640695235773676,0.3333333333333333,-0.0035598779740670834,-0.13969419197145383,0.3492063492063492,-0.002192722552967113,-0.2474804316535174,0.373015873015873,-0.0018321762746085547,7.0,7.0,7.0
2026-05-27,VTI,us,VT,0.0022376583056589183,0.5714285714285714,8.591205087354627e-05,0.0260407446598645,0.5555555555555556,0.0003689195886031558,-0.018762425546920758,0.48412698412698413,-0.00013631117903051536,4.0,2.0,5.0
2026-05-27,VEA,developed_ex_us,VT,0.003564248070562659,0.47619047619047616,0.00021636801090957602,-0.03978408109321174,0.4444444444444444,-0.0005542431764746428,0.05074184186017683,0.5634920634920635,0.00036734847751331034,3.0,4.0,2.0
2026-05-27,VWO,emerging_markets,VT,-0.01894067003769373,0.38095238095238093,-0.0008429041611115304,-0.036190251561750486,0.4603174603174603,-0.0005085030242885832,-0.007906066909034726,0.49206349206349204,-2.8012397971356586e-05,6.0,3.0,4.0
2026-05-27,VGK,europe,VT,-0.013498288986679707,0.38095238095238093,-0.0005632075956717283,-0.06619284738385722,0.42857142857142855,-0.0009820862010588584,-0.020930629142438706,0.49206349206349204,-0.00012026164571296262,5.0,6.0,6.0
2026-05-27,EWJ,japan,VT,0.007074678361680187,0.6190476190476191,0.0003462742827641728,-0.05950416713016449,0.49206349206349204,-0.0008523708513029955,0.012962252948129027,0.49206349206349204,0.00013651851027496066,2.0,5.0,3.0
2026-05-27,EWY,south_korea,VT,0.21966648387138576,0.6190476190476191,0.010014690063492584,0.2739069901482212,0.5873015873015873,0.004491315047510355,1.1061154095080084,0.6031746031746031,0.005813688834781811,1.0,1.0,1.0
2026-05-27,MCHI,china,VT,-0.07456453455290313,0.3333333333333333,-0.0034745241724317964,-0.14375588155299834,0.3492063492063492,-0.0022846187640236876,-0.24478467189624176,0.373015873015873,-0.0018331887746792436,7.0,7.0,7.0
2026-05-28,VTI,us,VT,0.0037085443836084586,0.5714285714285714,0.00015152341032794884,0.028651729270845028,0.5714285714285714,0.0004039151493597281,-0.019862736209113274,0.48412698412698413,-0.0001451926530641983,2.0,2.0,6.0
2026-05-28,VEA,developed_ex_us,VT,0.0017552672225986665,0.42857142857142855,0.0001333637017321989,-0.04537739367368432,0.42857142857142855,-0.0006360396158515285,0.05786476709732424,0.5634920634920635,0.00041695443899856,4.0,4.0,2.0
2026-05-28,VWO,emerging_markets,VT,-0.029177235978326888,0.38095238095238093,-0.0013060653575118234,-0.03833939088146199,0.4603174603174603,-0.0005382017043556127,-0.018232742303437854,0.49206349206349204,-9.977945998617087e-05,6.0,3.0,5.0
2026-05-28,VGK,europe,VT,-0.022959135966396094,0.3333333333333333,-0.0009908048155280141,-0.07718802828813354,0.4126984126984127,-0.0011491712835631402,-0.012995796566989792,0.49206349206349204,-6.563127668244137e-05,5.0,6.0,4.0
2026-05-28,EWJ,japan,VT,0.00243340243999679,0.5714285714285714,0.00013543132897371403,-0.06393378629777424,0.47619047619047616,-0.000914796008397444,0.018990388148940385,0.49206349206349204,0.0001783417687391489,3.0,5.0,3.0
2026-05-28,EWY,south_korea,VT,0.28084303139230293,0.6666666666666666,0.012194173520121695,0.3060030665163225,0.5873015873015873,0.004853200920068956,1.1796388026787952,0.6111111111111112,0.006102948517471469,1.0,1.0,1.0
2026-05-28,MCHI,china,VT,-0.08745303708150931,0.3333333333333333,-0.0040655127278084865,-0.1378979061641873,0.3492063492063492,-0.002168461682676557,-0.25917105054609835,0.36507936507936506,-0.0019756071005607415,7.0,7.0,7.0
2026-05-29,VTI,us,VT,0.002126287642236546,0.5714285714285714,8.023285502533115e-05,0.03108268836470307,0.5873015873015873,0.0004366459015094844,-0.020416727463810735,0.48412698412698413,-0.00015025411207521906,4.0,2.0,5.0
2026-05-29,VEA,developed_ex_us,VT,0.008280795458783352,0.42857142857142855,0.0004223653221152907,-0.04852560649426518,0.4126984126984127,-0.0006809105428274313,0.05712347044216903,0.5555555555555556,0.0004149676690826982,3.0,4.0,2.0
2026-05-29,VWO,emerging_markets,VT,-0.030643855860998714,0.38095238095238093,-0.0013670918754774817,-0.04140982027348694,0.4444444444444444,-0.0005822268112297373,-0.01485201012222026,0.49206349206349204,-7.68057261539411e-05,6.0,3.0,4.0
2026-05-29,VGK,europe,VT,-0.01618098312769045,0.3333333333333333,-0.0006788489571507625,-0.08029288196005924,0.3968253968253968,-0.0011921346837848487,-0.0236677745444005,0.48412698412698413,-0.0001420740063428909,5.0,6.0,6.0
2026-05-29,EWJ,japan,VT,0.009208825295896617,0.6190476190476191,0.0004357887403117938,-0.06565944410521318,0.47619047619047616,-0.000936431472040356,0.02853483754149977,0.5,0.0002442776922709804,2.0,5.0,3.0
2026-05-29,EWY,south_korea,VT,0.27527006927242414,0.6190476190476191,0.011945748696841021,0.28773397496581143,0.5714285714285714,0.004622253133618806,1.1951461671924934,0.6111111111111112,0.006186624589938019,1.0,1.0,1.0
2026-05-29,MCHI,china,VT,-0.09207729405924592,0.3333333333333333,-0.004270077986139812,-0.13909724212117758,0.3492063492063492,-0.0021761887527388937,-0.25201042183483835,0.373015873015873,-0.0019293210660774756,7.0,7.0,7.0
2026-06-01,VTI,us,VT,0.005324286707475645,0.5714285714285714,0.00022834946013891181,0.022721144607523946,0.5714285714285714,0.0003131477381902959,-0.019641721502129394,0.48412698412698413,-0.0001454512077642874,2.0,2.0,5.0
2026-06-01,VEA,developed_ex_us,VT,-0.0043199201777150975,0.38095238095238093,-0.00015427802716618176,-0.038598175245081245,0.4126984126984127,-0.0005245752859321992,0.05187584146604696,0.5476190476190477,0.0003819008709192171,3.0,4.0,2.0
2026-06-01,VWO,emerging_markets,VT,-0.023657749417882457,0.42857142857142855,-0.0010565618899071832,-0.026258165192191152,0.4603174603174603,-0.0003478733288430739,-0.004244326178388658,0.5,-2.5946541765836575e-06,5.0,3.0,4.0
2026-06-01,VGK,europe,VT,-0.03310550571150084,0.2857142857142857,-0.001481601657080894,-0.07428970920020483,0.3968253968253968,-0.001088793957188961,-0.03447883114165684,0.47619047619047616,-0.00021997795045803587,6.0,6.0,6.0
2026-06-01,EWJ,japan,VT,-0.0059565359560052045,0.5714285714285714,-0.000257739481260907,-0.05154756818548756,0.47619047619047616,-0.0007123975410211956,0.015094541478075207,0.49206349206349204,0.00015285424736886558,4.0,5.0,3.0
2026-06-01,EWY,south_korea,VT,0.29903020886383547,0.6190476190476191,0.012935339614601218,0.386940628393905,0.5873015873015873,0.005718397969810192,1.2773667548337428,0.6111111111111112,0.006491149109822545,1.0,1.0,1.0
2026-06-01,MCHI,china,VT,-0.08663518270184889,0.38095238095238093,-0.00405286291812702,-0.13496689035861198,0.36507936507936506,-0.0020856864526152216,-0.23702505610242908,0.38095238095238093,-0.0018081463821618198,7.0,7.0,7.0
2026-06-02,VTI,us,VT,0.001442547896382429,0.5238095238095238,5.194413197786997e-05,0.00966763119071623,0.5555555555555556,0.00012323936228538586,-0.022959161052264365,0.47619047619047616,-0.00016903108351083167,3.0,2.0,5.0
2026-06-02,VEA,developed_ex_us,VT,0.00015456119797452317,0.42857142857142855,4.9659997727256153e-05,-0.02131796801583752,0.42857142857142855,-0.0002625545241748027,0.053750017546178475,0.5555555555555556,0.00039442730981849414,4.0,4.0,2.0
2026-06-02,VWO,emerging_markets,VT,-0.014937427268131964,0.47619047619047616,-0.0006477717980241686,-0.0009761361010536262,0.47619047619047616,2.2409627039344738e-05,0.006287202771542377,0.5079365079365079,7.107345347603977e-05,5.0,3.0,4.0
2026-06-02,VGK,europe,VT,-0.03146318531842862,0.3333333333333333,-0.0013999583238997774,-0.06489588965841864,0.4126984126984127,-0.000920954397846658,-0.03615401660821993,0.47619047619047616,-0.00023206496578822197,6.0,6.0,6.0
2026-06-02,EWJ,japan,VT,0.00756424007327694,0.6190476190476191,0.00035329627207751163,-0.031150383121175684,0.49206349206349204,-0.000397726614966252,0.026761431141037573,0.5,0.00023258943774643695,2.0,5.0,3.0
2026-06-02,EWY,south_korea,VT,0.27202737300258417,0.5714285714285714,0.011941595049930113,0.5121633770473746,0.5873015873015873,0.006805340821602765,1.2711170041907274,0.6111111111111112,0.006471015563353193,1.0,1.0,1.0
2026-06-02,MCHI,china,VT,-0.061414166649418456,0.38095238095238093,-0.002787934328919201,-0.10379184976754141,0.38095238095238093,-0.0015254422249704404,-0.21206218784161734,0.3888888888888889,-0.0015884990351650145,7.0,7.0,7.0
2026-06-03,VTI,us,VT,0.0008346012042097506,0.5238095238095238,2.44620384418531e-05,0.01246677853061362,0.5714285714285714,0.00016592702553339068,-0.020956675746035325,0.48412698412698413,-0.00015555904187280857,4.0,2.0,5.0
2026-06-03,VEA,developed_ex_us,VT,0.0062840239715344914,0.42857142857142855,0.0003246128600172128,-0.024435720595489707,0.4126984126984127,-0.0003148084590239676,0.05362413260451304,0.5555555555555556,0.00039504200942945696,3.0,4.0,2.0
2026-06-03,VWO,emerging_markets,VT,-0.02184004333004097,0.42857142857142855,-0.0009654961219899653,-0.004452115548242874,0.47619047619047616,-2.736773505518199e-05,-0.004190289283583004,0.5,-1.1762637656446863e-06,6.0,3.0,4.0
2026-06-03,VGK,europe,VT,-0.021133455027684045,0.3333333333333333,-0.0009295985436834789,-0.07003633850488189,0.3968253968253968,-0.0010178900479150715,-0.0391856826169481,0.47619047619047616,-0.00025473464346462095,5.0,6.0,6.0
2026-06-03,EWJ,japan,VT,0.016962921276863385,0.6190476190476191,0.0007752168743244163,-0.029523889334392317,0.49206349206349204,-0.00038449995024174,0.0427163825227439,0.5079365079365079,0.00034100028983496516,2.0,5.0,3.0
2026-06-03,EWY,south_korea,VT,0.25270772942539876,0.5714285714285714,0.011267391275248456,0.49496312126957487,0.5873015873015873,0.0067195969610932,1.2646898249048393,0.6111111111111112,0.006466755256240273,1.0,1.0,1.0
2026-06-03,MCHI,china,VT,-0.07212006506503643,0.38095238095238093,-0.0033072781994237218,-0.11004410883769389,0.38095238095238093,-0.0016515379827777587,-0.23381346548638293,0.38095238095238093,-0.001783123492823256,7.0,7.0,7.0
2026-06-04,VTI,us,VT,0.003708147550430585,0.5714285714285714,0.00015673059537606765,0.007868296222789395,0.5714285714285714,9.864290700156356e-05,-0.01923320353540925,0.49206349206349204,-0.00014303058762733117,3.0,2.0,5.0
2026-06-04,VEA,developed_ex_us,VT,-0.000742418975674175,0.38095238095238093,2.7826411376800987e-06,-0.013045809206779113,0.4126984126984127,-0.00014655651871498153,0.05042647213890228,0.5476190476190477,0.00037302582325764145,4.0,5.0,2.0
2026-06-04,VWO,emerging_markets,VT,-0.026199533259091634,0.38095238095238093,-0.0011765779442917599,-0.007318978323260561,0.47619047619047616,-6.811119877842438e-05,-0.004190249918117672,0.5,-1.1816382887234735e-06,6.0,3.0,4.0
2026-06-04,VGK,europe,VT,-0.018950527860970956,0.3333333333333333,-0.0008351210546350552,-0.054348424132038886,0.4126984126984127,-0.0007641139347992593,-0.03399140154890312,0.47619047619047616,-0.00021647648189581585,5.0,6.0,6.0
2026-06-04,EWJ,japan,VT,0.01235602214259468,0.5714285714285714,0.0005709988266770203,-0.010926692481972644,0.49206349206349204,-0.00011259052456179055,0.04382833552458387,0.5079365079365079,0.0003478912021123151,2.0,4.0,3.0
2026-06-04,EWY,south_korea,VT,0.13361932197401427,0.5238095238095238,0.00669674534769913,0.5152935908225413,0.5873015873015873,0.006825017929735862,1.124874956043166,0.6031746031746031,0.005989798685103177,1.0,1.0,1.0
2026-06-04,MCHI,china,VT,-0.06824343862386695,0.38095238095238093,-0.0031379369422257866,-0.11487323761596302,0.38095238095238093,-0.0017024379115693565,-0.2339139587705008,0.38095238095238093,-0.0017802998561987514,7.0,7.0,7.0
2026-06-05,VTI,us,VT,0.013100504004334823,0.6190476190476191,0.0006118520128413444,0.01457144573659619,0.5873015873015873,0.00019562808107944006,-0.014620185965657173,0.49206349206349204,-0.00011505940031256024,1.0,2.0,5.0
2026-06-05,VEA,developed_ex_us,VT,-0.01508784994432466,0.3333333333333333,-0.000691668241816371,-0.02393782684123047,0.3968253968253968,-0.00030817958739006265,0.039549845958315455,0.5396825396825397,0.00031150333426037294,4.0,5.0,2.0
2026-06-05,VWO,emerging_markets,VT,-0.03587380389451755,0.3333333333333333,-0.0017117881184008075,-0.019973406302203678,0.4603174603174603,-0.0002529541447571984,-0.006224512866734422,0.5,-1.4896555067108371e-05,6.0,4.0,4.0
2026-06-05,VGK,europe,VT,-0.01463491176403342,0.3333333333333333,-0.0006915535703035406,-0.04630781314978316,0.4126984126984127,-0.0006608867390080213,-0.023665815858084693,0.47619047619047616,-0.00015112451798447173,3.0,6.0,6.0
2026-06-05,EWJ,japan,VT,-0.0015713343830234816,0.5238095238095238,-6.502434638404397e-05,-0.015140383811584002,0.49206349206349204,-0.00017536305372213942,0.03849826693260239,0.5079365079365079,0.00032296694672912847,2.0,3.0,3.0
2026-06-05,EWY,south_korea,VT,-0.028411899385561323,0.47619047619047616,2.174967970906893e-05,0.2970573321203953,0.5714285714285714,0.004765639018004377,0.8253098459255332,0.5952380952380952,0.005065856645639754,5.0,1.0,1.0
2026-06-05,MCHI,china,VT,-0.06383051110798343,0.38095238095238093,-0.0031001009981171204,-0.12552792195057016,0.38095238095238093,-0.001917161866256426,-0.21024348048573338,0.3888888888888889,-0.0016420443473327431,7.0,7.0,7.0
2026-06-08,VTI,us,VT,0.006910559311975817,0.5714285714285714,0.00031373155062261064,0.012726709302421257,0.5873015873015873,0.00016965742857804372,-0.01708239953298407,0.48412698412698413,-0.0001326892947345813,2.0,2.0,5.0
2026-06-08,VEA,developed_ex_us,VT,-0.002216728816467173,0.38095238095238093,-6.973359327930439e-05,-0.019268759077052833,0.3968253968253968,-0.00023914818349756578,0.04394320209170077,0.5396825396825397,0.0003411850725290714,5.0,4.0,2.0
2026-06-08,VWO,emerging_markets,VT,-0.03616801204361786,0.3333333333333333,-0.0017017308119334825,-0.02295807803917249,0.4444444444444444,-0.00029934606084272434,-0.007009954438680133,0.49206349206349204,-2.0420689964454007e-05,6.0,5.0,4.0
2026-06-08,VGK,europe,VT,-0.0021942360440039277,0.3333333333333333,-9.715722285371811e-05,-0.04213833520851895,0.4126984126984127,-0.0005994380637027941,-0.02219214041102835,0.47619047619047616,-0.00013970071333181875,4.0,6.0,6.0
2026-06-08,EWJ,japan,VT,0.005606634667719934,0.5238095238095238,0.00027959125031127403,-0.007322211808983736,0.49206349206349204,-5.918416271531878e-05,0.035989979054550814,0.5079365079365079,0.00030459958897726704,3.0,3.0,3.0
2026-06-08,EWY,south_korea,VT,0.045353062829115665,0.5238095238095238,0.003571343940413749,0.30550866514661634,0.5714285714285714,0.004879540172941904,0.961295607742064,0.6031746031746031,0.005606760379527954,1.0,1.0,1.0
2026-06-08,MCHI,china,VT,-0.08037688276957189,0.3333333333333333,-0.0038973908239975214,-0.14585436486337,0.36507936507936506,-0.002267839013463361,-0.22401651844573656,0.38095238095238093,-0.0017581571393176087,7.0,7.0,7.0
2026-06-09,VTI,us,VT,0.007875464231995144,0.5714285714285714,0.0003639870881800844,0.013954279653730639,0.5873015873015873,0.00018765602096140093,-0.01751093536909698,0.48412698412698413,-0.00013619792851639708,1.0,2.0,6.0
2026-06-09,VEA,developed_ex_us,VT,-0.008306552364309994,0.38095238095238093,-0.000368479572025613,-0.01942943923153262,0.3968253968253968,-0.0002418653512618616,0.04541827396217002,0.5476190476190477,0.00035235936903018874,4.0,3.0,2.0
2026-06-09,VWO,emerging_markets,VT,-0.028851923379359268,0.38095238095238093,-0.0013570065524573173,-0.026930536833302154,0.4444444444444444,-0.00035982268200552783,-0.005730310802435357,0.49206349206349204,-1.134329491628151e-05,6.0,4.0,4.0
2026-06-09,VGK,europe,VT,0.002947147628086788,0.3333333333333333,0.00014817416126937442,-0.037126029901911384,0.4126984126984127,-0.0005234954913897172,-0.01466663298545634,0.48412698412698413,-8.498107959024606e-05,2.0,6.0,5.0
2026-06-09,EWJ,japan,VT,-0.008100673915055978,0.47619047619047616,-0.0003742482749367694,-0.0279624616908003,0.47619047619047616,-0.00036751624355069884,0.02597540929276998,0.5079365079365079,0.00023567228315613946,3.0,5.0,3.0
2026-06-09,EWY,south_korea,VT,-0.026663602147808607,0.47619047619047616,4.761560139225166e-05,0.33261559170384203,0.5714285714285714,0.0051854691438972455,0.8942857700352846,0.5952380952380952,0.00535383791933859,5.0,1.0,1.0
2026-06-09,MCHI,china,VT,-0.0632592561432136,0.38095238095238093,-0.0030547682410866626,-0.15485143810505375,0.36507936507936506,-0.0024261584425040996,-0.22412763330999408,0.38095238095238093,-0.0017658032627932171,7.0,7.0,7.0
2026-06-10,VTI,us,VT,0.006517556215490106,0.5238095238095238,0.0003045225322925753,0.013211910116268877,0.5714285714285714,0.00017966155884379601,-0.017467172994905855,0.47619047619047616,-0.00013747730214933338,2.0,2.0,6.0
2026-06-10,VEA,developed_ex_us,VT,-0.006491499258474587,0.42857142857142855,-0.0002865679338125056,-0.01800529564955755,0.4126984126984127,-0.0002246104939867517,0.04456240927945543,0.5476190476190477,0.0003502528568134022,3.0,3.0,2.0
2026-06-10,VWO,emerging_markets,VT,-0.02232224977537023,0.42857142857142855,-0.0010562790926917814,-0.02569818220867881,0.4444444444444444,-0.00034747856887878167,-0.0017375523755611688,0.5,1.7023746046864988e-05,5.0,5.0,4.0
2026-06-10,VGK,europe,VT,0.009023135216693845,0.38095238095238093,0.0004429423817001891,-0.03422387289245932,0.42857142857142855,-0.0004873060650960339,-0.013208698456053325,0.48412698412698413,-7.57563382164205e-05,1.0,6.0,5.0
2026-06-10,EWJ,japan,VT,-0.010301351482969068,0.47619047619047616,-0.0004865709542496168,-0.023049442711656543,0.47619047619047616,-0.00029832441517043746,0.02586867223265621,0.5079365079365079,0.00023748508385249486,4.0,4.0,3.0
2026-06-10,EWY,south_korea,VT,-0.052779129123200486,0.42857142857142855,-0.001287264492985504,0.27866908183621986,0.5555555555555556,0.004616753827373912,0.8315794264775971,0.5873015873015873,0.005145862857119001,6.0,1.0,1.0
2026-06-10,MCHI,china,VT,-0.056303867114814055,0.38095238095238093,-0.0027542007796270748,-0.1366039155678066,0.38095238095238093,-0.0021513548163804514,-0.2073320677667696,0.3888888888888889,-0.0016395331235057452,7.0,7.0,7.0
2026-06-11,VTI,us,VT,-0.004001112197950407,0.47619047619047616,-0.00020691667707227799,0.004671216172555059,0.5555555555555556,4.873423376564442e-05,-0.025337309073194314,0.46825396825396826,-0.00019246661904120238,4.0,2.0,6.0
2026-06-11,VEA,developed_ex_us,VT,0.010987853509943024,0.47619047619047616,0.0005610484116363155,-0.003488772862954681,0.42857142857142855,1.1382084837480772e-06,0.059343093560437765,0.5476190476190477,0.00044580633068550993,3.0,3.0,2.0
2026-06-11,VWO,emerging_markets,VT,-0.013046275121032513,0.42857142857142855,-0.0005832710144608257,-0.021553682033064847,0.4444444444444444,-0.0002727210283514116,-0.0016082445465350759,0.5,1.818352618909284e-05,6.0,5.0,4.0
2026-06-11,VGK,europe,VT,0.018814111548093093,0.42857142857142855,0.0008954804553515251,-0.030776705199729637,0.42857142857142855,-0.0004110016368520393,-0.003571065732945744,0.49206349206349204,-2.5932886774748104e-06,2.0,6.0,5.0
2026-06-11,EWJ,japan,VT,-0.006859708152904709,0.47619047619047616,-0.0002960933793685127,-0.014846651661811094,0.49206349206349204,-0.0001612936537615843,0.03257076504865242,0.5079365079365079,0.00028114472553206427,5.0,4.0,3.0
2026-06-11,EWY,south_korea,VT,0.10634658193090529,0.47619047619047616,0.006269783195176158,0.5010992761735504,0.5714285714285714,0.006894617560981182,1.0130702813128154,0.5873015873015873,0.005813640431101274,1.0,1.0,1.0
2026-06-11,MCHI,china,VT,-0.07464660448536797,0.38095238095238093,-0.0036083011611438036,-0.16765661394186016,0.36507936507936506,-0.002574242350898355,-0.21873576433467656,0.3888888888888889,-0.0016965938488791965,7.0,7.0,7.0
2026-06-12,VTI,us,VT,-0.0012030911875204886,0.5238095238095238,-7.381474803000046e-05,0.004046225901443767,0.5555555555555556,3.945088165725421e-05,-0.022682776425401396,0.47619047619047616,-0.00017372239023424223,4.0,2.0,6.0
2026-06-12,VEA,developed_ex_us,VT,0.0072986078042627245,0.42857142857142855,0.00038799493404551553,0.00020103787597447464,0.42857142857142855,5.324704827330388e-05,0.05468589352764397,0.5396825396825397,0.00041555770653279727,3.0,3.0,2.0
2026-06-12,VWO,emerging_markets,VT,-0.012233615424135924,0.42857142857142855,-0.0005458282701013006,-0.020459245095268086,0.4444444444444444,-0.00025278512231664325,0.0021973607605396683,0.5079365079365079,4.5487910311059476e-05,6.0,5.0,4.0
2026-06-12,VGK,europe,VT,0.01733232244610461,0.42857142857142855,0.0008286414831075147,-0.0269268581715687,0.42857142857142855,-0.0003510674028500852,-0.010483133247739529,0.48412698412698413,-5.2770394491985856e-05,2.0,6.0,5.0
2026-06-12,EWJ,japan,VT,-0.00980919407421088,0.47619047619047616,-0.0004392333887131746,-0.010664668788369802,0.5079365079365079,-9.922633793345095e-05,0.03549653525828522,0.5158730158730159,0.0003024939318148006,5.0,4.0,3.0
2026-06-12,EWY,south_korea,VT,0.041031020961699305,0.42857142857142855,0.0033265621296961704,0.4675860548010018,0.5555555555555556,0.006506507123157361,0.9759464925480532,0.5793650793650794,0.005689083410959806,1.0,1.0,1.0
2026-06-12,MCHI,china,VT,-0.08868412308407847,0.38095238095238093,-0.004355587731876281,-0.17388437072279417,0.36507936507936506,-0.002644312266196832,-0.2128025284494265,0.3968253968253968,-0.0016516582038561959,7.0,7.0,7.0
2026-06-15,VTI,us,VT,-0.0033425148823336137,0.5238095238095238,-0.00017346364234072627,0.009861463549297955,0.5714285714285714,0.00012203146300886974,-0.02225355719332267,0.47619047619047616,-0.0001683979031295738,6.0,2.0,5.0
2026-06-15,VEA,developed_ex_us,VT,0.008629833251649233,0.42857142857142855,0.0004438331445299032,-0.012074217227644457,0.4126984126984127,-0.00012381695172639315,0.04930220545318864,0.5317460317460317,0.0003741096683296825,4.0,3.0,2.0
2026-06-15,VWO,emerging_markets,VT,-0.002629100653565475,0.47619047619047616,-8.057305401760433e-05,-0.018630431259593516,0.4444444444444444,-0.0002254437954215714,0.014628309059905753,0.5158730158730159,0.00013324086280335176,5.0,5.0,4.0
2026-06-15,VGK,europe,VT,0.010132463564259897,0.42857142857142855,0.0004817415150940902,-0.043475499839087606,0.4126984126984127,-0.0005941387189708791,-0.02981683240617894,0.47619047619047616,-0.00019182453402016234,2.0,6.0,6.0
2026-06-15,EWJ,japan,VT,0.009970813706793313,0.5238095238095238,0.0004931547281165178,-0.012725054717267481,0.5079365079365079,-0.00012887407421061312,0.040018067244543376,0.5158730158730159,0.00033086331473551503,3.0,4.0,3.0
2026-06-15,EWY,south_korea,VT,0.09255166738546627,0.42857142857142855,0.005675420809855503,0.46424491642554044,0.5555555555555556,0.006465006696198279,1.1518381237082587,0.5873015873015873,0.0062970218460366555,1.0,1.0,1.0
2026-06-15,MCHI,china,VT,-0.06560057352135551,0.38095238095238093,-0.003156980709057503,-0.18243307474522286,0.3492063492063492,-0.0027853814803849974,-0.2176255122938947,0.3968253968253968,-0.0016707068433503619,7.0,7.0,7.0
2026-06-16,VTI,us,VT,-0.008082301712013074,0.47619047619047616,-0.00038959046413921696,0.00884651653760038,0.5714285714285714,0.00010898136171201577,-0.02143831213751657,0.47619047619047616,-0.00016190728826446778,6.0,2.0,5.0
2026-06-16,VEA,developed_ex_us,VT,0.017785416641335372,0.47619047619047616,0.0008525878349807352,-0.007538907370595815,0.42857142857142855,-6.026809555614854e-05,0.0487239495628522,0.5317460317460317,0.0003687801126936963,3.0,4.0,2.0
2026-06-16,VWO,emerging_markets,VT,0.0003153213721378556,0.47619047619047616,5.034626411205503e-05,-0.026389947118112822,0.42857142857142855,-0.00033962881226465774,0.006886095945460635,0.5079365079365079,7.933288845073348e-05,5.0,5.0,4.0
2026-06-16,VGK,europe,VT,0.0200732219394677,0.47619047619047616,0.000926513025596458,-0.03721762079669211,0.4126984126984127,-0.0005072592366590228,-0.02639913291385132,0.47619047619047616,-0.00016606356064522362,2.0,6.0,6.0
2026-06-16,EWJ,japan,VT,0.00998931451641849,0.5238095238095238,0.0004916080995884174,-0.0027981271859467416,0.5238095238095238,1.1850668120980256e-05,0.03836328021148705,0.5158730158730159,0.0003185621780638205,4.0,3.0,3.0
2026-06-16,EWY,south_korea,VT,0.12211894389055478,0.42857142857142855,0.00679812233061426,0.41666494111945096,0.5396825396825397,0.006022987716375905,1.1415239558698775,0.5873015873015873,0.006242381526925032,1.0,1.0,1.0
2026-06-16,MCHI,china,VT,-0.06709769541095711,0.38095238095238093,-0.0031978904578675795,-0.18267368362405123,0.3492063492063492,-0.0028137844004669592,-0.23381936064499464,0.3888888888888889,-0.0018025192470870128,7.0,7.0,7.0
2026-06-17,VTI,us,VT,-0.008182446361517437,0.47619047619047616,-0.00039726117662370567,0.00412943745736527,0.5555555555555556,4.274446055418406e-05,-0.02178135840880424,0.47619047619047616,-0.0001657331716669535,6.0,3.0,5.0
2026-06-17,VEA,developed_ex_us,VT,0.018107719654643972,0.47619047619047616,0.0008737366616337326,0.000725798926280552,0.4444444444444444,5.65694861657251e-05,0.04808612402677115,0.5317460317460317,0.0003673035544500243,3.0,4.0,2.0
2026-06-17,VWO,emerging_markets,VT,0.0051773229318237135,0.5238095238095238,0.00027586416518507066,-0.017977899619470605,0.4444444444444444,-0.0002175160512332518,0.014937714606685581,0.5158730158730159,0.00013607105806282127,5.0,5.0,4.0
2026-06-17,VGK,europe,VT,0.006771564295089627,0.47619047619047616,0.0003163292527921352,-0.03147336486116781,0.42857142857142855,-0.00042168162609941486,-0.031761985379866964,0.47619047619047616,-0.00020729852172642963,4.0,6.0,6.0
2026-06-17,EWJ,japan,VT,0.02690407354826041,0.5714285714285714,0.0012721546616345503,0.007218945431107571,0.5238095238095238,0.00015386469569970862,0.04174268440385709,0.5158730158730159,0.0003435589662824187,2.0,2.0,3.0
2026-06-17,EWY,south_korea,VT,0.1470000617258178,0.47619047619047616,0.007876140975168311,0.43377017716959254,0.5555555555555556,0.006172954540658624,1.142206372347225,0.5873015873015873,0.00628462170554799,1.0,1.0,1.0
2026-06-17,MCHI,china,VT,-0.07094973022846784,0.38095238095238093,-0.003421411158926659,-0.18905435751220756,0.3492063492063492,-0.002903638858300603,-0.2318570627969725,0.3888888888888889,-0.001804974421135264,7.0,7.0,7.0
2026-06-18,VTI,us,VT,-0.009108404733700226,0.42857142857142855,-0.0004328518749630081,0.003934577896587577,0.5396825396825397,3.924368145153286e-05,-0.023234935550780156,0.46825396825396826,-0.00017366436966491703,6.0,3.0,5.0
2026-06-18,VEA,developed_ex_us,VT,0.016952716350481012,0.47619047619047616,0.0008049752305589649,-0.0016324654742223554,0.42857142857142855,2.3143999526795267e-05,0.049086478217930996,0.5317460317460317,0.0003687480788043809,3.0,4.0,3.0
2026-06-18,VWO,emerging_markets,VT,0.014673304601046766,0.5714285714285714,0.0007058572960054003,-0.010019537686642543,0.4603174603174603,-0.00010031997692400945,0.02361576032762458,0.5238095238095238,0.00019463873441513547,4.0,5.0,4.0
2026-06-18,VGK,europe,VT,-0.0012483840143739933,0.47619047619047616,-6.0274896422288625e-05,-0.04068962126624198,0.42857142857142855,-0.0005495148247405127,-0.043810543786405365,0.46825396825396826,-0.00029126109452634564,5.0,6.0,6.0
2026-06-18,EWJ,japan,VT,0.03522579441939411,0.5714285714285714,0.0016261232724743822,0.014563557181781928,0.5238095238095238,0.0002559434893695221,0.06065657990422979,0.5238095238095238,0.0004660111123047306,2.0,2.0,2.0
2026-06-18,EWY,south_korea,VT,0.2229382207385342,0.5238095238095238,0.010828673604379844,0.48935259366340933,0.5555555555555556,0.0066966635573208096,1.312202713150408,0.5952380952380952,0.006811033826668438,1.0,1.0,1.0
2026-06-18,MCHI,china,VT,-0.09784406099820775,0.3333333333333333,-0.004702487967015546,-0.20147680160853254,0.3492063492063492,-0.00307134236474472,-0.24663432046043154,0.3888888888888889,-0.0019046804653547176,7.0,7.0,7.0
2026-06-22,VTI,us,VT,-0.009943651264807674,0.42857142857142855,-0.00047673670660466243,-0.005070139642431082,0.5238095238095238,-8.353659503691966e-05,-0.024328070792538847,0.46825396825396826,-0.0001800808478771455,6.0,5.0,5.0
2026-06-22,VEA,developed_ex_us,VT,0.013995185187863024,0.47619047619047616,0.0006766737583959419,0.0129844105456558,0.4444444444444444,0.00021816375503668447,0.04902814220906615,0.5317460317460317,0.00036569468520977446,4.0,3.0,3.0
2026-06-22,VWO,emerging_markets,VT,0.02241562958126253,0.5714285714285714,0.0010700479084101485,0.006544227397900837,0.47619047619047616,0.00012767889673270452,0.03049901090035534,0.5238095238095238,0.0002402200870185678,3.0,4.0,4.0
2026-06-22,VGK,europe,VT,-0.008894279775776726,0.47619047619047616,-0.00042535972277397375,-0.030255545931221928,0.4444444444444444,-0.00039421769186424936,-0.0478965111202021,0.46825396825396826,-0.00031779714125043966,5.0,6.0,6.0
2026-06-22,EWJ,japan,VT,0.04629802412138062,0.6190476190476191,0.0021463301012401175,0.040715218847477974,0.5396825396825397,0.0005958163408401395,0.07648281354932496,0.5317460317460317,0.0005657692517645175,2.0,2.0,2.0
2026-06-22,EWY,south_korea,VT,0.19340532190302473,0.47619047619047616,0.009777284545817055,0.5813092409954135,0.5555555555555556,0.007427049145240577,1.326365398579189,0.5952380952380952,0.006820111421720882,1.0,1.0,1.0
2026-06-22,MCHI,china,VT,-0.08284947398996323,0.38095238095238093,-0.0040007487936812485,-0.19620432860182213,0.36507936507936506,-0.002918125725635376,-0.25145930636565406,0.3888888888888889,-0.0019283104174896083,7.0,7.0,7.0
2026-06-23,VTI,us,VT,-0.001729591276478315,0.47619047619047616,-9.938877374117086e-05,0.007873032353494569,0.5396825396825397,9.664417344981911e-05,-0.0164131332712385,0.46825396825396826,-0.00012851577746738512,5.0,2.0,5.0
2026-06-23,VEA,developed_ex_us,VT,-5.352941100822406e-05,0.42857142857142855,3.874386425887592e-05,-0.009450768174456448,0.42857142857142855,-9.221828154705656e-05,0.0351832936525045,0.5238095238095238,0.00028208486281625664,4.0,4.0,3.0
2026-06-23,VWO,emerging_markets,VT,0.014523186337771943,0.5714285714285714,0.000738649947194874,-0.012857544004197807,0.4603174603174603,-0.0001432036184816601,0.016687379898562282,0.5158730158730159,0.00015184063347834482,3.0,5.0,4.0
2026-06-23,VGK,europe,VT,-0.0025736660366488806,0.47619047619047616,-0.0001393245370437311,-0.027347535089688346,0.4444444444444444,-0.000372261127982449,-0.037264050484412836,0.47619047619047616,-0.00025002921282951587,6.0,6.0,6.0
2026-06-23,EWJ,japan,VT,0.022696469951092535,0.6190476190476191,0.0011452886630811201,-0.00136939586373086,0.5238095238095238,3.654288549171354e-05,0.05180087754667917,0.5317460317460317,0.0004199747531094454,2.0,3.0,2.0
2026-06-23,EWY,south_korea,VT,0.03308295017420382,0.42857142857142855,0.003432627392947696,0.3188503470404842,0.5396825396825397,0.005060844296162635,1.019585221002173,0.5873015873015873,0.005937233623049717,1.0,1.0,1.0
2026-06-23,MCHI,china,VT,-0.06594627693345567,0.42857142857142855,-0.003236757309838803,-0.1793354926518328,0.38095238095238093,-0.002751796877397718,-0.24494275983574887,0.3888888888888889,-0.0019328717556189863,7.0,7.0,7.0
2026-06-24,VTI,us,VT,-0.003722217975091424,0.47619047619047616,-0.00019561960302246932,0.0060716978309998115,0.5396825396825397,7.094688101913626e-05,-0.016440802364291462,0.46825396825396826,-0.00012980599444395446,6.0,2.0,5.0
2026-06-24,VEA,developed_ex_us,VT,0.007534154459124087,0.47619047619047616,0.00040038290410551074,-0.003914186575460388,0.4444444444444444,-1.3138771871410543e-05,0.039917079633885466,0.5317460317460317,0.0003172878500415586,3.0,3.0,3.0
2026-06-24,VWO,emerging_markets,VT,0.0058573703976383396,0.5238095238095238,0.0003306964767214646,-0.015191679442011052,0.4603174603174603,-0.000175889480121303,0.0071663296608370786,0.5079365079365079,8.519662867147192e-05,4.0,5.0,4.0
2026-06-24,VGK,europe,VT,0.001156426715316683,0.47619047619047616,3.893718836763974e-05,-0.028929140897503647,0.4444444444444444,-0.0003933754702507687,-0.0349574791409788,0.47619047619047616,-0.00023511729016523474,5.0,6.0,6.0
2026-06-24,EWJ,japan,VT,0.0212470515536336,0.5714285714285714,0.0010803824207338488,-0.004604085622925913,0.5079365079365079,-9.08681121506456e-06,0.05104665377114892,0.5317460317460317,0.0004179894364278696,2.0,4.0,2.0
2026-06-24,EWY,south_korea,VT,0.0885060934410915,0.47619047619047616,0.005939711105916908,0.40943861410741156,0.5555555555555556,0.0060059968397453084,1.055133028498816,0.5873015873015873,0.006104803268218902,1.0,1.0,1.0
2026-06-24,MCHI,china,VT,-0.06302499339268186,0.42857142857142855,-0.003096573300165043,-0.19221667784020602,0.36507936507936506,-0.0029554615738354778,-0.2506084822062239,0.38095238095238093,-0.002005219131865025,7.0,7.0,7.0
2026-06-25,VTI,us,VT,-0.0023110895292790534,0.47619047619047616,-0.00012713854996608607,0.006241381945817359,0.5396825396825397,7.40697011624088e-05,-0.020608001624797367,0.4603174603174603,-0.00016068904224755248,5.0,2.0,5.0
2026-06-25,VEA,developed_ex_us,VT,0.009102081519531957,0.47619047619047616,0.0004764444945858,0.0015642408257114937,0.4444444444444444,6.497851613290134e-05,0.05120283323989905,0.5396825396825397,0.0003965394089135723,3.0,3.0,3.0
2026-06-25,VWO,emerging_markets,VT,-0.010060756166647145,0.47619047619047616,-0.00044390411125482833,-0.033325641012270646,0.4444444444444444,-0.00044285621940091306,-0.0007246158758733579,0.5,2.8602790819349304e-05,6.0,6.0,4.0
2026-06-25,VGK,europe,VT,0.007450442522001222,0.5238095238095238,0.0003436984190500626,-0.027814402368611546,0.4444444444444444,-0.0003796941278361201,-0.027479597864904948,0.48412698412698413,-0.00017987956810786506,4.0,5.0,6.0
2026-06-25,EWJ,japan,VT,0.023257782346898126,0.5714285714285714,0.0011828058093817189,-0.00875336960820805,0.5079365079365079,-7.01028316512633e-05,0.06488184493361104,0.5396825396825397,0.0005137478239226823,2.0,4.0,2.0
2026-06-25,EWY,south_korea,VT,0.03420089327983711,0.47619047619047616,0.003309077036135842,0.4881348343707146,0.5714285714285714,0.006838809207832093,1.1322068833552785,0.5952380952380952,0.006397682125597851,1.0,1.0,1.0
2026-06-25,MCHI,china,VT,-0.07631021109407532,0.42857142857142855,-0.003806640324205978,-0.2143653813281281,0.3492063492063492,-0.003358733165427956,-0.26263549151057874,0.38095238095238093,-0.0021224649791589455,7.0,7.0,7.0
2026-06-26,VTI,us,VT,0.0003766194580897553,0.47619047619047616,2.0084287995624283e-06,0.007942866645640922,0.5396825396825397,9.702065588438001e-05,-0.014735397289052488,0.46825396825396826,-0.00011892605721367716,5.0,2.0,5.0
2026-06-26,VEA,developed_ex_us,VT,0.010184150625789923,0.47619047619047616,0.0005305852223274066,0.002854784455925463,0.4444444444444444,8.174352820530056e-05,0.045556286270593604,0.5317460317460317,0.0003609969482831404,3.0,3.0,3.0
2026-06-26,VWO,emerging_markets,VT,-0.010321763921488203,0.47619047619047616,-0.00045930561388643883,-0.02267339232507215,0.4603174603174603,-0.00028612046902111644,0.0016214606167741508,0.5079365079365079,4.5537458349780786e-05,6.0,5.0,4.0
2026-06-26,VGK,europe,VT,0.005653963544126728,0.5238095238095238,0.00025952514273758486,-0.03065536599610974,0.42857142857142855,-0.0004146899170610372,-0.029314452058960105,0.48412698412698413,-0.00019561885763659284,4.0,6.0,6.0
2026-06-26,EWJ,japan,VT,0.027875698910416524,0.5714285714285714,0.0014048418464566964,-0.004322208163555441,0.5079365079365079,-7.419426638005038e-06,0.059366066180339905,0.5317460317460317,0.0004802835190158975,1.0,4.0,2.0
2026-06-26,EWY,south_korea,VT,0.011792809385655634,0.47619047619047616,0.0022860968333966816,0.5117261376727251,0.5714285714285714,0.006984958024537617,1.0376050821116911,0.5873015873015873,0.006100378102817426,2.0,1.0,1.0
2026-06-26,MCHI,china,VT,-0.06687562971559424,0.42857142857142855,-0.0033345203179074643,-0.20918124965247487,0.3492063492063492,-0.003220509331622311,-0.25299361522978314,0.38095238095238093,-0.0020569273549194893,7.0,7.0,7.0
2026-06-29,VTI,us,VT,-1.787814310383329e-05,0.47619047619047616,-1.6728529220072773e-05,0.01420673100422265,0.5555555555555556,0.0001783358915416927,-0.014507193240134608,0.46825396825396826,-0.00011610210558970429,4.0,2.0,5.0
2026-06-29,VEA,developed_ex_us,VT,0.00423890145493977,0.47619047619047616,0.0002404465121544749,-0.01277111244883855,0.42857142857142855,-0.00013360274841179272,0.03819860132705699,0.5317460317460317,0.000306364553343371,3.0,4.0,3.0
2026-06-29,VWO,emerging_markets,VT,-0.0014896534028482344,0.47619047619047616,-2.9924651394867896e-05,-0.032943716230463105,0.4444444444444444,-0.000420995880664913,0.0026153323612720936,0.5079365079365079,5.242350310236474e-05,5.0,5.0,4.0
2026-06-29,VGK,europe,VT,0.012046718163383208,0.5238095238095238,0.0005614896949764649,-0.03814256472319144,0.4126984126984127,-0.0005084243905181234,-0.03000640432048418,0.48412698412698413,-0.00019874584120584677,2.0,6.0,6.0
2026-06-29,EWJ,japan,VT,0.020321021374502868,0.5714285714285714,0.001037296012672614,-0.0108530439868888,0.5079365079365079,-9.721844616978751e-05,0.05583914159661996,0.5317460317460317,0.0004516829669084325,1.0,3.0,2.0
2026-06-29,EWY,south_korea,VT,-0.03381035253788389,0.42857142857142855,2.2806232680239708e-05,0.4707647644211448,0.5555555555555556,0.006466121997945487,0.9865839380223824,0.5793650793650794,0.005869201754433557,6.0,1.0,1.0
2026-06-29,MCHI,china,VT,-0.06089994454392944,0.42857142857142855,-0.0030049242110526952,-0.22910930192381695,0.3333333333333333,-0.0034651580738633554,-0.25761958168202026,0.38095238095238093,-0.002077698699721881,7.0,7.0,7.0
2026-06-30,VTI,us,VT,-3.982865603935348e-05,0.47619047619047616,-1.7572415866835767e-05,0.016823044596427472,0.5714285714285714,0.00021128753670063635,-0.012011766348065,0.47619047619047616,-9.731007181625084e-05,5.0,2.0,5.0
2026-06-30,VEA,developed_ex_us,VT,0.0017938734398825762,0.47619047619047616,0.0001220882577872456,-0.019151658697658114,0.4126984126984127,-0.00021941029349391625,0.0343063702146702,0.5238095238095238,0.00027759688586500116,4.0,3.0,3.0
2026-06-30,VWO,emerging_markets,VT,0.0018253082400429,0.5238095238095238,0.000129498486500536,-0.033794595950117134,0.4444444444444444,-0.0004278192442016637,-0.0017043416603685912,0.5079365079365079,2.1312618556377158e-05,3.0,5.0,4.0
2026-06-30,VGK,europe,VT,0.012081661195475601,0.5238095238095238,0.0005594668961734349,-0.050185382309373194,0.3968253968253968,-0.0006724093082775013,-0.03419248835449884,0.47619047619047616,-0.00022837639710640082,2.0,6.0,6.0
2026-06-30,EWJ,japan,VT,0.012599807306913902,0.5238095238095238,0.0006675419583975085,-0.0234826179165748,0.49206349206349204,-0.0002693270407010695,0.05018799224657067,0.5317460317460317,0.00041049302858405076,1.0,4.0,2.0
2026-06-30,EWY,south_korea,VT,-0.015279814579660211,0.47619047619047616,0.0009506474977480863,0.5602536296976675,0.5714285714285714,0.007251941811071019,0.9986574025073811,0.5793650793650794,0.005892747406402004,6.0,1.0,1.0
2026-06-30,MCHI,china,VT,-0.06391397501378193,0.38095238095238093,-0.0031420066433439325,-0.23901826261862147,0.31746031746031744,-0.0035925786130595137,-0.26958785335312085,0.373015873015873,-0.0021758566215277163,7.0,7.0,7.0
2026-07-01,VTI,us,VT,0.0038651301477918842,0.5238095238095238,0.00016979985471077264,0.021601794269566543,0.5873015873015873,0.00028576193478997106,-0.008098787971267729,0.48412698412698413,-6.923678270029685e-05,3.0,2.0,5.0
2026-07-01,VEA,developed_ex_us,VT,-0.0037760969131371835,0.47619047619047616,-0.00014269516340018447,-0.028982323065887883,0.3968253968253968,-0.000369792330219886,0.023713056109061048,0.5158730158730159,0.00020451307283105211,4.0,4.0,3.0
2026-07-01,VWO,emerging_markets,VT,-0.006615121701225357,0.47619047619047616,-0.00027849408639123494,-0.035809927930843255,0.42857142857142855,-0.0004739032246963378,3.5415027524132725e-05,0.5079365079365079,3.373768486282095e-05,5.0,5.0,4.0
2026-07-01,VGK,europe,VT,0.017113207098805594,0.5238095238095238,0.0008038759512708335,-0.053479459634786286,0.38095238095238093,-0.000746741605119226,-0.0376575117267961,0.47619047619047616,-0.00025436082180100314,2.0,6.0,6.0
2026-07-01,EWJ,japan,VT,0.018812614830656438,0.5714285714285714,0.0009669801464269852,-0.02481116223117774,0.49206349206349204,-0.00030285902447904503,0.04780306860987582,0.5317460317460317,0.00039469260286351647,1.0,3.0,2.0
2026-07-01,EWY,south_korea,VT,-0.1318968803695203,0.42857142857142855,-0.00503576682479617,0.37524311042964076,0.5555555555555556,0.005638016802964281,0.773129766410082,0.5714285714285714,0.005024266071934865,7.0,1.0,1.0
2026-07-01,MCHI,china,VT,-0.05161002570386031,0.38095238095238093,-0.0025383104028592765,-0.20945498267255303,0.3333333333333333,-0.0032198821971714557,-0.24669527452465312,0.38095238095238093,-0.0019668322004783873,6.0,7.0,7.0
2026-07-02,VTI,us,VT,0.004290377004382506,0.5238095238095238,0.000191537173521838,0.02209163714063811,0.5873015873015873,0.0002957397231505724,-0.008450724775957319,0.48412698412698413,-7.175174287867124e-05,3.0,2.0,5.0
2026-07-02,VEA,developed_ex_us,VT,0.0006899484181528415,0.47619047619047616,7.362643025300906e-05,-0.029249170072059183,0.3968253968253968,-0.00037871380129804786,0.029082252061233715,0.5158730158730159,0.00024219459024935362,4.0,3.0,3.0
2026-07-02,VWO,emerging_markets,VT,-0.01757403925090173,0.42857142857142855,-0.0008201682556031809,-0.03162194149757003,0.42857142857142855,-0.00041700938171421046,-0.008012342081559654,0.5,-2.4213114117538614e-05,5.0,4.0,4.0
2026-07-02,VGK,europe,VT,0.0344796302424597,0.5238095238095238,0.0016343227072202456,-0.03893652926009561,0.38095238095238093,-0.0005380260202126438,-0.022642410133620228,0.47619047619047616,-0.00014227082230710943,1.0,5.0,6.0
2026-07-02,EWJ,japan,VT,0.01712154850186831,0.5714285714285714,0.0008898904851888485,-0.03915055586120597,0.49206349206349204,-0.0005188565581939123,0.04989954152050813,0.5396825396825397,0.00040891527880487956,2.0,6.0,2.0
2026-07-02,EWY,south_korea,VT,-0.14388822212405428,0.42857142857142855,-0.005724935882918262,0.30517636038434803,0.5396825396825397,0.004917283945231818,0.7200969686716872,0.5714285714285714,0.004798761518669326,7.0,1.0,1.0
2026-07-02,MCHI,china,VT,-0.08749385840557022,0.3333333333333333,-0.004439917898638311,-0.20688190283529495,0.3333333333333333,-0.0032078773089773034,-0.2605641333848301,0.373015873015873,-0.002094150247456883,6.0,7.0,7.0
2026-07-06,VTI,us,VT,0.00020763333256201832,0.47619047619047616,-6.402666467447957e-06,0.014882067082434336,0.5714285714285714,0.00019241277839342362,-0.010181203267244143,0.48412698412698413,-8.328464446153622e-05,4.0,2.0,5.0
2026-07-06,VEA,developed_ex_us,VT,0.005626390404051218,0.5238095238095238,0.00030947348712586536,-0.01838648772401119,0.4126984126984127,-0.00021782885159693686,0.033396021944708254,0.5158730158730159,0.00026892073373897135,3.0,4.0,3.0
2026-07-06,VWO,emerging_markets,VT,-0.005849303473112744,0.47619047619047616,-0.0002385878248477897,-0.01894587299313688,0.4444444444444444,-0.0002289476704158468,-0.006720832005579824,0.5,-1.3149387497031594e-05,5.0,5.0,4.0
2026-07-06,VGK,europe,VT,0.03476754184093256,0.5238095238095238,0.0016137220103164937,-0.0405649719206973,0.38095238095238093,-0.0005550033706396866,-0.02959553436408191,0.46825396825396826,-0.00018982627751292058,1.0,6.0,6.0
2026-07-06,EWJ,japan,VT,0.016945165452208144,0.5714285714285714,0.0008772559521576227,-0.013318656275981278,0.5079365079365079,-0.00014049090073573045,0.06094911408671755,0.5396825396825397,0.0004791653677796102,2.0,3.0,2.0
2026-07-06,EWY,south_korea,VT,-0.11124098587025455,0.42857142857142855,-0.0037280915745766955,0.4087288332150447,0.5555555555555556,0.005991114857430414,0.8273651589818256,0.5793650793650794,0.005204455604777421,7.0,1.0,1.0
2026-07-06,MCHI,china,VT,-0.06730368986068125,0.38095238095238093,-0.003312601889161398,-0.19863570007966191,0.3492063492063492,-0.0030194933961316716,-0.2536932262277901,0.38095238095238093,-0.0019890641933754706,6.0,7.0,7.0
2026-07-07,VTI,us,VT,0.0030647677266166795,0.47619047619047616,0.00012944471349797207,0.01960820276081421,0.5873015873015873,0.0002609284914827317,-0.0011488399411143657,0.49206349206349204,-1.944976269175662e-05,3.0,2.0,4.0
2026-07-07,VEA,developed_ex_us,VT,0.0007452790809883147,0.5238095238095238,8.272453733539802e-05,-0.027550766477228983,0.3968253968253968,-0.00035320090597048973,0.020968525262874183,0.5079365079365079,0.0001860789719933857,4.0,4.0,3.0
2026-07-07,VWO,emerging_markets,VT,-0.012236236555754565,0.47619047619047616,-0.0005446938463045484,-0.028724022827020024,0.4444444444444444,-0.0003718477811685083,-0.03359528160106251,0.49206349206349204,-0.00021065568585565498,5.0,5.0,5.0
2026-07-07,VGK,europe,VT,0.025645002054069388,0.47619047619047616,0.0012066182852507098,-0.04292943567482954,0.36507936507936506,-0.000598307991190625,-0.03446336181270304,0.4603174603174603,-0.0002295976369745175,1.0,6.0,6.0
2026-07-07,EWJ,japan,VT,0.004425438332460785,0.5714285714285714,0.0003027658368569499,-0.026631140238318585,0.5079365079365079,-0.00033156014101887356,0.04378871000959794,0.5396825396825397,0.0003703402773267267,2.0,3.0,2.0
2026-07-07,EWY,south_korea,VT,-0.10087856157535569,0.42857142857142855,-0.003243489231541253,0.31930668751491975,0.5396825396825397,0.005106411123629803,0.6667486111652563,0.5714285714285714,0.00457088237817781,7.0,1.0,1.0
2026-07-07,MCHI,china,VT,-0.05440530794118048,0.42857142857142855,-0.0026981913533461466,-0.1865830775513363,0.36507936507936506,-0.0028623006826349576,-0.26932438043279594,0.38095238095238093,-0.002179940416780124,6.0,7.0,7.0
2026-07-08,VTI,us,VT,-0.001205579349987218,0.42857142857142855,-6.874160160782619e-05,0.018922131861438984,0.5714285714285714,0.0002523955870910068,-0.0004531977092856465,0.49206349206349204,-1.4430332362476185e-05,6.0,2.0,4.0
2026-07-08,VEA,developed_ex_us,VT,0.0047449078650247944,0.5238095238095238,0.00025818491589070183,-0.02956692917708903,0.3968253968253968,-0.0003839497315884889,0.013802735919772324,0.5,0.00013648495072389312,4.0,5.0,3.0
2026-07-08,VWO,emerging_markets,VT,0.0033342628400852004,0.5238095238095238,0.00019174399360571176,-0.020695108994728706,0.4444444444444444,-0.0002565719477211687,-0.02234292902019619,0.5,-0.0001296545498611533,5.0,3.0,5.0
2026-07-08,VGK,europe,VT,0.008312793800894225,0.42857142857142855,0.00039121098173702665,-0.04586565087723704,0.36507936507936506,-0.0006436433024600691,-0.04017990594667942,0.4603174603174603,-0.00027521124458237647,2.0,6.0,6.0
2026-07-08,EWJ,japan,VT,0.00808141697675091,0.5714285714285714,0.00045833822663526077,-0.027820172729802195,0.5079365079365079,-0.0003502128014904733,0.025454343016916958,0.5317460317460317,0.00024342091325468124,3.0,4.0,2.0
2026-07-08,EWY,south_korea,VT,0.02545932647052629,0.47619047619047616,0.0025528145359812286,0.320678176552025,0.5396825396825397,0.005134680939717963,0.6492222860603005,0.5714285714285714,0.00452476782464179,1.0,1.0,1.0
2026-07-08,MCHI,china,VT,-0.04029497747047617,0.42857142857142855,-0.0019102410384101935,-0.15924546178867194,0.38095238095238093,-0.002411137500068875,-0.2448948918821925,0.3888888888888889,-0.0019768417829609817,7.0,7.0,7.0
2026-07-09,VTI,us,VT,0.0020984915585402497,0.47619047619047616,8.641634877974768e-05,0.026500802077804364,0.5873015873015873,0.0003697907773352785,-0.0005432733430290604,0.49206349206349204,-1.5067048429389247e-05,3.0,2.0,4.0
2026-07-09,VEA,developed_ex_us,VT,-0.002201628409154388,0.47619047619047616,-6.861561254602915e-05,-0.04142951117798854,0.38095238095238093,-0.0005788502253810228,0.014713927519572012,0.5,0.0001428179234690628,5.0,5.0,3.0
2026-07-09,VWO,emerging_markets,VT,0.0011147435096932057,0.5238095238095238,8.729436066828062e-05,-0.0356548864849473,0.42857142857142855,-0.0004951174648147643,-0.024292576373563968,0.5,-0.00014388686097361036,4.0,3.0,5.0
2026-07-09,VGK,europe,VT,0.003943624100664289,0.42857142857142855,0.0001864655009536391,-0.056691246843125764,0.3492063492063492,-0.0008293925803984121,-0.04195888965971584,0.4603174603174603,-0.0002881567872027498,1.0,6.0,6.0
2026-07-09,EWJ,japan,VT,0.0026163180711451517,0.5714285714285714,0.00020119418338787343,-0.03817569362192397,0.5079365079365079,-0.0005232280203849212,0.0361932746114495,0.5396825396825397,0.00031910455740478234,2.0,4.0,2.0
2026-07-09,EWY,south_korea,VT,-0.02477849913686947,0.47619047619047616,0.00012559910491407482,0.22915657331444694,0.5396825396825397,0.004086470834947985,0.6211268518038351,0.5714285714285714,0.004388380259801662,6.0,1.0,1.0
2026-07-09,MCHI,china,VT,-0.02716909055817962,0.42857142857142855,-0.001273598400927133,-0.15540225034935085,0.38095238095238093,-0.0024085683399547486,-0.24190943246803243,0.3888888888888889,-0.0019449411643870276,7.0,7.0,7.0
2026-07-10,VTI,us,VT,0.0024787169171720524,0.47619047619047616,0.00010333229785077674,0.022803881741549237,0.5714285714285714,0.0003164612953288423,-0.0021345437881636897,0.48412698412698413,-2.64774905811842e-05,2.0,2.0,4.0
2026-07-10,VEA,developed_ex_us,VT,-0.003455250909447871,0.42857142857142855,-0.00012650137259236546,-0.034950137616647,0.38095238095238093,-0.000480385933680263,0.014336255501128381,0.49206349206349204,0.0001392768052384618,4.0,5.0,3.0
2026-07-10,VWO,emerging_markets,VT,0.0005823225778127661,0.5238095238095238,6.293919242377e-05,-0.02901896806067583,0.4444444444444444,-0.00039461004709198357,-0.019446579926229113,0.5079365079365079,-0.00010686912238740506,3.0,4.0,5.0
2026-07-10,VGK,europe,VT,-0.003693132314716907,0.38095238095238093,-0.0001698039460831934,-0.05664044163293935,0.3492063492063492,-0.0008274021731682805,-0.04594952414682685,0.4523809523809524,-0.0003154572335907971,5.0,6.0,6.0
2026-07-10,EWJ,japan,VT,0.019958714968774327,0.6190476190476191,0.000996966386409966,-0.013831347084452439,0.5238095238095238,-0.00016021973948875972,0.04173440104287618,0.5396825396825397,0.00035596036695007964,1.0,3.0,2.0
2026-07-10,EWY,south_korea,VT,-0.02815151907420943,0.47619047619047616,-3.0145450870005292e-05,0.22613205455477048,0.5396825396825397,0.0040461120589112345,0.6099427836066063,0.5714285714285714,0.004313432301499987,6.0,1.0,1.0
2026-07-10,MCHI,china,VT,-0.04033399912335023,0.38095238095238093,-0.0019005847013461783,-0.15656817501011222,0.38095238095238093,-0.0024246160323833756,-0.2404289678909547,0.3888888888888889,-0.0019137363032604381,7.0,7.0,7.0
2026-07-13,VTI,us,VT,0.006449859427794413,0.5238095238095238,0.00028402386152650454,0.028248610645150052,0.5873015873015873,0.00039800803740255543,0.0024822924555338854,0.49206349206349204,6.61772183290979e-06,2.0,2.0,4.0
2026-07-13,VEA,developed_ex_us,VT,-0.0101681193581169,0.38095238095238093,-0.00043397121244826396,-0.04334180619555772,0.36507936507936506,-0.0006134972364344037,0.007430915504676783,0.48412698412698413,9.147856351001664e-05,5.0,5.0,3.0
2026-07-13,VWO,emerging_markets,VT,-0.009562345697524677,0.47619047619047616,-0.00040163866492945585,-0.04140401175890407,0.42857142857142855,-0.000586778476032288,-0.027019833609124078,0.5,-0.0001640915138690437,4.0,4.0,5.0
2026-07-13,VGK,europe,VT,-0.002010239446935236,0.38095238095238093,-9.13989418335521e-05,-0.05564788263708831,0.3492063492063492,-0.0008229750772307077,-0.04079813559220247,0.4603174603174603,-0.00028098144443364096,3.0,6.0,6.0
2026-07-13,EWJ,japan,VT,0.014745564525588062,0.6190476190476191,0.0007597515326351836,-0.02078385366400548,0.5238095238095238,-0.00026469053699675787,0.03387453887600933,0.5396825396825397,0.000305258497836678,1.0,3.0,2.0
2026-07-13,EWY,south_korea,VT,-0.08775835417661448,0.47619047619047616,-0.0027878299284168576,0.13254726334354072,0.5396825396825397,0.0029558566842470073,0.48511938629604123,0.5714285714285714,0.0037729122316378125,7.0,1.0,1.0
2026-07-13,MCHI,china,VT,-0.052076384533492504,0.38095238095238093,-0.002456418630212509,-0.1538158517530137,0.3968253968253968,-0.0024089930639931306,-0.24216220670087463,0.3888888888888889,-0.001957500582149215,6.0,7.0,7.0
2026-07-14,VTI,us,VT,0.010602982737634603,0.5238095238095238,0.0004893376288662129,0.024316211454308734,0.5714285714285714,0.00034239493090003147,-0.00026088950776181896,0.48412698412698413,-1.3414025564108983e-05,2.0,2.0,4.0
2026-07-14,VEA,developed_ex_us,VT,-0.015903712558735905,0.38095238095238093,-0.0007304975283964529,-0.034283487210220454,0.38095238095238093,-0.0004758499920144379,0.01091479291521269,0.48412698412698413,0.00011689118561733624,5.0,4.0,3.0
2026-07-14,VWO,emerging_markets,VT,-0.010308682562039762,0.47619047619047616,-0.0004450667779349723,-0.04031394127212984,0.42857142857142855,-0.0005721016432338624,-0.023664791767324944,0.5,-0.0001390801001459942,3.0,5.0,5.0
2026-07-14,VGK,europe,VT,-0.010681440005127163,0.3333333333333333,-0.0005143149198438253,-0.05351669742357057,0.3492063492063492,-0.0007925812900207221,-0.04237849164670604,0.4523809523809524,-0.0002931254759562734,4.0,6.0,6.0
2026-07-14,EWJ,japan,VT,0.012926366045082904,0.6190476190476191,0.0006795542411981806,-0.0062911735537145574,0.5396825396825397,-4.737030590787383e-05,0.0249285915508084,0.5396825396825397,0.0002408689048670586,1.0,3.0,2.0
2026-07-14,EWY,south_korea,VT,-0.12154348748853505,0.47619047619047616,-0.00485599652275532,0.17836284066130137,0.5396825396825397,0.0035729231205471634,0.534529561733166,0.5714285714285714,0.004027968630932514,7.0,1.0,1.0
2026-07-14,MCHI,china,VT,-0.025093144761254682,0.42857142857142855,-0.0011640936636817375,-0.1404584452050841,0.4126984126984127,-0.0021880162465206026,-0.22959765381238328,0.3968253968253968,-0.001841013822576201,6.0,7.0,7.0
2026-07-15,VTI,us,VT,0.009431262307856292,0.5238095238095238,0.00043490550406113276,0.024046822014373026,0.5714285714285714,0.0003413437382369858,0.002780701550326503,0.49206349206349204,8.786302946247939e-06,1.0,2.0,4.0
2026-07-15,VEA,developed_ex_us,VT,-0.015026844670009143,0.38095238095238093,-0.0006891973964797153,-0.03253452896081965,0.38095238095238093,-0.00045302753069463906,0.0090581628362838,0.47619047619047616,0.00010351800995332562,5.0,4.0,3.0
2026-07-15,VWO,emerging_markets,VT,-0.01002245724189077,0.47619047619047616,-0.0004320661890610084,-0.038871121661045116,0.42857142857142855,-0.0005551122011021274,-0.0315045377149199,0.5,-0.00019862089509737485,4.0,5.0,5.0
2026-07-15,VGK,europe,VT,-0.002068979003105209,0.38095238095238093,-0.00010408971599406596,-0.04373849686242259,0.36507936507936506,-0.0006457920936566807,-0.037060168234061,0.4523809523809524,-0.0002530532584654946,3.0,6.0,6.0
2026-07-15,EWJ,japan,VT,0.003966718768425359,0.5714285714285714,0.0002611421954552286,-0.01453518741800175,0.5238095238095238,-0.00017214462122290664,0.012784920208179562,0.5317460317460317,0.00015397793207899514,2.0,3.0,2.0
2026-07-15,EWY,south_korea,VT,-0.14075071456238808,0.47619047619047616,-0.005882966991798673,0.10420505205320163,0.5238095238095238,0.00261305632814556,0.48625963837617214,0.5714285714285714,0.0037954466705131646,7.0,1.0,1.0
2026-07-15,MCHI,china,VT,-0.015890634328681985,0.42857142857142855,-0.0007172844747623966,-0.12647690208484397,0.4126984126984127,-0.0019675135913643604,-0.2411758491114443,0.3968253968253968,-0.001954195621695025,6.0,7.0,7.0
2026-07-16,VTI,us,VT,0.0103913637319617,0.5238095238095238,0.0004892279945031063,0.022159258127331105,0.5714285714285714,0.0003168102092202265,0.003573586117265659,0.49206349206349204,1.4560475891214764e-05,2.0,2.0,4.0
2026-07-16,VEA,developed_ex_us,VT,-0.014744637958969076,0.38095238095238093,-0.0006878630654493815,-0.02960153055106729,0.38095238095238093,-0.0004124434693863873,0.006860185174109912,0.47619047619047616,8.801793776390289e-05,5.0,4.0,3.0
2026-07-16,VWO,emerging_markets,VT,-0.018959214920212797,0.42857142857142855,-0.0008844176163631799,-0.040211856797650825,0.42857142857142855,-0.000582149566471458,-0.03271751267668277,0.5,-0.0002084671486756834,6.0,6.0,6.0
2026-07-16,VGK,europe,VT,0.014203655778767588,0.42857142857142855,0.0006783201300483313,-0.03195537170718454,0.38095238095238093,-0.0004696261799008481,-0.0314585517651762,0.4603174603174603,-0.00021200562482618827,1.0,5.0,5.0
2026-07-16,EWJ,japan,VT,-0.010093262752392196,0.5238095238095238,-0.0004129660740260671,-0.01683503024411026,0.5238095238095238,-0.0002078395815130597,0.008817091244033515,0.5317460317460317,0.0001262021109136181,4.0,3.0,2.0
2026-07-16,EWY,south_korea,VT,-0.21466521504004377,0.42857142857142855,-0.010464945521178983,0.07291596077078477,0.5238095238095238,0.002211662133207346,0.433630159777473,0.5714285714285714,0.0035428811603894455,7.0,1.0,1.0
2026-07-16,MCHI,china,VT,-0.0016175339155980462,0.47619047619047616,-3.753397211642933e-05,-0.11517761459829834,0.42857142857142855,-0.00179931143661632,-0.22745360133407377,0.40476190476190477,-0.0018352448001770934,3.0,7.0,7.0
2026-07-17,VTI,us,VT,0.010557113759172676,0.5238095238095238,0.0004993310244282343,0.01966555420406646,0.5555555555555556,0.00028298085798560114,0.005962197664666435,0.49206349206349204,3.231035767470567e-05,2.0,2.0,2.0
2026-07-17,VEA,developed_ex_us,VT,-0.01437631992110655,0.38095238095238093,-0.0006734816101814367,-0.02307957295456231,0.3968253968253968,-0.0003156649683178733,0.005159129134596929,0.47619047619047616,7.565054492153588e-05,4.0,4.0,3.0
2026-07-17,VWO,emerging_markets,VT,-0.020642533101827176,0.42857142857142855,-0.0009687519120020008,-0.049191324150904436,0.4126984126984127,-0.000729298262377423,-0.04418159835462854,0.49206349206349204,-0.0002972283030279699,5.0,6.0,6.0
2026-07-17,VGK,europe,VT,0.014408026067211921,0.42857142857142855,0.0006896115568426461,-0.020226055964637002,0.3968253968253968,-0.00029227484945589606,-0.029220925710999213,0.4603174603174603,-0.0001972711810838258,1.0,3.0,5.0
2026-07-17,EWJ,japan,VT,-0.021789166648364833,0.47619047619047616,-0.0009863212075963096,-0.026437944788869183,0.5079365079365079,-0.00035826283110874956,-0.006922150528029913,0.5238095238095238,1.127664964630246e-05,6.0,5.0,4.0
2026-07-17,EWY,south_korea,VT,-0.19384737838595512,0.47619047619047616,-0.009263620299761096,0.05817418807843766,0.5238095238095238,0.0020080903359799636,0.40569700689333343,0.5714285714285714,0.003411202866000891,7.0,1.0,1.0
2026-07-17,MCHI,china,VT,-0.00502070718008063,0.47619047619047616,-0.000197943631709372,-0.13583859073556492,0.4126984126984127,-0.002173325940255771,-0.2380667225544506,0.3968253968253968,-0.0019502969818224385,3.0,7.0,7.0
2026-07-20,VTI,us,VT,0.01421059554064863,0.5714285714285714,0.0006679632266800466,0.021284838137795692,0.5714285714285714,0.00031263283765395556,0.006256045691583889,0.49206349206349204,3.467476801542195e-05,2.0,2.0,2.0
2026-07-20,VEA,developed_ex_us,VT,-0.023420445277448132,0.3333333333333333,-0.0011093465269032146,-0.027078358514730394,0.38095238095238093,-0.0003850370028955153,0.0022273733378406213,0.47619047619047616,5.4359768628428394e-05,5.0,4.0,3.0
2026-07-20,VWO,emerging_markets,VT,-0.020291158016561783,0.42857142857142855,-0.0009430860483099702,-0.0465256949962215,0.4126984126984127,-0.000700159918227724,-0.04149466788598333,0.49206349206349204,-0.00027843699471050625,4.0,6.0,6.0
2026-07-20,VGK,europe,VT,0.006116970109525499,0.38095238095238093,0.00029302262705507446,-0.02865126516115246,0.38095238095238093,-0.00043070692127366786,-0.03147581732208371,0.4603174603174603,-0.00021530957093791374,3.0,5.0,5.0
2026-07-20,EWJ,japan,VT,-0.03257160813361626,0.47619047619047616,-0.0015103228946688342,-0.018458335224795563,0.5238095238095238,-0.00023831640901450513,-0.006534907582936178,0.5238095238095238,1.3787460182476454e-05,6.0,3.0,4.0
2026-07-20,EWY,south_korea,VT,-0.19588032384784038,0.47619047619047616,-0.009303392569511695,0.04255911476752572,0.5238095238095238,0.0017851771608264687,0.3956083315256689,0.5714285714285714,0.0033679992672768846,7.0,1.0,1.0
2026-07-20,MCHI,china,VT,0.030367952961857014,0.5238095238095238,0.0014868988176003667,-0.10839501573395649,0.42857142857142855,-0.001727909632035817,-0.2148535907387522,0.40476190476190477,-0.0017426833012245504,1.0,7.0,7.0
2026-07-21,VTI,us,VT,0.011053982036136611,0.5714285714285714,0.0005163071043729563,0.016611685949867505,0.5555555555555556,0.00023760259757933512,0.0034624333364861037,0.49206349206349204,1.3496149037397909e-05,3.0,2.0,4.0
2026-07-21,VEA,developed_ex_us,VT,-0.01580489557367637,0.38095238095238093,-0.0007301905482525395,-0.01956810287949229,0.3968253968253968,-0.0002605484211696739,0.005589541390678576,0.47619047619047616,7.93589378421543e-05,4.0,4.0,3.0
2026-07-21,VWO,emerging_markets,VT,-0.021788913267613785,0.42857142857142855,-0.0010174518407815765,-0.04102271102997479,0.42857142857142855,-0.0006011263152529343,-0.03145864354935202,0.5,-0.0001982927136008048,5.0,6.0,5.0
2026-07-21,VGK,europe,VT,0.015192223942270822,0.42857142857142855,0.0007277824576821404,-0.02865392694299551,0.3968253968253968,-0.0004242430955456433,-0.03480779896369901,0.4603174603174603,-0.0002376486225543259,2.0,5.0,6.0
2026-07-21,EWJ,japan,VT,-0.02692662159322723,0.47619047619047616,-0.0012234744987541725,0.0024522835278055766,0.5396825396825397,9.030210093165258e-05,0.0070476211818355505,0.5238095238095238,0.0001157854773869691,6.0,3.0,2.0
2026-07-21,EWY,south_korea,VT,-0.20158159328311687,0.47619047619047616,-0.009663406778370747,0.11061401628421663,0.5396825396825397,0.0027689213175164503,0.45694427906624324,0.5714285714285714,0.003678489795967938,7.0,1.0,1.0
2026-07-21,MCHI,china,VT,0.03294974056410016,0.5238095238095238,0.0016060963255081324,-0.12470222191715352,0.4126984126984127,-0.001982275431131263,-0.2143311684336595,0.40476190476190477,-0.001716041656190281,1.0,7.0,7.0
2026-07-22,VTI,us,VT,0.012813682398899795,0.5714285714285714,0.0005998039168580041,0.010916970519100566,0.5396825396825397,0.00015087016276871433,0.005567861590314527,0.49206349206349204,2.780638622879116e-05,3.0,3.0,2.0
2026-07-22,VEA,developed_ex_us,VT,-0.016472703111355513,0.38095238095238093,-0.0007629722189372856,-0.007752558418991917,0.4126984126984127,-7.956265972275037e-05,0.002628571084352549,0.47619047619047616,5.790270864454284e-05,4.0,4.0,4.0
2026-07-22,VWO,emerging_markets,VT,-0.02990598556958568,0.38095238095238093,-0.0014198066846517557,-0.04091022126759469,0.42857142857142855,-0.0005925338241800928,-0.04166508388591028,0.49206349206349204,-0.0002695496478162577,5.0,6.0,6.0
2026-07-22,VGK,europe,VT,0.019292390520219804,0.42857142857142855,0.0009220005628328909,-0.013427502581314199,0.4126984126984127,-0.00018784174614489444,-0.03393372299140518,0.4603174603174603,-0.0002264056131468746,2.0,5.0,5.0
2026-07-22,EWJ,japan,VT,-0.039519607741064,0.42857142857142855,-0.0018507232684321587,0.0111086304875736,0.5396825396825397,0.0002160774230105716,0.005353515303945011,0.5238095238095238,0.00010241947254875671,6.0,2.0,3.0
2026-07-22,EWY,south_korea,VT,-0.21207795928542028,0.47619047619047616,-0.010298190341491778,0.10845406878118413,0.5396825396825397,0.002721930493007971,0.4340203831574394,0.5634920634920635,0.003523806490286485,7.0,1.0,1.0
2026-07-22,MCHI,china,VT,0.023205663926764375,0.47619047619047616,0.0011520794948125207,-0.12540800544145625,0.4126984126984127,-0.0019727556072725028,-0.22710351048632393,0.3968253968253968,-0.0017985073177767866,1.0,7.0,7.0
2026-07-23,VTI,us,VT,0.005736066890922986,0.5238095238095238,0.00026569048749818566,0.0095772435716599,0.5238095238095238,0.00013371332375843191,0.004904260839611707,0.48412698412698413,2.387736034446081e-05,3.0,3.0,2.0
2026-07-23,VEA,developed_ex_us,VT,-0.005428278964323963,0.42857142857142855,-0.0002365450671494613,-0.00546627884900408,0.42857142857142855,-4.6532676455744516e-05,0.003762577158536562,0.48412698412698413,6.661125151195626e-05,4.0,4.0,3.0
2026-07-23,VWO,emerging_markets,VT,-0.021096828299992598,0.38095238095238093,-0.0009871303108897585,-0.041818664784032955,0.4126984126984127,-0.0006199418199469387,-0.04040014802449088,0.49206349206349204,-0.0002667880623027108,6.0,6.0,6.0
2026-07-23,VGK,europe,VT,0.00781665988171909,0.38095238095238093,0.00038240107369277984,-0.0101153639745315,0.4126984126984127,-0.00013921793027421846,-0.034761517328956604,0.4603174603174603,-0.00023802466435398083,2.0,5.0,5.0
2026-07-23,EWJ,japan,VT,-0.017660118127658442,0.42857142857142855,-0.0007957079078006759,0.01193669751175519,0.5396825396825397,0.00023242058378556877,0.0032873828089261536,0.5158730158730159,8.812555189517305e-05,5.0,2.0,4.0
2026-07-23,EWY,south_korea,VT,-0.0952917627293628,0.5238095238095238,-0.003962935055405787,0.0841561292053683,0.5396825396825397,0.0023840486244779482,0.4261021710768058,0.5634920634920635,0.003528136145723422,7.0,1.0,1.0
2026-07-23,MCHI,china,VT,0.029853590498096105,0.47619047619047616,0.0014481330624523682,-0.11060247290151703,0.42857142857142855,-0.001759197105446297,-0.21770201230573905,0.3968253968253968,-0.00175920947677377,1.0,7.0,7.0
2026-07-24,VTI,us,VT,0.0064369659694254455,0.5238095238095238,0.00029894251840017246,0.008288143442876983,0.5238095238095238,0.0001135264670499759,0.006256355961805404,0.49206349206349204,3.408607669915692e-05,3.0,3.0,3.0
2026-07-24,VEA,developed_ex_us,VT,-0.0077215004169086665,0.38095238095238093,-0.00034662103641411974,-0.0023308067891367745,0.42857142857142855,1.6680325136087323e-06,0.0036056059904288063,0.48412698412698413,6.56337287828327e-05,4.0,5.0,4.0
2026-07-24,VWO,emerging_markets,VT,-0.019451660905918988,0.38095238095238093,-0.0009078047947292786,-0.0384791319846054,0.4126984126984127,-0.0005641392439547547,-0.04706830337154666,0.48412698412698413,-0.00032029187517425745,6.0,6.0,6.0
2026-07-24,VGK,europe,VT,0.017180226477790717,0.42857142857142855,0.0008239374296397465,-0.0012320900556423986,0.42857142857142855,-1.5028347268870449e-06,-0.027367994721670508,0.4603174603174603,-0.00018307254268779523,2.0,4.0,5.0
2026-07-24,EWJ,japan,VT,-0.014728228968239221,0.47619047619047616,-0.0006539886664820093,0.015646181931086245,0.5555555555555556,0.000287236897047122,0.01028157437620858,0.5238095238095238,0.00013993174614379986,5.0,2.0,2.0
2026-07-24,EWY,south_korea,VT,-0.17349318352385512,0.47619047619047616,-0.008189678456913636,0.04455024743035829,0.5396825396825397,0.0018305544124665566,0.33456135713324753,0.5634920634920635,0.0030576321220735546,7.0,1.0,1.0
2026-07-24,MCHI,china,VT,0.037332393071036085,0.5238095238095238,0.0017918900880061074,-0.10021865072982727,0.4444444444444444,-0.001573864083364984,-0.21528304838512535,0.40476190476190477,-0.0017493033534895436,1.0,7.0,7.0
2026-07-27,VTI,us,VT,0.008765997858455554,0.5238095238095238,0.0004102564187819169,0.009230384326248675,0.5238095238095238,0.00012887178051785536,0.008691028299175674,0.49206349206349204,5.2038301346759116e-05,3.0,3.0,3.0
2026-07-27,VEA,developed_ex_us,VT,-0.013718232713592737,0.38095238095238093,-0.0006398523859062477,0.0016547503431312283,0.4444444444444444,6.308858273639656e-05,0.0015197591539453104,0.48412698412698413,5.011811031213884e-05,5.0,5.0,4.0
2026-07-27,VWO,emerging_markets,VT,-0.007110771382309422,0.42857142857142855,-0.0003113435025485725,-0.04326208336971549,0.4126984126984127,-0.0006466008833096739,-0.04311852611079403,0.48412698412698413,-0.00028965813046472587,4.0,6.0,6.0
2026-07-27,VGK,europe,VT,0.014082534336524066,0.42857142857142855,0.0006785218797429168,0.0034137367561848375,0.4444444444444444,7.01378314000838e-05,-0.029317604285263643,0.4603174603174603,-0.00019808999773886425,2.0,4.0,5.0
2026-07-27,EWJ,japan,VT,-0.01754748307581777,0.47619047619047616,-0.0007935044052495909,0.022629112032748422,0.5714285714285714,0.00039477916036710967,0.01801475669255659,0.5317460317460317,0.00019656080696782495,6.0,1.0,2.0
2026-07-27,EWY,south_korea,VT,-0.21107542885442765,0.42857142857142855,-0.010467507646335882,0.011843781587506097,0.5238095238095238,0.00134051581798046,0.2963937595541535,0.5555555555555556,0.002838903298093223,7.0,2.0,1.0
2026-07-27,MCHI,china,VT,0.07111403293446239,0.5714285714285714,0.003329057574930564,-0.08623683620676348,0.4444444444444444,-0.001345820241114166,-0.19948451721638938,0.4126984126984127,-0.001603378628660318,1.0,7.0,7.0
2026-07-28,VTI,us,VT,0.0078097853228029646,0.5238095238095238,0.0003638904128496926,0.010648749011231917,0.5238095238095238,0.00015060363084093377,0.01182271986058403,0.5,7.55049541272671e-05,3.0,2.0,2.0
2026-07-28,VEA,developed_ex_us,VT,-0.016203592064322647,0.38095238095238093,-0.0007563770526714451,-0.0026599458536409326,0.4444444444444444,-3.14127314482085e-06,-0.004055144966356394,0.47619047619047616,8.690648595136944e-06,4.0,4.0,4.0
2026-07-28,VWO,emerging_markets,VT,-0.01693759144689133,0.38095238095238093,-0.0007798182269042053,-0.04620708758563552,0.4126984126984127,-0.0006940093339673915,-0.04923631465952205,0.48412698412698413,-0.0003386900842710482,5.0,5.0,6.0
2026-07-28,VGK,europe,VT,0.021503741853675207,0.47619047619047616,0.0010211602780455045,0.014487937793849825,0.4603174603174603,0.00023915927503712032,-0.026291351173347133,0.4603174603174603,-0.00017608146134958982,2.0,1.0,5.0
2026-07-28,EWJ,japan,VT,-0.03460254607118973,0.47619047619047616,-0.0016128220831744704,-0.0004312622394728738,0.5555555555555556,4.609801534879954e-05,0.002541411194969534,0.5317460317460317,8.44079076801398e-05,6.0,3.0,3.0
2026-07-28,EWY,south_korea,VT,-0.23490764229175565,0.42857142857142855,-0.011800360136487179,-0.06420727999238629,0.5079365079365079,0.00016680892013402958,0.22624398265141932,0.5555555555555556,0.002442722155613784,7.0,6.0,1.0
2026-07-28,MCHI,china,VT,0.07525439802374634,0.6190476190476191,0.0034960930851695264,-0.07164958472943384,0.4603174603174603,-0.0011043171350565782,-0.19057767772376943,0.42063492063492064,-0.0015311977313041752,1.0,7.0,7.0
2026-07-29,VTI,us,VT,0.004916184168215931,0.47619047619047616,0.00023365052425697175,0.008732422751416058,0.5079365079365079,0.00012281513512161593,0.014942103876648405,0.5,0.00010131574371998724,3.0,2.0,2.0
2026-07-29,VEA,developed_ex_us,VT,-0.004611500778296529,0.42857142857142855,-0.00020540798522756493,0.001225412818244287,0.4444444444444444,5.613407621970296e-05,-0.007524779494658684,0.47619047619047616,-1.9772173381330367e-05,4.0,4.0,4.0
2026-07-29,VWO,emerging_markets,VT,-0.015022274211249798,0.38095238095238093,-0.0007051715240290521,-0.04499112396855287,0.4126984126984127,-0.0006803871776452479,-0.05265544929910715,0.47619047619047616,-0.00037501152670995437,5.0,5.0,6.0
2026-07-29,VGK,europe,VT,0.03213646480426058,0.5238095238095238,0.001548611922694261,0.023238472464822024,0.4603174603174603,0.0003730989340475706,-0.02354783159336926,0.4603174603174603,-0.0001605904736477596,2.0,1.0,5.0
2026-07-29,EWJ,japan,VT,-0.018245574665480047,0.5238095238095238,-0.0008390104831080718,0.0038418686411039182,0.5555555555555556,0.00011123895284608538,0.005207769359312664,0.5317460317460317,0.00010389667555246862,6.0,3.0,3.0
2026-07-29,EWY,south_korea,VT,-0.2466564528468047,0.42857142857142855,-0.012891221898895952,-0.0879614475729048,0.5079365079365079,-0.00022474738203133912,0.1339679452863951,0.5476190476190477,0.0018747429507261308,7.0,7.0,1.0
2026-07-29,MCHI,china,VT,0.10743482921825498,0.6666666666666666,0.00501993189641797,-0.045489804996122096,0.47619047619047616,-0.0006835016808144039,-0.16544925490489237,0.42063492063492064,-0.0013393528489664634,1.0,6.0,7.0
2026-07-30,VTI,us,VT,-0.0006309661920340659,0.42857142857142855,-4.03899577480057e-05,0.0013873603120222455,0.49206349206349204,7.4234938034965585e-06,0.008773707623931148,0.49206349206349204,5.2627082472250345e-05,5.0,4.0,3.0
2026-07-30,VEA,developed_ex_us,VT,0.007311536590668188,0.47619047619047616,0.0003827750891418783,0.017878260247436106,0.4603174603174603,0.0003090762230148049,0.0076834736366688805,0.48412698412698413,9.66491756096862e-05,4.0,3.0,4.0
2026-07-30,VWO,emerging_markets,VT,-0.015572679370163711,0.38095238095238093,-0.0007212566606534428,-0.044394726918229876,0.42857142857142855,-0.0006529500165434628,-0.05834649873809172,0.47619047619047616,-0.00041012361925317286,6.0,6.0,6.0
2026-07-30,VGK,europe,VT,0.03722822271251136,0.5714285714285714,0.0017677324066195429,0.03578710410896435,0.47619047619047616,0.0005494501152140718,-0.010483528627394545,0.46825396825396826,-5.7629576265866555e-05,2.0,1.0,5.0
2026-07-30,EWJ,japan,VT,0.009771651164809159,0.5714285714285714,0.0005619700369229213,0.03300537045246532,0.5714285714285714,0.0005551002452107412,0.03552798329564988,0.5396825396825397,0.0003302157822077321,3.0,2.0,2.0
2026-07-30,EWY,south_korea,VT,-0.19197818205129613,0.42857142857142855,-0.009006784754677163,-0.00038917408552552324,0.5079365079365079,0.0012965371466373149,0.21868294798626842,0.5476190476190477,0.0024434370089245682,7.0,5.0,1.0
2026-07-30,MCHI,china,VT,0.09715273218511178,0.6666666666666666,0.004498548366124114,-0.06440996608502603,0.4603174603174603,-0.00097117875445321,-0.19108092642845664,0.4126984126984127,-0.0015370291300263602,1.0,7.0,7.0
2026-07-31,VTI,us,VT,-0.0012052044509113236,0.42857142857142855,-6.650024149943001e-05,0.008059127694070023,0.5079365079365079,0.00011054969111675148,0.013562243143678154,0.5,8.76803021384924e-05,4.0,2.0,2.0
2026-07-31,VEA,developed_ex_us,VT,0.005360637334303586,0.47619047619047616,0.00028535039121090923,-0.0026876064103382724,0.4444444444444444,-3.8742664518189935e-06,-0.008363802224365724,0.47619047619047616,-2.2711607394466066e-05,3.0,4.0,4.0
2026-07-31,VWO,emerging_markets,VT,-0.006271175719659627,0.42857142857142855,-0.0002654555348733325,-0.03641363092705219,0.4444444444444444,-0.0005335038370572502,-0.048168306423285845,0.48412698412698413,-0.000328826264716203,6.0,5.0,6.0
2026-07-31,VGK,europe,VT,0.03379467133532987,0.5714285714285714,0.0015950972662135145,0.019206790052720857,0.4603174603174603,0.00030579052013448465,-0.024100648775686295,0.4603174603174603,-0.00016023766481435835,2.0,1.0,5.0
2026-07-31,EWJ,japan,VT,-0.005427682534760558,0.5238095238095238,-0.00016253227021120886,0.008014730010407867,0.5555555555555556,0.0001822361316516231,0.01037301600298246,0.5317460317460317,0.00014642761950098943,5.0,3.0,3.0
2026-07-31,EWY,south_korea,VT,-0.15143438019242306,0.42857142857142855,-0.006730226027664773,-0.05731079593851107,0.49206349206349204,0.00038978225404675794,0.1932102781710885,0.5476190476190477,0.0022828411901242005,7.0,6.0,1.0
2026-07-31,MCHI,china,VT,0.08452967907275166,0.6666666666666666,0.003911946592141537,-0.058865348330636946,0.47619047619047616,-0.0008930755762815866,-0.19412652911467876,0.4126984126984127,-0.0015591264082225852,1.0,7.0,7.0
2026-08-03,VTI,us,VT,0.004555141408805197,0.47619047619047616,0.0002079549856904257,0.010735733613353116,0.5079365079365079,0.00015047876373004457,0.014224179550554439,0.5,9.11034019723714e-05,3.0,3.0,2.0
2026-08-03,VEA,developed_ex_us,VT,-0.005972502408739588,0.42857142857142855,-0.0002554112481285564,-0.005300325046421639,0.4444444444444444,-4.404160671609707e-05,-0.009475311667418218,0.47619047619047616,-3.037126720225497e-05,4.0,4.0,4.0
2026-08-03,VWO,emerging_markets,VT,-0.008881959778565651,0.42857142857142855,-0.00038886448199041253,-0.04212528701754481,0.4444444444444444,-0.0006189348452059207,-0.04296340744095106,0.48412698412698413,-0.00028365967178681006,5.0,5.0,6.0
2026-08-03,VGK,europe,VT,0.008462607281929824,0.5238095238095238,0.0003971935204383479,0.013082618440216631,0.4603174603174603,0.00021051930125293866,-0.03178904772597213,0.4603174603174603,-0.00021457382725525203,2.0,2.0,5.0
2026-08-03,EWJ,japan,VT,-0.011690074462610722,0.47619047619047616,-0.00045998513273820275,0.013423494005224912,0.5555555555555556,0.00026106720817605243,-0.0003046426478650055,0.5238095238095238,6.739714392333348e-05,6.0,1.0,3.0
2026-08-03,EWY,south_korea,VT,-0.11969032063671814,0.47619047619047616,-0.004921918504853308,-0.05536598788569269,0.49206349206349204,0.00043158022071951426,0.21897193133555204,0.5555555555555556,0.0024168920258749735,7.0,6.0,1.0
2026-08-03,MCHI,china,VT,0.08879542070235713,0.6666666666666666,0.004050816725699894,-0.06961470515935031,0.4603174603174603,-0.0010590118339525397,-0.18830089651161208,0.4126984126984127,-0.0014765904283864885,1.0,7.0,7.0
2026-08-04,VTI,us,VT,0.0078895876462457,0.5238095238095238,0.00036328743885159575,0.009380214133358322,0.5079365079365079,0.00012711560360866697,0.014241764662586975,0.5,8.996234373714796e-05,2.0,3.0,2.0
2026-08-04,VEA,developed_ex_us,VT,-0.012138667056724506,0.38095238095238093,-0.0005487271192318442,-0.0004739239082147684,0.4444444444444444,2.845307597041133e-05,-0.010151201997908865,0.47619047619047616,-3.4528930495274465e-05,4.0,4.0,4.0
2026-08-04,VWO,emerging_markets,VT,-0.017061959379929936,0.38095238095238093,-0.0007793889535350154,-0.04584703661357503,0.42857142857142855,-0.0006611576334575901,-0.04555101436867459,0.47619047619047616,-0.0002990058773695777,5.0,6.0,6.0
2026-08-04,VGK,europe,VT,0.004055631703983487,0.5238095238095238,0.0001853246982231036,0.019116954659367247,0.4603174603174603,0.0002898160549520394,-0.04400838045804312,0.4523809523809524,-0.0003034539574639567,3.0,1.0,5.0
2026-08-04,EWJ,japan,VT,-0.023656646157459993,0.47619047619047616,-0.001035668137349497,0.00994509319254,0.5555555555555556,0.00020560156304418064,0.0031114684117010682,0.5317460317460317,9.205927959241508e-05,6.0,2.0,3.0
2026-08-04,EWY,south_korea,VT,-0.11528052854101278,0.47619047619047616,-0.004607511301584354,-0.02338593877443862,0.49206349206349204,0.0009772627996958024,0.31080022839466825,0.5634920634920635,0.002947898929738118,7.0,5.0,1.0
2026-08-04,MCHI,china,VT,0.061510123909334746,0.6190476190476191,0.0028164306165782034,-0.08416717403947704,0.4603174603174603,-0.001267816490668972,-0.18796067102425018,0.4126984126984127,-0.001453950700937534,1.0,7.0,7.0
2026-08-05,VTI,us,VT,0.002665871080873794,0.47619047619047616,0.00012044772991158856,0.009811861795260057,0.5079365079365079,0.00013554101292854277,0.01727397912989681,0.5,0.00011105194877557532,3.0,3.0,2.0
2026-08-05,VEA,developed_ex_us,VT,-0.0023165507987439327,0.42857142857142855,-8.82332197405707e-05,-0.002347079075465386,0.4444444444444444,-9.086804224975276e-07,-0.014614598684501878,0.47619047619047616,-6.676553812252223e-05,5.0,4.0,4.0
2026-08-05,VWO,emerging_markets,VT,-0.0053064123718460365,0.42857142857142855,-0.00022823930948913582,-0.044570902080767416,0.42857142857142855,-0.0006498370333618147,-0.047858176591174306,0.47619047619047616,-0.00031557295588649725,6.0,5.0,6.0
2026-08-05,VGK,europe,VT,0.0070608951668564846,0.5714285714285714,0.00032226697128481146,0.015005506294504034,0.4603174603174603,0.00023125473396682202,-0.04207135149670904,0.4603174603174603,-0.0002883690632418456,2.0,2.0,5.0
2026-08-05,EWJ,japan,VT,-0.0020416618764138583,0.5238095238095238,-1.9682590823405776e-05,0.015168995638001226,0.5555555555555556,0.0002846940242368548,-0.0027637745885693565,0.5317460317460317,4.9725752308084016e-05,4.0,1.0,3.0
2026-08-05,EWY,south_korea,VT,-0.09151758134924337,0.47619047619047616,-0.003377413810378461,-0.08168356243505237,0.47619047619047616,2.5280768593138527e-05,0.2539614607168905,0.5555555555555556,0.002617195017257553,7.0,7.0,1.0
2026-08-05,MCHI,china,VT,0.05719384564207286,0.6190476190476191,0.0026077364715925777,-0.07138149504005875,0.47619047619047616,-0.0010761306079931185,-0.18333704498152037,0.42063492063492064,-0.0014111816397304356,1.0,6.0,7.0
2026-08-06,VTI,us,VT,0.003003926456160766,0.5238095238095238,0.00013581091981092132,0.015504870429839501,0.5238095238095238,0.0002263071103481465,0.01893806957847266,0.5079365079365079,0.0001225174753573691,3.0,1.0,2.0
2026-08-06,VEA,developed_ex_us,VT,-0.0010724902040262219,0.42857142857142855,-3.06882433693177e-05,-0.012074017380245161,0.42857142857142855,-0.00015472385643166227,-0.021316251688382026,0.46825396825396826,-0.00011528575784496252,5.0,4.0,4.0
2026-08-06,VWO,emerging_markets,VT,-0.01302692511338166,0.42857142857142855,-0.0005895525660584896,-0.04689948424525914,0.42857142857142855,-0.0007031988969511951,-0.044291378324682995,0.48412698412698413,-0.00028841103182491735,6.0,5.0,5.0
2026-08-06,VGK,europe,VT,0.015014353332329033,0.6190476190476191,0.000684729784079693,0.00808687530456953,0.4603174603174603,0.00012812906517105965,-0.04568132525284763,0.4603174603174603,-0.00031470928516757595,2.0,3.0,6.0
2026-08-06,EWJ,japan,VT,0.00182571959630895,0.5714285714285714,0.0001593801062977748,0.008419551539480041,0.5555555555555556,0.00018423132884966387,-0.01502482725064902,0.5317460317460317,-3.9047778858802134e-05,4.0,2.0,3.0
2026-08-06,EWY,south_korea,VT,-0.12817343564932626,0.42857142857142855,-0.005253449015498089,-0.13321107008567734,0.4603174603174603,-0.0008929615999359306,0.2562229574256476,0.5555555555555556,0.002627055055473984,7.0,7.0,1.0
2026-08-06,MCHI,china,VT,0.03152143723073264,0.5714285714285714,0.0014515977987094612,-0.07644888640951397,0.4603174603174603,-0.0011862480792726175,-0.17529910565192264,0.42063492063492064,-0.0013403591805808395,1.0,6.0,7.0
2026-08-07,VTI,us,VT,0.00042133017056578126,0.47619047619047616,1.5213635016532115e-05,0.009858978046422218,0.5079365079365079,0.0001384538448062968,0.01850028064703091,0.5079365079365079,0.00011658794877273102,5.0,3.0,2.0
2026-08-07,VEA,developed_ex_us,VT,0.0031500956334129526,0.47619047619047616,0.0001664630523109971,-0.0013761950356652175,0.4444444444444444,9.371282161887851e-06,-0.017993726957695966,0.47619047619047616,-8.835648290884626e-05,4.0,4.0,4.0
2026-08-07,VWO,emerging_markets,VT,-0.010915227954958029,0.42857142857142855,-0.0004892824588430914,-0.04758919528014327,0.42857142857142855,-0.0007012396367027645,-0.05144437308338534,0.47619047619047616,-0.00033358309639603464,6.0,5.0,6.0
2026-08-07,VGK,europe,VT,0.02000422288728876,0.6190476190476191,0.0009125800076965565,0.022302595258367308,0.4603174603174603,0.00033396276193215917,-0.044992059530519324,0.4603174603174603,-0.00030285525299512446,2.0,1.0,5.0
2026-08-07,EWJ,japan,VT,0.008753488411349153,0.5714285714285714,0.0004836767612024282,0.017637404920108457,0.5555555555555556,0.00032148739830052523,-0.0002271060325800267,0.5396825396825397,6.827775247547453e-05,3.0,2.0,3.0
2026-08-07,EWY,south_korea,VT,-0.1283899398102173,0.42857142857142855,-0.005258129107997664,-0.11341225829503077,0.47619047619047616,-0.0005203953542232802,0.24988789255790333,0.5555555555555556,0.0025608862604597007,7.0,7.0,1.0
2026-08-07,MCHI,china,VT,0.03615723419533978,0.6190476190476191,0.0016601485047351599,-0.07684659402115002,0.4603174603174603,-0.0011702802400631648,-0.18427456662606356,0.42063492063492064,-0.0013837695724154347,1.0,6.0,7.0
2026-08-10,VTI,us,VT,0.002798945630352989,0.5238095238095238,0.00012604975125025887,0.013665359780404174,0.5238095238095238,0.00019778971242704,0.020384670817460204,0.5158730158730159,0.00013295046051140178,3.0,2.0,2.0
2026-08-10,VEA,developed_ex_us,VT,8.183792838623027e-05,0.47619047619047616,2.5142519897904313e-05,-0.012093619280227008,0.42857142857142855,-0.0001566128082400247,-0.021980654235095543,0.46825396825396826,-0.00012056610766785355,4.0,4.0,3.0
2026-08-10,VWO,emerging_markets,VT,-0.013841951007433684,0.38095238095238093,-0.000631198925022106,-0.043343329196025016,0.42857142857142855,-0.0006417554283518844,-0.05076521034638981,0.46825396825396826,-0.00033744543285182287,6.0,5.0,6.0
2026-08-10,VGK,europe,VT,0.020473203331643264,0.6190476190476191,0.0009400717289971695,0.020182563766270256,0.4444444444444444,0.00030614731472778354,-0.043883925242211186,0.4603174603174603,-0.00030202573842227426,2.0,1.0,5.0
2026-08-10,EWJ,japan,VT,-0.0053242040122780665,0.5238095238095238,-0.00016998935026331838,0.006131175517805065,0.5396825396825397,0.00015090958706995945,-0.02541041566119362,0.5317460317460317,-0.00011823738126531461,5.0,3.0,4.0
2026-08-10,EWY,south_korea,VT,-0.1323484193360127,0.42857142857142855,-0.005504108881516132,-0.18343538317054775,0.4603174603174603,-0.001828879576997962,0.20236188782841946,0.5476190476190477,0.002309157979531766,7.0,7.0,1.0
2026-08-10,MCHI,china,VT,0.05033383902719346,0.6666666666666666,0.0023054092207802687,-0.05842324546890132,0.47619047619047616,-0.0008833145738841908,-0.1763750592885056,0.42063492063492064,-0.0013532988930226252,1.0,6.0,7.0
2026-08-11,VTI,us,VT,-0.0027588016009256755,0.47619047619047616,-0.00012986244191960848,0.010665683524907044,0.5079365079365079,0.00015289465063315712,0.02206739062034746,0.5158730158730159,0.00014642700399668582,5.0,2.0,2.0
2026-08-11,VEA,developed_ex_us,VT,0.009846445396791026,0.5238095238095238,0.00046955481833365644,-0.007343699964271977,0.4444444444444444,-8.366144264237104e-05,-0.02495078814160978,0.46825396825396826,-0.00014460774363382676,3.0,4.0,3.0
2026-08-11,VWO,emerging_markets,VT,-0.009531821067254587,0.38095238095238093,-0.0004277842151719991,-0.04243909008392033,0.42857142857142855,-0.0006285673242644121,-0.05327525784645237,0.4603174603174603,-0.00036002567617267355,6.0,5.0,6.0
2026-08-11,VGK,europe,VT,0.0183803808208034,0.6190476190476191,0.0008370017044572293,0.026177280686878968,0.4603174603174603,0.00039618171477462204,-0.04497725884719972,0.4603174603174603,-0.0003135165451745409,2.0,1.0,5.0
2026-08-11,EWJ,japan,VT,0.006240495922667844,0.5714285714285714,0.0003602533343675107,0.010091204804381082,0.5555555555555556,0.00021114463758435917,-0.035160206979165,0.5317460317460317,-0.00019405480300875818,4.0,3.0,4.0
2026-08-11,EWY,south_korea,VT,-0.03679694259366595,0.47619047619047616,-0.0007849327697961291,-0.17194880279966274,0.4603174603174603,-0.0016200090637328302,0.2312236729619439,0.5476190476190477,0.002497300456832611,7.0,7.0,1.0
2026-08-11,MCHI,china,VT,0.026668888194118612,0.6190476190476191,0.0012419833180503817,-0.08534166683405586,0.4603174603174603,-0.0013228786972630674,-0.19207191803592227,0.42063492063492064,-0.0015015692987532159,1.0,6.0,7.0
2026-08-12,VTI,us,VT,-0.0015496363668292545,0.47619047619047616,-7.373548945941022e-05,0.005211409886134666,0.49206349206349204,6.956182077817487e-05,0.022779426260027158,0.5158730158730159,0.0001506115739145092,5.0,3.0,2.0
2026-08-12,VEA,developed_ex_us,VT,0.00794640301709082,0.5238095238095238,0.0003819992012346063,0.002807879297805238,0.4603174603174603,7.085002815815631e-05,-0.02415186439312622,0.46825396825396826,-0.00013761477406014157,3.0,4.0,3.0
2026-08-12,VWO,emerging_markets,VT,-0.007785457022124742,0.42857142857142855,-0.0003467544602620263,-0.03191469691123561,0.4444444444444444,-0.00045836408421927473,-0.058449239659585706,0.4603174603174603,-0.00039734823735060673,6.0,5.0,6.0
2026-08-12,VGK,europe,VT,0.014436534250435562,0.6190476190476191,0.0006589493479409155,0.023131543642391117,0.4603174603174603,0.0003467049611495384,-0.04811198839954578,0.4603174603174603,-0.000335515285716629,1.0,1.0,5.0
2026-08-12,EWJ,japan,VT,0.01124068656534627,0.5714285714285714,0.0005924207361026294,0.017715380579536255,0.5555555555555556,0.0003252938659774325,-0.04497619228311378,0.5317460317460317,-0.0002668146605476427,2.0,2.0,4.0
2026-08-12,EWY,south_korea,VT,-0.0365691986508111,0.47619047619047616,-0.0007808290755827452,-0.06503211321700664,0.47619047619047616,0.00021098586561269745,0.312118829055003,0.5555555555555556,0.0029677096647301713,7.0,6.0,1.0
2026-08-12,MCHI,china,VT,0.004457580873883593,0.5714285714285714,0.00023132937263953534,-0.09779770645278618,0.4603174603174603,-0.0015136884840620019,-0.2066398805847014,0.4126984126984127,-0.001621058883080256,4.0,7.0,7.0
2026-08-13,VTI,us,VT,-0.0005247733012840872,0.47619047619047616,-2.597269153068037e-05,0.007989141844407577,0.5079365079365079,0.00011170602150015064,0.02827262173465206,0.5238095238095238,0.00018887193410423452,5.0,3.0,2.0
2026-08-13,VEA,developed_ex_us,VT,0.005983136286872082,0.5238095238095238,0.0002909052129378103,-0.0020744818961042633,0.4444444444444444,-3.432416498796513e-06,-0.031475843418323546,0.4603174603174603,-0.00019142685863525268,3.0,4.0,3.0
2026-08-13,VWO,emerging_markets,VT,-0.017965520485509145,0.38095238095238093,-0.0008229572151965879,-0.04088595129479877,0.42857142857142855,-0.0006002838914529657,-0.07142663770356927,0.4523809523809524,-0.0004956937464903025,6.0,5.0,6.0
2026-08-13,VGK,europe,VT,0.004155695350936295,0.5714285714285714,0.00018521837658899302,0.020173928586497913,0.4603174603174603,0.00030325671456748056,-0.05220914589947112,0.4603174603174603,-0.00036553199483165276,4.0,1.0,5.0
2026-08-13,EWJ,japan,VT,0.020730921609163344,0.6190476190476191,0.0010227267554771204,0.014785113847366471,0.5555555555555556,0.0002815451874063914,-0.05034796405857356,0.5317460317460317,-0.00030653453644842037,1.0,2.0,4.0
2026-08-13,EWY,south_korea,VT,0.00824231489495908,0.5238095238095238,0.001301951289690578,-0.10182267461807071,0.47619047619047616,-0.0004181511908039747,0.2637584562219848,0.5555555555555556,0.0026788643772327958,2.0,6.0,1.0
2026-08-13,MCHI,china,VT,-0.02743808420963645,0.5238095238095238,-0.0012609184597952097,-0.1325377844407737,0.4444444444444444,-0.0021112635554779626,-0.21937111327397818,0.4126984126984127,-0.001729219905912121,7.0,7.0,7.0
2026-08-14,VTI,us,VT,-0.003389259344733775,0.42857142857142855,-0.0001565883893722697,0.0040918413719188695,0.49206349206349204,5.305865426337012e-05,0.031010208976900877,0.5238095238095238,0.00020498586005815488,5.0,4.0,2.0
2026-08-14,VEA,developed_ex_us,VT,0.011494551984201573,0.5714285714285714,0.0005378659623361445,0.004601899208406923,0.4603174603174603,9.794534713888869e-05,-0.03658962371123131,0.4603174603174603,-0.00022538808431634235,3.0,3.0,3.0
2026-08-14,VWO,emerging_markets,VT,-0.017614113155765,0.38095238095238093,-0.0008022236219740662,-0.03999446206618251,0.42857142857142855,-0.0005890714307849502,-0.07631949808384908,0.4444444444444444,-0.0005257086399264966,6.0,5.0,6.0
2026-08-14,VGK,europe,VT,0.001121796614285131,0.5714285714285714,4.626066075276105e-05,0.026714874195591376,0.47619047619047616,0.0004021074352983942,-0.05834160363322871,0.4603174603174603,-0.0004057791651345897,4.0,2.0,4.0
2026-08-14,EWJ,japan,VT,0.02934721792894268,0.6190476190476191,0.0013966382444646024,0.028912987798316303,0.5555555555555556,0.0004922756328516843,-0.06069029286486938,0.5238095238095238,-0.00037831113871610364,2.0,1.0,5.0
2026-08-14,EWY,south_korea,VT,0.061071327691538224,0.5714285714285714,0.003587575183694035,-0.10026957388986169,0.47619047619047616,-0.00040064984254314885,0.2559170949961702,0.5555555555555556,0.0026149798692976485,1.0,7.0,1.0
2026-08-14,MCHI,china,VT,-0.03014740496910817,0.5238095238095238,-0.0013784949805799901,-0.09718036436410293,0.4603174603174603,-0.001524336553917974,-0.21048251556049935,0.42063492063492064,-0.0016270827606702394,7.0,6.0,7.0
2026-08-17,VTI,us,VT,-0.004350761818459281,0.42857142857142855,-0.00019970967789398198,-0.0014531393676373572,0.47619047619047616,-2.998970586832157e-05,0.029476355216698336,0.5238095238095238,0.00019551301320216852,5.0,4.0,2.0
2026-08-17,VEA,developed_ex_us,VT,0.011696911458237036,0.5714285714285714,0.0005449703839688294,0.014411388118202195,0.47619047619047616,0.000241358869589376,-0.03327809155769268,0.4603174603174603,-0.00020244242691295317,3.0,3.0,3.0
2026-08-17,VWO,emerging_markets,VT,-0.0014614112098048082,0.42857142857142855,-5.959185069969228e-05,-0.023341968259290802,0.4444444444444444,-0.00032599916619654605,-0.06549394958777932,0.4523809523809524,-0.00044615865666956247,4.0,6.0,6.0
2026-08-17,VGK,europe,VT,-0.005927799966236158,0.5238095238095238,-0.00027414934769214093,0.0302360425610817,0.47619047619047616,0.00044732507824898774,-0.05505311078644737,0.4603174603174603,-0.00038329976220907724,7.0,1.0,4.0
2026-08-17,EWJ,japan,VT,0.03932272692433236,0.6666666666666666,0.0018244738246517896,0.025881122703858228,0.5555555555555556,0.0004432535722146325,-0.060736793296954916,0.5238095238095238,-0.00038113692058601103,2.0,2.0,5.0
2026-08-17,EWY,south_korea,VT,0.0932481535586358,0.5714285714285714,0.004958164525673146,-0.023050075522057734,0.49206349206349204,0.0008308888521754366,0.2692015878089751,0.5555555555555556,0.0027005150816942036,1.0,5.0,1.0
2026-08-17,MCHI,china,VT,-0.005699609921516968,0.5714285714285714,-0.00024549245631058517,-0.07939042783311678,0.47619047619047616,-0.0012137755152958455,-0.1940596892057015,0.42857142857142855,-0.0014932742996027054,6.0,7.0,7.0
2026-08-18,VTI,us,VT,-0.0024756096409987993,0.42857142857142855,-0.00011608202633529521,0.003967330632197008,0.49206349206349204,5.1540007907015264e-05,0.030622317109739727,0.5238095238095238,0.0002055279302365226,5.0,3.0,2.0
2026-08-18,VEA,developed_ex_us,VT,0.008247741084620008,0.5714285714285714,0.00039607275599857984,0.001690763686267971,0.4603174603174603,5.348763024303258e-05,-0.0377426272853425,0.4603174603174603,-0.00023758554949901114,2.0,4.0,3.0
2026-08-18,VWO,emerging_markets,VT,-0.007878766889756417,0.38095238095238093,-0.00035500542297328154,-0.02402538762344575,0.4444444444444444,-0.00034074243536606037,-0.06742089669902773,0.4444444444444444,-0.00046612909068418447,6.0,5.0,6.0
2026-08-18,VGK,europe,VT,0.00662155395147046,0.5714285714285714,0.000295325765883293,0.020211213009419415,0.47619047619047616,0.0003015592152435009,-0.05581968887160138,0.4603174603174603,-0.0003940251758829059,4.0,1.0,4.0
2026-08-18,EWJ,japan,VT,0.01723078110996279,0.6190476190476191,0.00086793733219025,0.00957009820675081,0.5555555555555556,0.0002099230330519887,-0.05692223421319542,0.5238095238095238,-0.0003559681133806472,1.0,2.0,5.0
2026-08-18,EWY,south_korea,VT,0.006751228421636446,0.5238095238095238,0.0013627075276751947,-0.07942879575273887,0.49206349206349204,-2.15146888893964e-05,0.20061053518676086,0.5555555555555556,0.0023342140844968304,3.0,7.0,1.0
2026-08-18,MCHI,china,VT,-0.022234418941263545,0.5714285714285714,-0.0010300265474776995,-0.06452222453419587,0.49206349206349204,-0.0009881796296013305,-0.18886545727625892,0.42857142857142855,-0.0014664366055272045,7.0,6.0,7.0
2026-08-19,VTI,us,VT,-0.0006756882994671809,0.42857142857142855,-3.222405872925295e-05,0.0017112293216694496,0.47619047619047616,1.7077056893565077e-05,0.028577876452582363,0.5158730158730159,0.00019130649970088955,3.0,3.0,2.0
2026-08-19,VEA,developed_ex_us,VT,0.004284931090368538,0.5714285714285714,0.00021316532352525877,0.004540488393160347,0.47619047619047616,9.598333527722804e-05,-0.033844998206094656,0.46825396825396826,-0.00020863379704755974,2.0,2.0,3.0
2026-08-19,VWO,emerging_markets,VT,-0.00915697158031814,0.38095238095238093,-0.00041952851467717096,-0.0179454751098167,0.4603174603174603,-0.00024370768648444906,-0.06235165448544788,0.4523809523809524,-0.0004275448927378926,6.0,5.0,6.0
2026-08-19,VGK,europe,VT,0.00988966189031748,0.5714285714285714,0.00044854192137059695,0.02521454935526979,0.49206349206349204,0.0003720164942101496,-0.05057461358341375,0.46825396825396826,-0.00035442963887108566,1.0,1.0,4.0
2026-08-19,EWJ,japan,VT,-0.007207530999992384,0.5714285714285714,-0.00026249589083785337,-0.0012442357220805444,0.5396825396825397,4.6717627627452126e-05,-0.05680581129569795,0.5238095238095238,-0.00035540834304600754,5.0,4.0,5.0
2026-08-19,EWY,south_korea,VT,-0.020355483241858874,0.5238095238095238,3.418550686836349e-05,-0.05432038202111378,0.5079365079365079,0.0003998174442924862,0.21254584395493614,0.5555555555555556,0.0024093152898040054,7.0,6.0,1.0
2026-08-19,MCHI,china,VT,-0.003463792747286032,0.6190476190476191,-0.00015399931203311353,-0.07122037320827446,0.49206349206349204,-0.0010834636511801755,-0.1848478495981949,0.42857142857142855,-0.0014327940038158357,4.0,7.0,7.0
2026-08-20,VTI,us,VT,-0.004159127411475394,0.42857142857142855,-0.00019321997323688898,-0.0010164866869826206,0.47619047619047616,-2.3384254327849096e-05,0.02337604690271866,0.5079365079365079,0.00015528830688933527,6.0,4.0,2.0
2026-08-20,VEA,developed_ex_us,VT,0.0082772542448879,0.5714285714285714,0.00039776112906985707,0.005056950314392683,0.47619047619047616,0.00010382088950950447,-0.030581905365073547,0.46825396825396826,-0.00018502493749762992,3.0,2.0,3.0
2026-08-20,VWO,emerging_markets,VT,-0.004486088362039675,0.42857142857142855,-0.00020336624153232435,-0.01378566245604329,0.4603174603174603,-0.00018437500592464377,-0.053408211339207146,0.4603174603174603,-0.00036067218439043075,7.0,5.0,5.0
2026-08-20,VGK,europe,VT,0.00771511077744802,0.5714285714285714,0.00034948864004815566,0.018914951998240337,0.49206349206349204,0.00028204316003569097,-0.045691281415049856,0.47619047619047616,-0.0003185765271289911,4.0,1.0,4.0
2026-08-20,EWJ,japan,VT,-0.0024987406812226887,0.5714285714285714,-4.4749543396584356e-05,0.001152874494590339,0.5396825396825397,8.361909647045811e-05,-0.05756324697786841,0.5158730158730159,-0.0003622683176937644,5.0,3.0,6.0
2026-08-20,EWY,south_korea,VT,0.020295153790373943,0.5714285714285714,0.001924318392643356,-0.048838289383838496,0.5079365079365079,0.00046780419898954467,0.22081229529499624,0.5555555555555556,0.002463115285756837,1.0,6.0,1.0
2026-08-20,MCHI,china,VT,0.011153496419795017,0.6666666666666666,0.0005199280219298787,-0.05111831732519201,0.5079365079365079,-0.0007762470923129498,-0.17658646399105293,0.4365079365079365,-0.0013654384281465263,2.0,7.0,7.0
2026-08-21,VTI,us,VT,-0.004709000790772855,0.42857142857142855,-0.00021572378316411922,-0.0005656898769310637,0.47619047619047616,-1.6474023135701476e-05,0.025140039923103208,0.5079365079365079,0.0001684925968653841,6.0,4.0,2.0
2026-08-21,VEA,developed_ex_us,VT,0.010300133761973473,0.5714285714285714,0.0004845453555067513,0.004521819045720132,0.47619047619047616,9.558138420538863e-05,-0.029673276409346805,0.46825396825396826,-0.00017901913367620838,2.0,3.0,3.0
2026-08-21,VWO,emerging_markets,VT,-0.001416249655521673,0.47619047619047616,-5.933850703327124e-05,-0.008527793020229879,0.47619047619047616,-0.00010260629024271854,-0.05910667145457249,0.4603174603174603,-0.00040632252005012946,5.0,5.0,6.0
2026-08-21,VGK,europe,VT,0.013811932030810326,0.6190476190476191,0.000618390947321095,0.019278319194379723,0.49206349206349204,0.00028715582799004793,-0.04411464266861653,0.47619047619047616,-0.00030776207359077963,1.0,1.0,4.0
2026-08-21,EWJ,japan,VT,0.0029221594459076794,0.6190476190476191,0.00020591924061101672,0.007794107361464686,0.5555555555555556,0.0001851666652971536,-0.04692441509390277,0.5238095238095238,-0.00028211984618715604,3.0,2.0,5.0
2026-08-21,EWY,south_korea,VT,-0.016095976377215493,0.5238095238095238,0.00024203767185711146,-0.08290732726204153,0.49206349206349204,-9.60899968669931e-05,0.16383980507732132,0.5476190476190477,0.0021066524742374007,7.0,7.0,1.0
2026-08-21,MCHI,china,VT,0.0014351851420699724,0.6190476190476191,7.214100986452894e-05,-0.03833321522653632,0.5079365079365079,-0.0005721610791739686,-0.1747819514054224,0.4365079365079365,-0.0013548646897432685,4.0,6.0,7.0
2026-08-24,VTI,us,VT,-0.004627114209183381,0.42857142857142855,-0.00021287762494008136,-0.0018523388467293067,0.47619047619047616,-3.651823652079274e-05,0.0292104383842553,0.5158730158730159,0.0001961457372890273,6.0,4.0,2.0
2026-08-24,VEA,developed_ex_us,VT,0.009794205475090578,0.5714285714285714,0.00046332865062769814,0.009521790020045495,0.47619047619047616,0.00017236350610636307,-0.03478123787785181,0.4603174603174603,-0.0002157817038833797,2.0,2.0,3.0
2026-08-24,VWO,emerging_markets,VT,-0.000718786381893155,0.47619047619047616,-2.7072186675652127e-05,-0.014842619334102247,0.4603174603174603,-0.00020139350156115536,-0.06410774413892906,0.4523809523809524,-0.0004422738028506793,5.0,5.0,6.0
2026-08-24,VGK,europe,VT,0.009243908139017654,0.6190476190476191,0.0004119410358310818,0.028336619145908015,0.5079365079365079,0.0004249385512794894,-0.04436521312149244,0.47619047619047616,-0.0003079890806395776,3.0,1.0,4.0
2026-08-24,EWJ,japan,VT,0.0015362007252024412,0.6190476190476191,0.00014281888141117908,0.008046554941815387,0.5555555555555556,0.00018973754522100614,-0.05484363545554949,0.5238095238095238,-0.0003401918590132418,4.0,3.0,5.0
2026-08-24,EWY,south_korea,VT,0.027275470287931647,0.5238095238095238,0.002137015394167409,-0.0789277413169861,0.49206349206349204,-3.765065227643939e-05,0.14828596231381796,0.5476190476190477,0.0020051509379300824,1.0,7.0,1.0
2026-08-24,MCHI,china,VT,-0.008260191820266272,0.5714285714285714,-0.00037004617242752415,-0.03726472385851587,0.5079365079365079,-0.0005582431281954866,-0.18819186436100943,0.42857142857142855,-0.0014630953558388221,7.0,6.0,7.0
2026-08-25,VTI,us,VT,-0.006827049167838384,0.42857142857142855,-0.00031360270343541057,-0.00016844254127423852,0.47619047619047616,-1.0161611539859911e-05,0.025018942346395345,0.5079365079365079,0.00016671574417598346,6.0,4.0,2.0
2026-08-25,VEA,developed_ex_us,VT,0.011799148677944737,0.5714285714285714,0.0005535219229940184,0.006779888330638917,0.47619047619047616,0.00013003801055785693,-0.02673942549454056,0.46825396825396826,-0.00015589796034140612,2.0,3.0,3.0
2026-08-25,VWO,emerging_markets,VT,-0.0009561739194221541,0.47619047619047616,-3.682852042839019e-05,-0.018629692821493515,0.4603174603174603,-0.0002640253780772637,-0.06185695442853767,0.4523809523809524,-0.00042565019385668344,5.0,5.0,6.0
2026-08-25,VGK,europe,VT,0.006620746347317574,0.6190476190476191,0.000291060479091649,0.02901319161160787,0.5238095238095238,0.00043776025929487613,-0.03885582638978513,0.48412698412698413,-0.0002668634881724283,3.0,1.0,4.0
2026-08-25,EWJ,japan,VT,0.0026785628162242503,0.6190476190476191,0.00019534181097664266,0.00834591906447879,0.5555555555555556,0.0001948810717029235,-0.042561575201259805,0.5317460317460317,-0.00024748178594603316,4.0,2.0,5.0
2026-08-25,EWY,south_korea,VT,0.07521202986170583,0.5714285714285714,0.004249105166263153,-0.12880143300790237,0.49206349206349204,-0.0009697751479789623,0.14979486415714538,0.5476190476190477,0.0020162922600011094,1.0,7.0,1.0
2026-08-25,MCHI,china,VT,-0.026494159984308707,0.5238095238095238,-0.0012232509982557623,-0.0375904233491029,0.5079365079365079,-0.0005669445825103922,-0.17831168288767818,0.42857142857142855,-0.0013798335677387525,7.0,6.0,7.0
2026-08-26,VTI,us,VT,-0.008798084994160904,0.42857142857142855,-0.0004044875629240417,-0.0003440415803079855,0.47619047619047616,-1.2862907091595569e-05,0.026378854361654103,0.5158730158730159,0.00017802834075578012,6.0,4.0,2.0
2026-08-26,VEA,developed_ex_us,VT,0.013074385738357952,0.5714285714285714,0.0006108748783562998,0.006677121720211288,0.47619047619047616,0.00012836101600408707,-0.034072396521109605,0.4603174603174603,-0.00021294108023527786,3.0,3.0,3.0
2026-08-26,VWO,emerging_markets,VT,0.00832978594615974,0.5238095238095238,0.000384245176574131,-0.019971526858671096,0.4603174603174603,-0.0002849595547388377,-0.05758313566362472,0.4603174603174603,-0.0003967312895137104,4.0,5.0,6.0
2026-08-26,VGK,europe,VT,-0.0033535018457804266,0.5714285714285714,-0.0001637145913005059,0.024672710171903978,0.5238095238095238,0.00037232360982752776,-0.04353254839936227,0.47619047619047616,-0.0003048812956156653,5.0,1.0,4.0
2026-08-26,EWJ,japan,VT,0.020098277956233757,0.6190476190476191,0.0009746362994058357,0.012337008193917143,0.5555555555555556,0.0002555520208960205,-0.048811896333192495,0.5238095238095238,-0.0002984094152034875,2.0,2.0,5.0
2026-08-26,EWY,south_korea,VT,0.14085502777760395,0.5714285714285714,0.006877550754440964,-0.12367829375900707,0.49206349206349204,-0.0008789041828831774,0.11667249304041749,0.5396825396825397,0.0018062054323135888,1.0,7.0,1.0
2026-08-26,MCHI,china,VT,-0.029560212127447416,0.5238095238095238,-0.0013675107371154114,-0.0272108866993912,0.5238095238095238,-0.00040197932328444973,-0.17255520348713438,0.4365079365079365,-0.0013432990436540687,7.0,6.0,7.0
2026-08-27,VTI,us,VT,-0.005350868946468745,0.47619047619047616,-0.00024195991982196787,-5.326562954688363e-05,0.47619047619047616,-8.345974928356289e-06,0.02937084786730404,0.5238095238095238,0.0001977845872156859,5.0,4.0,2.0
2026-08-27,VEA,developed_ex_us,VT,0.003405232225133892,0.5238095238095238,0.00017180082443771095,0.0028190312510381066,0.47619047619047616,6.894645045487364e-05,-0.04373062599140232,0.4523809523809524,-0.00028354658269832744,4.0,3.0,3.0
2026-08-27,VWO,emerging_markets,VT,0.010430872752659637,0.5714285714285714,0.0004709256164240603,-0.00739287361630514,0.47619047619047616,-8.805685299995324e-05,-0.046979376641301585,0.46825396825396826,-0.000313129278677783,3.0,5.0,4.0
2026-08-27,VGK,europe,VT,-0.022936866735673744,0.5238095238095238,-0.0010463484986093375,0.02348777968060256,0.5238095238095238,0.0003545843730204628,-0.05605012596473413,0.46825396825396826,-0.00039729345527133876,6.0,1.0,6.0
2026-08-27,EWJ,japan,VT,0.011211366636305398,0.5714285714285714,0.0005693307912412816,0.012355825096505013,0.5555555555555556,0.0002558721069352746,-0.053283363005451445,0.5158730158730159,-0.0003294619507310847,2.0,2.0,5.0
2026-08-27,EWY,south_korea,VT,0.20159483207565376,0.6190476190476191,0.009076267457246354,-0.14471575934194325,0.49206349206349204,-0.001264049402989786,0.11571052055326803,0.5396825396825397,0.001794575758539585,1.0,7.0,1.0
2026-08-27,MCHI,china,VT,-0.06451125996444496,0.47619047619047616,-0.0029823207293083846,-0.02215412605887601,0.5238095238095238,-0.00032243768131436996,-0.16220787546870674,0.4365079365079365,-0.0012454496819954636,7.0,6.0,7.0
2026-08-28,VTI,us,VT,-2.8429405434016175e-05,0.5238095238095238,1.74273605695647e-06,-0.0007199059061420154,0.47619047619047616,-1.8739879185961668e-05,0.03097098346670979,0.5317460317460317,0.00020895301116176138,3.0,4.0,2.0
2026-08-28,VEA,developed_ex_us,VT,-0.008055709689711366,0.47619047619047616,-0.00036414409820991384,0.0013766452674788265,0.47619047619047616,4.690641623973668e-05,-0.04818199823454372,0.4444444444444444,-0.0003170020632938473,4.0,3.0,4.0
2026-08-28,VWO,emerging_markets,VT,0.008914171437673923,0.5238095238095238,0.0004122339938901421,-0.005552191330177703,0.47619047619047616,-5.984139342092157e-05,-0.04804129838543081,0.4603174603174603,-0.00032103410232532946,2.0,5.0,3.0
2026-08-28,VGK,europe,VT,-0.02488667731720251,0.5238095238095238,-0.0011670980144547667,0.025485995985102594,0.5396825396825397,0.00038670042944607036,-0.0567799392591839,0.46825396825396826,-0.0004027171271693892,6.0,1.0,6.0
2026-08-28,EWJ,japan,VT,-0.008111366569998557,0.5714285714285714,-0.00034008893055605317,0.014951431471721621,0.5555555555555556,0.0002964743549214589,-0.05205411721097297,0.5158730158730159,-0.00031997855855944854,5.0,2.0,5.0
2026-08-28,EWY,south_korea,VT,0.08202951404098546,0.5714285714285714,0.004131056919335061,-0.14647603238792406,0.49206349206349204,-0.0013083601125313384,0.09487611163404575,0.5317460317460317,0.0016569465105437339,1.0,7.0,1.0
2026-08-28,MCHI,china,VT,-0.04063195632703309,0.5238095238095238,-0.001892415059770172,-0.01295314769117284,0.5238095238095238,-0.0001786244456633301,-0.15423586259581268,0.4365079365079365,-0.0011774065992011119,7.0,6.0,7.0
2026-08-31,VTI,us,VT,-0.00309561238373135,0.47619047619047616,-0.0001407218752583708,-0.00031783125514928123,0.47619047619047616,-1.2474087349009391e-05,0.022732534202900334,0.5238095238095238,0.00015033682542064323,5.0,4.0,2.0
2026-08-31,VEA,developed_ex_us,VT,0.0024774986517006603,0.5238095238095238,0.00012106740422800937,0.003998359607157553,0.49206349206349204,8.790754401291138e-05,-0.0350427385906813,0.4523809523809524,-0.00021833387095964392,3.0,3.0,4.0
2026-08-31,VWO,emerging_markets,VT,3.6578068804971053e-05,0.47619047619047616,4.102958050343299e-06,-0.013106328517586752,0.4603174603174603,-0.00017994888773807473,-0.040511489647770516,0.4603174603174603,-0.0002639111082905743,4.0,5.0,5.0
2026-08-31,VGK,europe,VT,-0.018279511444484697,0.5238095238095238,-0.0008617863913727456,0.03362381293201322,0.5396825396825397,0.0005123956087038675,-0.041597974081176936,0.46825396825396826,-0.00028819917424254677,6.0,1.0,6.0
2026-08-31,EWJ,japan,VT,0.007683543878549859,0.6190476190476191,0.0003859135586006574,0.021398191594350857,0.5714285714285714,0.00039678714493881123,-0.030324018403067088,0.5238095238095238,-0.00015780519804119218,2.0,2.0,3.0
2026-08-31,EWY,south_korea,VT,0.12115012258568858,0.6190476190476191,0.005781141000924142,-0.18134181884052758,0.49206349206349204,-0.001994950617178934,0.1267664910702595,0.5396825396825397,0.001861723676315629,1.0,7.0,1.0
2026-08-31,MCHI,china,VT,-0.04944588761052815,0.47619047619047616,-0.002327892398295387,-0.021679978485543594,0.5079365079365079,-0.0003180854030043756,-0.15764748526898298,0.4365079365079365,-0.0012018859278097986,7.0,6.0,7.0
2026-09-01,VTI,us,VT,-0.007228330900693747,0.42857142857142855,-0.00034163136489362954,0.0016860312155229096,0.47619047619047616,1.9286931439544734e-05,0.01158603951162851,0.5158730158730159,7.126314686246529e-05,5.0,3.0,2.0
2026-09-01,VEA,developed_ex_us,VT,0.004275884357899162,0.5238095238095238,0.00021136364904650318,-0.0010158528551476032,0.47619047619047616,9.859610390318605e-06,-0.022494418014171735,0.4523809523809524,-0.00012634745689224205,4.0,4.0,5.0
2026-09-01,VWO,emerging_markets,VT,0.01664367228247232,0.5238095238095238,0.0007811822647276756,-0.010516591277533016,0.4603174603174603,-0.00014261682428863928,-0.012630877823699649,0.46825396825396826,-6.010359862464727e-05,2.0,5.0,4.0
2026-09-01,VGK,europe,VT,-0.013095538571458398,0.5238095238095238,-0.0006264091728826339,0.030313436251774295,0.5238095238095238,0.0004683690182586532,-0.033466967010424176,0.46825396825396826,-0.00022629268979400242,6.0,1.0,6.0
2026-09-01,EWJ,japan,VT,0.014076694784805888,0.6666666666666666,0.0006925610266793455,0.019693139494176393,0.5714285714285714,0.00037415545970999705,-0.010031016051421426,0.5317460317460317,-1.1785577628127475e-05,3.0,2.0,3.0
2026-09-01,EWY,south_korea,VT,0.08631827653892543,0.5714285714285714,0.0043995614329950675,-0.18389464127010913,0.49206349206349204,-0.002082430984925501,0.21578173382122467,0.5396825396825397,0.002361454918338632,1.0,7.0,1.0
2026-09-01,MCHI,china,VT,-0.03744081828797763,0.5238095238095238,-0.0017805525982137577,-0.04566490546410684,0.5079365079365079,-0.0007232179237173918,-0.15003828235139993,0.4444444444444444,-0.001124330074343916,7.0,6.0,7.0
2026-09-02,VTI,us,VT,-0.008227074823114688,0.38095238095238093,-0.00039476401054699695,-0.0003477165519512049,0.4603174603174603,-1.2626412720949717e-05,0.012299600989206239,0.5158730158730159,7.665030640622048e-05,6.0,4.0,2.0
2026-09-02,VEA,developed_ex_us,VT,0.007242261980509812,0.5714285714285714,0.00035629528930128255,0.0008305645065669331,0.49206349206349204,3.901388573176791e-05,-0.023974418004689912,0.4523809523809524,-0.00013789728664609987,4.0,3.0,5.0
2026-09-02,VWO,emerging_markets,VT,0.014109065730763537,0.5238095238095238,0.0006725175653064282,-0.008846857438107314,0.4603174603174603,-0.00011515307102545899,-0.014132234174417002,0.46825396825396826,-7.12604030403205e-05,3.0,5.0,3.0
2026-09-02,VGK,europe,VT,-0.007462785887623058,0.5238095238095238,-0.0003580606520783873,0.03156952971819438,0.5238095238095238,0.00048032868548706997,-0.039053494709133885,0.4603174603174603,-0.0002687806812140008,5.0,1.0,6.0
2026-09-02,EWJ,japan,VT,0.017233711108363914,0.6666666666666666,0.0008502663590127259,0.010572249151458601,0.5714285714285714,0.00023061805794028387,-0.018825035713763594,0.5317460317460317,-7.694094615072808e-05,2.0,2.0,4.0
2026-09-02,EWY,south_korea,VT,0.04722830121714383,0.5714285714285714,0.002608162693745171,-0.17746116367563558,0.49206349206349204,-0.0019091467274719592,0.22229014443488015,0.5396825396825397,0.0024052251168106206,1.0,7.0,1.0
2026-09-02,MCHI,china,VT,-0.025515119052539004,0.5238095238095238,-0.0012097046566898711,-0.03660347221628457,0.5079365079365079,-0.0005686253097576885,-0.14781862355276554,0.4444444444444444,-0.0011100816462677235,7.0,6.0,7.0
2026-09-03,VTI,us,VT,-0.006555408008263264,0.42857142857142855,-0.00031057475120405923,-0.0008408291338755092,0.4603174603174603,-2.0227435931499538e-05,0.007119806373759419,0.5158730158730159,3.920773553503201e-05,5.0,4.0,3.0
2026-09-03,VEA,developed_ex_us,VT,0.005138827432032533,0.5714285714285714,0.0002543514178282897,0.003656505962790657,0.5079365079365079,8.294757847437234e-05,-0.009359308501200925,0.4603174603174603,-3.180447012030459e-05,4.0,3.0,4.0
2026-09-03,VWO,emerging_markets,VT,0.006403727698960804,0.47619047619047616,0.00030279676613467624,-0.011519235341049816,0.4603174603174603,-0.00015671212988633602,-0.02016051529120344,0.46825396825396826,-0.00011241166433238021,3.0,5.0,5.0
2026-09-03,VGK,europe,VT,-0.011124527367360915,0.47619047619047616,-0.0005287378038282805,0.022122841925598324,0.5079365079365079,0.00033338248423574695,-0.03236795815262372,0.4603174603174603,-0.00021536572528175617,6.0,1.0,6.0
2026-09-03,EWJ,japan,VT,0.01886665595088366,0.6666666666666666,0.0009218422391518631,0.021705805092319563,0.5873015873015873,0.00040164182839513574,0.012599294720335497,0.5396825396825397,0.0001445256519166726,2.0,2.0,2.0
2026-09-03,EWY,south_korea,VT,0.05759109056413503,0.5714285714285714,0.0030434241305987604,-0.13876796250707435,0.49206349206349204,-0.001192492970440318,0.3025552573369028,0.5396825396825397,0.002816262479647772,1.0,7.0,1.0
2026-09-03,MCHI,china,VT,-0.03920740686086166,0.47619047619047616,-0.0018640463134269062,-0.041933686065705245,0.5079365079365079,-0.0006515003983934917,-0.15922755372247177,0.4444444444444444,-0.0011769691549814241,7.0,6.0,7.0
2026-09-04,VTI,us,VT,-0.00957702726990095,0.38095238095238093,-0.0004533287312079687,-0.008183171722973892,0.4444444444444444,-0.0001287531376682912,0.006389432533879358,0.5158730158730159,3.343747170557443e-05,5.0,6.0,3.0
2026-09-04,VEA,developed_ex_us,VT,0.011421656041743722,0.6190476190476191,0.0005477191094039139,0.01578786781884145,0.5238095238095238,0.000258405260641766,-0.008525608229502879,0.4603174603174603,-2.4887163374148317e-05,4.0,3.0,4.0
2026-09-04,VWO,emerging_markets,VT,0.013364992035991508,0.47619047619047616,0.0006283221089347778,0.0038377132020381843,0.47619047619047616,7.6837845494e-05,-0.017007044394756532,0.46825396825396826,-8.80581496315992e-05,3.0,5.0,5.0
2026-09-04,VGK,europe,VT,-0.012298280536293449,0.47619047619047616,-0.0005838670907351652,0.011066996549350616,0.5079365079365079,0.00016402455836051814,-0.037410681403130086,0.4603174603174603,-0.0002484310903237516,6.0,4.0,6.0
2026-09-04,EWJ,japan,VT,0.021577258754459372,0.6666666666666666,0.0010461854855322002,0.033035998451828696,0.6031746031746031,0.0005546346061550785,0.019363774684706403,0.5476190476190477,0.00018963577621646958,2.0,1.0,2.0
2026-09-04,EWY,south_korea,VT,0.13948615390753627,0.6190476190476191,0.006582836811176297,0.021903264367033604,0.5079365079365079,0.0012940674438864789,0.3440258097039657,0.5396825396825397,0.003029853230945428,1.0,2.0,1.0
2026-09-04,MCHI,china,VT,-0.029204028206504695,0.5238095238095238,-0.0013715725514163155,-0.04086510919043618,0.5079365079365079,-0.0006100719303723493,-0.17180293329060325,0.4444444444444444,-0.0012636168983143877,7.0,7.0,7.0
2026-09-08,VTI,us,VT,-0.008592823314845899,0.38095238095238093,-0.0004114553000906108,-0.006446312351640504,0.4444444444444444,-0.00010327510543144368,0.00625463521282299,0.5158730158730159,3.319116157330003e-05,5.0,5.0,3.0
2026-09-08,VEA,developed_ex_us,VT,0.010038656450958916,0.6190476190476191,0.0004885877796135807,0.011471149510860368,0.5238095238095238,0.0001954784064595162,-0.007965243300068758,0.4603174603174603,-2.1834888519024785e-05,4.0,2.0,4.0
2026-09-08,VWO,emerging_markets,VT,0.014924065839141187,0.5238095238095238,0.0007099404643681248,0.005513290857187991,0.49206349206349204,0.00010265078873110467,-0.0181682477948375,0.46825396825396826,-9.834763605580983e-05,2.0,4.0,5.0
2026-09-08,VGK,europe,VT,-0.01287087492918948,0.47619047619047616,-0.0006192243379738528,0.010673285779611907,0.5079365079365079,0.0001599403902254476,-0.03296548661231591,0.4603174603174603,-0.00021974883673867327,6.0,3.0,6.0
2026-09-08,EWJ,japan,VT,0.013294958574508131,0.6666666666666666,0.0006647399430199387,0.02569867646682389,0.6031746031746031,0.0004498702958700801,0.01993714952993586,0.5476190476190477,0.00019534306657738068,3.0,1.0,2.0
2026-09-08,EWY,south_korea,VT,0.14577213883646545,0.6190476190476191,0.006922870838020911,-0.02244988790553637,0.5079365079365079,0.0005967802783124406,0.28826744393652426,0.5396825396825397,0.0027381602256271722,1.0,6.0,1.0
2026-09-08,MCHI,china,VT,-0.043958410779955326,0.47619047619047616,-0.0021168184999035226,-0.03845045199831021,0.5079365079365079,-0.0005767561320318319,-0.1884405270772873,0.4365079365079365,-0.0014222975727475964,7.0,7.0,7.0
2026-09-09,VTI,us,VT,-0.00919610625493994,0.38095238095238093,-0.00044263778036526683,-0.004306446611069159,0.4603174603174603,-7.108524375474374e-05,0.009801453884053402,0.5238095238095238,5.82853886033286e-05,5.0,6.0,2.0
2026-09-09,VEA,developed_ex_us,VT,0.011123104606867829,0.6190476190476191,0.000542306009726585,0.00818580316563322,0.5079365079365079,0.0001469823856773746,-0.011525308862608163,0.4523809523809524,-4.744148279224349e-05,4.0,2.0,4.0
2026-09-09,VWO,emerging_markets,VT,0.015660052981702588,0.5714285714285714,0.0007475839204254304,0.002669077958384669,0.49206349206349204,5.9774729275698126e-05,-0.025196549089107734,0.46825396825396826,-0.00015002397636491486,3.0,3.0,5.0
2026-09-09,VGK,europe,VT,-0.015510513530393455,0.47619047619047616,-0.0007487644116609404,0.0005232265216554843,0.49206349206349204,7.167790417678562e-06,-0.03806440894794938,0.4523809523809524,-0.00025816385048601934,6.0,4.0,6.0
2026-09-09,EWJ,japan,VT,0.016600020749423017,0.6666666666666666,0.0008231617164675845,0.03234329987935225,0.6031746031746031,0.0005500462508714108,0.004942773859276883,0.5396825396825397,9.126500366035596e-05,2.0,1.0,3.0
2026-09-09,EWY,south_korea,VT,0.17627781431616119,0.6666666666666666,0.008199910027210317,-0.003405367807805648,0.5238095238095238,0.0008885518982747264,0.34110061933092606,0.5476190476190477,0.003037010521085986,1.0,5.0,1.0
2026-09-09,MCHI,china,VT,-0.05635052956295683,0.42857142857142855,-0.002750900984839734,-0.05114060210185323,0.49206349206349204,-0.0007820254884685479,-0.20834831468005854,0.42857142857142855,-0.0016040919654863237,7.0,7.0,7.0
2026-09-10,VTI,us,VT,-0.005227082644889025,0.42857142857142855,-0.00025384929751725595,-0.001827468095937812,0.47619047619047616,-3.322929263678664e-05,0.011866940943917381,0.5238095238095238,7.32161331035047e-05,5.0,4.0,3.0
2026-09-10,VEA,developed_ex_us,VT,0.003646641816197893,0.5714285714285714,0.0001896454049438432,0.0034189545021348078,0.49206349206349204,7.507633694307858e-05,-0.015278402075606934,0.4523809523809524,-7.476707852183657e-05,4.0,2.0,4.0
2026-09-10,VWO,emerging_markets,VT,0.01124562519080996,0.5714285714285714,0.0005464671151495912,-0.007583786164987227,0.47619047619047616,-9.431858831728794e-05,-0.03479179915658537,0.4603174603174603,-0.0002208985785980348,3.0,5.0,5.0
2026-09-10,VGK,europe,VT,-0.016963081283375203,0.42857142857142855,-0.0008257588812801512,-0.0017388477122712853,0.47619047619047616,-2.6718706218824692e-05,-0.037633583544667726,0.4523809523809524,-0.0002570123856574293,6.0,3.0,6.0
2026-09-10,EWJ,japan,VT,0.015901486732060266,0.6666666666666666,0.0007948924793820309,0.038665115209920886,0.6190476190476191,0.000638299115461575,0.016131501005216542,0.5476190476190477,0.00016998735014556881,2.0,1.0,2.0
2026-09-10,EWY,south_korea,VT,0.10715993976752947,0.6190476190476191,0.005361024210758252,-0.023014965804251775,0.5238095238095238,0.0005960871708484218,0.26092969132570554,0.5396825396825397,0.002606420499111167,1.0,6.0,1.0
2026-09-10,MCHI,china,VT,-0.03646155312797994,0.42857142857142855,-0.0017765654816196672,-0.0650222964973155,0.47619047619047616,-0.0009970002645939315,-0.20340129426187814,0.42857142857142855,-0.0015741775404871914,7.0,7.0,7.0
2026-09-11,VTI,us,VT,-0.004613315957576303,0.42857142857142855,-0.0002230932822744283,0.004399704189205211,0.47619047619047616,6.416961904412477e-05,0.009721669711489023,0.5158730158730159,5.645192640488459e-05,5.0,2.0,3.0
2026-09-11,VEA,developed_ex_us,VT,0.0015213519746422044,0.5714285714285714,8.655450776808214e-05,-0.006821377713731147,0.49206349206349204,-8.731460646458814e-05,-0.01114503755058971,0.4603174603174603,-4.308819899042003e-05,4.0,3.0,4.0
2026-09-11,VWO,emerging_markets,VT,0.008850119804580725,0.5238095238095238,0.000429180839670431,-0.009174792131990461,0.47619047619047616,-0.0001208801328421892,-0.03221744821314143,0.4603174603174603,-0.0001968005805968004,3.0,4.0,5.0
2026-09-11,VGK,europe,VT,-0.014330133142073986,0.42857142857142855,-0.0006937485282449444,-0.01157379949555537,0.4603174603174603,-0.0001830380333826181,-0.0442352045239045,0.4444444444444444,-0.0002970198351173287,6.0,5.0,6.0
2026-09-11,EWJ,japan,VT,0.01771733251232177,0.6666666666666666,0.0008815405841667052,0.04348272930874564,0.6190476190476191,0.0007178385204891718,0.03229452621759732,0.5555555555555556,0.0002782724333637937,2.0,1.0,2.0
2026-09-11,EWY,south_korea,VT,0.08290872024701856,0.6190476190476191,0.004237986224006121,-0.08291132062061757,0.5238095238095238,-0.0004662797914439816,0.3833457480805498,0.5476190476190477,0.0032141688847686003,1.0,7.0,1.0
2026-09-11,MCHI,china,VT,-0.028646167281822232,0.42857142857142855,-0.0013832553201744385,-0.05047542708963726,0.47619047619047616,-0.0007720065370722135,-0.22049695671250613,0.42063492063492064,-0.0016731244439852845,7.0,6.0,7.0
2026-09-14,VTI,us,VT,-0.002494192066859968,0.42857142857142855,-0.0001236153642647984,0.006370821302246865,0.47619047619047616,9.510581608855133e-05,0.011303360157791653,0.5158730158730159,6.727834887290276e-05,6.0,2.0,3.0
2026-09-14,VEA,developed_ex_us,VT,-0.0022101629151651814,0.5714285714285714,-9.102336356460659e-05,-0.011628919713857933,0.49206349206349204,-0.0001631051823688372,-0.01285470882227302,0.4603174603174603,-5.492906704776667e-05,5.0,4.0,4.0
2026-09-14,VWO,emerging_markets,VT,0.010440210686759266,0.5238095238095238,0.0005142472389701896,-0.017083740259154157,0.4603174603174603,-0.00024692538842913553,-0.039686313876581725,0.4523809523809524,-0.0002498552553728894,2.0,5.0,6.0
2026-09-14,VGK,europe,VT,-0.011559952128313844,0.42857142857142855,-0.0005649650950850635,-0.010071791206797354,0.4603174603174603,-0.00016127881149671214,-0.03848373002832517,0.4444444444444444,-0.00025617310717339863,7.0,3.0,5.0
2026-09-14,EWJ,japan,VT,0.013500043232499426,0.6190476190476191,0.0006907128343229607,0.038967121325349074,0.6031746031746031,0.0006581939284184365,0.03246753718343243,0.5555555555555556,0.0002794837952424928,1.0,1.0,2.0
2026-09-14,EWY,south_korea,VT,0.009102011183440117,0.5714285714285714,0.0009530906263562793,-0.12680188439494244,0.5238095238095238,-0.0012093083585839382,0.2749339969560798,0.5396825396825397,0.002648599382286711,3.0,7.0,1.0
2026-09-14,MCHI,china,VT,0.0023251931256512703,0.47619047619047616,0.0001248240554574398,-0.040375617971751265,0.47619047619047616,-0.0006177929597000555,-0.21555125213395232,0.42063492063492064,-0.001631052612948444,4.0,6.0,7.0
2026-09-15,VTI,us,VT,-0.0026737882382816824,0.42857142857142855,-0.00013275672926942633,0.0044615840875313895,0.4603174603174603,6.662762528713676e-05,0.014914710226865857,0.5158730158730159,9.432954414800325e-05,5.0,2.0,3.0
2026-09-15,VEA,developed_ex_us,VT,-0.0018515454098840811,0.5714285714285714,-7.41246327887217e-05,-0.005928350948224748,0.5079365079365079,-7.470724530065295e-05,-0.018659472719308345,0.4603174603174603,-9.926209851352305e-05,4.0,4.0,4.0
2026-09-15,VWO,emerging_markets,VT,0.011203140061042505,0.5238095238095238,0.0005531609338905201,-0.02471979314183026,0.4444444444444444,-0.0003778267681489087,-0.04595109387365115,0.4444444444444444,-0.00030163528178524,2.0,5.0,6.0
2026-09-15,VGK,europe,VT,-0.010907492886646497,0.42857142857142855,-0.0005349532837344824,0.004107082452783017,0.47619047619047616,6.320916902220334e-05,-0.03900338201696241,0.4444444444444444,-0.0002654647749743379,7.0,3.0,5.0
2026-09-15,EWJ,japan,VT,0.012874188006804732,0.6190476190476191,0.0006633160539160869,0.031156672194401103,0.5873015873015873,0.0005489960747848741,0.021920903568164007,0.5476190476190477,0.00021006100028713047,1.0,1.0,2.0
2026-09-15,EWY,south_korea,VT,0.007927643098927128,0.5714285714285714,0.0008964150800073522,-0.16458401527646982,0.5238095238095238,-0.001993651752492532,0.2024292543669084,0.5396825396825397,0.0022356774718528738,3.0,7.0,1.0
2026-09-15,MCHI,china,VT,-0.005475237962848323,0.42857142857142855,-0.0002561465165132839,-0.03602354306069888,0.47619047619047616,-0.0005573918230699012,-0.2162295023798323,0.4126984126984127,-0.0016713866517274493,6.0,6.0,7.0
2026-09-16,VTI,us,VT,-0.0011332719293002391,0.42857142857142855,-5.762499798534466e-05,0.005358278466830457,0.4603174603174603,8.066544951630253e-05,0.014868094520490205,0.5158730158730159,9.482340561415916e-05,3.0,2.0,3.0
2026-09-16,VEA,developed_ex_us,VT,-0.005663429364778483,0.5714285714285714,-0.00026150596351711314,-0.009398716748405977,0.5079365079365079,-0.00013000572990990683,-0.017947659160014284,0.46825396825396826,-9.513691273302769e-05,4.0,4.0,4.0
2026-09-16,VWO,emerging_markets,VT,0.007276080368290971,0.5238095238095238,0.00036272968655598747,-0.015049014293834873,0.4603174603174603,-0.00022187135871523523,-0.042771488975607674,0.4444444444444444,-0.0002807500854899465,2.0,5.0,6.0
2026-09-16,VGK,europe,VT,-0.010363904439198657,0.47619047619047616,-0.000508852650262385,-0.0018483685993327947,0.47619047619047616,-3.11301470372933e-05,-0.03920720119821097,0.4444444444444444,-0.0002691946918481581,5.0,3.0,5.0
2026-09-16,EWJ,japan,VT,0.015496334850292892,0.6190476190476191,0.0007904824666082465,0.03077728999825946,0.5873015873015873,0.0005428783612212423,0.031434532872429255,0.5555555555555556,0.0002773645146711112,1.0,1.0,2.0
2026-09-16,EWY,south_korea,VT,-0.024335293713398043,0.5238095238095238,-0.0007163997807039987,-0.1474198553050572,0.5238095238095238,-0.0016739518515973162,0.1908280957610753,0.5317460317460317,0.0021745179323892946,7.0,7.0,1.0
2026-09-16,MCHI,china,VT,-0.02263298094107269,0.38095238095238093,-0.0011074116622961782,-0.033550938704700384,0.47619047619047616,-0.0005169492501053784,-0.21394305872465536,0.4126984126984127,-0.001665366825286169,6.0,6.0,7.0
2026-09-17,VTI,us,VT,-0.004513519687378897,0.38095238095238093,-0.00021763272360983014,0.007500803706894876,0.4603174603174603,0.00011141615891164044,0.012660285134605376,0.5079365079365079,7.708030973291225e-05,5.0,2.0,3.0
2026-09-17,VEA,developed_ex_us,VT,0.0019327107902671337,0.6190476190476191,0.00010492370366747365,-0.014285049934656957,0.5079365079365079,-0.0002027833557457204,-0.015286398914817756,0.47619047619047616,-7.310693478999765e-05,4.0,4.0,4.0
2026-09-17,VWO,emerging_markets,VT,0.009775165447517109,0.5714285714285714,0.0004731373094550639,-0.01878064114003286,0.4603174603174603,-0.000274984720609396,-0.03908771411883594,0.4523809523809524,-0.00024625038592132386,3.0,5.0,5.0
2026-09-17,VGK,europe,VT,-0.018564094633576667,0.42857142857142855,-0.0008952751171487506,-0.006432472524412258,0.4603174603174603,-0.00010230890807012772,-0.039164695273523176,0.4444444444444444,-0.0002619952670847713,6.0,3.0,6.0
2026-09-17,EWJ,japan,VT,0.031881137012492955,0.6190476190476191,0.0015220702184822956,0.014990139457770058,0.5714285714285714,0.00029322821866790375,0.02429153952832097,0.5476190476190477,0.0002235464571838062,2.0,1.0,2.0
2026-09-17,EWY,south_korea,VT,0.077814884294235,0.5714285714285714,0.003945215650851074,-0.13228283329494506,0.5238095238095238,-0.0013318231303284757,0.23745187620742447,0.5396825396825397,0.0024205657051650743,1.0,7.0,1.0
2026-09-17,MCHI,china,VT,-0.03537135280832637,0.3333333333333333,-0.0017097005472256502,-0.027869521679348974,0.47619047619047616,-0.0004176094257009943,-0.2191267524567465,0.4126984126984127,-0.0016606241420007986,7.0,6.0,7.0
2026-09-18,VTI,us,VT,-0.0011560624489930227,0.42857142857142855,-5.659748780366469e-05,0.009393406462851805,0.47619047619047616,0.00014249518594667955,0.014679696212406279,0.5079365079365079,9.086943369910621e-05,4.0,1.0,2.0
2026-09-18,VEA,developed_ex_us,VT,-0.0066412183892397,0.5714285714285714,-0.0003072411440700077,-0.018648437491542325,0.5079365079365079,-0.0002747554562657628,-0.022809755707730472,0.46825396825396826,-0.00012580572836948378,5.0,5.0,4.0
2026-09-18,VWO,emerging_markets,VT,0.012250113459756684,0.5714285714285714,0.000593146518251835,-0.018852093091966782,0.4603174603174603,-0.0002812779457356375,-0.031338853574305325,0.4603174603174603,-0.00019079896132982347,3.0,6.0,5.0
2026-09-18,VGK,europe,VT,-0.03036071769731641,0.38095238095238093,-0.001481046837342927,-0.006419705819010746,0.4603174603174603,-0.00010157415276339651,-0.0480593395346125,0.4444444444444444,-0.00032554448875195464,6.0,4.0,6.0
2026-09-18,EWJ,japan,VT,0.03426692342234727,0.6190476190476191,0.0016430434026188353,-0.0005410729323931385,0.5555555555555556,5.235767100893648e-05,0.014060574816180171,0.5396825396825397,0.00015415058018922927,2.0,2.0,3.0
2026-09-18,EWY,south_korea,VT,0.05028703328799755,0.5238095238095238,0.0027056820521244715,-0.18108440259330771,0.5079365079365079,-0.0023078464064593043,0.19895930753428948,0.5317460317460317,0.0021944085754307526,1.0,7.0,1.0
2026-09-18,MCHI,china,VT,-0.031040564473606924,0.3333333333333333,-0.001504107394355628,-0.002543529739387873,0.49206349206349204,-1.733679362686976e-05,-0.20551297347662156,0.42063492063492064,-0.0015443395791857949,7.0,3.0,7.0
2026-09-21,VTI,us,VT,0.00341564126894367,0.47619047619047616,0.0001589419190914244,0.012537633780796531,0.49206349206349204,0.00018850862090417984,0.009289304211655969,0.5079365079365079,5.248601293363009e-05,4.0,1.0,3.0
2026-09-21,VEA,developed_ex_us,VT,-0.01354573412522031,0.5238095238095238,-0.0006309901870556916,-0.022531243308796967,0.49206349206349204,-0.0003320670923077067,-0.013135565436696472,0.46825396825396826,-5.6951668635511125e-05,5.0,5.0,4.0
2026-09-21,VWO,emerging_markets,VT,0.012015360031210509,0.5714285714285714,0.0005747184084223018,-0.023487777324805448,0.4603174603174603,-0.00034948483925392607,-0.020699475415042468,0.46825396825396826,-0.00011090297126061076,3.0,6.0,5.0
2026-09-21,VGK,europe,VT,-0.03627733372486541,0.3333333333333333,-0.0017423959056808633,-0.010021856233889626,0.4444444444444444,-0.00015696890093327227,-0.0422963507061751,0.4444444444444444,-0.0002755932963987608,7.0,3.0,6.0
2026-09-21,EWJ,japan,VT,0.03055574202159561,0.6190476190476191,0.001439590136937592,-0.013548877604729892,0.5396825396825397,-0.00015196089163038365,0.025414396989430932,0.5396825396825397,0.00022192772460487794,2.0,4.0,2.0
2026-09-21,EWY,south_korea,VT,0.053155080163214574,0.5238095238095238,0.002818145169326975,-0.16009277998621674,0.5238095238095238,-0.0018519089265071488,0.316351444203123,0.5396825396825397,0.0027875701093667145,1.0,7.0,1.0
2026-09-21,MCHI,china,VT,-0.0357894491973868,0.3333333333333333,-0.0017037610640434472,-0.002191808521672556,0.49206349206349204,-1.0584515767015946e-05,-0.2029782129763319,0.42857142857142855,-0.001464355120701196,6.0,2.0,7.0
2026-09-22,VTI,us,VT,0.0025107582801262573,0.47619047619047616,0.00011679279443493631,0.003866267926474265,0.47619047619047616,5.558649958966758e-05,0.012597723091466229,0.5079365079365079,7.611533651974334e-05,4.0,2.0,3.0
2026-09-22,VEA,developed_ex_us,VT,-0.012721082624418067,0.5238095238095238,-0.0005936061722178886,-0.008697683909958176,0.5079365079365079,-0.00011520196128686621,-0.019536874614443756,0.46825396825396826,-0.00010371012141696139,5.0,4.0,4.0
2026-09-22,VWO,emerging_markets,VT,0.007179620520320507,0.5238095238095238,0.0003489266631941617,-0.016183267904909204,0.4603174603174603,-0.00023251405157628934,-0.03134470260807376,0.4603174603174603,-0.0001878588350289747,3.0,5.0,5.0
2026-09-22,VGK,europe,VT,-0.038581307748992155,0.2857142857142857,-0.0018619434943219519,-0.0188590963871742,0.42857142857142855,-0.0002870504911026924,-0.049204968297636764,0.4365079365079365,-0.00032965580954257066,7.0,6.0,6.0
2026-09-22,EWJ,japan,VT,0.03232303041977813,0.6190476190476191,0.0015250442898355754,0.017555202071911413,0.5555555555555556,0.00031175187421530543,0.018159770493121785,0.5396825396825397,0.00017414737985350947,2.0,1.0,2.0
2026-09-22,EWY,south_korea,VT,0.0745717423158434,0.5714285714285714,0.003787573798151301,-0.04527304762265394,0.5396825396825397,2.2225471534208562e-05,0.26895380932061475,0.5396825396825397,0.0025415348838484218,1.0,7.0,1.0
2026-09-22,MCHI,china,VT,-0.030832397964172475,0.38095238095238093,-0.0014654598207173933,-0.0003631342350172151,0.49206349206349204,1.8271417199834682e-05,-0.18818712839330387,0.4365079365079365,-0.001366762730098942,6.0,3.0,7.0
2026-09-23,VTI,us,VT,0.005329207751818221,0.47619047619047616,0.00025004354150439035,0.007565359676819927,0.47619047619047616,0.00011203614498816047,0.01482676129391125,0.5079365079365079,9.149151300364836e-05,4.0,2.0,2.0
2026-09-23,VEA,developed_ex_us,VT,-0.017776790007843157,0.5238095238095238,-0.0008393276699770905,-0.016785965013973447,0.49206349206349204,-0.00024087335192117068,-0.022832746457583708,0.46825396825396826,-0.00012700606189629062,5.0,5.0,4.0
2026-09-23,VWO,emerging_markets,VT,0.006665351061781233,0.5238095238095238,0.00032890405664137966,-0.014074980303113716,0.4603174603174603,-0.00020199097492118367,-0.031319135046494084,0.4603174603174603,-0.00018894022752124335,3.0,4.0,5.0
2026-09-23,VGK,europe,VT,-0.04505124162762908,0.23809523809523808,-0.0021959258597595843,-0.02080850620513619,0.42857142857142855,-0.000320015798096252,-0.052715982915508386,0.4365079365079365,-0.00035669563417351034,7.0,6.0,6.0
2026-09-23,EWJ,japan,VT,0.025555321968783518,0.5714285714285714,0.001226802789740411,0.012422937649307908,0.5555555555555556,0.00023854433488986027,0.0091221375482613,0.5317460317460317,0.00011472876183739784,2.0,1.0,3.0
2026-09-23,EWY,south_korea,VT,0.07141890559881159,0.5714285714285714,0.0036850608209094853,-0.09437641159349353,0.5238095238095238,-0.0007892007472789139,0.2793862505909541,0.5396825396825397,0.0026083980462331974,1.0,7.0,1.0
2026-09-23,MCHI,china,VT,-0.029787971656980328,0.38095238095238093,-0.0014232789345448634,-0.0016877233082408516,0.49206349206349204,-4.783396554267644e-07,-0.2006145896799616,0.42857142857142855,-0.0014779699567454524,6.0,3.0,7.0
2026-09-24,VTI,us,VT,0.009327198563004013,0.5238095238095238,0.0004431634747850133,0.011964537511989892,0.49206349206349204,0.00017993906337717322,0.019862461149254163,0.5158730158730159,0.000127004382269791,3.0,1.0,2.0
2026-09-24,VEA,developed_ex_us,VT,-0.025238708434340174,0.47619047619047616,-0.0012134263383967382,-0.02883820314623531,0.47619047619047616,-0.0004332522671029891,-0.030637575104840664,0.4603174603174603,-0.0001841368754850439,5.0,6.0,4.0
2026-09-24,VWO,emerging_markets,VT,-0.001303265765133177,0.47619047619047616,-5.272759446682871e-05,-0.00962331004074879,0.4603174603174603,-0.00013363320581459714,-0.04474299825114936,0.4523809523809524,-0.0002882447126077551,4.0,4.0,5.0
2026-09-24,VGK,europe,VT,-0.043075772132258994,0.23809523809523808,-0.002113297060125651,-0.02453216729116825,0.42857142857142855,-0.00038123823376369514,-0.055354625103146704,0.4365079365079365,-0.00038046618079990764,7.0,5.0,6.0
2026-09-24,EWJ,japan,VT,0.01139458743061006,0.5238095238095238,0.0005701131373994454,-0.0038489579586653555,0.5396825396825397,-9.349818957834293e-06,-0.013278277285560414,0.5238095238095238,-3.97263253045488e-05,2.0,3.0,3.0
2026-09-24,EWY,south_korea,VT,0.022723570092602063,0.5238095238095238,0.0014478798517526853,-0.139371539207377,0.5079365079365079,-0.0015901742094400146,0.2789960373439868,0.5396825396825397,0.0026243174991960392,1.0,7.0,1.0
2026-09-24,MCHI,china,VT,-0.03221479808820937,0.38095238095238093,-0.0015530519070890874,0.010411538413305887,0.49206349206349204,0.00018425155652857138,-0.21135071476476552,0.42063492063492064,-0.0015872408044496924,6.0,2.0,7.0
2026-09-25,VTI,us,VT,0.006737536645640252,0.47619047619047616,0.0003170410571162952,0.006287361291216653,0.47619047619047616,9.214796901398202e-05,0.015447584349435273,0.5079365079365079,9.458431244918102e-05,3.0,2.0,2.0
2026-09-25,VEA,developed_ex_us,VT,-0.016834731056624253,0.5238095238095238,-0.0007934442244738683,-0.021505163295794327,0.49206349206349204,-0.00031298213292967124,-0.0214389206938832,0.46825396825396826,-0.00011561930236218534,5.0,5.0,4.0
2026-09-25,VWO,emerging_markets,VT,-0.0036858690110187498,0.42857142857142855,-0.0001666755516036778,-0.013234290313028918,0.4444444444444444,-0.00018741620064458405,-0.038315977463950324,0.4523809523809524,-0.00023676833483285024,4.0,4.0,5.0
2026-09-25,VGK,europe,VT,-0.03885809988409894,0.2857142857142857,-0.001889020891451429,-0.02241502463507894,0.4444444444444444,-0.0003438584015688102,-0.05664379067774861,0.4365079365079365,-0.0003792741593149237,6.0,6.0,6.0
2026-09-25,EWJ,japan,VT,0.028863210742536283,0.5714285714285714,0.0013944744954367525,0.013116318662066861,0.5555555555555556,0.00025209623722270594,0.010291921686657268,0.5317460317460317,0.00012233840529235043,2.0,1.0,3.0
2026-09-25,EWY,south_korea,VT,0.04731384019550655,0.5714285714285714,0.0025884851155194566,-0.09336012285411988,0.5238095238095238,-0.0007781080888422524,0.37980563246884036,0.5476190476190477,0.0031034249678476822,1.0,7.0,1.0
2026-09-25,MCHI,china,VT,-0.04234306913898933,0.3333333333333333,-0.0020449821622785893,0.0002291928978019886,0.49206349206349204,2.786672859184191e-05,-0.2177895330218006,0.42063492063492064,-0.0015963213015152346,7.0,3.0,7.0
