as_of,ticker,sector,benchmark,return_21,benchmark_return_21,excess_21,freq_21,magnitude_21,return_63,benchmark_return_63,excess_63,freq_63,magnitude_63,return_126,benchmark_return_126,excess_126,freq_126,magnitude_126,return_252,benchmark_return_252,excess_252,freq_252,magnitude_252,return_756,benchmark_return_756,excess_756,freq_756,magnitude_756,return_12_1,benchmark_return_12_1,excess_12_1,return_12_7,benchmark_return_12_7,excess_12_7,consistency_12m,monthly_rel_magnitude_12m,prior_drawdown_252_ex63,benchmark_prior_drawdown_252_ex63,benchmark_current_drawdown,rebound_63,benchmark_rebound_63,rank_21,rank_63,rank_126,rank_252,rank_756,rank_12_1,rank_12_7,rank_consistency_12m,rank_prior_drawdown,rank_rebound_63,bounce_flag_research,old_leader_failure_flag,rank_improvement_126_to_63
2020-10-30,VTI,us,VT,-0.02760120361067797,-0.028293821590915647,0.0006926179802376753,0.47619047619047616,4.948231105425659e-05,0.004282571329191631,-0.0037117443002808725,0.007994315629472504,0.5396825396825397,0.00014325755512579875,0.18326823118853497,0.1780503746003963,0.00521785658813867,0.5238095238095238,4.747456298207515e-05,0.10385799271990215,0.04912567688053171,0.05473231583937044,0.5515873015873016,0.00022273183004600837,0.3379560318231414,0.1750897092090571,0.1628663226140843,0.5370370370370371,0.00018298347047419224,0.13519062016397987,0.07967377401901654,0.05551684614496333,-0.1774062778955171,-0.19427304035904258,0.016866762463525475,0.6666666666666666,0.004297358666412528,-0.35000299916880184,-0.3423623631010123,-0.06683630992386713,0.004282571329191631,-0.0037117443002808725,5,5,4,3,1,3,2,1,4,5,False,False,-1
2020-10-30,VEA,developed_ex_us,VT,-0.04107923010068282,-0.028293821590915647,-0.012785408509767171,0.38095238095238093,-0.0006387784336400404,-0.020770882771296684,-0.0037117443002808725,-0.01705913847101581,0.42857142857142855,-0.0002820033595513259,0.14149038751976972,0.1780503746003963,-0.03655998708062658,0.4523809523809524,-0.0002488806052999793,-0.04619342088219258,0.04912567688053171,-0.09531909776272429,0.40476190476190477,-0.000394555733383741,-0.021548170480212958,0.1750897092090571,-0.19663787968927005,0.4417989417989418,-0.00025064352209377695,-0.00533327772433867,0.07967377401901654,-0.08500705174335521,-0.22304431220390153,-0.19427304035904258,-0.028771271844858948,0.3333333333333333,-0.007835356239045918,-0.3526921565150114,-0.3423623631010123,-0.06683630992386713,-0.020770882771296684,-0.0037117443002808725,6,6,6,6,5,6,6,6,3,6,False,False,0
2020-10-30,VWO,emerging_markets,VT,0.0043559635919461215,-0.028293821590915647,0.03264978518286177,0.5238095238095238,0.0015566861666132077,0.020699935034108385,-0.0037117443002808725,0.024411679334389258,0.5238095238095238,0.00038269422671992765,0.25499559243395153,0.1780503746003963,0.07694521783355524,0.5396825396825397,0.0005131238487268179,0.07702471645346587,0.04912567688053171,0.02789903957293416,0.5317460317460317,0.00010264017907435142,0.07076939846177122,0.1750897092090571,-0.10432031074728587,0.5119047619047619,-0.00010751185297085829,0.07235358328697483,0.07967377401901654,-0.007320190732041709,-0.19247728397551922,-0.19427304035904258,0.0017957563835233614,0.5,0.00264055926094107,-0.3352890458877287,-0.3423623631010123,-0.06683630992386713,0.020699935034108385,-0.0037117443002808725,2,4,3,4,3,4,4,4,5,4,False,False,-1
2020-10-30,VGK,europe,VT,-0.06150637283614324,-0.028293821590915647,-0.033212551245227595,0.47619047619047616,-0.0016239371400620002,-0.06263426638151837,-0.0037117443002808725,-0.058922522081237494,0.5079365079365079,-0.0009497413096093668,0.11359827968051861,0.1780503746003963,-0.06445209491987769,0.5158730158730159,-0.0004207545746825998,-0.08690042396453235,0.04912567688053171,-0.13602610084506406,0.4722222222222222,-0.0005359461648754,-0.06524670059571491,0.1750897092090571,-0.240336409804772,0.4656084656084656,-0.0002974710666411433,-0.02705830960741884,0.07967377401901654,-0.10673208362643538,-0.2331453717931562,-0.19427304035904258,-0.038872331434113616,0.25,-0.011398118640259683,-0.3712980831730748,-0.3423623631010123,-0.06683630992386713,-0.06263426638151837,-0.0037117443002808725,7,7,7,7,7,7,7,7,2,7,False,False,0
2020-10-30,EWJ,japan,VT,-0.014218031436384782,-0.028293821590915647,0.014075790154530865,0.47619047619047616,0.0006391463400001159,0.050505133624068055,-0.0037117443002808725,0.05421687792434893,0.47619047619047616,0.00081042452790406,0.16012228741228784,0.1780503746003963,-0.017928087188108455,0.46825396825396826,-0.00014199181686684053,0.012313111170604296,0.04912567688053171,-0.036812565709927414,0.44047619047619047,-0.00023061221865056631,0.04931126256956486,0.1750897092090571,-0.12577844663949223,0.4708994708994709,-0.00017801369145033623,0.02691380391715592,0.07967377401901654,-0.05275997010186062,-0.17845303721369832,-0.19427304035904258,0.015820003145344264,0.4166666666666667,-0.0021646597352573496,-0.28313148519995035,-0.3423623631010123,-0.06683630992386713,0.050505133624068055,-0.0037117443002808725,3,3,5,5,4,5,3,5,6,3,False,False,2
2020-10-30,EWY,south_korea,VT,-0.016815571410909835,-0.028293821590915647,0.011478250180005811,0.47619047619047616,0.0005711077784752069,0.06445808528568686,-0.0037117443002808725,0.06816982958596773,0.6349206349206349,0.0010857263963722386,0.29360194333262335,0.1780503746003963,0.11555156873222705,0.5634920634920635,0.0007904781797481935,0.12536645827765525,0.04912567688053171,0.07624078139712354,0.5317460317460317,0.00039575714205135625,-0.05342856086340009,0.1750897092090571,-0.22851827007245717,0.48412698412698413,-0.00021300356628058543,0.14461379325606494,0.07967377401901654,0.0649400192370484,-0.20444055177287312,-0.19427304035904258,-0.010167511413830543,0.5833333333333334,0.0064266619557637,-0.39194869792842535,-0.3423623631010123,-0.06683630992386713,0.06445808528568686,-0.0037117443002808725,4,2,2,2,6,2,5,2,1,2,False,False,0
2020-10-30,MCHI,china,VT,0.03834336626458845,-0.028293821590915647,0.0666371878555041,0.5238095238095238,0.003162583979026256,0.06553324982139652,-0.0037117443002808725,0.0692449941216774,0.5396825396825397,0.0010955724877391257,0.3473215095077953,0.1780503746003963,0.16927113490739898,0.5555555555555556,0.0011175751013246446,0.34663209324984856,0.04912567688053171,0.29750641636931685,0.5436507936507936,0.0009617038511488254,0.2589568177820305,0.1750897092090571,0.08386710857297341,0.5119047619047619,0.00012960551352147226,0.29690441235669485,0.07967377401901654,0.2172306383376783,-0.018291955894598422,-0.19427304035904258,0.17598108446444416,0.5833333333333334,0.022254531094859253,-0.22750087434111366,-0.3423623631010123,-0.06683630992386713,0.06553324982139652,-0.0037117443002808725,1,1,1,1,2,1,1,2,7,1,False,False,0
2020-11-30,VTI,us,VT,0.10617363528689738,0.11256010189580046,-0.006386466608903074,0.42857142857142855,-0.0002742596185497659,0.057455913517775015,0.06842739151656185,-0.010971477998786838,0.47619047619047616,-0.00014718855192108119,0.20779314988307318,0.20021129500743662,0.007581854875636562,0.5079365079365079,6.157349607395699e-05,0.1891063798768775,0.14944691321834114,0.03965946665853637,0.5238095238095238,0.00015542531399421162,0.4600542590986749,0.2927740822556637,0.16728017684301122,0.5370370370370371,0.00017226097313545528,0.07497262811590222,0.03315489316908393,0.041817734946818286,-0.10456712816319857,-0.13424496603307634,0.029677837869877766,0.5833333333333334,0.002881425631063389,-0.35000299916880184,-0.3423623631010123,-0.011250773914556755,0.057455913517775015,0.06842739151656185,4,6,4,3,1,4,2,2,4,6,False,False,-2
2020-11-30,VEA,developed_ex_us,VT,0.13720061529997607,0.11256010189580046,0.024640513404175612,0.6666666666666666,0.001067428834864183,0.08260453009585378,0.06842739151656185,0.014177138579291926,0.5396825396825397,0.0002066168151768386,0.17089653145557038,0.20021129500743662,-0.02931476355186624,0.49206349206349204,-0.00019437980675613483,0.07570742384179296,0.14944691321834114,-0.07373948937654817,0.4365079365079365,-0.00027754363245174267,0.1013093765458506,0.2927740822556637,-0.1914647057098131,0.4470899470899471,-0.00021977016592212136,-0.05407418060705338,0.03315489316908393,-0.08722907377613731,-0.1762120659679789,-0.13424496603307634,-0.04196709993490255,0.4166666666666667,-0.005416715571720428,-0.3526921565150114,-0.3423623631010123,-0.011250773914556755,0.08260453009585378,0.06842739151656185,3,4,5,6,5,6,6,5,3,4,False,False,1
2020-11-30,VWO,emerging_markets,VT,0.07431703513654675,0.11256010189580046,-0.03824306675925371,0.38095238095238093,-0.0016556922903444887,0.0867551074045545,0.06842739151656185,0.018327715887992646,0.5238095238095238,0.00026162037572362626,0.2334952596919735,0.20021129500743662,0.03328396468453687,0.5238095238095238,0.0002251177823593673,0.16337664901025084,0.14944691321834114,0.013929735791909703,0.5317460317460317,4.597869008956649e-05,0.13630814541244374,0.2927740822556637,-0.15646593684321997,0.5079365079365079,-0.00015537630771238377,0.08289881939960542,0.03315489316908393,0.049743926230521485,-0.1567087483564663,-0.13424496603307634,-0.02246378232338997,0.5,0.001489229584161376,-0.3352890458877287,-0.3423623631010123,-0.011250773914556755,0.0867551074045545,0.06842739151656185,6,3,3,4,3,3,5,4,5,3,False,False,0
2020-11-30,VGK,europe,VT,0.1602008110689559,0.11256010189580046,0.04764070917315544,0.7142857142857143,0.0020315141879649256,0.06658230468573456,0.06842739151656185,-0.0018450868308272916,0.6190476190476191,-3.1517939164891666e-06,0.1593756155292394,0.20021129500743662,-0.04083567947819722,0.5634920634920635,-0.0002502477402660017,0.04922653584110814,0.14944691321834114,-0.100220377377233,0.5,-0.0003437335749878487,0.08169326007513322,0.2927740822556637,-0.21108082218053048,0.4748677248677249,-0.0002296880705920141,-0.0956509202278536,0.03315489316908393,-0.12880581339693753,-0.19015621133870808,-0.13424496603307634,-0.05591124530563174,0.3333333333333333,-0.007382317804520737,-0.3712980831730748,-0.3423623631010123,-0.011250773914556755,0.06658230468573456,0.06842739151656185,1,5,6,7,6,7,7,7,2,5,False,False,1
2020-11-30,EWJ,japan,VT,0.09918063712763381,0.11256010189580046,-0.013379464768166649,0.47619047619047616,-0.0005395863596016969,0.10978994078209814,0.06842739151656185,0.041362549265536286,0.4603174603174603,0.0005825619057533973,0.14868990664468718,0.20021129500743662,-0.05152138836274944,0.46825396825396826,-0.00036390342197555026,0.10508646131182342,0.14944691321834114,-0.04436045190651772,0.44047619047619047,-0.0002420571091532593,0.12974453790019713,0.2927740822556637,-0.16302954435546657,0.4695767195767196,-0.00020584130979986253,0.005372933242003608,0.03315489316908393,-0.027781959927080324,-0.13416345916235184,-0.13424496603307634,8.150687072450147e-05,0.4166666666666667,-0.0024634971966477994,-0.28313148519995035,-0.3423623631010123,-0.011250773914556755,0.10978994078209814,0.06842739151656185,5,2,7,5,4,5,4,5,6,2,False,False,5
2020-11-30,EWY,south_korea,VT,0.1515975663274689,0.11256010189580046,0.039037464431668445,0.7142857142857143,0.0016944265054134467,0.21166969849545492,0.06842739151656185,0.14324230697889306,0.6666666666666666,0.002009196285042063,0.3578537060823952,0.20021129500743662,0.15764241107495858,0.5952380952380952,0.0010238320537176958,0.3355484176031842,0.14944691321834114,0.18610150438484308,0.5634920634920635,0.0007111231864022486,0.06354487435371037,0.2927740822556637,-0.22922920790195334,0.49206349206349204,-0.0001857096535733265,0.15973535951656137,0.03315489316908393,0.12658046634747744,-0.1289750880224103,-0.13424496603307634,0.005269878010666029,0.6666666666666666,0.01313319079035217,-0.39194869792842535,-0.3423623631010123,-0.011250773914556755,0.21166969849545492,0.06842739151656185,2,1,1,2,7,2,3,1,1,1,False,False,0
2020-11-30,MCHI,china,VT,0.009103503323000695,0.11256010189580046,-0.10345659857279976,0.3333333333333333,-0.004571671074506057,0.05498982622515025,0.06842739151656185,-0.013437565291411602,0.47619047619047616,-0.00017025335324519792,0.26293105184504895,0.20021129500743662,0.06271975683761233,0.5238095238095238,0.00045574170374020523,0.35526217173173924,0.14944691321834114,0.2058152585133981,0.5317460317460317,0.0006272433955627404,0.21750615120620487,0.2927740822556637,-0.07526793104945884,0.5026455026455027,-4.0175398079544664e-05,0.343035840494885,0.03315489316908393,0.30988094732580107,-0.024000627720221712,-0.13424496603307634,0.11024433831285463,0.5833333333333334,0.01550363208715283,-0.22750087434111366,-0.3423623631010123,-0.011250773914556755,0.05498982622515025,0.06842739151656185,7,7,2,1,2,1,1,2,7,7,False,True,-5
2020-12-31,VTI,us,VT,0.03364210770876919,0.0339395306622956,-0.0002974229535264161,0.5714285714285714,-1.1974644296158005e-05,0.1380115075720687,0.14574071134321298,-0.007729203771144277,0.49206349206349204,-0.00010230986978681813,0.24142662318199104,0.23193062852980884,0.009495994652182205,0.5238095238095238,6.887931048438476e-05,0.2007803958418588,0.15419190770215208,0.04658848813970673,0.5317460317460317,0.00017795262553475512,0.4992660972187568,0.3341480705957145,0.1651180266230423,0.541005291005291,0.00016562094059494284,0.16169841271615581,0.11630503861558328,0.04539337410057254,-0.03541891097201233,-0.06721660609809887,0.031797695126086545,0.5833333333333334,0.003201195259788764,-0.35000299916880184,-0.3423623631010123,0.0,0.1380115075720687,0.14574071134321298,4,6,2,3,1,3,2,2,4,6,False,False,-4
2020-12-31,VEA,developed_ex_us,VT,0.03405528829815507,0.0339395306622956,0.0001157576358594703,0.5238095238095238,1.2318577913849632e-05,0.1577197642359438,0.14574071134321298,0.011979052892730824,0.5238095238095238,0.00017529780969310638,0.218027134906847,0.23193062852980884,-0.013903493622961838,0.5,-8.472644659125045e-05,0.08824704906995517,0.15419190770215208,-0.0659448586321969,0.44841269841269843,-0.00024694001014411717,0.1469517112930805,0.3341480705957145,-0.187196359302634,0.4470899470899471,-0.0002074100625383374,0.052407024445461525,0.11630503861558328,-0.06389801417012175,-0.09977174170432657,-0.06721660609809887,-0.03255513560622769,0.4166666666666667,-0.004953821812271775,-0.3526921565150114,-0.3423623631010123,0.0,0.1577197642359438,0.14574071134321298,3,2,5,6,6,6,5,6,3,2,True,False,3
2020-12-31,VWO,emerging_markets,VT,0.03837916542023789,0.0339395306622956,0.00443963475794229,0.42857142857142855,0.00022523896635010372,0.1557382709699897,0.14574071134321298,0.00999755962677673,0.4603174603174603,0.00014418513064896028,0.23886113316489843,0.23193062852980884,0.006930504635089596,0.49206349206349204,5.9728668389470386e-05,0.12494125982535387,0.15419190770215208,-0.029250647876798208,0.5158730158730159,-0.0001030045229352304,0.18546644792295397,0.3341480705957145,-0.14868162267276053,0.503968253968254,-0.00014092686913349232,0.08336270342065633,0.11630503861558328,-0.03294233519492695,-0.1228985752984445,-0.06721660609809887,-0.05568196920034563,0.5,-0.0005756105186382013,-0.3352890458877287,-0.3423623631010123,0.0,0.1557382709699897,0.14574071134321298,2,3,3,5,4,5,7,3,5,3,False,False,0
2020-12-31,VGK,europe,VT,0.0307047683934496,0.0339395306622956,-0.003234762268846003,0.5238095238095238,-0.0001359661551679241,0.15437362168683344,0.14574071134321298,0.008632910343620459,0.5714285714285714,0.00014986036906049547,0.19825901798126178,0.23193062852980884,-0.03367161054854706,0.5714285714285714,-0.00019566891712557988,0.05211957562379155,0.15419190770215208,-0.10207233207836053,0.503968253968254,-0.00034780147744137865,0.1274157457964038,0.3341480705957145,-0.2067323247993107,0.4801587301587302,-0.00021600537034127633,0.020776858599112824,0.11630503861558328,-0.09552818001647045,-0.11741813685088875,-0.06721660609809887,-0.05020153075278988,0.3333333333333333,-0.00764397489590396,-0.3712980831730748,-0.3423623631010123,0.0,0.15437362168683344,0.14574071134321298,6,4,6,7,7,7,6,7,2,4,False,False,2
2020-12-31,EWJ,japan,VT,0.032192035432285326,0.0339395306622956,-0.0017474952300102764,0.38095238095238093,-7.328248816613441e-05,0.14802512510411558,0.14574071134321298,0.002284413760902604,0.4444444444444444,3.3055257839504245e-05,0.22938798364617274,0.23193062852980884,-0.0025426448836360915,0.4603174603174603,-2.031946960164473e-05,0.1420576965635556,0.15419190770215208,-0.012134211138596473,0.44841269841269843,-0.0001268604061517963,0.18297488378987214,0.3341480705957145,-0.15117318680584235,0.4669312169312169,-0.00018646835421679217,0.10643916767412209,0.11630503861558328,-0.009865870941461186,-0.049615825677586156,-0.06721660609809887,0.01760078042051272,0.5,-6.212787312880515e-05,-0.28313148519995035,-0.3423623631010123,0.0,0.14802512510411558,0.14574071134321298,5,5,4,4,5,4,3,3,6,5,False,False,-1
2020-12-31,EWY,south_korea,VT,0.11298608620707218,0.0339395306622956,0.07904655554477658,0.5714285714285714,0.003598198890676823,0.31363042896877724,0.14574071134321298,0.16788971762556426,0.6031746031746031,0.002220057380023126,0.4850615039723416,0.23193062852980884,0.25313087544253277,0.6190476190476191,0.001529010481610784,0.3947682984842267,0.15419190770215208,0.2405763907820746,0.5674603174603174,0.0008705166288655582,0.19875075070255366,0.3341480705957145,-0.13539731989316084,0.4973544973544973,-6.752279161269549e-05,0.25317676093996444,0.11630503861558328,0.13687172232438116,-0.05694061686423457,-0.06721660609809887,0.010275989233864302,0.6666666666666666,0.015697671698433557,-0.39194869792842535,-0.3423623631010123,0.0,0.31363042896877724,0.14574071134321298,1,1,1,1,3,1,4,1,1,1,False,False,0
2020-12-31,MCHI,china,VT,0.014284938876449216,0.0339395306622956,-0.019654591785846387,0.42857142857142855,-0.0008586675342941838,0.09003469275344078,0.14574071134321298,-0.0557060185897722,0.42857142857142855,-0.0007488898256258026,0.19561969329811002,0.23193062852980884,-0.036310935231698815,0.49206349206349204,-0.0001688760079411604,0.2365007418990852,0.15419190770215208,0.08230883419693313,0.5079365079365079,0.00024758149298001946,0.26808568620269413,0.3341480705957145,-0.06606238439302037,0.5013227513227513,-2.835403698680117e-05,0.21908617046881362,0.11630503861558328,0.10278113185323035,-0.028687919772243275,-0.06721660609809887,0.0385286863258556,0.5,0.00935024799771215,-0.22750087434111366,-0.3423623631010123,0.0,0.09003469275344078,0.14574071134321298,7,7,7,2,2,2,1,3,7,7,False,True,0
2021-01-29,VTI,us,VT,0.003933046318188582,0.0019523034073829493,0.001980742910805633,0.5714285714285714,9.643445466075587e-05,0.1649403903744242,0.17493970579594098,-0.009999315421516775,0.5238095238095238,-0.00013482484568606867,0.18761826902103684,0.18110224807376696,0.006516020947269885,0.5317460317460317,5.1977785612791096e-05,0.18612993714122505,0.16151158958585077,0.024618347555374287,0.5317460317460317,0.00010457357721594545,0.4056688815581031,0.25014690211301405,0.15552197944508905,0.541005291005291,0.0001664685364042178,0.18148310934800183,0.15924838501378535,0.02223472433421647,-0.05068132256828639,-0.06969356122211112,0.01901223865382473,0.5,0.001846498408688067,-0.35000299916880184,-0.3423623631010123,-0.040610566927055225,0.1649403903744242,0.17493970579594098,4,5,5,4,1,4,3,4,4,5,False,False,0
2021-01-29,VEA,developed_ex_us,VT,-0.011806969622667363,0.0019523034073829493,-0.013759273030050312,0.42857142857142855,-0.0006512828614291361,0.1983168817903671,0.17493970579594098,0.023377175994426125,0.5555555555555556,0.0003267040033554486,0.17083317325402447,0.18110224807376696,-0.010269074819742485,0.49206349206349204,-6.364101905153953e-05,0.10376687988628297,0.16151158958585077,-0.0577447096995678,0.4642857142857143,-0.00021545428953627136,0.07676433730762988,0.25014690211301405,-0.17338256480538417,0.45105820105820105,-0.0002047204024013557,0.1169547304587033,0.15924838501378535,-0.04229365455508205,-0.09930839976206673,-0.06969356122211112,-0.029614838539955612,0.4166666666666667,-0.00414673441431256,-0.3526921565150114,-0.3423623631010123,-0.040610566927055225,0.1983168817903671,0.17493970579594098,6,3,6,6,6,6,6,6,3,3,True,False,3
2021-01-29,VWO,emerging_markets,VT,0.042986995394324934,0.0019523034073829493,0.041034691986941985,0.47619047619047616,0.0019537555831494005,0.18677943252079876,0.17493970579594098,0.01183972672485778,0.4444444444444444,0.00018411684174891356,0.21358599597532835,0.18110224807376696,0.03248374790156139,0.47619047619047616,0.00022663200862015658,0.23505547187082998,0.16151158958585077,0.07354388228497921,0.5158730158730159,0.00024141151441191565,0.11857279547058575,0.25014690211301405,-0.1315741066424283,0.5,-0.00013129167416609333,0.1841523214811409,0.15924838501378535,0.02490393646735556,-0.068175068923504,-0.06969356122211112,0.0015184922986071214,0.5833333333333334,0.00559650006508014,-0.3352890458877287,-0.3423623631010123,-0.040610566927055225,0.18677943252079876,0.17493970579594098,2,4,3,3,4,3,5,2,5,4,False,False,-1
2021-01-29,VGK,europe,VT,-0.021952853104268866,0.0019523034073829493,-0.023905156511651815,0.47619047619047616,-0.0011366300096303423,0.21924771336933047,0.17493970579594098,0.044308007573389485,0.5873015873015873,0.0006097573943550504,0.14050697184128969,0.18110224807376696,-0.04059527623247727,0.5476190476190477,-0.0002541845724298816,0.06817663316282108,0.16151158958585077,-0.09333495642302969,0.5158730158730159,-0.0003121351172868702,0.05136543859227127,0.25014690211301405,-0.19878146352074277,0.48544973544973546,-0.00022215192872757878,0.09215249648563062,0.15924838501378535,-0.06709588852815473,-0.11560778539213079,-0.06969356122211112,-0.04591422417001967,0.3333333333333333,-0.006905559797792837,-0.3712980831730748,-0.3423623631010123,-0.040610566927055225,0.21924771336933047,0.17493970579594098,7,2,7,7,7,7,7,7,2,2,True,False,5
2021-01-29,EWJ,japan,VT,-0.004901947863887757,0.0019523034073829493,-0.006854251271270706,0.47619047619047616,-0.0003170983327752146,0.1567439904626684,0.17493970579594098,-0.018195715333272577,0.4444444444444444,-0.00022845214391505517,0.20590085323809326,0.18110224807376696,0.024798605164326304,0.4603174603174603,0.00016327317016908598,0.15460390186004758,0.16151158958585077,-0.006907687725803191,0.4523809523809524,-0.00010768097594191039,0.09634324516593118,0.25014690211301405,-0.15380365694708287,0.46825396825396826,-0.00020092296043613543,0.16029159074478572,0.15924838501378535,0.0010432057310003628,-0.057131171826072524,-0.06969356122211112,0.012562389396038598,0.5,0.00023484796210926362,-0.28313148519995035,-0.3423623631010123,-0.040610566927055225,0.1567439904626684,0.17493970579594098,5,6,4,5,5,5,4,4,6,6,False,False,-2
2021-01-29,EWY,south_korea,VT,0.041863763146416266,0.0019523034073829493,0.03991145973903332,0.5238095238095238,0.0020677654250242875,0.34451777967175934,0.17493970579594098,0.16957807387581836,0.6031746031746031,0.0022548111811521764,0.4587333674456391,0.18110224807376696,0.2776311193718721,0.626984126984127,0.0017495451507137532,0.4958469639140086,0.16151158958585077,0.33433537432815785,0.5753968253968254,0.0011328115093269236,0.16955672285138457,0.25014690211301405,-0.08059017926162948,0.49867724867724866,-8.918708837416628e-06,0.4357414249599856,0.15924838501378535,0.2764930399462002,-0.03740515647312104,-0.06969356122211112,0.032288404748990085,0.75,0.022739616662823703,-0.39194869792842535,-0.3423623631010123,-0.040610566927055225,0.34451777967175934,0.17493970579594098,3,1,1,1,3,1,2,1,1,1,False,False,0
2021-01-29,MCHI,china,VT,0.10560881914854137,0.0019523034073829493,0.10365651574115842,0.6190476190476191,0.004827133293250844,0.13719085544879173,0.17493970579594098,-0.037748850347149254,0.4603174603174603,-0.0004307009752288561,0.23066098862553464,0.18110224807376696,0.04955874055176768,0.5079365079365079,0.00038346723030805634,0.44495815974117114,0.16151158958585077,0.2834465701553204,0.5238095238095238,0.0008433732245793022,0.2121762230466817,0.25014690211301405,-0.037970679066332336,0.5013227513227513,-4.799951372383647e-07,0.3069343647728604,0.15924838501378535,0.14768597975907505,0.07238234706971158,-0.06969356122211112,0.1420759082918227,0.5833333333333334,0.020236063673348664,-0.22750087434111366,-0.3423623631010123,-0.040610566927055225,0.13719085544879173,0.17493970579594098,1,7,2,2,2,2,1,2,7,7,False,False,-5
2021-02-26,VTI,us,VT,0.021285051958379597,0.014765733408624415,0.006519318549755182,0.42857142857142855,0.0003099472833440185,0.07091395280355628,0.06640031342140129,0.004513639382154988,0.5238095238095238,6.952404044569687e-05,0.14592291521677625,0.14766019988242207,-0.0017372846656458218,0.5,-2.268808381213094e-06,0.3445237946596782,0.30345551266554316,0.041068281994135036,0.5238095238095238,0.00014322177292701277,0.48605795249114503,0.3215138937845421,0.16454405870660294,0.5396825396825397,0.00016671044261310853,0.31650198157847065,0.28448908920801097,0.03201289237045968,0.08572745470219201,0.06832576943436686,0.01740168526782515,0.5833333333333334,0.00291997450973742,-0.35000299916880184,-0.3423623631010123,-0.03920578705838351,0.07091395280355628,0.06640031342140129,1,3,5,3,1,4,3,2,4,3,False,False,2
2021-02-26,VEA,developed_ex_us,VT,0.009674423684144395,0.014765733408624415,-0.00509130972448002,0.38095238095238093,-0.0002442658800838551,0.05824112461714237,0.06640031342140129,-0.008159188804258921,0.47619047619047616,-0.00011556970191968959,0.1511116726715067,0.14766019988242207,0.003451472789084642,0.5,2.4952338448590626e-05,0.23857638951289184,0.30345551266554316,-0.06487912315265132,0.46825396825396826,-0.00021558065773550765,0.14344800125229784,0.3215138937845421,-0.17806589253224425,0.4523809523809524,-0.00019862914743150366,0.22670868990968374,0.28448908920801097,-0.057780399298327234,0.0357922640854611,0.06832576943436686,-0.032533505348905756,0.4166666666666667,-0.003959842796218305,-0.3526921565150114,-0.3423623631010123,-0.03920578705838351,0.05824112461714237,0.06640031342140129,3,6,4,6,6,6,6,6,3,6,False,False,-2
2021-02-26,VWO,emerging_markets,VT,-0.0013318030286415539,0.014765733408624415,-0.01609753643726597,0.5714285714285714,-0.0007244868207446895,0.08814575331506425,0.06640031342140129,0.021745439893662954,0.5079365079365079,0.0003583876972430196,0.18864404852210903,0.14766019988242207,0.04098384863968696,0.5158730158730159,0.00029315885056755347,0.32048319988273777,0.30345551266554316,0.01702768721719461,0.5198412698412699,5.29431160274841e-05,0.16085720112198598,0.3215138937845421,-0.1606566926625561,0.5026455026455027,-0.00015552720329602504,0.32224416867117767,0.28448908920801097,0.037755079463166696,0.06510200951760092,0.06832576943436686,-0.0032237599167659337,0.5,0.0013949627730281595,-0.3352890458877287,-0.3423623631010123,-0.03920578705838351,0.08814575331506425,0.06640031342140129,5,2,2,4,4,3,5,3,5,2,False,False,0
2021-02-26,VGK,europe,VT,0.014747405353569665,0.014765733408624415,-1.8328055054750436e-05,0.5238095238095238,-8.020242397988042e-06,0.0612639599016922,0.06640031342140129,-0.0051363535197090915,0.5079365079365079,-6.666642070013e-05,0.13088671561346588,0.14766019988242207,-0.016773484268956196,0.5634920634920635,-9.956739083186922e-05,0.20041333878246714,0.30345551266554316,-0.10304217388307602,0.5119047619047619,-0.00030749352440816234,0.12445877117640602,0.3215138937845421,-0.19705512260813607,0.48677248677248675,-0.00020680734671953732,0.18296763554099016,0.28448908920801097,-0.10152145366702081,0.027020917864010174,0.06832576943436686,-0.04130485157035668,0.3333333333333333,-0.006322211077582389,-0.3712980831730748,-0.3423623631010123,-0.03920578705838351,0.0612639599016922,0.06640031342140129,2,5,7,7,7,7,7,7,2,5,False,False,2
2021-02-26,EWJ,japan,VT,0.0032349664815110035,0.014765733408624415,-0.011530766927113412,0.5238095238095238,-0.0005433121491160179,0.04148304015859039,0.06640031342140129,-0.0249172732628109,0.47619047619047616,-0.0003610051119656667,0.17414579436913313,0.14766019988242207,0.02648559448671106,0.46825396825396826,0.00017462060323215483,0.30198816819063046,0.30345551266554316,-0.0014673444749127018,0.4642857142857143,-8.75280857874101e-05,0.14614570093258838,0.3215138937845421,-0.1753681928519537,0.4695767195767196,-0.0002164058415311398,0.2977898614886698,0.28448908920801097,0.013300772280658846,0.07580285625930872,0.06832576943436686,0.007477086824941859,0.5,0.0005158525092849864,-0.28313148519995035,-0.3423623631010123,-0.03920578705838351,0.04148304015859039,0.06640031342140129,4,7,3,5,5,5,4,3,6,7,False,False,-4
2021-02-26,EWY,south_korea,VT,-0.031487344561244246,0.014765733408624415,-0.04625307796986866,0.47619047619047616,-0.0021170179242032206,0.1456129617020563,0.06640031342140129,0.079212648280655,0.5238095238095238,0.001260137837072812,0.36527832640047353,0.14766019988242207,0.21761812651805146,0.5952380952380952,0.001447555330749684,0.6147089203856253,0.30345551266554316,0.31125340772008214,0.5674603174603174,0.0009760851308300827,0.22239822978014923,0.3215138937845421,-0.09911566400439287,0.49603174603174605,-2.6784957040913312e-05,0.6672047714793459,0.28448908920801097,0.3827156822713349,0.09708557312594057,0.06832576943436686,0.028759803691573715,0.6666666666666666,0.01815164405803334,-0.39194869792842535,-0.3423623631010123,-0.03920578705838351,0.1456129617020563,0.06640031342140129,7,1,1,1,3,1,2,1,1,1,False,False,0
2021-02-26,MCHI,china,VT,-0.022553974337687244,0.014765733408624415,-0.03731970774631166,0.5714285714285714,-0.001699980357504167,0.06978709307644992,0.06640031342140129,0.003386779655048633,0.5238095238095238,0.00014878025481346137,0.14261970389112832,0.14766019988242207,-0.0050404959912937475,0.5,2.7074291127259814e-05,0.4253919411147753,0.30345551266554316,0.12193642844923214,0.5158730158730159,0.00033808916612899063,0.24351931621653922,0.3215138937845421,-0.07799457756800288,0.503968253968254,-4.031361600874806e-05,0.4582819958257405,0.28448908920801097,0.1737929066177295,0.1490691989667341,0.06832576943436686,0.08074342953236724,0.5,0.008177928452780647,-0.22750087434111366,-0.3423623631010123,-0.03920578705838351,0.06978709307644992,0.06640031342140129,6,4,6,2,2,2,1,3,7,4,False,False,2
2021-03-31,VTI,us,VT,0.02011321232622465,0.011235576799458968,0.008877635526765681,0.5714285714285714,0.000428596595150234,0.07322244855788851,0.05807328353636043,0.015149165021528077,0.5238095238095238,0.00023403251329267774,0.23178666046752983,0.2226627071454601,0.009123953322069722,0.5158730158730159,6.585111734612525e-05,0.6292530071087701,0.5779410081802101,0.051311998928559976,0.5317460317460317,0.00014049727706760872,0.6088637277195827,0.41266779486533833,0.19619593285424441,0.541005291005291,0.00018346822792597627,0.5971296003445419,0.5604089139885315,0.036720686356010335,0.3845997259606,0.3435288375498251,0.041070888410774886,0.5833333333333334,0.0027065553797461874,-0.35000299916880184,-0.3423623631010123,-0.011814346210156423,0.07322244855788851,0.05807328353636043,1,1,3,2,1,3,1,1,4,1,False,False,2
2021-03-31,VEA,developed_ex_us,VT,0.008567972992590489,0.011235576799458968,-0.0026676038068684793,0.47619047619047616,-0.0001413276292357197,0.040251522662379635,0.05807328353636043,-0.017821760873980796,0.4444444444444444,-0.0002765230276042719,0.214063810450827,0.2226627071454601,-0.008598896694633096,0.48412698412698413,-5.469014371463553e-05,0.5085479887921123,0.5779410081802101,-0.06939301938809783,0.46825396825396826,-0.00017957936804777286,0.21065698419687462,0.41266779486533833,-0.20201081066846371,0.4497354497354497,-0.00021133377584112273,0.495732592336833,0.5604089139885315,-0.06467632165169857,0.2709902234904402,0.3435288375498251,-0.07253861405938489,0.4166666666666667,-0.003646977663966646,-0.3526921565150114,-0.3423623631010123,-0.011814346210156423,0.040251522662379635,0.05807328353636043,3,4,5,4,4,5,6,4,3,4,False,False,1
2021-03-31,VWO,emerging_markets,VT,-0.024389578837465065,0.011235576799458968,-0.03562515563692403,0.38095238095238093,-0.0016371083827789734,0.05180837684639594,0.05807328353636043,-0.006264906689964489,0.49206349206349204,-4.2622223016430816e-05,0.23225744524049174,0.2226627071454601,0.00959473809503164,0.48412698412698413,9.125204547161787e-05,0.584822761209971,0.5779410081802101,0.006881753029760906,0.5079365079365079,3.32761821330098e-05,0.20253028783165172,0.41266779486533833,-0.2101375070336866,0.5,-0.00019606807390936922,0.6244422228716049,0.5604089139885315,0.06403330888307335,0.3512248556404878,0.3435288375498251,0.007696018090662671,0.5,0.0007407614312068914,-0.3352890458877287,-0.3423623631010123,-0.011814346210156423,0.05180837684639594,0.05807328353636043,6,3,2,3,5,2,4,3,5,3,False,False,-1
2021-03-31,VGK,europe,VT,0.012016541768654854,0.011235576799458968,0.0007809649691958853,0.5238095238095238,2.3979654496239644e-05,0.036554349580828926,0.05807328353636043,-0.021518933955531505,0.49206349206349204,-0.00033055860125236994,0.21799354210456223,0.2226627071454601,-0.004669165040897871,0.5317460317460317,-1.7792662841080683e-05,0.498849868103443,0.5779410081802101,-0.0790911400767671,0.5238095238095238,-0.00018872949983197995,0.1986563546127691,0.41266779486533833,-0.21401144025256924,0.48544973544973546,-0.0002105927047657198,0.4810527360392467,0.5604089139885315,-0.07935617794928485,0.27770718008896167,0.3435288375498251,-0.06582165746086344,0.4166666666666667,-0.0040983237515825706,-0.3712980831730748,-0.3423623631010123,-0.011814346210156423,0.036554349580828926,0.05807328353636043,2,5,4,5,6,6,5,4,2,5,False,False,-1
2021-03-31,EWJ,japan,VT,-0.002184256788634542,0.011235576799458968,-0.01341983358809351,0.42857142857142855,-0.0006387147369922482,0.017825434443494714,0.05807328353636043,-0.04024784909286572,0.47619047619047616,-0.0006150031165601569,0.1555368908561754,0.2226627071454601,-0.06712581628928471,0.4523809523809524,-0.00044723376600573693,0.403826524278869,0.5779410081802101,-0.1741144839013411,0.44841269841269843,-0.00047586546947557166,0.18495545562169857,0.41266779486533833,-0.22771233924363976,0.46296296296296297,-0.0002609129466635187,0.40689955418101564,0.5604089139885315,-0.1535093598075159,0.18568653286185977,0.3435288375498251,-0.15784230468796534,0.4166666666666667,-0.009282271250963675,-0.2802663241812412,-0.3423623631010123,-0.011814346210156423,0.017825434443494714,0.05807328353636043,5,7,6,7,7,7,7,4,6,7,False,False,-1
2021-03-31,EWY,south_korea,VT,0.0030192624091789355,0.011235576799458968,-0.008216314390280033,0.5238095238095238,-0.000306312536031459,0.06078532574340323,0.05807328353636043,0.0027120422070427974,0.5079365079365079,0.00016007044860590796,0.40075707968055285,0.2226627071454601,0.17809437253509275,0.5634920634920635,0.0011630521816836086,0.926488819413136,0.5779410081802101,0.3485478112329259,0.5674603174603174,0.000872264021125797,0.2409860610006287,0.41266779486533833,-0.17168173386470964,0.49603174603174605,-9.621964135518117e-05,0.920689753042081,0.5604089139885315,0.36028083905354946,0.3774510124987218,0.3435288375498251,0.03392217494889671,0.5833333333333334,0.017302459262840086,-0.39194869792842535,-0.3423623631010123,-0.011814346210156423,0.06078532574340323,0.05807328353636043,4,2,1,1,3,1,2,1,1,2,False,False,-1
2021-03-31,MCHI,china,VT,-0.07074594968186043,0.011235576799458968,-0.0819815264813194,0.42857142857142855,-0.003800400735746184,0.03208706730489941,0.05807328353636043,-0.025986216231461023,0.5396825396825397,-0.000237593163563102,0.13708119013618014,0.2226627071454601,-0.08558151700927996,0.49206349206349204,-0.00047580611028509335,0.44334988150324284,0.5779410081802101,-0.13459112667696727,0.5119047619047619,-0.0002885936700912608,0.24163858809755823,0.41266779486533833,-0.1710292067677801,0.5013227513227513,-0.00012812960532782188,0.5532349641189052,0.5604089139885315,-0.007173949869626384,0.35437871444085567,0.3435288375498251,0.010849876891030563,0.4166666666666667,-0.005919763966764996,-0.22750087434111366,-0.3423623631010123,-0.011814346210156423,0.03208706730489941,0.05807328353636043,7,6,7,6,2,4,3,4,7,6,False,True,1
2021-04-30,VTI,us,VT,0.050365303136233,0.0413198328189861,0.009045470317246895,0.6190476190476191,0.00041202018067681187,0.12285936462224578,0.09964585237780677,0.023213512244439016,0.5396825396825397,0.00033922775529802974,0.30806422655861665,0.2920175742725071,0.016046652286109575,0.5317460317460317,0.00010220145480598053,0.5126516737257187,0.48880785336651367,0.02384382035920507,0.5277777777777778,7.150669043710591e-05,0.6823326931459923,0.46487141970466683,0.2174612734413255,0.5436507936507936,0.00019409198276109824,0.44011961287103474,0.4297315833658142,0.010388029505220553,0.16913070995949187,0.16935895321760164,-0.00022824325810977264,0.5833333333333334,0.001341229838671067,-0.35000299916880184,-0.3423623631010123,-0.01054785515155654,0.12285936462224578,0.09964585237780677,1,1,3,2,1,3,4,1,3,1,False,False,2
2021-04-30,VEA,developed_ex_us,VT,0.03054401886560143,0.0413198328189861,-0.010775813953384672,0.38095238095238093,-0.0004867237324629829,0.08483358194320267,0.09964585237780677,-0.014812270434604091,0.42857142857142855,-0.00022166998461555418,0.2999743951756533,0.2920175742725071,0.0079568209031462,0.49206349206349204,5.251700936994722e-05,0.452668405118793,0.48880785336651367,-0.03613944824772064,0.4722222222222222,-9.509680577981014e-05,0.23204282972564472,0.46487141970466683,-0.23282858997902212,0.44576719576719576,-0.00023547432349851083,0.409613154339449,0.4297315833658142,-0.02011842902636518,0.16107007078648294,0.16935895321760164,-0.008288882431118694,0.4166666666666667,-0.001981639184113787,-0.3474318956102983,-0.3423623631010123,-0.01054785515155654,0.08483358194320267,0.09964585237780677,3,3,4,5,5,4,5,5,4,3,False,False,1
2021-04-30,VWO,emerging_markets,VT,0.01786773476838799,0.0413198328189861,-0.023452098050598114,0.42857142857142855,-0.0010794552236623681,0.026476662392411532,0.09964585237780677,-0.07316918998539523,0.47619047619047616,-0.001053692491953687,0.21820139088990964,0.2920175742725071,-0.07381618338259743,0.4603174603174603,-0.00043478782510238676,0.4962913018863462,0.48880785336651367,0.007483448519832514,0.5,4.255528734387236e-05,0.25885073697419436,0.46487141970466683,-0.20602068273047247,0.5013227513227513,-0.0001834203611063764,0.4700252800790681,0.4297315833658142,0.04029369671325389,0.19295305194295076,0.16935895321760164,0.023594098725349122,0.5,0.000794679141269757,-0.31159768302794844,-0.3423623631010123,-0.01054785515155654,0.026476662392411532,0.09964585237780677,4,5,5,3,3,2,3,3,5,5,False,False,0
2021-04-30,VGK,europe,VT,0.047777512410738465,0.0413198328189861,0.006457679591752363,0.5714285714285714,0.00031012801265527576,0.11045601567315644,0.09964585237780677,0.010810163295349673,0.5238095238095238,0.0001516940728428361,0.3539209579067135,0.2920175742725071,0.061903383634206444,0.5555555555555556,0.00038072573359894325,0.47535433331888366,0.48880785336651367,-0.013453520047630008,0.5357142857142857,-1.868144128764454e-05,0.22949549103404698,0.46487141970466683,-0.23537592867061985,0.48677248677248675,-0.00022405706367374943,0.4080797839651773,0.4297315833658142,-0.021651799400636884,0.15606506544539345,0.16935895321760164,-0.01329388777220819,0.5,-0.0006217950253674387,-0.3686269952832365,-0.3423623631010123,-0.01054785515155654,0.11045601567315644,0.09964585237780677,2,2,2,4,6,5,7,3,2,2,True,False,0
2021-04-30,EWJ,japan,VT,-0.016053915345399128,0.0413198328189861,-0.05737374816438523,0.2857142857142857,-0.0026856341806230062,0.006418763389920645,0.09964585237780677,-0.09322708898788612,0.4126984126984127,-0.001404515065842754,0.16416885644016088,0.2920175742725071,-0.1278487178323462,0.42857142857142855,-0.0008164836048789046,0.31804281216196717,0.48880785336651367,-0.1707650412045465,0.44841269841269843,-0.0004888886069114351,0.16670112968552586,0.46487141970466683,-0.29817029001914097,0.45634920634920634,-0.00032879588041312077,0.33954779913032107,0.4297315833658142,-0.09018378423549311,0.15924278119567936,0.16935895321760164,-0.010116172021922276,0.4166666666666667,-0.009669740664215573,-0.2802663241812412,-0.3423623631010123,-0.01054785515155654,0.006418763389920645,0.09964585237780677,7,6,6,7,7,7,6,5,6,6,False,False,0
2021-04-30,EWY,south_korea,VT,0.0095875276012094,0.0413198328189861,-0.0317323052177767,0.38095238095238093,-0.0014499904621330952,0.027922912971512615,0.09964585237780677,-0.07172293940629415,0.4603174603174603,-0.0010125148471132196,0.38206063262218515,0.2920175742725071,0.09004305834967807,0.5317460317460317,0.0006211481670194784,0.7678705542163653,0.48880785336651367,0.27906270084985163,0.5515873015873016,0.0007493516436493432,0.25039821051481614,0.46487141970466683,-0.2144732091898507,0.4933862433862434,-0.00013442320005345638,0.7510820071409205,0.4297315833658142,0.32135042377510636,0.2500968458715629,0.16935895321760164,0.08073789265396125,0.5833333333333334,0.015026688027448795,-0.380445067468147,-0.3423623631010123,-0.01054785515155654,0.027922912971512615,0.09964585237780677,5,4,1,1,4,1,1,1,1,4,False,False,-3
2021-04-30,MCHI,china,VT,0.0034273231200872,0.0413198328189861,-0.0378925096988989,0.5238095238095238,-0.0017315133570256307,-0.06329947334340347,0.09964585237780677,-0.16294532572121023,0.5079365079365079,-0.0024238087136552603,0.06520727320794872,0.2920175742725071,-0.22681030106455835,0.48412698412698413,-0.0014272548444420581,0.38237710448357976,0.48880785336651367,-0.10643074888293391,0.5198412698412699,-0.00021533776496478703,0.27795026164032466,0.46487141970466683,-0.18692115806434217,0.5052910052910053,-0.00013808104501827122,0.37765543416256064,0.4297315833658142,-0.05207614920325354,0.2115717383360889,0.16935895321760164,0.04221278511848725,0.4166666666666667,-0.00472558577617722,-0.20401351025299974,-0.3423623631010123,-0.01054785515155654,-0.06329947334340347,0.09964585237780677,6,7,7,6,2,6,2,5,7,7,False,True,0
2021-05-28,VTI,us,VT,-0.002789503509662228,0.005078652274965512,-0.00786815578462774,0.47619047619047616,-0.00037342238004338987,0.06625434633944316,0.06270946800197108,0.0035448783374720794,0.5396825396825397,5.814604569812836e-05,0.1716384823090551,0.1619781025218785,0.009660379787176598,0.5317460317460317,6.997873960591055e-05,0.4417475348823885,0.43745157566047355,0.004295959221914947,0.5158730158730159,1.9561016872540794e-05,0.655041893685274,0.4912333390080257,0.1638085546772483,0.5383597883597884,0.00014892114608039674,0.44578054478627105,0.43018814737219313,0.015592397414077919,0.13479738683532672,0.13030200876479814,0.004495378070528577,0.5,0.0002708682219926539,-0.29496629012210585,-0.2898502879321325,0.0,0.06625434633944316,0.06270946800197108,5,3,3,4,1,3,4,3,3,3,False,False,0
2021-05-28,VEA,developed_ex_us,VT,0.02163319220024329,0.005078652274965512,0.016554539925277778,0.5714285714285714,0.0007846333415986807,0.0761052100458508,0.06270946800197108,0.013395742043879721,0.49206349206349204,0.0001978196166728956,0.16312483341305528,0.1619781025218785,0.0011467308911767837,0.48412698412698413,9.759380811821949e-06,0.42513584079299926,0.43745157566047355,-0.012315734867474282,0.4880952380952381,-3.223453752248423e-05,0.3061284405728164,0.4912333390080257,-0.18510489843520928,0.4523809523809524,-0.00018177850819492604,0.3949584368179653,0.43018814737219313,-0.035229710554227855,0.09034590898575057,0.13030200876479814,-0.03995609977904757,0.4166666666666667,-0.0006355131228380587,-0.2907564505306385,-0.2898502879321325,0.0,0.0761052100458508,0.06270946800197108,2,2,4,5,5,5,5,5,4,2,False,False,2
2021-05-28,VWO,emerging_markets,VT,0.0020457638517645815,0.005078652274965512,-0.00303288842320093,0.5238095238095238,-0.00012352293929065872,0.0003610476667950113,0.06270946800197108,-0.06234842033517607,0.4444444444444444,-0.0009280273525802847,0.12349436252854495,0.1619781025218785,-0.03848373999333354,0.48412698412698413,-0.00023182094681431642,0.47323932370573685,0.43745157566047355,0.0357877480452633,0.5079365079365079,0.00011974758219135406,0.3240018606675146,0.4912333390080257,-0.1672314783405111,0.5066137566137566,-0.0001406698366358242,0.4702315770915999,0.43018814737219313,0.040043429719406776,0.21955611091328064,0.13030200876479814,0.0892541021484825,0.5833333333333334,0.0024122043760219647,-0.26782925528038504,-0.2898502879321325,0.0,0.0003610476667950113,0.06270946800197108,4,5,5,2,3,2,3,2,5,5,False,False,0
2021-05-28,VGK,europe,VT,0.028951006240898858,0.005078652274965512,0.023872353965933346,0.6190476190476191,0.0011340958693941059,0.11132873126412823,0.06270946800197108,0.04861926326215715,0.5873015873015873,0.0007153433962551386,0.1998150473181861,0.1619781025218785,0.037836944796307614,0.5396825396825397,0.00026094339608391374,0.45604662799182916,0.43745157566047355,0.01859505233135561,0.5555555555555556,6.691351606193438e-05,0.33551871848724635,0.4912333390080257,-0.15571462052077933,0.4933862433862434,-0.00013845047068838083,0.4150786764000096,0.43018814737219313,-0.015109470972183514,0.07089761524871574,0.13030200876479814,-0.0594043935160824,0.5,0.0012370225748769097,-0.31847363490857594,-0.2898502879321325,0.0,0.11132873126412823,0.06270946800197108,1,1,2,3,2,4,7,3,2,1,True,False,1
2021-05-28,EWJ,japan,VT,0.007936592240654239,0.005078652274965512,0.002857939965688727,0.42857142857142855,0.00016423228281772122,-0.011103071933732611,0.06270946800197108,-0.07381253993570369,0.36507936507936506,-0.0011288033215206075,0.05451565760656574,0.1619781025218785,-0.10746244491531276,0.42063492063492064,-0.000757428311423937,0.2524038203157948,0.43745157566047355,-0.18504775534467877,0.4444444444444444,-0.0005500675712779841,0.20485587852890408,0.4912333390080257,-0.2863774604791216,0.45634920634920634,-0.0003089295022398941,0.2425422689850829,0.43018814737219313,-0.18764587838711022,0.07214811990665138,0.13030200876479814,-0.05815388885814676,0.4166666666666667,-0.011013908365060368,-0.20096119008805102,-0.2898502879321325,0.0,-0.011103071933732611,0.06270946800197108,3,6,6,7,7,7,6,5,6,6,False,False,0
2021-05-28,EWY,south_korea,VT,-0.007227611411092627,0.005078652274965512,-0.012306263686058139,0.5238095238095238,-0.0005107706927488044,0.018932755702641524,0.06270946800197108,-0.04377671229932956,0.47619047619047616,-0.0006101020796263702,0.2086378438154659,0.1619781025218785,0.04665974129358741,0.5079365079365079,0.00040298914504697706,0.7314936520588393,0.43745157566047355,0.29404207639836577,0.5555555555555556,0.0008070834414230823,0.32192853414610356,0.4912333390080257,-0.16930480486192212,0.4973544973544973,-8.364757044663647e-05,0.7440993242367719,0.43018814737219313,0.3139111768645788,0.25168048268483245,0.13030200876479814,0.12137847392003431,0.6666666666666666,0.01621141924222978,-0.3232024387266157,-0.2898502879321325,0.0,0.018932755702641524,0.06270946800197108,6,4,1,1,4,1,2,1,1,4,False,False,-3
2021-05-28,MCHI,china,VT,-0.017526966006255473,0.005078652274965512,-0.022605618281220985,0.42857142857142855,-0.001044606328316515,-0.08874283055944454,0.06270946800197108,-0.15145229856141562,0.4603174603174603,-0.0023391189004678026,0.015088195657641634,0.1619781025218785,-0.14688990686423686,0.5,-0.0009715306316995066,0.35694040393018756,0.43745157566047355,-0.08051117173028599,0.5158730158730159,-0.00015364866538562056,0.25474553739321903,0.4912333390080257,-0.23648780161480665,0.5026455026455027,-0.0001859460611469607,0.3811477333013775,0.43018814737219313,-0.04904041407081561,0.3017230332751746,0.13030200876479814,0.17142102451037644,0.4166666666666667,-0.003382800992642219,-0.1769885668645047,-0.2898502879321325,0.0,-0.08874283055944454,0.06270946800197108,7,7,7,6,6,6,1,5,7,7,False,False,0
2021-06-30,VTI,us,VT,0.024397181243717148,0.008000274532133034,0.016396906711584114,0.5714285714285714,0.0007660143579874836,0.08134382879879576,0.07026876690589745,0.011075061892898308,0.5396825396825397,0.00016330072692715894,0.160522471676406,0.13242278846653455,0.02809968320987144,0.5317460317460317,0.00019866662010991834,0.44433869352907274,0.41110416306175823,0.033234530467314505,0.5238095238095238,9.82321138779416e-05,0.6754802387825312,0.5134844297224606,0.1619958090600706,0.5343915343915344,0.00014554502775245966,0.4099401286671893,0.3999045424037484,0.010035586263440921,0.20712926438562262,0.20612297233250398,0.0010062920531186403,0.5833333333333334,0.001966576217855981,-0.09159146281681596,-0.07380636459010859,-0.0036700261055911954,0.08134382879879576,0.07026876690589745,1,1,1,2,1,4,4,2,5,1,False,False,0
2021-06-30,VEA,developed_ex_us,VT,-0.014477626693757295,0.008000274532133034,-0.02247790122589033,0.23809523809523808,-0.0010666561845420052,0.057565131275618464,0.07026876690589745,-0.012703635630278987,0.4126984126984127,-0.0001825044488421755,0.10013373812410142,0.13242278846653455,-0.03228905034243312,0.42857142857142855,-0.00022951373822322372,0.36428449272794694,0.41110416306175823,-0.04681967033381129,0.46825396825396826,-0.00013128919239583785,0.31403196409450285,0.5134844297224606,-0.1994524656279577,0.4497354497354497,-0.00019333651772000842,0.3843262514183503,0.3999045424037484,-0.015578290985398091,0.192148755932116,0.20612297233250398,-0.013974216400387984,0.3333333333333333,-0.0027127739872432888,-0.07067143811161547,-0.07380636459010859,-0.0036700261055911954,0.057565131275618464,0.07026876690589745,5,3,5,5,6,5,6,6,6,3,False,False,2
2021-06-30,VWO,emerging_markets,VT,-0.007546332342092454,0.008000274532133034,-0.015546606874225488,0.47619047619047616,-0.0007356518670394678,0.048893051001328125,0.07026876690589745,-0.021375715904569326,0.49206349206349204,-0.0003076887105635885,0.10323449745917102,0.13242278846653455,-0.02918829100736353,0.49206349206349204,-0.00017515546679000967,0.40197761160471845,0.41110416306175823,-0.009126551457039778,0.49603174603174605,-1.2728993756521286e-06,0.4180062137522855,0.5134844297224606,-0.09547821597017503,0.5105820105820106,-6.999612710916109e-05,0.4126378462717024,0.3999045424037484,0.012733303867954016,0.24300411650746967,0.20612297233250398,0.036881144174965685,0.5833333333333334,-0.00022226776631695255,-0.10382036929684746,-0.07380636459010859,-0.0036700261055911954,0.048893051001328125,0.07026876690589745,4,4,3,3,3,2,3,2,3,4,False,False,-1
2021-06-30,VGK,europe,VT,-0.021250339415599617,0.008000274532133034,-0.02925061394773265,0.42857142857142855,-0.0013900610418583798,0.07942097443211504,0.07026876690589745,0.009152207526217593,0.5555555555555556,0.00014935953165350576,0.11887850607638573,0.13242278846653455,-0.01354428239014882,0.5238095238095238,-9.05995347994321e-05,0.3817240060364553,0.41110416306175823,-0.029380157025302944,0.5555555555555556,-6.912562490039434e-05,0.32833680129835185,0.5134844297224606,-0.1851476284241087,0.4973544973544973,-0.00016512367185344233,0.41172361195143936,0.3999045424037484,0.011819069547690964,0.17303716685327752,0.20612297233250398,-0.03308580547922646,0.4166666666666667,-0.0015633229757793428,-0.09645161320333373,-0.07380636459010859,-0.0036700261055911954,0.07942097443211504,0.07026876690589745,7,2,2,4,5,3,7,4,4,2,False,False,0
2021-06-30,EWJ,japan,VT,-0.0016427862859446085,0.008000274532133034,-0.009643060818077642,0.42857142857142855,-0.00044469568368757243,-0.007034001653810851,0.07026876690589745,-0.0773027685597083,0.36507936507936506,-0.0011711683969882934,0.010666048654328408,0.13242278846653455,-0.12175673981220614,0.42063492063492064,-0.0008930857567742252,0.24372264970940405,0.41110416306175823,-0.16738151335235418,0.4365079365079365,-0.0004983117429521407,0.21942919559204155,0.5134844297224606,-0.294055234130419,0.45634920634920634,-0.00031211402775797214,0.24576918223743616,0.3999045424037484,-0.15413536016631224,0.20593612309099285,0.20612297233250398,-0.00018684924151113336,0.4166666666666667,-0.010076118320337066,-0.06206509322869036,-0.07380636459010859,-0.0036700261055911954,-0.007034001653810851,0.07026876690589745,2,7,7,7,7,7,5,4,7,7,False,False,0
2021-06-30,EWY,south_korea,VT,-0.002995936320060566,0.008000274532133034,-0.0109962108521936,0.5238095238095238,-0.0005133702740970252,0.03879596065902735,0.07026876690589745,-0.0314728062468701,0.49206349206349204,-0.00043922047374139826,0.10193951150861791,0.13242278846653455,-0.03048327695791664,0.5,-0.00013957501256774515,0.6435785160414853,0.41110416306175823,0.23247435297972707,0.5595238095238095,0.0006662724765613481,0.45432066282666517,0.5134844297224606,-0.05916376689579539,0.5052910052910053,2.205191724892012e-05,0.6485173691018282,0.3999045424037484,0.24861282669807983,0.3628565765468805,0.20612297233250398,0.15673360421437654,0.6666666666666666,0.013361152127127796,-0.10611098252318385,-0.07380636459010859,-0.0036700261055911954,0.03879596065902735,0.07026876690589745,3,5,4,1,2,1,1,1,2,5,False,False,-1
2021-06-30,MCHI,china,VT,-0.017367526082097906,0.008000274532133034,-0.02536780061423094,0.42857142857142855,-0.001178868992210139,0.011257580957000801,0.07026876690589745,-0.05901118594889665,0.47619047619047616,-0.0008599331051138793,0.04370587101975776,0.13242278846653455,-0.08871691744677679,0.5079365079365079,-0.0005487631343384907,0.2719857551536513,0.41110416306175823,-0.13911840790810692,0.503968253968254,-0.00032710088812030563,0.3465391513404663,0.5134844297224606,-0.16694527838199424,0.5052910052910053,-0.00011261057065263719,0.29446745239555816,0.3999045424037484,-0.10543709000819024,0.259435160623009,0.20612297233250398,0.05331218829050499,0.3333333333333333,-0.0073101769968408154,-0.1837636644111893,-0.07380636459010859,-0.0036700261055911954,0.011257580957000801,0.07026876690589745,6,6,6,6,4,6,2,6,1,6,False,False,0
2021-07-30,VTI,us,VT,0.017368103034526072,0.006176768840765456,0.011191334193760616,0.5238095238095238,0.0005267451972786409,0.04737343907716207,0.034148717557136665,0.013224721520025406,0.5079365079365079,0.00020154239912776863,0.17605307432439865,0.13719734800353334,0.038855726320865314,0.5238095238095238,0.0002703850772128992,0.39670211640601094,0.34314634423049917,0.05355577217551177,0.5277777777777778,0.00016118143141284513,0.6580278937485098,0.4786811574606258,0.179346736287884,0.5343915343915344,0.00016249412856494553,0.372858174184975,0.3349009695164822,0.03795720466849284,0.18296561048218618,0.17880087111646037,0.004164739365725811,0.5833333333333334,0.002537919842861234,-0.09159146281681596,-0.07380636459010859,-0.005627709330035424,0.04737343907716207,0.034148717557136665,2,2,1,2,1,2,4,1,5,2,False,False,-1
2021-07-30,VEA,developed_ex_us,VT,0.0050465694138221995,0.006176768840765456,-0.001130199426943257,0.42857142857142855,-4.315484861457571e-05,0.031399132557439646,0.034148717557136665,-0.002749584999697019,0.42857142857142855,-3.464815422603979e-05,0.1188964153853993,0.13719734800353334,-0.018300932618134036,0.42857142857142855,-0.00012815906942079697,0.3100410405682401,0.34314634423049917,-0.033105303662259056,0.4603174603174603,-9.590004423616825e-05,0.2827063950690225,0.4786811574606258,-0.19597476239160327,0.4470899470899471,-0.00019437628634230472,0.30346302393957836,0.3349009695164822,-0.031437945576903825,0.18482233456650898,0.17880087111646037,0.006021463450048614,0.3333333333333333,-0.000697577141467833,-0.07067143811161547,-0.07380636459010859,-0.005627709330035424,0.031399132557439646,0.034148717557136665,3,3,3,4,4,4,3,6,6,3,False,False,0
2021-07-30,VWO,emerging_markets,VT,-0.05892118489452258,0.006176768840765456,-0.06509795373528804,0.38095238095238093,-0.0031331067255632858,-0.03023644832075567,0.034148717557136665,-0.06438516587789234,0.47619047619047616,-0.000992239211197228,-0.004560346162478579,0.13719734800353334,-0.14175769416601192,0.47619047619047616,-0.0010229658515754575,0.2080516237357446,0.34314634423049917,-0.13509472049475457,0.47619047619047616,-0.0003981669214776504,0.2684663980102293,0.4786811574606258,-0.21021475945039647,0.5066137566137566,-0.00018635045202617122,0.28368804434338957,0.3349009695164822,-0.051212925173092616,0.16356771592967423,0.17880087111646037,-0.01523315518678614,0.5,-0.008217287021744152,-0.10382036929684746,-0.07380636459010859,-0.005627709330035424,-0.03023644832075567,0.034148717557136665,6,6,6,6,5,5,6,3,3,6,False,False,0
2021-07-30,VGK,europe,VT,0.0185845834366809,0.006176768840765456,0.012407814595915445,0.6190476190476191,0.0005982892261193116,0.049346402811272894,0.034148717557136665,0.015197685254136228,0.5714285714285714,0.00024541326947485106,0.16525302552676502,0.13719734800353334,0.02805567752323168,0.5476190476190477,0.00019855367115884358,0.3289791995724318,0.34314634423049917,-0.014167144658067343,0.5476190476190477,-2.7815450635519017e-05,0.2983227043734915,0.4786811574606258,-0.18035845308713427,0.4973544973544973,-0.0001644801802271654,0.3047313116486474,0.3349009695164822,-0.030169657867834765,0.16610633287075927,0.17880087111646037,-0.012694538245701104,0.5,0.0007608622652677718,-0.09645161320333373,-0.07380636459010859,-0.005627709330035424,0.049346402811272894,0.034148717557136665,1,1,2,3,3,3,5,3,4,1,False,False,1
2021-07-30,EWJ,japan,VT,-0.006366579357576563,0.006176768840765456,-0.01254334819834202,0.42857142857142855,-0.0005790736606456797,0.002742138929989313,0.034148717557136665,-0.03140657862714735,0.4126984126984127,-0.0004689815569958513,0.00917850346088378,0.13719734800353334,-0.12801884454264956,0.4126984126984127,-0.0009367483114193026,0.21696921839302186,0.34314634423049917,-0.1261771258374773,0.4365079365079365,-0.0003867375706251083,0.1935872224908417,0.4786811574606258,-0.2850939349697841,0.455026455026455,-0.00030943966333157717,0.22476679337758476,0.3349009695164822,-0.11013417613889742,0.2118412357952708,0.17880087111646037,0.03304036467881044,0.4166666666666667,-0.006074836171869963,-0.06206509322869036,-0.07380636459010859,-0.005627709330035424,0.002742138929989313,0.034148717557136665,4,4,4,5,6,6,2,5,7,4,False,False,0
2021-07-30,EWY,south_korea,VT,-0.04754236488411623,0.006176768840765456,-0.053719133724881685,0.42857142857142855,-0.0025809329872465503,-0.019986759931477915,0.034148717557136665,-0.05413547748861458,0.5079365079365079,-0.0008162013154458833,0.0073780644818854935,0.13719734800353334,-0.12981928352164784,0.48412698412698413,-0.0009143580812795514,0.4694959962925309,0.34314634423049917,0.12634965206203175,0.5555555555555556,0.0004175935347171009,0.39183817573054447,0.4786811574606258,-0.08684298173008131,0.5026455026455027,-5.810898902083993e-06,0.5428465709277874,0.3349009695164822,0.20794560141130525,0.40011911254143406,0.17880087111646037,0.2213182414249737,0.5833333333333334,0.008765914542438006,-0.10611098252318385,-0.07380636459010859,-0.005627709330035424,-0.019986759931477915,0.034148717557136665,5,5,5,1,2,1,1,1,2,5,False,True,0
2021-07-30,MCHI,china,VT,-0.13549261112591537,0.006176768840765456,-0.14166937996668083,0.23809523809523808,-0.0069410927636081934,-0.12874641675704745,0.034148717557136665,-0.16289513431418412,0.38095238095238093,-0.0025964595739747334,-0.18389630972487947,0.13719734800353334,-0.3210936577284128,0.4444444444444444,-0.0025101341438149966,0.00434697429492692,0.34314634423049917,-0.33879936993557225,0.47619047619047616,-0.0010633334567534702,0.16464219982878414,0.4786811574606258,-0.31403895763184164,0.5026455026455027,-0.0002680922964609963,0.16175637966838696,0.3349009695164822,-0.17314458984809522,0.11310706581854069,0.17880087111646037,-0.06569380529791968,0.25,-0.022181438334902714,-0.1837636644111893,-0.07380636459010859,-0.005627709330035424,-0.12874641675704745,0.034148717557136665,7,7,7,7,7,7,7,7,1,7,False,False,0
2021-08-31,VTI,us,VT,0.030039214591816243,0.021853558617788815,0.008185655974027428,0.5238095238095238,0.00038103682929028587,0.07055736691796644,0.03568296548736405,0.034874401430602386,0.5396825396825397,0.000525287940712377,0.17121220890465016,0.12553305265835113,0.045679156246299035,0.5396825396825397,0.00031754936991627207,0.33452050736983097,0.30083601195904075,0.033684495410790216,0.5158730158730159,0.00010776994864526293,0.6334157591967784,0.48064836014431656,0.15276739905246184,0.5317460317460317,0.00014111539493742522,0.29560165133972527,0.27301608042410486,0.022585570915620412,0.12203327878015702,0.13770752575903344,-0.015674246978876427,0.5833333333333334,0.002158377036157464,-0.09159146281681596,-0.07380636459010859,0.0,0.07055736691796644,0.03568296548736405,1,1,1,2,1,3,7,1,5,1,False,False,0
2021-08-31,VEA,developed_ex_us,VT,0.008264006650897882,0.021853558617788815,-0.013589551966890934,0.38095238095238093,-0.0006343234198522245,0.0006553000114584151,0.03568296548736405,-0.035027665475905634,0.3492063492063492,-0.0005390563748294804,0.09278856844077632,0.12553305265835113,-0.03274448421757481,0.42063492063492064,-0.00023074509346046468,0.2869874080244068,0.30083601195904075,-0.01384860393463394,0.46825396825396826,-4.09370016873779e-05,0.301332483935298,0.48064836014431656,-0.17931587620901857,0.44312169312169314,-0.00017734968709043328,0.27643890839595797,0.27301608042410486,0.003422827971853115,0.15130684944655215,0.13770752575903344,0.013599323687518705,0.3333333333333333,-0.0008188658038578619,-0.07067143811161547,-0.07380636459010859,0.0,0.0006553000114584151,0.03568296548736405,5,4,3,4,5,4,5,5,7,4,False,False,-1
2021-08-31,VWO,emerging_markets,VT,0.013780854793419284,0.021853558617788815,-0.008072703824369531,0.42857142857142855,-0.00034790659518763826,-0.04780630000214159,0.03568296548736405,-0.08348926548950564,0.42857142857142855,-0.0013048712844474402,-0.015143209024544024,0.12553305265835113,-0.14067626168289515,0.4444444444444444,-0.0010272707859771413,0.20854310697915923,0.30083601195904075,-0.09229290497988152,0.48412698412698413,-0.00026932554296449406,0.3198313380213731,0.48064836014431656,-0.16081702212294346,0.503968253968254,-0.00013629999956929278,0.19211474675700702,0.27301608042410486,-0.08090133366709784,0.21816038869304322,0.13770752575903344,0.08045286293400977,0.5,-0.005711960129689257,-0.10382036929684746,-0.07380636459010859,0.0,-0.04780630000214159,0.03568296548736405,2,5,5,5,4,5,2,3,3,5,False,False,0
2021-08-31,VGK,europe,VT,0.013366125874778811,0.021853558617788815,-0.008487432743010004,0.42857142857142855,-0.0003942514787634537,0.013524844345706333,0.03568296548736405,-0.022158121141657716,0.5079365079365079,-0.00033318370486270935,0.1404944563249928,0.12553305265835113,0.01496140366664167,0.5396825396825397,0.00011305407989336926,0.32518653639726947,0.30083601195904075,0.024350524438228716,0.5555555555555556,8.528231210719195e-05,0.3289396589882858,0.48064836014431656,-0.15170870115603075,0.4973544973544973,-0.00013593330134061623,0.30770755264126715,0.27301608042410486,0.03469147221716229,0.1316290452308797,0.13770752575903344,-0.00607848052815374,0.5,0.0017217352180349903,-0.09645161320333373,-0.07380636459010859,0.0,0.013524844345706333,0.03568296548736405,3,2,2,3,3,2,6,3,4,2,False,False,0
2021-08-31,EWJ,japan,VT,0.00944493440110783,0.021853558617788815,-0.012408624216680986,0.42857142857142855,-0.000573461526447042,0.0018083889236744088,0.03568296548736405,-0.03387457656368964,0.42857142857142855,-0.0005145461924841021,0.009440134360906072,0.12553305265835113,-0.11609291829744506,0.3968253968253968,-0.0008498850178144835,0.19226127256746928,0.30083601195904075,-0.10857473939157147,0.43253968253968256,-0.00034269350515335185,0.22630286224439367,0.48064836014431656,-0.2543454978999229,0.4603174603174603,-0.0002753711402313349,0.18110580571175428,0.27301608042410486,-0.09191027471235058,0.17124891071155912,0.13770752575903344,0.03354138495252568,0.3333333333333333,-0.006971255263633495,-0.08947947567966974,-0.07380636459010859,0.0,0.0018083889236744088,0.03568296548736405,4,3,4,6,6,6,4,5,6,3,False,False,1
2021-08-31,EWY,south_korea,VT,-0.022991045088470274,0.021853558617788815,-0.04484460370625909,0.3333333333333333,-0.0020709202506661675,-0.06714721159783654,0.03568296548736405,-0.10283017708520059,0.42857142857142855,-0.0016244452913869022,-0.027811957068615167,0.12553305265835113,-0.1533450097269663,0.4523809523809524,-0.0011147029604267795,0.38509071123454985,0.30083601195904075,0.0842546992755091,0.5277777777777778,0.0003058906977900938,0.34199087818351015,0.48064836014431656,-0.1386574819608064,0.5013227513227513,-5.6207276139858395e-05,0.41768476560173684,0.27301608042410486,0.14466868517763198,0.46481846925130066,0.13770752575903344,0.3271109434922672,0.5833333333333334,0.006085059821649123,-0.10611098252318385,-0.07380636459010859,0.0,-0.06714721159783654,0.03568296548736405,7,6,6,1,2,1,1,1,2,6,False,True,0
2021-08-31,MCHI,china,VT,-0.01980046904752486,0.021853558617788815,-0.041654027665313675,0.38095238095238093,-0.0018439351562070186,-0.15199213066293116,0.03568296548736405,-0.1876750961502952,0.36507936507936506,-0.0030195700486641466,-0.18920742412375346,0.12553305265835113,-0.3147404767821046,0.4126984126984127,-0.0024738513248286497,-0.055032827661535055,0.30083601195904075,-0.3558688396205758,0.4603174603174603,-0.0011723286260718075,0.17527191221636662,0.48064836014431656,-0.30537644792794993,0.5,-0.00025647844292909627,-0.035944068020288045,0.27301608042410486,-0.3089601484443929,0.19998405410926634,0.13770752575903344,0.062276528350232896,0.25,-0.024405066460672743,-0.21092692965257853,-0.07380636459010859,0.0,-0.15199213066293116,0.03568296548736405,6,7,7,7,7,7,3,7,1,7,False,False,0
2021-09-30,VTI,us,VT,-0.0446415234621117,-0.04107729799234461,-0.0035642254697670905,0.47619047619047616,-0.00017577712875937483,-0.005664731860737904,-0.016917417998783213,0.01125268613804531,0.49206349206349204,0.00018142946544423444,0.06767801671548512,0.042308126175273575,0.025369890540211548,0.5238095238095238,0.00019132107702101128,0.3217015901230271,0.2850734669196038,0.036628123203423346,0.5158730158730159,0.00011507813884392792,0.5632551348480519,0.43100114792754374,0.13225398692050816,0.5317460317460317,0.00012831527684557697,0.383461415355548,0.34012206012966484,0.04333935522588317,0.18122181858862207,0.19065544718076866,-0.009433628592146581,0.5833333333333334,0.002368922083770856,-0.09159146281681596,-0.07380636459010859,-0.050341463199985226,-0.005664731860737904,-0.016917417998783213,4,2,1,1,1,1,6,1,5,2,False,False,-1
2021-09-30,VEA,developed_ex_us,VT,-0.03385559824778617,-0.04107729799234461,0.007221699744558441,0.5714285714285714,0.00036487353860519586,-0.019084103411995623,-0.016917417998783213,-0.0021666854132124103,0.47619047619047616,-2.774760635142975e-05,0.027018855042667766,0.042308126175273575,-0.015289271132605808,0.4444444444444444,-0.00011013555159506742,0.26620346995850985,0.2850734669196038,-0.018869996961093927,0.4642857142857143,-5.4441358791468625e-05,0.26750939700245313,0.43100114792754374,-0.1634917509250906,0.44312169312169314,-0.0001670970517300022,0.31057372755263546,0.34012206012966484,-0.02954833257702938,0.19929304295578554,0.19065544718076866,0.008637595775016882,0.3333333333333333,-0.0011629574256113717,-0.07067143811161547,-0.07380636459010859,-0.050341463199985226,-0.019084103411995623,-0.016917417998783213,3,3,3,3,4,4,4,5,7,3,False,False,0
2021-09-30,VWO,emerging_markets,VT,-0.03361984841333765,-0.04107729799234461,0.007457449579006958,0.5238095238095238,0.0003878100821965713,-0.06564185587135718,-0.016917417998783213,-0.04872443787257397,0.4603174603174603,-0.0007729475860862096,-0.03391503966544818,0.042308126175273575,-0.07622316584072175,0.47619047619047616,-0.0005790522388558307,0.1820466049819205,0.2850734669196038,-0.10302686193768329,0.47619047619047616,-0.0003058381813025841,0.3193048404855767,0.43100114792754374,-0.11169630744196701,0.503968253968254,-9.248575067749492e-05,0.22316937391684188,0.34012206012966484,-0.11695268621282295,0.24197688955908814,0.19065544718076866,0.05132144237831948,0.5,-0.0065540354005002395,-0.10382036929684746,-0.07380636459010859,-0.050341463199985226,-0.06564185587135718,-0.016917417998783213,2,5,5,6,2,5,2,2,3,5,False,False,0
2021-09-30,VGK,europe,VT,-0.05390396158214783,-0.04107729799234461,-0.012826663589803222,0.42857142857142855,-0.0006252983231540131,-0.024679403383116805,-0.016917417998783213,-0.007761985384333592,0.49206349206349204,-0.00011464968350170075,0.04233217332866679,0.042308126175273575,2.404715339321406e-05,0.5238095238095238,1.262915069907965e-05,0.29408949899184766,0.2850734669196038,0.009016032072243885,0.5317460317460317,4.0441467055868815e-05,0.28251852061090976,0.43100114792754374,-0.14848262731663397,0.4973544973544973,-0.00013783102393092215,0.36782043940902875,0.34012206012966484,0.027698379279363916,0.19932230430698183,0.19065544718076866,0.008666857126213179,0.5,0.0007662202940233084,-0.09645161320333373,-0.07380636459010859,-0.050341463199985226,-0.024679403383116805,-0.016917417998783213,6,4,2,2,3,2,3,2,4,4,False,False,-2
2021-09-30,EWJ,japan,VT,0.02704672012825049,-0.04107729799234461,0.0681240181205951,0.7142857142857143,0.0032985096322593424,0.04089495038008484,-0.016917417998783213,0.05781236837886805,0.5396825396825397,0.0009268458410018376,0.023546575241628176,0.042308126175273575,-0.0187615509336454,0.4523809523809524,-0.00012453963514793537,0.202741613426902,0.2850734669196038,-0.08233185349270178,0.4523809523809524,-0.00025273699341452294,0.2235033090864278,0.43100114792754374,-0.20749783884111594,0.46164021164021163,-0.00023299238411902663,0.1710680632685453,0.34012206012966484,-0.16905399686111955,0.16011640849803221,0.19065544718076866,-0.03053903868273644,0.3333333333333333,-0.00512144344122147,-0.08947947567966974,-0.07380636459010859,-0.050341463199985226,0.04089495038008484,-0.016917417998783213,1,1,4,5,6,6,7,5,6,1,False,False,3
2021-09-30,EWY,south_korea,VT,-0.06955824621207463,-0.04107729799234461,-0.028480948219730018,0.5238095238095238,-0.0013688093870462997,-0.12894173793432528,-0.016917417998783213,-0.11202431993554207,0.42857142857142855,-0.0018656368718105818,-0.11059646978008375,0.042308126175273575,-0.15290459595535733,0.4603174603174603,-0.001214111281829736,0.2439734697186391,0.2850734669196038,-0.04109999720096469,0.5079365079365079,-6.496410561162463e-05,0.2332809062141743,0.43100114792754374,-0.19772024171336944,0.5,-0.00012173080281918791,0.33697081483531166,0.34012206012966484,-0.0031512452943531777,0.3752183279317214,0.19065544718076866,0.18456288075095273,0.5,-0.0019966322784028268,-0.10611098252318385,-0.07380636459010859,-0.050341463199985226,-0.12894173793432528,-0.016917417998783213,7,6,6,4,5,3,1,2,2,6,False,False,0
2021-09-30,MCHI,china,VT,-0.04605175488021973,-0.04107729799234461,-0.004974456887875123,0.42857142857142855,-0.00014201081256067413,-0.1741467732645381,-0.016917417998783213,-0.15722935526575488,0.36507936507936506,-0.0025890642433532896,-0.18382504660157062,0.042308126175273575,-0.2261331727768442,0.4126984126984127,-0.0018322056079145912,-0.08056239979645463,0.2850734669196038,-0.3656358667160584,0.4523809523809524,-0.001225183307822744,0.1722544764714229,0.43100114792754374,-0.25874667145612085,0.5,-0.0002144773704266216,-0.03617664280298727,0.34012206012966484,-0.3762987029326521,0.18874220839452227,0.19065544718076866,-0.001913238786246385,0.16666666666666666,-0.025674514547489997,-0.21092692965257853,-0.07380636459010859,-0.050341463199985226,-0.1741467732645381,-0.016917417998783213,5,7,7,7,7,7,5,7,1,7,False,False,0
2021-10-29,VTI,us,VT,0.06687377923445115,0.05145832171495979,0.01541545751949136,0.6190476190476191,0.0007029281671737241,0.049864284990746466,0.03030148246485842,0.019562802525888046,0.5396825396825397,0.00030272928923487835,0.09612929062346298,0.06137890471200591,0.03475038591145707,0.5238095238095238,0.00025776869027113513,0.42287152340256395,0.36576721117208244,0.05710431223048151,0.5238095238095238,0.00016564137161424852,0.8485086966755837,0.6712574233277617,0.17725127334782198,0.533068783068783,0.00014458503498454773,0.3336830945677227,0.29892662691991,0.034756467647812705,0.24914353736583728,0.24620214915362149,0.0029413882122157897,0.5833333333333334,0.003508354370314659,-0.09159146281681596,-0.07380636459010859,-0.0023297663112886724,0.049864284990746466,0.03030148246485842,1,1,1,2,1,2,4,1,5,1,False,False,0
2021-10-29,VEA,developed_ex_us,VT,0.032283809761314064,0.05145832171495979,-0.019174511953645723,0.47619047619047616,-0.0008764562547858501,0.005577208743166695,0.03030148246485842,-0.024724273721691725,0.47619047619047616,-0.00038196871201095963,0.031358981034290245,0.06137890471200591,-0.030019923677715665,0.4523809523809524,-0.00022237116346234052,0.3482880998843869,0.36576721117208244,-0.017479111287695526,0.47619047619047616,-4.627069559129349e-05,0.4610508828552198,0.6712574233277617,-0.21020654047254195,0.44576719576719576,-0.00018386423271651368,0.30612152116978364,0.29892662691991,0.007194894249873629,0.2717600214998197,0.24620214915362149,0.025557872346198218,0.3333333333333333,-0.0014072923800823405,-0.07067143811161547,-0.07380636459010859,-0.0023297663112886724,0.005577208743166695,0.03030148246485842,3,4,3,3,4,3,3,5,7,4,False,False,-1
2021-10-29,VWO,emerging_markets,VT,0.012997356282424155,0.05145832171495979,-0.03846096543253563,0.42857142857142855,-0.0017612036175209361,-0.007568823863395524,0.03030148246485842,-0.037870306328253944,0.4603174603174603,-0.0005737667101706677,-0.029489249668378736,0.06137890471200591,-0.09086815438038465,0.47619047619047616,-0.0006856115494397261,0.1695511798497893,0.36576721117208244,-0.19621603132229315,0.4642857142857143,-0.0005871544557011384,0.49385340446479753,0.6712574233277617,-0.1774040188629642,0.5013227513227513,-0.0001344165587849875,0.1545451452527955,0.29892662691991,-0.1443814816671145,0.1950762020485035,0.24620214915362149,-0.051125947105117975,0.4166666666666667,-0.012464453490259939,-0.11141396130924242,-0.07380636459010859,-0.0023297663112886724,-0.007568823863395524,0.03030148246485842,5,5,5,6,2,6,5,3,2,5,False,True,0
2021-10-29,VGK,europe,VT,0.050297581753243836,0.05145832171495979,-0.0011607399617159508,0.5238095238095238,-5.110703938945992e-05,0.006964065044019918,0.03030148246485842,-0.023337417420838502,0.4603174603174603,-0.00035688561376897557,0.04809347990214463,0.06137890471200591,-0.01328542480986128,0.5158730158730159,-9.01361775119407e-05,0.43239697434506774,0.36576721117208244,0.0666297631729853,0.5396825396825397,0.00019899599603810195,0.4878162878345622,0.6712574233277617,-0.18344113549319951,0.5,-0.00014619112760272434,0.36380107812301343,0.29892662691991,0.06487445120310342,0.3084131076638861,0.24620214915362149,0.06221095851026459,0.5,0.00354172180179844,-0.09645161320333373,-0.07380636459010859,-0.0023297663112886724,0.006964065044019918,0.03030148246485842,2,3,2,1,3,1,2,2,4,3,False,False,-1
2021-10-29,EWJ,japan,VT,-0.026334459375784935,0.05145832171495979,-0.07779278109074472,0.23809523809523808,-0.0036387276798161374,0.00944493440110783,0.03030148246485842,-0.02085654806375059,0.4603174603174603,-0.00030455985800127906,0.010032035369463621,0.06137890471200591,-0.05134686934254229,0.4365079365079365,-0.0003733470429624784,0.18086356439648665,0.36576721117208244,-0.1849036467755958,0.4365079365079365,-0.0005616510155215755,0.3418922055599223,0.6712574233277617,-0.32936521776783945,0.4576719576719577,-0.00031557000063933314,0.2128020507323669,0.29892662691991,-0.0861245761875431,0.1849016743044265,0.24620214915362149,-0.061300474849194986,0.25,-0.011832269893191675,-0.08947947567966974,-0.07380636459010859,-0.0023297663112886724,0.00944493440110783,0.03030148246485842,7,2,4,5,7,5,6,6,6,2,False,False,2
2021-10-29,EWY,south_korea,VT,-0.014505202792214567,0.05145832171495979,-0.06596352450717435,0.42857142857142855,-0.003022388378139856,-0.1041360280428617,0.03030148246485842,-0.13443751050772013,0.42857142857142855,-0.002154039338617441,-0.120491189966772,0.06137890471200591,-0.1818700946787779,0.46825396825396826,-0.0014404075275157937,0.20708606158200293,0.36576721117208244,-0.1586811495900795,0.5,-0.0004211393117848143,0.4595395053044866,0.6712574233277617,-0.2117179180232751,0.5052910052910053,-0.00010487294198355302,0.2248527998342098,0.29892662691991,-0.0740738270857002,0.3771620622321452,0.24620214915362149,0.13095991307852373,0.4166666666666667,-0.00839243148331049,-0.10611098252318385,-0.07380636459010859,-0.0023297663112886724,-0.1041360280428617,0.03030148246485842,6,7,6,4,5,4,1,3,3,7,False,False,-1
2021-10-29,MCHI,china,VT,0.025322072752181013,0.05145832171495979,-0.026136248962778774,0.42857142857142855,-0.0011080926788355774,-0.04126272979412504,0.03030148246485842,-0.07156421225898346,0.4126984126984127,-0.0010313462158677567,-0.1513883760292073,0.06137890471200591,-0.2127672807412132,0.40476190476190477,-0.0016570528960064437,-0.1159246447559692,0.36576721117208244,-0.48169185592805164,0.44047619047619047,-0.001614913168252367,0.41007052468181127,0.6712574233277617,-0.26118689864595046,0.5026455026455027,-0.00017741920256823343,-0.13775838954584696,0.29892662691991,-0.43668501646575697,0.05644213518671348,0.24620214915362149,-0.189760013966908,0.08333333333333333,-0.03355857656966806,-0.3009794832502699,-0.07380636459010859,-0.0023297663112886724,-0.04126272979412504,0.03030148246485842,4,6,7,7,6,7,7,7,1,6,False,False,1
2021-11-30,VTI,us,VT,-0.014604608592619361,-0.026150932343609767,0.011546323750990406,0.6666666666666666,0.0005624615143890217,0.00436120623140579,-0.018099873860015214,0.022461080091421004,0.5873015873015873,0.0003632041842677903,0.07522628837764622,0.016937234453076266,0.058289053924569956,0.5634920634920635,0.00044424606249008367,0.26751442721019014,0.19548698804603526,0.07202743916415488,0.5436507936507936,0.0002353681326924808,0.7492216723294449,0.5616725884519884,0.1875490838774565,0.5343915343915344,0.00016100335395550976,0.2863003402115327,0.22758960063803957,0.058710739573493154,0.1734932650872809,0.15659883118850315,0.01689443389877776,0.6666666666666666,0.004915845934692437,-0.09159146281681596,-0.07380636459010859,-0.04540876489131429,0.00436120623140579,-0.018099873860015214,1,1,1,1,1,1,3,1,5,1,False,False,0
2021-11-30,VEA,developed_ex_us,VT,-0.04643123875167987,-0.026150932343609767,-0.020280306408070103,0.42857142857142855,-0.000999626264826372,-0.048972286072321514,-0.018099873860015214,-0.0308724122123063,0.49206349206349204,-0.000503736327002342,-0.048349077600487456,0.016937234453076266,-0.06528631205356372,0.42063492063492064,-0.0005213963509159112,0.13057045161153225,0.19548698804603526,-0.06491653643450301,0.45634920634920634,-0.00021852528723217306,0.34698091297915035,0.5616725884519884,-0.21469167547283807,0.4470899470899471,-0.00020128060355844267,0.18562026940930676,0.22758960063803957,-0.04196933122873281,0.1495708974389467,0.15659883118850315,-0.007027933749556459,0.25,-0.0045724614299269455,-0.07067143811161547,-0.07380636459010859,-0.04540876489131429,-0.048972286072321514,-0.018099873860015214,4,3,4,3,3,3,4,5,7,3,False,False,1
2021-11-30,VWO,emerging_markets,VT,-0.029016925462447274,-0.026150932343609767,-0.0028659931188375065,0.47619047619047616,-0.00012709572359910428,-0.0494653059231408,-0.018099873860015214,-0.03136543206312559,0.47619047619047616,-0.000500163086307823,-0.09490685267062304,0.016937234453076266,-0.11184408712369931,0.4523809523809524,-0.0009025171853776316,0.05705705420116769,0.19548698804603526,-0.13842993384486757,0.4722222222222222,-0.0004597714084723564,0.32978224999090755,0.5616725884519884,-0.23189033846108087,0.4947089947089947,-0.00020011224079440008,0.08864622043449044,0.22758960063803957,-0.13894338020354913,0.12172505050820148,0.15659883118850315,-0.03487378068030167,0.4166666666666667,-0.009884934062743739,-0.12067949015476875,-0.07380636459010859,-0.04540876489131429,-0.0494653059231408,-0.018099873860015214,2,4,5,4,4,4,5,2,3,4,False,False,1
2021-11-30,VGK,europe,VT,-0.04890463426993519,-0.026150932343609767,-0.02275370192632542,0.38095238095238093,-0.0011235879240142303,-0.054913292179237794,-0.018099873860015214,-0.03681341831922258,0.4444444444444444,-0.0005999977621859011,-0.042131141562765984,0.016937234453076266,-0.05906837601584225,0.47619047619047616,-0.0004665907335243052,0.17423303896000308,0.19548698804603526,-0.021253949086032176,0.5119047619047619,-6.392917996016102e-05,0.3848546875823795,0.5616725884519884,-0.1768179008696089,0.5,-0.00015117512808046364,0.2346112506380018,0.22758960063803957,0.007021649999962243,0.17795909841293112,0.15659883118850315,0.021360267224427965,0.4166666666666667,-0.0013908455206750974,-0.09645161320333373,-0.07380636459010859,-0.04540876489131429,-0.054913292179237794,-0.018099873860015214,6,5,3,2,2,2,2,2,4,5,False,True,-2
2021-11-30,EWJ,japan,VT,-0.030263158142666224,-0.026150932343609767,-0.004112225799056457,0.42857142857142855,-0.00018595871352375525,-0.030263158142666224,-0.018099873860015214,-0.01216328428265101,0.4603174603174603,-0.0001753922536935168,-0.02850949677897241,0.016937234453076266,-0.045446731232048676,0.4444444444444444,-0.0003449692230888094,0.041800469297453846,0.19548698804603526,-0.1536865187485814,0.43253968253968256,-0.0005321820450150804,0.2541379338915075,0.5616725884519884,-0.3075346545604809,0.45634920634920634,-0.0003144548319491865,0.07431256020148425,0.22758960063803957,-0.15327704043655532,0.06364206538113137,0.15659883118850315,-0.09295676580737178,0.25,-0.01084264309046413,-0.08947947567966974,-0.07380636459010859,-0.04540876489131429,-0.030263158142666224,-0.018099873860015214,3,2,2,5,6,5,6,5,6,2,False,False,0
2021-11-30,EWY,south_korea,VT,-0.047301514732501326,-0.026150932343609767,-0.02115058238889156,0.38095238095238093,-0.0009887552491119954,-0.12642740396726881,-0.018099873860015214,-0.1083275301072536,0.4444444444444444,-0.001793317671432717,-0.18508536791914998,0.016937234453076266,-0.20202260237222625,0.4365079365079365,-0.0017088814814098096,-0.0013967586575522883,0.19548698804603526,-0.19688374670358755,0.4722222222222222,-0.0006447377913286011,0.27788519754496366,0.5616725884519884,-0.28378739090702476,0.49867724867724866,-0.00019153645936384334,0.048183928897567174,0.22758960063803957,-0.1794056717404724,0.19178331921196623,0.15659883118850315,0.03518448802346308,0.3333333333333333,-0.014193415939881318,-0.14134273440696277,-0.07380636459010859,-0.04540876489131429,-0.12642740396726881,-0.018099873860015214,5,7,6,6,5,6,1,4,2,7,False,False,-1
2021-11-30,MCHI,china,VT,-0.058203304012448775,-0.026150932343609767,-0.03205237166883901,0.42857142857142855,-0.0015103244917155406,-0.07882470365740679,-0.018099873860015214,-0.06072482979739158,0.42857142857142855,-0.0009201426610372641,-0.21883609966257456,0.016937234453076266,-0.23577333411565082,0.3968253968253968,-0.001969856354850705,-0.17489212372069396,0.19548698804603526,-0.3703791117667292,0.44841269841269843,-0.001359800953019824,0.17514954546217476,0.5616725884519884,-0.38652304298981366,0.4973544973544973,-0.00033141351722220026,-0.12390022199630613,0.22758960063803957,-0.3514898226343457,0.0323919131631496,0.15659883118850315,-0.12420691802535355,0.08333333333333333,-0.029122923395310706,-0.3180965845712379,-0.07380636459010859,-0.04540876489131429,-0.07882470365740679,-0.018099873860015214,7,6,7,7,7,7,7,7,1,6,False,False,1
2021-12-31,VTI,us,VT,0.05276685552158944,0.0491270485664832,0.0036398069551062395,0.6190476190476191,0.0001789546763937912,0.07633638629402273,0.05444180544401611,0.021894580850006617,0.6190476190476191,0.0003342938823353825,0.07901486906198785,0.04054783597806488,0.038467033083922963,0.5555555555555556,0.00029297121768574237,0.2568186264985035,0.18266261052536992,0.0741560159731336,0.5476190476190477,0.0002458575071724871,0.9868375777482741,0.7506997643852873,0.23613781336298678,0.541005291005291,0.00017734349183500423,0.1938242735385296,0.12728254613332912,0.06654172740520048,0.1211715255403143,0.11415354441618342,0.007017981124130879,0.6666666666666666,0.005108188622515386,-0.07201964553987461,-0.06675321465149664,-0.009077819012425103,0.07633638629402273,0.05444180544401611,2,1,1,1,1,1,2,1,6,1,False,False,0
2021-12-31,VEA,developed_ex_us,VT,0.04877267391187945,0.0491270485664832,-0.00035437465460375073,0.42857142857142855,-2.4825092956881095e-05,0.023920217735596827,0.05444180544401611,-0.030521587708419284,0.4603174603174603,-0.00046856148214736136,0.0036727417129707174,0.04054783597806488,-0.036875094265094166,0.46825396825396826,-0.0002840883872999926,0.11664086049528688,0.18266261052536992,-0.06602175003008304,0.44841269841269843,-0.0002268716096353208,0.5042710981613294,0.7506997643852873,-0.24642866622395787,0.44576719576719576,-0.0002056440304105616,0.06471200887630091,0.12728254613332912,-0.06257053725702821,0.11873058548709459,0.11415354441618342,0.00457704107091117,0.25,-0.004707588830320658,-0.07067143811161547,-0.06675321465149664,-0.009077819012425103,0.023920217735596827,0.05444180544401611,3,3,3,3,3,3,3,5,7,3,False,False,0
2021-12-31,VWO,emerging_markets,VT,0.016022244975966604,0.0491270485664832,-0.033104803590516596,0.38095238095238093,-0.0015338955423970448,-0.0018455572463238479,0.05444180544401611,-0.05628736269033996,0.4444444444444444,-0.0008646623007576588,-0.06576906836955154,0.04054783597806488,-0.10631690434761643,0.4523809523809524,-0.0008355558632665836,0.012589580640093745,0.18266261052536992,-0.17007302988527617,0.46825396825396826,-0.0005905110165118267,0.4020008999857456,0.7506997643852873,-0.3486988643995417,0.4894179894179894,-0.0002805263076814156,-0.0033785326579677255,0.12728254613332912,-0.13066107879129685,0.08940932246051769,0.11415354441618342,-0.024744221955665724,0.3333333333333333,-0.01255177841116134,-0.12067949015476875,-0.06675321465149664,-0.009077819012425103,-0.0018455572463238479,0.05444180544401611,6,4,5,4,5,4,4,3,3,4,False,False,1
2021-12-31,VGK,europe,VT,0.05811836778969082,0.0491270485664832,0.008991319223207617,0.5238095238095238,0.0004031351772269833,0.04433497235577111,0.05444180544401611,-0.010106833088245004,0.49206349206349204,-0.00015313637055443892,0.02205638948687727,0.04054783597806488,-0.018491446491187613,0.49206349206349204,-0.00013691171649871984,0.16890773974417295,0.18266261052536992,-0.01375487078119697,0.5119047619047619,-4.1510848217303166e-05,0.556943125887239,0.7506997643852873,-0.19375663849804825,0.5013227513227513,-0.00014650604998151241,0.10470413833370129,0.12728254613332912,-0.02257840779962783,0.1518505933697858,0.11415354441618342,0.037697048953602375,0.4166666666666667,-0.0008655251748294346,-0.09640981043652952,-0.06675321465149664,-0.009077819012425103,0.04433497235577111,0.05444180544401611,1,2,2,2,2,2,1,2,4,2,False,False,0
2021-12-31,EWJ,japan,VT,0.02819559006227368,0.0491270485664832,-0.02093145850420952,0.47619047619047616,-0.0009704698526285606,-0.02988215309806952,0.05444180544401611,-0.08432395854208563,0.3968253968253968,-0.0013145658262750215,-0.0010256033279854027,0.04054783597806488,-0.041573439306050286,0.4603174603174603,-0.00030972855086911606,0.011554125596281661,0.18266261052536992,-0.17110848492908826,0.44047619047619047,-0.0006083591021254753,0.3835295084500858,0.7506997643852873,-0.3671702559352015,0.45634920634920634,-0.00033574972239457226,-0.01618511558193314,0.12728254613332912,-0.14346766171526226,0.018354204593374668,0.11415354441618342,-0.09579933982280875,0.16666666666666666,-0.012390569052263814,-0.08947947567966974,-0.06675321465149664,-0.009077819012425103,-0.02988215309806952,0.05444180544401611,5,6,4,5,6,5,6,6,5,6,False,False,-2
2021-12-31,EWY,south_korea,VT,0.028368222507822782,0.0491270485664832,-0.020758826058660418,0.38095238095238093,-0.0009490377999485192,-0.012004988659744975,0.05444180544401611,-0.06644679410376109,0.4126984126984127,-0.0009893077053779167,-0.14490627428083191,0.04054783597806488,-0.1854541102588968,0.4126984126984127,-0.0015088096847687548,-0.07584302210823524,0.18266261052536992,-0.25850563263360515,0.45634920634920634,-0.0009163289364681092,0.41014107593609483,0.7506997643852873,-0.34055868844919246,0.49603174603174605,-0.0002117579460874015,-0.10133650800870142,0.12728254613332912,-0.22861905414203054,0.07751295569384542,0.11415354441618342,-0.036640588722338,0.3333333333333333,-0.020007083425512318,-0.16794846184138834,-0.06675321465149664,-0.009077819012425103,-0.012004988659744975,0.05444180544401611,4,5,6,6,4,6,5,3,2,5,False,False,1
2021-12-31,MCHI,china,VT,-0.023510988747785122,0.0491270485664832,-0.07263803731426832,0.38095238095238093,-0.0033302406765789386,-0.054468854618511586,0.05444180544401611,-0.1089106600625277,0.42857142857142855,-0.001644448405088501,-0.2152455707709966,0.04054783597806488,-0.2557934067490615,0.3968253968253968,-0.002108182727739655,-0.21741979268217615,0.18266261052536992,-0.40008240320754607,0.44841269841269843,-0.0015242066134085437,0.2440264664537204,0.7506997643852873,-0.5066732979315669,0.4933862433862434,-0.0004046520665577795,-0.19857755868212923,0.12728254613332912,-0.32586010481545835,0.012844254425550483,0.11415354441618342,-0.10130928999063293,0.08333333333333333,-0.032472479570682694,-0.3180965845712379,-0.06675321465149664,-0.009077819012425103,-0.054468854618511586,0.05444180544401611,7,7,7,7,7,7,7,7,1,7,False,False,0
2022-01-31,VTI,us,VT,-0.06358120313666316,-0.04836646375300324,-0.015214739383659914,0.42857142857142855,-0.0007432184830884216,-0.03920275390250383,-0.03538426526249472,-0.00381848864000911,0.5714285714285714,-4.911564457605736e-05,0.00870671379522614,-0.006154978491019647,0.014861692286245787,0.5555555555555556,0.00012680682232941052,0.16474449450498296,0.11204388226780337,0.05270061223717959,0.5396825396825397,0.00019011683561632426,0.7209348568809251,0.5450376862807922,0.17589717060013288,0.5383597883597884,0.0001529048762661167,0.24382861429784874,0.16856314948023443,0.07526546481761431,0.14275474033853253,0.11528412224351237,0.02747061809502016,0.6666666666666666,0.0039053612779494096,-0.050945532234229596,-0.05388503967498126,-0.05445950896238427,-0.03920275390250383,-0.03538426526249472,6,3,1,1,1,1,1,1,7,3,False,False,-2
2022-01-31,VEA,developed_ex_us,VT,-0.0389584668888413,-0.04836646375300324,0.009407996864161938,0.6666666666666666,0.00045124293345906913,-0.04353859101609492,-0.03538426526249472,-0.0081543257536002,0.5079365079365079,-0.00014318229323466149,-0.038204206083408354,-0.006154978491019647,-0.03204922759238871,0.49206349206349204,-0.00026257550262281053,0.0663304694807263,0.11204388226780337,-0.04571341278707708,0.4642857142857143,-0.00016725453597205052,0.34394105247400697,0.5450376862807922,-0.20109663380678522,0.4537037037037037,-0.00018968335563609114,0.10955711355025222,0.16856314948023443,-0.059006035929982215,0.10101561509638235,0.11528412224351237,-0.014268507147130016,0.3333333333333333,-0.0036654144447339407,-0.05891074923271844,-0.05388503967498126,-0.05445950896238427,-0.04353859101609492,-0.03538426526249472,4,4,4,3,3,3,3,3,6,4,False,False,0
2022-01-31,VWO,emerging_markets,VT,0.0016131213022327895,-0.04836646375300324,0.04997958505523603,0.7142857142857143,0.0024561680984771356,-0.009875384917775065,-0.03538426526249472,0.025508880344719653,0.5238095238095238,0.0004217054116330915,-0.017369463732144652,-0.006154978491019647,-0.011214485241125005,0.49206349206349204,-7.603064926878807e-05,-0.038379211989109985,0.11204388226780337,-0.15042309425691336,0.48412698412698413,-0.0005534216954859781,0.2896690989853852,0.5450376862807922,-0.255368587295407,0.4973544973544973,-0.00022552482061390534,-0.03992792470544637,0.16856314948023443,-0.2084910741856808,0.026106168524276274,0.11528412224351237,-0.08917795371923609,0.3333333333333333,-0.010987711465619257,-0.12067949015476875,-0.05388503967498126,-0.05445950896238427,-0.009875384917775065,-0.03538426526249472,1,1,2,5,4,5,4,3,3,1,False,False,1
2022-01-31,VGK,europe,VT,-0.035756015144796094,-0.04836646375300324,0.012610448608207148,0.7142857142857143,0.0006150979534852599,-0.03523870201288937,-0.03538426526249472,0.0001455632496053516,0.5396825396825397,-2.4319341016049775e-06,-0.02852004158175392,-0.006154978491019647,-0.022365063090734272,0.5,-0.00017965877393529028,0.12263968852440499,0.11204388226780337,0.010595806256601614,0.5277777777777778,4.096683482438453e-05,0.39939386433824997,0.5450376862807922,-0.14564382194254222,0.5079365079365079,-0.00012231903768210735,0.16426931996157257,0.16856314948023443,-0.0042938295186618625,0.1359540319325081,0.11528412224351237,0.020669909688995736,0.5,0.0005706827507978851,-0.06586484932199621,-0.05388503967498126,-0.05445950896238427,-0.03523870201288937,-0.03538426526249472,3,2,3,2,2,2,2,2,5,2,False,False,1
2022-01-31,EWJ,japan,VT,-0.04229553468796232,-0.04836646375300324,0.00607092906504092,0.5238095238095238,0.0002969846380855052,-0.05084082438041171,-0.03538426526249472,-0.01545655911791699,0.47619047619047616,-0.0002573801447751039,-0.04187607823047523,-0.006154978491019647,-0.035721099739455586,0.46825396825396826,-0.00028097000138819144,-0.03381278202786031,0.11204388226780337,-0.14585666429566368,0.4444444444444444,-0.000547058708382353,0.24499130633222777,0.5450376862807922,-0.3000463799485644,0.45634920634920634,-0.00031020540431890353,0.008857380295640649,0.16856314948023443,-0.15970576918459378,0.004397297775259101,0.11528412224351237,-0.11088682446825326,0.25,-0.011631983181887628,-0.08947947567966974,-0.05388503967498126,-0.05445950896238427,-0.05084082438041171,-0.03538426526249472,5,5,5,4,5,4,6,5,4,5,False,False,0
2022-01-31,EWY,south_korea,VT,-0.07370432633163493,-0.04836646375300324,-0.025337862578631687,0.38095238095238093,-0.0011819737649272778,-0.0699795012631208,-0.03538426526249472,-0.034595236000626084,0.3968253968253968,-0.0005229763739215608,-0.1668281420000206,-0.006154978491019647,-0.16067316350900096,0.4126984126984127,-0.001338507856269501,-0.19363724925014936,0.11204388226780337,-0.30568113151795273,0.4444444444444444,-0.001223749019659156,0.1762083532022065,0.5450376862807922,-0.3688293330785857,0.4947089947089947,-0.0002856306228593762,-0.12947585347511092,0.16856314948023443,-0.29803900295534536,0.010034937434447944,0.11528412224351237,-0.10524918480906442,0.25,-0.024332650959776703,-0.20525876004398147,-0.05388503967498126,-0.05445950896238427,-0.0699795012631208,-0.03538426526249472,7,6,7,6,6,6,5,5,2,6,False,False,1
2022-01-31,MCHI,china,VT,-0.00870953065452551,-0.04836646375300324,0.03965693309847773,0.5238095238095238,0.0020785347933493644,-0.08930655574352497,-0.03538426526249472,-0.053922290481030255,0.4603174603174603,-0.0008124154232741223,-0.12688425325916097,-0.006154978491019647,-0.12072927476814133,0.4365079365079365,-0.0009218808195709395,-0.29854699979725186,0.11204388226780337,-0.41059088206505523,0.44047619047619047,-0.001714808028656371,0.09464831373340132,0.5450376862807922,-0.45038937254739086,0.49074074074074076,-0.00040698190064934563,-0.292383996523339,0.16856314948023443,-0.46094714600357345,-0.09037331997267417,0.11528412224351237,-0.20565744221618654,0.08333333333333333,-0.035655363736352336,-0.3251084447708792,-0.05388503967498126,-0.05445950896238427,-0.08930655574352497,-0.03538426526249472,2,7,6,7,7,7,7,7,1,7,False,False,-1
2022-02-28,VTI,us,VT,0.02039213668492712,0.009009667982788239,0.011382468702138882,0.5238095238095238,0.0005649978090571873,-0.0594423434572493,-0.042980673885049225,-0.016461669572200077,0.5079365079365079,-0.00025291840552208735,-0.04325666532858907,-0.05168622004215162,0.008429554713562548,0.5476190476190477,8.288614227064747e-05,0.09194815535414436,0.04626682788829917,0.04568132746584519,0.5396825396825397,0.0001770773055457804,0.6204711047996334,0.4611015009132804,0.15936960388635302,0.533068783068783,0.00014787227415995923,0.07012599969820421,0.036924482577055606,0.033201517121148605,0.1183180348606121,0.08803603573867136,0.03028199912194074,0.6666666666666666,0.0037709192487368945,-0.050945532234229596,-0.05388503967498126,-0.08065532465747316,-0.0594423434572493,-0.042980673885049225,2,6,1,1,1,1,2,1,7,6,False,False,-5
2022-02-28,VEA,developed_ex_us,VT,-0.006445032318981081,0.009009667982788239,-0.01545470030176932,0.5714285714285714,-0.0007490413502511064,-0.028415770343697577,-0.042980673885049225,0.014564903541351648,0.5714285714285714,0.0002277264851236427,-0.07152605249424393,-0.05168622004215162,-0.01983983245209231,0.5238095238095238,-0.0001714211688159538,0.008183851849756785,0.04626682788829917,-0.03808297603854238,0.4801587301587302,-0.0001473783589080792,0.2785280356551143,0.4611015009132804,-0.1825734652581661,0.4576719576719577,-0.00018204809593002017,0.014723779402846748,0.036924482577055606,-0.022200703174208858,0.07860742069239102,0.08803603573867136,-0.009428615046280342,0.4166666666666667,-0.0033644398611316073,-0.061541190462736206,-0.05388503967498126,-0.08065532465747316,-0.028415770343697577,-0.042980673885049225,5,3,4,3,3,3,3,3,6,3,False,False,1
2022-02-28,VWO,emerging_markets,VT,-0.004786431891548704,0.009009667982788239,-0.013796099874336942,0.47619047619047616,-0.0006537446766953119,-0.015263431521034376,-0.042980673885049225,0.02771724236401485,0.5238095238095238,0.0004519756496708722,-0.052680989818454704,-0.05168622004215162,-0.0009947697763030838,0.5079365079365079,4.3616229518571104e-07,-0.09033210883348852,0.04626682788829917,-0.1365989367217877,0.4722222222222222,-0.0005350295124639605,0.24640785708231872,0.4611015009132804,-0.21469364383096168,0.49867724867724866,-0.0001973397304636178,-0.0859571047695139,0.036924482577055606,-0.12288158734656951,-0.03955826972553189,0.08803603573867136,-0.12759430546420325,0.3333333333333333,-0.010907243478540904,-0.12067949015476875,-0.05388503967498126,-0.08065532465747316,-0.015263431521034376,-0.042980673885049225,4,1,2,5,4,5,6,4,3,1,False,False,1
2022-02-28,VGK,europe,VT,-0.03514478456881942,0.009009667982788239,-0.04415445255160766,0.5238095238095238,-0.0021089666509451713,-0.03957208533239798,-0.042980673885049225,0.0034085885526512483,0.6031746031746031,6.006795766850497e-05,-0.09450217629489122,-0.05168622004215162,-0.042815956252739595,0.5158730158730159,-0.0003607604289245516,0.03203858700273421,0.04626682788829917,-0.014228240885564958,0.5357142857142857,-4.7451987014085924e-05,0.28476180333889856,0.4611015009132804,-0.17633969757438184,0.5105820105820106,-0.00016079005920716183,0.06963052123994617,0.036924482577055606,0.03270603866289057,0.12165845141803144,0.08803603573867136,0.033622415679360085,0.5,-0.0015110516109107426,-0.06600723029370958,-0.05388503967498126,-0.08065532465747316,-0.03957208533239798,-0.042980673885049225,7,4,5,2,2,2,1,2,5,4,False,False,1
2022-02-28,EWJ,japan,VT,0.006878952962673601,0.009009667982788239,-0.0021307150201146374,0.5238095238095238,-0.00011901326727321264,-0.04767764664925933,-0.042980673885049225,-0.004696972764210106,0.5079365079365079,-8.961493418020474e-05,-0.06403194755616703,-0.05168622004215162,-0.012345727514015414,0.48412698412698413,-9.784873812720929e-05,-0.07371702384078582,0.04626682788829917,-0.11998385172908499,0.44047619047619047,-0.00047331948235359867,0.22104278072226835,0.4611015009132804,-0.24005872019101204,0.4603174603174603,-0.0002626797748301678,-0.08004534861545298,0.036924482577055606,-0.11696983119250859,-0.014414729026608564,0.08803603573867136,-0.10245076476527992,0.3333333333333333,-0.010102166090830875,-0.09660029164005746,-0.05388503967498126,-0.08065532465747316,-0.04767764664925933,-0.042980673885049225,3,5,3,4,5,4,5,4,4,5,False,False,-2
2022-02-28,EWY,south_korea,VT,0.04623615627605315,0.009009667982788239,0.037226488293264914,0.7619047619047619,0.0017305006793780827,-0.023920659183132686,-0.042980673885049225,0.01906001470191654,0.5079365079365079,0.0003486114760567474,-0.1371322358138939,-0.05168622004215162,-0.08544601577174227,0.47619047619047616,-0.0006979993507899821,-0.1812691774343237,0.04626682788829917,-0.22753600532262286,0.4642857142857143,-0.0009245851750692636,0.20923046276848778,0.4611015009132804,-0.2518710381447926,0.5026455026455027,-0.00017604788294480825,-0.21745122489376933,0.036924482577055606,-0.25437570747082494,0.003210858806718564,0.08803603573867136,-0.0848251769319528,0.3333333333333333,-0.019644406142991577,-0.21263777995863686,-0.05388503967498126,-0.08065532465747316,-0.023920659183132686,-0.042980673885049225,1,2,6,6,6,6,4,4,2,2,False,False,4
2022-02-28,MCHI,china,VT,-0.022351923134474982,0.009009667982788239,-0.03136159111726322,0.42857142857142855,-0.0014606138082151028,-0.10522381241391598,-0.042980673885049225,-0.06224313852886676,0.4603174603174603,-0.0009933799445225287,-0.1441383701398764,-0.05168622004215162,-0.09245215009772478,0.4523809523809524,-0.000727538555910518,-0.34120868522426606,0.04626682788829917,-0.38747551311256523,0.42857142857142855,-0.0017280477598355121,0.0012436505999722236,0.4611015009132804,-0.45985785031330817,0.4894179894179894,-0.0004517198912530781,-0.32614676961477795,0.036924482577055606,-0.36307125219183356,-0.19968405022891955,0.08803603573867136,-0.2877200859675909,0.08333333333333333,-0.036193180140390156,-0.3251084447708792,-0.05388503967498126,-0.08065532465747316,-0.10522381241391598,-0.042980673885049225,6,7,7,7,7,7,7,7,1,7,False,False,0
2022-03-31,VTI,us,VT,0.0294345377808507,0.020902877106007134,0.008531660674843566,0.5714285714285714,0.00039107708152414614,-0.05709921135050633,-0.05728556110342886,0.0001863497529225322,0.5079365079365079,1.7849299791798206e-05,0.03214489131476217,0.004747246797093707,0.027397644517668462,0.5714285714285714,0.00022539126931822804,0.10199841052196512,0.04725622008884378,0.05474219043312134,0.5476190476190477,0.00020835617316961966,0.6311003210806836,0.4544800774485578,0.1766202436321258,0.5357142857142857,0.00016233995236960796,0.07048905984594223,0.02581376110677791,0.044675298739164315,0.11756795269628029,0.08695739916579082,0.03061055353048947,0.6666666666666666,0.0042493584279786984,-0.05202024692224172,-0.0554793317534219,-0.06332149980981994,-0.05709921135050633,-0.05728556110342886,1,1,1,1,1,1,1,1,7,1,False,False,0
2022-03-31,VEA,developed_ex_us,VT,0.014609929444965308,0.020902877106007134,-0.006292947661041826,0.38095238095238093,-0.00027195105683042707,-0.05808933381754977,-0.05728556110342886,-0.0008037727141209094,0.5396825396825397,-1.2751083821516306e-05,-0.03231473987204103,0.004747246797093707,-0.03706198666913474,0.49206349206349204,-0.0002992498865689088,-0.0061689921017173965,0.04725622008884378,-0.05342521219056118,0.46825396825396826,-0.0002046927190819881,0.26217086752314356,0.4544800774485578,-0.19230920992541423,0.4497354497354497,-0.00019234342679101598,-0.020479714364760482,0.02581376110677791,-0.04629347547153839,0.06300761374805997,0.08695739916579082,-0.02394978541773085,0.4166666666666667,-0.004287278546845047,-0.07112314189770941,-0.0554793317534219,-0.06332149980981994,-0.05808933381754977,-0.05728556110342886,2,2,2,3,2,3,3,2,6,2,False,False,0
2022-03-31,VWO,emerging_markets,VT,-0.02233070157054684,0.020902877106007134,-0.043233578676553974,0.3333333333333333,-0.0019196344221524301,-0.06708380648553591,-0.05728556110342886,-0.009798245382107051,0.5079365079365079,-0.00011685997295380044,-0.06579799342942161,0.004747246797093707,-0.07054524022651532,0.46825396825396826,-0.0005504725666600331,-0.09748149153780405,0.04725622008884378,-0.14473771162664784,0.4722222222222222,-0.0005647624027579319,0.16457707985151604,0.4544800774485578,-0.28990299759704174,0.49206349206349204,-0.0002784969314882361,-0.07686729049176533,0.02581376110677791,-0.10268105159854324,-0.00030546079782978186,0.08695739916579082,-0.0872628599636206,0.3333333333333333,-0.012226418176583312,-0.13173800571552818,-0.0554793317534219,-0.06332149980981994,-0.06708380648553591,-0.05728556110342886,6,3,4,5,6,4,4,4,3,3,False,False,1
2022-03-31,VGK,europe,VT,0.013117665281666913,0.020902877106007134,-0.007785211824340221,0.38095238095238093,-0.00021204666200630705,-0.0853140272266042,-0.05728556110342886,-0.028028466123175333,0.5555555555555556,-0.00041778932855954465,-0.03879212697696999,0.004747246797093707,-0.043539373774063694,0.5158730158730159,-0.00032114479680969476,0.001897891308720201,0.04725622008884378,-0.04535832878012358,0.5198412698412699,-0.00015425782305530757,0.2552797996585048,0.4544800774485578,-0.199200277790053,0.5066137566137566,-0.00018116642017949476,-0.011074502357855454,0.02581376110677791,-0.036888263464633364,0.10171920291702041,0.08695739916579082,0.014761803751229596,0.4166666666666667,-0.003301909570336168,-0.07170579372916364,-0.0554793317534219,-0.06332149980981994,-0.0853140272266042,-0.05728556110342886,3,5,3,2,3,2,2,2,5,5,False,False,-2
2022-03-31,EWJ,japan,VT,-0.010916794238595706,0.020902877106007134,-0.03181967134460284,0.47619047619047616,-0.0015130155303565058,-0.07921091193145846,-0.05728556110342886,-0.0219253508280296,0.5079365079365079,-0.00038377914158379525,-0.11145893895648828,0.004747246797093707,-0.11620618575358199,0.4444444444444444,-0.0009765316961630567,-0.09053684000735107,0.04725622008884378,-0.13779306009619485,0.44841269841269843,-0.000550535665655496,0.1806884687457846,0.4544800774485578,-0.2737916087027732,0.46164021164021163,-0.0003013962438415164,-0.08049883498675248,0.02581376110677791,-0.10631259609353039,-0.003407970463296217,0.08695739916579082,-0.09036536962908703,0.3333333333333333,-0.011419065073860027,-0.10982199152437744,-0.0554793317534219,-0.06332149980981994,-0.07921091193145846,-0.05728556110342886,5,4,6,4,5,5,5,4,4,4,False,False,2
2022-03-31,EWY,south_korea,VT,-0.0041940468562913225,0.020902877106007134,-0.025096923962298456,0.47619047619047616,-0.0010828811521498018,-0.08854770466471606,-0.05728556110342886,-0.0312621435612872,0.5238095238095238,-0.0004703471293894451,-0.09815653179953243,0.004747246797093707,-0.10290377859662614,0.46825396825396826,-0.0008033975205242659,-0.19789723567673134,0.04725622008884378,-0.24515345576557512,0.4642857142857143,-0.0010087544011770009,0.20813480333465684,0.4544800774485578,-0.24634527411390095,0.5066137566137566,-0.00016939736756988575,-0.19451901066561106,0.02581376110677791,-0.22033277177238897,-0.044106171505027936,0.08695739916579082,-0.13106357067081875,0.3333333333333333,-0.021802907846497317,-0.21294935501146772,-0.0554793317534219,-0.06332149980981994,-0.08854770466471606,-0.05728556110342886,4,6,5,6,4,6,6,4,2,6,False,False,-1
2022-03-31,MCHI,china,VT,-0.09061211952331216,0.020902877106007134,-0.1115149966293193,0.3333333333333333,-0.004199096820900345,-0.16247030834190013,-0.05728556110342886,-0.10518474723847127,0.42857142857142855,-0.0013972035350150634,-0.21108212054075448,0.004747246797093707,-0.2158293673378482,0.42857142857142855,-0.0016359140578420832,-0.3561049864971626,0.04725622008884378,-0.4033612065860064,0.42063492063492064,-0.001734059832878337,-0.13096984753058594,0.4544800774485578,-0.5854499249791437,0.4828042328042328,-0.0005990295870010401,-0.2919467838461658,0.02581376110677791,-0.3177605449529437,-0.1444242834201679,0.08695739916579082,-0.2313816825859587,0.08333333333333333,-0.03837577611828696,-0.3695248518972901,-0.0554793317534219,-0.06332149980981994,-0.16247030834190013,-0.05728556110342886,7,7,7,7,7,7,7,7,1,7,False,False,0
2022-04-29,VTI,us,VT,-0.1050353939949048,-0.09480744365876803,-0.01022795033613677,0.38095238095238093,-0.0005048772300710139,-0.06558076544089952,-0.07052842747192878,0.004947662031029254,0.5079365079365079,0.0001030777237595108,-0.11974414208309425,-0.12383027870285845,0.004086136619764202,0.5396825396825397,5.3182515033233814e-05,-0.03470154208574361,-0.0635560004665412,0.028854458380797587,0.5277777777777778,0.00012956786635352527,0.4534584805055226,0.31682939920936404,0.13662908129615858,0.5317460317460317,0.00014228966148157045,0.07858841728178989,0.03452463564055863,0.04406378164123126,0.04048304026313554,0.02108942403140257,0.01939361623173297,0.5833333333333334,0.002586030034957637,-0.10791459281990134,-0.0888643543124018,-0.1391509282963762,-0.06558076544089952,-0.07052842747192878,7,2,1,1,1,1,2,1,5,2,False,False,-1
2022-04-29,VEA,developed_ex_us,VT,-0.08220566991863765,-0.09480744365876803,0.012601773740130384,0.5238095238095238,0.0006306138403788797,-0.07187127819167116,-0.07052842747192878,-0.0013428507197423833,0.49206349206349204,-2.7176453900811124e-05,-0.13269484698764245,-0.12383027870285845,-0.008864568284783991,0.5,-8.612149135040906e-05,-0.08936635129582182,-0.0635560004665412,-0.025810350829280626,0.4801587301587302,-0.00011087252472621614,0.1674845788192476,0.31682939920936404,-0.14934482039011643,0.4576719576719577,-0.00016480284124805437,-0.007802054493569743,0.03452463564055863,-0.042326690134128375,0.0125659338102877,0.02108942403140257,-0.008523490221114871,0.5,-0.0022387768738674485,-0.08229357288950312,-0.0888643543124018,-0.1391509282963762,-0.07187127819167116,-0.07052842747192878,5,3,2,3,2,2,4,2,6,3,False,False,-1
2022-04-29,VWO,emerging_markets,VT,-0.0735763562626569,-0.09480744365876803,0.021231087396111126,0.47619047619047616,0.0010868362168019346,-0.09483616781268667,-0.07052842747192878,-0.02430774034075789,0.4444444444444444,-0.00037936115085209583,-0.14239638877844263,-0.12383027870285845,-0.018566110075584175,0.47619047619047616,-0.0001473065128679752,-0.1574898635827483,-0.0635560004665412,-0.0939338631162071,0.47619047619047616,-0.000396105501437687,0.09260173515393566,0.31682939920936404,-0.22422766405542838,0.4933862433862434,-0.00023212545680023343,-0.09057789909330316,0.03452463564055863,-0.1251025347338618,-0.04881447013076956,0.02108942403140257,-0.06990389416217213,0.4166666666666667,-0.008296573306938365,-0.13173800571552818,-0.0888643543124018,-0.1391509282963762,-0.09483616781268667,-0.07052842747192878,2,4,3,5,5,5,5,3,4,4,False,False,-1
2022-04-29,VGK,europe,VT,-0.08090669679204232,-0.09480744365876803,0.01390074686672571,0.5238095238095238,0.0007041462227119872,-0.09664184090876538,-0.07052842747192878,-0.026113413436836597,0.49206349206349204,-0.00039706765668362775,-0.1482884063169876,-0.12383027870285845,-0.024458127614129133,0.5158730158730159,-0.00019854512899479955,-0.08914034566534235,-0.0635560004665412,-0.02558434519880115,0.5198412698412699,-9.174473432939477e-05,0.16154121356943052,0.31682939920936404,-0.15528818563993352,0.5105820105820106,-0.00015307747085920612,-0.008958447248567425,0.03452463564055863,-0.04348308288912606,0.01429453697048122,0.02108942403140257,-0.006794887060921351,0.4166666666666667,-0.002141619250987631,-0.07170579372916364,-0.0888643543124018,-0.1391509282963762,-0.09664184090876538,-0.07052842747192878,4,5,4,2,3,3,3,3,7,5,False,False,-1
2022-04-29,EWJ,japan,VT,-0.09204618251317342,-0.09480744365876803,0.0027612611455946068,0.47619047619047616,0.00013106254585168057,-0.09768917649683939,-0.07052842747192878,-0.027160749024910613,0.49206349206349204,-0.00048295541164145207,-0.162563515950242,-0.12383027870285845,-0.038733237247383534,0.48412698412698413,-0.0003654961369502038,-0.1428743095385583,-0.0635560004665412,-0.07931830907201709,0.4603174603174603,-0.00034419585497129655,0.08113129863889035,0.31682939920936404,-0.2356981005704737,0.46164021164021163,-0.00028684881999234727,-0.05598096075643444,0.03452463564055863,-0.09050559639699307,0.060716314628956214,0.02108942403140257,0.03962689059755364,0.3333333333333333,-0.006831049199008565,-0.14554998517919482,-0.0888643543124018,-0.1391509282963762,-0.09768917649683939,-0.07052842747192878,6,6,6,4,6,4,1,6,3,6,False,False,0
2022-04-29,EWY,south_korea,VT,-0.06862339555828434,-0.09480744365876803,0.026184048100483692,0.42857142857142855,0.0013526025431866509,-0.056090663207638114,-0.07052842747192878,0.014437764264290665,0.5396825396825397,0.00027674330956909955,-0.16074460920208222,-0.12383027870285845,-0.03691433049922377,0.4603174603174603,-0.0002964603224892066,-0.24850693765933285,-0.0635560004665412,-0.18495093719279165,0.4642857142857143,-0.0008256786009792394,0.14881277662857606,0.31682939920936404,-0.16801662258078798,0.5052910052910053,-0.00010569182633286829,-0.1931372779208621,0.03452463564055863,-0.22766191356142074,-0.11594526502914748,0.02108942403140257,-0.13703468906055005,0.4166666666666667,-0.01776586595487752,-0.24888635941751658,-0.0888643543124018,-0.1391509282963762,-0.056090663207638114,-0.07052842747192878,1,1,5,6,4,6,6,3,2,1,False,False,4
2022-04-29,MCHI,china,VT,-0.07986858695085564,-0.09480744365876803,0.014938856707912396,0.42857142857142855,0.0009645051176694553,-0.15632839651574826,-0.07052842747192878,-0.08579996904381948,0.4126984126984127,-0.0010349066297974773,-0.27801271655168946,-0.12383027870285845,-0.154182437848831,0.42857142857142855,-0.0012401766487333855,-0.3786445979743207,-0.0635560004665412,-0.3150885975077795,0.4166666666666667,-0.00142104979444031,-0.17468876386566867,0.31682939920936404,-0.4915181630750327,0.4828042328042328,-0.0005320669487940353,-0.32471015203510656,0.03452463564055863,-0.3592347876756652,-0.1857134903541392,0.02108942403140257,-0.20680291438554177,0.16666666666666666,-0.0321687549473692,-0.3787690020649266,-0.0888643543124018,-0.1391509282963762,-0.15632839651574826,-0.07052842747192878,3,7,7,7,7,7,7,7,1,7,False,False,0
2022-05-31,VTI,us,VT,-0.0025134316300999826,0.004941549607878626,-0.0074549812379786085,0.42857142857142855,-0.00031170659323350884,-0.04922107856358371,-0.04306273576884312,-0.00615834279474059,0.47619047619047616,-7.678174074281296e-05,-0.12789108890207734,-0.10735674697121822,-0.020534341930859124,0.49206349206349204,-0.00016078677017937977,-0.04189390106963342,-0.07705769692722353,0.03516379585759011,0.5277777777777778,0.00016093668007430108,0.5382221741680506,0.39824850057331473,0.1399736735947359,0.533068783068783,0.00013899120880082994,-0.03947969896365555,-0.08159603567699791,0.04211633671334236,0.09118308318831492,0.04820326701467614,0.042979816173638774,0.5833333333333334,0.0028893859386787866,-0.12392482590125276,-0.09873405750702124,-0.13489699990365656,-0.04922107856358371,-0.04306273576884312,7,4,5,1,1,1,1,1,5,4,False,False,1
2022-05-31,VEA,developed_ex_us,VT,0.016528666449461715,0.004941549607878626,0.01158711684158309,0.6666666666666666,0.0005076483051527768,-0.026927605670393095,-0.04306273576884312,0.016135130098450023,0.5238095238095238,0.0002502446679956015,-0.07760617456001773,-0.10735674697121822,0.029750572411200493,0.5476190476190477,0.00024726766650544596,-0.11102563824353029,-0.07705769692722353,-0.03396794131630676,0.48412698412698413,-0.00015239071350335652,0.2436778248794036,0.39824850057331473,-0.15457067569391114,0.46164021164021163,-0.00016153921088784182,-0.12548028295012525,-0.08159603567699791,-0.04388424727312734,0.008318368699251177,0.04820326701467614,-0.039884898315424966,0.5,-0.0029162566889782047,-0.10614258348984351,-0.09873405750702124,-0.13489699990365656,-0.026927605670393095,-0.04306273576884312,5,2,1,2,4,2,4,2,7,2,False,False,-1
2022-05-31,VWO,emerging_markets,VT,0.004604160029742621,0.004941549607878626,-0.0003373895781360048,0.47619047619047616,-4.725557598008111e-05,-0.0721618011900711,-0.04306273576884312,-0.029099065421227976,0.42857142857142855,-0.0004612921280723572,-0.1000281066676425,-0.10735674697121822,0.0073286403035757175,0.48412698412698413,7.865466701957348e-05,-0.1848444539742291,-0.07705769692722353,-0.10778675704700558,0.46825396825396826,-0.00047438021268694964,0.16596452324276645,0.39824850057331473,-0.23228397733054829,0.49206349206349204,-0.00022748487604200924,-0.18858035984876154,-0.08159603567699791,-0.10698432417176362,-0.053852351443034574,0.04820326701467614,-0.10205561845771072,0.3333333333333333,-0.008422526441418462,-0.12351767206143605,-0.09873405750702124,-0.13489699990365656,-0.0721618011900711,-0.04306273576884312,6,5,4,5,5,5,5,5,6,5,False,False,-1
2022-05-31,VGK,europe,VT,0.024148042414634308,0.004941549607878626,0.01920649280675568,0.6666666666666666,0.0008858439413531276,-0.012153114853857505,-0.04306273576884312,0.030909620914985614,0.5396825396825397,0.0005418665516009018,-0.08279925074813721,-0.10735674697121822,0.02455749622308101,0.5714285714285714,0.00023767552482745468,-0.11373407866612528,-0.07705769692722353,-0.03667638173890175,0.5198412698412699,-0.00014525870789693592,0.25093726674946826,0.39824850057331473,-0.14731123382384648,0.5158730158730159,-0.00013501905480340083,-0.13463104489823052,-0.08159603567699791,-0.05303500922123261,0.016035194918152085,0.04820326701467614,-0.03216807209652406,0.4166666666666667,-0.0029071905887190683,-0.12671733860746048,-0.09873405750702124,-0.13489699990365656,-0.012153114853857505,-0.04306273576884312,2,1,2,3,3,3,2,3,4,1,False,False,1
2022-05-31,EWJ,japan,VT,0.017308309300567926,0.004941549607878626,0.0123667596926893,0.47619047619047616,0.0005064385893915256,-0.07216500126671532,-0.04306273576884312,-0.029102265497872204,0.4603174603174603,-0.0005229284747821406,-0.13094141863098774,-0.10735674697121822,-0.02358467165976952,0.49206349206349204,-0.00023471268840928396,-0.13737907479297518,-0.07705769692722353,-0.060321377865751646,0.46825396825396826,-0.0002700613619674776,0.1522073792864833,0.39824850057331473,-0.24604112128683142,0.4603174603174603,-0.0002842951302364762,-0.1520555594398867,-0.08159603567699791,-0.07045952376288878,0.01254776536548774,0.04820326701467614,-0.035655501649188404,0.3333333333333333,-0.0059214331970967775,-0.15142764867840963,-0.09873405750702124,-0.13489699990365656,-0.07216500126671532,-0.04306273576884312,4,6,6,4,6,4,3,5,3,6,False,False,0
2022-05-31,EWY,south_korea,VT,0.021008458277282704,0.004941549607878626,0.01606690866940408,0.5238095238095238,0.0007926568200811115,-0.04825841413764487,-0.04306273576884312,-0.005195678368801748,0.4603174603174603,-4.169092610733091e-05,-0.09015396219717808,-0.10735674697121822,0.017202784774040136,0.49206349206349204,0.0001912407293767362,-0.25652739863664187,-0.07705769692722353,-0.17946970170941834,0.4603174603174603,-0.0008134321422229738,0.28756159911768653,0.39824850057331473,-0.1106869014556282,0.5052910052910053,-3.4785555614508097e-05,-0.27182522795374553,-0.08159603567699791,-0.19022919227674762,-0.13235615757684194,0.04820326701467614,-0.18055942459151808,0.4166666666666667,-0.016469574039367368,-0.24816722845799022,-0.09873405750702124,-0.13489699990365656,-0.04825841413764487,-0.04306273576884312,3,3,3,6,2,6,6,3,2,3,False,False,0
2022-05-31,MCHI,china,VT,0.026357441036958695,0.004941549607878626,0.02141589142908007,0.6666666666666666,0.0011565367386744936,-0.11606079217290144,-0.04306273576884312,-0.07299805640405832,0.47619047619047616,-0.0007204581933512861,-0.20439840242665808,-0.10735674697121822,-0.09704165545543986,0.47619047619047616,-0.0006077879092870696,-0.3781953599958935,-0.07705769692722353,-0.30113766306866996,0.43253968253968256,-0.0013522203190419464,-0.02923647394500717,0.39824850057331473,-0.4274849745183219,0.4894179894179894,-0.00039588547599267795,-0.3941636557183439,-0.08159603567699791,-0.312567620041346,-0.16087671047598173,0.04820326701467614,-0.20907997749065788,0.25,-0.0289571350725617,-0.3272763416656008,-0.09873405750702124,-0.13489699990365656,-0.11606079217290144,-0.04306273576884312,1,7,7,7,7,7,7,7,1,7,False,False,0
2022-06-30,VTI,us,VT,-0.08231276467780335,-0.0812178282885474,-0.0010949363892559516,0.5238095238095238,-2.396347678604701e-05,-0.1807666803569533,-0.16421545507126856,-0.016551225285684756,0.4444444444444444,-0.00028018243336352326,-0.21696403872381675,-0.2007044028864926,-0.01625963583732415,0.47619047619047616,-0.0001370981907175233,-0.14169840256173027,-0.15874731881876758,0.017048916257037305,0.5238095238095238,9.510519384317352e-05,0.3090511425972018,0.197396004006684,0.11165513859051779,0.5343915343915344,0.00013148069162813053,-0.0647122849682843,-0.08438288521184822,0.01967060024356393,0.07244370872699313,0.02573689061270401,0.04670681811428912,0.5,0.0017194298896871147,-0.1361074224633455,-0.13479942212355955,-0.20515878681738853,-0.1807666803569533,-0.16421545507126856,4,6,6,1,1,1,1,1,7,6,False,False,0
2022-06-30,VEA,developed_ex_us,VT,-0.09170033225426621,-0.0812178282885474,-0.010482503965718815,0.47619047619047616,-0.0005714770389104675,-0.15258888494672562,-0.16421545507126856,0.011626570124542934,0.5555555555555556,0.00018892836887372965,-0.19125065633597826,-0.2007044028864926,0.009453746550514341,0.5476190476190477,7.851560644873196e-05,-0.18068311862975084,-0.15874731881876758,-0.02193579981098326,0.503968253968254,-0.00011112578470072839,0.06226796541034507,0.197396004006684,-0.13512803859633893,0.46296296296296297,-0.00016561571517202938,-0.09796633152616563,-0.08438288521184822,-0.013583446314317404,-0.02207317135545228,0.02573689061270401,-0.04781006196815629,0.5,-0.00213464614808175,-0.15803787541130943,-0.13479942212355955,-0.20515878681738853,-0.15258888494672562,-0.16421545507126856,5,5,3,2,2,3,4,1,6,5,False,False,-2
2022-06-30,VWO,emerging_markets,VT,-0.03850206037890447,-0.0812178282885474,0.04271576790964293,0.6666666666666666,0.002124469863826195,-0.10514439941189613,-0.16421545507126856,0.05907105565937243,0.5396825396825397,0.0010546835015493494,-0.1405016510193302,-0.2007044028864926,0.060202751867162396,0.5317460317460317,0.0005866759816915441,-0.21027005741828897,-0.15874731881876758,-0.05152273859952139,0.48412698412698413,-0.00023603673511481105,0.04887615707061577,0.197396004006684,-0.14851984693606823,0.49603174603174605,-0.0001640452214452122,-0.17864624557289677,-0.08438288521184822,-0.09426336036104854,-0.08735621577486397,0.02573689061270401,-0.11309310638756798,0.3333333333333333,-0.004667430309534056,-0.20490376731623594,-0.13479942212355955,-0.20515878681738853,-0.10514439941189613,-0.16421545507126856,2,2,2,5,4,5,5,5,3,2,False,False,0
2022-06-30,VGK,europe,VT,-0.09897976978063872,-0.0812178282885474,-0.017761941492091315,0.42857142857142855,-0.000915950593611344,-0.15188082338879916,-0.16421545507126856,0.012334631682469399,0.5396825396825397,0.0002246798568179236,-0.21178598563544582,-0.2007044028864926,-0.011081582748953211,0.5476190476190477,-8.467266142756608e-05,-0.18411872143176966,-0.15874731881876758,-0.02537140261300208,0.5198412698412699,-0.0001057495038763496,0.055931545362401636,0.197396004006684,-0.14146445864428236,0.5145502645502645,-0.00015371633377158484,-0.09449172038057685,-0.08438288521184822,-0.010108835168728625,-0.012747993982753392,0.02573689061270401,-0.0384848845954574,0.4166666666666667,-0.0024141121319896652,-0.2022857676249199,-0.13479942212355955,-0.20515878681738853,-0.15188082338879916,-0.16421545507126856,6,4,5,3,3,2,3,3,5,4,False,False,1
2022-06-30,EWJ,japan,VT,-0.07390224250140698,-0.0812178282885474,0.007315585787140422,0.47619047619047616,0.0002984627879664454,-0.14459224470342869,-0.16421545507126856,0.01962321036783987,0.47619047619047616,0.0003119879744032172,-0.20501898182302603,-0.2007044028864926,-0.00431457893653342,0.48412698412698413,-7.591224232915395e-05,-0.19981416127234397,-0.15874731881876758,-0.04106684245357639,0.4722222222222222,-0.0002081314893296428,0.007006786651347463,0.197396004006684,-0.19038921735533654,0.4603174603174603,-0.000259591271485906,-0.13595964114093884,-0.08438288521184822,-0.05157675592909061,-0.005774320186846316,0.02573689061270401,-0.03151121079955033,0.4166666666666667,-0.0036335271774182907,-0.20473675711511663,-0.13479942212355955,-0.20515878681738853,-0.14459224470342869,-0.16421545507126856,3,3,4,4,6,4,2,3,4,3,False,False,1
2022-06-30,EWY,south_korea,VT,-0.14476776677780423,-0.0812178282885474,-0.06354993848925683,0.5238095238095238,-0.003378401605328345,-0.1867225600672232,-0.16421545507126856,-0.022507104995954652,0.49206349206349204,-0.00041104741402019416,-0.26229711708852477,-0.2007044028864926,-0.06159271420203216,0.5,-0.0005916459538935061,-0.36224760122179456,-0.15874731881876758,-0.20350028240302698,0.4603174603174603,-0.0010521847531589172,0.02601779875350796,0.197396004006684,-0.17137820525317604,0.5052910052910053,-0.0001297458098086226,-0.25429330887659307,-0.08438288521184822,-0.16991042366474485,-0.18040343075603582,0.02573689061270401,-0.20614032136873983,0.3333333333333333,-0.0222891678378697,-0.2741300164171564,-0.13479942212355955,-0.20515878681738853,-0.1867225600672232,-0.16421545507126856,7,7,7,7,5,6,6,5,2,7,False,False,0
2022-06-30,MCHI,china,VT,0.08367819315103509,-0.0812178282885474,0.16489602143958249,0.6666666666666666,0.00798012886760459,0.023408046056131226,-0.16421545507126856,0.18762350112739978,0.5873015873015873,0.0033670569079828462,-0.07933580503971249,-0.2007044028864926,0.12136859784678011,0.5158730158730159,0.001439256755759884,-0.31425416250910687,-0.15874731881876758,-0.1555068436903393,0.4523809523809524,-0.000588970497390719,-0.0462267117076014,0.197396004006684,-0.2436227157142854,0.49206349206349204,-0.00021256897152998916,-0.367205281212742,-0.08438288521184822,-0.28282239600089376,-0.20463367504874286,0.02573689061270401,-0.23037056566144687,0.3333333333333333,-0.01381226770532896,-0.45695649242479486,-0.13479942212355955,-0.20515878681738853,0.023408046056131226,-0.16421545507126856,1,1,1,6,7,7,7,5,1,1,False,False,0
2022-07-29,VTI,us,VT,0.08404314583038852,0.06175140790212752,0.022291737928261002,0.5714285714285714,0.0010037607251116893,-0.035831598166927825,-0.037726201133781445,0.0018946029668536202,0.5079365079365079,6.667631916866689e-05,-0.041659806833601265,-0.06671194274151215,0.02505213590791089,0.5158730158730159,0.0002358694983290972,-0.08295786592497623,-0.11055405879907776,0.027596192874101533,0.5277777777777778,0.00013790252469936964,0.40591995322188756,0.28034561038252725,0.1255743428393603,0.533068783068783,0.0001376593286448509,-0.1540538422273222,-0.16228418951820078,0.00823034729087857,0.07041104853161473,0.039758813148851546,0.030652235382763182,0.5,0.00263313246770025,-0.1361074224633455,-0.13748639792743267,-0.1496479833372636,-0.035831598166927825,-0.037726201133781445,1,3,1,1,1,1,1,1,7,3,False,False,-2
2022-07-29,VEA,developed_ex_us,VT,0.0470386594833232,0.06175140790212752,-0.014712748418804322,0.5238095238095238,-0.0006513390265313718,-0.04002810228452147,-0.037726201133781445,-0.0023019011507400267,0.5555555555555556,-5.867172295066009e-05,-0.09355202557573039,-0.06671194274151215,-0.026840082834218237,0.5158730158730159,-0.00024295158368152646,-0.14723902617932505,-0.11055405879907776,-0.03668496738024729,0.5079365079365079,-0.00017311653727709105,0.13972252597611123,0.28034561038252725,-0.14062308440641602,0.4695767195767196,-0.00016080865448141478,-0.18554967756254337,-0.16228418951820078,-0.023265488044342586,0.0015993549108568317,0.039758813148851546,-0.038159458237994714,0.5,-0.003357259803908247,-0.15803787541130943,-0.13748639792743267,-0.1496479833372636,-0.04002810228452147,-0.037726201133781445,3,4,3,2,2,3,4,1,6,4,False,False,-1
2022-07-29,VWO,emerging_markets,VT,-0.012192377915498764,0.06175140790212752,-0.07394378581762628,0.42857142857142855,-0.0034487713240927776,-0.04106654850441849,-0.037726201133781445,-0.0033403473706370423,0.5238095238095238,-8.763058487004825e-05,-0.13116306345868745,-0.06671194274151215,-0.06445112071717529,0.47619047619047616,-0.0005618642992036769,-0.17313648092689626,-0.11055405879907776,-0.0625824221278185,0.48412698412698413,-0.0002799227023045579,0.06399630174342552,0.28034561038252725,-0.21634930863910173,0.49603174603174605,-0.00023401828544404452,-0.16293061463908165,-0.16228418951820078,-0.0006464251208808669,-0.02612654204856335,0.039758813148851546,-0.0658853551974149,0.3333333333333333,-0.005333071846780464,-0.21248263215825203,-0.13748639792743267,-0.1496479833372636,-0.04106654850441849,-0.037726201133781445,6,5,6,5,6,2,5,4,4,5,False,False,1
2022-07-29,VGK,europe,VT,0.04385466669305216,0.06175140790212752,-0.017896741209075362,0.5714285714285714,-0.0007655163454470762,-0.04306409981156989,-0.037726201133781445,-0.005337898677788444,0.5555555555555556,-7.830045009297905e-05,-0.12216200143119715,-0.06671194274151215,-0.055450058689685,0.5158730158730159,-0.0004524411621007588,-0.16288036274650475,-0.11055405879907776,-0.05232630394742699,0.5158730158730159,-0.00022236096173093115,0.13570950426855233,0.28034561038252725,-0.14463610611397493,0.5171957671957672,-0.00014495797289774628,-0.19804962897229428,-0.16228418951820078,-0.035765439454093495,0.00986628890190544,0.039758813148851546,-0.029892524246946106,0.3333333333333333,-0.004988532889866883,-0.2022857676249199,-0.13748639792743267,-0.1496479833372636,-0.04306409981156989,-0.037726201133781445,4,6,4,4,3,4,2,4,5,6,False,False,-2
2022-07-29,EWJ,japan,VT,0.06123607973270029,0.06175140790212752,-0.0005153281694272316,0.42857142857142855,-4.7386582572057845e-05,-0.0105502358919225,-0.037726201133781445,0.027175965241858946,0.4603174603174603,0.0003784176655612705,-0.09301751033959416,-0.06671194274151215,-0.026305567598082003,0.46825396825396826,-0.0002637127513863761,-0.15341393113214086,-0.11055405879907776,-0.0428598723330631,0.46825396825396826,-0.00020877037343197547,0.08937786747469967,0.28034561038252725,-0.1909677429078276,0.4603174603174603,-0.00024492017308712464,-0.20226414740715026,-0.16228418951820078,-0.03997995788894948,0.006726452288239981,0.039758813148851546,-0.033032360860611565,0.4166666666666667,-0.003139598278422131,-0.2338517852259583,-0.13748639792743267,-0.1496479833372636,-0.0105502358919225,-0.037726201133781445,2,2,2,3,5,5,3,3,3,2,False,False,0
2022-07-29,EWY,south_korea,VT,0.04127259350607981,0.06175140790212752,-0.020478814396047706,0.47619047619047616,-0.0008957601189594,-0.08741522616867137,-0.037726201133781445,-0.04968902503488992,0.5079365079365079,-0.0008117583997611688,-0.12512644585744193,-0.06671194274151215,-0.05841450311592977,0.5238095238095238,-0.00047890150937687385,-0.3175599903479551,-0.11055405879907776,-0.20700593154887736,0.4603174603174603,-0.0010036075284236905,0.1303645760382084,0.28034561038252725,-0.14998103434431886,0.5079365079365079,-9.016822452694227e-05,-0.344609649857206,-0.16228418951820078,-0.1823254603390052,-0.1117572920198886,0.039758813148851546,-0.15151610516874015,0.3333333333333333,-0.02012092918986592,-0.2924885945412933,-0.13748639792743267,-0.1496479833372636,-0.08741522616867137,-0.037726201133781445,5,7,5,7,4,7,6,4,2,7,False,False,-2
2022-07-29,MCHI,china,VT,-0.10725834048915839,0.06175140790212752,-0.1690097483912859,0.3333333333333333,-0.008192464392353391,0.02711809496625217,-0.037726201133781445,0.06484429610003362,0.5555555555555556,0.001152792340235128,-0.16648376772157059,-0.06671194274151215,-0.09977182498005843,0.47619047619047616,-0.0005909650090861443,-0.29819266271027556,-0.11055405879907776,-0.1876386039111978,0.45634920634920634,-0.0007365101377567422,-0.12883502042620587,0.28034561038252725,-0.4091806308087331,0.4894179894179894,-0.00041948940128409747,-0.2138741036524895,-0.16228418951820078,-0.051589914134288706,-0.13090962682110985,0.039758813148851546,-0.1706684399699614,0.3333333333333333,-0.016060546002627362,-0.45695649242479486,-0.13748639792743267,-0.1496479833372636,0.02711809496625217,-0.037726201133781445,7,1,7,6,7,6,7,4,1,1,False,False,6
2022-08-31,VTI,us,VT,-0.029805385710028776,-0.030651639105384598,0.0008462533953558227,0.38095238095238093,5.8820969404412994e-05,-0.0275429308064018,-0.04977554710869514,0.02223261630229334,0.5079365079365079,0.0003882880370725605,-0.09860073313007178,-0.11074575977929946,0.012145026649227675,0.49206349206349204,0.0001305114658089926,-0.1365732603468356,-0.16076817965355228,0.02419491930671669,0.5238095238095238,0.00013071351670665025,0.39754526282398395,0.26635725355566575,0.1311880092683182,0.5291005291005291,0.00014422452333126998,-0.11004789458138153,-0.13423093884233994,0.02418304426095841,-0.02071037732776415,-0.027409541095784973,0.006699163768020822,0.5,0.002429965493605468,-0.1936078169029447,-0.18686785122234884,-0.18410913839437282,-0.0275429308064018,-0.04977554710869514,4,2,1,1,1,1,1,1,6,2,False,False,-1
2022-08-31,VEA,developed_ex_us,VT,-0.04327270785902426,-0.030651639105384598,-0.012621068753639664,0.42857142857142855,-0.0006325962801604304,-0.09108104297107067,-0.04977554710869514,-0.04130549586237553,0.47619047619047616,-0.0007108239970328696,-0.13405937030065807,-0.11074575977929946,-0.023313610521358608,0.5,-0.00022073449842423772,-0.20206929661061757,-0.16076817965355228,-0.04130111695706529,0.5119047619047619,-0.00020692347621027135,0.10097593368833713,0.26635725355566575,-0.16538131986732862,0.4669312169312169,-0.00019137551582776096,-0.16597894724654128,-0.13423093884233994,-0.03174800840420133,-0.04608734659551861,-0.027409541095784973,-0.018677805499733635,0.5,-0.0041171841146095305,-0.19041467148908653,-0.18686785122234884,-0.18410913839437282,-0.09108104297107067,-0.04977554710869514,6,5,4,4,4,3,4,1,7,5,False,False,-1
2022-08-31,VWO,emerging_markets,VT,0.007347485888237859,-0.030651639105384598,0.03799912499362246,0.6190476190476191,0.0017980535226786362,-0.0441545547006591,-0.04977554710869514,0.005620992408036041,0.5555555555555556,6.612990501955607e-05,-0.12181653958863892,-0.11074575977929946,-0.01107077980933946,0.5,-9.794882187935143e-05,-0.1890724161584003,-0.16076817965355228,-0.028304236504848035,0.5,-0.00013192365224060882,0.1060290820225569,0.26635725355566575,-0.16032817153310885,0.5026455026455027,-0.00016950441831821818,-0.19498723608114554,-0.13423093884233994,-0.0607562972388056,-0.030726875910387585,-0.027409541095784973,-0.0033173348146026127,0.4166666666666667,-0.002153612192573068,-0.24565291969878666,-0.18686785122234884,-0.18410913839437282,-0.0441545547006591,-0.04977554710869514,2,3,2,2,3,5,2,3,4,3,False,False,-1
2022-08-31,VGK,europe,VT,-0.057830014520595,-0.030651639105384598,-0.0271783754152104,0.42857142857142855,-0.0013491300877152054,-0.10983039546107531,-0.04977554710869514,-0.060054848352380175,0.47619047619047616,-0.0010153474450123098,-0.1484007979086367,-0.11074575977929946,-0.03765503812933724,0.5,-0.00031348135185326517,-0.23558728713264943,-0.16076817965355228,-0.07481910747909715,0.5119047619047619,-0.0003517507127604555,0.07491068898472908,0.26635725355566575,-0.19144656457093667,0.5119047619047619,-0.00020207841315375357,-0.18866794246433793,-0.13423093884233994,-0.05443700362199799,-0.04133369607196513,-0.027409541095784973,-0.013924154976180159,0.3333333333333333,-0.007582360452850906,-0.20657484255458436,-0.18686785122234884,-0.18410913839437282,-0.10983039546107531,-0.04977554710869514,7,6,6,5,5,4,3,6,5,6,False,False,0
2022-08-31,EWJ,japan,VT,-0.0394334706920656,-0.030651639105384598,-0.008781831586681,0.38095238095238093,-0.00044025207689084897,-0.061068778116005196,-0.04977554710869514,-0.011293231007310056,0.4126984126984127,-0.00022201354565398558,-0.1313115429041961,-0.11074575977929946,-0.020565783124896653,0.4444444444444444,-0.00021757067772665284,-0.198508492281962,-0.16076817965355228,-0.03774031262840971,0.4642857142857143,-0.00019609075672686742,0.04877346983609354,0.26635725355566575,-0.2175837837195722,0.4537037037037037,-0.0002797244927394908,-0.16560541798651485,-0.13423093884233994,-0.031374479144174905,-0.05084082438041171,-0.027409541095784973,-0.023431283284626736,0.4166666666666667,-0.003301278132434369,-0.2540818653278597,-0.18686785122234884,-0.18410913839437282,-0.061068778116005196,-0.04977554710869514,5,4,3,3,6,2,5,3,3,4,False,False,-1
2022-08-31,EWY,south_korea,VT,-0.025576311808210517,-0.030651639105384598,0.0050753272971740815,0.5714285714285714,0.0002668916231916642,-0.14346982298003363,-0.04977554710869514,-0.0936942758713385,0.5079365079365079,-0.001618044686990781,-0.19040956492243288,-0.11074575977929946,-0.07966380514313343,0.49206349206349204,-0.0007068528597042278,-0.3178011143469086,-0.16076817965355228,-0.15703293469335633,0.48412698412698413,-0.0007789525430222883,0.1433959362442332,0.26635725355566575,-0.12296131731143256,0.5105820105820106,-6.08684742085514e-05,-0.2998950108458174,-0.13423093884233994,-0.16566407200347744,-0.1472218818348242,-0.027409541095784973,-0.11981234073903924,0.3333333333333333,-0.016651775945700026,-0.31910305863364097,-0.18686785122234884,-0.18410913839437282,-0.14346982298003363,-0.04977554710869514,3,7,7,7,2,6,7,6,2,7,False,False,0
2022-08-31,MCHI,china,VT,0.01761214937892941,-0.030651639105384598,0.04826378848431401,0.42857142857142855,0.002337775099164573,-0.025749727127251765,-0.04977554710869514,0.024025819981443375,0.47619047619047616,0.0004663912765472365,-0.14083049532425862,-0.11074575977929946,-0.030084735544959162,0.47619047619047616,3.2205922176173484e-05,-0.2889726540641099,-0.16076817965355228,-0.1282044744105576,0.4603174603174603,-0.00046376356713798226,-0.08729958843751517,0.26635725355566575,-0.3536568419931809,0.48544973544973546,-0.0003449671752002235,-0.301278639047455,-0.13423093884233994,-0.16704770020511506,-0.10924692455992213,-0.027409541095784973,-0.08183738346413716,0.4166666666666667,-0.010147204309895694,-0.45443927947023877,-0.18686785122234884,-0.18410913839437282,-0.025749727127251765,-0.04977554710869514,1,1,5,6,7,7,6,3,1,1,False,False,4
2022-09-30,VTI,us,VT,-0.09230505829540703,-0.09528975611084312,0.002984697815436088,0.47619047619047616,0.0001661883514080888,-0.05444672441783727,-0.07706271807987664,0.02261599366203937,0.49206349206349204,0.0003969543861629593,-0.20519904378005016,-0.21195498750073705,0.0067559437206868855,0.47619047619047616,9.303001078964971e-05,-0.1796502534254909,-0.2082139433391843,0.028563689913693402,0.5238095238095238,0.00015921064005393887,0.2628436290516958,0.1323368378702987,0.13050679118139707,0.5291005291005291,0.00015826940283518258,-0.0962274781063065,-0.12481807074815932,0.02859059264185282,0.0026328566163653644,-0.015824845508037533,0.018457702124402897,0.5833333333333334,0.0030146297292408994,-0.2443891552462073,-0.22432036304796588,-0.2618551796098386,-0.05444672441783727,-0.07706271807987664,2,1,4,1,1,1,1,1,4,1,False,False,3
2022-09-30,VEA,developed_ex_us,VT,-0.09860050130404774,-0.09528975611084312,-0.003310745193204623,0.6190476190476191,-0.00016713425701563365,-0.10807969709344334,-0.07706271807987664,-0.031016979013566703,0.5238095238095238,-0.0005366984334859582,-0.2306812432454287,-0.21195498750073705,-0.018726255744691667,0.5396825396825397,-0.00020326503178843882,-0.2555415787486347,-0.2082139433391843,-0.0473276354094504,0.5158730158730159,-0.0002512574591786738,-0.029165138766998666,0.1323368378702987,-0.16150197663729737,0.4642857142857143,-0.00020959376656384031,-0.17410823688235055,-0.12481807074815932,-0.04929016613419124,-0.04624897505455727,-0.015824845508037533,-0.03042412954651974,0.4166666666666667,-0.005049726512828488,-0.21984730935653995,-0.22432036304796588,-0.2618551796098386,-0.10807969709344334,-0.07706271807987664,4,4,5,3,3,3,3,2,7,4,False,False,1
2022-09-30,VWO,emerging_markets,VT,-0.10082246525711491,-0.09528975611084312,-0.005532709146271797,0.42857142857142855,-0.0003226649921848808,-0.106686671895322,-0.07706271807987664,-0.02962395381544536,0.49206349206349204,-0.0005424254830481031,-0.19232112509499777,-0.21195498750073705,0.019633862405739277,0.5158730158730159,0.0001682127497819068,-0.24546477439907965,-0.2082139433391843,-0.03725083105989535,0.49206349206349204,-0.00019112990843906316,-0.007558543532131257,0.1323368378702987,-0.13989538140242996,0.5013227513227513,-0.00016597542648709183,-0.16086067940223225,-0.12481807074815932,-0.03604260865407294,-0.0444601174739776,-0.015824845508037533,-0.028635271965940068,0.3333333333333333,-0.003311308237623739,-0.23403084023708753,-0.22432036304796588,-0.2618551796098386,-0.106686671895322,-0.07706271807987664,5,3,2,2,2,2,2,5,5,3,False,False,-1
2022-09-30,VGK,europe,VT,-0.09684847077997916,-0.09528975611084312,-0.001558714669136041,0.5714285714285714,-3.207704505230124e-05,-0.12316049482562819,-0.07706271807987664,-0.04609777674575155,0.5238095238095238,-0.0007781630799866841,-0.24083534617123403,-0.21195498750073705,-0.028880358670496986,0.5317460317460317,-0.00028348641569426417,-0.27028495781898687,-0.2082139433391843,-0.062071014479802566,0.5238095238095238,-0.0003023156062519795,-0.04279976718523015,0.1323368378702987,-0.17513660505552886,0.5119047619047619,-0.00020622602460494474,-0.1920347598689125,-0.12481807074815932,-0.06721668912075318,-0.05123767360645615,-0.015824845508037533,-0.035412828098418614,0.3333333333333333,-0.006611257942975328,-0.23239713742001467,-0.22432036304796588,-0.2618551796098386,-0.12316049482562819,-0.07706271807987664,3,5,6,4,4,4,4,5,6,5,False,False,1
2022-09-30,EWJ,japan,VT,-0.08844942385354915,-0.09528975611084312,0.006840332257293968,0.5238095238095238,0.00034075803308317295,-0.07917064227678516,-0.07706271807987664,-0.0021079241969085283,0.4444444444444444,-4.83852288884699e-05,-0.19940662328011494,-0.21195498750073705,0.01254836422062211,0.4523809523809524,9.139158284662697e-05,-0.28863991158490554,-0.2082139433391843,-0.08042596824572124,0.44841269841269843,-0.0004425700566582149,-0.08748354849112894,0.1323368378702987,-0.21982038636142764,0.44841269841269843,-0.00031644662737523587,-0.21961533783199916,-0.12481807074815932,-0.09479726708383984,-0.10165185712610947,-0.015824845508037533,-0.08582701161807194,0.4166666666666667,-0.00859139834056985,-0.2814781553389617,-0.22432036304796588,-0.2618551796098386,-0.07917064227678516,-0.07706271807987664,1,2,3,5,5,5,6,2,3,2,False,False,1
2022-09-30,EWY,south_korea,VT,-0.1821792403641761,-0.09528975611084312,-0.08688948425333298,0.23809523809523808,-0.004768803754726727,-0.17491290880403632,-0.07706271807987664,-0.09785019072415968,0.42857142857142855,-0.0017489727808258566,-0.3351115621283267,-0.21195498750073705,-0.12315657462758967,0.4523809523809524,-0.0013211732934670488,-0.4003747052234191,-0.2082139433391843,-0.1921607618842348,0.4603174603174603,-0.0010622854069956573,-0.11129487214110767,0.1323368378702987,-0.24363171001140638,0.49867724867724866,-0.00024629583350869284,-0.26680108359734656,-0.12481807074815932,-0.14198301284918724,-0.09435822777179259,-0.015824845508037533,-0.07853338226375506,0.3333333333333333,-0.022180129711655644,-0.3716648099753058,-0.22432036304796588,-0.2618551796098386,-0.17491290880403632,-0.07706271807987664,7,6,7,7,6,7,5,5,2,6,False,False,1
2022-09-30,MCHI,china,VT,-0.14348968543323626,-0.09528975611084312,-0.04819992932239314,0.42857142857142855,-0.002590199774564285,-0.23768585573755519,-0.07706271807987664,-0.16062313765767855,0.3968253968253968,-0.0029986242494682265,-0.19078804708696107,-0.21195498750073705,0.02116694041377598,0.49206349206349204,0.00030035542989885017,-0.36159822207477044,-0.2082139433391843,-0.15338427873558613,0.4603174603174603,-0.0006677793139716166,-0.20929338349278304,0.1323368378702987,-0.34163022136308174,0.48412698412698413,-0.00038729771438114846,-0.2546478809795266,-0.12481807074815932,-0.1298298102313673,-0.13247372612255803,-0.015824845508037533,-0.1166488806145205,0.4166666666666667,-0.014154629377748714,-0.4428300677389988,-0.22432036304796588,-0.2618551796098386,-0.23768585573755519,-0.07706271807987664,6,7,1,6,7,6,7,2,1,7,False,False,-6
2022-10-31,VTI,us,VT,0.08112785278851753,0.06376773610502395,0.017360116683493576,0.6666666666666666,0.000792704697613151,-0.04791476351250623,-0.06709761756297195,0.019182854050465714,0.5079365079365079,0.00033923800614188426,-0.061443917721052954,-0.09079033124875457,0.02934641352770162,0.5158730158730159,0.0002748208086090608,-0.1686898888019236,-0.19894451013538783,0.030254621333464238,0.5277777777777778,0.00016669201759055778,0.3150851633198033,0.15582450832072614,0.15926065499907716,0.5343915343915344,0.0001852787234644984,-0.2310714139369312,-0.24696391639243576,0.015892502455504554,-0.032552011864617314,-0.044425037068211104,0.01187302520359379,0.5833333333333334,0.0031528327146376767,-0.2443891552462073,-0.22432036304796588,-0.2147853554959085,-0.04791476351250623,-0.06709761756297195,3,1,1,1,1,1,1,1,5,1,False,False,0
2022-10-31,VEA,developed_ex_us,VT,0.06078132041040041,0.06376773610502395,-0.0029864156946235454,0.42857142857142855,-0.00013217612777505217,-0.08518908273937409,-0.06709761756297195,-0.018091465176402144,0.49206349206349204,-0.0003106355549837054,-0.12155367122540561,-0.09079033124875457,-0.03076333997665104,0.5238095238095238,-0.0002806338174052433,-0.2349898549040863,-0.19894451013538783,-0.03604534476869847,0.5119047619047619,-0.0001892341152611073,-0.013531272885421441,0.15582450832072614,-0.16935578120614758,0.4642857142857143,-0.00021561469651461032,-0.2788238910542441,-0.24696391639243576,-0.031859974661808343,-0.0625782842107071,-0.044425037068211104,-0.018153247142496,0.4166666666666667,-0.0037640000360644374,-0.23708084552619357,-0.22432036304796588,-0.2147853554959085,-0.08518908273937409,-0.06709761756297195,4,3,4,2,2,4,2,2,6,3,False,False,1
2022-10-31,VWO,emerging_markets,VT,-0.028500981231405875,0.06376773610502395,-0.09226871733642983,0.38095238095238093,-0.004326962724637998,-0.12003151031973058,-0.06709761756297195,-0.05293389275675864,0.47619047619047616,-0.0009505247313814142,-0.16502112265047686,-0.09079033124875457,-0.07423079140172228,0.5,-0.0007010832666992051,-0.27637498089060697,-0.19894451013538783,-0.07743047075521914,0.4880952380952381,-0.00040494316736548497,-0.0861319601418189,0.15582450832072614,-0.24195646846254504,0.4947089947089947,-0.0003022448149531128,-0.255145908405949,-0.24696391639243576,-0.008181992013513217,-0.0777843586887681,-0.044425037068211104,-0.03335932162055699,0.3333333333333333,-0.007491222068895427,-0.22819809805604518,-0.22432036304796588,-0.2147853554959085,-0.12003151031973058,-0.06709761756297195,6,5,5,5,5,2,3,7,7,5,False,False,0
2022-10-31,VGK,europe,VT,0.08429019256353598,0.06376773610502395,0.02052245645851203,0.5714285714285714,0.0009654202576380748,-0.07735333540979306,-0.06709761756297195,-0.01025571784682111,0.5238095238095238,-0.00013859562504314396,-0.11868501072619919,-0.09079033124875457,-0.027894679477444617,0.5396825396825397,-0.00022099772131532812,-0.24666791836063773,-0.19894451013538783,-0.0477234082252499,0.5277777777777778,-0.0002176049981663516,-0.014531361855028346,0.15582450832072614,-0.1703558701757545,0.5119047619047619,-0.000193778887808344,-0.3052301986995798,-0.24696391639243576,-0.058266282307144035,-0.0848233017746246,-0.044425037068211104,-0.0403982647064135,0.4166666666666667,-0.004911577297040827,-0.25568029430089323,-0.22432036304796588,-0.2147853554959085,-0.07735333540979306,-0.06709761756297195,2,2,3,3,3,5,4,2,4,2,False,False,1
2022-10-31,EWJ,japan,VT,0.023336824525101996,0.06376773610502395,-0.04043091157992196,0.42857142857142855,-0.0018950661160184654,-0.10396118716906899,-0.06709761756297195,-0.036863569606097046,0.4444444444444444,-0.0006648533866087139,-0.10820431728257829,-0.09079033124875457,-0.017413986033823714,0.4523809523809524,-0.000193749948793628,-0.25235006930007586,-0.19894451013538783,-0.05340555916468803,0.4642857142857143,-0.0002972649263417422,-0.10088591936652558,0.15582450832072614,-0.2567104276872517,0.4470899470899471,-0.00036442791819905256,-0.2693999543631349,-0.24696391639243576,-0.022436037970699152,-0.08742681755598569,-0.044425037068211104,-0.04300178048777459,0.4166666666666667,-0.005593203990534229,-0.2814781553389617,-0.22432036304796588,-0.2147853554959085,-0.10396118716906899,-0.06709761756297195,5,4,2,4,6,3,6,2,3,4,False,False,-2
2022-10-31,EWY,south_korea,VT,0.09396113744291679,0.06376773610502395,0.030193401337892833,0.5238095238095238,0.0013406252744394395,-0.12821808027685466,-0.06709761756297195,-0.06112046271388272,0.4444444444444444,-0.0010537622856985412,-0.2250972433411016,-0.09079033124875457,-0.13430691209234702,0.46825396825396826,-0.0012396717243358766,-0.3343782520497405,-0.19894451013538783,-0.13543374191435265,0.46825396825396826,-0.0006987009359473828,-0.08263013832227262,0.15582450832072614,-0.23845464664299876,0.5,-0.00023165856325889394,-0.39154900008046045,-0.24696391639243576,-0.1445850836880247,-0.08488256786776371,-0.044425037068211104,-0.04045753079955261,0.4166666666666667,-0.01458690258890811,-0.3754955486367362,-0.22432036304796588,-0.2147853554959085,-0.12821808027685466,-0.06709761756297195,1,6,6,6,4,7,5,2,2,6,False,False,0
2022-10-31,MCHI,china,VT,-0.1640037527390149,0.06376773610502395,-0.22777148884403886,0.38095238095238093,-0.011101988187649393,-0.27134959825431537,-0.06709761756297195,-0.20425198069134343,0.4126984126984127,-0.003784804287683035,-0.2946976493906953,-0.09079033124875457,-0.20390731814194074,0.47619047619047616,-0.001890203100642521,-0.47947917559439135,-0.19894451013538783,-0.2805346654590035,0.45634920634920634,-0.0015006039397061012,-0.3717476188738459,0.15582450832072614,-0.527572127194572,0.4801587301587302,-0.0007091375846585328,-0.3773646399597891,-0.24696391639243576,-0.13040072356735333,-0.23056578959465557,-0.044425037068211104,-0.18614075252644446,0.4166666666666667,-0.029926341580891035,-0.38382778534520345,-0.22432036304796588,-0.2147853554959085,-0.27134959825431537,-0.06709761756297195,7,7,7,7,7,6,7,2,1,7,False,False,0
2022-11-30,VTI,us,VT,0.05169312036938689,0.08282695792814132,-0.03113383755875443,0.38095238095238093,-0.0013784802546987509,0.032062514541942866,0.042114362153468754,-0.010051847611525888,0.5079365079365079,-0.0001398624018925037,0.003636488116033121,-0.009757450372548937,0.013393938488582058,0.5079365079365079,0.0001242128175900284,-0.11275906862945517,-0.10930296282032559,-0.0034561058091295838,0.503968253968254,4.946870166576742e-06,0.33725795343630116,0.2239502899236272,0.11330766351267396,0.5238095238095238,0.00013191343895108972,-0.15636898807618094,-0.1774336327164262,0.021064644640245267,-0.10113947599661433,-0.09529518266856085,-0.005844293328053474,0.5,-0.0002312294209343054,-0.2443891552462073,-0.22432036304796588,-0.14974841517100768,0.032062514541942866,0.042114362153468754,7,5,1,3,1,1,3,1,5,5,False,False,-4
2022-11-30,VEA,developed_ex_us,VT,0.12548601096305934,0.08282695792814132,0.042659053034918015,0.6666666666666666,0.0018546274742654366,0.07617593697891967,0.042114362153468754,0.03406157482545091,0.5714285714285714,0.0005184390298249169,-0.021843289781489528,-0.009757450372548937,-0.01208583940894059,0.5238095238095238,-9.619248360397633e-05,-0.09706750940213027,-0.10930296282032559,0.012235453418195319,0.5317460317460317,4.862036299654342e-05,0.09811311182223692,0.2239502899236272,-0.12583717810139028,0.4748677248677249,-0.0001491495188957908,-0.19773992586078815,-0.1774336327164262,-0.020306293144361942,-0.0867284114462179,-0.09529518266856085,0.00856677122234295,0.5,0.001254408206389196,-0.23708084552619357,-0.22432036304796588,-0.14974841517100768,0.07617593697891967,0.042114362153468754,5,2,3,1,3,2,1,1,6,2,False,False,1
2022-11-30,VWO,emerging_markets,VT,0.14301842701707668,0.08282695792814132,0.060191469088935357,0.5238095238095238,0.0025739789941130516,-0.0015161471197370213,0.042114362153468754,-0.043630509273205775,0.4444444444444444,-0.0006918829075699424,-0.04560375701946351,-0.009757450372548937,-0.03584630664691457,0.5,-0.00031287650127519314,-0.1481656552185021,-0.10930296282032559,-0.038862692398176524,0.49206349206349204,-0.00017985360755613865,0.04754796507189507,0.2239502899236272,-0.17640232485173213,0.49867724867724866,-0.0001978821086463095,-0.2547501206918237,-0.1774336327164262,-0.07731648797539747,-0.10746259633078858,-0.09529518266856085,-0.012167413662227733,0.4166666666666667,-0.0026136976505116614,-0.22819809805604518,-0.22432036304796588,-0.14974841517100768,-0.0015161471197370213,0.042114362153468754,3,6,5,5,5,5,5,7,7,6,False,False,-1
2022-11-30,VGK,europe,VT,0.1348924293269158,0.08282695792814132,0.05206547139877449,0.6666666666666666,0.0022775191610595125,0.11137558054808672,0.042114362153468754,0.06926121839461796,0.6031746031746031,0.001070287457881762,-0.010687238969291912,-0.009757450372548937,-0.0009297885967429753,0.5396825396825397,2.7470006434726107e-05,-0.10108816946517829,-0.10930296282032559,0.008214793355147298,0.5515873015873016,6.582059225646031e-05,0.10749215290453673,0.2239502899236272,-0.11645813701909047,0.5211640211640212,-0.00011394738756384981,-0.20793212880277123,-0.1774336327164262,-0.03049849608634503,-0.10126585745479177,-0.09529518266856085,-0.005970674786230923,0.5,0.001042391129414418,-0.25568029430089323,-0.22432036304796588,-0.14974841517100768,0.11137558054808672,0.042114362153468754,4,1,2,2,2,3,4,1,4,1,False,False,1
2022-11-30,EWJ,japan,VT,0.11622319253656954,0.08282695792814132,0.03339623460842822,0.6190476190476191,0.0014352246417585295,0.04123897073055982,0.042114362153468754,-0.0008753914229089332,0.5238095238095238,-3.969448039225437e-05,-0.022348220938722352,-0.009757450372548937,-0.012590770566173415,0.46825396825396826,-0.00013085401302311998,-0.13941168724989894,-0.10930296282032559,-0.030108724429573352,0.4801587301587302,-0.0001621663134015518,-0.009222236688241958,0.2239502899236272,-0.23317252661186916,0.45105820105820105,-0.0003121351558566305,-0.2290177103429908,-0.1774336327164262,-0.051584077626564584,-0.13547205419550568,-0.09529518266856085,-0.040176871526944824,0.5,-0.0026711738479365996,-0.2814781553389617,-0.22432036304796588,-0.14974841517100768,0.04123897073055982,0.042114362153468754,6,4,4,4,6,4,6,1,3,4,False,False,0
2022-11-30,EWY,south_korea,VT,0.17158840288735022,0.08282695792814132,0.0887614449592089,0.6190476190476191,0.003887252793690716,0.048178117354510164,0.042114362153468754,0.00606375520104141,0.4603174603174603,0.0001530247711344762,-0.10220381159388636,-0.009757450372548937,-0.09244636122133743,0.48412698412698413,-0.0007325099579281524,-0.18144645691425765,-0.10930296282032559,-0.07214349409393206,0.4880952380952381,-0.0002923669323804901,0.0916909276403235,0.2239502899236272,-0.1322593622833037,0.5079365079365079,-7.532717910228088e-05,-0.3013301078532037,-0.1774336327164262,-0.12389647513677748,-0.09837733039019081,-0.09529518266856085,-0.0030821477216299575,0.5,-0.005946027618828907,-0.34836476373277103,-0.22432036304796588,-0.14974841517100768,0.048178117354510164,0.042114362153468754,2,3,7,6,4,6,2,1,2,3,True,False,4
2022-11-30,MCHI,china,VT,0.3212479136636066,0.08282695792814132,0.2384209557354653,0.6190476190476191,0.00985282966786787,-0.0539344251302345,0.042114362153468754,-0.09604878728370325,0.47619047619047616,-0.0012797860981152687,-0.07829535552761757,-0.009757450372548937,-0.06853790515506863,0.47619047619047616,-0.0004066974107840161,-0.26976060099337873,-0.10930296282032559,-0.16045763817305314,0.4722222222222222,-0.0005536744264074834,-0.18341892566211548,0.2239502899236272,-0.4073692155857427,0.48412698412698413,-0.0004287439946215224,-0.44731084041466096,-0.1774336327164262,-0.26987720769823476,-0.21637981341211243,-0.09529518266856085,-0.12108463074355158,0.5,-0.008834934858345708,-0.38382778534520345,-0.22432036304796588,-0.14974841517100768,-0.0539344251302345,0.042114362153468754,1,7,6,7,7,7,7,1,1,7,False,False,-1
2022-12-30,VTI,us,VT,-0.058552668114216444,-0.044373707437286525,-0.01417896067692992,0.3333333333333333,-0.0006966672938721304,0.0704394791824896,0.1007633560663963,-0.030323876883906697,0.4603174603174603,-0.00042748095031924343,0.01215755585346745,0.015935539885192807,-0.0037779840317253566,0.47619047619047616,-1.5263282078142077e-05,-0.1977929063630336,-0.1822413487387482,-0.015551557624285395,0.4801587301587302,-5.5892907237036445e-05,0.2246179219396356,0.13060238599934926,0.09401553594028633,0.5198412698412699,0.00012088546927765762,-0.1479001889249708,-0.14426940988798087,-0.0036307790369899395,-0.15098761238290526,-0.1358373860687343,-0.015150226314170956,0.5,-0.0014573321881087749,-0.25292564448887933,-0.2618551796098386,-0.18747723024429863,0.0704394791824896,0.1007633560663963,7,7,4,5,1,3,6,3,7,7,False,False,-3
2022-12-30,VEA,developed_ex_us,VT,-0.02182474373169796,-0.044373707437286525,0.022548963705588565,0.6666666666666666,0.0011044511464585976,0.16783809450421439,0.1007633560663963,0.06707473843781808,0.5873015873015873,0.000942300830982994,0.04161850699601466,0.015935539885192807,0.025682967110821853,0.5555555555555556,0.0002028011987485179,-0.15375001565354895,-0.1822413487387482,0.028491333085199244,0.5515873015873016,0.00013075492089615001,0.03715473896557553,0.13060238599934926,-0.09344764703377373,0.48148148148148145,-0.00011998120176416098,-0.13486874777955482,-0.14426940988798087,0.00940066210842605,-0.1155494378531805,-0.1358373860687343,0.020287948215553797,0.5,0.002801162927102798,-0.2934472233059243,-0.2618551796098386,-0.18747723024429863,0.16783809450421439,0.1007633560663963,3,3,2,1,3,1,1,3,4,3,False,False,-1
2022-12-30,VWO,emerging_markets,VT,-0.0222923821308606,-0.044373707437286525,0.022081325306425925,0.5238095238095238,0.0010787417694160144,0.08568689892759429,0.1007633560663963,-0.015076457138802013,0.47619047619047616,-0.00022474732036964395,-0.03014142303934353,0.015935539885192807,-0.046076962924536335,0.48412698412698413,-0.0003835864017088735,-0.18193850273286816,-0.1822413487387482,0.00030284600588004196,0.503968253968254,-1.2954484399077053e-06,-0.04342328274036533,0.13060238599934926,-0.1740256687397146,0.49603174603174605,-0.00021356029557603094,-0.16328615803357205,-0.14426940988798087,-0.019016748145591178,-0.12330559961823795,-0.1358373860687343,0.012531786450496352,0.5,0.0011306898185430292,-0.2789164529668592,-0.2618551796098386,-0.18747723024429863,0.08568689892759429,0.1007633560663963,5,6,6,4,5,5,2,3,6,6,False,False,0
2022-12-30,VGK,europe,VT,-0.016725784879783823,-0.044373707437286525,0.027647922557502702,0.6190476190476191,0.0013576733457241884,0.20997077047629698,0.1007633560663963,0.10920741440990067,0.6190476190476191,0.001533537588140592,0.060950171659889696,0.015935539885192807,0.04501463177469689,0.5714285714285714,0.00037768725407695395,-0.15979961244328988,-0.1822413487387482,0.022441736295458314,0.5595238095238095,0.00013719385704812973,0.04194452695677997,0.13060238599934926,-0.08865785904256929,0.5238095238095238,-8.993273259257458e-05,-0.14550755563748174,-0.14426940988798087,-0.001238145749500874,-0.13627673874107138,-0.1358373860687343,-0.00043935267233707886,0.5,0.002335562150539002,-0.32572601714953286,-0.2618551796098386,-0.18747723024429863,0.20997077047629698,0.1007633560663963,2,1,1,2,2,2,4,3,3,1,True,False,0
2022-12-30,EWJ,japan,VT,-0.022178268015778713,-0.044373707437286525,0.022195439421507812,0.5714285714285714,0.0010918034171607052,0.11693867615486786,0.1007633560663963,0.016175320088471556,0.5396825396825397,0.000210653980966923,0.02850992377990491,0.015935539885192807,0.012574383894712104,0.49206349206349204,8.113437603922656e-05,-0.1766177768082925,-0.1822413487387482,0.005623571930455706,0.4880952380952381,2.4145012690954214e-06,-0.03954750930522222,0.13060238599934926,-0.17014989530457147,0.458994708994709,-0.0002483668854797245,-0.15794239761793916,-0.14426940988798087,-0.013672987729958286,-0.13869373490979753,-0.1358373860687343,-0.0028563488410632276,0.5833333333333334,0.0004917032074836514,-0.2901884199398128,-0.2618551796098386,-0.18747723024429863,0.11693867615486786,0.1007633560663963,4,5,3,3,4,4,5,1,5,5,False,False,-2
2022-12-30,EWY,south_korea,VT,-0.0582438217646456,-0.044373707437286525,-0.013870114327359073,0.38095238095238093,-0.0006438840533867309,0.20702269571792353,0.1007633560663963,0.10625933965152723,0.5079365079365079,0.0015279980049144749,-0.004101154982587674,0.015935539885192807,-0.02003669486778048,0.46825396825396826,-0.00011048738795569089,-0.26852723601717743,-0.1822413487387482,-0.08628588727842923,0.48412698412698413,-0.0003961739278522669,-0.05405683459197086,0.13060238599934926,-0.18465922059132012,0.5026455026455027,-0.0001599688863447566,-0.22328859540540213,-0.14426940988798087,-0.07901918551742126,-0.134868899395175,-0.1358373860687343,0.0009684866735593101,0.4166666666666667,-0.008121764643661378,-0.4103891415163424,-0.2618551796098386,-0.18747723024429863,0.20702269571792353,0.1007633560663963,6,2,5,7,6,6,3,7,1,2,True,False,3
2022-12-30,MCHI,china,VT,0.025534648096383172,-0.044373707437286525,0.0699083555336697,0.5238095238095238,0.0034731073636635693,0.13276280495340154,0.1007633560663963,0.03199944888700523,0.5079365079365079,0.0007413162812940161,-0.13647889168962113,0.015935539885192807,-0.15241443157481394,0.4523809523809524,-0.0011286539840871053,-0.23228242695781587,-0.1822413487387482,-0.05004107821906767,0.4801587301587302,-1.3794098480836755e-05,-0.2276566235720645,0.13060238599934926,-0.35825900957141377,0.4801587301587302,-0.0003949666426243535,-0.25139772267349914,-0.14426940988798087,-0.10712831278551826,-0.18780676454654488,-0.1358373860687343,-0.05196937847781058,0.5833333333333334,0.002756980077748087,-0.4071607567981299,-0.2618551796098386,-0.18747723024429863,0.13276280495340154,0.1007633560663963,1,4,7,6,7,7,7,1,2,4,False,False,3
2023-01-31,VTI,us,VT,0.06651709627469415,0.07025024285801118,-0.0037331465833170263,0.38095238095238093,-0.00015319478396831556,0.051848751565404694,0.10598765587438397,-0.054138904308979274,0.36507936507936506,-0.0007834770098886197,0.0025156741293572704,0.03105566454077291,-0.02853999041141564,0.4365079365079365,-0.0002082051180392989,-0.06453186028369573,-0.05562998042207268,-0.008901879861623052,0.47619047619047616,-1.8125506530555825e-05,0.2870827694924445,0.21524622008825833,0.07183654940418616,0.5145502645502645,9.168448164118154e-05,-0.12287562666940743,-0.11761756105182619,-0.005258065617581242,-0.1446506752002119,-0.1417980960763442,-0.0028525791238677156,0.5,-0.0007231075070300111,-0.2536333607980167,-0.263820234114164,-0.12535242741505215,0.051848751565404694,0.10598765587438397,7,7,7,4,1,4,4,3,7,7,False,False,0
2023-01-31,VEA,developed_ex_us,VT,0.07975434012660432,0.07025024285801118,0.009504097268593137,0.5238095238095238,0.0004207254498061025,0.19046197234597928,0.10598765587438397,0.08447431647159531,0.6190476190476191,0.0011707006130819123,0.08095719335507168,0.03105566454077291,0.04990152881429877,0.5555555555555556,0.00037707897335865803,-0.024629547604917756,-0.05562998042207268,0.03100043281715492,0.5396825396825397,0.000123957086992448,0.14589692851262726,0.21524622008825833,-0.06934929157563108,0.4894179894179894,-8.366436998290841e-05,-0.096673737583016,-0.11761756105182619,0.020943823468810185,-0.1430470103352648,-0.1417980960763442,-0.001248914258920597,0.5,0.003242698726234792,-0.2934472233059243,-0.263820234114164,-0.12535242741505215,0.19046197234597928,0.10598765587438397,4,5,3,1,3,1,3,3,6,5,False,False,-2
2023-01-31,VWO,emerging_markets,VT,0.07019769432386735,0.07025024285801118,-5.2548534143825876e-05,0.42857142857142855,4.598054499821161e-06,0.20628992902062082,0.10598765587438397,0.10030227314623685,0.5079365079365079,0.0013753323617332067,0.05916416677799785,0.03105566454077291,0.02810850223722494,0.49206349206349204,0.00020054544452515385,-0.08684739847140888,-0.05562998042207268,-0.0312174180493362,0.48412698412698413,-0.00013623382361202971,0.07752373912426869,0.21524622008825833,-0.13772248096398965,0.4947089947089947,-0.00015317021530439963,-0.14674400218596495,-0.11761756105182619,-0.02912644113413876,-0.12567977926926233,-0.1417980960763442,0.016118316807081867,0.5,-0.002704265178004872,-0.2986863148964274,-0.263820234114164,-0.12535242741505215,0.20628992902062082,0.10598765587438397,5,4,5,6,5,5,2,3,4,4,False,False,1
2023-01-31,VGK,europe,VT,0.08232362819463179,0.07025024285801118,0.012073385336620612,0.47619047619047616,0.0005376407090358201,0.2078659477630489,0.10598765587438397,0.10187829188866493,0.5873015873015873,0.0014132508993253805,0.10968354317648243,0.03105566454077291,0.07862787863570952,0.5555555555555556,0.0006094287706680726,-0.030310778281716355,-0.05562998042207268,0.025319202140356323,0.5396825396825397,0.00013542426075363248,0.1597609917221452,0.21524622008825833,-0.05548522836611314,0.5277777777777778,-4.375505282700552e-05,-0.10406721570352107,-0.11761756105182619,0.013550345348305126,-0.16640086985802494,-0.1417980960763442,-0.024602773781680742,0.5,0.002940300232580221,-0.32572601714953286,-0.263820234114164,-0.12535242741505215,0.2078659477630489,0.10598765587438397,3,3,1,2,2,2,6,3,3,3,False,False,-2
2023-01-31,EWJ,japan,VT,0.06925460628137503,0.07025024285801118,-0.0009956365766361497,0.47619047619047616,-3.759368695308679e-05,0.16949014515842498,0.10598765587438397,0.06350248928404101,0.5714285714285714,0.0008837948026991042,0.03397157700018827,0.03105566454077291,0.0029159124594153596,0.5,1.0046239289914049e-05,-0.05381339161417331,-0.05562998042207268,0.0018165888078993664,0.4880952380952381,-1.614146282594814e-05,0.0444241090995563,0.21524622008825833,-0.17082211098870204,0.4603174603174603,-0.0002328027357631602,-0.11509700044552618,-0.11761756105182619,0.002520560606300015,-0.14990866137986358,-0.1417980960763442,-0.00811056530351939,0.5833333333333334,0.0003444036194930981,-0.29571329463731055,-0.263820234114164,-0.12535242741505215,0.16949014515842498,0.10598765587438397,6,6,6,3,6,3,5,1,5,6,False,False,0
2023-01-31,EWY,south_korea,VT,0.11097497757933072,0.07025024285801118,0.040724734721319544,0.5238095238095238,0.0018994413939206571,0.2396627347170166,0.10598765587438397,0.13367507884263263,0.5238095238095238,0.0019129454570903234,0.07315946489889558,0.03105566454077291,0.04210380035812267,0.48412698412698413,0.00037963297636607363,-0.09009447706866125,-0.05562998042207268,-0.03446449664658857,0.5,-9.950912232210026e-05,0.11388076871297015,0.21524622008825833,-0.10136545137528818,0.5066137566137566,-3.823025104833195e-05,-0.18098468345893448,-0.11761756105182619,-0.06336712240710829,-0.1757789864012238,-0.1417980960763442,-0.03398089032487961,0.5,-0.0023136343400016837,-0.406293119091232,-0.263820234114164,-0.12535242741505215,0.2396627347170166,0.10598765587438397,1,2,4,7,4,7,7,3,2,2,True,False,2
2023-01-31,MCHI,china,VT,0.10725364720212638,0.07025024285801118,0.0370034043441152,0.5238095238095238,0.0017724070674343753,0.4997604414995118,0.10598765587438397,0.39377278562512785,0.5555555555555556,0.005048188611828716,0.10733704497199925,0.03105566454077291,0.07628138043122634,0.49206349206349204,0.0007408013698650291,-0.08565494810725072,-0.05562998042207268,-0.03002496768517804,0.48412698412698413,0.00011290819284654668,-0.08855009944731385,0.21524622008825833,-0.3037963195355722,0.4828042328042328,-0.00027066463265963556,-0.1742225873871175,-0.11761756105182619,-0.0566050263352913,-0.06163370254511058,-0.1417980960763442,0.08016439353123361,0.5833333333333334,0.002983899707176163,-0.4856042756958908,-0.263820234114164,-0.12535242741505215,0.4997604414995118,0.10598765587438397,2,1,2,5,7,6,1,1,1,1,True,False,1
2023-02-28,VTI,us,VT,-0.021673082867868176,-0.03252549306239194,0.010852410194523765,0.6190476190476191,0.0005467426092985662,-0.005249940222860627,0.010441818225662258,-0.015691758448522886,0.42857142857142855,-0.00023275672498487436,-0.011959395030539,0.015215260387575924,-0.027174655418114924,0.4603174603174603,-0.00020128925272721877,-0.08419576297433273,-0.08456290327153382,0.0003671402972010851,0.4880952380952381,2.0051531000184945e-05,0.3805756384729515,0.2860072183762039,0.0945684200967476,0.5171957671957672,0.0001093063910387275,-0.06390775824684825,-0.05378685416100337,-0.010120904085844873,-0.07442983308272921,-0.09173828063112566,0.017308447548396444,0.5,-0.0002969022304643761,-0.2536333607980167,-0.2616124216978638,-0.1531624804256274,-0.005249940222860627,0.010441818225662258,2,7,5,3,1,5,1,3,7,7,False,False,-2
2023-02-28,VEA,developed_ex_us,VT,-0.03685131281874321,-0.03252549306239194,-0.004325819756351268,0.42857142857142855,-0.00022077935451811492,0.03685399460809635,0.010441818225662258,0.026412176382434094,0.5555555555555556,0.0004027782503011092,0.08955667418967472,0.015215260387575924,0.0743414138020988,0.5714285714285714,0.0005627373639834792,-0.06143380342061511,-0.08456290327153382,0.02312909985091871,0.5238095238095238,9.552639436305598e-05,0.2117010334422269,0.2860072183762039,-0.074306184933977,0.49074074074074076,-8.452345139916856e-05,-0.025523048444176077,-0.05378685416100337,0.028263805716827295,-0.11240650237038285,-0.09173828063112566,-0.020668221739257198,0.4166666666666667,0.002883936574803727,-0.28768312613889313,-0.2616124216978638,-0.1531624804256274,0.03685399460809635,0.010441818225662258,3,3,2,2,3,2,2,6,5,3,False,False,-1
2023-02-28,VWO,emerging_markets,VT,-0.0809044636576457,-0.03252549306239194,-0.048378970595253756,0.19047619047619047,-0.002441334857710708,0.03310706062660684,0.010441818225662258,0.022665242400944585,0.4126984126984127,0.0003518920301817707,-0.02788203374736664,0.015215260387575924,-0.043097294134942565,0.42857142857142855,-0.00035156608528429177,-0.15183803807309892,-0.08456290327153382,-0.0672751348015651,0.4603174603174603,-0.0003062160842655159,0.05880210691941978,0.2860072183762039,-0.22720511145678413,0.48544973544973546,-0.0002509979578198004,-0.07717758558347654,-0.05378685416100337,-0.023390731422473166,-0.132942280615176,-0.09173828063112566,-0.04120399998405033,0.5,-0.004876982248328675,-0.2940108027412065,-0.2616124216978638,-0.1531624804256274,0.03310706062660684,0.010441818225662258,5,4,6,5,6,6,6,3,4,4,False,False,2
2023-02-28,VGK,europe,VT,-0.016150291179179765,-0.03252549306239194,0.016375201883212176,0.5714285714285714,0.0008002903328967205,0.0646406668979731,0.010441818225662258,0.05419884867231084,0.5555555555555556,0.0008289784431509767,0.15980681784617023,0.015215260387575924,0.1445915574585943,0.5873015873015873,0.0010820136557888763,-0.032880260502846426,-0.08456290327153382,0.05168264276868739,0.5396825396825397,0.00024757636068405695,0.24880599553258476,0.2860072183762039,-0.03720122284361915,0.5291005291005291,-2.0743100477510665e-05,-0.01700459854149683,-0.05378685416100337,0.03678225561950654,-0.12610150632951733,-0.09173828063112566,-0.034363225698391675,0.5833333333333334,0.006361653892149766,-0.32267664502571414,-0.2616124216978638,-0.1531624804256274,0.0646406668979731,0.010441818225662258,1,2,1,1,2,1,4,1,3,2,False,False,-1
2023-02-28,EWJ,japan,VT,-0.04896291311830159,-0.03252549306239194,-0.016437420055909646,0.47619047619047616,-0.0008215017200353934,0.0018910840927175432,0.010441818225662258,-0.008550734132944715,0.5079365079365079,-0.00013911661874349467,0.029864572989162674,0.015215260387575924,0.01464931260158675,0.5238095238095238,0.00010108837746892082,-0.10919767631638688,-0.08456290327153382,-0.024634773044853064,0.4801587301587302,-0.00013087889563847437,0.1026954270512721,0.2860072183762039,-0.1833117913249318,0.46164021164021163,-0.00023552760326620882,-0.06333587199589197,-0.05378685416100337,-0.009549017834888596,-0.11612246006410665,-0.09173828063112566,-0.02438417943298099,0.5,-0.0017736317431581345,-0.2815193503882112,-0.2616124216978638,-0.1531624804256274,0.0018910840927175432,0.010441818225662258,4,6,3,4,5,4,3,3,6,6,False,False,-3
2023-02-28,EWY,south_korea,VT,-0.10564137011433072,-0.03252549306239194,-0.07311587705193878,0.38095238095238093,-0.0036443108873216606,0.023139526841677638,0.010441818225662258,0.01269770861601538,0.4603174603174603,0.000298739088519216,0.02278605929347588,0.015215260387575924,0.007570798905899956,0.4603174603174603,0.00013346431377544854,-0.18512129826243806,-0.08456290327153382,-0.10055839499090424,0.47619047619047616,-0.00040636920624911735,0.10987592853789785,0.2860072183762039,-0.17613128983830606,0.5026455026455027,-0.00011796220505864229,-0.08886807315569556,-0.05378685416100337,-0.03508121899469219,-0.167079480329703,-0.09173828063112566,-0.07534119969857733,0.4166666666666667,-0.008714841117032282,-0.406293119091232,-0.2616124216978638,-0.1531624804256274,0.023139526841677638,0.010441818225662258,6,5,4,7,4,7,7,6,2,5,False,False,-1
2023-02-28,MCHI,china,VT,-0.14642414206046006,-0.03252549306239194,-0.11389864899806812,0.2857142857142857,-0.005849339858649607,0.1410798667688351,0.010441818225662258,0.13063804854317285,0.49206349206349204,0.002069249903931413,-0.035812352525294355,0.015215260387575924,-0.05102761291287028,0.46825396825396826,-0.00022137690201910908,-0.17582580600147057,-0.08456290327153382,-0.09126290272993676,0.4722222222222222,-0.00017237796957088214,-0.19309754862087591,0.2860072183762039,-0.4791047669970798,0.47354497354497355,-0.0005046092318538914,-0.03444528528721935,-0.05378685416100337,0.01934156887378402,-0.12943468530117375,-0.09173828063112566,-0.03769640467004809,0.5833333333333334,-0.00037962044562826297,-0.46795298850407263,-0.2616124216978638,-0.1531624804256274,0.1410798667688351,0.010441818225662258,7,1,7,6,7,3,5,1,1,1,False,False,6
2023-03-31,VTI,us,VT,0.02302025451774159,0.021112953541807755,0.0019073009759338344,0.47619047619047616,0.00010352088116329821,0.06907978906919365,0.06575496277939052,0.003324826289803129,0.49206349206349204,6.252192497274975e-05,0.13174198653188562,0.16751680009165337,-0.03577481355976775,0.46825396825396826,-0.00023208891614784168,-0.10187788759765182,-0.08416110813122002,-0.017716779466431798,0.4722222222222222,-5.757132673580429e-05,0.6577538293822622,0.5568071673696069,0.10094666201265534,0.5171957671957672,9.630064474921617e-05,-0.12208765326378723,-0.10309737165499344,-0.01899028160879379,-0.13120961885428706,-0.13649935919049627,0.005289740336209214,0.4166666666666667,-0.0015370410407439805,-0.2536333607980167,-0.2616124216978638,-0.12902613441497346,0.06907978906919365,0.06575496277939052,3,5,6,5,1,6,4,6,7,5,False,False,1
2023-03-31,VEA,developed_ex_us,VT,0.01841515537685834,0.021112953541807755,-0.0026977981649494165,0.47619047619047616,-0.00011379469981964707,0.06984051781897316,0.06575496277939052,0.0040855550395826334,0.47619047619047616,6.3718477942934e-05,0.25539056659532444,0.16751680009165337,0.08787376650367107,0.5396825396825397,0.0005785412812943339,-0.04434566022970288,-0.08416110813122002,0.03981544790151714,0.5357142857142857,0.0001641715191677824,0.47409284091632853,0.5568071673696069,-0.08271432645327836,0.49074074074074076,-7.313061266989838e-05,-0.06162596390598385,-0.10309737165499344,0.04147140774900959,-0.15466591780508954,-0.13649935919049627,-0.018166558614593264,0.4166666666666667,0.0037102307959053504,-0.28768312613889313,-0.2616124216978638,-0.12902613441497346,0.06984051781897316,0.06575496277939052,4,3,3,2,3,3,5,6,5,3,False,False,0
2023-03-31,VWO,emerging_markets,VT,0.0009710178182915641,0.021112953541807755,-0.02014193572351619,0.42857142857142855,-0.0009660759375389302,0.024562342188255926,0.06575496277939052,-0.0411926205911346,0.36507936507936506,-0.0006260198020161375,0.12451033383441379,0.16751680009165337,-0.043006466257239584,0.42857142857142855,-0.0003018546363760383,-0.10525315222402298,-0.08416110813122002,-0.021092044092802964,0.46825396825396826,-0.000107711972877864,0.3126161070866462,0.5568071673696069,-0.24419106028296067,0.4828042328042328,-0.00021702185962929992,-0.10612112453948963,-0.10309737165499344,-0.003023752884496189,-0.11760605519256473,-0.13649935919049627,0.018893303997931543,0.5,-0.0009072536019362291,-0.2940108027412065,-0.2616124216978638,-0.12902613441497346,0.024562342188255926,0.06575496277939052,6,7,7,6,5,5,2,4,4,7,False,False,0
2023-03-31,VGK,europe,VT,0.017602910581820508,0.021112953541807755,-0.0035100429599872474,0.47619047619047616,-0.00011580479744707905,0.09013348908820484,0.06575496277939052,0.02437852630881432,0.5079365079365079,0.000378170191249136,0.33694621986260387,0.16751680009165337,0.1694294197709505,0.5714285714285714,0.0011001997448178609,-0.006301256965673407,-0.08416110813122002,0.07785985116554661,0.5476190476190477,0.00034310918220983736,0.5465850648104156,0.5568071673696069,-0.010222102559191315,0.5317460317460317,9.93336573680111e-06,-0.02349066349842366,-0.10309737165499344,0.07960670815656978,-0.1687403325022765,-0.13649935919049627,-0.03224097331178022,0.5833333333333334,0.007471921978305475,-0.32267664502571414,-0.2616124216978638,-0.12902613441497346,0.09013348908820484,0.06575496277939052,5,1,1,1,2,1,6,2,3,1,False,False,0
2023-03-31,EWJ,japan,VT,0.04635399546994812,0.021112953541807755,0.025241041928140362,0.7142857142857143,0.0011589015821553378,0.06961917293769959,0.06575496277939052,0.003864210158309067,0.5396825396825397,5.820524828487667e-05,0.19411336584153172,0.16751680009165337,0.026596565749878343,0.5476190476190477,0.00016841892275147222,-0.047571377601876685,-0.08416110813122002,0.036589730529343334,0.5,0.00013320338822269797,0.24193234333381808,0.5568071673696069,-0.3148748240357888,0.4642857142857143,-0.0003071942211434647,-0.08976443295334324,-0.10309737165499344,0.013332938701650199,-0.12840056740466754,-0.13649935919049627,0.00809879178582873,0.5833333333333334,0.0031706642347945437,-0.2806210912292293,-0.2616124216978638,-0.12902613441497346,0.06961917293769959,0.06575496277939052,1,4,4,3,6,4,3,2,6,4,False,False,0
2023-03-31,EWY,south_korea,VT,0.031334163539242565,0.021112953541807755,0.01022120999743481,0.47619047619047616,0.0005258330873160295,0.07159113479249557,0.06575496277939052,0.005836172013105045,0.47619047619047616,0.00017741605631866217,0.28418755975794174,0.16751680009165337,0.11667075966628837,0.49206349206349204,0.0008344608739113902,-0.1340034172750698,-0.08416110813122002,-0.049842309143849794,0.47619047619047616,-0.00016991083986254345,0.35902141073378546,0.5568071673696069,-0.19778575663582143,0.5013227513227513,-0.00011895827894198825,-0.16031426734369125,-0.10309737165499344,-0.05721689568869781,-0.2001397354336274,-0.13649935919049627,-0.06364037624313112,0.5,-0.004381872778418079,-0.406293119091232,-0.2616124216978638,-0.12902613441497346,0.07159113479249557,0.06575496277939052,2,2,2,7,4,7,7,4,2,2,True,False,0
2023-03-31,MCHI,china,VT,-0.010511730213979886,0.021112953541807755,-0.03162468375578764,0.38095238095238093,-0.001436585001394795,0.0309981157807675,0.06575496277939052,-0.034756846998623026,0.42857142857142855,-0.00041288114008996944,0.18087972872830838,0.16751680009165337,0.013362928636655003,0.47619047619047616,0.00028880866404090006,-0.07146709870843782,-0.08416110813122002,0.012694009422782204,0.4801587301587302,0.00020108940279301365,-0.09187619273031788,0.5568071673696069,-0.6486833600999248,0.4722222222222222,-0.0005777407559877159,-0.06160292178869364,-0.10309737165499344,0.0414944498662998,-0.1053201588229935,-0.13649935919049627,0.03117920036750277,0.6666666666666666,0.010272203325904339,-0.4510587751767141,-0.2616124216978638,-0.12902613441497346,0.0309981157807675,0.06575496277939052,7,6,5,4,7,2,1,1,1,6,False,False,-1
2023-04-28,VTI,us,VT,0.0315515407505218,0.03284317523169422,-0.0012916344811724212,0.47619047619047616,-5.327457994488839e-05,0.01564220148584372,0.009203966442297151,0.00643823504354657,0.5238095238095238,0.000112268238424142,0.08541674647794428,0.12849274590837978,-0.043075999430435497,0.4523809523809524,-0.00029615739395055443,0.0008954473259525919,0.02034472005417154,-0.019449272728218947,0.4801587301587302,-5.7369875252281824e-05,0.503268076296677,0.44883472388404066,0.05443335241263636,0.5119047619047619,6.036251982622823e-05,-0.029718431133615275,-0.012101019280801206,-0.01761741185281407,-0.12490207011126842,-0.13971836131009663,0.014816291198828213,0.4166666666666667,-0.0008807354597418678,-0.22428262423075962,-0.23777746914263043,-0.11663637898654422,0.01564220148584372,0.009203966442297151,3,2,7,5,2,6,4,4,7,2,False,False,5
2023-04-28,VEA,developed_ex_us,VT,0.043909084593438674,0.03284317523169422,0.011065909361744453,0.6190476190476191,0.0005076701860467148,0.014704163582428542,0.009203966442297151,0.005500197140131391,0.5079365079365079,8.799423375610483e-05,0.2118528526589023,0.12849274590837978,0.08336010675052252,0.5555555555555556,0.00056766021013815,0.07179525416036703,0.02034472005417154,0.05145053410619549,0.5436507936507936,0.00019144583730318354,0.42247647917975684,0.44883472388404066,-0.02635824470428383,0.4973544973544973,-2.422687701094394e-05,0.026713216676133245,-0.012101019280801206,0.03881423595693445,-0.17612842017990527,-0.13971836131009663,-0.03641005886980864,0.4166666666666667,0.003519908043005606,-0.26946208969171104,-0.23777746914263043,-0.11663637898654422,0.014704163582428542,0.009203966442297151,2,3,3,2,3,4,5,4,5,3,False,False,0
2023-04-28,VWO,emerging_markets,VT,0.002741072457443483,0.03284317523169422,-0.03010210277425074,0.38095238095238093,-0.0014023455750149252,-0.06110720858300922,0.009203966442297151,-0.07031117502530637,0.3333333333333333,-0.0011459510205642474,0.13402244616874182,0.12849274590837978,0.005529700260362036,0.42063492063492064,3.672127532870662e-05,-0.024772269237229083,0.02034472005417154,-0.04511698929140062,0.4603174603174603,-0.0001944945176895703,0.2238798291533617,0.44883472388404066,-0.22495489473067898,0.4775132275132275,-0.00021225358740861763,-0.027438131787346554,-0.012101019280801206,-0.015337112506545347,-0.1188205592641477,-0.13971836131009663,0.020897802045948932,0.4166666666666667,-0.004454523187495045,-0.2871930223672282,-0.23777746914263043,-0.11663637898654422,-0.06110720858300922,0.009203966442297151,6,5,6,6,5,5,2,4,4,5,False,False,1
2023-04-28,VGK,europe,VT,0.05995341696461409,0.03284317523169422,0.02711024173291987,0.6666666666666666,0.0012379435305296923,0.049896683378615636,0.009203966442297151,0.040692716936318485,0.5714285714285714,0.0006448024439394503,0.26989027836373314,0.12849274590837978,0.14139753245535336,0.5714285714285714,0.00095325059010099,0.12626019620106188,0.02034472005417154,0.10591547614689034,0.5595238095238095,0.00041169124064812025,0.5302680671365572,0.44883472388404066,0.0814333432525165,0.5383597883597884,9.142070549273924e-05,0.06255631443344956,-0.012101019280801206,0.07465733371425076,-0.20121477830440193,-0.13971836131009663,-0.0614964169943053,0.5833333333333334,0.008023173020102034,-0.3054617342568424,-0.23777746914263043,-0.11663637898654422,0.049896683378615636,0.009203966442297151,1,1,1,1,1,1,6,1,3,1,False,False,0
2023-04-28,EWJ,japan,VT,0.01958057708170924,0.03284317523169422,-0.013262598149984983,0.47619047619047616,-0.0006106320423252807,0.0003400845409993192,0.009203966442297151,-0.008863881901297832,0.5396825396825397,-0.00014178338649085105,0.17055089779029697,0.12849274590837978,0.042058151881917194,0.5476190476190477,0.00028921596660748416,0.05820573914251814,0.02034472005417154,0.037861019088346604,0.5,0.00012264077236469263,0.17492948938761832,0.44883472388404066,-0.27390523449642235,0.46825396825396826,-0.0002835049721933446,0.037883383549109695,-0.012101019280801206,0.0499844028299109,-0.12396924024341704,-0.13971836131009663,0.015749121066679583,0.5833333333333334,0.0022152669736119437,-0.2535016072250962,-0.23777746914263043,-0.11663637898654422,0.0003400845409993192,0.009203966442297151,4,4,5,3,6,3,3,1,6,4,False,False,1
2023-04-28,EWY,south_korea,VT,0.011166568238025754,0.03284317523169422,-0.021676606993668468,0.42857142857142855,-0.0009560172829554522,-0.07246607523472404,0.009203966442297151,-0.08167004167702119,0.42857142857142855,-0.001269248520853362,0.19164333857578186,0.12849274590837978,0.06315059266740208,0.48412698412698413,0.000516125732715105,-0.058199590398180234,0.02034472005417154,-0.07854431045235177,0.47619047619047616,-0.00026238652585175394,0.23302260221783921,0.44883472388404066,-0.21581212166620145,0.49603174603174605,-0.00015589706479660892,-0.06860013059675985,-0.012101019280801206,-0.05649911131595864,-0.24524538418697805,-0.13971836131009663,-0.10552702287688143,0.4166666666666667,-0.00778646072313216,-0.36429524369634503,-0.23777746914263043,-0.11663637898654422,-0.07246607523472404,0.009203966442297151,5,6,4,7,4,7,7,4,2,6,False,False,-2
2023-04-28,MCHI,china,VT,-0.03887227962925455,0.03284317523169422,-0.07171545486094877,0.2857142857142857,-0.0033560231682660084,-0.14892111561674604,0.009203966442297151,-0.1581250820590432,0.3333333333333333,-0.002610644873675031,0.2635966933003868,0.12849274590837978,0.13510394739200704,0.4444444444444444,0.001051630445909201,0.01133524496918592,0.02034472005417154,-0.009009475084985619,0.46825396825396826,0.0001021688460558959,-0.17558454343020546,0.44883472388404066,-0.6244192673142461,0.4669312169312169,-0.0006052092913742652,0.05223814019126749,-0.012101019280801206,0.0643391594720687,-0.08917826167252896,-0.13971836131009663,0.05054009963756767,0.5833333333333334,0.0023549824872302894,-0.44128692421028626,-0.23777746914263043,-0.11663637898654422,-0.14892111561674604,0.009203966442297151,7,7,2,4,7,2,1,1,1,7,False,False,-5
2023-05-31,VTI,us,VT,0.004752562981871655,-0.010933733783755506,0.01568629676562716,0.7142857142857143,0.0007546555953311504,0.04006800603947136,0.028451204513866957,0.011616801525604403,0.5555555555555556,0.0001861909469853716,0.05420109566376663,0.056489675929427774,-0.0022885802656611443,0.5,-5.637402143495887e-06,0.01284602813596658,0.0038181580067213616,0.009027870129245219,0.503968253968254,4.977371699139073e-05,0.4112675958507319,0.3433706463216264,0.06789694952910552,0.5158730158730159,7.668855325692626e-05,0.008055182392444404,0.014914968080866231,-0.006859785688421827,-0.07518442851676022,-0.10464443181741556,0.029460003300655346,0.5,0.0011178426046095091,-0.22428262423075962,-0.230165617874189,-0.1273238842559371,0.04006800603947136,0.028451204513866957,3,3,5,3,1,4,1,2,6,3,False,False,2
2023-05-31,VEA,developed_ex_us,VT,-0.0364853530759901,-0.010933733783755506,-0.025551619292234595,0.3333333333333333,-0.0012426424573678898,0.00782493296353004,0.028451204513866957,-0.020626271550336917,0.47619047619047616,-0.0003164475013510305,0.06643735049798627,0.056489675929427774,0.009947674568558496,0.5158730158730159,7.37426256039162e-05,0.007425979602041277,0.0038181580067213616,0.0036078215953199155,0.5198412698412699,1.5348339982753274e-05,0.2890556203630825,0.3433706463216264,-0.05431502595854387,0.4973544973544973,-5.476977800792961e-05,0.045574120557707154,0.014914968080866231,0.030659152476840923,-0.14224434941651432,-0.10464443181741556,-0.03759991759909875,0.3333333333333333,0.00043181889875619955,-0.248823083903411,-0.230165617874189,-0.1273238842559371,0.00782493296353004,0.028451204513866957,5,4,4,4,3,2,3,7,4,4,False,False,0
2023-05-31,VWO,emerging_markets,VT,-0.02642726812764351,-0.010933733783755506,-0.015493534343888005,0.42857142857142855,-0.0007394891830631393,-0.02814598889315545,0.028451204513866957,-0.056597193407022406,0.3968253968253968,-0.0008975524001310763,0.02653308702222046,0.056489675929427774,-0.029956588907207315,0.40476190476190477,-0.0002255752079584396,-0.057790245175229016,0.0038181580067213616,-0.06160840318195038,0.45634920634920634,-0.0002605331933360691,0.13936545373617593,0.3433706463216264,-0.20400519258545047,0.4775132275132275,-0.00020723870911049132,-0.032214313343871925,0.014914968080866231,-0.047129281424738156,-0.14999253783621636,-0.10464443181741556,-0.04534810601880079,0.4166666666666667,-0.005900539908056178,-0.24600461470518864,-0.230165617874189,-0.1273238842559371,-0.02814598889315545,0.028451204513866957,4,6,6,5,5,5,5,5,5,6,False,False,0
2023-05-31,VGK,europe,VT,-0.051354539240423214,-0.010933733783755506,-0.04042080545666771,0.19047619047619047,-0.0019781838526694256,0.006084476385749049,0.028451204513866957,-0.022366728128117908,0.4444444444444444,-0.0003293939889305747,0.09558841617112623,0.056489675929427774,0.03909874024169846,0.5079365079365079,0.0002979651046953517,0.040079772447806805,0.0038181580067213616,0.036261614441085444,0.5238095238095238,0.00016415994889911376,0.35632685930071495,0.3433706463216264,0.012956212979088555,0.533068783068783,3.103685341863677e-05,0.09638407125778992,0.014914968080866231,0.08146910317692369,-0.14411252154142074,-0.10464443181741556,-0.03946808972400517,0.5,0.0031317058930431054,-0.26919914382654064,-0.230165617874189,-0.1273238842559371,0.006084476385749049,0.028451204513866957,6,5,2,1,2,1,4,2,3,5,False,False,-3
2023-05-31,EWJ,japan,VT,0.009698800528028517,-0.010933733783755506,0.020632534311784023,0.47619047619047616,0.000980275181515201,0.0590755691868563,0.028451204513866957,0.030624364672989346,0.5396825396825397,0.0004648878596016194,0.07101546900130673,0.056489675929427774,0.014525793071878956,0.5158730158730159,0.00010642327845865131,0.0293323405697552,0.0038181580067213616,0.025514182563033838,0.49603174603174605,8.527962423950648e-05,0.11926331423238667,0.3433706463216264,-0.22410733208923972,0.4695767195767196,-0.0002479507756679643,0.019444947375850008,0.014914968080866231,0.004529979294983777,-0.13895598611652504,-0.10464443181741556,-0.03431155429910948,0.5833333333333334,0.0029271498129498177,-0.2238880547278429,-0.230165617874189,-0.1273238842559371,0.0590755691868563,0.028451204513866957,2,1,3,2,6,3,2,1,7,1,False,False,2
2023-05-31,EWY,south_korea,VT,0.04164594046028358,-0.010933733783755506,0.05257967424403909,0.5238095238095238,0.0025044695780457368,0.05300237287639309,0.028451204513866957,0.024551168362526132,0.4603174603174603,0.00042230023059445425,0.11789160287251721,0.056489675929427774,0.061401926943089435,0.46825396825396826,0.0005235064941743644,-0.060044965267999406,0.0038181580067213616,-0.06386312327472077,0.47619047619047616,-0.00020365468971230422,0.22087642820109332,0.3433706463216264,-0.12249421812053307,0.4973544973544973,-6.95425521217534e-05,-0.09762521196343144,0.014914968080866231,-0.11254018004429767,-0.23816572530913616,-0.10464443181741556,-0.1335212934917206,0.4166666666666667,-0.005164527147437685,-0.3467585998897955,-0.230165617874189,-0.1273238842559371,0.05300237287639309,0.028451204513866957,1,2,1,6,4,7,6,5,2,2,True,False,-1
2023-05-31,MCHI,china,VT,-0.0902587592217291,-0.010933733783755506,-0.0793250254379736,0.38095238095238093,-0.003850893831051406,-0.1301548696036211,0.028451204513866957,-0.15860607411748806,0.3492063492063492,-0.0025707564895966263,0.019435013768574372,0.056489675929427774,-0.0370546621608534,0.42063492063492064,-0.00016367802630370656,-0.12102450760470618,0.0038181580067213616,-0.12484266561142754,0.4444444444444444,-0.0003903042379263643,-0.26130892997212096,0.3433706463216264,-0.6046795762937474,0.4642857142857143,-0.0006489629484203141,-0.03381813091891639,0.014914968080866231,-0.04873309899978262,-0.2517427987618517,-0.10464443181741556,-0.14709836694443612,0.5,-0.0063195505200202284,-0.3895242222220292,-0.230165617874189,-0.1273238842559371,-0.1301548696036211,0.028451204513866957,7,7,7,7,7,6,7,2,1,7,False,False,0
2023-06-30,VTI,us,VT,0.06728711627435535,0.05807959560831799,0.009207520666037361,0.5238095238095238,0.0004110178439641026,0.0997189039138553,0.0713156139661908,0.0284032899476645,0.5873015873015873,0.0004189503905654556,0.1795251702210101,0.1493471011510017,0.030178069070008418,0.5396825396825397,0.00021373963718079517,0.17748174470913458,0.15291032574567365,0.024571418963460934,0.503968253968254,9.5010464456856e-05,0.4941533119568977,0.38794613865078076,0.10620717330611695,0.5185185185185185,0.00010852633131807706,0.10324740808213106,0.08962532736758333,0.013622080714547735,0.046524626677116876,0.031363914095047685,0.015160712582069191,0.5833333333333334,0.0019423285749329462,-0.22428262423075962,-0.230165617874189,-0.07663920835648419,0.0997189039138553,0.0713156139661908,1,1,1,3,1,4,3,1,6,1,False,False,0
2023-06-30,VEA,developed_ex_us,VT,0.04428992813263277,0.05807959560831799,-0.013789667475685219,0.38095238095238093,-0.0006133283339491411,0.036625187863047914,0.0713156139661908,-0.03469042610314288,0.4444444444444444,-0.0005181411547631593,0.1213305907792308,0.1493471011510017,-0.028016510371770886,0.4603174603174603,-0.0001920225005599707,0.15707954057044127,0.15291032574567365,0.00416921482476762,0.5119047619047619,1.8425199188126795e-05,0.3003178863542979,0.38794613865078076,-0.08762825229648286,0.4933862433862434,-8.613188836647036e-05,0.10800603299841782,0.08962532736758333,0.018380705630834493,0.03897901970614637,0.031363914095047685,0.0076151056110986826,0.3333333333333333,0.00029651864250295384,-0.248823083903411,-0.230165617874189,-0.07663920835648419,0.036625187863047914,0.0713156139661908,5,4,4,4,3,3,4,6,4,4,False,False,0
2023-06-30,VWO,emerging_markets,VT,0.04741040166698407,0.05807959560831799,-0.010669193941333921,0.47619047619047616,-0.0004718884611396156,0.009411900313920363,0.0713156139661908,-0.06190371365227043,0.4126984126984127,-0.0009352182821214325,0.05519342007650452,0.1493471011510017,-0.09415368107449718,0.3968253968253968,-0.0006733286963186345,0.007931272330001793,0.15291032574567365,-0.14497905341567185,0.44047619047619047,-0.000538709257429409,0.11515705868680737,0.38794613865078076,-0.2727890799639734,0.4722222222222222,-0.0002781693896439853,-0.03769213029978502,0.08962532736758333,-0.12731745766736835,-0.06256517021610175,0.031363914095047685,-0.09392908431114944,0.3333333333333333,-0.010615145784695254,-0.24600461470518864,-0.230165617874189,-0.07663920835648419,0.009411900313920363,0.0713156139661908,3,6,6,6,6,6,6,6,5,6,False,False,0
2023-06-30,VGK,europe,VT,0.04268497526046211,0.05807959560831799,-0.01539462034785588,0.3333333333333333,-0.0006903400798370215,0.03290826238259337,0.0713156139661908,-0.03840735158359743,0.3968253968253968,-0.0005740218267594303,0.14114935117046867,0.1493471011510017,-0.00819774998053302,0.4523809523809524,-4.421734719666896e-05,0.19998719430910517,0.15291032574567365,0.04707686856343152,0.5158730158730159,0.0001816368716364535,0.3601718492049273,0.38794613865078076,-0.027774289445853473,0.5291005291005291,-9.096322956268313e-06,0.15086265054250836,0.08962532736758333,0.06123732317492503,0.05045164183512907,0.031363914095047685,0.019087727740081384,0.5,0.003530244411794614,-0.26919914382654064,-0.230165617874189,-0.07663920835648419,0.03290826238259337,0.0713156139661908,6,5,3,1,2,1,1,2,3,5,False,False,-2
2023-06-30,EWJ,japan,VT,0.050322247445026,0.05807959560831799,-0.007757348163291988,0.47619047619047616,-0.0002872040437116995,0.07495900367826858,0.0713156139661908,0.0036433897120777825,0.47619047619047616,7.590103498561044e-05,0.15697276325425302,0.1493471011510017,0.007625662103251329,0.5079365079365079,6.389739469789842e-05,0.1806146348060973,0.15291032574567365,0.02770430906042365,0.5,9.13899474776452e-05,0.16486000205962847,0.38794613865078076,-0.22308613659115228,0.46825396825396826,-0.00023491224368154287,0.12404991675461097,0.08962532736758333,0.03442458938702764,0.04951791014069795,0.031363914095047685,0.018153996045650267,0.5,0.0016526665559618754,-0.2238880547278429,-0.230165617874189,-0.07663920835648419,0.07495900367826858,0.0713156139661908,2,2,2,2,4,2,2,2,7,2,False,False,0
2023-06-30,EWY,south_korea,VT,0.00955722274357651,0.05807959560831799,-0.04852237286474148,0.47619047619047616,-0.0021821892118257325,0.04449569112138474,0.0713156139661908,-0.026819922844806054,0.4603174603174603,-0.00035422503424998285,0.11959022422990584,0.1493471011510017,-0.029756876921095854,0.46825396825396826,-0.00013942514821081302,0.10315109934883893,0.15291032574567365,-0.04975922639683472,0.4722222222222222,-0.00011648807555448872,0.15410980242273697,0.38794613865078076,-0.23383633622804378,0.49603174603174605,-0.0001885381900857646,0.09270784706082491,0.08962532736758333,0.003082519693241581,-0.0225279049837932,0.031363914095047685,-0.053891819078840886,0.4166666666666667,-0.0032221377385678505,-0.3467585998897955,-0.230165617874189,-0.07663920835648419,0.04449569112138474,0.0713156139661908,7,3,5,5,5,5,5,4,2,3,True,False,2
2023-06-30,MCHI,china,VT,0.04443279013957402,0.05807959560831799,-0.013646805468743972,0.47619047619047616,-0.0005083611245341603,-0.10358720255873599,0.0713156139661908,-0.17490281652492679,0.36507936507936506,-0.002726768977590455,-0.04238170942692421,0.1493471011510017,-0.1917288105779259,0.40476190476190477,-0.0013389328575255715,-0.17648795442014786,0.15291032574567365,-0.3293982801658215,0.42857142857142855,-0.001201276251038909,-0.28492601132982864,0.38794613865078076,-0.6728721499806094,0.4603174603174603,-0.0007303110054851273,-0.21152222205719806,0.08962532736758333,-0.3011475494247814,-0.22655415274779134,0.031363914095047685,-0.257918066842839,0.4166666666666667,-0.022350391339426273,-0.36661377085564695,-0.230165617874189,-0.07663920835648419,-0.10358720255873599,0.0713156139661908,4,7,7,7,7,7,7,4,1,7,False,False,0
2023-07-31,VTI,us,VT,0.04738103797498261,0.048686415543327755,-0.0013053775683451452,0.42857142857142855,-6.42822178159004e-05,0.11110681190766103,0.08418791190069896,0.026918900006962065,0.5714285714285714,0.00038900221793094033,0.12848696853181396,0.09416674105897704,0.03432022747283692,0.5476190476190477,0.0002506352281775412,0.14131584391978835,0.13988614961030055,0.0014296943094878056,0.49603174603174605,1.479649203708602e-05,0.466735931763379,0.36139352735735164,0.10534240440602738,0.5185185185185185,0.00010937604219673928,0.08968541776011163,0.08696568651527925,0.0027197312448323796,-0.05468776278387022,-0.03170679645788588,-0.022980966325984342,0.5,5.442260745837831e-05,-0.16730872936530972,-0.17195148932256665,-0.04226784028438102,0.11110681190766103,0.08418791190069896,4,2,1,4,1,4,7,1,6,2,False,False,-1
2023-07-31,VEA,developed_ex_us,VT,0.04360218222067025,0.048686415543327755,-0.005084233322657505,0.42857142857142855,-0.0002169319588832396,0.036886446283711294,0.08418791190069896,-0.04730146561698767,0.38095238095238093,-0.0006983635075852753,0.052132994206270045,0.09416674105897704,-0.042033746852707,0.4444444444444444,-0.0003051846369145852,0.1551226496853686,0.13988614961030055,0.015236500075068049,0.503968253968254,5.693843272862695e-05,0.27790955727721367,0.36139352735735164,-0.08348397008013797,0.4894179894179894,-8.321176469961639e-05,0.10686109071504157,0.08696568651527925,0.019895404199762323,0.01026638002409519,-0.03170679645788588,0.04197317648198107,0.3333333333333333,0.0011447216062707155,-0.20135448177608928,-0.17195148932256665,-0.04226784028438102,0.036886446283711294,0.08418791190069896,6,6,4,2,3,3,2,7,4,6,False,True,-2
2023-07-31,VWO,emerging_markets,VT,0.06793953283827459,0.048686415543327755,0.01925311729494683,0.47619047619047616,0.0008999404631841008,0.0761528073250981,0.08418791190069896,-0.00803510457560086,0.4603174603174603,-9.873791136078972e-05,0.010392113260692337,0.09416674105897704,-0.0837746277982847,0.3968253968253968,-0.0006223444659625185,0.07537533963504828,0.13988614961030055,-0.06451080997525227,0.4444444444444444,-0.00023301420890710069,0.09283069164555835,0.36139352735735164,-0.2685628357117933,0.4695767195767196,-0.0002803390793599138,0.006962760126513645,0.08696568651527925,-0.0800029263887656,-0.023281752030443692,-0.03170679645788588,0.008425044427442185,0.4166666666666667,-0.00282842436316022,-0.1827870454609366,-0.17195148932256665,-0.04226784028438102,0.0761528073250981,0.08418791190069896,3,4,6,6,6,6,4,6,5,4,False,False,2
2023-07-31,VGK,europe,VT,0.045102769294656175,0.048686415543327755,-0.003583646248671579,0.47619047619047616,-0.00013920990217307163,0.01799475844168974,0.08418791190069896,-0.06619315345900922,0.3333333333333333,-0.000987526462684846,0.06878932058474496,0.09416674105897704,-0.025377420474232082,0.4523809523809524,-0.0001713620093726978,0.20221626982105012,0.13988614961030055,0.06233012021074957,0.5079365079365079,0.00023239759831739754,0.3209276473098308,0.36139352735735164,-0.04046588004752083,0.5224867724867724,-2.1998680005199415e-05,0.1503330630655879,0.08696568651527925,0.06336737655030866,0.03326530462762922,-0.03170679645788588,0.0649721010855151,0.5,0.0044171855977599055,-0.22639635430986604,-0.17195148932256665,-0.04226784028438102,0.01799475844168974,0.08418791190069896,5,7,3,1,2,1,1,1,3,7,False,True,-4
2023-07-31,EWJ,japan,VT,0.031051929526591415,0.048686415543327755,-0.01763448601673634,0.23809523809523808,-0.0007962442801961007,0.08525813853128295,0.08418791190069896,0.0010702266305839814,0.3968253968253968,4.0189148367610086e-05,0.08562721804719109,0.09416674105897704,-0.008539523011785954,0.46825396825396826,-5.079711906162048e-05,0.1504626213303828,0.13988614961030055,0.010576471720082248,0.48412698412698413,3.682219200983733e-05,0.17005465969420874,0.36139352735735164,-0.1913388676631429,0.46296296296296297,-0.00020297283355736332,0.11581443027667748,0.08696568651527925,0.028848743761398232,-0.017748582483069875,-0.03170679645788588,0.013958213974816003,0.5,0.0011797827036148882,-0.1616287476576742,-0.17195148932256665,-0.04226784028438102,0.08525813853128295,0.08418791190069896,7,3,2,3,4,2,3,1,7,3,False,False,-1
2023-07-31,EWY,south_korea,VT,0.07732788866747242,0.048686415543327755,0.028641473124144667,0.5238095238095238,0.0013507940735116217,0.11373021401410677,0.08418791190069896,0.029542302113407803,0.5079365079365079,0.00048011518202887134,0.033022556534175296,0.09416674105897704,-0.06114418452480175,0.46825396825396826,-0.0003945666694122453,0.13002358590131102,0.13988614961030055,-0.009862563708989525,0.47619047619047616,2.6838048588008765e-05,0.16850891725441564,0.36139352735735164,-0.192884610102936,0.49867724867724866,-0.00014548916118407913,0.048913332503641715,0.08696568651527925,-0.038052354011637535,-0.03587598158084748,-0.03170679645788588,-0.004169185122961605,0.5,0.001379440079765602,-0.30962094831482745,-0.17195148932256665,-0.04226784028438102,0.11373021401410677,0.08418791190069896,2,1,5,5,5,5,5,1,2,1,True,False,4
2023-07-31,MCHI,china,VT,0.124153708016697,0.048686415543327755,0.07546729247336925,0.5238095238095238,0.0034597177130691196,0.05341405984875003,0.08418791190069896,-0.030773852051948936,0.4603174603174603,-0.00032659829804059816,-0.10346153715029138,0.09416674105897704,-0.19762827820926843,0.3968253968253968,-0.0014686215858578143,-0.005638146719225801,0.13988614961030055,-0.14552429632952635,0.4444444444444444,-0.0003990609162181763,-0.2624326995077033,0.36139352735735164,-0.623826226865055,0.46164021164021163,-0.0006655834360089138,-0.1154573914673197,0.08696568651527925,-0.20242307798259895,-0.038650609579917394,-0.03170679645788588,-0.006943813122031517,0.5,-0.0022729204821383777,-0.3648696538888053,-0.17195148932256665,-0.04226784028438102,0.05341405984875003,0.08418791190069896,1,5,7,7,7,7,6,1,1,5,False,False,2
2023-08-31,VTI,us,VT,-0.0024946619466169606,-0.00589972616390233,0.0034050642172853696,0.5238095238095238,0.00016578912951553405,0.07428657056126586,0.05313655642861215,0.021150014132653716,0.5238095238095238,0.00031411062181252626,0.12674832106792322,0.09090225085224479,0.03584607021567843,0.5396825396825397,0.00025967247241058864,0.13857874603232112,0.1331006021484975,0.005478143883823616,0.503968253968254,2.7564997851404884e-05,0.3186771651777056,0.23794081548041746,0.08073634969728816,0.5158730158730159,9.443641130174699e-05,0.14142621858469528,0.13982525905160093,0.0016009595330943593,0.03128354314193271,0.0650852969342135,-0.033801753792280786,0.5,0.0005551586237086773,-0.16730872936530972,-0.16340348765706703,-0.06949828899483868,0.07428657056126586,0.05313655642861215,2,1,1,4,1,5,7,2,6,1,False,False,0
2023-08-31,VEA,developed_ex_us,VT,-0.009525786197142283,-0.00589972616390233,-0.003626060033239953,0.3333333333333333,-0.0001709573596805717,0.018814839335910438,0.05313655642861215,-0.03432171709270171,0.3492063492063492,-0.0005156189564579647,0.04102213161017998,0.09090225085224479,-0.04988011924206481,0.42063492063492064,-0.00036330352930871593,0.1556000874421175,0.1331006021484975,0.022499485293620003,0.49206349206349204,8.316308921838165e-05,0.18554416118787054,0.23794081548041746,-0.05239665429254692,0.4894179894179894,-5.7187975414929444e-05,0.16671395513192655,0.13982525905160093,0.026888696080325625,0.14098089818243675,0.0650852969342135,0.07589560124822325,0.3333333333333333,0.001732425418091164,-0.20135448177608928,-0.16340348765706703,-0.06949828899483868,0.018814839335910438,0.05313655642861215,3,5,4,2,3,2,2,6,4,5,False,False,-1
2023-08-31,VWO,emerging_markets,VT,-0.02454848993035097,-0.00589972616390233,-0.01864876376644864,0.5238095238095238,-0.000895410582807531,0.02594562012266266,0.05313655642861215,-0.027190936305949487,0.47619047619047616,-0.0003962213982334092,0.009656696097799067,0.09090225085224479,-0.08124555475444573,0.4444444444444444,-0.0006037187515534279,0.022798034166054526,0.1331006021484975,-0.11030256798244298,0.4365079365079365,-0.0004041013124644496,-0.020143832484125435,0.23794081548041746,-0.2580846479645429,0.4722222222222222,-0.000299211030583815,0.04853806017792195,0.13982525905160093,-0.09128719887367898,0.05916416677799785,0.0650852969342135,-0.005921130156215648,0.3333333333333333,-0.008568458727912398,-0.1827870454609366,-0.16340348765706703,-0.06949828899483868,0.02594562012266266,0.05313655642861215,5,2,6,6,6,6,6,6,5,2,False,False,4
2023-08-31,VGK,europe,VT,-0.01184101648014202,-0.00589972616390233,-0.005941290316239689,0.47619047619047616,-0.0002789048225114245,0.017507036635448836,0.05313655642861215,-0.03562951979316331,0.4126984126984127,-0.0005334067379930361,0.03507851749953894,0.09090225085224479,-0.05582373335270585,0.42857142857142855,-0.0004005846909826081,0.2159423533600926,0.1331006021484975,0.0828417512115951,0.503968253968254,0.0003009654398369231,0.23122501699524123,0.23794081548041746,-0.006715798485176228,0.5238095238095238,9.964589991499091e-06,0.23051287661107134,0.13982525905160093,0.09068761755947041,0.18684905815394504,0.0650852969342135,0.12176376121973154,0.5,0.006347588782351403,-0.22639635430986604,-0.16340348765706703,-0.06949828899483868,0.017507036635448836,0.05313655642861215,4,6,5,1,2,1,1,2,3,6,False,False,-1
2023-08-31,EWJ,japan,VT,0.0024394421761517737,-0.00589972616390233,0.008339168340054104,0.5238095238095238,0.0004086458435694297,0.020291464337413467,0.05313655642861215,-0.03284509209119868,0.3968253968253968,-0.0004760912521201373,0.10651329432787304,0.09090225085224479,0.01561104347562825,0.47619047619047616,0.00012770761008732087,0.15556265669899116,0.1331006021484975,0.02246205455049366,0.49603174603174605,7.906015700449215e-05,0.10765892068800365,0.23794081548041746,-0.1302818947924138,0.4642857142857143,-0.00015015497815367072,0.15275058829531973,0.13982525905160093,0.012925329243718808,0.09236417912450534,0.0650852969342135,0.027278882190291842,0.5833333333333334,0.001651151883309267,-0.1599008880598809,-0.16340348765706703,-0.06949828899483868,0.020291464337413467,0.05313655642861215,1,4,2,3,4,4,5,1,7,4,False,False,-2
2023-08-31,EWY,south_korea,VT,-0.04627361377606387,-0.00589972616390233,-0.04037388761216154,0.38095238095238093,-0.0019562344026453574,-0.020545668892710922,0.05313655642861215,-0.07368222532132307,0.4603174603174603,-0.0011004257324341725,0.052055277382038856,0.09090225085224479,-0.03884697347020594,0.46825396825396826,-0.00023803712582579997,0.10443766932513876,0.1331006021484975,-0.028662932823358744,0.4642857142857143,-3.882069748745341e-05,0.006443249523231609,0.23794081548041746,-0.23149756595718585,0.49074074074074076,-0.0002192617033129107,0.15802360643277358,0.13982525905160093,0.018198347381172653,0.12247640635844692,0.0650852969342135,0.05739110942423342,0.5,-0.0024140645401493264,-0.30962094831482745,-0.16340348765706703,-0.06949828899483868,-0.020545668892710922,0.05313655642861215,6,7,3,5,5,3,3,2,2,7,False,False,-4
2023-08-31,MCHI,china,VT,-0.05072930826075406,-0.00589972616390233,-0.04482958209685173,0.38095238095238093,-0.0021131697549835672,0.022392189701701648,0.05313655642861215,-0.0307443667269105,0.4444444444444444,-0.00035106581971965946,-0.10089513720799759,0.09090225085224479,-0.19179738806024238,0.3968253968253968,-0.0014298411580854623,-0.0569616778895673,0.1331006021484975,-0.1900622800380648,0.44047619047619047,-0.0005799967392645263,-0.3907372337832673,0.23794081548041746,-0.6286780492636848,0.4523809523809524,-0.0007914827380053297,-0.006565429316472859,0.13982525905160093,-0.14639068836807378,0.11459962577364102,0.0650852969342135,0.049514328839427524,0.4166666666666667,-0.011776220165820805,-0.3648696538888053,-0.16340348765706703,-0.06949828899483868,0.022392189701701648,0.05313655642861215,7,3,7,7,7,7,4,5,1,3,True,False,4
2023-09-29,VTI,us,VT,-0.049029894854417,-0.04499054357747545,-0.00403935127694155,0.38095238095238093,-0.00019982702291528506,-0.03219329421958339,-0.03514307923710547,0.0029497850175220774,0.4603174603174603,4.774965365421622e-05,0.06431532968131881,0.03366628445662867,0.03064904522469014,0.5238095238095238,0.00023335002210983591,0.16199618670061877,0.17175377862087005,-0.009757591920251274,0.49206349206349204,-2.50793259089173e-05,0.30679605095007223,0.22945780119267067,0.07733824975740156,0.5119047619047619,9.070658545385477e-05,0.22190611504315383,0.2269551581303415,-0.005049043087187677,0.08161592259689177,0.11601855645984616,-0.03440263386295439,0.4166666666666667,-0.00019525499235711896,-0.16730872936530972,-0.16340348765706703,-0.10908894982164874,-0.03219329421958339,-0.03514307923710547,5,3,1,5,1,5,7,5,5,3,False,False,-2
2023-09-29,VEA,developed_ex_us,VT,-0.04099211923303436,-0.04499054357747545,0.003998424344441087,0.42857142857142855,0.00020201459927558058,-0.04680676901807446,-0.03514307923710547,-0.011663689780968989,0.38095238095238093,-0.00018489478534678566,-0.01189588786357576,0.03366628445662867,-0.04556217232020443,0.4126984126984127,-0.00035151797005497247,0.21933964650914795,0.17175377862087005,0.0475858678882779,0.4801587301587302,0.00016217043944740203,0.16506683696741375,0.22945780119267067,-0.06439096422525692,0.48544973544973546,-7.038755484761856e-05,0.27145946447695724,0.2269551581303415,0.04450430634661573,0.21545128668441493,0.11601855645984616,0.09943273022456878,0.4166666666666667,0.0024464348998735155,-0.1700935625429265,-0.16340348765706703,-0.10908894982164874,-0.04680676901807446,-0.03514307923710547,3,5,3,3,3,3,3,5,4,5,False,False,-2
2023-09-29,VWO,emerging_markets,VT,-0.036327954270827134,-0.04499054357747545,0.008662589306648316,0.6666666666666666,0.00043659078608514,-0.028273647402670687,-0.03514307923710547,0.0068694318344347804,0.5555555555555556,0.00013022243634354941,-0.019127855839615182,0.03366628445662867,-0.05279414029624385,0.48412698412698413,-0.0004024979228889415,0.08460862486914089,0.17175377862087005,-0.08714515375172915,0.45634920634920634,-0.00030162190059462987,0.0035864259594553527,0.22945780119267067,-0.22587137523321532,0.47619047619047616,-0.00025799612383771924,0.12549557671195077,0.2269551581303415,-0.10145958141839073,0.09650637005610285,0.11601855645984616,-0.019512186403743303,0.4166666666666667,-0.006503479345392138,-0.1585010482105479,-0.16340348765706703,-0.10908894982164874,-0.028273647402670687,-0.03514307923710547,2,2,4,6,5,6,6,5,6,2,False,False,2
2023-09-29,VGK,europe,VT,-0.053484884166882796,-0.04499054357747545,-0.008494340589407345,0.5238095238095238,-0.0004200144483716179,-0.057013054352737735,-0.03514307923710547,-0.021869975115632267,0.47619047619047616,-0.0003524612898256737,-0.025980992522017243,0.03366628445662867,-0.05964727697864591,0.4365079365079365,-0.000463241558292552,0.27990960486675287,0.17175377862087005,0.10815582624588282,0.5079365079365079,0.0003668686092346578,0.21975880416112892,0.22945780119267067,-0.009698997031541756,0.5198412698412699,6.629850150097646e-06,0.35223366585137295,0.2269551581303415,0.12527850772103144,0.2938563274928403,0.11601855645984616,0.17783777103299414,0.5,0.006282996051453965,-0.1887298554633543,-0.16340348765706703,-0.10908894982164874,-0.057013054352737735,-0.03514307923710547,6,6,5,1,2,1,1,2,3,6,False,False,-1
2023-09-29,EWJ,japan,VT,-0.011477255134138664,-0.04499054357747545,0.033513288443336786,0.7142857142857143,0.00165884648669908,-0.026009716936589378,-0.03514307923710547,0.00913336230051609,0.47619047619047616,0.00016365622195977828,0.0469996242741586,0.03366628445662867,0.013333339817529932,0.47619047619047616,0.00011977862847269435,0.223192338301619,0.17175377862087005,0.05143855968074895,0.5119047619047619,0.00017373815906289425,0.05648732260658962,0.22945780119267067,-0.17297047858608106,0.4695767195767196,-0.00020175979583018106,0.23739422755275252,0.2269551581303415,0.010439069422411018,0.12899134739124007,0.11601855645984616,0.012972790931393918,0.5833333333333334,0.002818061822853648,-0.15403430478493285,-0.16340348765706703,-0.10908894982164874,-0.026009716936589378,-0.03514307923710547,1,1,2,2,4,4,5,1,7,1,False,False,1
2023-09-29,EWY,south_korea,VT,-0.06355258670609232,-0.04499054357747545,-0.018562043128616867,0.47619047619047616,-0.0008841032184846865,-0.07005365576143974,-0.03514307923710547,-0.03491057652433427,0.47619047619047616,-0.0005347121796377242,-0.02867505046873997,0.03366628445662867,-0.06234133492536864,0.46825396825396826,-0.0004444686069438535,0.20855785542397665,0.17175377862087005,0.0368040768031066,0.4801587301587302,0.00018697282845147494,-0.045990932878761215,0.22945780119267067,-0.2754487340714319,0.48544973544973546,-0.0002793239810406327,0.29057738669268574,0.2269551581303415,0.06362222856234423,0.2225011152406362,0.11601855645984616,0.10648255878079005,0.5,0.0044006796855880674,-0.23846272095310161,-0.16340348765706703,-0.10908894982164874,-0.07005365576143974,-0.03514307923710547,7,7,6,4,6,2,2,2,2,7,False,False,-1
2023-09-29,MCHI,china,VT,-0.04584527792621085,-0.04499054357747545,-0.0008547343487353976,0.42857142857142855,2.7401627046138206e-05,-0.03240968054909399,-0.03514307923710547,0.002733398688011479,0.4444444444444444,0.00015392117860571177,-0.13263965496392705,0.03366628445662867,-0.16630593942055572,0.40476190476190477,-0.0012864238994923717,0.00889750683484447,0.17175377862087005,-0.16285627178602557,0.44047619047619047,-0.00044117472360896074,-0.37415100203751184,0.22945780119267067,-0.6036088032301825,0.4523809523809524,-0.0007453285753956432,0.05737306905747497,0.2269551581303415,-0.16958208907286654,0.14771246784061143,0.11601855645984616,0.03169391138076527,0.5,-0.006772895083209829,-0.3648696538888053,-0.16340348765706703,-0.10908894982164874,-0.03240968054909399,-0.03514307923710547,4,4,7,7,7,7,4,2,1,4,False,False,3
2023-10-31,VTI,us,VT,-0.02517334345621758,-0.023953562606487844,-0.0012197808497297347,0.42857142857142855,-5.4728257258141956e-05,-0.07551080474605842,-0.07598039033902226,0.0004695855929638393,0.4444444444444444,1.1155277465153053e-05,0.02287796893793459,-0.008583330857585003,0.03146129979551959,0.5158730158730159,0.00024882397778949516,0.07627906364215864,0.09366762235223502,-0.017388558710076385,0.4801587301587302,-5.728998454992797e-05,0.2934495933290633,0.21560194788820142,0.07784764544086187,0.5105820105820106,9.178430806943632e-05,0.10407225368464235,0.12050777550382219,-0.016435521819179844,0.05437619836016805,0.10134227101245119,-0.04696607265228314,0.4166666666666667,-0.0013206398137613113,-0.16730872936530972,-0.16340348765706703,-0.13509547233700803,-0.07551080474605842,-0.07598039033902226,4,2,1,6,1,7,7,3,5,2,False,False,-1
2023-10-31,VEA,developed_ex_us,VT,-0.018587244598843977,-0.023953562606487844,0.005366318007643867,0.5714285714285714,0.0002601028267361004,-0.0792732761791618,-0.07598039033902226,-0.0032928858401395367,0.4444444444444444,-5.328141922342167e-05,-0.06346735584232366,-0.008583330857585003,-0.054884024984738655,0.3968253968253968,-0.0004446476897733592,0.12081076732150065,0.09366762235223502,0.02714314496926562,0.48412698412698413,0.00010230153743717454,0.1712689815710029,0.21560194788820142,-0.04433296631719852,0.49074074074074076,-4.8078811802298415e-05,0.14203810899458413,0.12050777550382219,0.021530333490761944,0.1795316819834083,0.10134227101245119,0.07818941097095711,0.4166666666666667,0.002280312693441533,-0.1700935625429265,-0.16340348765706703,-0.13509547233700803,-0.0792732761791618,-0.07598039033902226,3,3,4,4,3,4,4,3,4,3,False,False,1
2023-10-31,VWO,emerging_markets,VT,-0.028922406479367058,-0.023953562606487844,-0.004968843872879214,0.47619047619047616,-0.00024039076243833506,-0.07943495142697432,-0.07598039033902226,-0.003454561087952057,0.5714285714285714,-5.546257143309832e-05,-0.031050163926605423,-0.008583330857585003,-0.02246683306902042,0.5079365079365079,-0.00016882321318415159,0.09932752927373922,0.09366762235223502,0.005659906921504199,0.46825396825396826,2.6343826781498745e-05,-0.05640464219134589,0.21560194788820142,-0.2720065900795473,0.47354497354497355,-0.00032412740451322967,0.13206970957710729,0.12050777550382219,0.011561934073285096,0.1548513340951505,0.10134227101245119,0.053509063082699315,0.4166666666666667,0.0004500898795640011,-0.1585010482105479,-0.16340348765706703,-0.13509547233700803,-0.07943495142697432,-0.07598039033902226,5,4,3,5,5,6,6,3,6,4,False,False,-1
2023-10-31,VGK,europe,VT,-0.01404983280082861,-0.023953562606487844,0.009903729805659234,0.5714285714285714,0.0004869270743565072,-0.08540950605404452,-0.07598039033902226,-0.009429115715022252,0.5238095238095238,-0.00015522736805264684,-0.0854152445557862,-0.008583330857585003,-0.07683191369820119,0.42063492063492064,-0.000629685281005151,0.14534439303860336,0.09366762235223502,0.051676770686368334,0.5,0.00019684516104938695,0.2552630064039232,0.21560194788820142,0.03966105851572177,0.5224867724867724,5.894724787088604e-05,0.16166560049604684,0.12050777550382219,0.041157824992224645,0.21658170041260383,0.10134227101245119,0.11523942940015264,0.4166666666666667,0.004528666627579346,-0.1887298554633543,-0.16340348765706703,-0.13509547233700803,-0.08540950605404452,-0.07598039033902226,2,5,5,3,2,3,2,3,3,5,False,False,0
2023-10-31,EWJ,japan,VT,-0.013552067083090646,-0.023953562606487844,0.010401495523397197,0.42857142857142855,0.0005154631287728142,-0.04114505500470045,-0.07598039033902226,0.034835335334321815,0.5396825396825397,0.0005995865010566682,0.018631998386059445,-0.008583330857585003,0.02721532924364445,0.4603174603174603,0.00023422984986028295,0.18336135137412857,0.09366762235223502,0.08969372902189354,0.5079365079365079,0.0003217542981561827,0.05877074810852956,0.21560194788820142,-0.15683119977967186,0.46825396825396826,-0.0001823448899483091,0.19961866398254746,0.12050777550382219,0.07911088847872527,0.1698888875246678,0.10134227101245119,0.06854661651221661,0.6666666666666666,0.006597432725647991,-0.15403430478493285,-0.16340348765706703,-0.13509547233700803,-0.04114505500470045,-0.07598039033902226,1,1,2,1,4,2,5,1,7,1,False,False,1
2023-10-31,EWY,south_korea,VT,-0.05988020047819975,-0.023953562606487844,-0.03592663787171191,0.38095238095238093,-0.0017416647387730189,-0.1608124277959474,-0.07598039033902226,-0.08483203745692514,0.4126984126984127,-0.001491047818032499,-0.09023177611663147,-0.008583330857585003,-0.08164844525904646,0.4603174603174603,-0.000633759626052655,0.07325465592232394,0.09366762235223502,-0.020412966429911084,0.4722222222222222,-8.276812284722471e-06,-0.1332031463365838,0.21560194788820142,-0.34880509422478523,0.47883597883597884,-0.00039010421458039285,0.14161477767859343,0.12050777550382219,0.02110700217477124,0.19571693644244936,0.10134227101245119,0.09437466542999817,0.4166666666666667,-0.0012698390403056148,-0.23846272095310161,-0.16340348765706703,-0.13509547233700803,-0.1608124277959474,-0.07598039033902226,7,7,6,7,6,5,3,3,2,7,False,False,-1
2023-10-31,MCHI,china,VT,-0.029705116630122763,-0.023953562606487844,-0.005751554023634919,0.47619047619047616,-0.000220873502202335,-0.11625440733691339,-0.07598039033902226,-0.04027401699789113,0.4444444444444444,-0.0006366055178900227,-0.09550615084042513,-0.008583330857585003,-0.08692281998284013,0.4523809523809524,-0.0006245290491609846,0.18132537092600787,0.09366762235223502,0.08765774857377284,0.44841269841269843,0.00043286721683144866,-0.4349868887805637,0.21560194788820142,-0.6505888366687651,0.4497354497354497,-0.0008640741008303845,0.21749108562049946,0.12050777550382219,0.09698331011667727,0.39647333130550955,0.10134227101245119,0.29513106029305836,0.5,0.010641314598106846,-0.29946840468674163,-0.16340348765706703,-0.13509547233700803,-0.11625440733691339,-0.07598039033902226,6,6,7,2,7,1,1,2,1,6,False,False,1
2023-11-30,VTI,us,VT,0.09415355164256556,0.09009530942631971,0.004058242216245844,0.5714285714285714,0.0001779472420144122,0.014062880521791943,0.013247324057617416,0.0008155564641745272,0.4603174603174603,1.5207981631445768e-05,0.08939413424923481,0.06708779766854511,0.0223063365806897,0.49206349206349204,0.000164659301721986,0.16173144441067522,0.1390953679144502,0.02263607649622501,0.49603174603174605,8.399756375206631e-05,0.25744947246690875,0.1674712894653443,0.08997818300156446,0.5145502645502645,0.00010786406176822324,0.06176271389574173,0.044950251656359796,0.01681246223938193,0.03801503809704854,0.05399705712054659,-0.01598201902349805,0.5,0.0013856267679357992,-0.12866581491091245,-0.12670805475584357,-0.05717163129298597,0.014062880521791943,0.013247324057617416,3,3,1,1,1,2,6,2,5,3,False,False,-2
2023-11-30,VEA,developed_ex_us,VT,0.08806793777643152,0.09009530942631971,-0.002027371649888199,0.47619047619047616,-7.981323401770204e-05,0.011448065666441076,0.013247324057617416,-0.0017992583911763393,0.49206349206349204,-2.290004400246511e-05,0.030478298518572533,0.06708779766854511,-0.03660949914997258,0.42063492063492064,-0.00026925950023021493,0.1130498943227185,0.1390953679144502,-0.026045473591731705,0.46825396825396826,-8.804434836375195e-05,0.09323058507163418,0.1674712894653443,-0.07424070439371011,0.48544973544973546,-8.606187696825595e-05,0.022959923437630092,0.044950251656359796,-0.021990328218729704,0.0922843211276283,0.05399705712054659,0.03828726400708171,0.3333333333333333,-0.0011576717566571433,-0.12424330981940246,-0.12670805475584357,-0.05717163129298597,0.011448065666441076,0.013247324057617416,4,4,5,4,3,4,2,6,6,4,False,False,1
2023-11-30,VWO,emerging_markets,VT,0.07090140455498939,0.09009530942631971,-0.019193904871330325,0.47619047619047616,-0.0008387214468458407,0.0106441922783993,0.013247324057617416,-0.0026031317792181152,0.5555555555555556,-3.656619277920155e-05,0.036865982570429834,0.06708779766854511,-0.03022181509811528,0.5158730158730159,-0.00021639379550630536,0.06178243075346601,0.1390953679144502,-0.0773129371609842,0.4603174603174603,-0.0002722149670232339,-0.09208572605571608,0.1674712894653443,-0.25955701552106036,0.4748677248677249,-0.00032145386223318744,-0.008515231899721698,0.044950251656359796,-0.053465483556081494,0.02325706779435044,0.05399705712054659,-0.03073998932619615,0.3333333333333333,-0.005649483982490229,-0.1405196137913568,-0.12670805475584357,-0.05717163129298597,0.0106441922783993,0.013247324057617416,5,5,2,6,5,5,7,6,4,5,False,False,-3
2023-11-30,VGK,europe,VT,0.09761314865501225,0.09009530942631971,0.0075178392286925355,0.38095238095238093,0.00033770745513303106,0.015895790588427605,0.013247324057617416,0.0026484665308101896,0.49206349206349204,5.031005782883834e-05,0.03368111541205754,0.06708779766854511,-0.033406682256487574,0.4523809523809524,-0.0002415483400820989,0.14316696721385958,0.1390953679144502,0.0040715992994093675,0.47619047619047616,2.4345057279037024e-05,0.1635323727984228,0.1674712894653443,-0.003938916666921477,0.5132275132275133,1.1477996917630053e-05,0.04150261739727501,0.044950251656359796,-0.0034476342590847864,0.13877102280303943,0.05399705712054659,0.08477396568249285,0.4166666666666667,0.0010964655412493047,-0.14342285438757796,-0.12670805475584357,-0.05717163129298597,0.015895790588427605,0.013247324057617416,2,1,4,3,2,3,1,3,3,1,True,False,3
2023-11-30,EWJ,japan,VT,0.06190657047876247,0.09009530942631971,-0.028188738947557246,0.3333333333333333,-0.0012291210527068676,0.015736535681561303,0.013247324057617416,0.0024892116239438877,0.47619047619047616,5.366420229790242e-05,0.03634731737155139,0.06708779766854511,-0.030740480296993722,0.4365079365079365,-0.00021121352491111745,0.1448235931598154,0.1390953679144502,0.005728225245365204,0.4801587301587302,3.0175941903497887e-05,-0.013019826587308936,0.1674712894653443,-0.18049111605265322,0.4642857142857143,-0.00022183643065418687,0.07808316191477149,0.044950251656359796,0.033132910258411696,0.05836373059447153,0.05399705712054659,0.004366673473924942,0.5833333333333334,0.0018723763163710678,-0.10013015324505059,-0.12670805475584357,-0.05717163129298597,0.015736535681561303,0.013247324057617416,6,2,3,2,4,1,3,1,7,2,False,False,1
2023-11-30,EWY,south_korea,VT,0.14722468836215197,0.09009530942631971,0.05712937893583225,0.47619047619047616,0.002588608246754897,0.009447484001070094,0.013247324057617416,-0.003799840056547321,0.4444444444444444,2.3899731767585745e-05,-0.011292289769796016,0.06708779766854511,-0.07838008743834113,0.4523809523809524,-0.0005382630003332934,0.09328506471156905,0.1390953679144502,-0.04581030320288115,0.4603174603174603,-9.291772946109041e-05,-0.1566793394732635,0.1674712894653443,-0.3241506289386078,0.4722222222222222,-0.00036991860387086537,-0.047017488551079234,0.044950251656359796,-0.09196774020743903,0.0475003263810323,0.05399705712054659,-0.006496730739514289,0.4166666666666667,-0.003733527822225737,-0.1821792403641761,-0.12670805475584357,-0.05717163129298597,0.009447484001070094,0.013247324057617416,1,6,6,5,6,7,5,3,2,6,False,False,0
2023-11-30,MCHI,china,VT,0.020808333573751225,0.09009530942631971,-0.06928697585256849,0.42857142857142855,-0.0030469184061498113,-0.04965477855777001,0.013247324057617416,-0.06290210261538742,0.4603174603174603,-0.0009478550682787707,-0.028374468077129955,0.06708779766854511,-0.09546226574567507,0.4523809523809524,-0.0006494604439992151,-0.026576328095768154,0.1390953679144502,-0.16567169601021836,0.4365079365079365,-0.0005193577792341035,-0.45737577842935484,0.1674712894653443,-0.6248470678946991,0.45105820105820105,-0.000863608972605298,-0.04641876453303451,0.044950251656359796,-0.0913690161893943,0.05427055844879547,0.05399705712054659,0.00027350132824888185,0.4166666666666667,-0.013004041773896228,-0.2839605912818596,-0.12670805475584357,-0.05717163129298597,-0.04965477855777001,0.013247324057617416,7,7,7,7,7,6,4,3,1,7,False,False,0
2023-12-29,VTI,us,VT,0.05728461622680814,0.05467692511694522,0.0026076911098629196,0.5238095238095238,0.00011795952345480942,0.12159480494263653,0.11285507800750572,0.00873972693513081,0.5079365079365079,0.00012595071005053237,0.08548697339196187,0.07374592382167267,0.011741049570289208,0.48412698412698413,8.68501818523743e-05,0.2803592070628429,0.234106764917144,0.0462524421456989,0.5119047619047619,0.00015029490951658472,0.2788370184393387,0.19062891517493408,0.08820810326440465,0.5119047619047619,0.00010425076166508627,0.21098821207872454,0.1701277761247153,0.04086043595400923,0.10516200583255508,0.08625769358137148,0.018904312251183608,0.5833333333333334,0.002730137575827083,-0.0835674927048079,-0.07689083720710865,-0.008545113756022071,0.12159480494263653,0.11285507800750572,2,2,1,1,1,1,2,1,5,2,False,False,-1
2023-12-29,VEA,developed_ex_us,VT,0.05542637314851517,0.05467692511694522,0.0007494480315699548,0.47619047619047616,4.011072928475489e-05,0.10998406787024306,0.11285507800750572,-0.002871010137262653,0.5079365079365079,-3.4516171422038246e-05,0.058029299991698036,0.07374592382167267,-0.01571662382997463,0.4444444444444444,-0.00010970547838441195,0.18640062002142677,0.234106764917144,-0.04770614489571723,0.4523809523809524,-0.00015086398947219132,0.11840964971807888,0.19062891517493408,-0.0722192654568552,0.48412698412698413,-8.220886112471136e-05,0.12409605274709312,0.1701277761247153,-0.04603172337762218,0.07377325067604534,0.08625769358137148,-0.012484442905326132,0.3333333333333333,-0.002782409729436469,-0.0804754023003097,-0.07689083720710865,-0.008545113756022071,0.10998406787024306,0.11285507800750572,3,4,3,5,3,4,5,5,6,4,False,False,-1
2023-12-29,VWO,emerging_markets,VT,0.03639237685117491,0.05467692511694522,-0.018284548265770306,0.42857142857142855,-0.0008208030400395982,0.07075397390031712,0.11285507800750572,-0.04210110410718859,0.4603174603174603,-0.000605004065290517,0.040479853587251036,0.07374592382167267,-0.03326607023442163,0.5079365079365079,-0.00023739081447348383,0.09790749522743214,0.234106764917144,-0.13619926968971185,0.4523809523809524,-0.0004553597553960592,-0.07241398759941176,0.19062891517493408,-0.26304290277434583,0.4748677248677249,-0.00031960014591953347,0.05935504713297468,0.1701277761247153,-0.11077272899174062,0.007430724763792362,0.08625769358137148,-0.07882696881757911,0.25,-0.009020778757375697,-0.10954142720855287,-0.07689083720710865,-0.008545113756022071,0.07075397390031712,0.11285507800750572,6,6,6,6,5,6,6,7,3,6,False,False,0
2023-12-29,VGK,europe,VT,0.05161212305748064,0.05467692511694522,-0.0030648020594645775,0.5714285714285714,-0.0001325782292373324,0.12113880930286736,0.11285507800750572,0.00828373129536164,0.5079365079365079,0.00012739673313556644,0.05721926143111933,0.07374592382167267,-0.016526662390553337,0.49206349206349204,-0.00011253227834505364,0.20644507422704406,0.234106764917144,-0.027661690690099938,0.4722222222222222,-7.83748127708613e-05,0.17336990182007206,0.19062891517493408,-0.01725901335486202,0.5145502645502645,-3.824372328560554e-06,0.14723389715154545,0.1701277761247153,-0.022893878973169857,0.09443348494151849,0.08625769358137148,0.008175791360147011,0.4166666666666667,-0.0011222446324709496,-0.09400852893286382,-0.07689083720710865,-0.008545113756022071,0.12113880930286736,0.11285507800750572,4,3,4,3,2,3,4,4,4,3,False,False,1
2023-12-29,EWJ,japan,VT,0.04080494835650361,0.05467692511694522,-0.013871976760441607,0.5238095238095238,-0.0006220690747093659,0.07878434472165474,0.11285507800750572,-0.034070733285850974,0.42857142857142855,-0.00048063437260714893,0.050725469279820246,0.07374592382167267,-0.02302045454185242,0.4523809523809524,-0.00015848907532368532,0.2156607496142955,0.234106764917144,-0.018446015302848506,0.4801587301587302,-4.7295840312893454e-05,0.017280674285478526,0.19062891517493408,-0.17334824088945555,0.4695767195767196,-0.00020825163754274858,0.16800054758953653,0.1701277761247153,-0.002127228535178771,0.1015407567236255,0.08625769358137148,0.015283063142254028,0.5,-0.0010747059216195491,-0.07257045444835486,-0.07689083720710865,-0.008545113756022071,0.07878434472165474,0.11285507800750572,5,5,5,2,4,2,3,2,7,5,False,True,0
2023-12-29,EWY,south_korea,VT,0.06090669553583328,0.05467692511694522,0.006229770418888059,0.47619047619047616,0.00030766177978487034,0.14082570689011464,0.11285507800750572,0.027970628882608928,0.4444444444444444,0.00047005091715062494,0.06090669553583328,0.07374592382167267,-0.012839228285839388,0.4603174603174603,-3.2330631243549663e-05,0.18778076514197206,0.234106764917144,-0.04632599977517193,0.4642857142857143,-8.587788972718134e-05,-0.16193692826344086,0.19062891517493408,-0.35256584343837494,0.4708994708994709,-0.00040570668954892673,0.11959022422990584,0.1701277761247153,-0.05053755189480946,0.10899134690681844,0.08625769358137148,0.022733653325446967,0.5,-0.0013310859202302534,-0.1354933773175767,-0.07689083720710865,-0.008545113756022071,0.14082570689011464,0.11285507800750572,1,1,2,4,6,5,1,2,2,1,False,False,1
2023-12-29,MCHI,china,VT,-0.01594859833990403,0.05467692511694522,-0.07062552345684925,0.5238095238095238,-0.003226156628578027,-0.03572502163724911,0.11285507800750572,-0.14858009964475483,0.47619047619047616,-0.0022032786761250977,-0.06697686564747041,0.07374592382167267,-0.14072278946914307,0.4603174603174603,-0.001024678748759693,-0.10651998101619742,0.234106764917144,-0.3406267459333414,0.43253968253968256,-0.0011818058031426322,-0.43908171251513795,0.19062891517493408,-0.629710627690072,0.455026455026455,-0.0008450631943021478,-0.09203928018749763,0.1701277761247153,-0.26216705631221293,-0.08312119304000098,0.08625769358137148,-0.16937888662137246,0.3333333333333333,-0.024926308296568656,-0.23323894568292047,-0.07689083720710865,-0.008545113756022071,-0.03572502163724911,0.11285507800750572,7,7,7,7,7,7,7,5,1,7,False,False,0
2024-01-31,VTI,us,VT,0.011170985282787038,0.0,0.011170985282787038,0.6666666666666666,0.0005335489587034633,0.17248749062985458,0.15192026023792393,0.020567230391930647,0.5873015873015873,0.00028295494605548984,0.06170536474176114,0.04152692653388379,0.020178438207877347,0.5158730158730159,0.00015447455382786067,0.21107946782567955,0.14664847716607765,0.0644309906596019,0.5357142857142857,0.0002206698819694116,0.2707903720439664,0.16270209750179698,0.1080882745421694,0.5158730158730159,0.0001272949812457509,0.19769997898721892,0.14664847716607765,0.051051501821141265,0.1033757275267988,0.06789553443418939,0.03548019309260941,0.6666666666666666,0.004219114730786409,-0.10722830524535731,-0.11179910915350266,-0.014465005797856478,0.17248749062985458,0.15192026023792393,2,1,2,1,1,1,1,1,6,1,False,False,1
2024-01-31,VEA,developed_ex_us,VT,-0.010855906690459327,0.0,-0.010855906690459327,0.47619047619047616,-0.0005148120580892154,0.13882990944728957,0.15192026023792393,-0.013090350790634364,0.47619047619047616,-0.0001748052094007843,0.026101625223288627,0.04152692653388379,-0.015425301310595163,0.4603174603174603,-0.0001129670419287356,0.07650189298934995,0.14664847716607765,-0.0701465841767277,0.44841269841269843,-0.0002445831465196396,0.08641471283984692,0.16270209750179698,-0.07628738466195006,0.48412698412698413,-8.924158619177844e-05,0.08831655597064936,0.14664847716607765,-0.05833192119542829,0.028626103246090606,0.06789553443418939,-0.03926943118809878,0.25,-0.0047587331200599214,-0.12106125854584537,-0.11179910915350266,-0.014465005797856478,0.13882990944728957,0.15192026023792393,3,4,4,4,3,4,4,5,4,4,False,False,0
2024-01-31,VWO,emerging_markets,VT,-0.03552331888595828,0.0,-0.03552331888595828,0.38095238095238093,-0.0017094754982248397,0.06224661885322891,0.15192026023792393,-0.08967364138469502,0.4126984126984127,-0.0012757346482663245,-0.03877718035293998,0.04152692653388379,-0.08030410688682377,0.49206349206349204,-0.0006286882212420368,-0.02481074134408756,0.14664847716607765,-0.1714592185101652,0.4444444444444444,-0.0006337881672248814,-0.16956997920661643,0.16270209750179698,-0.3322720767084134,0.4708994708994709,-0.0004354017435509354,0.01110714001866464,0.14664847716607765,-0.135541337147413,-0.028229968573940556,0.06789553443418939,-0.09612550300812994,0.16666666666666666,-0.012516513564581952,-0.11660462227480473,-0.11179910915350266,-0.014465005797856478,0.06224661885322891,0.15192026023792393,5,6,5,5,5,6,6,7,5,6,False,False,-1
2024-01-31,VGK,europe,VT,-0.012251907715474464,0.0,-0.012251907715474464,0.47619047619047616,-0.0005768236560142338,0.14475076230022887,0.15192026023792393,-0.007169497937695057,0.47619047619047616,-9.035924580077849e-05,0.02613833452983516,0.04152692653388379,-0.015388592004048629,0.5,-0.00010968939818397532,0.09128811546512505,0.14664847716607765,-0.0553603617009526,0.4722222222222222,-0.0001843112386092823,0.15385275096245632,0.16270209750179698,-0.008849346539340663,0.5145502645502645,5.2561461215120825e-06,0.10482432108891837,0.14664847716607765,-0.04182415607715928,0.04502855878103995,0.06789553443418939,-0.022866975653149435,0.3333333333333333,-0.003624921554855424,-0.12737636506454297,-0.11179910915350266,-0.014465005797856478,0.14475076230022887,0.15192026023792393,4,3,3,3,2,3,3,4,3,3,True,False,0
2024-01-31,EWJ,japan,VT,0.03227311309509262,0.0,0.03227311309509262,0.5238095238095238,0.0015313647409000615,0.15259999515622713,0.15192026023792393,0.0006797349183031987,0.47619047619047616,2.561676506379882e-05,0.0713093583385549,0.04152692653388379,0.029782431804671106,0.5,0.00023779210984440992,0.15616786050437437,0.14664847716607765,0.009519383338296716,0.4801587301587302,4.594988668355918e-05,0.020191552581854566,0.16270209750179698,-0.14251054491994242,0.4695767195767196,-0.0001728821399193442,0.12002128684511093,0.14664847716607765,-0.02662719032096672,0.06595045003790267,0.06789553443418939,-0.0019450843962867115,0.5,0.0015186411665822723,-0.10125389692326103,-0.11179910915350266,-0.014465005797856478,0.15259999515622713,0.15192026023792393,1,2,1,2,4,2,2,2,7,2,False,False,-1
2024-01-31,EWY,south_korea,VT,-0.09247670242682848,0.0,-0.09247670242682848,0.42857142857142855,-0.00453387946908821,0.09065425639751612,0.15192026023792393,-0.06126600384040781,0.4603174603174603,-0.0007751858258007947,-0.09677162058884181,0.04152692653388379,-0.1382985471227256,0.4365079365079365,-0.0010642515450737403,-0.04608246340276445,0.14664847716607765,-0.1927309405688421,0.45634920634920634,-0.0006668668074237434,-0.3153870739560424,0.16270209750179698,-0.47808917145783936,0.4669312169312169,-0.0006443852844753992,0.05112181598877741,0.14664847716607765,-0.09552666117730024,-0.00922312922354962,0.06789553443418939,-0.077118663657739,0.4166666666666667,-0.01269928963016731,-0.19528720419419454,-0.11179910915350266,-0.014465005797856478,0.09065425639751612,0.15192026023792393,6,5,6,6,6,5,5,3,2,5,False,False,1
2024-01-31,MCHI,china,VT,-0.10309280282278677,0.0,-0.10309280282278677,0.23809523809523808,-0.005049364688044976,-0.11822866001429733,0.15192026023792393,-0.27014892025222126,0.38095238095238093,-0.0041451924328087305,-0.23136916901615934,0.04152692653388379,-0.2728960955500431,0.4126984126984127,-0.002326151620067536,-0.29961930633552714,0.14664847716607765,-0.4462677835016048,0.40476190476190477,-0.0018591410101170714,-0.5629708389332956,0.16270209750179698,-0.7256729364350926,0.4444444444444444,-0.0011443848018336544,-0.21911576150939305,0.14664847716607765,-0.3657642386754707,-0.1630601538808567,0.06789553443418939,-0.2309556883150461,0.25,-0.0375073775958662,-0.2650300964617387,-0.11179910915350266,-0.014465005797856478,-0.11822866001429733,0.15192026023792393,7,7,7,7,7,7,7,5,1,7,False,False,0
2024-02-29,VTI,us,VT,0.03524885544662815,0.032165010759763524,0.003083844686864623,0.47619047619047616,0.000152374398248889,0.12624359333349977,0.1022629150003651,0.023980678333134664,0.5714285714285714,0.00034561684141691594,0.1407030590905216,0.11323970041799458,0.027463358672527027,0.5158730158730159,0.00019662757233856315,0.286052827147401,0.22334870531413653,0.06270412183326446,0.5238095238095238,0.0002014396544706848,0.3205368398841726,0.20697273542380068,0.1135641044603719,0.5171957671957672,0.00012871235155328484,0.24226442790180225,0.18522590144151962,0.057038526460282624,0.15348657873981586,0.13095149609925527,0.02253508264056059,0.6666666666666666,0.004194127734717196,-0.10722830524535731,-0.11179910915350266,-0.0001862586525219756,0.12624359333349977,0.1022629150003651,4,1,2,1,1,1,2,1,6,1,False,False,1
2024-02-29,VEA,developed_ex_us,VT,0.02161595973176511,0.032165010759763524,-0.010549051027998413,0.47619047619047616,-0.0004919309823490039,0.07518506169571815,0.1022629150003651,-0.02707785330464696,0.47619047619047616,-0.000390987825132306,0.08158166366277642,0.11323970041799458,-0.031658036755218166,0.47619047619047616,-0.00022440155079549932,0.13884174071156297,0.22334870531413653,-0.08450696460257356,0.4523809523809524,-0.00027766865751604634,0.11413048547619042,0.20697273542380068,-0.09284224994761026,0.48544973544973546,-0.00010521945132601479,0.11474544799650199,0.18522590144151962,-0.07048045344501763,0.09238896154801801,0.13095149609925527,-0.03856253455123726,0.25,-0.0058979239175752,-0.12106125854584537,-0.11179910915350266,-0.0001862586525219756,0.07518506169571815,0.1022629150003651,6,3,3,3,3,3,5,5,4,3,False,False,0
2024-02-29,VWO,emerging_markets,VT,0.030912477863633603,0.032165010759763524,-0.001252532896129921,0.42857142857142855,-4.4531320557557784e-05,0.02853577762684001,0.1022629150003651,-0.0737271373735251,0.3968253968253968,-0.0010848208433269925,0.026095010841621136,0.11323970041799458,-0.08714468957637345,0.46825396825396826,-0.0006373310303015508,0.07825833006111305,0.22334870531413653,-0.14509037525302348,0.4603174603174603,-0.000490428807660186,-0.13542088852512169,0.20697273542380068,-0.34239362394892237,0.4656084656084656,-0.00043212193238235713,0.04592616076933553,0.18522590144151962,-0.1392997406721841,0.09933306528901564,0.13095149609925527,-0.03161843081023963,0.16666666666666666,-0.010330975090719683,-0.11660462227480473,-0.11179910915350266,-0.0001862586525219756,0.02853577762684001,0.1022629150003651,5,6,6,6,5,6,4,7,5,6,False,False,0
2024-02-29,VGK,europe,VT,0.016363002576224472,0.032165010759763524,-0.01580200818353905,0.42857142857142855,-0.0007334487797005808,0.0685253938327901,0.1022629150003651,-0.033737521167575,0.49206349206349204,-0.000486709572910722,0.07282995703220951,0.11323970041799458,-0.04040974338578507,0.48412698412698413,-0.00028545052559702285,0.12892234347675813,0.22334870531413653,-0.0944263618373784,0.4603174603174603,-0.0003067299074331047,0.17443296027881727,0.20697273542380068,-0.03253977514498341,0.5119047619047619,-2.0488561485824782e-05,0.11074718443629306,0.18522590144151962,-0.07447871700522657,0.08633392986996768,0.13095149609925527,-0.044617566229287586,0.25,-0.0065533931899466324,-0.12737636506454297,-0.11179910915350266,-0.0001862586525219756,0.0685253938327901,0.1022629150003651,7,4,4,4,2,4,6,5,3,4,False,False,0
2024-02-29,EWJ,japan,VT,0.048384758508821735,0.032165010759763524,0.01621974774905821,0.5714285714285714,0.0007331605228901438,0.12054016620590757,0.1022629150003651,0.018277251205542466,0.5238095238095238,0.0002680679714932912,0.14713221169874857,0.11323970041799458,0.03389251128075399,0.5079365079365079,0.0002493203579306128,0.2615710737388355,0.22334870531413653,0.03822236842469895,0.4880952380952381,0.0001349463064163006,0.06846489691624846,0.20697273542380068,-0.13850783850755222,0.4695767195767196,-0.00016136947253163857,0.20334740036972776,0.18522590144151962,0.018121498928208135,0.14151932981582527,0.13095149609925527,0.010567833716569996,0.5,0.002710757577225877,-0.10125389692326103,-0.11179910915350266,-0.0001862586525219756,0.12054016620590757,0.1022629150003651,3,2,1,2,4,2,3,2,7,2,False,False,-1
2024-02-29,EWY,south_korea,VT,0.0701052039351151,0.032165010759763524,0.03794019317535158,0.47619047619047616,0.0017778251470886958,0.03611917924035146,0.1022629150003651,-0.06614373576001364,0.4444444444444444,-0.0009238380889179317,0.038409008257716204,0.11323970041799458,-0.07483069216027838,0.4444444444444444,-0.00048100670686601355,0.12449935018934633,0.22334870531413653,-0.0988493551247902,0.4603174603174603,-0.00027333231910991665,-0.2270713658201613,0.20697273542380068,-0.434044101243962,0.4669312169312169,-0.0005344346883719754,0.0508306529621636,0.18522590144151962,-0.13439524847935602,0.15504286760919617,0.13095149609925527,0.024091371509940895,0.5,-0.006055185051205021,-0.19528720419419454,-0.11179910915350266,-0.0001862586525219756,0.03611917924035146,0.1022629150003651,1,5,5,5,6,5,1,2,2,5,False,False,0
2024-02-29,MCHI,china,VT,0.060086979006163777,0.032165010759763524,0.027921968246400253,0.47619047619047616,0.0014119985815081739,-0.07629246783370103,0.1022629150003651,-0.17855538283406613,0.3968253968253968,-0.0026856640038579443,-0.12427982952340677,0.11323970041799458,-0.23751952994140135,0.42063492063492064,-0.0018112679769330935,-0.1574065873687338,0.22334870531413653,-0.38075529268287034,0.4166666666666667,-0.0013775609649749685,-0.5230149192254172,0.20697273542380068,-0.7299876546492179,0.44047619047619047,-0.0010764926088885445,-0.20516577477331044,0.18522590144151962,-0.39039167621483006,0.05033249770427761,0.13095149609925527,-0.08061899839497766,0.3333333333333333,-0.029289553190252754,-0.2650300964617387,-0.11179910915350266,-0.0001862586525219756,-0.07629246783370103,0.1022629150003651,2,7,7,7,7,7,7,4,1,7,False,False,0
2024-03-28,VTI,us,VT,0.03694878320842454,0.03613198287042474,0.0008168003379998012,0.6666666666666666,4.01374220850636e-05,0.09470461297475552,0.07666017426849048,0.018044438706265042,0.5873015873015873,0.0002686291353461161,0.2376910306240081,0.2048269599663035,0.03286407065770458,0.5476190476190477,0.00021682690920941564,0.3385523776797341,0.265302323254309,0.07325005442542509,0.5396825396825397,0.00022572379321612196,0.3169923516371955,0.20845747448929774,0.10853487714789778,0.5185185185185185,0.00012319268664472645,0.290856789993154,0.22117871484770446,0.06967807514544955,0.12010870667647544,0.08681727745096479,0.03329142922551065,0.75,0.004367046554764008,-0.10722830524535731,-0.11179910915350266,0.0,0.09470461297475552,0.07666017426849048,5,2,1,1,1,1,1,1,6,2,False,False,-1
2024-03-28,VEA,developed_ex_us,VT,0.03893192725028949,0.03613198287042474,0.0027999443798647494,0.47619047619047616,0.00012932491255089937,0.05148819133506244,0.07666017426849048,-0.02517198293342804,0.47619047619047616,-0.00037349217705776787,0.17524206023446953,0.2048269599663035,-0.02958489973183398,0.49206349206349204,-0.00019296120024471706,0.18304654254202557,0.265302323254309,-0.08225578071228346,0.4523809523809524,-0.00026134022061734155,0.1137999516228605,0.20845747448929774,-0.09465752286643725,0.48412698412698413,-0.00010661674387065878,0.1387142039932876,0.22117871484770446,-0.08246451085441686,0.041876599803668535,0.08681727745096479,-0.04494067764729626,0.3333333333333333,-0.005355545130070277,-0.12106125854584537,-0.11179910915350266,0.0,0.05148819133506244,0.07666017426849048,3,3,4,3,3,4,4,4,4,3,False,False,1
2024-03-28,VWO,emerging_markets,VT,0.021476822045501276,0.03613198287042474,-0.014655160824923463,0.38095238095238093,-0.0006775507280097322,0.026240963413169727,0.07666017426849048,-0.05041921085532075,0.4126984126984127,-0.0007508147083573842,0.09257009125466586,0.2048269599663035,-0.11225686871163765,0.42857142857142855,-0.0007677576359190303,0.08255151163652052,0.265302323254309,-0.1827508116177885,0.45634920634920634,-0.0006081002197186854,-0.10992016782077474,0.20845747448929774,-0.3183776423100725,0.4669312169312169,-0.00039735455465432317,0.05979057798758225,0.22117871484770446,-0.1613881368601222,0.02153311829115534,0.08681727745096479,-0.06528415915980945,0.16666666666666666,-0.011118061647110109,-0.11660462227480473,-0.11179910915350266,0.0,0.026240963413169727,0.07666017426849048,6,6,6,6,5,6,6,7,5,6,False,False,0
2024-03-28,VGK,europe,VT,0.03870643085512926,0.03613198287042474,0.00257444798470452,0.6190476190476191,0.00012201929782452661,0.043991393895012276,0.07666017426849048,-0.0326687803734782,0.5079365079365079,-0.0004827893472498684,0.19050933752457344,0.2048269599663035,-0.014317622441730071,0.5158730158730159,-8.689018904362551e-05,0.1829634677318932,0.265302323254309,-0.08233885552241582,0.47619047619047616,-0.0002583206600372468,0.1749624570779631,0.20845747448929774,-0.03349501741133465,0.5158730158730159,-2.0858502902292996e-05,0.13888143231962302,0.22117871484770446,-0.08229728252808144,0.04720459732892235,0.08681727745096479,-0.03961268012204244,0.3333333333333333,-0.005738589208789936,-0.12737636506454297,-0.11179910915350266,0.0,0.043991393895012276,0.07666017426849048,4,4,2,4,2,3,3,4,3,4,False,False,-2
2024-03-28,EWJ,japan,VT,0.0390271166003775,0.03613198287042474,0.002895133729952759,0.5714285714285714,0.0001604032022071843,0.12079789623408765,0.07666017426849048,0.044137721965597176,0.5555555555555556,0.000651179609615115,0.1854999198452465,0.2048269599663035,-0.019327040121057015,0.47619047619047616,-0.00011470042398345084,0.2671617733609566,0.265302323254309,0.0018594501066475644,0.47619047619047616,2.1040271840127958e-05,0.0732035232032362,0.20845747448929774,-0.13525395128606155,0.4722222222222222,-0.00015606503121892124,0.21956564281692614,0.22117871484770446,-0.0016130720307783175,0.06275398998926773,0.08681727745096479,-0.024063287461697058,0.5,0.0010669355020372269,-0.10125389692326103,-0.11179910915350266,0.0,0.12079789623408765,0.07666017426849048,2,1,3,2,4,2,2,2,7,1,False,False,2
2024-03-28,EWY,south_korea,VT,0.04614186067533477,0.03613198287042474,0.010009877804910028,0.5238095238095238,0.0005016262321222854,0.034849758025853106,0.07666017426849048,-0.04181041624263737,0.47619047619047616,-0.0005619105733956816,0.17270958751611354,0.2048269599663035,-0.032117372450189974,0.4603174603174603,-0.0001441378622233369,0.14711830335063802,0.265302323254309,-0.118184019903671,0.4642857142857143,-0.00032964314373996114,-0.20152222096884143,0.20845747448929774,-0.40997969545813917,0.46825396825396826,-0.0004940613709767409,0.09652270544849251,0.22117871484770446,-0.12465600939921195,0.041312682089316155,0.08681727745096479,-0.045504595361648636,0.5,-0.006309573548298031,-0.19528720419419454,-0.11179910915350266,0.0,0.034849758025853106,0.07666017426849048,1,5,5,5,6,5,5,2,2,5,False,False,0
2024-03-28,MCHI,china,VT,0.021074113993600818,0.03613198287042474,-0.015057868876823921,0.5238095238095238,-0.0006502952020843775,0.0050592512560210245,0.07666017426849048,-0.07160092301246945,0.42857142857142855,-0.0009802324509335795,-0.054388516012131016,0.2048269599663035,-0.25921547597843453,0.4444444444444444,-0.0018332182923098534,-0.17236901794637016,0.265302323254309,-0.4376713412006792,0.4246031746031746,-0.0015869193033240731,-0.47954827732888583,0.20845747448929774,-0.6880057518181836,0.4444444444444444,-0.0009681581614992434,-0.1894506278132747,0.22117871484770446,-0.41062934266097917,-0.09223732865074963,0.08681727745096479,-0.17905460610171442,0.25,-0.03145964831253087,-0.27710912772575313,-0.11179910915350266,0.0,0.0050592512560210245,0.07666017426849048,7,7,7,7,7,7,7,6,1,7,False,False,0
2024-04-30,VTI,us,VT,-0.04270309557549379,-0.03330007083443631,-0.009403024741057475,0.42857142857142855,-0.00045961126032962555,0.022558036044193708,0.02691258918852979,-0.004354553144336082,0.5238095238095238,-6.125193865732672e-05,0.23352812845562543,0.21165625312841407,0.021871875327211354,0.5555555555555556,0.0001455394752353472,0.22361637409557433,0.16679670284714176,0.05681967124843257,0.5357142857142857,0.0001909236277877907,0.19386466944102665,0.11188787796306987,0.08197679147795678,0.5158730158730159,0.00010361830979277674,0.27819944725630363,0.2069895400264461,0.07120990722985754,0.040361642815741394,0.011358161904606368,0.029003480911135027,0.75,0.003993090222083523,-0.10722830524535731,-0.11179910915350266,-0.035837155528873677,0.022558036044193708,0.02691258918852979,5,6,1,1,1,1,2,1,6,6,False,True,-5
2024-04-30,VEA,developed_ex_us,VT,-0.0302183839478104,-0.03330007083443631,0.0030816868866259117,0.47619047619047616,0.0001516225117782224,0.02289615673938017,0.02691258918852979,-0.004016432449149621,0.47619047619047616,-6.266111995981723e-05,0.18760315847619502,0.21165625312841407,-0.024053094652219054,0.47619047619047616,-0.00015540302785208587,0.08233362037600767,0.16679670284714176,-0.0844630824711341,0.44047619047619047,-0.00029273652695911944,0.03994803333617036,0.11188787796306987,-0.07193984462689951,0.48677248677248675,-8.739469423816978e-05,0.11605912347771397,0.2069895400264461,-0.09093041654873213,-0.038666842183206374,0.011358161904606368,-0.05002500408781274,0.3333333333333333,-0.0061998617044296085,-0.12106125854584537,-0.11179910915350266,-0.035837155528873677,0.02289615673938017,0.02691258918852979,4,5,3,4,4,4,5,4,4,5,False,False,-2
2024-04-30,VWO,emerging_markets,VT,0.0054839635859629254,-0.03330007083443631,0.03878403442039924,0.6666666666666666,0.0018747954140619703,0.06080458924913046,0.02691258918852979,0.03389200006060067,0.5079365079365079,0.0005208230110554142,0.1412795552033166,0.21165625312841407,-0.07037669792509749,0.4523809523809524,-0.00046654957841285155,0.08612814529735346,0.16679670284714176,-0.0806685575497883,0.48412698412698413,-0.00027346892785136656,-0.13457938801563252,0.11188787796306987,-0.2464672659787024,0.4722222222222222,-0.00032440859578185683,0.0802043440094069,0.2069895400264461,-0.1267851960170392,-0.013310489021293392,0.011358161904606368,-0.02466865092589976,0.25,-0.0056987504921841015,-0.11660462227480473,-0.11179910915350266,-0.035837155528873677,0.06080458924913046,0.02691258918852979,2,2,6,3,5,6,3,7,5,2,False,False,4
2024-04-30,VGK,europe,VT,-0.0238025858337767,-0.03330007083443631,0.009497485000659611,0.47619047619047616,0.000465835922863121,0.02826463401238155,0.02691258918852979,0.0013520448238517613,0.5238095238095238,2.2768640265536528e-05,0.20446174607928902,0.21165625312841407,-0.007194507049125054,0.5,-4.117497349019506e-05,0.0702920946851271,0.16679670284714176,-0.09650460816201467,0.4603174603174603,-0.00033442676563514136,0.08154224117194264,0.11188787796306987,-0.03034563679112723,0.5119047619047619,-2.0640261673276423e-05,0.09638898767138282,0.2069895400264461,-0.11060055235506328,-0.06839684158190573,0.011358161904606368,-0.0797550034865121,0.3333333333333333,-0.007077110035850959,-0.12737636506454297,-0.11179910915350266,-0.035837155528873677,0.02826463401238155,0.02691258918852979,3,4,2,5,2,5,6,4,3,4,False,False,-2
2024-04-30,EWJ,japan,VT,-0.04282881181779896,-0.03330007083443631,-0.009528740983362649,0.5238095238095238,-0.0004644159969282633,0.02032452790115924,0.02691258918852979,-0.00658806128737055,0.5396825396825397,-9.211585677756531e-05,0.17976150325326867,0.21165625312841407,-0.0318947498751454,0.5,-0.00019837162249353963,0.16729098747655335,0.16679670284714176,0.0004942846294115899,0.4801587301587302,1.7808001934160612e-05,0.043538256181710144,0.11188787796306987,-0.06834962178135973,0.4801587301587302,-8.312213219023143e-05,0.2195216507648945,0.2069895400264461,0.012532110738448399,0.046413306500427964,0.011358161904606368,0.0350551445958216,0.5,0.00018081606104767647,-0.10125389692326103,-0.11179910915350266,-0.035837155528873677,0.02032452790115924,0.02691258918852979,6,7,5,2,3,2,1,2,7,7,False,True,-2
2024-04-30,EWY,south_korea,VT,-0.053303207909141115,-0.03330007083443631,-0.020003137074704802,0.42857142857142855,-0.000908834842919307,0.052411984529382005,0.02691258918852979,0.025499395340852216,0.47619047619047616,0.0004530317507452901,0.18403269299060399,0.21165625312841407,-0.027623560137810088,0.46825396825396826,-0.00010294752748375294,0.06635158000488883,0.16679670284714176,-0.10044512284225293,0.4642857142857143,-0.00029460692074444997,-0.28011299254696054,0.11188787796306987,-0.3920008705100304,0.4669312169312169,-0.0005190501226065595,0.12639188060388618,0.2069895400264461,-0.08059765942255992,-0.023075547784132344,0.011358161904606368,-0.03443370968873871,0.5,-0.006534028260190071,-0.19528720419419454,-0.11179910915350266,-0.035837155528873677,0.052411984529382005,0.02691258918852979,7,3,4,6,6,3,4,2,2,3,True,False,1
2024-04-30,MCHI,china,VT,0.03689928734517545,-0.03330007083443631,0.07019935817961176,0.7619047619047619,0.003384794665383878,0.13839036949637018,0.02691258918852979,0.11147778030784039,0.6031746031746031,0.0017161151359226228,0.02340854296278483,0.21165625312841407,-0.18824771016562925,0.49206349206349204,-0.0012509542454611435,-0.09251369435534706,0.16679670284714176,-0.25931039720248883,0.46825396825396826,-0.0009009824992553702,-0.46716887349157465,0.11188787796306987,-0.5790567514546445,0.4497354497354497,-0.0008263414231922085,-0.12480766770692364,0.2069895400264461,-0.33179720773336974,-0.09127181271787466,0.011358161904606368,-0.10262997462248102,0.3333333333333333,-0.01896412502713783,-0.3344609772934084,-0.11179910915350266,-0.035837155528873677,0.13839036949637018,0.02691258918852979,1,1,7,7,7,7,7,4,1,1,True,False,6
2024-05-31,VTI,us,VT,0.05020356189981312,0.04795942536715336,0.0022441365326597573,0.5714285714285714,0.00010170327942289019,0.025324642190271085,0.0314579578669838,-0.006133315676712714,0.5396825396825397,-9.197327951150305e-05,0.16485480597283098,0.1468579037681128,0.017996902204718168,0.5555555555555556,0.0001269340116001997,0.27639697290686116,0.23540693557049397,0.04099003733636719,0.5198412698412699,0.00013131362343539476,0.24941270487579725,0.15454978909115913,0.09486291578463812,0.5171957671957672,0.00011393942211121092,0.21538054070000023,0.17886905319608948,0.036511487503910756,-0.0008693902794093544,-0.01372630373854411,0.012856913459134756,0.75,0.0027395655914107067,-0.10722830524535731,-0.11179910915350266,-0.009862245651201196,0.025324642190271085,0.0314579578669838,2,5,1,1,1,1,1,1,6,5,False,False,-4
2024-05-31,VEA,developed_ex_us,VT,0.04793388527596543,0.04795942536715336,-2.5540091187936653e-05,0.47619047619047616,7.729229861390474e-06,0.0368722354462645,0.0314579578669838,0.005414277579280702,0.47619047619047616,8.623715765253436e-05,0.12404268579793865,0.1468579037681128,-0.022815217970174162,0.47619047619047616,-0.0001558913262936338,0.17672138454667885,0.23540693557049397,-0.05868555102381512,0.4523809523809524,-0.0001872516576085142,0.06436121451221566,0.15454978909115913,-0.09018857457894347,0.48544973544973546,-0.00010644215136993961,0.122896588306044,0.17886905319608948,-0.05597246489004548,-0.040335385479359775,-0.01372630373854411,-0.026609081740815665,0.4166666666666667,-0.004021273910625872,-0.12106125854584537,-0.11179910915350266,-0.009862245651201196,0.0368722354462645,0.0314579578669838,3,4,3,4,3,4,5,2,4,4,False,False,-1
2024-05-31,VWO,emerging_markets,VT,0.02036960090760198,0.04795942536715336,-0.027589824459551382,0.2857142857142857,-0.0012599750921311868,0.037293228819685664,0.0314579578669838,0.005835270952701865,0.4603174603174603,9.322609695741657e-05,0.08733633493127546,0.1468579037681128,-0.059521568836837346,0.4365079365079365,-0.0004138434724507797,0.14337909895550593,0.23540693557049397,-0.09202783661498803,0.47619047619047616,-0.0002965409285537999,-0.115739971834946,0.15454978909115913,-0.2702897609261051,0.4669312169312169,-0.0003460015460255426,0.12055386395134549,0.17886905319608948,-0.05831518924474399,-0.010497416403515647,-0.01372630373854411,0.003228887335028463,0.25,-0.006169677906629136,-0.11660462227480473,-0.11179910915350266,-0.009862245651201196,0.037293228819685664,0.0314579578669838,6,3,5,5,5,5,3,7,5,3,False,False,2
2024-05-31,VGK,europe,VT,0.0657610131748807,0.04795942536715336,0.017801587807727337,0.47619047619047616,0.000809073657788119,0.06792094015028094,0.0314579578669838,0.03646298228329714,0.5555555555555556,0.0005552874683785851,0.14550641969094302,0.1468579037681128,-0.0013514840771697845,0.5158730158730159,-4.190702717224834e-06,0.20077082084561493,0.23540693557049397,-0.03463611472487904,0.48412698412698413,-0.00010484164474778,0.11853403927296058,0.15454978909115913,-0.03601574981819855,0.5092592592592593,-2.6214866851268023e-05,0.12667925172881178,0.17886905319608948,-0.0521898014672777,-0.04884030130253103,-0.01372630373854411,-0.03511399756398692,0.4166666666666667,-0.0023068531136854107,-0.12737636506454297,-0.11179910915350266,-0.009862245651201196,0.06792094015028094,0.0314579578669838,1,2,2,2,2,3,6,2,3,2,True,False,0
2024-05-31,EWJ,japan,VT,0.027715563951610678,0.04795942536715336,-0.020243861415542685,0.47619047619047616,-0.0008949352389955153,-0.019337390223154616,0.0314579578669838,-0.050795348090138415,0.49206349206349204,-0.0007788817399626893,0.11918167410728864,0.1468579037681128,-0.02767622966082417,0.5158730158730159,-0.00017812352399375583,0.18670580296781725,0.23540693557049397,-0.04870113260267672,0.4801587301587302,-0.00014040088040891504,0.06054951965385169,0.15454978909115913,-0.09400026943730744,0.48148148148148145,-0.0001113952120449413,0.15470257004270938,0.17886905319608948,-0.024166483153380103,-0.01161117508608378,-0.01372630373854411,0.0021151286524603297,0.4166666666666667,-0.0032073699889460885,-0.10125389692326103,-0.11179910915350266,-0.009862245651201196,-0.019337390223154616,0.0314579578669838,5,6,4,3,4,2,4,2,7,6,False,True,-2
2024-05-31,EWY,south_korea,VT,-0.014423894354625544,0.04795942536715336,-0.06238331972177891,0.38095238095238093,-0.002882102338121441,-0.042353345095913264,0.0314579578669838,-0.07381130296289706,0.4444444444444444,-0.0011216799097988762,0.0066714257515199105,0.1468579037681128,-0.1401864780165929,0.4523809523809524,-0.000976758234107327,0.016292408797020874,0.23540693557049397,-0.2191145267734731,0.45634920634920634,-0.0007120320153096553,-0.2834120733941745,0.15454978909115913,-0.43796186248533364,0.4642857142857143,-0.0005759143710326659,0.03116583587579247,0.17886905319608948,-0.147703217320297,-0.10879253656999632,-0.01372630373854411,-0.09506623283145221,0.4166666666666667,-0.015251768165229338,-0.19528720419419454,-0.11179910915350266,-0.009862245651201196,-0.042353345095913264,0.0314579578669838,7,7,7,7,6,6,7,2,2,7,False,False,0
2024-05-31,MCHI,china,VT,0.039127438932482494,0.04795942536715336,-0.008831986434670869,0.38095238095238093,-0.000288511205344603,0.10572799774197783,0.0314579578669838,0.07427003987499403,0.5714285714285714,0.001174012412526456,0.058447008924503274,0.1468579037681128,-0.08841089484360953,0.49206349206349204,-0.0005425058823721128,0.0481519485578088,0.23540693557049397,-0.18725498701268517,0.4722222222222222,-0.0005571093568955807,-0.4294071558415997,0.15454978909115913,-0.5839569449327588,0.4497354497354497,-0.0007834498455903008,0.00868469957313156,0.17886905319608948,-0.17018435362295792,-0.008792817437172085,-0.01372630373854411,0.004933486301372025,0.4166666666666667,-0.012019210877688999,-0.2620193553641904,-0.11179910915350266,-0.009862245651201196,0.10572799774197783,0.0314579578669838,4,1,6,6,7,7,2,2,1,1,True,False,5
2024-06-28,VTI,us,VT,0.03364665098598185,0.02283572455645455,0.010810926429527301,0.6190476190476191,0.0005018681347517262,0.032930720166491234,0.024501857852208264,0.00842886231428297,0.5396825396825397,0.00013211135585622017,0.13075402424959415,0.10304034881355073,0.027713675436043417,0.5634920634920635,0.00020037024560116813,0.251496516272804,0.2014740286978307,0.050022487574973296,0.5277777777777778,0.00016384315245012785,0.2582145516522427,0.1550346795698856,0.10317987208235713,0.5198412698412699,0.00012275573443302525,0.21075854604570932,0.17465004384632876,0.036108502199380554,0.041178483522374076,0.029378267266538804,0.011800216255835272,0.75,0.0032390446812703144,-0.10722830524535731,-0.11179910915350266,-0.0026653078822559406,0.032930720166491234,0.024501857852208264,2,3,1,1,1,1,1,1,6,3,False,False,-2
2024-06-28,VEA,developed_ex_us,VT,0.0010234488056284352,0.02283572455645455,-0.021812275750826116,0.47619047619047616,-0.0010087022161033483,-0.005760268189772266,0.024501857852208264,-0.03026212604198053,0.4603174603174603,-0.0004677632800871671,0.04543133735459404,0.10304034881355073,-0.057609011458956694,0.46825396825396826,-0.00042062772857246746,0.11981475018822829,0.2014740286978307,-0.08165927850960242,0.45634920634920634,-0.00027306634080539663,0.04232698838898852,0.1550346795698856,-0.11270769118089707,0.4880952380952381,-0.00013439900916434043,0.1186698488675122,0.17465004384632876,-0.055980194978816566,0.008809491911905942,0.029378267266538804,-0.020568775354632862,0.4166666666666667,-0.005593218563678744,-0.12106125854584537,-0.11179910915350266,-0.0026653078822559406,-0.005760268189772266,0.024501857852208264,5,5,6,4,4,3,4,3,4,5,False,False,1
2024-06-28,VWO,emerging_markets,VT,0.009158978535410256,0.02283572455645455,-0.013676746021044295,0.38095238095238093,-0.0006287147302997742,0.051680280501468,0.024501857852208264,0.027178422649259737,0.47619047619047616,0.000423652471166597,0.07927738426445896,0.10304034881355073,-0.02376296454909177,0.4444444444444444,-0.0001635811185953936,0.11807701508299462,0.2014740286978307,-0.08339701361483609,0.46825396825396826,-0.00027479096007771315,-0.11420420668966924,0.1550346795698856,-0.26923888625955483,0.4642857142857143,-0.00034431118256686725,0.10792951245962934,0.17465004384632876,-0.06672053138669942,0.005916431541143963,0.029378267266538804,-0.023461835725394842,0.3333333333333333,-0.00501438296905346,-0.11660462227480473,-0.11179910915350266,-0.0026653078822559406,0.051680280501468,0.024501857852208264,4,2,3,5,5,4,5,7,5,2,False,False,1
2024-06-28,VGK,europe,VT,-0.011242667226129432,0.02283572455645455,-0.03407839178258398,0.47619047619047616,-0.00158252168944921,0.006670561786663143,0.024501857852208264,-0.01783129606554512,0.47619047619047616,-0.000266912188552174,0.05095540299273349,0.10304034881355073,-0.05208494582081724,0.49206349206349204,-0.0003748507679010212,0.13343634163603402,0.2014740286978307,-0.06803768706179669,0.49206349206349204,-0.0002213681346145651,0.08340700445395677,0.1550346795698856,-0.07162767511592882,0.5079365079365079,-6.84775550204243e-05,0.14632408182124856,0.17465004384632876,-0.028325962025080198,0.014920285934425515,0.029378267266538804,-0.01445798133211329,0.4166666666666667,-0.004815626995190105,-0.12737636506454297,-0.11179910915350266,-0.0026653078822559406,0.006670561786663143,0.024501857852208264,6,4,5,2,2,2,2,3,3,4,False,False,1
2024-06-28,EWJ,japan,VT,0.018891785484429047,0.02283572455645455,-0.003943939072025504,0.47619047619047616,-0.0001586962538535313,-0.03651524277732732,0.024501857852208264,-0.06101710062953558,0.4603174603174603,-0.0009523120138546636,0.07987168894878227,0.10304034881355073,-0.02316865986476846,0.5079365079365079,-0.0001505662021197743,0.12761469590110996,0.2014740286978307,-0.07385933279672074,0.4722222222222222,-0.00023623480474597232,0.05180016415931887,0.1550346795698856,-0.10323451541056672,0.48148148148148145,-0.00012264917740691523,0.10670702420570488,0.17465004384632876,-0.06794301964062388,0.01197020548403982,0.029378267266538804,-0.017408061782498985,0.4166666666666667,-0.0041655048382926345,-0.10125389692326103,-0.11179910915350266,-0.0026653078822559406,-0.03651524277732732,0.024501857852208264,3,7,2,3,3,5,3,3,7,7,False,False,-5
2024-06-28,EWY,south_korea,VT,0.04655575954158153,0.02283572455645455,0.02372003498512698,0.47619047619047616,0.0011342696653949243,-0.01519899244272549,0.024501857852208264,-0.039700850294933754,0.4444444444444444,-0.0005709508317146437,0.019121084374261743,0.10304034881355073,-0.08391926443928899,0.4603174603174603,-0.0005664307025551626,0.07166376249534046,0.2014740286978307,-0.12981026620249025,0.45634920634920634,-0.0003919065050242949,-0.2543931594911556,0.1550346795698856,-0.4094278390610412,0.46296296296296297,-0.0005231977240483849,0.023991080002041087,0.17465004384632876,-0.15065896384428767,-0.011378009650984011,0.029378267266538804,-0.040756276917522816,0.5,-0.007572888329541015,-0.19528720419419454,-0.11179910915350266,-0.0026653078822559406,-0.01519899244272549,0.024501857852208264,1,6,7,6,6,6,6,2,2,6,False,False,1
2024-06-28,MCHI,china,VT,-0.04822333650426991,0.02283572455645455,-0.07105906106072446,0.5238095238095238,-0.003392309580764699,0.06604758349845974,0.024501857852208264,0.041545725646251475,0.5714285714285714,0.0006970614041453333,0.07144098607425242,0.10304034881355073,-0.03159936273929831,0.5,-0.00014158552339412308,-0.03518716874140748,0.2014740286978307,-0.2366611974392382,0.4722222222222222,-0.0007816143329404685,-0.45751703073416083,0.1550346795698856,-0.6125517103040464,0.45105820105820105,-0.0008513507104934642,0.013696666731649598,0.17465004384632876,-0.16095337711467916,-0.04112926454036969,0.029378267266538804,-0.0705075318069085,0.4166666666666667,-0.014989726972750389,-0.2601150362197804,-0.11179910915350266,-0.0026653078822559406,0.06604758349845974,0.024501857852208264,7,1,4,7,7,7,7,3,1,1,True,False,3
2024-07-31,VTI,us,VT,0.01686261040647663,0.018443127418722005,-0.0015805170122453749,0.47619047619047616,-6.93859861149237e-05,0.1002642715805484,0.08362039552653733,0.016643876054011075,0.5555555555555556,0.0002436464626918684,0.12508407267700083,0.11278342606765501,0.012300646609345822,0.5396825396825397,9.119726201727085e-05,0.21167592900166987,0.16618594503761908,0.045489983964050795,0.5317460317460317,0.00015458468897802273,0.2566608005504132,0.17395218615852648,0.0827086143918867,0.5171957671957672,9.976433244677276e-05,0.19158273359792366,0.14506732250563292,0.04651541109229074,0.05114215771013342,0.037424605687989665,0.013717552022143753,0.75,0.003214115638783053,-0.10722830524535731,-0.11179910915350266,-0.020383721600496063,0.1002642715805484,0.08362039552653733,4,1,2,1,1,1,1,1,6,1,False,False,1
2024-07-31,VEA,developed_ex_us,VT,0.02931684382313615,0.018443127418722005,0.010873716404414147,0.47619047619047616,0.0005067040196236261,0.0603573591071942,0.08362039552653733,-0.02326303641934313,0.4603174603174603,-0.0003360814657538724,0.08463546740106787,0.11278342606765501,-0.028147958666587147,0.46825396825396826,-0.0001993712928568448,0.1068332732944326,0.16618594503761908,-0.05935267174318648,0.4603174603174603,-0.0002021660165012687,0.08392376317097505,0.17395218615852648,-0.09002842298755143,0.49074074074074076,-0.0001044115596155745,0.07530861846521542,0.14506732250563292,-0.06975870404041751,0.026033696193992206,0.037424605687989665,-0.011390909493997459,0.5,-0.004279420790407042,-0.12106125854584537,-0.11179910915350266,-0.020383721600496063,0.0603573591071942,0.08362039552653733,2,3,6,4,4,4,3,2,4,3,False,False,3
2024-07-31,VWO,emerging_markets,VT,0.009804087003388195,0.018443127418722005,-0.00863904041533381,0.3333333333333333,-0.00040059892829016766,0.05432160904165051,0.08362039552653733,-0.02929878648488682,0.36507936507936506,-0.0004259385776777051,0.11842920141591051,0.11278342606765501,0.0056457753482554995,0.4365079365079365,4.744221668885452e-05,0.06409458394823875,0.16618594503761908,-0.10209136108938033,0.4603174603174603,-0.0003552690944305954,-0.04613164323308672,0.17395218615852648,-0.2200838293916132,0.46296296296296297,-0.0002691870172088175,0.05376339593352064,0.14506732250563292,-0.09130392657211228,-0.01988795474659033,0.037424605687989665,-0.057312560434579995,0.25,-0.007372160259810995,-0.11660462227480473,-0.11179910915350266,-0.020383721600496063,0.05432160904165051,0.08362039552653733,5,6,3,5,5,5,6,7,5,6,False,False,-3
2024-07-31,VGK,europe,VT,0.01920509302530382,0.018443127418722005,0.0007619656065818159,0.5714285714285714,3.92575342515863e-05,0.05920467340604496,0.08362039552653733,-0.024415722120492367,0.5079365079365079,-0.0003485269824149305,0.08914270584407102,0.11278342606765501,-0.02364072022358399,0.5158730158730159,-0.000162879171074697,0.11361908221943695,0.16618594503761908,-0.052566862818182125,0.503968253968254,-0.0001746768955676625,0.11131700870854311,0.17395218615852648,-0.06263517744998337,0.5092592592592593,-5.6671768632614845e-05,0.0926349268074047,0.14506732250563292,-0.05243239569822822,0.02645663019365574,0.037424605687989665,-0.010967975494333926,0.5,-0.003705418956772011,-0.12737636506454297,-0.11179910915350266,-0.020383721600496063,0.05920467340604496,0.08362039552653733,3,4,5,3,2,2,2,2,3,4,False,False,1
2024-07-31,EWJ,japan,VT,0.04690952795889536,0.018443127418722005,0.028466400540173353,0.6190476190476191,0.0013486323882129332,0.06280403842520421,0.08362039552653733,-0.020816357101333116,0.49206349206349204,-0.0002773953695152204,0.08440502875764211,0.11278342606765501,-0.028378397310012904,0.5158730158730159,-0.00018475561314639286,0.14313961947004983,0.16618594503761908,-0.023046325567569248,0.503968253968254,-6.1588127536547e-05,0.10681987425870121,0.17395218615852648,-0.06713231189982527,0.48544973544973546,-7.619342615180018e-05,0.09191824980212848,0.14506732250563292,-0.05314907270350444,0.023943590993362518,0.037424605687989665,-0.013481014694627147,0.5,-0.0014965180518509147,-0.10125389692326103,-0.11179910915350266,-0.020383721600496063,0.06280403842520421,0.08362039552653733,1,2,7,2,3,3,4,2,7,2,False,False,5
2024-07-31,EWY,south_korea,VT,0.006503381097395566,0.018443127418722005,-0.011939746321326439,0.38095238095238093,-0.0005021143007657225,0.05551151252344422,0.08362039552653733,-0.02810888300309311,0.42857142857142855,-0.00037034260353100795,0.1108329655884075,0.11278342606765501,-0.0019504604792475178,0.4523809523809524,4.13445736071411e-05,0.010609530862981664,0.16618594503761908,-0.1555764141746374,0.4444444444444444,-0.0005072213671344198,-0.2154026541301718,0.17395218615852648,-0.38935484028869827,0.46164021164021163,-0.00047624478537512823,0.004079618452060396,0.14506732250563292,-0.14098770405357253,0.0019537823968185375,0.037424605687989665,-0.03547082329117113,0.4166666666666667,-0.010942758123509736,-0.19528720419419454,-0.11179910915350266,-0.020383721600496063,0.05551151252344422,0.08362039552653733,6,5,4,6,6,6,5,5,2,5,False,False,-1
2024-07-31,MCHI,china,VT,-0.020292645280067356,0.018443127418722005,-0.03873577269878936,0.47619047619047616,-0.0017967805716708539,-0.004030798931121016,0.08362039552653733,-0.08765119445765834,0.47619047619047616,-0.0012735763091775833,0.1338017468118058,0.11278342606765501,0.021018320744150776,0.5396825396825397,0.00022126941337251977,-0.14200080930795078,0.16618594503761908,-0.30818675434556986,0.4722222222222222,-0.0011377270020396164,-0.38395737858851,0.17395218615852648,-0.5579095647470365,0.4576719576719577,-0.0007112637252051437,-0.12422910111017371,0.14506732250563292,-0.26929642361580663,-0.16753898049518234,0.037424605687989665,-0.204963586183172,0.3333333333333333,-0.023963080886896155,-0.25848006345503405,-0.11179910915350266,-0.020383721600496063,-0.004030798931121016,0.08362039552653733,7,7,1,7,7,7,7,6,1,7,False,False,-6
2024-08-30,VTI,us,VT,0.03756989186902793,0.042206071229115016,-0.004636179360087089,0.42857142857142855,-0.00020162189236304164,0.07267444645285104,0.060145723170336174,0.012528723282514864,0.5238095238095238,0.0001911105761988528,0.09983954299591669,0.09349574266269167,0.006343800333225014,0.5317460317460317,4.956864834367488e-05,0.2605227004519104,0.2251859760340278,0.0353367244178826,0.5238095238095238,0.00011625011516493828,0.2520685114509722,0.1789690031629554,0.07309950828801681,0.5171957671957672,8.949939579914046e-05,0.21487979781416588,0.1755697935909326,0.039310004223233275,0.07851813745023017,0.06278712312499413,0.015731014325236048,0.6666666666666666,0.0022676530940273867,-0.10722830524535731,-0.11179910915350266,0.0,0.07267444645285104,0.060145723170336174,4,1,2,1,1,1,2,1,6,1,False,False,1
2024-08-30,VEA,developed_ex_us,VT,0.056037206972531006,0.042206071229115016,0.01383113574341599,0.7619047619047619,0.0006213662848917757,0.042561362534293545,0.060145723170336174,-0.01758436063604263,0.5396825396825397,-0.0002595605945620521,0.0810029305608364,0.09349574266269167,-0.012492812101855266,0.5079365079365079,-8.666171845475888e-05,0.18193994105755018,0.2251859760340278,-0.04324603497647761,0.49603174603174605,-0.00013797286547693734,0.09970293841481537,0.1789690031629554,-0.07926606474814002,0.49867724867724866,-9.103130802733521e-05,0.11922187329550593,0.1755697935909326,-0.05634792029542668,0.052927535404534654,0.06278712312499413,-0.009859587720459473,0.5833333333333334,-0.0028653207573230977,-0.12106125854584537,-0.11179910915350266,0.0,0.042561362534293545,0.060145723170336174,3,4,3,4,4,4,3,2,4,4,False,False,-1
2024-08-30,VWO,emerging_markets,VT,0.026629868027000514,0.042206071229115016,-0.015576203202114502,0.2857142857142857,-0.0007208376042743376,0.0420700964084777,0.060145723170336174,-0.018075626761858476,0.36507936507936506,-0.00026902519403696146,0.0809322549599909,0.09349574266269167,-0.01256348770270077,0.4126984126984127,-8.789954853977244e-05,0.12812073161126603,0.2251859760340278,-0.09706524442276177,0.4444444444444444,-0.0003206462322135313,-0.040053373244621215,0.1789690031629554,-0.2190223764075766,0.46164021164021163,-0.0002673400603731287,0.09885828061803115,0.1755697935909326,-0.07671151297290146,-0.0047992655973836396,0.06278712312499413,-0.06758638872237777,0.25,-0.005861994630692933,-0.11660462227480473,-0.11179910915350266,0.0,0.0420700964084777,0.060145723170336174,5,5,4,5,5,5,5,7,5,5,False,False,-1
2024-08-30,VGK,europe,VT,0.058024921445277045,0.042206071229115016,0.015818850216162028,0.7142857142857143,0.00069577827474379,0.0309624424285726,0.060145723170336174,-0.029183280741763573,0.5714285714285714,-0.0004385308490002039,0.10098638077795119,0.09349574266269167,0.007490638115259518,0.5634920634920635,5.837830968919054e-05,0.19171314052130017,0.2251859760340278,-0.03347283551272762,0.5238095238095238,-0.00010383189858596225,0.12441354139903837,0.1789690031629554,-0.05455546176391701,0.5132275132275133,-4.745656372942009e-05,0.12635639895268547,0.1755697935909326,-0.04921339463824714,0.048173413865746584,0.06278712312499413,-0.014613709259247543,0.5833333333333334,-0.0016341487882043,-0.12737636506454297,-0.11179910915350266,0.0,0.0309624424285726,0.060145723170336174,2,6,1,3,2,3,4,2,3,6,False,False,-5
2024-08-30,EWJ,japan,VT,0.06543293682125007,0.042206071229115016,0.02322686559213505,0.6190476190476191,0.0011173103475592523,0.051213873052496695,0.060145723170336174,-0.00893185011783948,0.5396825396825397,-7.615632810320869e-05,0.03088614018128677,0.09349574266269167,-0.0626096024814049,0.5158730158730159,-0.00042751903403294894,0.2054345288875663,0.2251859760340278,-0.019751447146461487,0.5158730158730159,-3.8183140390430154e-05,0.11401337706175041,0.1789690031629554,-0.06495562610120498,0.49074074074074076,-7.034347841692797e-05,0.13140347667870578,0.1755697935909326,-0.04416631691222683,0.10081900171870894,0.06278712312499413,0.03803187859371482,0.4166666666666667,-0.002280473346508207,-0.10125389692326103,-0.11179910915350266,0.0,0.051213873052496695,0.060145723170336174,1,3,6,2,3,2,1,4,7,3,False,False,3
2024-08-30,EWY,south_korea,VT,0.0027557483058351373,0.042206071229115016,-0.03945032292327988,0.42857142857142855,-0.0017207711284678916,0.053393495319736584,0.060145723170336174,-0.00675222785059959,0.42857142857142855,-2.9024450649930142e-05,0.008778757090669442,0.09349574266269167,-0.08471698557202223,0.4365079365079365,-0.0005753521802244032,0.06783432403253675,0.2251859760340278,-0.15735165200149104,0.4444444444444444,-0.0004774362502842862,-0.18939599198186807,0.1789690031629554,-0.36836499514482346,0.4642857142857143,-0.0004373130819976001,0.06489972841008629,0.1755697935909326,-0.11067006518084632,-0.030471732030590726,0.06278712312499413,-0.09325885515558485,0.4166666666666667,-0.01006708850723225,-0.19528720419419454,-0.11179910915350266,0.0,0.053393495319736584,0.060145723170336174,7,2,7,6,6,6,6,4,2,2,True,False,5
2024-08-30,MCHI,china,VT,0.021240316088875222,0.042206071229115016,-0.020965755140239795,0.47619047619047616,-0.0009478529856282302,-0.041246441177783866,0.060145723170336174,-0.10139216434812004,0.5079365079365079,-0.0015635263033517911,0.06012065292448443,0.09349574266269167,-0.03337508973820724,0.5396825396825397,-0.00019475694541266754,-0.05119268081262163,0.2251859760340278,-0.2763786568466494,0.48412698412698413,-0.0009418243314199315,-0.352365524400335,0.1789690031629554,-0.5313345275632904,0.46296296296296297,-0.0006539107852818492,-0.07092649571346665,0.1755697935909326,-0.24649628930439926,-0.17478481585114958,0.06278712312499413,-0.2375719389761437,0.3333333333333333,-0.019271613781450776,-0.25848006345503405,-0.11179910915350266,0.0,-0.041246441177783866,0.060145723170336174,6,7,5,7,7,7,7,6,1,7,False,False,-2
2024-09-30,VTI,us,VT,0.0301523017548484,0.02940934340376944,0.0007429583510789595,0.5714285714285714,3.320516482231364e-05,0.059629064104006035,0.06509824002160758,-0.005469175917601543,0.49206349206349204,-7.799715446262595e-05,0.09757763288747845,0.09552361233487194,0.002054020552606506,0.5158730158730159,1.7787108412170924e-05,0.34849562492581154,0.307435477111321,0.04106014781449052,0.5357142857142857,0.00012578320540727642,0.29342847259811733,0.2170856306965232,0.07634284190159413,0.5185185185185185,9.034122144226337e-05,0.30902549324859074,0.2700831651559046,0.03894232809268616,0.1907421884598346,0.15959374595817288,0.03114844250166171,0.6666666666666666,0.00260808037685605,-0.10722830524535731,-0.11179910915350266,-0.0021675541641433815,0.059629064104006035,0.06509824002160758,3,5,3,1,1,1,1,1,6,5,False,False,-2
2024-09-30,VEA,developed_ex_us,VT,0.014075984675555375,0.02940934340376944,-0.015333358728214064,0.38095238095238093,-0.0007028000426874602,0.07066442182384058,0.06509824002160758,0.005566181802233006,0.5396825396825397,8.78298462880595e-05,0.06962241026439542,0.09552361233487194,-0.025901202070476526,0.5,-0.00018330606104047375,0.24177746283386026,0.307435477111321,-0.06565801427746076,0.49206349206349204,-0.00019901097110622135,0.11839443893138579,0.2170856306965232,-0.09869119176513741,0.4947089947089947,-0.00011065711822229825,0.2245408446696977,0.2700831651559046,-0.04554232048620688,0.12445828600140851,0.15959374595817288,-0.03513545995676437,0.5,-0.004185986377500135,-0.12106125854584537,-0.11179910915350266,-0.0021675541641433815,0.07066442182384058,0.06509824002160758,4,3,5,4,3,3,4,3,4,3,False,False,2
2024-09-30,VWO,emerging_markets,VT,0.07604255013153538,0.02940934340376944,0.04663320672776594,0.5238095238095238,0.0021546378916987904,0.09419748424715313,0.06509824002160758,0.02909924422554555,0.3968253968253968,0.00044313855710261435,0.14870058977946643,0.09552361233487194,0.053176977444594486,0.4365079365079365,0.00038783238010447763,0.25757024194485956,0.307435477111321,-0.049865235166461463,0.4365079365079365,-0.00014415109018305126,0.03661787765620583,0.2170856306965232,-0.18046775304031737,0.46164021164021163,-0.00020729327031361797,0.16869936211271042,0.2700831651559046,-0.10138380304319417,0.06976149727961833,0.15959374595817288,-0.08983224867855455,0.25,-0.0032432006650735625,-0.11660462227480473,-0.11179910915350266,-0.0021675541641433815,0.09419748424715313,0.06509824002160758,2,2,2,3,5,5,6,7,5,2,False,False,0
2024-09-30,VGK,europe,VT,0.007087226034418581,0.02940934340376944,-0.022322117369350858,0.38095238095238093,-0.001036187643664379,0.0610623734742588,0.06509824002160758,-0.0040358665473487765,0.5555555555555556,-6.243975416072384e-05,0.07645745605601961,0.09552361233487194,-0.01906615627885233,0.5158730158730159,-0.00013438697018590471,0.26686571406717174,0.307435477111321,-0.040569763044149276,0.5158730158730159,-0.00011871663038715713,0.16117227633459663,0.2170856306965232,-0.05591335436192657,0.5132275132275133,-4.712602266494362e-05,0.2579503356980073,0.2700831651559046,-0.012132829457897287,0.13557366950098992,0.15959374595817288,-0.02402007645718296,0.5833333333333334,-0.0028244041419167123,-0.12737636506454297,-0.11179910915350266,-0.0021675541641433815,0.0610623734742588,0.06509824002160758,5,4,4,2,2,2,3,2,3,4,False,False,0
2024-09-30,EWJ,japan,VT,0.0,0.02940934340376944,-0.02940934340376944,0.5238095238095238,-0.0013045333802173516,0.055317929148763545,0.06509824002160758,-0.009780310872844034,0.5873015873015873,-7.01092785040257e-05,0.025455875136145334,0.09552361233487194,-0.07006773719872661,0.5238095238095238,-0.00047592705486648913,0.1950972277052938,0.307435477111321,-0.11233824940602721,0.5,-0.0003248438542687987,0.03917707154390393,0.2170856306965232,-0.17790855915261927,0.48544973544973546,-0.00020309499804431805,0.1950972277052938,0.2700831651559046,-0.07498593745061077,0.1461943157638137,0.15959374595817288,-0.013399430194359185,0.3333333333333333,-0.006355722533620295,-0.09984303888632218,-0.11179910915350266,-0.0021675541641433815,0.055317929148763545,0.06509824002160758,6,6,6,6,4,4,2,5,7,6,False,False,0
2024-09-30,EWY,south_korea,VT,-0.022167924848440324,0.02940934340376944,-0.05157726825220976,0.38095238095238093,-0.0022573151065672266,-0.032667905308132905,0.06509824002160758,-0.09776614532974048,0.3968253968253968,-0.001405543195693468,-0.03963961025157492,0.09552361233487194,-0.13516322258644686,0.42063492063492064,-0.0009557296566378354,0.10729355070660129,0.307435477111321,-0.20014192640471973,0.4365079365079365,-0.0005794775271833382,-0.1827056819007602,0.2170856306965232,-0.3997913125972834,0.4603174603174603,-0.0004651734301446278,0.13239642965789988,0.2700831651559046,-0.1376867354980047,0.10989048369700494,0.15959374595817288,-0.049703262261167946,0.4166666666666667,-0.012586668464510195,-0.19528720419419454,-0.11179910915350266,-0.0021675541641433815,-0.032667905308132905,0.06509824002160758,7,7,7,7,6,6,5,4,2,7,False,False,0
2024-09-30,MCHI,china,VT,0.2258610120460387,0.02940934340376944,0.19645166864226926,0.5714285714285714,0.008695324511385412,0.20127410023007397,0.06509824002160758,0.1361758602084664,0.5238095238095238,0.002057880390055729,0.26627557532128576,0.09552361233487194,0.17075196298641382,0.5476190476190477,0.001255747913281528,0.21954473251871165,0.307435477111321,-0.08789074459260937,0.5,-0.00017773367213793837,-0.19509802371391505,0.2170856306965232,-0.41218365441043825,0.4669312169312169,-0.0004013075336615818,-0.005152525013243592,0.2700831651559046,-0.2752356901691482,-0.07005691849718898,0.15959374595817288,-0.22965066445536186,0.3333333333333333,-0.003926006323401047,-0.25848006345503405,-0.11179910915350266,-0.0021675541641433815,0.20127410023007397,0.06509824002160758,1,1,1,5,7,7,7,5,1,1,True,False,0
2024-10-31,VTI,us,VT,0.001389612819142183,-0.017041661479542225,0.018431274298684408,0.7142857142857143,0.0008900347030171153,0.07225951203450909,0.06135485178276845,0.010904660251740639,0.5555555555555556,0.0001666875515203378,0.12905787207910202,0.09722254320873525,0.031835328870366775,0.5634920634920635,0.00023016028028033904,0.3787375361927712,0.32105917635610615,0.05767835983666503,0.5555555555555556,0.00017284006143150754,0.24322390132983607,0.16292489579251646,0.08029900553731961,0.5211640211640212,9.803854979997262e-05,0.37682428351868746,0.34396253084800654,0.03286175267068092,0.25593773279481646,0.2287225565226092,0.027215176272207264,0.6666666666666666,0.0035902204646487135,-0.09264536607510077,-0.09424054227532397,-0.029828634829230816,0.07225951203450909,0.06135485178276845,1,3,1,1,1,2,1,1,6,3,False,False,-2
2024-10-31,VEA,developed_ex_us,VT,-0.042979978108890204,-0.017041661479542225,-0.02593831662934798,0.2857142857142857,-0.001271346746589881,0.030726425241544897,0.06135485178276845,-0.030628426541223552,0.4603174603174603,-0.000461650414450981,0.0325033455955861,0.09722254320873525,-0.06471919761314915,0.4523809523809524,-0.0004757890108595803,0.223235237720407,0.32105917635610615,-0.09782393863569916,0.46825396825396826,-0.00030000373703468217,0.049687583247304046,0.16292489579251646,-0.11323731254521241,0.4880952380952381,-0.0001342289660251798,0.2781709992892787,0.34396253084800654,-0.06579153155872786,0.20450914113299534,0.2287225565226092,-0.024213415389613857,0.5,-0.006300031562920185,-0.10066904798568,-0.09424054227532397,-0.029828634829230816,0.030726425241544897,0.06135485178276845,3,5,5,4,3,5,5,3,5,5,False,False,0
2024-10-31,VWO,emerging_markets,VT,-0.05364753551630108,-0.017041661479542225,-0.036605874036758856,0.47619047619047616,-0.0017710828715731316,0.08395701487337348,0.06135485178276845,0.022602163090605032,0.4444444444444444,0.00036583776797281787,0.08411025282151341,0.09722254320873525,-0.013112290387221837,0.40476190476190477,-7.800652265026605e-05,0.2636086642744635,0.32105917635610615,-0.057450512081642646,0.4365079365079365,-0.00016257317973808515,-0.0036985413997590033,0.16292489579251646,-0.16662343719227546,0.46296296296296297,-0.0001983697452409605,0.33524105626316514,0.34396253084800654,-0.008721474584841404,0.1356581819168523,0.2287225565226092,-0.0930643746057569,0.25,-0.0033899706592722123,-0.08932878975009295,-0.09424054227532397,-0.029828634829230816,0.08395701487337348,0.06135485178276845,5,2,3,2,5,3,6,6,7,2,False,False,1
2024-10-31,VGK,europe,VT,-0.041518024612725246,-0.017041661479542225,-0.02447636313318302,0.3333333333333333,-0.0011945103619544245,0.012206529102167574,0.06135485178276845,-0.049148322680600876,0.4603174603174603,-0.0007517650305817791,0.032936287791118124,0.09722254320873525,-0.06428625541761712,0.48412698412698413,-0.00047265835792370536,0.23347967557881621,0.32105917635610615,-0.08757950077728993,0.49206349206349204,-0.00026616175525396495,0.06933679336684118,0.16292489579251646,-0.09358810242567528,0.5066137566137566,-9.573690286959448e-05,0.2869096208934223,0.34396253084800654,-0.05705290995458423,0.2107468525231826,0.2287225565226092,-0.017975703999426607,0.5833333333333334,-0.005517094539847352,-0.10942742811754802,-0.09424054227532397,-0.029828634829230816,0.012206529102167574,0.06135485178276845,2,6,4,3,2,4,4,2,3,6,False,False,-2
2024-10-31,EWJ,japan,VT,-0.04436353790997749,-0.017041661479542225,-0.027321876430435266,0.5714285714285714,-0.0013129873700741099,0.05290005116662422,0.06135485178276845,-0.008454800616144231,0.5873015873015873,-8.164098175584163e-05,0.0015095861356866358,0.09722254320873525,-0.09571295707304861,0.5317460317460317,-0.0006731385777545135,0.17936706921100787,0.32105917635610615,-0.14169210714509828,0.5158730158730159,-0.00041748943483735455,0.047954240606720155,0.16292489579251646,-0.1149706551857963,0.49603174603174605,-0.00013161150524887834,0.23411685928315884,0.34396253084800654,-0.1098456715648477,0.21078266508742294,0.2287225565226092,-0.01793989143518626,0.25,-0.009242424289532397,-0.1008344426259361,-0.09424054227532397,-0.029828634829230816,0.05290005116662422,0.06135485178276845,4,4,6,6,4,6,3,6,4,4,False,False,2
2024-10-31,EWY,south_korea,VT,-0.05504733191565303,-0.017041661479542225,-0.038005670436110806,0.3333333333333333,-0.0018545827718537068,-0.05727770645847852,0.06135485178276845,-0.11863255824124697,0.38095238095238093,-0.0017740301995373422,-0.07058643421507593,0.09722254320873525,-0.16780897742381118,0.3888888888888889,-0.001239789145345464,0.11871862973683744,0.32105917635610615,-0.2023405466192687,0.43253968253968256,-0.0005817299134488888,-0.2164255544887127,0.16292489579251646,-0.37935045028122916,0.45634920634920634,-0.00046172273365505687,0.18388853486678558,0.34396253084800654,-0.16007399598122096,0.241775784813558,0.2287225565226092,0.013053228290948793,0.4166666666666667,-0.012818250851601348,-0.16554676068995466,-0.09424054227532397,-0.029828634829230816,-0.05727770645847852,0.06135485178276845,6,7,7,7,6,7,2,4,2,7,False,False,0
2024-10-31,MCHI,china,VT,-0.12800998169159106,-0.017041661479542225,-0.11096832021204883,0.47619047619047616,-0.005153446086935338,0.20651639064318061,0.06135485178276845,0.14516153886041216,0.5238095238095238,0.0023993161264209482,0.11232218645886283,0.09722254320873525,0.015099643250127581,0.5,0.00031048564098779956,0.21222968135565323,0.32105917635610615,-0.10882949500045291,0.5,-0.00019057327459181785,-0.2528655086171594,0.16292489579251646,-0.41579040440967585,0.46825396825396826,-0.0004227355615961083,0.39018756626054274,0.34396253084800654,0.0462250354125362,-0.010414013249991583,0.2287225565226092,-0.23913656977260078,0.3333333333333333,-0.004417315002429589,-0.2378184577396394,-0.09424054227532397,-0.029828634829230816,0.20651639064318061,0.06135485178276845,7,1,2,5,7,1,7,5,1,1,False,False,1
2024-11-29,VTI,us,VT,0.047106982127749886,0.026344652517370726,0.02076232961037916,0.6190476190476191,0.0009723499336708489,0.08048363966346694,0.041089747080991446,0.0393938925824755,0.6190476190476191,0.0005960684039384293,0.15900719007737107,0.1037068428043999,0.05530034727297117,0.5714285714285714,0.00039358949006864107,0.3500750955186922,0.26579491611317607,0.08428017940551613,0.5634920634920635,0.0002602617508344204,0.3299529179140075,0.23868022165680203,0.09127269625720547,0.5198412698412699,0.00010428087195539437,0.2893382610965911,0.23330395204816723,0.05603430904842388,0.10917049630417774,0.0943724308470344,0.01479806545714335,0.6666666666666666,0.005327046195367548,-0.09264536607510077,-0.08897614202517334,0.0,0.08048363966346694,0.041089747080991446,1,2,1,1,1,1,1,1,5,2,False,False,-1
2024-11-29,VEA,developed_ex_us,VT,-0.0031706354374329004,0.026344652517370726,-0.029515287954803626,0.47619047619047616,-0.0013813447693727626,-0.03725587268620967,0.041089747080991446,-0.07834561976720111,0.36507936507936506,-0.0012327899918591957,0.003719829144154696,0.1037068428043999,-0.0999870136602452,0.4523809523809524,-0.0007461752932106239,0.12822393253984354,0.26579491611317607,-0.13757098357333253,0.4642857142857143,-0.0004510333097521289,0.1078909081256858,0.23868022165680203,-0.13078931353111622,0.4894179894179894,-0.000146216405452639,0.1318124973524788,0.23330395204816723,-0.10149145469568843,0.07262748308012834,0.0943724308470344,-0.021744947766906053,0.5,-0.009140078768877938,-0.08793346642682742,-0.08897614202517334,0.0,-0.03725587268620967,0.041089747080991446,3,5,5,5,3,4,4,2,6,5,False,False,0
2024-11-29,VWO,emerging_markets,VT,-0.023569716822282594,0.026344652517370726,-0.04991436933965332,0.38095238095238093,-0.0023518490058219393,0.02202041870185978,0.041089747080991446,-0.019069328379131667,0.47619047619047616,-0.0002535405939420438,0.06501691624807981,0.1037068428043999,-0.03868992655632009,0.42063492063492064,-0.0002612828939895026,0.1580315903529963,0.26579491611317607,-0.10776332576017977,0.42857142857142855,-0.00033756318322014113,0.019836315428549245,0.23868022165680203,-0.21884390622825278,0.4603174603174603,-0.0002508764994449239,0.1859849190505145,0.23330395204816723,-0.04731903299765272,0.06562987956923405,0.0943724308470344,-0.028742551277800343,0.25,-0.006955407628274485,-0.08093863843260651,-0.08897614202517334,0.0,0.02202041870185978,0.041089747080991446,4,3,3,2,5,3,5,6,7,3,False,False,0
2024-11-29,VGK,europe,VT,-0.024245964249739904,0.026344652517370726,-0.05059061676711063,0.38095238095238093,-0.0023881186159194134,-0.0672599925729035,0.041089747080991446,-0.10834973965389494,0.3492063492063492,-0.0017309921217405048,-0.03838008379211577,0.1037068428043999,-0.14208692659651567,0.4603174603174603,-0.0010847614853703544,0.10154178731879804,0.26579491611317607,-0.16425312879437803,0.4880952380952381,-0.0005444760940437896,0.11240782637368252,0.23868022165680203,-0.1262723952831195,0.5066137566137566,-0.00012657350591466148,0.1289133807904974,0.23330395204816723,-0.10439057125766982,0.07482484865767636,0.0943724308470344,-0.019547582189358037,0.5,-0.010811804319147309,-0.09841681891951293,-0.08897614202517334,0.0,-0.0672599925729035,0.041089747080991446,5,6,6,6,2,5,3,2,4,6,False,True,0
2024-11-29,EWJ,japan,VT,0.01856179160335958,0.026344652517370726,-0.007782860914011147,0.42857142857142855,-0.00034504214416743374,-0.03167994692801146,0.041089747080991446,-0.0727696940090029,0.5079365079365079,-0.0011077932286984939,0.017911473344204065,0.1037068428043999,-0.08579536946019584,0.5238095238095238,-0.0005919747784008513,0.13922786683038302,0.26579491611317607,-0.12656704928279305,0.5198412698412699,-0.00038504915119730353,0.09757014416195497,0.23868022165680203,-0.14111007749484705,0.4947089947089947,-0.00015381936896895128,0.1184671133570383,0.23330395204816723,-0.11483683869112893,0.08899944047162878,0.0943724308470344,-0.005372990375405617,0.25,-0.008497609382926949,-0.12211404974654638,-0.08897614202517334,0.0,-0.03167994692801146,0.041089747080991446,2,4,4,4,4,6,2,6,3,4,False,False,0
2024-11-29,EWY,south_korea,VT,-0.05542763052021016,0.026344652517370726,-0.08177228303758088,0.3333333333333333,-0.003859928657857072,-0.12320619891414386,0.041089747080991446,-0.1642959459951353,0.3492063492063492,-0.002623301786605393,-0.0763911131994921,0.1037068428043999,-0.180097956003892,0.3888888888888889,-0.0013261631186276617,-0.07022932508775859,0.26579491611317607,-0.33602424120093466,0.42063492063492064,-0.0011514606763674943,-0.1960165779772095,0.23868022165680203,-0.43469679963401153,0.45634920634920634,-0.0005105373827449903,-0.015670259945990472,0.23330395204816723,-0.2489742119941577,0.02140404986008848,0.0943724308470344,-0.07296838098694591,0.3333333333333333,-0.02381245150406767,-0.13805097918394393,-0.08897614202517334,0.0,-0.12320619891414386,0.041089747080991446,7,7,7,7,6,7,6,4,2,7,False,False,0
2024-11-29,MCHI,china,VT,-0.04326722779336312,0.026344652517370726,-0.06961188031073384,0.42857142857142855,-0.003129755794581439,0.13124545796829312,0.041089747080991446,0.09015571088730168,0.5079365079365079,0.0017467029493497825,0.0845856087285688,0.1037068428043999,-0.019121234075831106,0.5079365079365079,9.158832299899575e-05,0.1479763934813152,0.26579491611317607,-0.11781852263186088,0.5,-0.0002254587796865585,-0.23405485197614972,0.23868022165680203,-0.47273507363295175,0.46825396825396826,-0.000469877442227825,0.19989241178975026,0.23330395204816723,-0.03341154025841697,0.018592108405748764,0.0943724308470344,-0.07578032244128563,0.3333333333333333,-0.005570851988970171,-0.19529980739195063,-0.08897614202517334,0.0,0.13124545796829312,0.041089747080991446,6,1,2,3,7,2,7,4,1,1,False,False,1
2024-12-31,VTI,us,VT,-0.030404585598722944,-0.029363979035286425,-0.0010406065634365191,0.47619047619047616,-4.250247401935269e-05,0.03622088469568929,-0.004881769580661777,0.04110265427635107,0.6031746031746031,0.0006521936298351956,0.08175003273954418,0.04824309773017199,0.033506935009372185,0.5396825396825397,0.00025657887409033037,0.23810240083118583,0.16493128035130145,0.07317112047988439,0.5595238095238095,0.00024688991771157354,0.2506261447806719,0.16188050783321195,0.08874563694745996,0.5158730158730159,0.0001072674018719491,0.2769268319979743,0.20017313925098135,0.07675369274699295,0.10174194166365047,0.0874021005446255,0.014339841119024976,0.5833333333333334,0.005129640515919094,-0.08570411828447222,-0.0812792830875041,-0.038276039897332303,0.03622088469568929,-0.004881769580661777,5,1,2,1,1,1,1,1,4,1,False,False,1
2024-12-31,VEA,developed_ex_us,VT,-0.03505979990614305,-0.029363979035286425,-0.005695820870856627,0.42857142857142855,-0.00028942941926790057,-0.07443745717572015,-0.004881769580661777,-0.06955568759505837,0.38095238095238093,-0.001148518904661711,-0.018159889587452405,0.04824309773017199,-0.0664029873176244,0.4603174603174603,-0.0005159151239816979,0.031496516396489316,0.16493128035130145,-0.13343476395481213,0.4603174603174603,-0.0004784949887981835,0.02683163065779315,0.16188050783321195,-0.1350488771754188,0.4880952380952381,-0.0001618883509823914,0.06897455023239663,0.20017313925098135,-0.13119858901858472,0.06501288426660157,0.0874021005446255,-0.022389216278023927,0.4166666666666667,-0.009970685676477584,-0.07572823530365913,-0.0812792830875041,-0.038276039897332303,-0.07443745717572015,-0.004881769580661777,6,4,5,5,3,5,5,3,6,4,False,False,1
2024-12-31,VWO,emerging_markets,VT,-0.010242544001190734,-0.029363979035286425,0.01912143503409569,0.5714285714285714,0.0009388972405215993,-0.06444198703898452,-0.004881769580661777,-0.05956021745832274,0.47619047619047616,-0.0009519006043717998,0.027637927104476878,0.04824309773017199,-0.020605170625695113,0.4444444444444444,-0.00013593742834777303,0.10592322602410054,0.16493128035130145,-0.05900805432720091,0.44047619047619047,-0.0001909214931733747,-0.003107099109171063,0.16188050783321195,-0.164987606942383,0.4656084656084656,-0.00019544423833852653,0.11736791606996588,0.20017313925098135,-0.08280522318101546,0.04915508760772758,0.0874021005446255,-0.03824701293689792,0.3333333333333333,-0.0038680087379201664,-0.08093863843260651,-0.0812792830875041,-0.038276039897332303,-0.06444198703898452,-0.004881769580661777,2,3,3,3,5,3,6,5,5,3,False,False,0
2024-12-31,VGK,europe,VT,-0.027430951261596337,-0.029363979035286425,0.001933027773690088,0.42857142857142855,8.451247492976702e-05,-0.0870495455425555,-0.004881769580661777,-0.08216777596189373,0.36507936507936506,-0.0013615752884811546,-0.039491827904372334,0.04824309773017199,-0.08773492563454433,0.4603174603174603,-0.000691234643318937,0.018745813925622024,0.16493128035130145,-0.14618546642567942,0.47619047619047616,-0.0005263852020298646,0.026339712068881527,0.16188050783321195,-0.13554079576433042,0.503968253968254,-0.0001484281845686945,0.04747916381579054,0.20017313925098135,-0.1526939754351908,0.0892860538355833,0.0874021005446255,0.0018839532909578072,0.5,-0.0108381128444383,-0.06533031431579994,-0.0812792830875041,-0.038276039897332303,-0.0870495455425555,-0.004881769580661777,4,5,6,6,4,6,2,2,7,5,False,False,1
2024-12-31,EWJ,japan,VT,-0.02212464752514387,-0.029363979035286425,0.007239331510142555,0.5238095238095238,0.0003657389110616564,-0.04874180307686493,-0.004881769580661777,-0.043860033496203155,0.49206349206349204,-0.0006942168917537199,-0.010337952313514864,0.04824309773017199,-0.058581050043686855,0.5396825396825397,-0.0004086537285187299,0.07034738217285708,0.16493128035130145,-0.09458389817844437,0.5198412698412699,-0.00030273181904971833,0.05213096898145131,0.16188050783321195,-0.10974953885176064,0.4947089947089947,-0.0001242828746611778,0.09456422995422464,0.20017313925098135,-0.1056089092967567,0.0753039518831522,0.0874021005446255,-0.012098148661473296,0.3333333333333333,-0.006864504485957139,-0.12211404974654638,-0.0812792830875041,-0.038276039897332303,-0.04874180307686493,-0.004881769580661777,3,2,4,4,2,4,4,5,3,2,False,False,2
2024-12-31,EWY,south_korea,VT,-0.0926886843459267,-0.029363979035286425,-0.06332470531064027,0.42857142857142855,-0.003157139948482075,-0.17916051703463798,-0.004881769580661777,-0.1742787474539762,0.36507936507936506,-0.0029986823560933093,-0.212411042447065,0.04824309773017199,-0.260654140177237,0.38095238095238093,-0.002178788630042296,-0.20483916459295437,0.16493128035130145,-0.3697704449442558,0.4166666666666667,-0.001440194153723073,-0.31334977685570364,0.16188050783321195,-0.4752302846889156,0.45634920634920634,-0.0006331155386576272,-0.12360749647013858,0.20017313925098135,-0.3237806357211199,-0.05112162079146909,0.0874021005446255,-0.13852372133609459,0.25,-0.03044208192798604,-0.13805097918394393,-0.0812792830875041,-0.038276039897332303,-0.17916051703463798,-0.004881769580661777,7,7,7,7,7,7,7,7,2,7,False,False,0
2024-12-31,MCHI,china,VT,0.00921373112065571,-0.029363979035286425,0.038577710155942135,0.6190476190476191,0.0020465358062653695,-0.09860339970636689,-0.004881769580661777,-0.09372163012570511,0.5079365079365079,-0.0012166945674927483,0.11971836930707536,0.04824309773017199,0.07147527157690337,0.5158730158730159,0.0007804152782044937,0.17733030749128642,0.16493128035130145,0.012399027139984975,0.5079365079365079,0.00021393225655039116,-0.1817465297145867,0.16188050783321195,-0.34362703754779866,0.47354497354497355,-0.0002937390918839297,0.16658173703596946,0.20017313925098135,-0.03359140221501189,0.0756013427132991,0.0874021005446255,-0.011800757831326392,0.4166666666666667,0.003567271479844749,-0.17719037654197944,-0.0812792830875041,-0.038276039897332303,-0.09860339970636689,-0.004881769580661777,1,6,1,2,6,2,3,3,1,6,False,False,-5
2025-01-31,VTI,us,VT,0.026751839828123458,0.028195406432401704,-0.0014435666042782458,0.47619047619047616,-6.203408519814136e-05,0.043476277793373486,0.022861550026150423,0.020614727767223062,0.5396825396825397,0.0003273113371730156,0.1024150170845819,0.06569768285077515,0.03671733423380674,0.5476190476190477,0.0002757649142978158,0.24030957720180712,0.18589071867504692,0.054418858526760205,0.5436507936507936,0.00018348108815754332,0.43070820927407505,0.2965162002611401,0.13419200901293493,0.5198412698412699,0.00013986322244100894,0.2079935278318399,0.1533709558086931,0.0546225720231468,0.10642682813095483,0.09263187713588072,0.013794950995074107,0.5,0.0041802611052219425,-0.08570411828447222,-0.0812792830875041,-0.008887241176587346,0.043476277793373486,0.022861550026150423,5,1,2,2,1,2,3,2,4,1,False,False,1
2025-01-31,VEA,developed_ex_us,VT,0.044551191689437886,0.028195406432401704,0.01635578525703618,0.5714285714285714,0.0007500777395746896,-0.0004288068570817982,0.022861550026150423,-0.02329035688323222,0.47619047619047616,-0.0003663026068542591,-0.0016209433205107704,0.06569768285077515,-0.06731862617128592,0.46825396825396826,-0.0005148561312113654,0.08287733478499515,0.18589071867504692,-0.10301338389005177,0.46825396825396826,-0.0003571137120341051,0.13414375823016633,0.2965162002611401,-0.16237244203097378,0.48544973544973546,-0.0001752886012575453,0.03669149334229305,0.1533709558086931,-0.11667946246640004,0.05374304706067434,0.09263187713588072,-0.03888883007520638,0.5,-0.007952206157563035,-0.07572823530365913,-0.0812792830875041,-0.008887241176587346,-0.0004288068570817982,0.022861550026150423,3,4,5,5,4,5,6,2,6,4,False,False,1
2025-01-31,VWO,emerging_markets,VT,0.006574471957539352,0.028195406432401704,-0.021620934474862352,0.2857142857142857,-0.0010062702614471572,-0.0327177389817046,0.022861550026150423,-0.055579289007855026,0.3968253968253968,-0.0008738486192423644,0.029722252076920697,0.06569768285077515,-0.035975430773854455,0.42857142857142855,-0.0002508306322645255,0.1516714360705831,0.18589071867504692,-0.03421928260446383,0.43253968253968256,-0.0001016942077878355,0.019346524194590042,0.2965162002611401,-0.2771696760665501,0.4523809523809524,-0.0003112713702619069,0.14414925885301444,0.1533709558086931,-0.009221696955678649,0.10757048402811398,0.09263187713588072,0.014938606892233253,0.3333333333333333,-0.0027177563892739065,-0.08093863843260651,-0.0812792830875041,-0.008887241176587346,-0.0327177389817046,0.022861550026150423,7,6,3,3,5,3,2,5,5,6,False,True,-3
2025-01-31,VGK,europe,VT,0.06366222766381147,0.028195406432401704,0.03546682123140976,0.5714285714285714,0.0016191238648559912,0.0012502075935516554,0.022861550026150423,-0.021611342432598768,0.4444444444444444,-0.00033421182147266024,-0.0004388682669698163,0.06569768285077515,-0.06613655111774497,0.4523809523809524,-0.0005059386245766684,0.08866471567227441,0.18589071867504692,-0.09722600300277251,0.48412698412698413,-0.00033440889782568274,0.1541049287543479,0.2965162002611401,-0.14241127150679223,0.49867724867724866,-0.00013815731027690676,0.023506041070366468,0.1533709558086931,-0.12986491473832662,0.06861976387026436,0.09263187713588072,-0.024012113265616364,0.5833333333333334,-0.007153829033152907,-0.06533031431579994,-0.0812792830875041,-0.008887241176587346,0.0012502075935516554,0.022861550026150423,1,3,4,4,2,6,5,1,7,3,False,False,1
2025-01-31,EWJ,japan,VT,0.0171233171247267,0.028195406432401704,-0.011072089307675004,0.47619047619047616,-0.0004956919234337202,0.014877700290624407,0.022861550026150423,-0.007983849735526016,0.47619047619047616,-0.00010804668116915292,-0.022445657558438636,0.06569768285077515,-0.08814334040921379,0.5158730158730159,-0.0006391762838977172,0.060064844827499186,0.18589071867504692,-0.12582587384754773,0.5158730158730159,-0.00041196594852205504,0.13883970432285198,0.2965162002611401,-0.15767649593828814,0.4933862433862434,-0.00016392547781370374,0.042218605138423904,0.1533709558086931,-0.11115235067026918,0.035815416516315146,0.09263187713588072,-0.05681646061956558,0.25,-0.010566784304531127,-0.12211404974654638,-0.0812792830875041,-0.008887241176587346,0.014877700290624407,0.022861550026150423,6,2,6,6,3,4,7,7,3,2,False,False,4
2025-01-31,EWY,south_korea,VT,0.054307508632983836,0.028195406432401704,0.026112102200582132,0.5238095238095238,0.0012742324698723601,-0.10407687633400664,0.022861550026150423,-0.12693842636015706,0.42857142857142855,-0.0020255471513937304,-0.16963879523880943,0.06569768285077515,-0.23533647808958458,0.40476190476190477,-0.0018869121704539523,-0.0776074004055638,0.18589071867504692,-0.2634981190806107,0.42857142857142855,-0.0009227837984234057,-0.19282575168844718,0.2965162002611401,-0.4893419519495873,0.46164021164021163,-0.0005642972338797058,-0.12511995595060177,0.1533709558086931,-0.27849091175929486,0.1036554734443722,0.09263187713588072,0.011023596308491479,0.3333333333333333,-0.020312707958089326,-0.13805097918394393,-0.0812792830875041,-0.008887241176587346,-0.10407687633400664,0.022861550026150423,2,7,7,7,7,7,4,5,2,7,False,False,0
2025-01-31,MCHI,china,VT,0.031096877186050254,0.028195406432401704,0.0029014707536485496,0.42857142857142855,0.00020993641532781235,-0.01466695194794776,0.022861550026150423,-0.03752850197409818,0.47619047619047616,-0.0004318780200234364,0.18823767902244182,0.06569768285077515,0.12253999617166667,0.5079365079365079,0.001125149724309977,0.34722595610325024,0.18589071867504692,0.16133523742820333,0.5238095238095238,0.0006732095688412483,-0.14500907282482733,0.2965162002611401,-0.44152527308596745,0.4695767195767196,-0.0003821119888293524,0.3065949339114893,0.1533709558086931,0.1532239781027962,0.15728614401993934,0.09263187713588072,0.06465426688405862,0.5,0.012362011117323693,-0.18954241968561414,-0.0812792830875041,-0.008887241176587346,-0.01466695194794776,0.022861550026150423,4,5,1,1,6,1,1,2,1,5,False,False,-4
2025-02-28,VTI,us,VT,-0.018131919635882676,-0.002894382767862358,-0.015237536868020318,0.19047619047619047,-0.0007269480912694652,-0.01361591957261743,0.0030760757093870605,-0.01669199528200449,0.38095238095238093,-0.00025943761740390746,0.06375721013177116,0.04010697684618525,0.02365023328558591,0.5,0.0001853602303812233,0.17843527731863262,0.1445094493160859,0.03392582800254673,0.5238095238095238,0.00012111108415651555,0.4400199310082833,0.31521169884321565,0.12480823216506765,0.5119047619047619,0.00012903227302807894,0.20019715569287055,0.14783171364847592,0.05236544204439464,0.07810500528202757,0.06460507082685951,0.013499934455168061,0.4166666666666667,0.002300861023132437,-0.08570411828447222,-0.0812792830875041,-0.02742598435422905,-0.01361591957261743,0.0030760757093870605,7,6,2,2,1,2,1,4,6,6,False,True,-4
2025-02-28,VEA,developed_ex_us,VT,0.023857158034061854,-0.002894382767862358,0.026751540801924212,0.7142857142857143,0.0012656231575295701,0.04212271860207317,0.0030760757093870605,0.03904664289268611,0.5714285714285714,0.0006048062786766136,-0.006924816400826317,0.04010697684618525,-0.047031793247011566,0.46825396825396826,-0.0003641786764309014,0.0806194571862704,0.1445094493160859,-0.0638899921298155,0.48412698412698413,-0.0002239821289521294,0.17239688744496773,0.31521169884321565,-0.14281481139824792,0.4880952380952381,-0.0001495706267306331,0.055439666272587784,0.14783171364847592,-0.09239204737588813,0.04075305673849905,0.06460507082685951,-0.023852014088360463,0.5833333333333334,-0.00432004945007176,-0.08028505656723539,-0.0812792830875041,-0.02742598435422905,0.04212271860207317,0.0030760757093870605,3,3,5,5,3,5,4,2,7,3,False,False,2
2025-02-28,VWO,emerging_markets,VT,0.013366488716798353,-0.002894382767862358,0.01626087148466071,0.6190476190476191,0.0007874461231524286,0.008362296597733021,0.0030760757093870605,0.0052862208883459605,0.47619047619047616,9.28318763725332e-05,0.024879859272805227,0.04010697684618525,-0.015227117573380022,0.46825396825396826,-9.257089496419351e-05,0.1105507006380011,0.1445094493160859,-0.033958748678084794,0.4444444444444444,-0.00010468523489087337,0.027134703841415586,0.31521169884321565,-0.28807699500180006,0.455026455026455,-0.0003196351833184431,0.09590233444986396,0.14783171364847592,-0.05192937919861196,0.05313567825932686,0.06460507082685951,-0.011469392567532655,0.4166666666666667,-0.0009453250688808238,-0.08830077671296754,-0.0812792830875041,-0.02742598435422905,0.008362296597733021,0.0030760757093870605,4,5,3,3,5,3,3,4,5,5,False,False,-2
2025-02-28,VGK,europe,VT,0.04200669637934151,-0.002894382767862358,0.04490107914720387,0.7142857142857143,0.0021113774405757202,0.08939478476048901,0.0030760757093870605,0.08631870905110195,0.5714285714285714,0.0013139699878712235,0.004476690159119334,0.04010697684618525,-0.035630286687065915,0.4603174603174603,-0.0002689400549732725,0.10888286465052022,0.1445094493160859,-0.035626584665565675,0.503968253968254,-0.0001194562033482546,0.22837220731695074,0.31521169884321565,-0.08683949152626491,0.5026455026455027,-7.393147351693852e-05,0.0641801713017327,0.14783171364847592,-0.08365154234674321,0.05345744707844169,0.06460507082685951,-0.011147623748417823,0.6666666666666666,-0.001795582531741428,-0.09969331649909441,-0.0812792830875041,-0.02742598435422905,0.08939478476048901,0.0030760757093870605,2,2,4,4,2,4,2,1,4,2,False,False,2
2025-02-28,EWJ,japan,VT,0.005433240305496856,-0.002894382767862358,0.008327623073359214,0.5238095238095238,0.00041319250688259546,0.016362584761097088,0.0030760757093870605,0.013286509051710027,0.49206349206349204,0.00022866791038350743,-0.030537738810889947,0.04010697684618525,-0.0706447156570752,0.5079365079365079,-0.0005299461585396345,0.012630325309627155,0.1445094493160859,-0.13187912400645874,0.5119047619047619,-0.00045082108677501996,0.15868364254379141,0.31521169884321565,-0.15652805629942423,0.4933862433862434,-0.00015920409018558586,0.007158192822373177,0.14783171364847592,-0.14067352082610274,0.002589421350642107,0.06460507082685951,-0.062015649476217405,0.3333333333333333,-0.009949025392356101,-0.12211404974654638,-0.0812792830875041,-0.02742598435422905,0.016362584761097088,0.0030760757093870605,5,4,6,6,4,6,7,6,3,4,False,False,2
2025-02-28,EWY,south_korea,VT,0.004593872724439674,-0.002894382767862358,0.007488255492302032,0.6666666666666666,0.0004460344652632141,-0.0470331358834678,0.0030760757093870605,-0.05010921159285486,0.5238095238095238,-0.0007427190540031029,-0.15416632672223896,0.04010697684618525,-0.1942733035684242,0.4365079365079365,-0.0015546669400009986,-0.12013082477459958,0.1445094493160859,-0.26464027409068547,0.4444444444444444,-0.0009678338541585855,-0.1906662412301352,0.31521169884321565,-0.5058779400733509,0.4603174603174603,-0.0005778680402275722,-0.1241543482251074,0.14783171364847592,-0.2719860618735833,0.022477331899756425,0.06460507082685951,-0.04212773892710309,0.3333333333333333,-0.021522881976692932,-0.19199522337995678,-0.0812792830875041,-0.02742598435422905,-0.0470331358834678,0.0030760757093870605,6,7,7,7,7,7,6,6,2,7,False,False,0
2025-02-28,MCHI,china,VT,0.11046639003609249,-0.002894382767862358,0.11336077280395485,0.6666666666666666,0.005302105907228339,0.1773282306456243,0.0030760757093870605,0.17425215493623725,0.5555555555555556,0.0026869460102103646,0.3044549511572918,0.04010697684618525,0.26434797431110657,0.5317460317460317,0.002083229280875336,0.36799262536695765,0.1445094493160859,0.22348317605087176,0.5357142857142857,0.000877574229032009,-0.02320446970550838,0.31521169884321565,-0.33841616854872403,0.4748677248677249,-0.00022228558282376138,0.23190817627762228,0.14783171364847592,0.08407646262914636,0.030419759975658378,0.06460507082685951,-0.034185310851201134,0.5,0.01987820693494739,-0.22272488664909718,-0.0812792830875041,-0.02742598435422905,0.1773282306456243,0.0030760757093870605,1,1,1,1,6,1,5,3,1,1,False,False,0
2025-03-31,VTI,us,VT,-0.058553272919559474,-0.03517674825790307,-0.023376524661656406,0.2857142857142857,-0.0011466172816283482,-0.07226537143081735,-0.029299599336883086,-0.04296577209393426,0.30158730158730157,-0.0007066481727172455,-0.019959001603804927,-0.02301196062371047,0.0030529590199055434,0.46825396825396826,3.544934076296063e-05,0.07239038941685805,0.07021077647836016,0.002179612938497888,0.49206349206349204,1.4851229444367415e-05,0.26663249577543735,0.2220583441343682,0.04457415164106915,0.5,5.703481548942882e-05,0.13908770254318292,0.1092298766079427,0.029857825935240223,0.07081549407508159,0.06645749072018736,0.004358003354894224,0.3333333333333333,0.00022479683257479546,-0.08570411828447222,-0.0812792830875041,-0.06163797566477813,-0.07226537143081735,-0.029299599336883086,7,7,3,4,1,2,2,5,7,7,False,False,-4
2025-03-31,VEA,developed_ex_us,VT,-9.728751182536133e-05,-0.03517674825790307,0.035079460746077706,0.6666666666666666,0.0016920726499388746,0.05878154831185145,-0.029299599336883086,0.08808114764873454,0.6666666666666666,0.0013754041130866598,-0.02775943256316793,-0.02301196062371047,-0.004747471939457459,0.5,-3.882090091969272e-05,0.043511483695437336,0.07021077647836016,-0.026699292782922823,0.5,-9.709406731139318e-05,0.16539951008674092,0.2220583441343682,-0.05665883404762728,0.4973544973544973,-6.143489660551777e-05,0.04361301420889818,0.1092298766079427,-0.06561686239904452,0.05089023615166943,0.06645749072018736,-0.01556725456851793,0.5833333333333334,-0.001669171706678324,-0.0943021154169138,-0.0812792830875041,-0.06163797566477813,0.05878154831185145,-0.029299599336883086,5,3,4,5,3,5,5,2,5,3,False,False,1
2025-03-31,VWO,emerging_markets,VT,0.012878400104925136,-0.03517674825790307,0.048055148362828204,0.5714285714285714,0.002310889644461525,0.014465844958853724,-0.029299599336883086,0.04376544429573681,0.5079365079365079,0.0007042632876743054,-0.03854404947686341,-0.02301196062371047,-0.015532088853152937,0.48412698412698413,-0.00011060136717832244,0.12218262120748435,0.07021077647836016,0.051971844729124195,0.4642857142857143,0.00020221475445608,0.08247661256729488,0.2220583441343682,-0.13958173156707332,0.46296296296296297,-0.00015706963476067376,0.10791445556666646,0.1092298766079427,-0.0013154210412762435,0.08101885849603652,0.06645749072018736,0.014561367775849154,0.5,0.004227324560111258,-0.09011930207540353,-0.0812792830875041,-0.06163797566477813,0.014465844958853724,-0.029299599336883086,2,6,5,2,6,3,1,4,6,6,False,False,-1
2025-03-31,VGK,europe,VT,0.004202976681350945,-0.03517674825790307,0.03937972493925401,0.6190476190476191,0.0019092777084790402,0.09993831242984164,-0.029299599336883086,0.12923791176672472,0.6507936507936508,0.0019904311744568526,-0.005936379623866173,-0.02301196062371047,0.017075580999844298,0.49206349206349204,0.00014489809744286155,0.07555829336949405,0.07021077647836016,0.0053475168911338855,0.503968253968254,2.5832974491039332e-05,0.2540158416294247,0.2220583441343682,0.0319574974950565,0.5092592592592593,4.5620991624701115e-05,0.07105666717296066,0.1092298766079427,-0.038173209434982036,0.06628324745225744,0.06645749072018736,-0.00017424326792991884,0.6666666666666666,0.0010939221681156945,-0.10781806790413728,-0.0812792830875041,-0.06163797566477813,0.09993831242984164,-0.029299599336883086,3,2,2,3,2,4,3,1,4,2,False,False,0
2025-03-31,EWJ,japan,VT,0.0013144730643157576,-0.03517674825790307,0.036491221322218825,0.5714285714285714,0.0017695691698888596,0.019934629505037105,-0.029299599336883086,0.04923422884192019,0.5396825396825397,0.0007961449408726139,-0.04602078434340495,-0.02301196062371047,-0.023008823719694482,0.5079365079365079,-0.0001702339356662546,-0.020446249408137884,0.07021077647836016,-0.09065702588649804,0.5119047619047619,-0.00031845428138021917,0.15502967888526675,0.2220583441343682,-0.06702866524910145,0.49603174603174605,-6.567764162973966e-05,-0.021732156138579928,0.1092298766079427,-0.13096203274652263,0.009082955597992548,0.06645749072018736,-0.057374535122194814,0.3333333333333333,-0.006827202353080143,-0.12211404974654638,-0.0812792830875041,-0.06163797566477813,0.019934629505037105,-0.029299599336883086,4,5,6,6,4,6,6,5,3,5,False,False,1
2025-03-31,EWY,south_korea,VT,-0.011523626923916064,-0.03517674825790307,0.023653121333987004,0.42857142857142855,0.0012243922511248697,0.03983067396738327,-0.029299599336883086,0.06913027330426635,0.5396825396825397,0.001166602122531838,-0.17513101090012118,-0.02301196062371047,-0.1521190502764107,0.4444444444444444,-0.0012714835238987155,-0.17782748435744067,0.07021077647836016,-0.24803826083580083,0.43253968253968256,-0.0009684412125341832,-0.19018430152224686,0.2220583441343682,-0.41224264565661506,0.458994708994709,-0.0004806676798370164,-0.1682426226496403,0.1092298766079427,-0.277472499257583,-0.016641919531121374,0.06645749072018736,-0.08309941025130874,0.3333333333333333,-0.020683480558521566,-0.2283538266239813,-0.0812792830875041,-0.06163797566477813,0.03983067396738327,-0.029299599336883086,6,4,7,7,7,7,7,5,1,4,False,False,3
2025-03-31,MCHI,china,VT,0.015304237845292334,-0.03517674825790307,0.0504809861031954,0.47619047619047616,0.002537333237902913,0.13736144917561965,-0.029299599336883086,0.16666104851250274,0.5238095238095238,0.0026278063427047373,0.10659008395294678,-0.02301196062371047,0.12960204457665725,0.5158730158730159,0.001229040461579891,0.4089614604132523,0.07021077647836016,0.33875068393489216,0.5357142857142857,0.001264520706562473,0.08491500201698621,0.2220583441343682,-0.137143342117382,0.48148148148148145,-1.795943009997629e-05,0.38772341126379084,0.1092298766079427,0.27849353465584814,0.06383391011903061,0.06645749072018736,-0.0026235806011567497,0.5833333333333334,0.025281094239830087,-0.22741740954554357,-0.0812792830875041,-0.06163797566477813,0.13736144917561965,-0.029299599336883086,1,1,1,1,5,1,4,2,2,1,False,False,0
2025-04-30,VTI,us,VT,-0.0073496802782039294,0.005605875299946161,-0.01295555557815009,0.5238095238095238,-0.0004886548365150725,-0.082417380979659,-0.03257629200284262,-0.04984108897681638,0.3333333333333333,-0.0007874067364709621,-0.03810181921329703,-0.007357110119901256,-0.030744709093395772,0.4365079365079365,-0.00021814615330747713,0.09812087039367334,0.10358517492124397,-0.005464304527570629,0.49206349206349204,-2.5893124616248474e-06,0.3257959980460656,0.2969607872133504,0.02883521083271523,0.5026455026455027,4.1883904216655014e-05,0.10625146496848648,0.09743310180250608,0.008818363165980392,0.12878080282236226,0.12328202349652995,0.005498779325832315,0.3333333333333333,-0.00019171377265425615,-0.08570411828447222,-0.0812792830875041,-0.05637763517014982,-0.082417380979659,-0.03257629200284262,6,7,6,5,2,2,3,7,7,7,False,False,-1
2025-04-30,VEA,developed_ex_us,VT,0.04013371585272041,0.005605875299946161,0.03452784055277425,0.5238095238095238,0.0015409833983307214,0.06484474411315277,-0.03257629200284262,0.0974210361159954,0.6349206349206349,0.0014995597352663887,0.06731895440420321,-0.007357110119901256,0.07467606452410447,0.5555555555555556,0.0005634143159172335,0.11625661706503787,0.10358517492124397,0.012671442143793898,0.5119047619047619,4.2835962365177734e-05,0.27638875524156803,0.2969607872133504,-0.020572031971782367,0.49867724867724866,-2.1398882300127507e-05,0.07318568762085587,0.09743310180250608,-0.024247414181650218,0.10382730731978285,0.12328202349652995,-0.0194547161767471,0.5833333333333334,0.0010405982599151393,-0.09753878780182557,-0.0812792830875041,-0.05637763517014982,0.06484474411315277,-0.03257629200284262,2,3,3,3,4,5,4,2,6,3,False,False,0
2025-04-30,VWO,emerging_markets,VT,-0.00022099975666545202,0.005605875299946161,-0.005826875056611613,0.42857142857142855,-0.00037313656502160235,0.02619018989803279,-0.03257629200284262,0.05876648190087541,0.5396825396825397,0.0009083997341974504,-0.013826522210566461,-0.007357110119901256,-0.006469412090665205,0.4603174603174603,-6.0055326722044256e-05,0.10364209103270561,0.10358517492124397,5.6916111461635666e-05,0.4444444444444444,6.078699227618236e-06,0.16554444319040007,0.2969607872133504,-0.13141634402295033,0.46296296296296297,-0.0001408866325294343,0.10388604958104941,0.09743310180250608,0.006452947778543328,0.14814001513061048,0.12328202349652995,0.024857991634080534,0.4166666666666667,-0.00018063517162269135,-0.12050796166031308,-0.0812792830875041,-0.05637763517014982,0.02619018989803279,-0.03257629200284262,5,6,5,4,6,3,2,4,4,6,False,False,-1
2025-04-30,VGK,europe,VT,0.03845596458463785,0.005605875299946161,0.032850089284691686,0.42857142857142855,0.0014732676980724758,0.08662601788363644,-0.03257629200284262,0.11920230988647906,0.5873015873015873,0.0018313076157090789,0.08684589773607754,-0.007357110119901256,0.0942030078559788,0.5158730158730159,0.0007157993059109255,0.13492127577699287,0.10358517492124397,0.031336100855748894,0.5,0.00011230368053373177,0.3449473747815506,0.2969607872133504,0.04798658756820018,0.5066137566137566,5.8012836890547306e-05,0.09289302048637116,0.09743310180250608,-0.004540081316134925,0.09941959255368626,0.12328202349652995,-0.023862430942843682,0.6666666666666666,0.0029263620611603334,-0.110638403175492,-0.0812792830875041,-0.05637763517014982,0.08662601788363644,-0.03257629200284262,4,1,1,2,1,4,5,1,5,1,False,False,0
2025-04-30,EWJ,japan,VT,0.041861187863889926,0.005605875299946161,0.036255312563943765,0.47619047619047616,0.0016624979499451657,0.04889880934500379,-0.03257629200284262,0.08147510134784641,0.5238095238095238,0.0012817532089055403,0.07890805773207066,-0.007357110119901256,0.08626516785197191,0.5079365079365079,0.0006681825600320415,0.08866745358282824,0.10358517492124397,-0.014917721338415735,0.5158730158730159,-2.4539750407652914e-05,0.3187588759178801,0.2969607872133504,0.021798088704529706,0.49867724867724866,2.9810907200724052e-05,0.044925625663150504,0.09743310180250608,-0.05250747613935558,0.09533374366438352,0.12328202349652995,-0.027948279832146428,0.4166666666666667,-0.0019778393411976902,-0.12211404974654638,-0.0812792830875041,-0.05637763517014982,0.04889880934500379,-0.03257629200284262,1,4,2,6,3,6,6,4,3,4,False,False,-2
2025-04-30,EWY,south_korea,VT,0.03978528585055341,0.005605875299946161,0.03417941055060725,0.5714285714285714,0.0015764441732554625,0.0325247851675019,-0.03257629200284262,0.06510107717034452,0.5555555555555556,0.0010822902965478489,-0.05898553751114777,-0.007357110119901256,-0.05162842739124651,0.5,-0.00036324138358789077,-0.09167005775334824,0.10358517492124397,-0.19525523267459222,0.4523809523809524,-0.000703269830335302,-0.1085966654685423,0.2969607872133504,-0.4055574526818927,0.46164021164021163,-0.0004335429189470684,-0.1264254701357599,0.09743310180250608,-0.22385857193826597,0.059046395740383284,0.12328202349652995,-0.06423562775614666,0.4166666666666667,-0.015719643749092904,-0.2443896142103288,-0.0812792830875041,-0.05637763517014982,0.0325247851675019,-0.03257629200284262,3,5,7,7,7,7,7,4,2,5,False,False,2
2025-04-30,MCHI,china,VT,-0.050367732532758724,0.005605875299946161,-0.055973607832704886,0.38095238095238093,-0.0026378500201986784,0.07067356602463493,-0.03257629200284262,0.10324985802747755,0.5079365079365079,0.0017338630416441911,0.056123812383710225,-0.007357110119901256,0.06348092250361148,0.49206349206349204,0.0006323211042248228,0.24858493134751591,0.10358517492124397,0.14499975642627194,0.5,0.0006667033874674461,0.1736764785751379,0.2969607872133504,-0.12328430863821249,0.4801587301587302,5.195507385522946e-06,0.3148088729941849,0.09743310180250608,0.21737577119167883,0.18816252925151966,0.12328202349652995,0.06488050575498971,0.5,0.01288971640608815,-0.2534646190316886,-0.0812792830875041,-0.05637763517014982,0.07067356602463493,-0.03257629200284262,7,2,4,1,5,1,1,3,1,2,False,False,2
2025-05-30,VTI,us,VT,0.06253210845056967,0.05806174630390615,0.00447036214666352,0.5238095238095238,0.00022294264109966653,-0.007034636971065655,0.026565290787011975,-0.03359992775807763,0.4444444444444444,-0.0004707764923479181,-0.020554773492462486,0.02972308334210183,-0.050277856834564316,0.4126984126984127,-0.0003651070548759128,0.12183150284116273,0.12404347054686626,-0.0022119677057035325,0.49603174603174605,1.1026610430019101e-05,0.5427879688851329,0.4623964851751001,0.0803914837100328,0.5079365079365079,8.271455907042169e-05,0.055809508172949274,0.06236093921120589,-0.0065514310382566165,0.09763125584606014,0.07023477429987768,0.02739648154618246,0.3333333333333333,3.3513767074759095e-05,-0.08570411828447222,-0.0812792830875041,-0.0047595557504021,-0.007034636971065655,0.026565290787011975,2,6,7,4,1,6,2,7,7,6,False,False,1
2025-05-30,VEA,developed_ex_us,VT,0.05125790631351368,0.05806174630390615,-0.0068038399903924685,0.47619047619047616,-0.00032018542541638925,0.09334241350110362,0.026565290787011975,0.06677712271409164,0.5555555555555556,0.0009709568742844023,0.13939696832072235,0.02972308334210183,0.10967388497862052,0.5634920634920635,0.0007878815764805079,0.13134894330633662,0.12404347054686626,0.007305472759470355,0.5079365079365079,2.20225480132431e-05,0.3715385783029874,0.4623964851751001,-0.0908579068721127,0.49074074074074076,-8.423462665212897e-05,0.07618590691382421,0.06236093921120589,0.013824967702618318,0.00830768766265444,0.07023477429987768,-0.06192708663722324,0.5,0.000453381656716767,-0.09753878780182557,-0.0812792830875041,-0.0047595557504021,0.09334241350110362,0.026565290787011975,4,3,3,3,3,3,4,2,6,3,False,False,0
2025-05-30,VWO,emerging_markets,VT,0.03867420555712542,0.05806174630390615,-0.01938754074678073,0.47619047619047616,-0.0008738988721442166,0.05181816461342592,0.026565290787011975,0.025252873826413946,0.49206349206349204,0.0003546180690985687,0.0606137800728066,0.02972308334210183,0.03089069673070477,0.48412698412698413,0.00022372497273555095,0.10055472708917446,0.12404347054686626,-0.023488743457691807,0.44841269841269843,-7.816909871168263e-05,0.2515362489822053,0.4623964851751001,-0.21086023619289485,0.4603174603174603,-0.0002038733316525892,0.05957644967110509,0.06236093921120589,-0.0027844895401007985,0.07443210909120035,0.07023477429987768,0.004197334791322671,0.4166666666666667,0.00023731665013306444,-0.12050796166031308,-0.0812792830875041,-0.0047595557504021,0.05181816461342592,0.026565290787011975,5,5,5,6,5,5,3,4,4,5,False,False,0
2025-05-30,VGK,europe,VT,0.05280488404282124,0.05806174630390615,-0.005256862261084905,0.5238095238095238,-0.0002464271691396006,0.0978865901063466,0.026565290787011975,0.07132129931933462,0.5238095238095238,0.0010453727458039719,0.19603192552033089,0.02972308334210183,0.16630884217822905,0.5476190476190477,0.0011796713668375976,0.1399071139429937,0.12404347054686626,0.015863643396127447,0.503968253968254,5.594679928353514e-05,0.45396832467638526,0.4623964851751001,-0.008428160498714865,0.5013227513227513,2.5027613727885013e-06,0.08273349717537015,0.06236093921120589,0.020372557964164262,-0.0037837936079748724,0.07023477429987768,-0.07401856790785255,0.5833333333333334,0.0010408690502973956,-0.110638403175492,-0.0812792830875041,-0.0047595557504021,0.0978865901063466,0.026565290787011975,3,2,1,2,2,2,5,1,5,2,False,False,-1
2025-05-30,EWJ,japan,VT,0.037659232664327025,0.05806174630390615,-0.020402513639579123,0.5238095238095238,-0.0009187126655719429,0.0825179534712388,0.026565290787011975,0.05595266268422683,0.5238095238095238,0.0008377848180873608,0.10023074524032127,0.02972308334210183,0.07050766189821944,0.5079365079365079,0.0005332263642354341,0.10144458630177189,0.12404347054686626,-0.022598884245094375,0.5198412698412699,-5.204700005902549e-05,0.3646091879444655,0.4623964851751001,-0.09778729723063462,0.49603174603174605,-8.114260913147551e-05,0.0614704246148976,0.06236093921120589,-0.0008905145963082894,-0.016162297604698672,0.07023477429987768,-0.08639707190457635,0.4166666666666667,-0.0019339413983872529,-0.12211404974654638,-0.0812792830875041,-0.0047595557504021,0.0825179534712388,0.026565290787011975,6,4,4,5,4,4,6,4,3,4,False,False,0
2025-05-30,EWY,south_korea,VT,0.07901765199947253,0.05806174630390615,0.02095590569556638,0.47619047619047616,0.0009859782221546582,0.1090177827794685,0.026565290787011975,0.08245249199245652,0.49206349206349204,0.0012622715488449967,0.05685719870481942,0.02972308334210183,0.027134115362717592,0.5079365079365079,0.000259776247420947,-0.040942521957478606,0.12404347054686626,-0.16498599250434487,0.44841269841269843,-0.000558602992741273,-0.024922399774582327,0.4623964851751001,-0.48731888494968245,0.4603174603174603,-0.0004730378122975331,-0.11117535819238822,0.06236093921120589,-0.1735362974035941,-0.055461231215517826,0.07023477429987768,-0.1256960055153955,0.5,-0.009305667863197475,-0.2443896142103288,-0.0812792830875041,-0.0047595557504021,0.1090177827794685,0.026565290787011975,1,1,6,7,7,7,7,2,2,1,False,False,5
2025-05-30,MCHI,china,VT,0.022454535410854737,0.05806174630390615,-0.03560721089305141,0.5238095238095238,-0.0015506450251373326,-0.014184442366760308,0.026565290787011975,-0.04074973315377228,0.4603174603174603,-0.000550387269144366,0.16062848621127168,0.02972308334210183,0.13090540286916985,0.5079365079365079,0.0010682793705329994,0.20144247750632238,0.12404347054686626,0.07739900695945612,0.5079365079365079,0.0004380453493000684,0.19275794959289394,0.4623964851751001,-0.2696385355822062,0.47619047619047616,-0.0001341882854172844,0.175057115887842,0.06236093921120589,0.11269617667663612,0.1126130308866864,0.07023477429987768,0.042378256586808716,0.4166666666666667,0.010039016192604546,-0.2534646190316886,-0.0812792830875041,-0.0047595557504021,-0.014184442366760308,0.026565290787011975,7,7,2,1,6,1,1,4,1,7,False,True,-5
2025-06-30,VTI,us,VT,0.050763915329039566,0.045291254284454574,0.005472661044584992,0.5714285714285714,0.0002498810549252992,0.11490196025135213,0.11496533440793821,-6.337415658608236e-05,0.5396825396825397,5.004677530249704e-05,0.029615495159749816,0.08234832199741948,-0.052732826837669666,0.4126984126984127,-0.00036506088322067027,0.14963977089961755,0.1632930431652193,-0.013653272265601757,0.4880952380952381,-2.7876226216437427e-05,0.6808572306446654,0.6060455185047251,0.07481171213994031,0.5066137566137566,7.120919457960968e-05,0.09409902084391186,0.1128889086147975,-0.018789887770885638,0.1107042907506397,0.07473280200189802,0.035971488748741676,0.3333333333333333,-0.0008008621045916079,-0.1053708421543651,-0.0812792830875041,0.0,0.11490196025135213,0.11496533440793821,2,3,7,5,1,6,1,7,6,3,False,False,4
2025-06-30,VEA,developed_ex_us,VT,0.035190400657766574,0.045291254284454574,-0.010100853626688,0.5238095238095238,-0.00045710863267069336,0.12145620728603657,0.11496533440793821,0.006490872878098353,0.49206349206349204,6.787722704904196e-05,0.20168851792385323,0.08234832199741948,0.11934019592643375,0.5873015873015873,0.0008161588784126061,0.1927531581327755,0.1632930431652193,0.029460114967556184,0.5158730158730159,9.416620121384456e-05,0.5489921555077368,0.6060455185047251,-0.057053362996988266,0.4933862433862434,-4.6212132649799643e-05,0.15220654806583656,0.1128889086147975,0.039317639451039055,0.007632253678650169,0.07473280200189802,-0.06710054832324786,0.5,0.0020887466952590286,-0.09753878780182557,-0.0812792830875041,0.0,0.12145620728603657,0.11496533440793821,4,2,3,3,3,3,5,2,7,2,False,False,1
2025-06-30,VWO,emerging_markets,VT,0.04317973232701955,0.045291254284454574,-0.0021115219574350252,0.42857142857142855,-8.062014255410823e-05,0.09475157500147802,0.11496533440793821,-0.020213759406460197,0.4444444444444444,-0.00031612995765150314,0.10908332817385391,0.08234832199741948,0.026735006176434428,0.47619047619047616,0.0001829506435973492,0.16791414838847651,0.1632930431652193,0.004621105223257205,0.45634920634920634,2.1308149540831083e-05,0.32411666879635415,0.6060455185047251,-0.28192884970837095,0.4576719576719577,-0.0002520962869920016,0.11957135687750786,0.1128889086147975,0.006682448262710361,0.04291895256914624,0.07473280200189802,-0.031813849432751784,0.4166666666666667,0.0006114015079382215,-0.12050796166031308,-0.0812792830875041,0.0,0.09475157500147802,0.11496533440793821,3,5,6,4,6,4,3,5,4,5,False,False,1
2025-06-30,VGK,europe,VT,0.02529789188058329,0.045291254284454574,-0.019993362403871284,0.38095238095238093,-0.000911079350417433,0.1079226295739164,0.11496533440793821,-0.007042704834021807,0.42857142857142855,-0.0001190142189165482,0.23528829335960277,0.08234832199741948,0.1529399713621833,0.5476190476190477,0.0010425385289020608,0.1959878008493956,0.1632930431652193,0.03269475768417629,0.49603174603174605,0.00010824453143183886,0.6314893815457014,0.6060455185047251,0.025443863040976344,0.5013227513227513,3.1143670635029514e-05,0.16647835748080575,0.1128889086147975,0.05358944886600825,-0.029338459641605752,0.07473280200189802,-0.10407126164350378,0.5833333333333334,0.0029918991031243625,-0.110638403175492,-0.0812792830875041,0.0,0.1079226295739164,0.11496533440793821,6,4,2,2,2,2,6,1,5,4,False,False,-2
2025-06-30,EWJ,japan,VT,0.020895318273160157,0.045291254284454574,-0.024395936011294417,0.3333333333333333,-0.001097594926139589,0.09183575904369601,0.11496533440793821,-0.023129575364242205,0.42857142857142855,-0.00032824152182710784,0.13734968180694862,0.08234832199741948,0.05500135980952914,0.49206349206349204,0.0004012167472058489,0.1403568381675797,0.1632930431652193,-0.022936204997639598,0.5119047619047619,-5.071526077243331e-05,0.5026071092743358,0.6060455185047251,-0.10343840923038927,0.4933862433862434,-7.4827362635717e-05,0.11701642446209659,0.1128889086147975,0.00412751584729909,0.009508207873399677,0.07473280200189802,-0.06522459412849835,0.4166666666666667,-0.002520451028736668,-0.12211404974654638,-0.0812792830875041,0.0,0.09183575904369601,0.11496533440793821,7,6,5,6,4,5,4,5,3,6,False,False,-1
2025-06-30,EWY,south_korea,VT,0.16148866400923523,0.045291254284454574,0.11619740972478065,0.5714285714285714,0.005178957058692381,0.31009304879400457,0.11496533440793821,0.19512771438606635,0.5396825396825397,0.002624029556503985,0.36179091449739165,0.08234832199741948,0.27944259249997216,0.5396825396825397,0.0018921599686380181,0.12655454592200277,0.1632930431652193,-0.03673849724321654,0.4642857142857143,-4.7801100636784495e-05,0.33395142995670457,0.6060455185047251,-0.27209408854802053,0.4656084656084656,-0.00017850573461880703,-0.03007702026694492,0.1128889086147975,-0.14296592888174242,-0.10898214736079181,0.07473280200189802,-0.18371494936268984,0.5,-0.0022424163781218733,-0.2443896142103288,-0.0812792830875041,0.0,0.31009304879400457,0.11496533440793821,1,1,1,7,5,7,7,2,2,1,False,False,0
2025-06-30,MCHI,china,VT,0.03313324070257995,0.045291254284454574,-0.012158013581874627,0.47619047619047616,-0.0005134395785352611,0.01969130821401377,0.11496533440793821,-0.09527402619392444,0.4603174603174603,-0.0013499215735520462,0.16630804473475735,0.08234832199741948,0.08395972273733787,0.5,0.0006832545739019356,0.31757696136340186,0.1632930431652193,0.15428391819818255,0.5079365079365079,0.0006687821191286928,0.10089155328553412,0.6060455185047251,-0.505153965219191,0.4708994708994709,-0.0003677357340652106,0.27532142946769067,0.1128889086147975,0.16243252085289317,0.07992558767242586,0.07473280200189802,0.005192785670527833,0.5,0.014621209506637487,-0.2534646190316886,-0.0812792830875041,0.0,0.01969130821401377,0.11496533440793821,5,7,4,1,7,1,2,2,1,7,False,True,-3
2025-07-31,VTI,us,VT,0.022899907275651277,0.010892362520506405,0.012007544755144872,0.6666666666666666,0.000560830473607956,0.142982974093262,0.11965707288844363,0.023325901204818367,0.5714285714285714,0.00033460597196175904,0.048781310864153715,0.08318279713898158,-0.034401486274827864,0.4523809523809524,-0.00022640038225460148,0.1675526410469783,0.16786177363304255,-0.00030913258606424243,0.49603174603174605,1.7369916779554272e-05,0.6610179724182639,0.5849495459122609,0.07606842650600298,0.5105820105820106,7.245860056106895e-05,0.14141435808376301,0.15527806612482142,-0.013863708041058409,0.10921735303158142,0.06854644686716571,0.04067090616441571,0.4166666666666667,0.00025467992890537694,-0.19303588728900023,-0.16514500856565595,-0.016054640309853818,0.142982974093262,0.11965707288844363,2,2,7,3,1,5,2,4,3,2,True,False,5
2025-07-31,VEA,developed_ex_us,VT,-0.013164803187880936,0.010892362520506405,-0.02405716570838734,0.3333333333333333,-0.001125668045246254,0.07182021006688144,0.11965707288844363,-0.04783686282156219,0.42857142857142855,-0.0006885524594577814,0.14132211732397382,0.08318279713898158,0.05813932018499224,0.5317460317460317,0.00040550363790430364,0.15742790935718265,0.16786177363304255,-0.010433864275859905,0.5,-3.904839395575787e-05,0.4978521650953689,0.5849495459122609,-0.087097380816892,0.48677248677248675,-7.284550380715967e-05,0.17286849222255918,0.15527806612482142,0.017590426097737755,-0.019434813313388477,0.06854644686716571,-0.08798126018055419,0.4166666666666667,-0.0008035918647607646,-0.13453328244444707,-0.16514500856565595,-0.016054640309853818,0.07182021006688144,0.11965707288844363,6,5,4,4,3,4,5,4,7,5,False,True,-1
2025-07-31,VWO,emerging_markets,VT,0.002819064918654357,0.010892362520506405,-0.008073297601852047,0.38095238095238093,-0.0003793859405049483,0.10373881598785561,0.11965707288844363,-0.015918256900588013,0.4444444444444444,-0.00021992688590791924,0.1326459451764075,0.08318279713898158,0.04946314803742591,0.49206349206349204,0.0003442364241447656,0.17864142393848703,0.16786177363304255,0.010779650305444477,0.4603174603174603,4.2100838287789214e-05,0.3572023772241051,0.5849495459122609,-0.2277471686881558,0.4537037037037037,-0.00020143324803898426,0.17532809773026692,0.15527806612482142,0.020050031605445495,0.05286804375539855,0.06854644686716571,-0.01567840311176716,0.4166666666666667,0.0009019348481495529,-0.17367915326578032,-0.16514500856565595,-0.016054640309853818,0.10373881598785561,0.11965707288844363,4,4,5,2,5,3,3,4,4,4,False,False,1
2025-07-31,VGK,europe,VT,-0.024625950084802617,0.010892362520506405,-0.03551831260530902,0.42857142857142855,-0.0016748309580277155,0.05284789128471412,0.11965707288844363,-0.0668091816037295,0.4444444444444444,-0.0009673172843620412,0.14405191154389274,0.08318279713898158,0.06086911440491116,0.5158730158730159,0.0004319951656735188,0.1556967607768971,0.16786177363304255,-0.012165012856145463,0.48412698412698413,-4.160304046807098e-05,0.5736105642880531,0.5849495459122609,-0.011338981624207767,0.4973544973544973,3.7394427794597336e-07,0.1848754443255669,0.15527806612482142,0.029597378200745483,-0.03900340286304871,0.06854644686716571,-0.10754984973021442,0.5,-0.0003304373361382544,-0.14306562890345453,-0.16514500856565595,-0.016054640309853818,0.05284789128471412,0.11965707288844363,7,6,3,5,2,2,6,3,6,6,False,True,-3
2025-07-31,EWJ,japan,VT,-0.010749745823137369,0.010892362520506405,-0.021642108343643773,0.42857142857142855,-0.0009510180979422382,0.03900234412764125,0.11965707288844363,-0.08065472876080237,0.4126984126984127,-0.0011479342433370378,0.0898083216621508,0.08318279713898158,0.006625524523169224,0.46825396825396826,6.690948278425121e-05,0.09477454718142408,0.16786177363304255,-0.07308722645161847,0.49603174603174605,-0.0002234725399582207,0.43653965018454755,0.5849495459122609,-0.14840989572771335,0.49206349206349204,-0.0001136582775970274,0.10667097891459876,0.15527806612482142,-0.048607087210222666,-0.008424089939953916,0.06854644686716571,-0.07697053680711963,0.3333333333333333,-0.006560261781295845,-0.14676188154366465,-0.16514500856565595,-0.016054640309853818,0.03900234412764125,0.11965707288844363,5,7,6,7,4,7,4,7,5,7,False,False,-1
2025-07-31,EWY,south_korea,VT,0.01633160302657055,0.010892362520506405,0.005439240506064147,0.42857142857142855,0.00033523407410245606,0.29578212309892193,0.11965707288844363,0.1761250502104783,0.49206349206349204,0.002413196816903826,0.3379271582766039,0.08318279713898158,0.25474436113762233,0.5238095238095238,0.0017477435567258375,0.14605737204058333,0.16786177363304255,-0.02180440159245922,0.4642857142857143,7.851483802201641e-06,0.3205521815247738,0.5849495459122609,-0.26439736438748707,0.46164021164021163,-0.00017369700933665065,0.1276411838692193,0.15527806612482142,-0.027636882255602124,-0.18197216212998868,0.06854644686716571,-0.2505186089971544,0.5833333333333334,-0.000914768578658807,-0.2736400416043142,-0.16514500856565595,-0.016054640309853818,0.29578212309892193,0.11965707288844363,3,1,1,6,6,6,7,1,1,1,True,False,0
2025-07-31,MCHI,china,VT,0.03908081770480387,0.010892362520506405,0.028188455184297467,0.5714285714285714,0.001335192781532982,0.12267874871530204,0.11965707288844363,0.0030216758268584165,0.5396825396825397,8.943077986448397e-05,0.2020224593870874,0.08318279713898158,0.11883966224810583,0.5238095238095238,0.0009116469107543375,0.4370660902536163,0.16786177363304255,0.26920431662057376,0.5158730158730159,0.0009951709596022146,0.2128788014980536,0.5849495459122609,-0.3720707444142073,0.47619047619047616,-0.0002226621488595201,0.38301666796997647,0.15527806612482142,0.22773860184515504,0.1851334958774562,0.06854644686716571,0.11658704901029049,0.5833333333333334,0.020080010861230273,-0.2534646190316886,-0.16514500856565595,-0.016054640309853818,0.12267874871530204,0.11965707288844363,1,3,2,1,7,1,1,1,2,3,False,False,-1
2025-08-29,VTI,us,VT,0.02351309835164317,0.02955452146379378,-0.006041423112150612,0.5238095238095238,-0.0002744326635418158,0.1010095938496467,0.08949029289459909,0.011519300955047607,0.5714285714285714,0.0001688142037479316,0.09326439105525397,0.11843291933497091,-0.02516852827971694,0.5079365079365079,-0.00015098114429999324,0.16296787856534656,0.16328988253474996,-0.00032200396940340603,0.503968253968254,1.7189543040615026e-05,0.6017060420990419,0.5645328742244551,0.0371731678745868,0.5079365079365079,4.1257561688635505e-05,0.1362510948206661,0.12989633699127934,0.00635475782938677,0.0834013564605196,0.04312618329582274,0.040275173164696865,0.4166666666666667,-7.00698333253776e-05,-0.19303588728900023,-0.16514500856565595,-0.005501446591829606,0.1010095938496467,0.08949029289459909,6,3,7,3,2,3,2,5,3,3,False,False,4
2025-08-29,VEA,developed_ex_us,VT,0.044290252188812884,0.02955452146379378,0.014735730725019103,0.47619047619047616,0.0006767001757678616,0.06471627062180407,0.08949029289459909,-0.024774022272795015,0.42857142857142855,-0.0003562572590630312,0.1640994570155374,0.11843291933497091,0.0456665376805665,0.49206349206349204,0.0003073498076106855,0.1560382820034032,0.16328988253474996,-0.007251600531346769,0.4801587301587302,-2.841443441010795e-05,0.5420983316023846,0.5645328742244551,-0.022434542622070452,0.49074074074074076,-1.7228752066875205e-05,0.10700859227630288,0.12989633699127934,-0.022887744714976455,-0.030064715759758442,0.04312618329582274,-0.07319089905558118,0.4166666666666667,-7.815047471847654e-05,-0.13453328244444707,-0.16514500856565595,-0.005501446591829606,0.06471627062180407,0.08949029289459909,3,5,2,4,3,5,4,5,7,5,False,False,-3
2025-08-29,VWO,emerging_markets,VT,0.03473898215384752,0.02955452146379378,0.005184460690053738,0.5714285714285714,0.00024110664524175309,0.09955708239271743,0.08949029289459909,0.010066789498118345,0.47619047619047616,0.00015174161988740396,0.1565341122900017,0.11843291933497091,0.03810119295503078,0.48412698412698413,0.0002531798444929863,0.18530851824797567,0.16328988253474996,0.02201863571322571,0.47619047619047616,8.03044747643964e-05,0.37123491712559575,0.5645328742244551,-0.19329795709885933,0.45634920634920634,-0.00016983967333738815,0.14551451012381134,0.12989633699127934,0.015618173132531998,0.011361507099554968,0.04312618329582274,-0.03176467619626777,0.5,0.002431017405611811,-0.17367915326578032,-0.16514500856565595,-0.005501446591829606,0.09955708239271743,0.08949029289459909,5,4,3,2,5,2,3,3,4,4,False,False,-1
2025-08-29,VGK,europe,VT,0.03767334945806455,0.02955452146379378,0.008118827994270772,0.42857142857142855,0.0003757020716026249,0.037715738574436,0.08949029289459909,-0.05177455432016309,0.4126984126984127,-0.0007599408707812994,0.13929419372317642,0.11843291933497091,0.02086127438820551,0.46825396825396826,0.00014271593751133624,0.14439446082855878,0.16328988253474996,-0.018895421706191184,0.4642857142857143,-6.311205873096814e-05,0.6276721804410501,0.5645328742244551,0.06313930621659503,0.4973544973544973,6.183481966228472e-05,0.10284653781098885,0.12989633699127934,-0.02704979918029049,-0.03601704897927005,0.04312618329582274,-0.07914323227509279,0.5,-0.0007113000816876361,-0.14306562890345453,-0.16514500856565595,-0.005501446591829606,0.037715738574436,0.08949029289459909,4,7,6,5,1,6,6,3,6,7,False,False,-1
2025-08-29,EWJ,japan,VT,0.06329809008037524,0.02955452146379378,0.033743568616581454,0.5238095238095238,0.0015677617430959613,0.06467438762464739,0.08949029289459909,-0.0248159052699517,0.4126984126984127,-0.0003191094404477364,0.1525291392046777,0.11843291933497091,0.03409621986970679,0.46825396825396826,0.00025933768881981217,0.11733350537970533,0.16328988253474996,-0.045956377155044636,0.4880952380952381,-0.00013530423485991116,0.497568327004412,0.5645328742244551,-0.06696454722004308,0.49867724867724866,-4.080607123534413e-05,0.05081868932468914,0.12989633699127934,-0.0790776476665902,-0.03577659627153096,0.04312618329582274,-0.0789027795673537,0.4166666666666667,-0.0030764024624217088,-0.14676188154366465,-0.16514500856565595,-0.005501446591829606,0.06467438762464739,0.08949029289459909,2,6,5,7,4,7,5,5,5,6,False,False,-1
2025-08-29,EWY,south_korea,VT,-0.007828610114752887,0.02955452146379378,-0.03738313157854667,0.47619047619047616,-0.001683559341617648,0.19148926589028825,0.08949029289459909,0.10199897299568916,0.49206349206349204,0.0015233509623130573,0.321382783863184,0.11843291933497091,0.20294986452821306,0.49206349206349204,0.001392811255579027,0.11767005388099072,0.16328988253474996,-0.04561982865375924,0.4642857142857143,-8.092784221098573e-05,0.3149238320069996,0.5645328742244551,-0.2496090422174555,0.46164021164021163,-0.00016028405151500533,0.12648889624831705,0.12989633699127934,-0.0034074407429622866,-0.15803421039800292,0.04312618329582274,-0.20116039369382566,0.5833333333333334,-0.0007557323372158198,-0.2736400416043142,-0.16514500856565595,-0.005501446591829606,0.19148926589028825,0.08949029289459909,7,1,1,6,7,4,7,2,1,1,True,False,0
2025-08-29,MCHI,china,VT,0.06756062753185788,0.02955452146379378,0.038006106068064094,0.6190476190476191,0.0017999468365730614,0.17220628202659616,0.08949029289459909,0.08271598913199707,0.5714285714285714,0.0012062947337679486,0.1555791895772356,0.11843291933497091,0.03714627024226469,0.5158730158730159,0.0003279537323117913,0.5074009952983556,0.16328988253474996,0.3441111127636056,0.5238095238095238,0.0012055915065935635,0.36467575905966076,0.5645328742244551,-0.19985711516479432,0.48412698412698413,-4.754575173587721e-05,0.4120050481661024,0.12989633699127934,0.28210871117482306,0.17469106932168765,0.04312618329582274,0.1315648860258649,0.6666666666666666,0.024448313536698536,-0.2534646190316886,-0.16514500856565595,-0.005501446591829606,0.17220628202659616,0.08949029289459909,1,2,4,1,6,1,1,1,2,2,False,False,2
2025-09-30,VTI,us,VT,0.03419951403167332,0.03371307163515702,0.0004864423965162956,0.6666666666666666,2.3188573051317423e-05,0.08275668432032068,0.07585631574208063,0.006900368578240057,0.6190476190476191,0.00010319546103915255,0.20097448895891667,0.19829069871200766,0.0026837902469090125,0.5714285714285714,4.39864981466177e-05,0.1770042372076568,0.17071568033748852,0.0062885568701682715,0.5198412698412699,3.971791945478916e-05,0.8596721407577561,0.8118040915825266,0.047868049175229466,0.5171957671957672,4.4351306963864174e-05,0.13808237311897442,0.1325344647965192,0.0055479083224552195,0.04099464176315193,0.012608306870950381,0.028386334892201548,0.5,0.00010420923896240868,-0.19303588728900023,-0.16514500856565595,-0.0016662171274444137,0.08275668432032068,0.07585631574208063,4,4,4,3,2,2,2,3,3,4,False,False,0
2025-09-30,VEA,developed_ex_us,VT,0.025498001079280463,0.03371307163515702,-0.008215070555876558,0.42857142857142855,-0.00037410048572935245,0.05681914717718284,0.07585631574208063,-0.01903716856489779,0.4126984126984127,-0.0002743561184025817,0.19389781757495506,0.19829069871200766,-0.004392881137052607,0.4523809523809524,-3.701238166735233e-05,0.16075589162066972,0.17071568033748852,-0.009959788716818796,0.47619047619047616,-3.7916641293522525e-05,0.7798783311412745,0.8118040915825266,-0.03192576044125217,0.48412698412698413,-2.1530980639663445e-05,0.13189483587392425,0.1325344647965192,-0.0006396289225949481,-0.027664836494450284,0.012608306870950381,-0.040273143365400665,0.4166666666666667,0.00017119781741119686,-0.13453328244444707,-0.16514500856565595,-0.0016662171274444137,0.05681914717718284,0.07585631574208063,5,6,5,4,3,3,4,6,7,6,False,True,-1
2025-09-30,VWO,emerging_markets,VT,0.056879243157670345,0.03371307163515702,0.023166171522513324,0.6666666666666666,0.001061764953091917,0.0966770652345601,0.07585631574208063,0.020820749492479473,0.5396825396825397,0.0003078285526095739,0.20677555880001397,0.19829069871200766,0.008484860088006307,0.5,4.4992395931384994e-05,0.16026154195415665,0.17071568033748852,-0.010454138383331868,0.49206349206349204,-3.280448562346872e-05,0.583870828660618,0.8118040915825266,-0.22793326292190863,0.4603174603174603,-0.0001720984592214328,0.09781845888808238,0.1325344647965192,-0.03471600590843682,-0.05076863084103844,0.012608306870950381,-0.06337693771198882,0.5,0.0001244181223323352,-0.17367915326578032,-0.16514500856565595,-0.0016662171274444137,0.0966770652345601,0.07585631574208063,3,3,3,5,7,7,6,3,4,3,False,False,0
2025-09-30,VGK,europe,VT,0.01923313880571431,0.03371307163515702,-0.01447993282944271,0.42857142857142855,-0.0006608927031185054,0.03158589520778454,0.07585631574208063,-0.044270420534296084,0.42857142857142855,-0.0006533405298478653,0.15634630055480048,0.19829069871200766,-0.041944398157207186,0.4365079365079365,-0.0002856457977549214,0.14948178993805405,0.17071568033748852,-0.021233890399434463,0.4642857142857143,-7.037385015602991e-05,0.8880069377961726,0.8118040915825266,0.07620284621364593,0.4947089947089947,6.31591079737217e-05,0.1277908323163024,0.1325344647965192,-0.004743632480216808,-0.010096919189310882,0.012608306870950381,-0.022705226060261263,0.5,-0.0004801855205711081,-0.14306562890345453,-0.16514500856565595,-0.0016662171274444137,0.03158589520778454,0.07585631574208063,7,7,7,6,1,4,3,3,6,7,False,True,0
2025-09-30,EWJ,japan,VT,0.02465504067781299,0.03371307163515702,-0.009058030957344032,0.5714285714285714,-0.00040105912116863854,0.07780175188488658,0.07585631574208063,0.0019454361428059563,0.5079365079365079,7.189484132836151e-05,0.1793945096989329,0.19829069871200766,-0.01889618901307477,0.46825396825396826,-0.00010243369302310417,0.12511784931228243,0.17071568033748852,-0.04559783102520609,0.4880952380952381,-0.00013633381434467937,0.6918037976436398,0.8118040915825266,-0.12000029393888689,0.49867724867724866,-7.24450591593951e-05,0.0980454930158865,0.1325344647965192,-0.034488971780632705,-0.04727311816722357,0.012608306870950381,-0.05988142503817395,0.4166666666666667,-0.00152834781425427,-0.14676188154366465,-0.16514500856565595,-0.0016662171274444137,0.07780175188488658,0.07585631574208063,6,5,6,7,4,6,5,6,5,5,False,False,1
2025-09-30,EWY,south_korea,VT,0.10880399989503964,0.03371307163515702,0.07509092825988262,0.7142857142857143,0.0034035970650377625,0.11809038769440905,0.07585631574208063,0.04223407195232842,0.5396825396825397,0.0006850905991741902,0.4822352420831879,0.19829069871200766,0.28394454337118025,0.5396825396825397,0.0017560120578978425,0.22264988574537337,0.17071568033748852,0.05193420540788485,0.49206349206349204,0.00024226426699956353,0.6843175268466741,0.8118040915825266,-0.12748656473585251,0.4695767195767196,-2.6168872278047546e-05,0.10267449058725475,0.1325344647965192,-0.02985997420926445,-0.1655147137883205,0.012608306870950381,-0.17812302065927088,0.6666666666666666,0.009006034624105078,-0.2736400416043142,-0.16514500856565595,-0.0016662171274444137,0.11809038769440905,0.07585631574208063,1,2,1,2,5,5,7,1,1,2,True,False,-1
2025-09-30,MCHI,china,VT,0.07404985380171625,0.03371307163515702,0.040336782166559226,0.5714285714285714,0.0018865325987184785,0.19142392268424469,0.07585631574208063,0.11556760694216406,0.5873015873015873,0.0016738907389415073,0.222441129819116,0.19829069871200766,0.02415043110710835,0.5317460317460317,0.00021948695911438556,0.35274123247407085,0.17071568033748852,0.18202555213658234,0.5238095238095238,0.0007242637103471384,0.6396125235069079,0.8118040915825266,-0.17219156807561875,0.48677248677248675,1.2967768763045992e-06,0.25947713477721357,0.1325344647965192,0.12694266998069437,0.08990984446335415,0.012608306870950381,0.07730153759240377,0.6666666666666666,0.011790872988064657,-0.2534646190316886,-0.16514500856565595,-0.0016662171274444137,0.19142392268424469,0.07585631574208063,2,1,2,1,6,1,1,1,2,1,False,False,1
2025-10-31,VTI,us,VT,0.01707151876133417,0.013553480515634542,0.0035180382456996284,0.6190476190476191,0.00017043340507246922,0.08315596215710386,0.08347675735799176,-0.00032079520088790225,0.6031746031746031,-2.292042486027782e-06,0.2100715831770259,0.19061747039985732,0.019454112777168575,0.5873015873015873,0.000134375247768591,0.18309806691857555,0.20153031226032936,-0.018432245341753806,0.5119047619047619,-4.2745973458947164e-05,0.8265101641914625,0.7861710049776325,0.04033915921383002,0.5171957671957672,3.902173196072914e-05,0.16323979690183532,0.1854631604136603,-0.022223363511824967,-0.025271506148492495,-0.008125516627877416,-0.01714598952061508,0.5,-0.0009617597602280167,-0.19303588728900023,-0.16514500856565595,-0.008393344144725257,0.08315596215710386,0.08347675735799176,3,5,2,7,2,7,6,3,3,5,False,False,-3
2025-10-31,VEA,developed_ex_us,VT,0.007933916307720335,0.013553480515634542,-0.005619564207914207,0.3333333333333333,-0.0002739248051038402,0.0787334532680597,0.08347675735799176,-0.0047433040899320655,0.42857142857142855,-6.948878338319104e-05,0.15201219703006252,0.19061747039985732,-0.0386052733697948,0.42857142857142855,-0.00025989742899414455,0.2418569561890498,0.20153031226032936,0.04032664392872043,0.49206349206349204,0.00012571648158531807,0.7251092276555926,0.7861710049776325,-0.06106177732203988,0.4801587301587302,-4.435424021177079e-05,0.23208172291516882,0.1854631604136603,0.04661856250150853,0.028523750453070207,-0.008125516627877416,0.03664926708094762,0.4166666666666667,0.0024765071489961654,-0.13453328244444707,-0.16514500856565595,-0.008393344144725257,0.0787334532680597,0.08347675735799176,4,6,6,4,6,3,3,7,7,6,False,False,0
2025-10-31,VWO,emerging_markets,VT,0.0054875529111007015,0.013553480515634542,-0.00806592760453384,0.42857142857142855,-0.0003424784005919517,0.10510169240120426,0.08347675735799176,0.0216249350432125,0.5714285714285714,0.00033100191457404094,0.19326130818489196,0.19061747039985732,0.0026438377850346306,0.5079365079365079,2.7522860356714727e-05,0.20848061992895928,0.20153031226032936,0.006950307668629918,0.4880952380952381,2.454745610727715e-05,0.6706381369051466,0.7861710049776325,-0.11553286807248586,0.46296296296296297,-8.1332879940278e-05,0.20188521123921466,0.1854631604136603,0.01642205082555437,-0.008835308639221995,-0.008125516627877416,-0.0007097920113445788,0.5,8.299255377565891e-05,-0.17367915326578032,-0.16514500856565595,-0.008393344144725257,0.10510169240120426,0.08347675735799176,5,4,4,6,7,5,5,3,4,4,False,False,0
2025-10-31,VGK,europe,VT,-0.007539257898515395,0.013553480515634542,-0.021092738414149936,0.3333333333333333,-0.0010204190247822687,0.05754770445279522,0.08347675735799176,-0.025929052905196537,0.4126984126984127,-0.00038439489170894256,0.10131805540728367,0.19061747039985732,-0.08929941499257366,0.42857142857142855,-0.0006153273498291557,0.2167405346275575,0.20153031226032936,0.015210222367228132,0.4722222222222222,4.976968227745653e-05,0.748691189120775,0.7861710049776325,-0.037479815856857446,0.48677248677248675,-2.1526630277030555e-05,0.22598354072038362,0.1854631604136603,0.040520380306723336,0.051782945662551594,-0.008125516627877416,0.05990846229042901,0.5,0.0012171719140306365,-0.14306562890345453,-0.16514500856565595,-0.008393344144725257,0.05754770445279522,0.08347675735799176,6,7,7,5,4,4,2,3,6,7,False,False,0
2025-10-31,EWJ,japan,VT,0.04117268015647646,0.013553480515634542,0.027619199640841918,0.5714285714285714,0.0013367390328119669,0.1083808270152582,0.08347675735799176,0.024904069657266437,0.5238095238095238,0.00039624935962684436,0.17019766792556257,0.19061747039985732,-0.020419802474294757,0.48412698412698413,-9.94722043247017e-05,0.24984779876732488,0.20153031226032936,0.04831748650699552,0.4880952380952381,0.000178147216315701,0.7482637786132469,0.7861710049776325,-0.03790722636438559,0.5013227513227513,-7.1207041605905905e-06,0.20042315995026594,0.1854631604136603,0.01495999953660565,0.013540546313035362,-0.008125516627877416,0.021666062940912778,0.5,0.002391872054705063,-0.14676188154366465,-0.16514500856565595,-0.008393344144725257,0.1083808270152582,0.08347675735799176,2,2,5,3,5,6,4,3,5,2,False,False,3
2025-10-31,EWY,south_korea,VT,0.16125940190176613,0.013553480515634542,0.1477059213861316,0.7142857142857143,0.0066414218768210565,0.3410756325830997,0.08347675735799176,0.25759887522510794,0.6507936507936508,0.0034853099364244608,0.6808179180246345,0.19061747039985732,0.4902004476247772,0.5714285714285714,0.002833216101625299,0.6102379189545561,0.20153031226032936,0.4087076066942268,0.5317460317460317,0.0012427657123011172,1.001686383531521,0.7861710049776325,0.21551537855388858,0.4801587301587302,0.00022552223655097477,0.3866306841671283,0.1854631604136603,0.20116752375346802,-0.0931206455094663,-0.008125516627877416,-0.08499512888158889,0.75,0.028122383735009377,-0.25472724740338903,-0.16514500856565595,-0.008393344144725257,0.3410756325830997,0.08347675735799176,1,1,1,1,1,1,7,1,1,1,False,False,0
2025-10-31,MCHI,china,VT,-0.051052315693315475,0.013553480515634542,-0.06460579620895002,0.3333333333333333,-0.0030161839849085228,0.10614229742497905,0.08347675735799176,0.02266554006698729,0.5238095238095238,0.0004139724688766744,0.20176476669828047,0.19061747039985732,0.011147296298423148,0.5317460317460317,0.00013711333875616685,0.3066861122398612,0.20153031226032936,0.10515579997953184,0.5119047619047619,0.000435965306170875,0.7996415655050759,0.7861710049776325,0.013470560527443443,0.48544973544973546,0.00013764943991218572,0.3769843520873817,0.1854631604136603,0.1915211916737214,0.1023680956244104,-0.008125516627877416,0.11049361225228782,0.6666666666666666,0.008229282407516756,-0.2534646190316886,-0.16514500856565595,-0.008393344144725257,0.10614229742497905,0.08347675735799176,7,3,3,2,3,2,1,2,2,3,False,False,0
2025-11-28,VTI,us,VT,-0.004145498604446574,-0.004943854791233493,0.0007983561867869193,0.5238095238095238,4.4918507418474574e-05,0.05985203610211198,0.05689278663244224,0.0029592494696697447,0.6031746031746031,4.8179750948496556e-05,0.16690725980950738,0.15147443166636831,0.015432828143139066,0.5873015873015873,0.00010849697734821408,0.14292174539741276,0.1856998021650873,-0.042778056767674544,0.5,-0.00012830503876384936,0.7543220277123379,0.6865516142896497,0.06777041342268819,0.5171957671957672,6.142914549417797e-05,0.14767944895139284,0.19159085431940426,-0.043911405368011414,-0.07819705520635323,-0.02678356254802594,-0.05141349265832729,0.5,-0.002965617831827305,-0.19303588728900023,-0.16514500856565595,-0.006277420084724539,0.05985203610211198,0.05689278663244224,4,3,3,7,1,7,7,4,3,3,True,False,0
2025-11-28,VEA,developed_ex_us,VT,0.004240739625357426,-0.004943854791233493,0.009184594416590919,0.5714285714285714,0.0004357143694359128,0.05373682767140009,0.05689278663244224,-0.003155958961042149,0.4603174603174603,-4.844641717311356e-05,0.1219307453751437,0.15147443166636831,-0.029543686291224613,0.4444444444444444,-0.0002023518381180724,0.2783244899462469,0.1856998021650873,0.09262468778115962,0.503968253968254,0.00029276486918121777,0.5948368744371664,0.6865516142896497,-0.09171473985248335,0.48148148148148145,-7.281450157613421e-05,0.27292634077277067,0.19159085431940426,0.08133548645336641,0.08384152116989951,-0.02678356254802594,0.11062508371792545,0.5,0.006098652347506395,-0.13453328244444707,-0.16514500856565595,-0.006277420084724539,0.05373682767140009,0.05689278663244224,2,5,6,4,4,4,3,4,7,5,False,False,1
2025-11-28,VWO,emerging_markets,VT,-0.026358233832175282,-0.004943854791233493,-0.02141437904094179,0.3333333333333333,-0.0010481941829504084,0.059220096203610906,0.05689278663244224,0.0023273095711686675,0.5079365079365079,4.543559553074837e-05,0.16467295859337594,0.15147443166636831,0.013198526927007626,0.49206349206349204,9.858860770907616e-05,0.23526818916229963,0.1856998021650873,0.04956838699721233,0.4880952380952381,0.00016115679022231356,0.5385803680463412,0.6865516142896497,-0.14797124624330849,0.458994708994709,-0.00011441050583957977,0.2687091208342627,0.19159085431940426,0.07711826651485842,0.02112267195844475,-0.02678356254802594,0.04790623450647069,0.5,0.003924738087630886,-0.17367915326578032,-0.16514500856565595,-0.006277420084724539,0.059220096203610906,0.05689278663244224,5,4,4,6,7,5,5,4,4,4,False,False,0
2025-11-28,VGK,europe,VT,0.0060461595598573226,-0.004943854791233493,0.010990014351090815,0.6190476190476191,0.0005260341709117563,0.04132911038385445,0.05689278663244224,-0.015563676248587788,0.47619047619047616,-0.00023601699269423573,0.08060360688104184,0.15147443166636831,-0.07087082478532647,0.4444444444444444,-0.0004979789317377675,0.29243641266214704,0.1856998021650873,0.10673661049705974,0.49603174603174605,0.00034084621754991505,0.617358060553427,0.6865516142896497,-0.06919355373622271,0.4880952380952381,-5.004682658132567e-05,0.28466909831213383,0.19159085431940426,0.09307824399272957,0.13604329125783599,-0.02678356254802594,0.16282685380586193,0.5833333333333334,0.0070334738005316715,-0.14306562890345453,-0.16514500856565595,-0.006277420084724539,0.04132911038385445,0.05689278663244224,1,6,7,3,3,3,1,3,6,6,False,False,1
2025-11-28,EWJ,japan,VT,-0.0026433146779785144,-0.004943854791233493,0.0023005401132549785,0.5238095238095238,0.00012616635657277823,0.06042404795374767,0.05689278663244224,0.0035312613213054345,0.5238095238095238,8.355112708823505e-05,0.1290063238776058,0.15147443166636831,-0.022468107788762515,0.46825396825396826,-0.0001177791566797507,0.2421674691008937,0.1856998021650873,0.056467666935806404,0.4880952380952381,0.0002077236037778417,0.5944153234080729,0.6865516142896497,-0.09213629088157682,0.49867724867724866,-5.262720173776521e-05,0.24545961077087397,0.19159085431940426,0.05386875645146971,0.06030063686257914,-0.02678356254802594,0.08708419941060508,0.5,0.0031860826943020857,-0.14676188154366465,-0.16514500856565595,-0.006277420084724539,0.06042404795374767,0.05689278663244224,3,2,5,5,5,6,4,4,5,2,False,False,3
2025-11-28,EWY,south_korea,VT,-0.06222908180462583,-0.004943854791233493,-0.05728522701339234,0.3333333333333333,-0.002624858020688855,0.2578905158097553,0.05689278663244224,0.20099772917731307,0.6031746031746031,0.0029081446752648957,0.4987630472525213,0.15147443166636831,0.347288615586153,0.5476190476190477,0.0022157478187889764,0.5839785156415986,0.1856998021650873,0.39827871347651134,0.5277777777777778,0.0012377620331049618,0.6994098466459089,0.6865516142896497,0.012858232356259158,0.4722222222222222,8.776929625200518e-05,0.6890889714193444,0.19159085431940426,0.4974981170999402,-0.02053761887360095,-0.02678356254802594,0.006245943674424992,0.75,0.029316729786009642,-0.25328299723743253,-0.16514500856565595,-0.006277420084724539,0.2578905158097553,0.05689278663244224,7,1,1,1,2,1,6,1,2,1,False,False,0
2025-11-28,MCHI,china,VT,-0.050236568186703856,-0.004943854791233493,-0.04529271339547036,0.2857142857142857,-0.0022048431271984277,0.01451636329701289,0.05689278663244224,-0.04237642333542935,0.42857142857142855,-0.000585600160884728,0.18922245427553497,0.15147443166636831,0.037748022609166654,0.5,0.00031034728644161033,0.3802454568742675,0.1856998021650873,0.19454565470918017,0.503968253968254,0.0006893133284873048,0.5729126714977943,0.6865516142896497,-0.11363894279185538,0.48148148148148145,2.6399770361371105e-05,0.45325184213408964,0.19159085431940426,0.2616609878146854,0.13513945707609798,-0.02678356254802594,0.16192301962412392,0.6666666666666666,0.01270999202117006,-0.2534646190316886,-0.16514500856565595,-0.006277420084724539,0.01451636329701289,0.05689278663244224,6,7,2,2,6,2,2,2,1,7,False,True,-5
2025-12-31,VTI,us,VT,0.004664340874815043,0.01404132101392408,-0.009376980139109037,0.47619047619047616,-0.0004400480275057567,0.020986386041649263,0.026560478659120035,-0.005574092617470772,0.5396825396825397,-8.198073781651513e-05,0.1035830057318512,0.10513497546448702,-0.0015519697326358273,0.5714285714285714,-8.158710194499062e-06,0.15401920969509453,0.20971690610423943,-0.0556976964091449,0.49603174603174605,-0.00016997069007538957,0.8252287615017966,0.7379413620886239,0.08728739941317265,0.5224867724867724,7.364867949267767e-05,0.1486614610908037,0.19296608632739187,-0.04430462523658818,-0.005732368304531499,0.04790286789259479,-0.05363523619712629,0.5,-0.00365937811969382,-0.19303588728900023,-0.16514500856565595,-0.010105218641137448,0.020986386041649263,0.026560478659120035,6,5,6,7,2,7,7,5,3,5,False,True,1
2025-12-31,VEA,developed_ex_us,VT,0.03700486694355343,0.01404132101392408,0.022963545929629348,0.7619047619047619,0.0010662064501772085,0.05229286975324943,0.026560478659120035,0.025732391094129392,0.5555555555555556,0.00038979584665202856,0.11690602296892427,0.10513497546448702,0.011771047504437249,0.49206349206349204,8.716936420272423e-05,0.3435114706118625,0.20971690610423943,0.13379456450762306,0.5317460317460317,0.0004108965720650969,0.6384081701288753,0.7379413620886239,-0.09953319195974863,0.48148148148148145,-7.650261725565786e-05,0.2955691081486438,0.19296608632739187,0.10260302182125192,0.1739752392799201,0.04790286789259479,0.1260723713873253,0.5833333333333334,0.00845085892832064,-0.13453328244444707,-0.16514500856565595,-0.010105218641137448,0.05229286975324943,0.026560478659120035,3,2,3,3,4,4,3,2,7,2,False,False,1
2025-12-31,VWO,emerging_markets,VT,0.010448742116154985,0.01404132101392408,-0.0035925788977690942,0.47619047619047616,-0.00016674037105447934,0.005444682724854655,0.026560478659120035,-0.02111579593426538,0.4444444444444444,-0.0003210270065594771,0.10644853258800113,0.10513497546448702,0.0013135571235141086,0.5,1.5754521125610135e-05,0.24307603175025916,0.20971690610423943,0.03335912564601973,0.4880952380952381,0.00010585276399759863,0.5266846472487972,0.7379413620886239,-0.21125671483982678,0.458994708994709,-0.0001639035283385094,0.23022176181536835,0.19296608632739187,0.03725567548797648,0.06467773501180885,0.04790286789259479,0.016774867119214054,0.5,0.0023077780835518333,-0.17367915326578032,-0.16514500856565595,-0.010105218641137448,0.005444682724854655,0.026560478659120035,5,6,4,6,6,5,6,5,4,6,False,False,-2
2025-12-31,VGK,europe,VT,0.04043808809157601,0.01404132101392408,0.026396767077651928,0.5714285714285714,0.0012242771183469234,0.04559391309717764,0.026560478659120035,0.019033434438057606,0.5079365079365079,0.00028682154799650856,0.08782898577043308,0.10513497546448702,-0.017305989694053947,0.47619047619047616,-0.00012037563166588863,0.34965520562373076,0.20971690610423943,0.13993829951949133,0.5079365079365079,0.0004336696015416021,0.6575195184780693,0.7379413620886239,-0.0804218436105546,0.48544973544973546,-5.714864061739536e-05,0.2971989598144533,0.19296608632739187,0.10423287348706145,0.2182947530175401,0.04790286789259479,0.1703918851249453,0.5833333333333334,0.00901329735260061,-0.14306562890345453,-0.16514500856565595,-0.010105218641137448,0.04559391309717764,0.026560478659120035,2,3,7,2,3,3,1,2,6,3,False,False,4
2025-12-31,EWJ,japan,VT,0.014915811338562124,0.01404132101392408,0.0008744903246380442,0.38095238095238093,4.827078823038413e-05,0.044271256279801774,0.026560478659120035,0.01771077762068174,0.4603174603174603,0.00029880757427822697,0.12491269702418029,0.10513497546448702,0.019777721559693262,0.48412698412698413,0.0001760074797947569,0.2467005956362962,0.20971690610423943,0.036983689532056774,0.4801587301587302,0.0001408420058930655,0.6105051023117045,0.7379413620886239,-0.1274362597769194,0.49206349206349204,-7.834263627753938e-05,0.22837833612231861,0.19296608632739187,0.03541224979492674,0.10792851985422725,0.04790286789259479,0.060025651961632454,0.4166666666666667,0.002550345097227245,-0.14476979128753364,-0.16514500856565595,-0.010105218641137448,0.044271256279801774,0.026560478659120035,4,4,2,5,5,6,5,7,5,4,False,False,-2
2025-12-31,EWY,south_korea,VT,0.09692775832850065,0.01404132101392408,0.08288643731457657,0.6190476190476191,0.0038457116379410497,0.21386733708628092,0.026560478659120035,0.18730685842716088,0.5714285714285714,0.0028143949571048316,0.38156508826886903,0.10513497546448702,0.276430112804382,0.5634920634920635,0.0018876815928300338,0.9316673080131219,0.20971690610423943,0.7219504019088825,0.5515873015873016,0.0019493047634837864,0.8309418894400376,0.7379413620886239,0.09300052735141362,0.4775132275132275,0.00014693341413239098,0.7609795115009197,0.19296608632739187,0.5680134251735278,0.19976682628702402,0.04790286789259479,0.15186395839442923,0.8333333333333334,0.04174652329393023,-0.24495355538408026,-0.16514500856565595,-0.010105218641137448,0.21386733708628092,0.026560478659120035,1,1,1,1,1,1,2,1,2,1,False,False,0
2025-12-31,MCHI,china,VT,-0.029616965949496254,0.01404132101392408,-0.043658286963420334,0.38095238095238093,-0.00207695523051319,-0.08220063281893086,0.026560478659120035,-0.1087611114780509,0.36507936507936506,-0.0017285266778279472,0.10553097926762622,0.10513497546448702,0.0003960038031391999,0.48412698412698413,5.4584287278701205e-05,0.29355667324002743,0.20971690610423943,0.083839767135788,0.4880952380952381,0.00033696410062701115,0.3902242426170639,0.7379413620886239,-0.34771711947156003,0.47619047619047616,-0.0001795401792246731,0.3330371903149989,0.19296608632739187,0.14007110398760703,0.12197170059080853,0.04790286789259479,0.07406883269821374,0.5833333333333334,0.0067837223700818365,-0.2534646190316886,-0.16514500856565595,-0.010105218641137448,-0.08220063281893086,0.026560478659120035,7,7,5,4,7,2,4,2,1,7,False,False,-2
2026-01-30,VTI,us,VT,0.00805084202838513,0.024440159156616126,-0.016389317128230996,0.38095238095238093,-0.0007691758834158302,0.011329352028236483,0.03548290861466552,-0.024153556586429037,0.4603174603174603,-0.0003721320354855575,0.10162901165321903,0.13233682893409027,-0.03070781728087124,0.5317460317460317,-0.00021520133742857885,0.15536791892764512,0.22652777366831245,-0.07115985474066733,0.49206349206349204,-0.00022080085984159018,0.7652740172527834,0.681013036910612,0.08426098034217144,0.5251322751322751,7.320736278104391e-05,0.1461405226375594,0.19726639248315658,-0.051125869845597194,0.02530199035547276,0.07151150537751616,-0.0462095150220434,0.5,-0.0048785154149785515,-0.19303588728900023,-0.16514500856565595,-0.01088062778777632,0.011329352028236483,0.03548290861466552,7,6,6,7,2,7,7,6,2,6,False,True,0
2026-01-30,VEA,developed_ex_us,VT,0.05430790671134966,0.024440159156616126,0.029867747554733537,0.6666666666666666,0.001379983896581095,0.09802677705002028,0.03548290861466552,0.06254386843535475,0.6507936507936508,0.0009342403598573765,0.20317411059443846,0.13233682893409027,0.0708372816603482,0.5396825396825397,0.0004830612723974562,0.37320922341303353,0.22652777366831245,0.14668144974472108,0.5357142857142857,0.00044428245515087993,0.5977764693690626,0.681013036910612,-0.0832365675415494,0.4828042328042328,-6.543807770932557e-05,0.30247455669417955,0.19726639248315658,0.10520816421102297,0.1565478420418227,0.07151150537751616,0.08503633666430654,0.5833333333333334,0.009647391609673067,-0.13453328244444707,-0.16514500856565595,-0.01088062778777632,0.09802677705002028,0.03548290861466552,3,2,3,2,3,2,4,2,7,2,False,False,1
2026-01-30,VWO,emerging_markets,VT,0.04943319120031586,0.024440159156616126,0.024993032043699737,0.5238095238095238,0.0011678148640252163,0.03245696196545089,0.03548290861466552,-0.003025946649214628,0.4444444444444444,-4.294270741945014e-05,0.16222385243936,0.13233682893409027,0.029887023505269728,0.5158730158730159,0.00021612991542100936,0.31638813385274434,0.22652777366831245,0.08986036018443189,0.503968253968254,0.0002801831697828875,0.4502025263042453,0.681013036910612,-0.2308105106063667,0.4576719576719577,-0.00018758545732255457,0.2543801214702308,0.19726639248315658,0.05711372898707423,0.1294619187044317,0.07151150537751616,0.05795041332691553,0.5833333333333334,0.0056766064216666745,-0.14767365039248526,-0.16514500856565595,-0.01088062778777632,0.03245696196545089,0.03548290861466552,4,5,5,6,6,5,5,2,4,5,False,False,0
2026-01-30,VGK,europe,VT,0.04228712951757263,0.024440159156616126,0.017846970360956504,0.6190476190476191,0.0008310115501272035,0.08991972992869846,0.03548290861466552,0.054436821314032935,0.5873015873015873,0.000817534542697334,0.17064517369411725,0.13233682893409027,0.03830834476002698,0.5,0.0002657034251166939,0.3392788487043872,0.22652777366831245,0.11275107503607473,0.5079365079365079,0.00034884929539510636,0.58687439974992,0.681013036910612,-0.09413863716069204,0.48677248677248675,-7.064645868514136e-05,0.2849423261364443,0.19726639248315658,0.08767593365328774,0.17293658944828483,0.07151150537751616,0.10142508407076867,0.5833333333333334,0.007594932264747741,-0.14306562890345453,-0.16514500856565595,-0.01088062778777632,0.08991972992869846,0.03548290861466552,5,3,4,3,5,3,2,2,6,3,False,False,1
2026-01-30,EWJ,japan,VT,0.05853297933891666,0.024440159156616126,0.03409282018230053,0.5714285714285714,0.0015891236765510736,0.06845291991328284,0.03548290861466552,0.03297001129861732,0.47619047619047616,0.0005157418442271722,0.20792366245039706,0.13233682893409027,0.0755868335163068,0.5,0.0005399123834115675,0.31640525927106555,0.22652777366831245,0.0898774856027531,0.48412698412698413,0.0003034109330979093,0.5931942509840935,0.681013036910612,-0.08781878592651848,0.4933862433862434,-4.813968179808267e-05,0.24361289158245913,0.19726639248315658,0.04634649909930255,0.10165078761486979,0.07151150537751616,0.030139282237353626,0.5,0.006032841552510955,-0.14476979128753364,-0.16514500856565595,-0.01088062778777632,0.06845291991328284,0.03548290861466552,2,4,2,5,4,6,6,6,5,4,False,False,-2
2026-01-30,EWY,south_korea,VT,0.24122896220819512,0.024440159156616126,0.216788803051579,0.5714285714285714,0.009369298451912806,0.29163442851672094,0.03548290861466552,0.2561515199020554,0.5238095238095238,0.003684342959042789,0.7189862169535317,0.13233682893409027,0.5866493880194414,0.5873015873015873,0.0034531269303323766,1.2998783443652884,0.22652777366831245,1.073350570696976,0.5555555555555556,0.002600435243529107,1.0591427205348567,0.681013036910612,0.3781296836242447,0.4801587301587302,0.0003495757888092868,0.8529041896296996,0.19726639248315658,0.655637797146543,0.3164277823225634,0.07151150537751616,0.24491627694504725,0.8333333333333334,0.057748589220476376,-0.18843524575042925,-0.16514500856565595,-0.01088062778777632,0.29163442851672094,0.03548290861466552,1,1,1,1,1,1,1,1,3,1,False,False,0
2026-01-30,MCHI,china,VT,0.030042926888388166,0.024440159156616126,0.00560276773177204,0.42857142857142855,0.0003454578112775254,-0.03553686360166475,0.03548290861466552,-0.07101977221633027,0.38095238095238093,-0.0010884652509175721,0.09982045611780488,0.13233682893409027,-0.03251637281628539,0.4603174603174603,-0.00016956771193923518,0.32200888954695195,0.22652777366831245,0.0954811158786395,0.49206349206349204,0.0003710395994075512,0.21892376134005587,0.681013036910612,-0.4620892755705561,0.4722222222222222,-0.00031216814783370625,0.28345028642694636,0.19726639248315658,0.08618389394378978,0.15681325158345305,0.07151150537751616,0.08530174620593689,0.5833333333333334,0.007199651485964141,-0.22898552179594656,-0.16514500856565595,-0.01088062778777632,-0.03553686360166475,0.03548290861466552,6,7,7,4,7,4,3,2,1,7,False,False,0
2026-02-27,VTI,us,VT,-0.012562652184067935,0.0070843257850568,-0.019646977969124735,0.2857142857142857,-0.0009362128360801096,0.02279306246594759,0.0714921072992829,-0.048699044833335314,0.38095238095238093,-0.0007371508206000935,0.06814875821374211,0.11615193347795283,-0.04800317526421072,0.48412698412698413,-0.000346342467438582,0.170125359155598,0.24226410819699828,-0.07213874904140027,0.5,-0.00022096265344395593,0.7593570434957722,0.7386807609631472,0.02067628253262499,0.5158730158730159,2.3722382816282327e-05,0.18501225596109472,0.2335254123120334,-0.04851315635093867,0.0737286594369837,0.08889778416812577,-0.01516912473114207,0.5,-0.0054240456995660324,-0.19303588728900023,-0.16514500856565595,-0.007185573170608195,0.02279306246594759,0.0714921072992829,6,6,6,6,3,6,5,5,2,6,False,True,0
2026-02-27,VEA,developed_ex_us,VT,0.05275772151635727,0.0070843257850568,0.04567339573130047,0.7142857142857143,0.0021177633352112875,0.17810290232030734,0.0714921072992829,0.10661079502102444,0.6984126984126984,0.0015108476818817209,0.22120958863911477,0.11615193347795283,0.10505765516116194,0.5873015873015873,0.0007158591216006514,0.4073545811974595,0.24226410819699828,0.1650904730004612,0.5357142857142857,0.0004906566863662771,0.7460210827954021,0.7386807609631472,0.00734032183225497,0.49206349206349204,7.770195451252456e-06,0.3368266529267083,0.2335254123120334,0.10330124061467494,0.12046397357928251,0.08889778416812577,0.03156618941115674,0.5833333333333334,0.011064621952550082,-0.13453328244444707,-0.16514500856565595,-0.007185573170608195,0.17810290232030734,0.0714921072992829,3,2,2,2,4,2,2,2,7,2,False,False,0
2026-02-27,VWO,emerging_markets,VT,0.004147857334976468,0.0070843257850568,-0.0029364684500803317,0.6190476190476191,-0.0001223031076769185,0.1001330503022595,0.0714921072992829,0.028640943002976593,0.5396825396825397,0.00042861715341784256,0.15652359634331203,0.11615193347795283,0.040371662865359204,0.5317460317460317,0.00029232862040271023,0.29652078001623594,0.24226410819699828,0.054256671819237656,0.503968253968254,0.00016883627547647345,0.59478364679425,0.7386807609631472,-0.14389711416889717,0.4695767195767196,-0.00010619653413405818,0.29116521092543257,0.2335254123120334,0.057639798613399185,0.09884239475289314,0.08889778416812577,0.009944610584767366,0.5833333333333334,0.005728439528438563,-0.14513837756962078,-0.16514500856565595,-0.007185573170608195,0.1001330503022595,0.0714921072992829,5,5,5,5,6,3,4,2,4,5,False,False,0
2026-02-27,VGK,europe,VT,0.026408638171547816,0.0070843257850568,0.019324312386491016,0.5238095238095238,0.000903427290966369,0.13437620064489053,0.0714921072992829,0.06288409334560763,0.5714285714285714,0.0009079884702653608,0.16020365458213792,0.11615193347795283,0.04405172110418509,0.5158730158730159,0.0003080644192683734,0.3132832515198789,0.24226410819699828,0.07101914332288062,0.49206349206349204,0.00021893834313552714,0.6551661575181247,0.7386807609631472,-0.08351460344502248,0.48677248677248675,-5.9320227647730156e-05,0.27949356881813814,0.2335254123120334,0.04596815650610475,0.11294658212155939,0.08889778416812577,0.02404879795343362,0.5833333333333334,0.00505677188265304,-0.14306562890345453,-0.16514500856565595,-0.007185573170608195,0.13437620064489053,0.0714921072992829,4,4,4,4,5,5,3,2,6,4,False,False,0
2026-02-27,EWJ,japan,VT,0.08402778465452387,0.0070843257850568,0.07694345886946707,0.7142857142857143,0.0035610771140470307,0.16975302645562285,0.0714921072992829,0.09826091915633994,0.5238095238095238,0.0014249886557486107,0.21869722399811442,0.11615193347795283,0.10254529052016159,0.5238095238095238,0.000729041028659565,0.38975486282257354,0.24226410819699828,0.14749075462557526,0.49603174603174605,0.0004706801521200161,0.8052412839845247,0.7386807609631472,0.0665605230213775,0.5,7.433761756232507e-05,0.2820288211205617,0.2335254123120334,0.048503408808528325,0.07147239497459679,0.08889778416812577,-0.017425389193528984,0.5,0.010504435488333463,-0.14476979128753364,-0.16514500856565595,-0.007185573170608195,0.16975302645562285,0.0714921072992829,2,3,3,3,2,4,6,5,5,3,False,False,0
2026-02-27,EWY,south_korea,VT,0.2055590798060445,0.0070843257850568,0.1984747540209877,0.6666666666666666,0.008849999909620068,0.7236866819698942,0.0714921072992829,0.6521945746706113,0.6507936507936508,0.007750997845423527,1.1356398964578314,0.11615193347795283,1.0194879629798785,0.626984126984127,0.005325441434336904,1.6772153833127161,0.24226410819699828,1.4349512751157179,0.5555555555555556,0.003170890525780645,1.7319662418404853,0.7386807609631472,0.9932854808773381,0.4880952380952381,0.0006844296522706492,1.2207251624229296,0.2335254123120334,0.9871997501108962,0.27123325379875185,0.08889778416812577,0.18233546963062608,0.8333333333333334,0.07436695538812292,-0.16318854145851813,-0.16514500856565595,-0.007185573170608195,0.7236866819698942,0.0714921072992829,1,1,1,1,1,1,1,1,3,1,False,False,0
2026-02-27,MCHI,china,VT,-0.07588793748265443,0.0070843257850568,-0.08297226326771123,0.38095238095238093,-0.004050150244721662,-0.038876884450058546,0.0714921072992829,-0.11036899174934145,0.3968253968253968,-0.0016824515378044925,-0.0039676698405478605,0.11615193347795283,-0.12011960331850069,0.42857142857142855,-0.0008491894496544809,0.08975971818126349,0.24226410819699828,-0.1525043900157348,0.46825396825396826,-0.00045786980783196014,0.29380309445282715,0.7386807609631472,-0.44487766651032,0.47354497354497355,-0.0002799479367976625,0.1792506151393396,0.2335254123120334,-0.05427479717269379,0.06748659737729956,0.08889778416812577,-0.02141118679082621,0.5,-0.007818052967283348,-0.22898552179594656,-0.16514500856565595,-0.007185573170608195,-0.038876884450058546,0.0714921072992829,7,7,7,7,7,7,7,5,1,7,False,False,0
2026-03-31,VTI,us,VT,-0.05102887476286244,-0.056516638575976885,0.0054877638131144435,0.47619047619047616,0.000251957264911747,-0.04898173004096884,-0.023696251047510497,-0.025285478993458343,0.38095238095238093,-0.00042423550019056477,-0.013366146612709073,0.01728379504339328,-0.030649941656102353,0.46825396825396826,-0.0002445626070210897,0.18714893987146075,0.21665039589363433,-0.029501456022173578,0.5198412698412699,-8.512832069149453e-05,0.696135287588066,0.6530293190329086,0.04310596855515736,0.5145502645502645,4.118215651391469e-05,0.2509853127246684,0.28953031461764556,-0.03854500189297716,0.17421812603939157,0.16693110893027097,0.007287017109120608,0.5833333333333334,-0.002325519773987872,-0.19303588728900023,-0.16514500856565595,-0.06893495521069548,-0.04898173004096884,-0.023696251047510497,2,6,6,6,2,6,2,2,2,6,False,False,0
2026-03-31,VEA,developed_ex_us,VT,-0.0698587797291883,-0.056516638575976885,-0.013342141153211418,0.5238095238095238,-0.0006070440305371241,0.02342229759556913,-0.023696251047510497,0.04711854864307963,0.6349206349206349,0.0007788184758819902,0.0932013377333325,0.01728379504339328,0.07591754268993922,0.5952380952380952,0.0005851542855372671,0.29018973887307453,0.21665039589363433,0.0735393429794402,0.5198412698412699,0.00023604022619300212,0.6251009533584759,0.6530293190329086,-0.027928365674432687,0.4933862433862434,-1.8638539152465745e-05,0.38709016518742634,0.28953031461764556,0.09755985056978078,0.1607985845611184,0.16693110893027097,-0.00613252436915257,0.5,0.005906504296441535,-0.13453328244444707,-0.16514500856565595,-0.06893495521069548,0.02342229759556913,-0.023696251047510497,6,3,2,2,3,2,3,3,7,3,False,False,-1
2026-03-31,VWO,emerging_markets,VT,-0.05573036913675922,-0.056516638575976885,0.0007862694392176683,0.5714285714285714,9.959560116855668e-05,0.008207337153564476,-0.023696251047510497,0.03190358820107497,0.5873015873015873,0.0005413785944219796,0.021738040695967298,0.01728379504339328,0.004454245652574018,0.5158730158730159,5.480218196709237e-05,0.22619185377020723,0.21665039589363433,0.0095414578765729,0.503968253968254,3.5539036906038406e-05,0.49673011259119115,0.6530293190329086,-0.15629920644171746,0.4748677248677249,-0.00012146454335307094,0.29856114577065895,0.28953031461764556,0.009030831153013397,0.14388932934925291,0.16693110893027097,-0.02304177958101805,0.5,0.0009104016684637525,-0.14513837756962078,-0.16514500856565595,-0.06893495521069548,0.008207337153564476,-0.023696251047510497,3,4,5,4,6,4,5,3,4,4,False,False,1
2026-03-31,VGK,europe,VT,-0.06179167970027044,-0.056516638575976885,-0.005275041124293556,0.5714285714285714,-0.00022228110493837159,-0.010210761314110361,-0.023696251047510497,0.013485489733400136,0.5714285714285714,0.0002380199615172197,0.05540311824435884,0.01728379504339328,0.03811932320096556,0.5396825396825397,0.0003003585439344695,0.19824706642318435,0.21665039589363433,-0.01840332947044998,0.48412698412698413,-5.757192941734079e-05,0.5607370509302312,0.6530293190329086,-0.09229226810267743,0.4894179894179894,-7.01065886558486e-05,0.27716525263853997,0.28953031461764556,-0.012365061979105585,0.1272218483235641,0.16693110893027097,-0.039709260606706875,0.5,-6.52579118673724e-05,-0.14306562890345453,-0.16514500856565595,-0.06893495521069548,-0.010210761314110361,-0.023696251047510497,4,5,4,5,5,5,6,3,6,5,False,False,-1
2026-03-31,EWJ,japan,VT,-0.06385801958617399,-0.056516638575976885,-0.007341381010197101,0.5238095238095238,-0.0002616354031994667,0.04131218125638059,-0.023696251047510497,0.06500843230389108,0.5714285714285714,0.001092244230206078,0.08805670197146642,0.01728379504339328,0.07077290692807314,0.5079365079365079,0.0005819816723031553,0.27576641928017587,0.21665039589363433,0.05911602338654154,0.4880952380952381,0.00022440191892389528,0.6147306342607011,0.6530293190329086,-0.03829868477220755,0.4947089947089947,-3.02757193128814e-06,0.3627915914167392,0.28953031461764556,0.07326127679909367,0.15475062841391685,0.16693110893027097,-0.01218048051635412,0.4166666666666667,0.005250726640383785,-0.14476979128753364,-0.16514500856565595,-0.06893495521069548,0.04131218125638059,-0.023696251047510497,5,2,3,3,4,3,4,7,5,2,False,False,1
2026-03-31,EWY,south_korea,VT,-0.16625994487020146,-0.056516638575976885,-0.10974330629422457,0.5238095238095238,-0.004794623324258438,0.24604943897056364,-0.023696251047510497,0.26974569001807414,0.5873015873015873,0.004410515340905449,0.5674583920083103,0.01728379504339328,0.550174596964917,0.5873015873015873,0.0037784131010069814,1.2955439103472886,0.21665039589363433,1.0788935144536542,0.5634920634920635,0.0027274940400564465,1.2137946275359672,0.6530293190329086,0.5607653085030586,0.4880952380952381,0.0005014565160245801,1.7533088955284906,0.28953031461764556,1.463778580910845,0.3440407774812648,0.16693110893027097,0.17710966855099386,0.75,0.06120234255534244,-0.16318854145851813,-0.16514500856565595,-0.06893495521069548,0.24604943897056364,-0.023696251047510497,7,1,1,1,1,1,1,1,3,1,False,False,0
2026-03-31,MCHI,china,VT,-0.03982218615810307,-0.056516638575976885,0.016694452417873817,0.47619047619047616,0.0008642768308094263,-0.06940529672955464,-0.023696251047510497,-0.04570904568204415,0.42857142857142855,-0.000713782203785319,-0.13220418083158958,0.01728379504339328,-0.14948797587498286,0.40476190476190477,-0.0012132409806595481,0.052385473134771265,0.21665039589363433,-0.16426492275886306,0.4642857142857143,-0.0005209394561919716,0.24609928721618268,0.6530293190329086,-0.40693003181672593,0.4748677248677249,-0.0002645055385999145,0.09603185781176293,0.28953031461764556,-0.19349845680588262,0.11869949565609961,0.16693110893027097,-0.04823161327417136,0.5,-0.01098457873167393,-0.22898552179594656,-0.16514500856565595,-0.06893495521069548,-0.06940529672955464,-0.023696251047510497,1,7,7,7,7,7,7,3,1,7,False,False,0
2026-04-30,VTI,us,VT,0.1040178780116674,0.09311727633834255,0.01090060167332485,0.6666666666666666,0.0004591364895202288,0.037978272426399284,0.03295476095376837,0.005023511472630915,0.49206349206349204,6.48109131602333e-05,0.05429022805958983,0.077500327689775,-0.023210099630185166,0.47619047619047616,-0.00017747744058682535,0.3143349113706937,0.3203653474577026,-0.006030436087008928,0.5317460317460317,-1.7784807115178448e-05,0.8286419445247033,0.755034480693832,0.07360746383087124,0.5211640211640212,6.0983980198669046e-05,0.19050147424949904,0.20788992731007028,-0.01738845306057124,0.20662946052610498,0.18736770721738139,0.019261753308723595,0.6666666666666666,-0.0004209059132215161,-0.19303588728900023,-0.16514500856565595,0.0,0.037978272426399284,0.03295476095376837,2,2,6,4,2,5,3,2,2,2,True,False,4
2026-04-30,VEA,developed_ex_us,VT,0.07365796578740014,0.09311727633834255,-0.01945931055094241,0.3333333333333333,-0.0008124038000932918,0.027539640818347477,0.03295476095376837,-0.005415120135420892,0.5079365079365079,-4.154894833711314e-05,0.13660524411360586,0.077500327689775,0.05910491642383087,0.5793650793650794,0.00044618315875521124,0.3404873187894246,0.3203653474577026,0.020121971331722,0.503968253968254,7.217657688435561e-05,0.6574860456938292,0.755034480693832,-0.09754843500000288,0.48412698412698413,-7.068456126426186e-05,0.2485236094777512,0.20788992731007028,0.04063368216768093,0.1420802064388864,0.18736770721738139,-0.04528750077849497,0.4166666666666667,0.0015617519182136719,-0.13453328244444707,-0.16514500856565595,0.0,0.027539640818347477,0.03295476095376837,4,4,2,3,4,2,5,5,7,4,False,False,-2
2026-04-30,VWO,emerging_markets,VT,0.09028686667941455,0.09311727633834255,-0.0028304096589280014,0.38095238095238093,-8.665369779059517e-05,0.022380317758529333,0.03295476095376837,-0.010574443195239036,0.5238095238095238,-0.00012414869237515575,0.08053377380411719,0.077500327689775,0.0030334461143421976,0.49206349206349204,4.232535717815216e-05,0.3416385025135391,0.3203653474577026,0.02127315505583649,0.503968253968254,7.907569107477092e-05,0.6522528242511059,0.755034480693832,-0.10278165644272619,0.47619047619047616,-6.9103828468559e-05,0.2305371581697968,0.20788992731007028,0.02264723085972653,0.20435680101682796,0.18736770721738139,0.016989093799446575,0.5,0.0011774926195713409,-0.14513837756962078,-0.16514500856565595,0.0,0.022380317758529333,0.03295476095376837,3,5,5,2,5,3,4,3,4,5,False,False,0
2026-04-30,VGK,europe,VT,0.05713951432607267,0.09311727633834255,-0.035977762012269876,0.3333333333333333,-0.0015624991095476173,-0.00874427643392195,0.03295476095376837,-0.04169903738769032,0.4603174603174603,-0.0006262658497632013,0.0846252167774244,0.077500327689775,0.007124889087649411,0.5238095238095238,6.840161431737134e-05,0.2320002113225017,0.3203653474577026,-0.08836513613520092,0.47619047619047616,-0.0002648160099970426,0.5365840221440148,0.755034480693832,-0.21845045854981726,0.47883597883597884,-0.00016945816807880062,0.16540929047373942,0.20788992731007028,-0.042480636836330854,0.10423142619890435,0.18736770721738139,-0.08313628101847703,0.4166666666666667,-0.005530254249491051,-0.14306562890345453,-0.16514500856565595,0.0,-0.00874427643392195,0.03295476095376837,5,6,4,6,6,6,7,5,6,6,False,False,-2
2026-04-30,EWJ,japan,VT,0.05518703775857192,0.09311727633834255,-0.037930238579770625,0.3333333333333333,-0.0016178177386032132,0.034963436725085284,0.03295476095376837,0.0020086757713169145,0.5079365079365079,0.00011061910735035574,0.10132020126292329,0.077500327689775,0.023819873573148298,0.48412698412698413,0.0002230356307944151,0.29383571989338675,0.3203653474577026,-0.026529627564315872,0.47619047619047616,-3.713391737033406e-05,0.6619524806905812,0.755034480693832,-0.09308200000325084,0.4880952380952381,-4.2362092192290625e-05,0.22616718514828626,0.20788992731007028,0.018277257838215988,0.12693316711029445,0.18736770721738139,-0.06043454010708693,0.3333333333333333,-0.0006453026258873007,-0.14476979128753364,-0.16514500856565595,0.0,0.034963436725085284,0.03295476095376837,6,3,3,5,3,4,6,7,5,3,False,False,0
2026-04-30,EWY,south_korea,VT,0.30688555170333465,0.09311727633834255,0.2137682753649921,0.6190476190476191,0.009014477619087797,0.291244935797879,0.03295476095376837,0.25829017484411065,0.6031746031746031,0.0041759001262016435,0.7402936155887558,0.077500327689775,0.6627932878989808,0.5714285714285714,0.004211161713314792,1.929959588339889,0.3203653474577026,1.6095942408821864,0.5714285714285714,0.0034145116156055755,1.9058334466460045,0.755034480693832,1.1507989659521725,0.4933862433862434,0.0007946699783339345,1.2419404549396957,0.20788992731007028,1.0340505276296255,0.4303030092347162,0.18736770721738139,0.24293530201733482,0.75,0.07466647053798668,-0.16318854145851813,-0.16514500856565595,0.0,0.291244935797879,0.03295476095376837,1,1,1,1,1,1,1,1,3,1,False,False,0
2026-04-30,MCHI,china,VT,0.024741894997814873,0.09311727633834255,-0.06837538134052767,0.23809523809523808,-0.003068473270528071,-0.10368990757983132,0.03295476095376837,-0.1366446685335997,0.3492063492063492,-0.0022251772401635835,-0.10513444441042197,0.077500327689775,-0.18263477210019696,0.373015873015873,-0.0014436683206330927,0.13873013343610463,0.3203653474577026,-0.181635214021598,0.45634920634920634,-0.0005395031064476596,0.3502693105247079,0.755034480693832,-0.40476517016912417,0.47354497354497355,-0.00023991630926519818,0.11123604782307939,0.20788992731007028,-0.09665387948699089,0.2805270816906589,0.18736770721738139,0.09315937447327749,0.5,-0.011558682350511421,-0.22898552179594656,-0.16514500856565595,0.0,-0.10368990757983132,0.03295476095376837,7,7,7,7,7,7,2,3,1,7,False,False,0
2026-05-29,VTI,us,VT,0.06376186175281928,0.061635574110582736,0.002126287642236546,0.5714285714285714,8.023285502533115e-05,0.10312943924026707,0.072046750875564,0.03108268836470307,0.5873015873015873,0.0004366459015094844,0.12827313745689617,0.14868963221900744,-0.02041649476211127,0.48412698412698413,-0.00015025245954530456,0.30344619772683545,0.3091964660268227,-0.00575026829998726,0.5357142857142857,-2.0004218901697306e-05,0.8842847822787359,0.8118016105283983,0.07248317175033758,0.5198412698412699,5.794659007521936e-05,0.225317662337579,0.23318820313989708,-0.007870540802318082,0.1735868428399041,0.1610365473844786,0.01255029545542552,0.6666666666666666,-0.00028922317834477923,-0.16530632479702,-0.14712006642019237,0.0,0.10312943924026707,0.072046750875564,4,2,5,4,2,5,4,2,2,2,True,False,3
2026-05-29,VEA,developed_ex_us,VT,0.06991636956936609,0.061635574110582736,0.008280795458783352,0.42857142857142855,0.0004223653221152907,0.02352114438129882,0.072046750875564,-0.04852560649426518,0.4126984126984127,-0.0006809105428274313,0.20581323078181057,0.14868963221900744,0.057123598562803135,0.5555555555555556,0.0004149685695271447,0.3391725177584257,0.3091964660268227,0.029976051731603004,0.5,0.00010660275916816854,0.7279043581453231,0.8118016105283983,-0.08389725238307522,0.4828042328042328,-5.647250943674068e-05,0.2516609296270824,0.23318820313989708,0.018472726487185342,0.1296472674677005,0.1610365473844786,-0.03138927991677809,0.4166666666666667,0.0018905406030825522,-0.13453328244444707,-0.14712006642019237,0.0,0.02352114438129882,0.072046750875564,3,4,2,2,3,3,6,5,7,4,False,False,-2
2026-05-29,VWO,emerging_markets,VT,0.03099171824958402,0.061635574110582736,-0.030643855860998714,0.38095238095238093,-0.0013670918754774817,0.03063693060207706,0.072046750875564,-0.04140982027348694,0.4444444444444444,-0.0005822268112297373,0.13383775021742128,0.14868963221900744,-0.014851882001586159,0.49206349206349204,-7.680482890594739e-05,0.30020047995877563,0.3091964660268227,-0.00899598606804708,0.49603174603174605,-9.677156681638386e-06,0.6648803640014584,0.8118016105283983,-0.14692124652693983,0.47619047619047616,-0.0001005067308671627,0.26111631834080473,0.23318820313989708,0.027928115200907655,0.18484303712888162,0.1610365473844786,0.023806489744403025,0.5,0.00034205116588582424,-0.14513837756962078,-0.14712006642019237,0.0,0.03063693060207706,0.072046750875564,6,3,4,5,5,2,3,3,4,3,False,False,1
2026-05-29,VGK,europe,VT,0.045454590982892285,0.061635574110582736,-0.01618098312769045,0.3333333333333333,-0.0006788489571507625,-0.008246131084495234,0.072046750875564,-0.08029288196005924,0.3968253968253968,-0.0011921346837848487,0.12502198579524104,0.14868963221900744,-0.023667646423766397,0.48412698412698413,-0.00014207310675974397,0.20352324317411608,0.3091964660268227,-0.10567322285270664,0.4642857142857143,-0.0003193693258784412,0.5855149420547692,0.8118016105283983,-0.2262866684736291,0.47883597883597884,-0.00016878175949498568,0.15119609551153634,0.23318820313989708,-0.08199210762836073,0.08910940387576671,0.1610365473844786,-0.07192714350871188,0.4166666666666667,-0.007053199949508389,-0.14306562890345453,-0.14712006642019237,0.0,-0.008246131084495234,0.072046750875564,5,6,6,6,6,6,7,5,6,6,False,False,0
2026-05-29,EWJ,japan,VT,0.07084439940647935,0.061635574110582736,0.009208825295896617,0.6190476190476191,0.0004357887403117938,0.00638730677035082,0.072046750875564,-0.06565944410521318,0.47619047619047616,-0.000936431472040356,0.1772245978811413,0.14868963221900744,0.02853496566213387,0.5,0.00024427859185412735,0.3207294183960365,0.3091964660268227,0.011532952369213811,0.4880952380952381,7.854285173211804e-05,0.682809536931946,0.8118016105283983,-0.12899207359645226,0.49206349206349204,-6.754939908783561e-05,0.23335324826656167,0.23318820313989708,0.00016504512666459803,0.1439500924943662,0.1610365473844786,-0.0170864548901124,0.3333333333333333,0.0007667662029436731,-0.14476979128753364,-0.14712006642019237,0.0,0.00638730677035082,0.072046750875564,2,5,3,3,4,4,5,7,5,5,False,False,-2
2026-05-29,EWY,south_korea,VT,0.3369056433830069,0.061635574110582736,0.27527006927242414,0.6190476190476191,0.011945748696841021,0.35978072584137544,0.072046750875564,0.28773397496581143,0.5714285714285714,0.004622253133618806,1.343835927532135,0.14868963221900744,1.1951462953131275,0.6111111111111112,0.006186625489521166,2.464247315866579,0.3091964660268227,2.155050849839756,0.5793650793650794,0.004187160142233126,2.546260849916685,0.8118016105283983,1.734459239388287,0.4973544973544973,0.0010408710194930834,1.5912429444911207,0.23318820313989708,1.3580547413512236,0.552427934839373,0.1610365473844786,0.39139138745489443,0.75,0.09170947986835938,-0.15451094154800604,-0.14712006642019237,0.0,0.35978072584137544,0.072046750875564,1,1,1,1,1,1,1,1,3,1,False,False,0
2026-05-29,MCHI,china,VT,-0.030441719948663182,0.061635574110582736,-0.09207729405924592,0.3333333333333333,-0.004270077986139812,-0.06705049124561357,0.072046750875564,-0.13909724212117758,0.3492063492063492,-0.0021761887527388937,-0.10332066149519681,0.14868963221900744,-0.25201029371420425,0.373015873015873,-0.001929320145271693,0.056153616734250456,0.3091964660268227,-0.25304284929257226,0.44047619047619047,-0.0008059383590217099,0.3070676127376166,0.8118016105283983,-0.5047339977907817,0.47354497354497355,-0.0003262638728373724,0.08931421500348447,0.23318820313989708,-0.1438739881364126,0.242044456535212,0.1610365473844786,0.08100790915073341,0.5,-0.015820153098953505,-0.22898552179594656,-0.14712006642019237,0.0,-0.06705049124561357,0.072046750875564,7,7,7,7,7,7,2,3,1,7,False,False,0
2026-06-30,VTI,us,VT,-0.0038534790698645516,-0.003813650413825198,-3.982865603935348e-05,0.47619047619047616,-1.7572415866835767e-05,0.19065851021167268,0.1738354656152452,0.016823044596427472,0.5714285714285714,0.00021128753670063635,0.09596690805624153,0.10797867440430653,-0.012011766348065,0.47619047619047616,-9.731007181625084e-05,0.23797788939962494,0.247692526876663,-0.009714637477038046,0.5317460317460317,-3.493150727291322e-05,0.7908095237532611,0.7539265610466066,0.036882962706654476,0.5158730158730159,3.3228595071587174e-05,0.24276686550456783,0.2524690058190078,-0.009702140314439944,0.10147696000787376,0.09034587819820605,0.011131081809667709,0.5833333333333334,-0.00068283364703145,-0.12631269557028713,-0.12494690528194197,-0.01150313693887639,0.19065851021167268,0.1738354656152452,5,2,5,5,2,4,3,2,5,2,False,False,3
2026-06-30,VEA,developed_ex_us,VT,-0.002019776973942622,-0.003813650413825198,0.0017938734398825762,0.47619047619047616,0.0001220882577872456,0.1546838069175871,0.1738354656152452,-0.019151658697658114,0.4126984126984127,-0.00021941029349391625,0.14228504461897673,0.10797867440430653,0.0343063702146702,0.5238095238095238,0.00027759688586500116,0.2899917643218235,0.247692526876663,0.04229923744516051,0.49603174603174605,0.00015165265321466568,0.7316972020787416,0.7539265610466066,-0.022229358967865043,0.4880952380952381,-1.0048161649930957e-05,0.2926025331547495,0.2524690058190078,0.040133527335741714,0.07197574231016479,0.09034587819820605,-0.01837013588804126,0.5,0.0030632429280435525,-0.11923589515090893,-0.12494690528194197,-0.01150313693887639,0.1546838069175871,0.1738354656152452,4,3,3,3,3,2,6,3,7,3,False,False,0
2026-06-30,VWO,emerging_markets,VT,-0.001988342173782298,-0.003813650413825198,0.0018253082400429,0.5238095238095238,0.000129498486500536,0.14004086966512808,0.1738354656152452,-0.033794595950117134,0.4444444444444444,-0.0004278192442016637,0.10627433274393794,0.10797867440430653,-0.0017043416603685912,0.5079365079365079,2.1312618556377158e-05,0.24016559151926709,0.247692526876663,-0.007526935357395903,0.5,-4.1408974635284565e-06,0.6278806031880511,0.7539265610466066,-0.12604595785855555,0.4748677248677249,-8.659024302286565e-05,0.24263637783599457,0.2524690058190078,-0.009832627983013209,0.09595608154492163,0.09034587819820605,0.005610203346715581,0.5,-0.0001943418243311179,-0.13451941308526894,-0.12494690528194197,-0.01150313693887639,0.14004086966512808,0.1738354656152452,3,5,4,4,5,5,4,3,4,5,False,False,-1
2026-06-30,VGK,europe,VT,0.008268010781650403,-0.003813650413825198,0.012081661195475601,0.5238095238095238,0.0005594668961734349,0.12365008330587202,0.1738354656152452,-0.050185382309373194,0.3968253968253968,-0.0006724093082775013,0.07378618604980769,0.10797867440430653,-0.03419248835449884,0.47619047619047616,-0.00022837639710640082,0.18025621813726223,0.247692526876663,-0.06743630873940076,0.4722222222222222,-0.00020786218393468715,0.6170469342662133,0.7539265610466066,-0.13687962678039334,0.48677248677248675,-0.00010052286755316614,0.170577867706305,0.2524690058190078,-0.08189113811270277,0.04049332589608201,0.09034587819820605,-0.04985255230212404,0.5,-0.004272331197770605,-0.12089226750500481,-0.12494690528194197,-0.01150313693887639,0.12365008330587202,0.1738354656152452,2,6,6,6,6,6,7,3,6,6,False,False,0
2026-06-30,EWJ,japan,VT,0.008786156893088704,-0.003813650413825198,0.012599807306913902,0.5238095238095238,0.0006675419583975085,0.1503528476986704,0.1738354656152452,-0.0234826179165748,0.49206349206349204,-0.0002693270407010695,0.1581666666508772,0.10797867440430653,0.05018799224657067,0.5317460317460317,0.00041049302858405076,0.292316053170534,0.247692526876663,0.04462352629387101,0.5,0.00018665955894970834,0.6704876956626242,0.7539265610466066,-0.08343886538398237,0.4947089947089947,-3.41643043034372e-05,0.2810604550231688,0.2524690058190078,0.028591449204161012,0.08820394793730868,0.09034587819820605,-0.0021419302608973734,0.4166666666666667,0.003976375521241887,-0.13589447814118816,-0.12494690528194197,-0.01150313693887639,0.1503528476986704,0.1738354656152452,1,4,2,2,4,3,5,6,3,4,False,False,-2
2026-06-30,EWY,south_korea,VT,-0.01909346499348541,-0.003813650413825198,-0.015279814579660211,0.47619047619047616,0.0009506474977480863,0.7340890953129127,0.1738354656152452,0.5602536296976675,0.5714285714285714,0.007251941811071019,1.1066360769116876,0.10797867440430653,0.9986574025073811,0.5793650793650794,0.005892747406402004,1.9182182345329708,0.247692526876663,1.6705257076563078,0.5714285714285714,0.0038245590369006765,2.4258036971609918,0.7539265610466066,1.6718771361143852,0.49603174603174605,0.001083754084969527,1.9750217073572558,0.2524690058190078,1.722552701538248,0.2692960596818341,0.09034587819820605,0.17895018148362807,0.6666666666666666,0.0795107315985024,-0.23082510364727105,-0.12494690528194197,-0.01150313693887639,0.7340890953129127,0.1738354656152452,6,1,1,1,1,1,1,1,1,1,False,False,0
2026-06-30,MCHI,china,VT,-0.06772762542760713,-0.003813650413825198,-0.06391397501378193,0.38095238095238093,-0.0031420066433439325,-0.06518279700337626,0.1738354656152452,-0.23901826261862147,0.31746031746031744,-0.0035925786130595137,-0.16160917894881432,0.10797867440430653,-0.26958785335312085,0.373015873015873,-0.0021758566215277163,-0.05770108703270482,0.247692526876663,-0.3053936139093678,0.42857142857142855,-0.0010701711738974982,0.24652282195258723,0.7539265610466066,-0.5074037390940194,0.4708994708994709,-0.0003492807865633367,0.01075494530179677,0.2524690058190078,-0.241714060517211,0.12722006842179812,0.09034587819820605,0.03687419022359206,0.4166666666666667,-0.021703575492503836,-0.18975097551195774,-0.12494690528194197,-0.01150313693887639,-0.06518279700337626,0.1738354656152452,7,7,7,7,7,7,2,6,2,7,False,False,0
2026-07-31,VTI,us,VT,-0.0028705218136600985,-0.001665317362748775,-0.0012052044509113236,0.42857142857142855,-6.650024149943001e-05,0.04260313756401923,0.03454400986994921,0.008059127694070023,0.5079365079365079,0.00011054969111675148,0.0821994035550444,0.06863716041136625,0.013562243143678154,0.5,8.76803021384924e-05,0.1929845949766822,0.21417479749982848,-0.021190202523146295,0.5158730158730159,-7.448960881128346e-05,0.6868360851214701,0.650826461011184,0.036009624110286076,0.5158730158730159,3.408208782368199e-05,0.19641894164695572,0.216200156737421,-0.019781215090465265,0.089810133053001,0.0997159610940348,-0.009905828041033793,0.5833333333333334,-0.0014983464751498383,-0.0891820832504917,-0.0967350385905863,-0.018368117339512047,0.04260313756401923,0.03454400986994921,4,2,2,6,2,5,6,1,7,2,False,False,0
2026-07-31,VEA,developed_ex_us,VT,0.0036953199715548113,-0.001665317362748775,0.005360637334303586,0.47619047619047616,0.00028535039121090923,0.03185640345961094,0.03454400986994921,-0.0026876064103382724,0.4444444444444444,-3.8742664518189935e-06,0.060273358187000525,0.06863716041136625,-0.008363802224365724,0.47619047619047616,-2.2711607394466066e-05,0.28129123951033375,0.21417479749982848,0.06711644201050526,0.5079365079365079,0.00023397549343701657,0.6346186971548671,0.650826461011184,-0.016207763856316948,0.4894179894179894,-5.7274647308206025e-06,0.2765738905175388,0.216200156737421,0.06037373378011779,0.130076301853719,0.0997159610940348,0.03036034075968419,0.5,0.004950596486368984,-0.11626280976617509,-0.0967350385905863,-0.018368117339512047,0.03185640345961094,0.03454400986994921,3,4,4,3,3,3,3,4,5,4,False,False,0
2026-07-31,VWO,emerging_markets,VT,-0.007936493082408402,-0.001665317362748775,-0.006271175719659627,0.42857142857142855,-0.0002654555348733325,-0.001869621057102977,0.03454400986994921,-0.03641363092705219,0.4444444444444444,-0.0005335038370572502,0.020468853988080404,0.06863716041136625,-0.048168306423285845,0.48412698412698413,-0.000328826264716203,0.2042984047857761,0.21417479749982848,-0.009876392714052384,0.503968253968254,-9.796427022483258e-06,0.5147195286644854,0.650826461011184,-0.13610693234669857,0.47354497354497355,-0.00010136084132341033,0.21393277384792886,0.216200156737421,-0.002267382889492131,0.09763059218703618,0.0997159610940348,-0.002085368906998619,0.5,-0.0005953753514123342,-0.11167599885690949,-0.0967350385905863,-0.018368117339512047,-0.001869621057102977,0.03454400986994921,6,5,6,5,6,4,5,4,6,5,False,False,1
2026-07-31,VGK,europe,VT,0.0321293539725811,-0.001665317362748775,0.03379467133532987,0.5714285714285714,0.0015950972662135145,0.05375079992267007,0.03454400986994921,0.019206790052720857,0.4603174603174603,0.00030579052013448465,0.044536511635679954,0.06863716041136625,-0.024100648775686295,0.4603174603174603,-0.00016023766481435835,0.22052697659503084,0.21417479749982848,0.006352179095202359,0.4801587301587302,3.2097575638051665e-05,0.5724675239156318,0.650826461011184,-0.0783589370955522,0.4894179894179894,-5.775416336623246e-05,0.18253295664668645,0.216200156737421,-0.03366720009073454,0.10696638096407929,0.0997159610940348,0.007250419870044489,0.5833333333333334,0.001125359403793269,-0.12089226750500481,-0.0967350385905863,-0.018368117339512047,0.05375079992267007,0.03454400986994921,2,1,5,4,5,6,4,1,4,1,False,False,4
2026-07-31,EWJ,japan,VT,-0.007092999897509333,-0.001665317362748775,-0.005427682534760558,0.5238095238095238,-0.00016253227021120886,0.04255873988035708,0.03454400986994921,0.008014730010407867,0.5555555555555556,0.0001822361316516231,0.07901017641434871,0.06863716041136625,0.01037301600298246,0.5317460317460317,0.00014642761950098943,0.30261779045929926,0.21417479749982848,0.08844299295947078,0.5158730158730159,0.00032752783151407573,0.6041605206757648,0.650826461011184,-0.046665940335419265,0.5026455026455027,-5.315909717161835e-06,0.311923262022364,0.216200156737421,0.09572310528494299,0.13711941720649556,0.0997159610940348,0.037403456112460765,0.4166666666666667,0.006156059091720327,-0.13589447814118816,-0.0967350385905863,-0.018368117339512047,0.04255873988035708,0.03454400986994921,5,3,3,2,4,2,2,6,3,3,False,False,0
2026-07-31,EWY,south_korea,VT,-0.15309969755517183,-0.001665317362748775,-0.15143438019242306,0.42857142857142855,-0.006730226027664773,-0.02276678606856186,0.03454400986994921,-0.05731079593851107,0.49206349206349204,0.00038978225404675794,0.26184743858245474,0.06863716041136625,0.1932102781710885,0.5476190476190477,0.0022828411901242005,1.180083282152356,0.21417479749982848,0.9659084846525274,0.5674603174603174,0.0028743567644001224,1.4990671011759673,0.650826461011184,0.8482406401647833,0.49206349206349204,0.0007799728407156297,1.574191172041031,0.216200156737421,1.35799101530361,0.3699415398717725,0.0997159610940348,0.2702255787777377,0.5833333333333334,0.061194723560028245,-0.23082510364727105,-0.0967350385905863,-0.018368117339512047,-0.02276678606856186,0.03454400986994921,7,6,1,1,1,1,1,1,1,6,False,True,-5
2026-07-31,MCHI,china,VT,0.08286436171000289,-0.001665317362748775,0.08452967907275166,0.6666666666666666,0.003911946592141537,-0.024321338460687736,0.03454400986994921,-0.058865348330636946,0.47619047619047616,-0.0008930755762815866,-0.1254893687033125,0.06863716041136625,-0.19412652911467876,0.4126984126984127,-0.0015591264082225852,-0.017855296421998124,0.21417479749982848,-0.2320300939218266,0.4365079365079365,-0.0007962046284431067,0.26325040505250596,0.650826461011184,-0.38757605595867806,0.47619047619047616,-0.00025307430048755367,-0.09301225683791992,0.216200156737421,-0.3092124135753409,0.05558595645743347,0.0997159610940348,-0.04413000463660133,0.4166666666666667,-0.015858109238468542,-0.17166681597739264,-0.0967350385905863,-0.018368117339512047,-0.024321338460687736,0.03454400986994921,1,7,7,7,7,7,7,6,2,7,False,False,0
2026-08-31,VTI,us,VT,0.026995471801636084,0.030091084185367434,-0.00309561238373135,0.47619047619047616,-0.0001407218752583708,0.015634062146427707,0.01595189340157699,-0.00031783125514928123,0.47619047619047616,-1.2474087349009391e-05,0.12180316418767134,0.09907062998477101,0.022732534202900334,0.5238095238095238,0.00015033682542064323,0.19514360325907432,0.21454033098021053,-0.01939672772113621,0.5079365079365079,-6.874973272456246e-05,0.8117663451962869,0.7881195694852448,0.023646775711042123,0.5145502645502645,2.2980007413945607e-05,0.16372821115020053,0.1790611040388843,-0.01533289288868378,0.07533621560622983,0.10333155884735556,-0.027995343241125736,0.5833333333333334,-0.0012597786337331662,-0.0891820832504917,-0.0967350385905863,-0.011330724476030452,0.015634062146427707,0.01595189340157699,5,4,2,6,2,6,7,2,7,4,False,False,-2
2026-08-31,VEA,developed_ex_us,VT,0.032568582837068094,0.030091084185367434,0.0024774986517006603,0.5238095238095238,0.00012106740422800937,0.019950253008734542,0.01595189340157699,0.003998359607157553,0.49206349206349204,8.790754401291138e-05,0.06402789139408971,0.09907062998477101,-0.0350427385906813,0.4523809523809524,-0.00021833387095964392,0.2714545342040324,0.21454033098021053,0.0569142032238219,0.5158730158730159,0.00020265470469248918,0.7961385674262427,0.7881195694852448,0.008018997940997918,0.49603174603174605,1.328551886150741e-05,0.23135117157119534,0.1790611040388843,0.052290067532311024,0.16135255315358177,0.10333155884735556,0.0580209943062262,0.5,0.003958296554813973,-0.11626280976617509,-0.0967350385905863,-0.011330724476030452,0.019950253008734542,0.01595189340157699,3,3,4,2,3,2,2,3,5,3,False,False,1
2026-08-31,VWO,emerging_markets,VT,0.030127662254172405,0.030091084185367434,3.6578068804971053e-05,0.47619047619047616,4.102958050343299e-06,0.002845564883990237,0.01595189340157699,-0.013106328517586752,0.4603174603174603,-0.00017994888773807473,0.05855914033700049,0.09907062998477101,-0.040511489647770516,0.4603174603174603,-0.0002639111082905743,0.20169297402574538,0.21454033098021053,-0.01284735695446515,0.49603174603174605,-1.9585654230018138e-05,0.6460070926438664,0.7881195694852448,-0.1421124768413784,0.4722222222222222,-9.770016474909864e-05,0.16654762128816736,0.1790611040388843,-0.012513482750716953,0.1431486779132929,0.10333155884735556,0.03981711906593732,0.5,-0.0010120524649135931,-0.11167599885690949,-0.0967350385905863,-0.011330724476030452,0.002845564883990237,0.01595189340157699,4,5,5,4,6,5,3,3,6,5,False,False,0
2026-08-31,VGK,europe,VT,0.011811572740882736,0.030091084185367434,-0.018279511444484697,0.5238095238095238,-0.0008617863913727456,0.04957570633359021,0.01595189340157699,0.03362381293201322,0.5396825396825397,0.0005123956087038675,0.05747265590359407,0.09907062998477101,-0.041597974081176936,0.46825396825396826,-0.00028819917424254677,0.19813800073522625,0.21454033098021053,-0.016402330244984276,0.49206349206349204,-4.368053448533747e-05,0.6914487052090503,0.7881195694852448,-0.09667086427619442,0.4933862433862434,-6.734430931257941e-05,0.18415131138459517,0.1790611040388843,0.005090207345710862,0.13366196221354398,0.10333155884735556,0.03033040336618842,0.5,-0.0010105820235547514,-0.12089226750500481,-0.0967350385905863,-0.011330724476030452,0.04957570633359021,0.01595189340157699,6,1,6,5,5,4,4,3,4,1,False,False,5
2026-08-31,EWJ,japan,VT,0.03777462806391729,0.030091084185367434,0.007683543878549859,0.6190476190476191,0.0003859135586006574,0.037350084995927846,0.01595189340157699,0.021398191594350857,0.5714285714285714,0.00039678714493881123,0.06874661158170392,0.09907062998477101,-0.030324018403067088,0.5238095238095238,-0.00015780519804119218,0.2612930097463497,0.21454033098021053,0.0467526787661392,0.5198412698412699,0.00019867177363700622,0.7532130785531115,0.7881195694852448,-0.03490649093213327,0.5066137566137566,7.055190492684169e-06,0.2153823919355502,0.1790611040388843,0.03632128789666589,0.1263864034854416,0.10333155884735556,0.023054844638086047,0.4166666666666667,0.004046406610540972,-0.13589447814118816,-0.0967350385905863,-0.011330724476030452,0.037350084995927846,0.01595189340157699,2,2,3,3,4,3,5,6,3,2,False,False,1
2026-08-31,EWY,south_korea,VT,0.151241206771056,0.030091084185367434,0.12115012258568858,0.6190476190476191,0.005781141000924142,-0.1653899254389506,0.01595189340157699,-0.18134181884052758,0.49206349206349204,-0.001994950617178934,0.2258371210550305,0.09907062998477101,0.1267664910702595,0.5396825396825397,0.001861723676315629,1.5111650676215427,0.21454033098021053,1.2966247366413322,0.5793650793650794,0.0034686978819909405,2.158604695039861,0.7881195694852448,1.3704851255546164,0.4973544973544973,0.0009964413029465988,1.1812675335560074,0.1790611040388843,1.0022064295171231,0.7286301551686933,0.10333155884735556,0.6252985963213378,0.6666666666666666,0.07402148059754164,-0.23082510364727105,-0.0967350385905863,-0.011330724476030452,-0.1653899254389506,0.01595189340157699,1,7,1,1,1,1,1,1,1,7,False,False,-6
2026-08-31,MCHI,china,VT,-0.019354803425160716,0.030091084185367434,-0.04944588761052815,0.47619047619047616,-0.002327892398295387,-0.005728085083966605,0.01595189340157699,-0.021679978485543594,0.5079365079365079,-0.0003180854030043756,-0.05857685528421197,0.09907062998477101,-0.15764748526898298,0.4365079365079365,-0.0012018859278097986,-0.07765243276105571,0.21454033098021053,-0.29219276374126624,0.42857142857142855,-0.001051335565813945,0.34948847548138695,0.7881195694852448,-0.4386310940038578,0.47883597883597884,-0.0002753984157939468,-0.05944823830220636,0.1790611040388843,-0.23850934234109067,0.07551781309185812,0.10333155884735556,-0.027813745755497443,0.3333333333333333,-0.022934490014156955,-0.17166681597739264,-0.0967350385905863,-0.011330724476030452,-0.005728085083966605,0.01595189340157699,7,6,7,7,7,7,6,7,2,6,False,False,1
2026-09-18,VTI,us,VT,-0.012000309681265864,-0.010844247232272841,-0.0011560624489930227,0.42857142857142855,-5.659748780366469e-05,0.017621970018008914,0.008228563555157109,0.009393406462851805,0.47619047619047616,0.00014249518594667955,0.16055044140593333,0.14587074519352705,0.014679696212406279,0.5079365079365079,9.086943369910621e-05,0.16808254414910495,0.17960347230783857,-0.011520928158733623,0.5,-4.39649218584687e-05,0.7610176781147486,0.7394696063359101,0.02154807177883855,0.5105820105820106,2.1835509696782607e-05,0.1822701521012371,0.19253562344173347,-0.01026547134049638,0.04790147843682413,0.08446977101867637,-0.036568292581852235,0.5833333333333334,-0.0010694501806368477,-0.0891820832504917,-0.0967350385905863,-0.021138432726149126,0.017621970018008914,0.008228563555157109,4,1,2,4,2,5,6,2,7,1,False,False,1
2026-09-18,VEA,developed_ex_us,VT,-0.01748546562151254,-0.010844247232272841,-0.0066412183892397,0.5714285714285714,-0.0003072411440700077,-0.010419873936385216,0.008228563555157109,-0.018648437491542325,0.5079365079365079,-0.0002747554562657628,0.12306098948579658,0.14587074519352705,-0.022809755707730472,0.46825396825396826,-0.00012580572836948378,0.22668506273146827,0.17960347230783857,0.04708159042362969,0.5277777777777778,0.00017682730389325733,0.7379935344817576,0.7394696063359101,-0.0014760718541524387,0.5,6.484492450259893e-06,0.2485159453721837,0.19253562344173347,0.055980321930450216,0.17143157392228003,0.08446977101867637,0.08696180290360367,0.5,0.0038817325703014807,-0.11626280976617509,-0.0967350385905863,-0.021138432726149126,-0.010419873936385216,0.008228563555157109,5,5,4,3,3,2,2,3,5,5,False,True,-1
2026-09-18,VWO,emerging_markets,VT,0.001405866227483843,-0.010844247232272841,0.012250113459756684,0.5714285714285714,0.000593146518251835,-0.010623529536809673,0.008228563555157109,-0.018852093091966782,0.4603174603174603,-0.0002812779457356375,0.11453189161922173,0.14587074519352705,-0.031338853574305325,0.4603174603174603,-0.00019079896132982347,0.13164997886509133,0.17960347230783857,-0.04795349344274724,0.4801587301587302,-0.00014233910934072005,0.6251561233515495,0.7394696063359101,-0.11431348298436061,0.4708994708994709,-7.823806515781054e-05,0.13006126389918782,0.19253562344173347,-0.062474359542545654,0.08942893448120781,0.08446977101867637,0.004959163462531446,0.5,-0.002594818692287911,-0.11167599885690949,-0.0967350385905863,-0.021138432726149126,-0.010623529536809673,0.008228563555157109,3,6,5,6,6,6,5,3,6,6,False,False,-1
2026-09-18,VGK,europe,VT,-0.04120496492958925,-0.010844247232272841,-0.03036071769731641,0.38095238095238093,-0.001481046837342927,0.0018088577361463631,0.008228563555157109,-0.006419705819010746,0.4603174603174603,-0.00010157415276339651,0.09781140565891455,0.14587074519352705,-0.0480593395346125,0.4444444444444444,-0.00032554448875195464,0.1480500985615143,0.17960347230783857,-0.031553373746324276,0.4801587301587302,-9.758245250474394e-05,0.6321117686738198,0.7394696063359101,-0.10735783766209028,0.4894179894179894,-7.82346569239057e-05,0.19738844754990326,0.19253562344173347,0.004852824108169784,0.14137659236522615,0.08446977101867637,0.056906821346549785,0.5,-0.001974625673583983,-0.12089226750500481,-0.0967350385905863,-0.021138432726149126,0.0018088577361463631,0.008228563555157109,6,4,6,5,5,4,4,3,4,4,False,False,2
2026-09-18,EWJ,japan,VT,0.023422676190074432,-0.010844247232272841,0.03426692342234727,0.6190476190476191,0.0016430434026188353,0.0076874906227639705,0.008228563555157109,-0.0005410729323931385,0.5555555555555556,5.235767100893648e-05,0.15993132000970722,0.14587074519352705,0.014060574816180171,0.5396825396825397,0.00015415058018922927,0.2464720746864575,0.17960347230783857,0.06686860237861891,0.5198412698412699,0.0002674493496994311,0.6990769726670638,0.7394696063359101,-0.04039263366884627,0.5052910052910053,2.5025250277531012e-06,0.217944553785671,0.19253562344173347,0.02540893034393754,0.16790815663763858,0.08446977101867637,0.08343838561896222,0.5,0.0065947782084829305,-0.13589447814118816,-0.0967350385905863,-0.021138432726149126,0.0076874906227639705,0.008228563555157109,2,2,3,2,4,3,3,3,3,2,False,False,1
2026-09-18,EWY,south_korea,VT,0.03944278605572471,-0.010844247232272841,0.05028703328799755,0.5238095238095238,0.0027056820521244715,-0.1728558390381506,0.008228563555157109,-0.18108440259330771,0.5079365079365079,-0.0023078464064593043,0.3448300527278165,0.14587074519352705,0.19895930753428948,0.5317460317460317,0.0021944085754307526,1.322213228994959,0.17960347230783857,1.1426097566871205,0.5674603174603174,0.003293503418339864,2.1399190295062085,0.7394696063359101,1.4004494231702984,0.5,0.0010323200647463751,1.234094324524433,0.19253562344173347,1.0415587010826994,0.7025635192683883,0.08446977101867637,0.618093748249712,0.6666666666666666,0.06901236265385542,-0.23082510364727105,-0.0967350385905863,-0.021138432726149126,-0.1728558390381506,0.008228563555157109,1,7,1,1,1,1,1,1,1,7,False,False,-6
2026-09-18,MCHI,china,VT,-0.041884811705879765,-0.010844247232272841,-0.031040564473606924,0.3333333333333333,-0.001504107394355628,0.005685033815769236,0.008228563555157109,-0.002543529739387873,0.49206349206349204,-1.733679362686976e-05,-0.05964222828309451,0.14587074519352705,-0.20551297347662156,0.42063492063492064,-0.0015443395791857949,-0.17819654312819722,0.17960347230783857,-0.3578000154360358,0.4087301587301587,-0.001396600129357555,0.29371905652867714,0.7394696063359101,-0.44575054980723294,0.47619047619047616,-0.00029605025361314276,-0.14227071346715026,0.19253562344173347,-0.33480633690888373,-0.062386730148978664,0.08446977101867637,-0.14685650116765503,0.25,-0.0278892742125534,-0.19735781518643258,-0.0967350385905863,-0.021138432726149126,0.005685033815769236,0.008228563555157109,7,3,7,7,7,7,7,7,2,3,False,False,4
