date,ticker,sector,benchmark,excess_21,freq_21,magnitude_21,excess_63,freq_63,magnitude_63,excess_126,freq_126,magnitude_126,rank_21,rank_63,rank_126
2026-03-02,XLK,technology,SPY,-0.038871451416939484,0.42857142857142855,-0.001793355349653694,-0.02791218372630322,0.5396825396825397,-0.0003767100806312685,-0.013810281914619749,0.5396825396825397,-4.20265682250095e-05,11.0,9.0,9.0
2026-03-02,XLF,financials,SPY,-0.03098005387979985,0.38095238095238093,-0.0014556091834361027,-0.040616955552633116,0.42857142857142855,-0.0006148112375607127,-0.10467064025167183,0.4523809523809524,-0.0008009878573002563,9.0,11.0,11.0
2026-03-02,XLI,industrials,SPY,0.08965732850717878,0.7619047619047619,0.004148754477332476,0.16197994455750386,0.6507936507936508,0.002380404513112637,0.11111454631838313,0.5634920634920635,0.0008021523583068961,4.0,3.0,2.0
2026-03-02,XLE,energy,SPY,0.14031820156903618,0.7142857142857143,0.0064046325747620135,0.2758284880188231,0.6349206349206349,0.0039032048152159815,0.22691029570051824,0.5555555555555556,0.0015885307992335698,1.0,1.0,1.0
2026-03-02,XLB,materials,SPY,0.076036794502928,0.6666666666666666,0.0035815527446101973,0.1914531103742143,0.6349206349206349,0.002786098749349286,0.10340971748659133,0.5396825396825397,0.0007630540156599912,5.0,2.0,4.0
2026-03-02,XLY,consumer_discretionary,SPY,-0.03657443859585652,0.47619047619047616,-0.0017778423097025338,-0.028597099748419508,0.47619047619047616,-0.0004308793567183387,-0.074233683896615,0.4365079365079365,-0.0005407365467914219,10.0,10.0,10.0
2026-03-02,XLP,consumer_staples,SPY,0.09115375545019233,0.5714285714285714,0.0042210668649249284,0.12036963885919238,0.49206349206349204,0.0017945664018949301,0.05800220061617889,0.4523809523809524,0.00042592785916950506,3.0,4.0,6.0
2026-03-02,XLV,health_care,SPY,0.04165684197121944,0.5238095238095238,0.0019716966802779783,-0.0078859656788004,0.4603174603174603,-0.00010985065324706884,0.10847936725890062,0.5079365079365079,0.0007835369798122208,7.0,8.0,3.0
2026-03-02,XLU,utilities,SPY,0.10427470279327433,0.6190476190476191,0.004805158980957357,0.0478292518214356,0.5555555555555556,0.0007565865876912774,0.07164635842907607,0.5476190476190477,0.0005294319525200813,2.0,6.0,5.0
2026-03-02,XLRE,real_estate,SPY,0.0726756898065698,0.6666666666666666,0.0033858925480156317,0.05781175824921658,0.5238095238095238,0.0008895421071195352,-0.0006071395008262481,0.48412698412698413,1.4674543701941728e-06,6.0,5.0,8.0
2026-03-02,XLC,communication_services,SPY,-0.004991259108432566,0.38095238095238093,-0.00023664802766019228,0.020284344210552252,0.49206349206349204,0.0003220188329699388,-0.0005911169226415769,0.5,1.3732370957375034e-06,8.0,7.0,7.0
2026-03-03,XLK,technology,SPY,-0.02752120401041247,0.42857142857142855,-0.0012423810252959308,-0.03620741460677812,0.5238095238095238,-0.0005186924068094023,-0.009986196572787653,0.5396825396825397,-1.3646247359456866e-05,10.0,11.0,9.0
2026-03-03,XLF,financials,SPY,-0.0249075527754411,0.38095238095238093,-0.0011636273183894025,-0.034860430332976144,0.42857142857142855,-0.0005300209621001232,-0.10578532693106701,0.4523809523809524,-0.0008129207482811478,9.0,10.0,11.0
2026-03-03,XLI,industrials,SPY,0.07726638692833365,0.7142857142857143,0.003626071463811828,0.14696430550185158,0.6349206349206349,0.0022075114687290357,0.10212943784820294,0.5634920634920635,0.000744221824336124,3.0,3.0,2.0
2026-03-03,XLE,energy,SPY,0.12397124040438134,0.6666666666666666,0.005739122181707436,0.26194040318363243,0.6190476190476191,0.003777035779961086,0.21126132475521042,0.5476190476190477,0.0014955444134189917,1.0,1.0,1.0
2026-03-03,XLB,materials,SPY,0.0710126014317598,0.6666666666666666,0.003383018962193988,0.16950268573157767,0.6190476190476191,0.0025310880111077115,0.0761422379497485,0.5317460317460317,0.0005792360800518176,5.0,2.0,4.0
2026-03-03,XLY,consumer_discretionary,SPY,-0.03938068028184616,0.42857142857142855,-0.0019296096166525453,-0.029279964467616826,0.4603174603174603,-0.00044871774609681633,-0.07007444206642188,0.4365079365079365,-0.0005093130225400825,11.0,9.0,10.0
2026-03-03,XLP,consumer_staples,SPY,0.06747390093502847,0.5238095238095238,0.0031779433060397577,0.11586010500677568,0.47619047619047616,0.0017550222567716694,0.041644184337949586,0.4444444444444444,0.0003103491620212235,6.0,4.0,6.0
2026-03-03,XLV,health_care,SPY,0.029746379930131184,0.47619047619047616,0.0014269199013894024,-2.4723026011974625e-06,0.4603174603174603,1.4627427818885999e-05,0.08985995543731917,0.5,0.0006583750677007148,7.0,8.0,3.0
2026-03-03,XLU,utilities,SPY,0.10514519839104541,0.6190476190476191,0.004869207307476362,0.04804681195888871,0.5555555555555556,0.0007697257727565816,0.07165427263698354,0.5476190476190477,0.0005308655782475674,2.0,6.0,5.0
2026-03-03,XLRE,real_estate,SPY,0.07161267722034537,0.6666666666666666,0.003356002998586024,0.061713554548633254,0.5396825396825397,0.000960035901427009,-0.00863264984046297,0.48412698412698413,-5.904228974475762e-05,4.0,5.0,8.0
2026-03-03,XLC,communication_services,SPY,-0.0008335644709754897,0.38095238095238093,-3.787181123048904e-05,0.027117630302900264,0.49206349206349204,0.00043171795974930816,0.005372738243906827,0.5,4.5700495987308915e-05,8.0,7.0,7.0
2026-03-04,XLK,technology,SPY,-0.02252963728440882,0.42857142857142855,-0.0009879458444083747,-0.031931984786578105,0.5238095238095238,-0.00044022873182722596,0.003337270919561597,0.5476190476190477,8.674896283800666e-05,9.0,10.0,7.0
2026-03-04,XLF,financials,SPY,-0.03204310463068727,0.3333333333333333,-0.001518932627597624,-0.03299797022052353,0.42857142857142855,-0.0004936290628072918,-0.10866796377587529,0.4444444444444444,-0.0008239826417767587,11.0,11.0,11.0
2026-03-04,XLI,industrials,SPY,0.06516173278155357,0.6666666666666666,0.0030691190646035035,0.15583776631061075,0.6349206349206349,0.0023033831856444707,0.10141674860845895,0.5634920634920635,0.0007290967611760997,4.0,3.0,2.0
2026-03-04,XLE,energy,SPY,0.13746003230827253,0.6666666666666666,0.006294652271807715,0.23098766823805295,0.6031746031746031,0.003347228364369911,0.18655956509446425,0.5396825396825397,0.0013229851635426957,1.0,1.0,1.0
2026-03-04,XLB,materials,SPY,0.06050265198477012,0.6190476190476191,0.002898178694141255,0.16027701677601636,0.6031746031746031,0.002379580920725771,0.06880719752770248,0.5317460317460317,0.0005207173172172766,5.0,2.0,4.0
2026-03-04,XLY,consumer_discretionary,SPY,-0.030966302749534935,0.42857142857142855,-0.0014979533982489644,-0.024315796217129426,0.4603174603174603,-0.00036081072396527725,-0.06036436980367599,0.4444444444444444,-0.00042398985607521185,10.0,9.0,10.0
2026-03-04,XLP,consumer_staples,SPY,0.04626209972465112,0.47619047619047616,0.0021994205010694235,0.09795474234592438,0.4603174603174603,0.001481638125576012,0.020663440806192535,0.4365079365079365,0.00015585246380770342,6.0,4.0,6.0
2026-03-04,XLV,health_care,SPY,0.023518094644669918,0.42857142857142855,0.0011295195497116434,0.005520257490941205,0.4603174603174603,9.918302840648444e-05,0.07558738800473308,0.49206349206349204,0.0005517590157192698,7.0,8.0,3.0
2026-03-04,XLU,utilities,SPY,0.12388654218336181,0.6190476190476191,0.005665950565661876,0.0660098590746041,0.5555555555555556,0.0010240111092188061,0.06479576166804901,0.5396825396825397,0.00047613527063344256,2.0,6.0,5.0
2026-03-04,XLRE,real_estate,SPY,0.08314208634892817,0.6666666666666666,0.0038623599689333018,0.06649813036604746,0.5396825396825397,0.0010183040639251393,-0.004407858318630664,0.48412698412698413,-2.7893570855186928e-05,3.0,5.0,9.0
2026-03-04,XLC,communication_services,SPY,0.007429170192115975,0.38095238095238093,0.0003605510570665076,0.0275339493415232,0.49206349206349204,0.00043323332690841065,-0.0007500809003575526,0.49206349206349204,2.7591267306606835e-07,8.0,7.0,8.0
2026-03-05,XLK,technology,SPY,-0.0014517765955368578,0.47619047619047616,3.314729808645556e-05,-0.03206350500919386,0.5238095238095238,-0.0004472604599834486,0.011313065457695615,0.5476190476190477,0.00014595738016145602,9.0,11.0,6.0
2026-03-05,XLF,financials,SPY,-0.03104538877991836,0.38095238095238093,-0.0014650534591597307,-0.0297119621051527,0.4444444444444444,-0.0004439406458378786,-0.10035234234124957,0.4523809523809524,-0.0007650011624164248,11.0,10.0,11.0
2026-03-05,XLI,industrials,SPY,0.03038921346973722,0.6190476190476191,0.0014731163131511311,0.12756846606129857,0.6190476190476191,0.0019302368504332534,0.09286142392643715,0.5634920634920635,0.0006800749221239756,4.0,3.0,2.0
2026-03-05,XLE,energy,SPY,0.10501188861173971,0.6666666666666666,0.004861959943944656,0.2612128890130434,0.6190476190476191,0.003752153409451885,0.23396384087817745,0.5476190476190477,0.001629193422931016,1.0,1.0,1.0
2026-03-05,XLB,materials,SPY,0.014485182543951813,0.5714285714285714,0.0007542839696879554,0.15369754278078496,0.6031746031746031,0.002308416129484082,0.06417809600551139,0.5317460317460317,0.0004950866138612968,6.0,2.0,5.0
2026-03-05,XLY,consumer_discretionary,SPY,-0.02477601248585337,0.42857142857142855,-0.0011870170322900032,-0.014803573207573417,0.47619047619047616,-0.00021035561974300012,-0.05129508605740285,0.4523809523809524,-0.0003579059808221876,10.0,9.0,10.0
2026-03-05,XLP,consumer_staples,SPY,0.006564314715077235,0.42857142857142855,0.00033413620734451267,0.09036408936037721,0.4603174603174603,0.0013849409248469727,0.011210232059270187,0.4365079365079365,8.967226088715146e-05,8.0,4.0,7.0
2026-03-05,XLV,health_care,SPY,0.010688189705686635,0.42857142857142855,0.0005266129248395968,-0.001300491340944454,0.4603174603174603,-5.2186684612598455e-06,0.06968703752423067,0.49206349206349204,0.0005178436574678309,7.0,8.0,4.0
2026-03-05,XLU,utilities,SPY,0.09656493205352268,0.5714285714285714,0.0044633480827325055,0.0727298952452502,0.5555555555555556,0.0011306495533035374,0.07046989077743415,0.5396825396825397,0.0005211083386986294,2.0,5.0,3.0
2026-03-05,XLRE,real_estate,SPY,0.07391557235336599,0.6190476190476191,0.003442559300162457,0.06625528500108513,0.5396825396825397,0.0010224877848318463,-0.00011048468429053493,0.48412698412698413,4.1877604519961994e-06,3.0,6.0,8.0
2026-03-05,XLC,communication_services,SPY,0.017866467758300475,0.42857142857142855,0.0008510924382561539,0.028553755502219946,0.49206349206349204,0.0004518465243641253,-0.009790126623491657,0.49206349206349204,-6.859569090127997e-05,5.0,7.0,9.0
2026-03-06,XLK,technology,SPY,0.014116204619618822,0.47619047619047616,0.0007721253385089053,-0.03777865310689421,0.5238095238095238,-0.0005493481038001842,0.006618296216522879,0.5476190476190477,0.00011351332658320123,6.0,10.0,7.0
2026-03-06,XLF,financials,SPY,-0.042698677381318606,0.38095238095238093,-0.0020675642593012663,-0.038423335058964336,0.4444444444444444,-0.000598701276562626,-0.09997265966933044,0.4523809523809524,-0.0007799685444713485,11.0,11.0,11.0
2026-03-06,XLI,industrials,SPY,0.02337251513394545,0.6190476190476191,0.0011530337986723708,0.1197030973005806,0.6190476190476191,0.00184700892884345,0.0885083894068528,0.5634920634920635,0.0006631004517732135,5.0,3.0,3.0
2026-03-06,XLE,energy,SPY,0.09091865729713433,0.6666666666666666,0.004262270265328814,0.25648675627006834,0.6190476190476191,0.003742865465336688,0.2500773382160377,0.5555555555555556,0.0017592751640969338,2.0,1.0,1.0
2026-03-06,XLB,materials,SPY,-0.018995617508168583,0.5238095238095238,-0.0008786366368644357,0.1402848515456625,0.5873015873015873,0.0021571594300673134,0.06105554920171041,0.5317460317460317,0.00048344963867067456,9.0,2.0,5.0
2026-03-06,XLY,consumer_discretionary,SPY,-0.027001782167996424,0.42857142857142855,-0.00130533603091004,-0.026480035575009775,0.4603174603174603,-0.0004058931241908342,-0.06483062517899774,0.4444444444444444,-0.00047626037405517393,10.0,9.0,10.0
2026-03-06,XLP,consumer_staples,SPY,0.0062159492991997745,0.42857142857142855,0.0003128115477091507,0.11081937491383709,0.47619047619047616,0.0017046233587933596,0.037857708097817966,0.4444444444444444,0.000289478485519806,7.0,4.0,6.0
2026-03-06,XLV,health_care,SPY,-0.0012163214258273936,0.42857142857142855,-5.0659959689759394e-05,0.002771165310363699,0.4603174603174603,5.896902499461703e-05,0.07917138140184932,0.5,0.0005956570101590498,8.0,8.0,4.0
2026-03-06,XLU,utilities,SPY,0.1050838056818324,0.5714285714285714,0.0048705878299025625,0.08904308940507,0.5714285714285714,0.001390088907921306,0.09060694554519966,0.5476190476190477,0.0006738521465215863,1.0,5.0,2.0
2026-03-06,XLRE,real_estate,SPY,0.05461674644802694,0.6190476190476191,0.0025831773291709894,0.0696528543256758,0.5555555555555556,0.0010897149568422915,0.004434403950089871,0.49206349206349204,3.8560981626568046e-05,3.0,6.0,8.0
2026-03-06,XLC,communication_services,SPY,0.02577633531543233,0.47619047619047616,0.0012307454563091427,0.03746593115891739,0.5079365079365079,0.0005972990937509453,-0.00521020991100829,0.49206349206349204,-3.5514144871384006e-05,4.0,7.0,9.0
2026-03-09,XLK,technology,SPY,0.029491117199254457,0.5238095238095238,0.001475447053036377,-0.03221091559051348,0.5238095238095238,-0.00045033218487660736,0.01240882406654098,0.5476190476190477,0.0001571455127739975,4.0,10.0,7.0
2026-03-09,XLF,financials,SPY,-0.056504416801564594,0.3333333333333333,-0.002714161100070495,-0.052765530034361574,0.42857142857142855,-0.0008340816467839612,-0.09913503041976901,0.4523809523809524,-0.0007648014468003738,11.0,11.0,11.0
2026-03-09,XLI,industrials,SPY,0.01430466472269476,0.5714285714285714,0.0007081200340223616,0.11255825590226876,0.6031746031746031,0.0017306255433280156,0.0871997162356759,0.5634920634920635,0.0006466327867762057,5.0,3.0,2.0
2026-03-09,XLE,energy,SPY,0.07776119413114202,0.6190476190476191,0.0035988049380679624,0.23785255508502356,0.6031746031746031,0.0034778620599578165,0.25751240873016257,0.5555555555555556,0.0017849347423844052,2.0,1.0,1.0
2026-03-09,XLB,materials,SPY,-0.01105833577504367,0.5238095238095238,-0.0004907561574035713,0.14194783875332406,0.5873015873015873,0.002163852202164797,0.044057386249381825,0.5238095238095238,0.00035601166313791756,8.0,2.0,5.0
2026-03-09,XLY,consumer_discretionary,SPY,-0.0258082954920984,0.42857142857142855,-0.00122786862510718,-0.029704052299519335,0.4603174603174603,-0.0004560774164465422,-0.07552049216025258,0.4365079365079365,-0.0005566799197295033,10.0,9.0,10.0
2026-03-09,XLP,consumer_staples,SPY,-0.011888785604845298,0.38095238095238093,-0.000555257373808756,0.11066286161955186,0.47619047619047616,0.001688858231986182,0.024993592438222967,0.4365079365079365,0.00019191382446482745,9.0,4.0,6.0
2026-03-09,XLV,health_care,SPY,-0.004705001859533264,0.42857142857142855,-0.0002128695276444167,0.012621245224007871,0.47619047619047616,0.00021446371140676842,0.07458518136857539,0.5,0.0005570855649646442,7.0,8.0,4.0
2026-03-09,XLU,utilities,SPY,0.0860477685621659,0.5238095238095238,0.00394868694558709,0.0858809651564546,0.5714285714285714,0.0013326188697201562,0.084629228570956,0.5476190476190477,0.0006246663644616869,1.0,5.0,3.0
2026-03-09,XLRE,real_estate,SPY,0.04148554837452245,0.5714285714285714,0.0019353985076515222,0.06576312881539625,0.5555555555555556,0.0010226341725726592,-0.01598798298653148,0.48412698412698413,-0.00011711615764679421,3.0,6.0,8.0
2026-03-09,XLC,communication_services,SPY,0.01065755378297073,0.42857142857142855,0.0004999553890298047,0.024586841530384373,0.49206349206349204,0.00039237459153115253,-0.022023981858636743,0.48412698412698413,-0.00016370440828713246,6.0,7.0,9.0
2026-03-10,XLK,technology,SPY,0.009753313705236577,0.5238095238095238,0.0005345114817384633,-0.035719027237232526,0.5238095238095238,-0.0005108285070158184,0.008748726841182108,0.5476190476190477,0.00012991579498558515,5.0,10.0,7.0
2026-03-10,XLF,financials,SPY,-0.057944341015946144,0.3333333333333333,-0.0028463061050633754,-0.0546847124567269,0.42857142857142855,-0.0008694901222809333,-0.10070013881135198,0.4523809523809524,-0.0007811086873480986,11.0,11.0,11.0
2026-03-10,XLI,industrials,SPY,0.0012138375468067064,0.5238095238095238,8.154168623757185e-05,0.11314324181366553,0.6031746031746031,0.0017448887000020925,0.08277928414957514,0.5634920634920635,0.0006182907940005198,6.0,3.0,3.0
2026-03-10,XLE,energy,SPY,0.06359221995635322,0.5714285714285714,0.003031580294488552,0.2306152851809593,0.6031746031746031,0.0033960067206416115,0.24798986537674672,0.5555555555555556,0.0017338953044692463,2.0,1.0,1.0
2026-03-10,XLB,materials,SPY,-0.0121834711968265,0.47619047619047616,-0.0005578243443829591,0.1466549432695725,0.5873015873015873,0.0022366185431341545,0.04496156574375032,0.5238095238095238,0.0003638959452666836,10.0,2.0,5.0
2026-03-10,XLY,consumer_discretionary,SPY,-0.010626499796658972,0.47619047619047616,-0.0004946219758674708,-0.032795949069970964,0.4603174603174603,-0.000509178353066123,-0.0762962914733053,0.4365079365079365,-0.0005655355328209202,9.0,9.0,10.0
2026-03-10,XLP,consumer_staples,SPY,-0.005783764608477959,0.38095238095238093,-0.00026245731065411784,0.11078887292101336,0.47619047619047616,0.0016963337232186178,0.030134162782269103,0.4365079365079365,0.00023052744527142798,7.0,4.0,6.0
2026-03-10,XLV,health_care,SPY,-0.009453064659736388,0.42857142857142855,-0.0004480664605652562,0.013030253875151665,0.47619047619047616,0.00022191669884470976,0.07114348311174878,0.5,0.0005351066574540405,8.0,8.0,4.0
2026-03-10,XLU,utilities,SPY,0.09350933289761199,0.5238095238095238,0.004367804114417945,0.09283719614103214,0.5714285714285714,0.0014389131133198776,0.09349520487902874,0.5476190476190477,0.0006886112009836313,1.0,5.0,2.0
2026-03-10,XLRE,real_estate,SPY,0.04160885448587104,0.6190476190476191,0.00198123801874971,0.06802074289019222,0.5714285714285714,0.001060006355599353,-0.00623775757717393,0.49206349206349204,-4.325834450619798e-05,3.0,6.0,8.0
2026-03-10,XLC,communication_services,SPY,0.03345525257939541,0.47619047619047616,0.0016015317478516773,0.014871238676186227,0.49206349206349204,0.00024003770357632312,-0.020498061278456214,0.49206349206349204,-0.00015260019843447528,4.0,7.0,9.0
2026-03-11,XLK,technology,SPY,0.0050210288027923156,0.5238095238095238,0.00030311561559272953,-0.039573055728662765,0.5238095238095238,-0.0005740220646759386,0.015514348588665072,0.5555555555555556,0.00018098955639232463,5.0,10.0,7.0
2026-03-11,XLF,financials,SPY,-0.05432734607518053,0.3333333333333333,-0.0026756123171900884,-0.06080360064805712,0.42857142857142855,-0.0009712881969597471,-0.1089839719010649,0.4444444444444444,-0.0008537552518703518,11.0,11.0,11.0
2026-03-11,XLI,industrials,SPY,0.001153788998328742,0.5238095238095238,7.950140017053462e-05,0.10931920835044351,0.5873015873015873,0.0016871559960340914,0.09064890054945929,0.5634920634920635,0.0006753772582507461,7.0,3.0,2.0
2026-03-11,XLE,energy,SPY,0.08765791388060573,0.5714285714285714,0.004154115408165142,0.2729622446787048,0.6190476190476191,0.003935047235203582,0.2775563879184817,0.5555555555555556,0.0019209475251445972,1.0,1.0,1.0
2026-03-11,XLB,materials,SPY,-0.019453882913290088,0.47619047619047616,-0.0009260262049161241,0.1599462241914027,0.6031746031746031,0.0024157339158691195,0.06594019894042846,0.5317460317460317,0.0005151858466896725,10.0,2.0,5.0
2026-03-11,XLY,consumer_discretionary,SPY,-0.003618098123589264,0.47619047619047616,-0.0001524999951482195,-0.022957937704317644,0.4603174603174603,-0.0003478750107748441,-0.07375300914608296,0.4365079365079365,-0.0005469338505934254,8.0,9.0,10.0
2026-03-11,XLP,consumer_staples,SPY,-0.00709232169015972,0.38095238095238093,-0.0003246526761595166,0.10361179414398358,0.47619047619047616,0.0015908219210812675,0.017523370063852184,0.4365079365079365,0.00013845455752312504,9.0,4.0,6.0
2026-03-11,XLV,health_care,SPY,0.003192861306359207,0.42857142857142855,0.0001677330938135184,0.021430482248053995,0.47619047619047616,0.0003525909988852497,0.06671078446694567,0.49206349206349204,0.0005052665419951232,6.0,7.0,4.0
2026-03-11,XLU,utilities,SPY,0.08725837637015421,0.5238095238095238,0.004115503694124897,0.09660993721380295,0.5714285714285714,0.0014908065230571318,0.07988808319970975,0.5396825396825397,0.0005956882870113608,2.0,5.0,3.0
2026-03-11,XLRE,real_estate,SPY,0.029177940261996493,0.5714285714285714,0.0014099316516606795,0.06012346408447633,0.5714285714285714,0.0009404412618161895,-0.014408457142844888,0.49206349206349204,-0.00010546567328167327,3.0,6.0,8.0
2026-03-11,XLC,communication_services,SPY,0.026417639233951018,0.42857142857142855,0.0012760308737434526,0.017377816176747496,0.49206349206349204,0.0002787858081305185,-0.025868822609453224,0.48412698412698413,-0.0001949114583157033,4.0,8.0,9.0
2026-03-12,XLK,technology,SPY,0.0046112960264458325,0.5238095238095238,0.0002881269403623247,-0.04538389245514862,0.5079365079365079,-0.0006813692307302166,-0.003761389985874608,0.5476190476190477,3.420166698734632e-05,5.0,10.0,8.0
2026-03-12,XLF,financials,SPY,-0.050489503353405074,0.3333333333333333,-0.002510822060847829,-0.05833981357958118,0.42857142857142855,-0.0009436018255966249,-0.10230033553059348,0.4444444444444444,-0.0008130187165815106,11.0,11.0,11.0
2026-03-12,XLI,industrials,SPY,-0.012200990304483184,0.47619047619047616,-0.0005746197694019532,0.10383868361002391,0.5873015873015873,0.0016326460383864398,0.07287382005304721,0.5555555555555556,0.0005611914388466306,8.0,5.0,5.0
2026-03-12,XLE,energy,SPY,0.11100063951515649,0.5714285714285714,0.0052478190245050915,0.2911297775040792,0.6190476190476191,0.004212170344991993,0.28578304964590373,0.5555555555555556,0.001999578335117084,1.0,1.0,1.0
2026-03-12,XLB,materials,SPY,-0.02339462507816492,0.47619047619047616,-0.0011475734379684573,0.17285272426064713,0.6190476190476191,0.002624965386156141,0.079145155727669,0.5396825396825397,0.0006182623844693222,10.0,2.0,3.0
2026-03-12,XLY,consumer_discretionary,SPY,-0.01989847013311319,0.42857142857142855,-0.0009640172513533583,-0.030903786485072193,0.4444444444444444,-0.00048355072796843083,-0.06571440508428428,0.4365079365079365,-0.000490692553899835,9.0,9.0,10.0
2026-03-12,XLP,consumer_staples,SPY,0.00437643960255818,0.42857142857142855,0.00023396794310060978,0.11091145323196117,0.47619047619047616,0.0017176386744328519,0.04256793351587107,0.4444444444444444,0.00032767680078360067,6.0,4.0,6.0
2026-03-12,XLV,health_care,SPY,0.004368485053444338,0.42857142857142855,0.00022878160069552571,0.027575884994904487,0.47619047619047616,0.00045466290879198334,0.07600984277070078,0.49206349206349204,0.0005812056050830216,7.0,7.0,4.0
2026-03-12,XLU,utilities,SPY,0.08968870809197893,0.5238095238095238,0.004264840776078757,0.11784644661496546,0.5714285714285714,0.0018204495486380892,0.0876253124260522,0.5396825396825397,0.0006594485347863527,2.0,3.0,2.0
2026-03-12,XLRE,real_estate,SPY,0.02131249653552869,0.5714285714285714,0.001039300713286797,0.07384330329488653,0.5873015873015873,0.0011602269546545922,-0.0016343317030240723,0.5,-8.745372364632552e-06,3.0,6.0,7.0
2026-03-12,XLC,communication_services,SPY,0.01800623534831658,0.42857142857142855,0.0008842394360715687,0.015561442636540801,0.49206349206349204,0.00025366726127862635,-0.014647481550909225,0.49206349206349204,-0.00011038296314746624,4.0,8.0,9.0
2026-03-13,XLK,technology,SPY,-0.00027766732901768343,0.47619047619047616,4.7069872717366736e-05,-0.044896312927184656,0.5079365079365079,-0.0006821526906297529,-0.0006612326125310375,0.5476190476190477,5.8463983414436085e-05,7.0,10.0,7.0
2026-03-13,XLF,financials,SPY,-0.030121385408276913,0.38095238095238093,-0.0014734969373245328,-0.055689836852241714,0.42857142857142855,-0.000910711581649729,-0.10184268830799148,0.4444444444444444,-0.0008222758333777823,10.0,11.0,11.0
2026-03-13,XLI,industrials,SPY,-0.01540360649222805,0.47619047619047616,-0.0007407662623029953,0.09257737610811123,0.5873015873015873,0.0014810902737227496,0.07284786320070258,0.5555555555555556,0.0005682244818709398,8.0,5.0,3.0
2026-03-13,XLE,energy,SPY,0.09235077849392936,0.5714285714285714,0.004419423460173512,0.29403043286077546,0.6190476190476191,0.004293008467922609,0.304055519740134,0.5634920634920635,0.002134893473436631,2.0,1.0,1.0
2026-03-13,XLB,materials,SPY,-0.03974016076015596,0.42857142857142855,-0.0019977209081643073,0.1515502230322201,0.6031746031746031,0.0023525733685161414,0.05999296517248087,0.5317460317460317,0.00048462290978729556,11.0,2.0,5.0
2026-03-13,XLY,consumer_discretionary,SPY,-0.015715531439998487,0.42857142857142855,-0.000757931836239316,-0.0381723293919628,0.42857142857142855,-0.0006151264453153668,-0.07540959579436901,0.42857142857142855,-0.0005811745466042231,9.0,9.0,10.0
2026-03-13,XLP,consumer_staples,SPY,0.001475453697183604,0.42857142857142855,8.643989514737586e-05,0.1259670420012895,0.49206349206349204,0.0019582604749519474,0.054342329821424507,0.4523809523809524,0.0004201803740221274,6.0,4.0,6.0
2026-03-13,XLV,health_care,SPY,0.0015342273431649955,0.42857142857142855,8.792735904228883e-05,0.022667264287738798,0.47619047619047616,0.0003799159770725354,0.06869956022803425,0.49206349206349204,0.0005344038817128296,5.0,7.0,4.0
2026-03-13,XLU,utilities,SPY,0.09602914952833574,0.5238095238095238,0.004574262930089536,0.14114819052246474,0.5873015873015873,0.002180014199864877,0.10692836989009913,0.5476190476190477,0.0008066311310419352,1.0,3.0,2.0
2026-03-13,XLRE,real_estate,SPY,0.030027723757117264,0.6190476190476191,0.0014665905499443364,0.08645285531720814,0.6031746031746031,0.00136542220882449,-0.0011616258348186026,0.5,-6.078029551166818e-06,3.0,6.0,8.0
2026-03-13,XLC,communication_services,SPY,0.023261977862081284,0.42857142857142855,0.0011442076286253637,0.014706110861650079,0.49206349206349204,0.00024312961540877133,-0.022821199616413157,0.48412698412698413,-0.00017783013974837037,4.0,8.0,9.0
2026-03-16,XLK,technology,SPY,0.01487746637108045,0.5238095238095238,0.0007683586931558244,-0.03432959169121175,0.5238095238095238,-0.0004959033568916347,0.004020984954528961,0.5555555555555556,9.517912874316683e-05,4.0,9.0,7.0
2026-03-16,XLF,financials,SPY,-0.028270803184338167,0.38095238095238093,-0.0013463838839970568,-0.07201747514802082,0.4126984126984127,-0.0011908536613581206,-0.1009256906323105,0.4444444444444444,-0.0008053591516796532,9.0,11.0,11.0
2026-03-16,XLI,industrials,SPY,-0.020760019539019625,0.42857142857142855,-0.0009840190100476533,0.08277266616789114,0.5714285714285714,0.001322563540006578,0.0803084045487712,0.5555555555555556,0.0006161323048940997,8.0,5.0,3.0
2026-03-16,XLE,energy,SPY,0.09058592815175937,0.5714285714285714,0.004230323800720399,0.29688497350521037,0.6190476190476191,0.00429904443553563,0.3058751605216181,0.5634920634920635,0.0021261728616979946,1.0,1.0,1.0
2026-03-16,XLB,materials,SPY,-0.046958839289823695,0.38095238095238093,-0.002313117784220968,0.12686486315298473,0.5873015873015873,0.001979999711578489,0.06485250975706025,0.5317460317460317,0.0005147808333368629,11.0,3.0,5.0
2026-03-16,XLY,consumer_discretionary,SPY,-0.015874953131610137,0.42857142857142855,-0.0007434882856368988,-0.0381953110192399,0.42857142857142855,-0.0006101882412563967,-0.07961900329588623,0.42857142857142855,-0.0006097881039730338,7.0,10.0,10.0
2026-03-16,XLP,consumer_staples,SPY,-0.029449755246126808,0.38095238095238093,-0.0014352906564314056,0.11343333627077512,0.47619047619047616,0.0017609175309991779,0.05031231281172155,0.4523809523809524,0.00038582379995664355,10.0,4.0,6.0
2026-03-16,XLV,health_care,SPY,-0.014020770514058145,0.38095238095238093,-0.0006683112084008503,0.01380810100542984,0.4603174603174603,0.00023435815464561353,0.07956923904369506,0.49206349206349204,0.0006070731354500448,6.0,8.0,4.0
2026-03-16,XLU,utilities,SPY,0.06238631386502913,0.47619047619047616,0.0029533662361124415,0.13262956669961423,0.5714285714285714,0.002041657108255181,0.09776405094992535,0.5396825396825397,0.0007337913941502992,2.0,2.0,2.0
2026-03-16,XLRE,real_estate,SPY,0.011201822236208026,0.5714285714285714,0.0005403753123712404,0.08138828497219741,0.5873015873015873,0.001278748924544357,0.000664628789368571,0.5,7.935029592456711e-06,5.0,6.0,8.0
2026-03-16,XLC,communication_services,SPY,0.02398534232328431,0.42857142857142855,0.001146683564491911,0.016881201659082024,0.49206349206349204,0.00027582789508749097,-0.034105584253936616,0.47619047619047616,-0.00026638043765516513,3.0,7.0,9.0
2026-03-17,XLK,technology,SPY,0.01593296957340362,0.5238095238095238,0.0008176978858711868,-0.01422524877610587,0.5396825396825397,-0.0001622782940738286,0.003166709588351857,0.5555555555555556,8.852702884932026e-05,4.0,9.0,8.0
2026-03-17,XLF,financials,SPY,-0.024388311546005514,0.42857142857142855,-0.0011501114481059398,-0.08175340382101959,0.4126984126984127,-0.0013427046951217606,-0.09124458853117945,0.4523809523809524,-0.0007244239361326111,7.0,11.0,11.0
2026-03-17,XLI,industrials,SPY,-0.02796106805256726,0.42857142857142855,-0.0013409884725962325,0.07909053393845156,0.5714285714285714,0.0012518276288723173,0.08088791216940971,0.5634920634920635,0.0006218873781986769,8.0,5.0,4.0
2026-03-17,XLE,energy,SPY,0.09261729911217231,0.5714285714285714,0.004313895171079078,0.3097943863863013,0.6190476190476191,0.004409267118539984,0.32718694282247474,0.5714285714285714,0.002258035444425875,1.0,1.0,1.0
2026-03-17,XLB,materials,SPY,-0.055017320505018175,0.3333333333333333,-0.002721815043875676,0.11563360224751862,0.5714285714285714,0.0017955812406874288,0.0791161265570326,0.5317460317460317,0.000619495183188978,11.0,3.0,5.0
2026-03-17,XLY,consumer_discretionary,SPY,-0.0097457206765722,0.47619047619047616,-0.000439785326568256,-0.04726140922398714,0.42857142857142855,-0.000752646939843877,-0.07682078467163367,0.42857142857142855,-0.0005879362213171644,6.0,10.0,10.0
2026-03-17,XLP,consumer_staples,SPY,-0.037660726908293696,0.3333333333333333,-0.0018440454802654733,0.08822160326354389,0.4603174603174603,0.0013713065791436173,0.06191754816899531,0.4523809523809524,0.00047195581868620095,10.0,4.0,6.0
2026-03-17,XLV,health_care,SPY,-0.03485270740287971,0.3333333333333333,-0.0017017999959446587,-0.011370359706174948,0.4444444444444444,-0.00017167526596911168,0.08172357466589997,0.49206349206349204,0.0006242563822705656,9.0,8.0,3.0
2026-03-17,XLU,utilities,SPY,0.029624673045225647,0.42857142857142855,0.0014152173819940584,0.12182430989529824,0.5555555555555556,0.001863020935265337,0.09481226171751578,0.5396825396825397,0.000714771190349961,2.0,2.0,2.0
2026-03-17,XLRE,real_estate,SPY,-0.0018547209551180721,0.5714285714285714,-9.45649228274342e-05,0.07298443011449618,0.5873015873015873,0.0011379686080198001,0.007988807940263909,0.5079365079365079,6.477631780608928e-05,5.0,6.0,7.0
2026-03-17,XLC,communication_services,SPY,0.02297109622756066,0.42857142857142855,0.0010964036726017704,0.006263629327798892,0.47619047619047616,0.00010424120600000768,-0.04474376267043867,0.46825396825396826,-0.00035384324948838504,3.0,7.0,9.0
2026-03-18,XLK,technology,SPY,0.020471066527316006,0.5714285714285714,0.0010471101459197014,-0.003547525220322867,0.5555555555555556,9.049489246742717e-06,0.007959642400118927,0.5634920634920635,0.00012606563731214722,4.0,8.0,8.0
2026-03-18,XLF,financials,SPY,-0.030508779616246096,0.42857142857142855,-0.0014827855216714122,-0.08088113927716956,0.4126984126984127,-0.0013457190558612733,-0.08739703927617848,0.4603174603174603,-0.0007013499433254964,8.0,11.0,10.0
2026-03-18,XLI,industrials,SPY,-0.025177015768887645,0.42857142857142855,-0.0012260158067796336,0.08125349900628931,0.5714285714285714,0.0012981751088005165,0.08824894391876748,0.5714285714285714,0.0006822355673326599,7.0,4.0,3.0
2026-03-18,XLE,energy,SPY,0.11843829400683559,0.6190476190476191,0.005515770156846498,0.3294879146055384,0.6349206349206349,0.004696678975923298,0.3160092421521399,0.5714285714285714,0.0022139752225715983,1.0,1.0,1.0
2026-03-18,XLB,materials,SPY,-0.048707369449650484,0.3333333333333333,-0.002435716053151838,0.10549548110003004,0.5555555555555556,0.0016702761939130404,0.0721981247348844,0.5317460317460317,0.0005770679861532462,11.0,3.0,5.0
2026-03-18,XLY,consumer_discretionary,SPY,-0.015770430545540948,0.47619047619047616,-0.0007392349405681141,-0.06439739727226157,0.4126984126984127,-0.0010566376061115917,-0.09136892502734961,0.42063492063492064,-0.0007199423137995709,6.0,10.0,11.0
2026-03-18,XLP,consumer_staples,SPY,-0.03167005860785921,0.3333333333333333,-0.00156398626143243,0.07147524652547677,0.4444444444444444,0.0011387911672972215,0.04367297816819793,0.4444444444444444,0.0003427611429956322,9.0,5.0,6.0
2026-03-18,XLV,health_care,SPY,-0.03363754894045212,0.3333333333333333,-0.001665470751826976,-0.027904405593536574,0.42857142857142855,-0.00044954372434147417,0.07615992088668633,0.48412698412698413,0.0005914768340440754,10.0,9.0,4.0
2026-03-18,XLU,utilities,SPY,0.038914852683393786,0.47619047619047616,0.00187524729158334,0.11479353157253225,0.5555555555555556,0.001781274716682701,0.11870765679257245,0.5476190476190477,0.000891696034160254,2.0,2.0,2.0
2026-03-18,XLRE,real_estate,SPY,-0.012327421498009916,0.5238095238095238,-0.0006152105313679533,0.06383895503462422,0.5714285714285714,0.0010130557158361522,0.010003408689140736,0.5079365079365079,8.145108219626348e-05,5.0,6.0,7.0
2026-03-18,XLC,communication_services,SPY,0.02490004673094015,0.42857142857142855,0.0012067008812173105,0.003673986382452532,0.4603174603174603,6.37572956170179e-05,-0.04246036862009517,0.46825396825396826,-0.00033964891784025455,3.0,7.0,9.0
2026-03-19,XLK,technology,SPY,0.020998784596031994,0.5714285714285714,0.001078355305610343,-0.0022784772032965472,0.5555555555555556,2.986830265187878e-05,0.016183699387857464,0.5714285714285714,0.00019019153314702922,4.0,8.0,7.0
2026-03-19,XLF,financials,SPY,-0.029855259230369247,0.42857142857142855,-0.0014618759460104593,-0.07505145410951364,0.42857142857142855,-0.0012424616006994741,-0.09464261627419324,0.4603174603174603,-0.0007654635273879707,8.0,11.0,10.0
2026-03-19,XLI,industrials,SPY,-0.024129765583425833,0.42857142857142855,-0.0011807814121346186,0.08008176884163132,0.5714285714285714,0.0012803230198092576,0.08701998451762782,0.5714285714285714,0.0006741883083410332,7.0,4.0,3.0
2026-03-19,XLE,energy,SPY,0.12220598619186562,0.6190476190476191,0.0057184245015666135,0.3917107039623946,0.6507936507936508,0.005429792045603468,0.33517603416948494,0.5714285714285714,0.0023314313553916732,1.0,1.0,1.0
2026-03-19,XLB,materials,SPY,-0.06098630023424367,0.2857142857142857,-0.0030944852166865165,0.09158405216045229,0.5396825396825397,0.0014659477622704163,0.0544863522757677,0.5238095238095238,0.00044723909564650357,11.0,3.0,5.0
2026-03-19,XLY,consumer_discretionary,SPY,-0.023954628369209918,0.42857142857142855,-0.0011588365745511438,-0.0733016188299419,0.3968253968253968,-0.0012118661089488734,-0.09505117867748925,0.42063492063492064,-0.0007527003923474291,6.0,10.0,11.0
2026-03-19,XLP,consumer_staples,SPY,-0.030347156279001197,0.3333333333333333,-0.0015064317189918118,0.06744417224638921,0.4444444444444444,0.0010775980515167218,0.030140817066408365,0.4365079365079365,0.00024035224806051052,9.0,6.0,6.0
2026-03-19,XLV,health_care,SPY,-0.03154764918184061,0.3333333333333333,-0.001570528663101367,-0.01914842094058422,0.42857142857142855,-0.00030455074668228523,0.07136282447572029,0.47619047619047616,0.0005569403952853966,10.0,9.0,4.0
2026-03-19,XLU,utilities,SPY,0.05898901657937783,0.47619047619047616,0.0028294414764316943,0.11463956393685693,0.5555555555555556,0.0017785866041284527,0.11256678449452351,0.5396825396825397,0.0008493180282712268,2.0,2.0,2.0
2026-03-19,XLRE,real_estate,SPY,0.005611410072471568,0.5714285714285714,0.00026810025129170035,0.07030254353304599,0.5873015873015873,0.0011107069157285407,0.009297397460930723,0.5079365079365079,7.603700827686038e-05,5.0,5.0,8.0
2026-03-19,XLC,communication_services,SPY,0.02594497334165813,0.42857142857142855,0.0012669897974757957,-0.0017311843638039282,0.4444444444444444,-2.401337600723238e-05,-0.04815139687027559,0.4603174603174603,-0.00038701998065603777,3.0,7.0,9.0
2026-03-20,XLK,technology,SPY,0.014785117000462034,0.5714285714285714,0.0007918426619136511,0.0005614892373652092,0.5555555555555556,7.56692193614113e-05,-0.0049513079829445195,0.5634920634920635,2.389333229775779e-05,4.0,8.0,8.0
2026-03-20,XLF,financials,SPY,-0.00899329597700993,0.47619047619047616,-0.0004189211473875235,-0.06994933767809075,0.42857142857142855,-0.0011575055915366904,-0.07476492951929503,0.46825396825396826,-0.0006073626485880265,5.0,10.0,10.0
2026-03-20,XLI,industrials,SPY,-0.033316305392913526,0.38095238095238093,-0.001671086943896621,0.08512871411559386,0.5714285714285714,0.0013593083645511872,0.07877345427510485,0.5634920634920635,0.0006248859474537232,10.0,2.0,4.0
2026-03-20,XLE,energy,SPY,0.12472132878414866,0.6190476190476191,0.005887666810068169,0.3642688129644731,0.6507936507936508,0.0051178696285149395,0.35727666146904746,0.5793650793650794,0.002500299417118478,1.0,1.0,1.0
2026-03-20,XLB,materials,SPY,-0.060857260234020605,0.2857142857142857,-0.0031248518356229277,0.07348032559752182,0.5238095238095238,0.0011991313875767595,0.05663926882209336,0.5238095238095238,0.00047175233522605756,11.0,4.0,5.0
2026-03-20,XLY,consumer_discretionary,SPY,-0.023249239628363783,0.42857142857142855,-0.0011351714785177475,-0.07576572319407915,0.3968253968253968,-0.0012590200595114607,-0.08823477735714669,0.42063492063492064,-0.0007078320216799972,8.0,11.0,11.0
2026-03-20,XLP,consumer_staples,SPY,-0.022897608796945135,0.38095238095238093,-0.0011442780454402031,0.05728115939274159,0.4444444444444444,0.0009247326165043903,0.04963489728342907,0.4444444444444444,0.0003946093495305446,7.0,5.0,6.0
2026-03-20,XLV,health_care,SPY,-0.025986259001981038,0.3333333333333333,-0.0013053842662401987,-0.02248269283221893,0.42857142857142855,-0.0003613931458780759,0.07889811805463909,0.48412698412698413,0.0006228895578773514,9.0,9.0,3.0
2026-03-20,XLU,utilities,SPY,0.01821194189465447,0.42857142857142855,0.0009306637795894547,0.08052643220141897,0.5396825396825397,0.001290137493830197,0.08539663374354056,0.5396825396825397,0.0006722267176261937,3.0,3.0,2.0
2026-03-20,XLRE,real_estate,SPY,-0.010541341477032007,0.5714285714285714,-0.000520875338588969,0.035957291507842326,0.5714285714285714,0.0005895339657208244,-0.00459217492922237,0.5079365079365079,-3.057192570569504e-05,6.0,6.0,7.0
2026-03-20,XLC,communication_services,SPY,0.024601784000816362,0.42857142857142855,0.001212491211981679,0.0007278509428807478,0.4444444444444444,1.5513305405654537e-05,-0.037534269866354664,0.46825396825396826,-0.00030600585354761603,2.0,7.0,9.0
2026-03-23,XLK,technology,SPY,0.020105156416460268,0.6190476190476191,0.0010528875108701606,-0.004096414712713381,0.5555555555555556,-1.2257153697252981e-06,-0.007107120576146264,0.5634920634920635,6.755889669769336e-06,2.0,8.0,8.0
2026-03-23,XLF,financials,SPY,-0.009727474668942748,0.47619047619047616,-0.0004549350687313251,-0.0631490408240526,0.42857142857142855,-0.0010348030660681672,-0.07400937887639703,0.46825396825396826,-0.0005973033233088097,5.0,10.0,10.0
2026-03-23,XLI,industrials,SPY,-0.030631453654849206,0.42857142857142855,-0.0015256265007035257,0.08738384702581625,0.5873015873015873,0.001389591299596061,0.08284068790810795,0.5714285714285714,0.0006518740443496679,10.0,3.0,3.0
2026-03-23,XLE,energy,SPY,0.14044421767004522,0.6666666666666666,0.006560664985205784,0.3973172359551581,0.6666666666666666,0.005491377306672564,0.38621245737824406,0.5873015873015873,0.0026565071404808906,1.0,1.0,1.0
2026-03-23,XLB,materials,SPY,-0.05136715677945558,0.3333333333333333,-0.002605557041829404,0.08848954214824645,0.5396825396825397,0.001423381454436339,0.06902548344384096,0.5317460317460317,0.0005632351409857888,11.0,2.0,5.0
2026-03-23,XLY,consumer_discretionary,SPY,-0.01373341142475204,0.42857142857142855,-0.0006367915602230574,-0.07062981152697423,0.3968253968253968,-0.001162294240474414,-0.07544402667411709,0.42857142857142855,-0.000590273742108596,6.0,11.0,11.0
2026-03-23,XLP,consumer_staples,SPY,-0.024353835549733138,0.38095238095238093,-0.001216156930505453,0.06483031484928936,0.4444444444444444,0.0010373452834369554,0.05070996790528992,0.4444444444444444,0.0004004213902395594,8.0,5.0,6.0
2026-03-23,XLV,health_care,SPY,-0.02625203469152615,0.3333333333333333,-0.0013162580805130024,-0.025836426201674367,0.42857142857142855,-0.0004167439530695279,0.07510307516706749,0.48412698412698413,0.0005911752528613203,9.0,9.0,4.0
2026-03-23,XLU,utilities,SPY,0.02009442415298468,0.42857142857142855,0.0010203787715255409,0.07778839590446263,0.5238095238095238,0.0012449348481396705,0.08370464843572922,0.5317460317460317,0.00065618671225602,3.0,4.0,2.0
2026-03-23,XLRE,real_estate,SPY,-0.014432844447854865,0.5238095238095238,-0.0007178262220158139,0.04690363524655383,0.5714285714285714,0.0007586575698867775,0.0022648768889067528,0.5079365079365079,2.4279354345655176e-05,7.0,6.0,7.0
2026-03-23,XLC,communication_services,SPY,0.014854789792848155,0.38095238095238093,0.0007266030825878998,-0.0003920008762956506,0.4444444444444444,-2.9951608459171777e-06,-0.03980547693707215,0.46825396825396826,-0.0003233548534299366,4.0,7.0,9.0
2026-03-24,XLK,technology,SPY,0.024303928109878026,0.6190476190476191,0.0012460152778382707,-0.018183702962105808,0.5396825396825397,-0.0002399697280695283,-0.019083719228445317,0.5555555555555556,-9.217117969734499e-05,2.0,8.0,8.0
2026-03-24,XLF,financials,SPY,0.01660211980050419,0.5238095238095238,0.0008250022465614993,-0.05595691666267699,0.4444444444444444,-0.0009217452269945698,-0.06460305323427917,0.47619047619047616,-0.0005209354352712892,3.0,10.0,10.0
2026-03-24,XLI,industrials,SPY,-0.019118704757698057,0.47619047619047616,-0.0009297366800526106,0.09644993842641014,0.6031746031746031,0.0015426057924592396,0.09349620601082087,0.5793650793650794,0.0007357606532148197,7.0,4.0,3.0
2026-03-24,XLE,energy,SPY,0.15057227001568696,0.6666666666666666,0.006966256077474385,0.4371434494490325,0.6825396825396826,0.006010615763645019,0.4238163315318302,0.5952380952380952,0.0028908753772116983,1.0,1.0,1.0
2026-03-24,XLB,materials,SPY,-0.040898821163201315,0.3333333333333333,-0.0020306562874812147,0.11582521492556297,0.5555555555555556,0.001850682941222714,0.09749390168987837,0.5396825396825397,0.0007803637685618596,9.0,2.0,2.0
2026-03-24,XLY,consumer_discretionary,SPY,-0.004070526125046436,0.42857142857142855,-0.00015608809291642984,-0.0586283744572722,0.3968253968253968,-0.0009649971607717355,-0.06812937729239144,0.42857142857142855,-0.0005319418944915757,6.0,11.0,11.0
2026-03-24,XLP,consumer_staples,SPY,-0.04302160650707665,0.38095238095238093,-0.0021687753593370163,0.08133061665424135,0.4603174603174603,0.001302985611930426,0.06956266352572471,0.4523809523809524,0.0005462533638552397,11.0,5.0,6.0
2026-03-24,XLV,health_care,SPY,-0.042783167495241026,0.3333333333333333,-0.0021583744169250394,-0.020018953711316456,0.4444444444444444,-0.0003236324142830079,0.08351837565562414,0.49206349206349204,0.0006584930866548965,10.0,9.0,5.0
2026-03-24,XLU,utilities,SPY,0.012882938398096289,0.42857142857142855,0.0006638884388139204,0.11073307475713468,0.5396825396825397,0.001754146866613458,0.08874326215455564,0.5317460317460317,0.0006983812558446904,4.0,3.0,4.0
2026-03-24,XLRE,real_estate,SPY,-0.029728346996651722,0.47619047619047616,-0.0014857546216506495,0.054367257592195406,0.5714285714285714,0.0008856682175156253,-0.0010731002954245117,0.5079365079365079,-2.1866742050957733e-06,8.0,6.0,7.0
2026-03-24,XLC,communication_services,SPY,0.006597625681613151,0.38095238095238093,0.00031974396748980983,-0.0024642413393453078,0.4444444444444444,-3.517397066832295e-05,-0.04188512470814221,0.46825396825396826,-0.0003427418156598263,5.0,7.0,9.0
2026-03-25,XLK,technology,SPY,0.01764836797789715,0.5714285714285714,0.000921328988421164,-0.01841440918218984,0.5396825396825397,-0.00024406131356377372,-0.01721784278056193,0.5555555555555556,-7.553255298603512e-05,2.0,9.0,7.0
2026-03-25,XLF,financials,SPY,0.01461274704749893,0.5238095238095238,0.0007290609144123616,-0.06523222608248203,0.42857142857142855,-0.0010868826380200651,-0.07027924738845637,0.46825396825396826,-0.0005634282525482344,3.0,11.0,11.0
2026-03-25,XLI,industrials,SPY,-0.022697624907763947,0.47619047619047616,-0.001115187186201035,0.09249304356278643,0.6031746031746031,0.00148353266425002,0.08953573647199997,0.5793650793650794,0.0006994902527224939,7.0,4.0,3.0
2026-03-25,XLE,energy,SPY,0.14826357966436976,0.6666666666666666,0.006878853695833621,0.4172850093631215,0.6666666666666666,0.0057862787534572425,0.3829025971658706,0.5873015873015873,0.0026315284752003007,1.0,1.0,1.0
2026-03-25,XLB,materials,SPY,-0.028100320848191807,0.3333333333333333,-0.0013660306952224903,0.12498461272030825,0.5555555555555556,0.0019881903528659816,0.11158751338580908,0.5396825396825397,0.0008756584493102165,9.0,2.0,2.0
2026-03-25,XLY,consumer_discretionary,SPY,-0.007769226400908713,0.42857142857142855,-0.0003441620845441042,-0.054799716122237774,0.4126984126984127,-0.0008980203019353059,-0.061468640548400955,0.4365079365079365,-0.000468712919750549,6.0,10.0,10.0
2026-03-25,XLP,consumer_staples,SPY,-0.044789618871609926,0.3333333333333333,-0.0022653086099085366,0.09078281065249638,0.4603174603174603,0.0014471452036175926,0.05857697539666873,0.4444444444444444,0.0004582611921308724,11.0,5.0,6.0
2026-03-25,XLV,health_care,SPY,-0.028052824147902666,0.38095238095238093,-0.0013994966645613847,-0.016186119612820127,0.4444444444444444,-0.000258870231615139,0.08086542774527206,0.49206349206349204,0.0006325369306553227,8.0,8.0,4.0
2026-03-25,XLU,utilities,SPY,0.007196232551556325,0.38095238095238093,0.00038315232412419346,0.11118840177415779,0.5396825396825397,0.0017620069647477123,0.07610565538929759,0.5238095238095238,0.0005981269855840733,4.0,3.0,5.0
2026-03-25,XLRE,real_estate,SPY,-0.031125040178093366,0.47619047619047616,-0.0015596678603331988,0.04700683638738923,0.5555555555555556,0.0007704503778528382,-0.020200835152105134,0.5,-0.00015640986140233945,10.0,6.0,8.0
2026-03-25,XLC,communication_services,SPY,0.004235067016752914,0.38095238095238093,0.0002031009584134713,-0.003415640766786354,0.4444444444444444,-5.098480509167934e-05,-0.048807432568091835,0.4603174603174603,-0.0003966545907393065,5.0,7.0,9.0
2026-03-26,XLK,technology,SPY,-0.005545350071944899,0.5238095238095238,-0.00022261249265051597,-0.03127219471673104,0.5238095238095238,-0.00046886207161382534,-0.02715035710996838,0.5555555555555556,-0.00015726658574071413,8.0,9.0,8.0
2026-03-26,XLF,financials,SPY,0.017288158584650826,0.5238095238095238,0.0008700875419336178,-0.05079765996008234,0.4444444444444444,-0.0008557225487768129,-0.0584803782622737,0.46825396825396826,-0.00047144786467814354,3.0,11.0,10.0
2026-03-26,XLI,industrials,SPY,-0.012231308285452602,0.47619047619047616,-0.0005963122578291849,0.08990325008933309,0.6031746031746031,0.001477390621851401,0.08452019810918543,0.5793650793650794,0.0006728303581471283,10.0,5.0,5.0
2026-03-26,XLE,energy,SPY,0.19531521409003816,0.7142857142857143,0.009076744181402564,0.4512585066631345,0.6666666666666666,0.006287134730244478,0.4012114632011565,0.5873015873015873,0.002769258316382358,1.0,1.0,1.0
2026-03-26,XLB,materials,SPY,-0.003912597723285005,0.38095238095238093,-0.00015447133621415698,0.13753105691602752,0.5714285714285714,0.002213602623063927,0.13268317806181984,0.5476190476190477,0.0010376591504339372,7.0,2.0,2.0
2026-03-26,XLY,consumer_discretionary,SPY,-0.0018828548858652594,0.47619047619047616,-5.177890655933257e-05,-0.047648806069269134,0.42857142857142855,-0.0007923102630028406,-0.06927942123734676,0.4365079365079365,-0.0005444514895554055,6.0,10.0,11.0
2026-03-26,XLP,consumer_staples,SPY,-0.016492028068022302,0.38095238095238093,-0.0008418683835390679,0.11247868473679645,0.47619047619047616,0.0018065177995197983,0.06618202578386856,0.4444444444444444,0.0005214986049539937,11.0,4.0,6.0
2026-03-26,XLV,health_care,SPY,-0.00601130733827282,0.42857142857142855,-0.0002980032825148201,0.003938258399259875,0.4603174603174603,7.456356578396304e-05,0.09617633938568426,0.5,0.0007537622637624449,9.0,7.0,3.0
2026-03-26,XLU,utilities,SPY,0.03062265431803779,0.42857142857142855,0.0015581643819657072,0.13077511236032713,0.5555555555555556,0.0020900291309219896,0.08507039476655032,0.5238095238095238,0.0006721131796262088,2.0,3.0,4.0
2026-03-26,XLRE,real_estate,SPY,0.000514188882711597,0.5238095238095238,3.20103231628645e-05,0.06923130484116258,0.5714285714285714,0.0011383001306591938,0.005047676920130861,0.5079365079365079,4.5271860647586876e-05,5.0,6.0,7.0
2026-03-26,XLC,communication_services,SPY,0.0037659231033545515,0.38095238095238093,0.00019214470204129803,-0.010377965564775993,0.42857142857142855,-0.00016889705396054796,-0.048778136193814214,0.4603174603174603,-0.00040178738161573903,4.0,8.0,9.0
2026-03-27,XLK,technology,SPY,8.213932533684964e-05,0.5238095238095238,6.361658091009959e-05,-0.03183109074596946,0.5238095238095238,-0.0004895013678985597,-0.03181809740258279,0.5476190476190477,-0.00019912243646898572,6.0,9.0,8.0
2026-03-27,XLF,financials,SPY,-0.007068709644101112,0.47619047619047616,-0.00036460376846254264,-0.05867743899337918,0.42857142857142855,-0.001016403984628125,-0.06719238773242509,0.4603174603174603,-0.0005526415266940395,8.0,11.0,10.0
2026-03-27,XLI,industrials,SPY,-0.018922891119346308,0.47619047619047616,-0.0009583327448167198,0.09266035359244951,0.6190476190476191,0.0015485856663763034,0.09026879939128563,0.5873015873015873,0.0007233700777228362,11.0,5.0,6.0
2026-03-27,XLE,energy,SPY,0.22142993293504787,0.7142857142857143,0.010273029137684712,0.4982004508419209,0.6825396825396826,0.006928339704995242,0.42435279684540483,0.5873015873015873,0.0029309834506776496,1.0,1.0,1.0
2026-03-27,XLB,materials,SPY,0.004517552552483095,0.38095238095238093,0.00027226887632900815,0.15074351399348274,0.5873015873015873,0.002450676155764299,0.15552213469302223,0.5555555555555556,0.0012107405309461938,3.0,3.0,2.0
2026-03-27,XLY,consumer_discretionary,SPY,-0.01774082730238047,0.42857142857142855,-0.0008663111096485368,-0.05718123948185949,0.42857142857142855,-0.0009798097886226918,-0.07074273644715523,0.4365079365079365,-0.0005634907557821747,10.0,10.0,11.0
2026-03-27,XLP,consumer_staples,SPY,0.003087721137524202,0.38095238095238093,0.00016147674488855462,0.13176983624746663,0.47619047619047616,0.0021332998466704668,0.09688917444772538,0.4523809523809524,0.000758623837264218,4.0,4.0,5.0
2026-03-27,XLV,health_care,SPY,-0.00862587846499685,0.42857142857142855,-0.0004371220654315664,0.002318687638803718,0.4603174603174603,4.8002405072957794e-05,0.10794980832029877,0.5079365079365079,0.0008489348310701717,9.0,7.0,4.0
2026-03-27,XLU,utilities,SPY,0.0506384252870018,0.42857142857142855,0.002559767955127124,0.1514099487247964,0.5555555555555556,0.002436808234668292,0.11387114782173047,0.5317460317460317,0.0008927257417721612,2.0,2.0,3.0
2026-03-27,XLRE,real_estate,SPY,0.0007765919444128189,0.5238095238095238,4.0289655235593525e-05,0.07504328443084218,0.5714285714285714,0.0012517759427782761,0.012817447878710753,0.5079365079365079,0.00010792470149555387,5.0,6.0,7.0
2026-03-27,XLC,communication_services,SPY,-0.002423600084485944,0.38095238095238093,-0.00012489573436524375,-0.011653620960357047,0.42857142857142855,-0.00019525102962279927,-0.04854951772114946,0.4603174603174603,-0.00040513783556935255,7.0,8.0,9.0
2026-03-30,XLK,technology,SPY,-0.0037733303833600296,0.5238095238095238,-0.00013301035287933377,-0.04677654005623877,0.5079365079365079,-0.0007586591869146065,-0.0433054165535971,0.5476190476190477,-0.0002989325826173402,6.0,10.0,9.0
2026-03-30,XLF,financials,SPY,0.02137229217741632,0.5238095238095238,0.0010842649826677978,-0.044046576714236174,0.4444444444444444,-0.0007510117105284595,-0.05468108785624615,0.4603174603174603,-0.00044722478455243097,3.0,9.0,10.0
2026-03-30,XLI,industrials,SPY,-0.037181252734300285,0.42857142857142855,-0.0019210700241501007,0.08099508102236264,0.6190476190476191,0.0013710350020825592,0.07248768520622284,0.5793650793650794,0.0005948794165080649,11.0,6.0,6.0
2026-03-30,XLE,energy,SPY,0.19148249583447408,0.6666666666666666,0.008994309948951895,0.4929814487338513,0.6825396825396826,0.006888380046531488,0.4071285422326081,0.5793650793650794,0.0028537299476624643,1.0,1.0,1.0
2026-03-30,XLB,materials,SPY,-0.0005647364103156249,0.38095238095238093,9.690804553692217e-06,0.15137514722944267,0.5873015873015873,0.0024670594516924215,0.15544337213666037,0.5555555555555556,0.0012197725761908939,5.0,3.0,2.0
2026-03-30,XLY,consumer_discretionary,SPY,-0.017793311452916183,0.42857142857142855,-0.0008674810004760669,-0.05053764555076379,0.4444444444444444,-0.0008614355054034831,-0.07524750325827312,0.4365079365079365,-0.0006102457880728491,9.0,11.0,11.0
2026-03-30,XLP,consumer_staples,SPY,-0.008971463526044277,0.38095238095238093,-0.00046601987307617757,0.13456117759378317,0.47619047619047616,0.0021818194826395782,0.10433322084412477,0.4603174603174603,0.0008209414369133521,8.0,4.0,5.0
2026-03-30,XLV,health_care,SPY,-0.022324916920114957,0.42857142857142855,-0.0011613690268495432,0.00742898542750603,0.4603174603174603,0.0001360400350100799,0.10996980118954935,0.5079365079365079,0.0008708999763653941,10.0,7.0,4.0
2026-03-30,XLU,utilities,SPY,0.04503611711840494,0.42857142857142855,0.0022798824297737114,0.1629158922796956,0.5714285714285714,0.002614287655715045,0.11298610635343742,0.5317460317460317,0.0008930296988690527,2.0,2.0,3.0
2026-03-30,XLRE,real_estate,SPY,-0.00040478335168625534,0.5238095238095238,-2.032788337187024e-05,0.08103192349617838,0.5714285714285714,0.0013511808613575025,0.016806860407416524,0.5079365079365079,0.0001411355154628121,4.0,5.0,7.0
2026-03-30,XLC,communication_services,SPY,-0.006322387563596821,0.38095238095238093,-0.0003276810532054747,8.082947590837275e-05,0.4444444444444444,8.764648173984232e-06,-0.04085260486837461,0.4603174603174603,-0.0003422308171559265,7.0,8.0,8.0
2026-03-31,XLK,technology,SPY,0.0035190681319112738,0.5238095238095238,0.0002590138599261314,-0.03583194474481355,0.5238095238095238,-0.0005328575057936841,-0.03469243378341236,0.5476190476190477,-0.0002136001338731646,4.0,9.0,8.0
2026-03-31,XLF,financials,SPY,0.01724492638753372,0.5238095238095238,0.0008420487610670348,-0.0510184666615332,0.4444444444444444,-0.0008518502183899125,-0.06552349597458207,0.4523809523809524,-0.0005296487926648384,3.0,11.0,10.0
2026-03-31,XLI,industrials,SPY,-0.043515392074090165,0.42857142857142855,-0.00219450870459664,0.08582821128901097,0.6190476190476191,0.0014063375074812863,0.07783266870163219,0.5793650793650794,0.0006215047241761108,11.0,5.0,6.0
2026-03-31,XLE,energy,SPY,0.1309199714253949,0.6190476190476191,0.006145470271450267,0.43384732492564204,0.6666666666666666,0.006040263401747316,0.39183756718496365,0.5793650793650794,0.002701479345016914,1.0,1.0,1.0
2026-03-31,XLB,materials,SPY,-0.007503234707743056,0.38095238095238093,-0.00035113344900249474,0.1492877552690619,0.5873015873015873,0.002361012884904441,0.14596972994452262,0.5476190476190477,0.0011232787194597202,7.0,2.0,2.0
2026-03-31,XLY,consumer_discretionary,SPY,-0.003979618435094423,0.47619047619047616,-0.00014153951241047653,-0.04445927391577065,0.4603174603174603,-0.0007245759567615992,-0.07656319869798345,0.4365079365079365,-0.0006040243575927862,5.0,10.0,11.0
2026-03-31,XLP,consumer_staples,SPY,-0.02074364117812122,0.38095238095238093,-0.0010772120032343487,0.10511119099400723,0.4603174603174603,0.0016731011541855942,0.07844138344518403,0.4603174603174603,0.0006069729627381865,9.0,4.0,5.0
2026-03-31,XLV,health_care,SPY,-0.021469157440796915,0.42857142857142855,-0.0010983042516677973,-0.0032278967418223337,0.4444444444444444,-4.958240063051329e-05,0.10237636868483246,0.5,0.0007930418594459453,10.0,7.0,3.0
2026-03-31,XLU,utilities,SPY,0.025449330872033937,0.42857142857142855,0.0012508299511357953,0.13013105284212712,0.5555555555555556,0.002056274208726728,0.08405954976788554,0.5238095238095238,0.0006565964977478443,2.0,3.0,4.0
2026-03-31,XLRE,real_estate,SPY,-0.0141868817794355,0.47619047619047616,-0.0007300858858468873,0.06362699410644157,0.5555555555555556,0.001034876555798359,0.004836670803606835,0.5079365079365079,3.995763637166047e-05,8.0,6.0,7.0
2026-03-31,XLC,communication_services,SPY,-0.006551238864216491,0.38095238095238093,-0.000333047917114928,-0.0046809152121622954,0.42857142857142855,-7.205392012025914e-05,-0.044325514115835074,0.4523809523809524,-0.00036295678408196494,6.0,8.0,9.0
2026-04-01,XLK,technology,SPY,0.016632559388531143,0.5714285714285714,0.000896861725668068,-0.027416882161573897,0.5396825396825397,-0.0003817136411676256,-0.029250644571515494,0.5476190476190477,-0.0001667846698107237,3.0,9.0,8.0
2026-04-01,XLF,financials,SPY,0.00464806015482655,0.47619047619047616,0.00021459116988387095,-0.05577831523497878,0.4444444444444444,-0.0009281510761891243,-0.06347172542211377,0.4523809523809524,-0.0005101768077617893,5.0,11.0,10.0
2026-04-01,XLI,industrials,SPY,-0.025874153024239455,0.47619047619047616,-0.001257085792796576,0.09780112476108838,0.6349206349206349,0.001577881470718885,0.08361399782608703,0.5793650793650794,0.0006629090451586413,10.0,4.0,4.0
2026-04-01,XLE,energy,SPY,0.08441344932401929,0.6190476190476191,0.004020997324740948,0.363819140205345,0.6507936507936508,0.005186974577885072,0.35089909124357765,0.5793650793650794,0.0024592738578579345,1.0,1.0,1.0
2026-04-01,XLB,materials,SPY,0.010074919972543617,0.42857142857142855,0.0005087682702585438,0.15197951748773741,0.5873015873015873,0.002381153960841975,0.14775599678350027,0.5476190476190477,0.0011320428209976683,4.0,2.0,2.0
2026-04-01,XLY,consumer_discretionary,SPY,-0.0036963422864635387,0.47619047619047616,-0.00012442937259169557,-0.04226499866127609,0.4603174603174603,-0.0006797618395458024,-0.06914336694026013,0.4365079365079365,-0.0005372900906351693,6.0,10.0,11.0
2026-04-01,XLP,consumer_staples,SPY,-0.03210027826720896,0.38095238095238093,-0.0016370865024991684,0.09186071332797896,0.4603174603174603,0.0014597986549931222,0.06448647495716986,0.4603174603174603,0.0005003105886225558,11.0,5.0,6.0
2026-04-01,XLV,health_care,SPY,-0.01936021951271827,0.47619047619047616,-0.0009753706252121775,-0.003526069378076535,0.4444444444444444,-5.405870784138396e-05,0.0812318351253869,0.5,0.0006328026903644148,7.0,7.0,5.0
2026-04-01,XLU,utilities,SPY,0.020702559614507732,0.38095238095238093,0.001002179021123439,0.12446720397424849,0.5396825396825397,0.0019563572188435545,0.08363970415937172,0.5238095238095238,0.0006510694377115122,2.0,3.0,3.0
2026-04-01,XLRE,real_estate,SPY,-0.022381752657994025,0.42857142857142855,-0.0011301239057640313,0.05604680769063908,0.5396825396825397,0.0009073888247345911,4.031890661748694e-05,0.5,1.2257821694867877e-06,9.0,6.0,7.0
2026-04-01,XLC,communication_services,SPY,-0.01971016049703045,0.3333333333333333,-0.0009846932292677999,-0.012959132600928402,0.4126984126984127,-0.00021048001229686953,-0.0433623730865319,0.4523809523809524,-0.0003536037627778413,8.0,8.0,9.0
2026-04-02,XLK,technology,SPY,0.013829101618366924,0.5714285714285714,0.0007607689378805315,-0.018620615522220052,0.5555555555555556,-0.00022934731300748557,-0.02847755114711481,0.5476190476190477,-0.00016106706689242344,4.0,9.0,9.0
2026-04-02,XLF,financials,SPY,0.0068426253045726915,0.5238095238095238,0.0003246989835668486,-0.0553911598001513,0.4603174603174603,-0.00091321201784024,-0.05097733715470354,0.4603174603174603,-0.00040511446437962653,5.0,10.0,10.0
2026-04-02,XLI,industrials,SPY,-0.026563474659489605,0.47619047619047616,-0.0012989778849003884,0.09436301875035114,0.6349206349206349,0.0015141970487609427,0.08476689571551754,0.5793650793650794,0.0006730785143869958,10.0,5.0,3.0
2026-04-02,XLE,energy,SPY,0.10149898566680549,0.6666666666666666,0.0048182163612299845,0.3694985326732406,0.6507936507936508,0.00521871016438003,0.35973359727318244,0.5873015873015873,0.0025168556440269335,1.0,1.0,1.0
2026-04-02,XLB,materials,SPY,0.015385964734967117,0.42857142857142855,0.0007730095970599482,0.15215307069480033,0.5873015873015873,0.0023654296248285574,0.1611405144362067,0.5476190476190477,0.0012273207297881258,3.0,2.0,2.0
2026-04-02,XLY,consumer_discretionary,SPY,-0.028778513576801945,0.42857142857142855,-0.0013922161665561594,-0.05684450519263384,0.4603174603174603,-0.0009249014636644129,-0.0861345139767592,0.42857142857142855,-0.0006863346057288032,11.0,11.0,11.0
2026-04-02,XLP,consumer_staples,SPY,-0.015023847975202398,0.42857142857142855,-0.0007778563809725604,0.09576357580117978,0.4603174603174603,0.0015071540001629297,0.07414437170904498,0.46825396825396826,0.0005742549851670376,7.0,4.0,5.0
2026-04-02,XLV,health_care,SPY,-0.02120796480823539,0.47619047619047616,-0.0010730142170666786,-0.012083122085236986,0.42857142857142855,-0.00019508021763271963,0.045155431100711296,0.49206349206349204,0.00035805743717100204,9.0,7.0,6.0
2026-04-02,XLU,utilities,SPY,0.027330983862259073,0.42857142857142855,0.0013304628607807092,0.12872241287346953,0.5396825396825397,0.0020033995750129096,0.08117677207208962,0.5238095238095238,0.0006341111004801223,2.0,3.0,4.0
2026-04-02,XLRE,real_estate,SPY,-0.0025890614075395613,0.47619047619047616,-0.0001349246929957341,0.07379117215290842,0.5555555555555556,0.001175553331899991,0.018455321580879258,0.5079365079365079,0.0001490378314443957,6.0,6.0,7.0
2026-04-02,XLC,communication_services,SPY,-0.016533177585619563,0.38095238095238093,-0.0008297549542563274,-0.012477288368075712,0.4126984126984127,-0.0002002511780376962,-0.023471377533915372,0.4603174603174603,-0.00018958638044818174,8.0,8.0,8.0
2026-04-06,XLK,technology,SPY,0.007165904647291055,0.5714285714285714,0.00043103001830115844,-0.018087614005323882,0.5555555555555556,-0.00021945527687641136,-0.03162136098142876,0.5476190476190477,-0.00018627893628790615,5.0,8.0,9.0
2026-04-06,XLF,financials,SPY,0.00886040998518467,0.5238095238095238,0.00042026404685355364,-0.0544198990724315,0.4603174603174603,-0.0008933497250947101,-0.047182040393554336,0.46825396825396826,-0.0003714593295389763,4.0,11.0,10.0
2026-04-06,XLI,industrials,SPY,-0.010403368108543809,0.5238095238095238,-0.0004872426979796174,0.07774267291046333,0.6349206349206349,0.0012570215827426515,0.08394537751608022,0.5793650793650794,0.000664770715981267,8.0,5.0,4.0
2026-04-06,XLE,energy,SPY,0.09376840946840626,0.6666666666666666,0.0044274559590946295,0.34872771505141364,0.6507936507936508,0.004954252307248778,0.37978277712785735,0.5952380952380952,0.0026260298590695306,1.0,1.0,1.0
2026-04-06,XLB,materials,SPY,0.022600198612734324,0.42857142857142855,0.0011026468768877324,0.12658861025112222,0.5714285714285714,0.001990161610613595,0.14016144865908708,0.5396825396825397,0.0010768530140504717,2.0,2.0,2.0
2026-04-06,XLY,consumer_discretionary,SPY,-0.03234934475687046,0.42857142857142855,-0.0015563969337460694,-0.04396669790880248,0.47619047619047616,-0.000699306334747734,-0.07564758401684168,0.4365079365079365,-0.0005921289414695421,11.0,10.0,11.0
2026-04-06,XLP,consumer_staples,SPY,0.0034570591692641983,0.47619047619047616,0.00013541012014597765,0.10280860675180281,0.47619047619047616,0.001608430309134243,0.08485508930006691,0.47619047619047616,0.0006519493553905036,6.0,4.0,3.0
2026-04-06,XLV,health_care,SPY,-0.015460122799489051,0.47619047619047616,-0.0007834345227464555,-0.022638659607105316,0.4126984126984127,-0.0003711200704939897,0.03991712224337973,0.49206349206349204,0.0003165201490668638,9.0,9.0,6.0
2026-04-06,XLU,utilities,SPY,0.021524764640292182,0.42857142857142855,0.0010379152565142308,0.10956795699998567,0.5238095238095238,0.001717041392766051,0.0756726556920072,0.5238095238095238,0.0005910442307235197,3.0,3.0,5.0
2026-04-06,XLRE,real_estate,SPY,0.00022758443481918356,0.47619047619047616,3.182222656056013e-06,0.07397372744041308,0.5555555555555556,0.0011750352538622334,0.02385075916597723,0.5079365079365079,0.00019071810061077344,7.0,6.0,7.0
2026-04-06,XLC,communication_services,SPY,-0.023181560064012174,0.3333333333333333,-0.0011544617062770456,-0.008070954631130278,0.4126984126984127,-0.00012709279753448792,-0.024325697930489998,0.4603174603174603,-0.00019601652806555328,10.0,7.0,8.0
2026-04-07,XLK,technology,SPY,0.01915918065160449,0.6190476190476191,0.0009939516065254736,-0.009711495910769696,0.5714285714285714,-8.04925274040771e-05,-0.022645043235270612,0.5555555555555556,-0.00011223591158779047,3.0,8.0,8.0
2026-04-07,XLF,financials,SPY,0.008320601504472336,0.47619047619047616,0.0003886411816961096,-0.06795718260771688,0.4444444444444444,-0.0011413798738515992,-0.054127660739546,0.4603174603174603,-0.00043011078974768905,5.0,11.0,10.0
2026-04-07,XLI,industrials,SPY,-0.013694723940365972,0.47619047619047616,-0.0006410808616278725,0.06942474506136498,0.6190476190476191,0.001136044084831462,0.07988373331464871,0.5714285714285714,0.0006344430963252225,7.0,6.0,3.0
2026-04-07,XLE,energy,SPY,0.08730443094287055,0.6666666666666666,0.004089468776531687,0.33020904337770407,0.6507936507936508,0.004749487485625695,0.3830508978812279,0.5952380952380952,0.0026440762356707056,1.0,1.0,1.0
2026-04-07,XLB,materials,SPY,0.025773906075200026,0.42857142857142855,0.0012335195127442125,0.11874431702329558,0.5555555555555556,0.001886324894608828,0.1346781994367161,0.5317460317460317,0.0010378484806213672,2.0,3.0,2.0
2026-04-07,XLY,consumer_discretionary,SPY,-0.039497286294222,0.42857142857142855,-0.0018940332606356784,-0.06353325915406915,0.4603174603174603,-0.0010469825066633572,-0.08089767561061234,0.4365079365079365,-0.0006371213551073031,11.0,10.0,11.0
2026-04-07,XLP,consumer_staples,SPY,-0.030465895397908116,0.42857142857142855,-0.0015224905296046254,0.09528627584272442,0.47619047619047616,0.0015077891462436117,0.06497716937577991,0.46825396825396826,0.000504755959171331,10.0,4.0,5.0
2026-04-07,XLV,health_care,SPY,-0.019303309489262288,0.47619047619047616,-0.0009597583527080859,-0.01192112402851353,0.42857142857142855,-0.00019294508513727633,0.02989145704474727,0.49206349206349204,0.00023830041462079795,8.0,9.0,6.0
2026-04-07,XLU,utilities,SPY,0.013760241066272494,0.42857142857142855,0.0006584029515927065,0.1300059270070375,0.5396825396825397,0.0020266018121126964,0.06527609228639708,0.5238095238095238,0.0005125177956005914,4.0,2.0,4.0
2026-04-07,XLRE,real_estate,SPY,-0.003846254109820091,0.42857142857142855,-0.00019310026224712246,0.07766627106538215,0.5555555555555556,0.0012389105612262909,0.01833622104475019,0.5,0.00014731404858966471,6.0,5.0,7.0
2026-04-07,XLC,communication_services,SPY,-0.028083661850256347,0.3333333333333333,-0.0013799859671099757,-0.008507034796994328,0.4126984126984127,-0.00013525379045460222,-0.023759257952697843,0.46825396825396826,-0.00019127564827380546,9.0,7.0,9.0
2026-04-08,XLK,technology,SPY,0.015680069727159074,0.6190476190476191,0.0008176118547786564,-0.012450702389928625,0.5714285714285714,-0.00012115105394838204,-0.02423440633107654,0.5555555555555556,-0.00012017909181397068,4.0,8.0,8.0
2026-04-08,XLF,financials,SPY,0.023125207180501484,0.5238095238095238,0.0010791028528529059,-0.06736226360603947,0.4603174603174603,-0.0011075578680078515,-0.05058718360939951,0.46825396825396826,-0.00039080634847213136,3.0,11.0,10.0
2026-04-08,XLI,industrials,SPY,0.0004867981507118424,0.5238095238095238,6.857869948872524e-05,0.07509474847124942,0.6190476190476191,0.0012058742990894357,0.09326950398710543,0.5714285714285714,0.0007213525565267167,6.0,5.0,3.0
2026-04-08,XLE,energy,SPY,0.038061837702810575,0.6666666666666666,0.001834060484832251,0.3003908359279224,0.6507936507936508,0.004306036339486922,0.3067402464407831,0.5873015873015873,0.002152763945821358,2.0,1.0,1.0
2026-04-08,XLB,materials,SPY,0.04042088594496285,0.47619047619047616,0.001901601827879901,0.11448863929498954,0.5555555555555556,0.0017922495801540286,0.15163932793676294,0.5396825396825397,0.0011358920034718796,1.0,3.0,2.0
2026-04-08,XLY,consumer_discretionary,SPY,-0.030347044554398517,0.47619047619047616,-0.001404477980010268,-0.06265309722243972,0.4603174603174603,-0.001009236848215131,-0.08470726218869629,0.4365079365079365,-0.0006542555433449611,10.0,10.0,11.0
2026-04-08,XLP,consumer_staples,SPY,-0.031076078481272695,0.42857142857142855,-0.0015329397353299958,0.09472705741991683,0.47619047619047616,0.0014701929218580861,0.07103520136310171,0.46825396825396826,0.0005375090306498481,11.0,4.0,4.0
2026-04-08,XLV,health_care,SPY,-0.025156205403835563,0.42857142857142855,-0.0012347815453072222,-0.029198773778275178,0.4126984126984127,-0.00047936492074956364,0.03493659651134107,0.49206349206349204,0.00027084316461296735,8.0,9.0,6.0
2026-04-08,XLU,utilities,SPY,0.006096861209339499,0.42857142857142855,0.0002755040325957018,0.11798063338334774,0.5396825396825397,0.0018136151692395319,0.04508553785870806,0.5158730158730159,0.00034955089831313293,5.0,2.0,5.0
2026-04-08,XLRE,real_estate,SPY,-0.00531698365391986,0.42857142857142855,-0.0002669183582475265,0.06993043004982002,0.5396825396825397,0.0010969623506121974,0.02449582513418891,0.5,0.00018981797386701126,7.0,6.0,7.0
2026-04-08,XLC,communication_services,SPY,-0.028199196031702622,0.3333333333333333,-0.00136877473705389,-0.006735583880353446,0.4126984126984127,-0.00010603366033504423,-0.02916714019538602,0.46825396825396826,-0.00023189482978993133,9.0,7.0,9.0
2026-04-09,XLK,technology,SPY,0.011018905446207539,0.5714285714285714,0.00059407782319447,-0.017901490816643273,0.5555555555555556,-0.0002083298953074649,-0.02455494562783367,0.5555555555555556,-0.00012112148670295753,5.0,8.0,8.0
2026-04-09,XLF,financials,SPY,0.023867003153262623,0.5238095238095238,0.0011042275589513428,-0.06088944522943507,0.4603174603174603,-0.0009876566142796139,-0.05902913287715772,0.4603174603174603,-0.00045621094239958087,3.0,11.0,10.0
2026-04-09,XLI,industrials,SPY,0.008835586220301117,0.5714285714285714,0.0004625506885020154,0.09753419205109148,0.6349206349206349,0.0015249195691241784,0.10136396571587403,0.5793650793650794,0.0007726502923286903,6.0,5.0,3.0
2026-04-09,XLE,energy,SPY,0.031078755188580276,0.6666666666666666,0.0015009602352930504,0.28996047705075334,0.6507936507936508,0.004143795828245766,0.2787138011287795,0.5793650793650794,0.001966681012467054,2.0,1.0,1.0
2026-04-09,XLB,materials,SPY,0.03371935683599436,0.47619047619047616,0.0015815201034162785,0.12315086071688275,0.5555555555555556,0.0018989920590705921,0.1448900250426024,0.5396825396825397,0.001080236141664145,1.0,3.0,2.0
2026-04-09,XLY,consumer_discretionary,SPY,-0.01964933404879332,0.47619047619047616,-0.0008683695991621337,-0.054290192841332297,0.4603174603174603,-0.0008546796482179715,-0.06145017654642282,0.4444444444444444,-0.0004530159952275337,8.0,10.0,11.0
2026-04-09,XLP,consumer_staples,SPY,-0.02777529379557564,0.47619047619047616,-0.0013602880621209836,0.1066020856274299,0.49206349206349204,0.0016300877150988238,0.0601169903112273,0.46825396825396826,0.00045276301649497885,10.0,4.0,4.0
2026-04-09,XLV,health_care,SPY,-0.02770778189854839,0.42857142857142855,-0.001351548476928691,-0.049524556443821144,0.3968253968253968,-0.000815796202407107,0.02213239168907899,0.48412698412698413,0.00017154765047666665,9.0,9.0,7.0
2026-04-09,XLU,utilities,SPY,0.012978461566399702,0.47619047619047616,0.0005956614364731235,0.14530812429298234,0.5555555555555556,0.00218113566897121,0.03897476269957978,0.5158730158730159,0.0003008656029433701,4.0,2.0,5.0
2026-04-09,XLRE,real_estate,SPY,-0.00450866398323746,0.42857142857142855,-0.00022629814040134178,0.0830096285330808,0.5555555555555556,0.0012810899197173752,0.02521928622867753,0.5,0.00019360503694429212,7.0,6.0,6.0
2026-04-09,XLC,communication_services,SPY,-0.030161952912120094,0.2857142857142857,-0.0014546384074108486,-0.009639340096481819,0.3968253968253968,-0.0001521447091042308,-0.030994853362589447,0.46825396825396826,-0.00024437331298689534,11.0,7.0,9.0
2026-04-10,XLK,technology,SPY,0.009486185079912612,0.5714285714285714,0.0005218866449569878,0.0018823683583680806,0.5714285714285714,0.00011007687825538944,-0.031219866434250676,0.5555555555555556,-0.00017700228531851854,4.0,7.0,9.0
2026-04-10,XLF,financials,SPY,0.020649757939249502,0.5238095238095238,0.0009559756754002361,-0.07521810124793715,0.4444444444444444,-0.0012347122104122328,-0.058176660209306785,0.4603174603174603,-0.00045184273439744974,2.0,11.0,11.0
2026-04-10,XLI,industrials,SPY,0.007449115541521278,0.5714285714285714,0.0003974475867201756,0.08575553011760007,0.6190476190476191,0.0013522318095356256,0.09408682630684884,0.5714285714285714,0.0007254020596942348,6.0,4.0,3.0
2026-04-10,XLE,energy,SPY,-0.0015444262529944464,0.6190476190476191,-3.3148553191401455e-05,0.2430772322292054,0.6349206349206349,0.0035452702617312037,0.2841456732182399,0.5793650793650794,0.002011384643464439,7.0,1.0,1.0
2026-04-10,XLB,materials,SPY,0.039800790572269706,0.47619047619047616,0.00185871569071862,0.11064366790822455,0.5555555555555556,0.0017181404991948224,0.15190374948578134,0.5476190476190477,0.0011347553581486135,1.0,3.0,2.0
2026-04-10,XLY,consumer_discretionary,SPY,-0.016336100331306502,0.5238095238095238,-0.0007084345710460476,-0.06786847360726589,0.4603174603174603,-0.0010898730792835449,-0.05629021017227687,0.4523809523809524,-0.0004134488820763702,8.0,10.0,10.0
2026-04-10,XLP,consumer_staples,SPY,-0.028134678415014824,0.47619047619047616,-0.0013770836786558126,0.06789702197625624,0.47619047619047616,0.001056511946098042,0.05819805561235247,0.46825396825396826,0.00044221995825146086,9.0,6.0,4.0
2026-04-10,XLV,health_care,SPY,-0.03965427839056923,0.42857142857142855,-0.0019306757494234844,-0.052651434215787773,0.3968253968253968,-0.0008685151441785078,0.012743714941312101,0.48412698412698413,0.00010135951661550274,11.0,9.0,7.0
2026-04-10,XLU,utilities,SPY,0.016850238999171374,0.47619047619047616,0.0007743877243258566,0.13806475480150637,0.5396825396825397,0.002080571495076644,0.03421469353834272,0.5079365079365079,0.0002668962989762791,3.0,2.0,6.0
2026-04-10,XLRE,real_estate,SPY,0.009082380479245034,0.47619047619047616,0.00041158422122943873,0.07785396817700341,0.5555555555555556,0.0012047835697216688,0.03948771694584541,0.5079365079365079,0.0003030311656939104,5.0,5.0,5.0
2026-04-10,XLC,communication_services,SPY,-0.030332010170492696,0.2857142857142857,-0.0014620886322208645,-0.0150681433442027,0.38095238095238093,-0.0002405734394378165,-0.022936396333001707,0.46825396825396826,-0.00018119821759653924,10.0,8.0,8.0
2026-04-13,XLK,technology,SPY,0.024782602259859177,0.6190476190476191,0.00121001814520773,0.006327295477254524,0.5714285714285714,0.00018252201357860627,-0.021794119294120007,0.5555555555555556,-9.778719361560676e-05,2.0,7.0,8.0
2026-04-13,XLF,financials,SPY,0.030493883548210254,0.5714285714285714,0.0013793140657426752,-0.05948241624104689,0.4603174603174603,-0.0009583288556558235,-0.05082952642599703,0.46825396825396826,-0.00038508619062760553,1.0,10.0,10.0
2026-04-13,XLI,industrials,SPY,0.015364604708581586,0.5714285714285714,0.0007389860839458155,0.07847608646704596,0.6031746031746031,0.0012396473991492356,0.10577418578492326,0.5714285714285714,0.0007981602493491957,4.0,4.0,3.0
2026-04-13,XLE,energy,SPY,-0.03336759249923271,0.5714285714285714,-0.0015223521521315158,0.240476916414069,0.6349206349206349,0.003501598202717091,0.2930940857324096,0.5793650793650794,0.002042467197178237,8.0,1.0,1.0
2026-04-13,XLB,materials,SPY,0.022294553460924238,0.42857142857142855,0.0010339248987208103,0.09502648606086983,0.5396825396825397,0.0014842911908302598,0.16043174535450078,0.5476190476190477,0.0011779212953481786,3.0,3.0,2.0
2026-04-13,XLY,consumer_discretionary,SPY,-0.0093277341174276,0.5238095238095238,-0.0003693539242922018,-0.07369523540082235,0.4444444444444444,-0.0011876023432947974,-0.05558632709336797,0.4523809523809524,-0.00040197302568588454,6.0,11.0,11.0
2026-04-13,XLP,consumer_staples,SPY,-0.05949965111169875,0.42857142857142855,-0.0028481850354807403,0.04359755164203438,0.4603174603174603,0.0006844419254965571,0.031208902518575776,0.4603174603174603,0.0002371533429168762,11.0,6.0,5.0
2026-04-13,XLV,health_care,SPY,-0.04343403998304807,0.42857142857142855,-0.002067728765989913,-0.04672303178990467,0.3968253968253968,-0.0007662321671396036,0.006741465855707007,0.47619047619047616,5.394077793138609e-05,10.0,9.0,7.0
2026-04-13,XLU,utilities,SPY,-0.02829134070610695,0.42857142857142855,-0.0013324217715876868,0.10768563689174337,0.5238095238095238,0.0016411935418327367,0.011210557705035429,0.5,9.01154997525964e-05,7.0,2.0,6.0
2026-04-13,XLRE,real_estate,SPY,-0.005156037884466835,0.42857142857142855,-0.0002512858689339016,0.07814505840057984,0.5555555555555556,0.0012052253688426525,0.036409324703683854,0.5079365079365079,0.0002760425813265188,5.0,5.0,4.0
2026-04-13,XLC,communication_services,SPY,-0.033625728844180136,0.23809523809523808,-0.0015828534307317232,-0.014315584048389618,0.38095238095238093,-0.00022762512948170692,-0.022517563212558267,0.46825396825396826,-0.00017583326691736565,9.0,8.0,9.0
2026-04-14,XLK,technology,SPY,0.03133967284101624,0.6666666666666666,0.0014815196642907864,0.007366073216004354,0.5714285714285714,0.00019852432658212527,-0.003753374266568521,0.5634920634920635,4.098203691930957e-05,1.0,7.0,5.0
2026-04-14,XLF,financials,SPY,0.013118826251498739,0.5238095238095238,0.000581649614636761,-0.06039085158077695,0.4603174603174603,-0.0009646206594854114,-0.0682094079376292,0.4603174603174603,-0.0005052008318981485,2.0,10.0,11.0
2026-04-14,XLI,industrials,SPY,0.004360215554745084,0.5238095238095238,0.00023018421516652317,0.06365283913319897,0.5873015873015873,0.0010065913947194664,0.09414468655839969,0.5634920634920635,0.0006909515500590896,4.0,5.0,3.0
2026-04-14,XLE,energy,SPY,-0.07543130384606411,0.5238095238095238,-0.003496658542040668,0.21354761068122308,0.6349206349206349,0.00312294555800523,0.2634032366238881,0.5793650793650794,0.0017997546623163658,10.0,1.0,1.0
2026-04-14,XLB,materials,SPY,0.01059320216312587,0.42857142857142855,0.0004896023136777469,0.0749747051283054,0.5238095238095238,0.0011755473437616126,0.13971920732718912,0.5396825396825397,0.0010022384520607531,3.0,3.0,2.0
2026-04-14,XLY,consumer_discretionary,SPY,0.0010060516814973663,0.5714285714285714,0.00011607450154661945,-0.06473200982648464,0.4603174603174603,-0.0010189946472470898,-0.047392975249236136,0.4603174603174603,-0.00031931979223355256,5.0,11.0,10.0
2026-04-14,XLP,consumer_staples,SPY,-0.08461464482202175,0.38095238095238093,-0.004021614149980009,0.020086648701054477,0.4444444444444444,0.0003141156202176534,-0.01207696069212294,0.4523809523809524,-8.794630521730922e-05,11.0,6.0,6.0
2026-04-14,XLV,health_care,SPY,-0.053761955166637176,0.38095238095238093,-0.0025233923142481247,-0.05216088349808634,0.3968253968253968,-0.0008495245575535642,-0.01344363263212145,0.46825396825396826,-9.6657188059671e-05,8.0,9.0,7.0
2026-04-14,XLU,utilities,SPY,-0.05495355634321708,0.38095238095238093,-0.00257113189026323,0.09726617101082069,0.5079365079365079,0.001473943731998243,-0.024160198496482765,0.49206349206349204,-0.00017498623901853995,9.0,2.0,8.0
2026-04-14,XLRE,real_estate,SPY,-0.01659949049149234,0.38095238095238093,-0.0007715191188511362,0.07464276308698214,0.5396825396825397,0.0011409901672525078,0.017008233715269938,0.5,0.0001273016060377582,6.0,4.0,4.0
2026-04-14,XLC,communication_services,SPY,-0.02975165317475903,0.2857142857142857,-0.0013722424696726973,-0.006979086622763364,0.3968253968253968,-0.00010710343336589689,-0.029527621754955602,0.46825396825396826,-0.00022036530454652307,7.0,8.0,9.0
2026-04-15,XLK,technology,SPY,0.03529734869602752,0.6666666666666666,0.0016607929472970881,0.01570578166727077,0.5873015873015873,0.0003282679284986715,-0.0046440678888597375,0.5634920634920635,3.3452598955044244e-05,1.0,6.0,5.0
2026-04-15,XLF,financials,SPY,0.014596266356485588,0.5238095238095238,0.000649823729231238,-0.044690032818494374,0.4603174603174603,-0.0006977470053382412,-0.062395824788515686,0.4603174603174603,-0.000462350852339529,2.0,9.0,11.0
2026-04-15,XLI,industrials,SPY,-0.015329601966519446,0.5238095238095238,-0.0006648567701357562,0.035000887477650844,0.5714285714285714,0.000569185619740225,0.07559322675496283,0.5634920634920635,0.0005681581937182789,5.0,5.0,3.0
2026-04-15,XLE,energy,SPY,-0.07972646909086833,0.5238095238095238,-0.0037145784371726263,0.18248572679826025,0.6190476190476191,0.0026859774210751396,0.24888849635436516,0.5793650793650794,0.0017239243045713709,10.0,1.0,1.0
2026-04-15,XLB,materials,SPY,-0.00435200547626291,0.42857142857142855,-0.00018165168386616437,0.047421569054773904,0.5079365079365079,0.0007575857767286829,0.11423790600817418,0.5317460317460317,0.0008391473290515782,4.0,4.0,2.0
2026-04-15,XLY,consumer_discretionary,SPY,0.006355272329420458,0.5714285714285714,0.00036093015746232365,-0.058284226589440324,0.47619047619047616,-0.0008992748735056842,-0.04693619952019068,0.4603174603174603,-0.00031886293041776133,3.0,10.0,10.0
2026-04-15,XLP,consumer_staples,SPY,-0.08981779696700332,0.38095238095238093,-0.0042872773393545435,-0.006639917395305783,0.42857142857142855,-0.00010686605387192544,-0.00603343236871523,0.4523809523809524,-4.231339931916168e-05,11.0,8.0,6.0
2026-04-15,XLV,health_care,SPY,-0.06649110058786101,0.38095238095238093,-0.0031415376792794355,-0.0650016584773635,0.3968253968253968,-0.0010550194895276477,-0.011932621672067656,0.46825396825396826,-8.50958069246653e-05,8.0,11.0,7.0
2026-04-15,XLU,utilities,SPY,-0.06848820401628508,0.38095238095238093,-0.003227617011646274,0.06983895795874018,0.49206349206349204,0.001062593457398927,-0.03429136171586733,0.49206349206349204,-0.00025340064758819887,9.0,2.0,9.0
2026-04-15,XLRE,real_estate,SPY,-0.022713314962909292,0.38095238095238093,-0.0010565369393477973,0.05607122470822867,0.5238095238095238,0.0008555508147646414,0.018252920309753895,0.5,0.00013792647639212314,6.0,3.0,4.0
2026-04-15,XLC,communication_services,SPY,-0.02820941366236962,0.2857142857142857,-0.0013027025155647623,-0.004423849964826587,0.3968253968253968,-6.602990166265027e-05,-0.024105056552823134,0.46825396825396826,-0.0001799147979681745,7.0,7.0,8.0
2026-04-16,XLK,technology,SPY,0.04191426678471366,0.6666666666666666,0.0019532093734387543,0.032749784677410076,0.6031746031746031,0.0005857771715511294,0.017441415553261397,0.5714285714285714,0.0001969379108153387,1.0,5.0,4.0
2026-04-16,XLF,financials,SPY,0.00635784894819702,0.47619047619047616,0.00027914228531760496,-0.053355429900625695,0.4444444444444444,-0.0008339513881443441,-0.07984490236972919,0.4523809523809524,-0.0006002602390092213,2.0,9.0,11.0
2026-04-16,XLI,industrials,SPY,-0.022999671280850897,0.47619047619047616,-0.0010192396482427133,0.02065999504642302,0.5555555555555556,0.0003481788423819099,0.052891053497946316,0.5555555555555556,0.0004062792153349894,7.0,6.0,3.0
2026-04-16,XLE,energy,SPY,-0.07554473245868532,0.5238095238095238,-0.003507732385381987,0.1658264380184553,0.6190476190476191,0.0024443930490029406,0.2644046389247845,0.5793650793650794,0.0018123579732191718,10.0,1.0,1.0
2026-04-16,XLB,materials,SPY,0.0008026000837424441,0.47619047619047616,5.383984886637927e-05,0.04711536375315517,0.5079365079365079,0.000748352900958654,0.10709910946768453,0.5317460317460317,0.0007879438116866226,3.0,3.0,2.0
2026-04-16,XLY,consumer_discretionary,SPY,-0.0074714205065546935,0.5238095238095238,-0.00026836345268309634,-0.05500250914052052,0.47619047619047616,-0.0008396997032167429,-0.057681130328642194,0.4523809523809524,-0.0004016265357910391,4.0,10.0,10.0
2026-04-16,XLP,consumer_staples,SPY,-0.08207256653766826,0.42857142857142855,-0.0039047709828883706,-0.02329893539683814,0.42857142857142855,-0.0003706205593835541,-0.021885766635219683,0.4523809523809524,-0.00016273440423278252,11.0,8.0,6.0
2026-04-16,XLV,health_care,SPY,-0.06509810205439304,0.38095238095238093,-0.0030750953249638717,-0.08659167100503085,0.38095238095238093,-0.001410068104641816,-0.026937152706179468,0.4603174603174603,-0.00019840020902118114,9.0,11.0,8.0
2026-04-16,XLU,utilities,SPY,-0.05855147296647234,0.42857142857142855,-0.0027469194534078707,0.06202473330995484,0.49206349206349204,0.000940852642619774,-0.03997504826154863,0.49206349206349204,-0.00029641802801802026,8.0,2.0,9.0
2026-04-16,XLRE,real_estate,SPY,-0.01646929112136264,0.38095238095238093,-0.0007660702254643558,0.04643868634061765,0.5238095238095238,0.0007063959490652337,0.014001554176608755,0.5,0.00010620011717846167,6.0,4.0,5.0
2026-04-16,XLC,communication_services,SPY,-0.015599810544807857,0.3333333333333333,-0.0007145130681312532,0.002882854520048772,0.3968253968253968,4.971326237786344e-05,-0.021895588706976055,0.46825396825396826,-0.000161990793518703,5.0,7.0,7.0
2026-04-17,XLK,technology,SPY,0.043617916216746266,0.6666666666666666,0.0019822756715381813,0.033776027969373956,0.6031746031746031,0.0005970807587615626,0.01513818282835988,0.5714285714285714,0.00017924012342839738,1.0,5.0,4.0
2026-04-17,XLF,financials,SPY,-0.00041673238199901874,0.42857142857142855,-2.784123752507832e-05,-0.05938426892130777,0.42857142857142855,-0.0009250201070165063,-0.08037824496157608,0.4523809523809524,-0.0005999289027113766,3.0,10.0,11.0
2026-04-17,XLI,industrials,SPY,-0.02319427100398208,0.47619047619047616,-0.0009926542196791958,0.02090921966225001,0.5555555555555556,0.0003500052466920669,0.07043919987716651,0.5634920634920635,0.0005269133107050051,6.0,6.0,3.0
2026-04-17,XLE,energy,SPY,-0.12878373717220215,0.47619047619047616,-0.005995526049265486,0.13453039981602233,0.6190476190476191,0.002006761555782834,0.2203726031074411,0.5793650793650794,0.0015374465139972324,11.0,1.0,1.0
2026-04-17,XLB,materials,SPY,-0.0016846630705640298,0.47619047619047616,-6.643008612525864e-05,0.03569323207080033,0.49206349206349204,0.0005712410155286799,0.10723447902826821,0.5317460317460317,0.0007828235213274084,4.0,4.0,2.0
2026-04-17,XLY,consumer_discretionary,SPY,0.014605338767007758,0.5714285714285714,0.0007151952634457141,-0.045351843483148246,0.47619047619047616,-0.0006716043790265908,-0.04346736525979855,0.4603174603174603,-0.00028625792094309305,2.0,9.0,9.0
2026-04-17,XLP,consumer_staples,SPY,-0.07313732294454134,0.47619047619047616,-0.003384260108364488,-0.02193231290565456,0.4444444444444444,-0.00034547844570179164,-0.018663372083492336,0.4603174603174603,-0.00013707914531139193,9.0,8.0,6.0
2026-04-17,XLV,health_care,SPY,-0.06113650159475381,0.42857142857142855,-0.0028081817022981978,-0.07675036622868125,0.3968253968253968,-0.001231079104002556,-0.021160780857843342,0.46825396825396826,-0.00015279868804620893,8.0,11.0,7.0
2026-04-17,XLU,utilities,SPY,-0.08186732634613758,0.38095238095238093,-0.0037779373533439794,0.037213213294535974,0.47619047619047616,0.0005653912375627796,-0.06548428152498764,0.48412698412698413,-0.0004934941412786413,10.0,3.0,10.0
2026-04-17,XLRE,real_estate,SPY,-0.010917280360764892,0.42857142857142855,-0.0004975109081008801,0.04517624437090029,0.5238095238095238,0.0006816487705952255,0.006704464030231394,0.5,5.159072389976371e-05,5.0,2.0,5.0
2026-04-17,XLC,communication_services,SPY,-0.025369826938774986,0.3333333333333333,-0.0011404829796702188,-0.0005205501624563347,0.3968253968253968,-4.3163542585482215e-06,-0.03497810364546039,0.4603174603174603,-0.0002607428918505668,7.0,7.0,8.0
2026-04-20,XLK,technology,SPY,0.04083214956364545,0.6666666666666666,0.0018627140175702477,0.03524872753637687,0.6031746031746031,0.0006196590569877187,0.01061411102603027,0.5714285714285714,0.00014599485617841239,1.0,4.0,4.0
2026-04-20,XLF,financials,SPY,0.002746023198274994,0.42857142857142855,0.00011223725400080631,-0.05574174808308385,0.42857142857142855,-0.0008664642818868954,-0.05327905051066972,0.4603174603174603,-0.0003872085497524838,4.0,10.0,10.0
2026-04-20,XLI,industrials,SPY,-0.014120610971386283,0.5238095238095238,-0.0005848632853697902,0.017405373391078394,0.5555555555555556,0.0002968873223692544,0.07537438122415785,0.5634920634920635,0.0005585818190261536,6.0,6.0,3.0
2026-04-20,XLE,energy,SPY,-0.14328645986186828,0.47619047619047616,-0.0067323017954828875,0.13483055641502606,0.6190476190476191,0.0020129562094656868,0.232143649951424,0.5873015873015873,0.0016021001694318587,11.0,1.0,1.0
2026-04-20,XLB,materials,SPY,0.021839457525441253,0.5238095238095238,0.0009595614820203499,0.0502330859613318,0.5079365079365079,0.0007875436595039708,0.11891242505112021,0.5396825396825397,0.0008572336593305782,2.0,2.0,2.0
2026-04-20,XLY,consumer_discretionary,SPY,0.01782545473601571,0.5714285714285714,0.0008542008161635925,-0.04536393462650112,0.47619047619047616,-0.0006726027225483722,-0.04327115550232885,0.4603174603174603,-0.0002832647873062837,3.0,9.0,9.0
2026-04-20,XLP,consumer_staples,SPY,-0.0662956489314821,0.5238095238095238,-0.003060736675466564,-0.0184056761095992,0.4603174603174603,-0.00029040771535357755,-0.01739081638056672,0.46825396825396826,-0.00012690242577724256,8.0,8.0,6.0
2026-04-20,XLV,health_care,SPY,-0.06741859045821674,0.42857142857142855,-0.0031004141823638524,-0.07699468103762774,0.3968253968253968,-0.001236469967535654,-0.03436420447343358,0.4603174603174603,-0.0002512221558320358,9.0,11.0,8.0
2026-04-20,XLU,utilities,SPY,-0.08717896952513393,0.38095238095238093,-0.004029402188716238,0.03429840486024971,0.47619047619047616,0.000522921590305011,-0.0686565456997883,0.48412698412698413,-0.0005158810135074476,10.0,5.0,11.0
2026-04-20,XLRE,real_estate,SPY,-0.005034059896659393,0.42857142857142855,-0.00023501575208924783,0.03721391028177212,0.5238095238095238,0.0005630580661606941,0.008764751207284815,0.5,6.658328680822368e-05,5.0,3.0,5.0
2026-04-20,XLC,communication_services,SPY,-0.02414309361049316,0.3333333333333333,-0.001084680930508064,0.006911227557684363,0.3968253968253968,0.00010953342136770909,-0.03207352133032404,0.4603174603174603,-0.0002376534848008916,7.0,7.0,7.0
2026-04-21,XLK,technology,SPY,0.059228952202142304,0.7142857142857143,0.002612005171818651,0.050003459225844704,0.6190476190476191,0.0008258373649830423,0.022730740379878434,0.5793650793650794,0.000235733475041506,1.0,2.0,4.0
2026-04-21,XLF,financials,SPY,-0.01450363102515384,0.42857142857142855,-0.0006447245067388559,-0.053811634899928684,0.4444444444444444,-0.0008236523630880139,-0.05480023273578327,0.4603174603174603,-0.0004043624716083355,5.0,10.0,10.0
2026-04-21,XLI,industrials,SPY,-0.02217680325817306,0.5238095238095238,-0.0009356737935933147,0.009368547494460921,0.5396825396825397,0.0001736467770313255,0.071184367947287,0.5634920634920635,0.000536516616758276,6.0,6.0,3.0
2026-04-21,XLE,energy,SPY,-0.13743395257430735,0.47619047619047616,-0.006371332314452479,0.13946071231704393,0.6190476190476191,0.0020542939224476716,0.2534731428755701,0.5873015873015873,0.0017492577681126058,11.0,1.0,1.0
2026-04-21,XLB,materials,SPY,0.021270495087660768,0.5238095238095238,0.0009273440484481495,0.03711913482120899,0.49206349206349204,0.0005883150120851484,0.12377291146243352,0.5396825396825397,0.0008996683491622784,2.0,3.0,2.0
2026-04-21,XLY,consumer_discretionary,SPY,0.02086237815840497,0.5714285714285714,0.000976576063516548,-0.04120056716659937,0.47619047619047616,-0.0005982588680467497,-0.04670273474587794,0.4523809523809524,-0.00031413692114024006,3.0,8.0,9.0
2026-04-21,XLP,consumer_staples,SPY,-0.07315563637866473,0.47619047619047616,-0.0033544886852264967,-0.04266824783272416,0.4444444444444444,-0.000663902635394611,-0.02524985239525601,0.4603174603174603,-0.00018878765533294906,9.0,9.0,6.0
2026-04-21,XLV,health_care,SPY,-0.07740094774135464,0.38095238095238093,-0.003540090523767877,-0.09909128944720791,0.38095238095238093,-0.0015825289004240926,-0.038734640167113144,0.4523809523809524,-0.00028794243506269357,10.0,11.0,7.0
2026-04-21,XLU,utilities,SPY,-0.07183099811436122,0.38095238095238093,-0.0032991640909735224,0.011689763458145208,0.4603174603174603,0.00018345989725424578,-0.0697400744794695,0.48412698412698413,-0.0005300131481173916,8.0,5.0,11.0
2026-04-21,XLRE,real_estate,SPY,0.00025200819266357755,0.42857142857142855,-1.2496923610531377e-05,0.022647934949331816,0.5079365079365079,0.00034265487019799435,-0.005926750954014626,0.49206349206349204,-4.060604774828627e-05,4.0,4.0,5.0
2026-04-21,XLC,communication_services,SPY,-0.0383293319489133,0.2857142857142857,-0.0017101681022852397,-0.006133063368033653,0.38095238095238093,-8.790409684475905e-05,-0.03989553165772297,0.4523809523809524,-0.0003004352364066818,7.0,7.0,8.0
2026-04-22,XLK,technology,SPY,0.06917561299941721,0.7142857142857143,0.003032206094704263,0.06017372362176121,0.6190476190476191,0.0009767078787797957,0.03466932656867017,0.5793650793650794,0.00032379518730706996,1.0,2.0,4.0
2026-04-22,XLF,financials,SPY,-0.025516093422234265,0.42857142857142855,-0.0011389607327001343,-0.05885249977552698,0.4444444444444444,-0.0009060893943543557,-0.06791298947084468,0.4523809523809524,-0.0005086265197650676,5.0,9.0,10.0
2026-04-22,XLI,industrials,SPY,-0.036183963011205966,0.47619047619047616,-0.0015704253979843276,-0.009470130790231623,0.5238095238095238,-0.00011563298659164567,0.05559459111580578,0.5555555555555556,0.00042654190478976677,6.0,7.0,3.0
2026-04-22,XLE,energy,SPY,-0.137006839835895,0.47619047619047616,-0.006352230823212409,0.12688191572211416,0.6190476190476191,0.0018836094614417636,0.25560038194631596,0.5873015873015873,0.001762607733154892,11.0,1.0,1.0
2026-04-22,XLB,materials,SPY,0.0048232445868756635,0.47619047619047616,0.0002082196874927019,0.01678972243042609,0.47619047619047616,0.0002833072529042494,0.11137903895138201,0.5317460317460317,0.0008162130427890689,2.0,3.0,2.0
2026-04-22,XLY,consumer_discretionary,SPY,-0.005183722271766333,0.5238095238095238,-0.0001713514254238993,-0.058868765374096466,0.4603174603174603,-0.000884960857724283,-0.054776082750960464,0.4523809523809524,-0.00037760497525846445,3.0,10.0,9.0
2026-04-22,XLP,consumer_staples,SPY,-0.07373126621023895,0.47619047619047616,-0.0033828454158477206,-0.038887527884496675,0.4444444444444444,-0.0006045036126135371,-0.02061081628382877,0.4603174603174603,-0.00015346273252956008,8.0,8.0,5.0
2026-04-22,XLV,health_care,SPY,-0.07406627276355993,0.38095238095238093,-0.0033837182753116875,-0.11175469586997189,0.36507936507936506,-0.0018021691244410798,-0.0460240789976607,0.4444444444444444,-0.0003449520955376252,9.0,11.0,8.0
2026-04-22,XLU,utilities,SPY,-0.08317748726692464,0.38095238095238093,-0.0038386782670011064,0.009804549942131313,0.4603174603174603,0.00015549128639654724,-0.07089819830867528,0.48412698412698413,-0.0005393656474050377,10.0,5.0,11.0
2026-04-22,XLRE,real_estate,SPY,-0.0152709696849469,0.42857142857142855,-0.0006982748506009059,0.012508227612940903,0.5079365079365079,0.00019157467158390437,-0.02428207222234846,0.48412698412698413,-0.0001795081263039895,4.0,4.0,6.0
2026-04-22,XLC,communication_services,SPY,-0.03931735218431376,0.2857142857142857,-0.0017560252000132358,-0.00885699193763867,0.38095238095238093,-0.00013017631233956287,-0.04484599387423227,0.4444444444444444,-0.0003392532480922061,7.0,6.0,7.0
2026-04-23,XLK,technology,SPY,0.06000320996650643,0.7142857142857143,0.002657595794931004,0.04591889798482551,0.6031746031746031,0.0007772041768019096,0.02256635362900794,0.5714285714285714,0.00023738984639021948,1.0,3.0,4.0
2026-04-23,XLF,financials,SPY,-0.03348044346945889,0.38095238095238093,-0.001497623902426613,-0.0634726405585706,0.42857142857142855,-0.0009901512648392192,-0.0705016456507147,0.4523809523809524,-0.0005312499712041373,7.0,9.0,10.0
2026-04-23,XLI,industrials,SPY,-0.023214363912364533,0.47619047619047616,-0.000979344165300618,0.023670650974287888,0.5396825396825397,0.0003921267469136338,0.06955517806942857,0.5555555555555556,0.0005275120080893844,5.0,5.0,3.0
2026-04-23,XLE,energy,SPY,-0.14806194027696762,0.47619047619047616,-0.006922983174655196,0.14154127775768588,0.6349206349206349,0.002099545465641009,0.2730718135620911,0.5952380952380952,0.0018733196288900893,11.0,1.0,1.0
2026-04-23,XLB,materials,SPY,-0.015266948714193429,0.47619047619047616,-0.0006865132698424391,0.019829413162119724,0.47619047619047616,0.0003314310968390026,0.11955891129506924,0.5396825396825397,0.0008741748474149856,4.0,6.0,2.0
2026-04-23,XLY,consumer_discretionary,SPY,-0.011130335014782666,0.5238095238095238,-0.0004326029084521087,-0.06893625935727188,0.4444444444444444,-0.0010587918239028426,-0.07286076650919415,0.4444444444444444,-0.0005234093510727479,3.0,10.0,11.0
2026-04-23,XLP,consumer_staples,SPY,-0.055397151244909626,0.47619047619047616,-0.0025223107376727495,-0.010648046294639668,0.4603174603174603,-0.00016242081619643494,0.005899002584512036,0.46825396825396826,4.650132912093371e-05,8.0,7.0,5.0
2026-04-23,XLV,health_care,SPY,-0.07460220142862295,0.38095238095238093,-0.003410882922007165,-0.10339537621471995,0.38095238095238093,-0.0016758509342518742,-0.0452659533737052,0.4444444444444444,-0.0003404971046051918,10.0,11.0,8.0
2026-04-23,XLU,utilities,SPY,-0.06243892567281395,0.38095238095238093,-0.0028486353913979075,0.05561572186795316,0.47619047619047616,0.0008459614461814136,-0.02925084962911506,0.49206349206349204,-0.00021226192749902397,9.0,2.0,7.0
2026-04-23,XLRE,real_estate,SPY,0.006472754076652265,0.47619047619047616,0.00026138172633908115,0.04466125004613253,0.5238095238095238,0.0006753302317662504,-0.00495118301015296,0.49206349206349204,-3.3230308446461107e-05,2.0,4.0,6.0
2026-04-23,XLC,communication_services,SPY,-0.028286441016023955,0.2857142857142857,-0.0012614831576753275,-0.018038499864100332,0.36507936507936506,-0.0002759745624346577,-0.04854197257500403,0.4365079365079365,-0.000369556183017047,6.0,8.0,9.0
2026-04-24,XLK,technology,SPY,0.08457691218063812,0.7619047619047619,0.003678963406872634,0.06697252290736877,0.6031746031746031,0.0010830728727655482,0.050341346247184005,0.5793650793650794,0.0004361338377264904,1.0,2.0,4.0
2026-04-24,XLF,financials,SPY,-0.044808080758026225,0.38095238095238093,-0.0020085801968054667,-0.06479108888020557,0.42857142857142855,-0.0010055540793580354,-0.08595712866073457,0.4523809523809524,-0.0006470816979263868,6.0,9.0,11.0
2026-04-24,XLI,industrials,SPY,-0.04232500797883065,0.42857142857142855,-0.0018400936121202147,0.01450788432618233,0.5396825396825397,0.00025174147899693845,0.06007858764596219,0.5555555555555556,0.00045479639111548195,5.0,5.0,3.0
2026-04-24,XLE,energy,SPY,-0.14805088347902617,0.47619047619047616,-0.006907232412420247,0.1250025019812322,0.6190476190476191,0.0018607868121480742,0.23984327888204882,0.5873015873015873,0.0016536140869095226,11.0,1.0,1.0
2026-04-24,XLB,materials,SPY,-0.03616520638803089,0.42857142857142855,-0.0016326010468109447,0.004963293142993264,0.4603174603174603,0.00010363982523394043,0.11186924021819333,0.5317460317460317,0.000812448963460783,4.0,6.0,2.0
2026-04-24,XLY,consumer_discretionary,SPY,-0.015077982948752178,0.5238095238095238,-0.0006079027075299514,-0.07280366484157208,0.4444444444444444,-0.0011139832023858093,-0.07084690925173764,0.4523809523809524,-0.0005000829611480848,3.0,10.0,9.0
2026-04-24,XLP,consumer_staples,SPY,-0.06586276821547643,0.47619047619047616,-0.003003403642588728,-0.029170564249709097,0.4444444444444444,-0.0004506853568000014,-0.017116506839569556,0.4603174603174603,-0.0001250713342673576,8.0,7.0,5.0
2026-04-24,XLV,health_care,SPY,-0.10105103215754363,0.3333333333333333,-0.004662203640151378,-0.11937201519040708,0.38095238095238093,-0.0019354676427810588,-0.0790906470671976,0.4365079365079365,-0.0006004485455975349,10.0,11.0,10.0
2026-04-24,XLU,utilities,SPY,-0.06641205260398109,0.38095238095238093,-0.0030282738585177722,0.053961811745505406,0.47619047619047616,0.0008154563386071715,-0.03864784183381276,0.48412698412698413,-0.0002811347357981212,9.0,3.0,7.0
2026-04-24,XLRE,real_estate,SPY,0.0014388497378416965,0.47619047619047616,4.0556481014049815e-05,0.031006663416345726,0.5079365079365079,0.00046870179501502465,-0.02659431406302648,0.48412698412698413,-0.00019507102170303084,2.0,4.0,6.0
2026-04-24,XLC,communication_services,SPY,-0.05017342129656721,0.2857142857142857,-0.0022484128438554365,-0.04766909282355447,0.3492063492063492,-0.0007403149455661927,-0.06961141998259568,0.4365079365079365,-0.0005286766609896012,7.0,8.0,8.0
2026-04-27,XLK,technology,SPY,0.10321313168741209,0.8095238095238095,0.004333840840831289,0.06534581002286566,0.6031746031746031,0.0010626992577414264,0.043250320571416534,0.5793650793650794,0.0003867832651870521,1.0,2.0,4.0
2026-04-27,XLF,financials,SPY,-0.05236676606672175,0.38095238095238093,-0.002299972340309494,-0.0601836262057992,0.42857142857142855,-0.0009335962212965899,-0.07604415375752904,0.4603174603174603,-0.0005701464668788731,6.0,9.0,9.0
2026-04-27,XLI,industrials,SPY,-0.0389392672622888,0.42857142857142855,-0.0016568326438756165,0.017194187807937134,0.5396825396825397,0.0002932153842194562,0.05082631121633452,0.5476190476190477,0.0003908669419603936,4.0,5.0,3.0
2026-04-27,XLE,energy,SPY,-0.1858466156724834,0.42857142857142855,-0.008670290524798528,0.12571578557883,0.6190476190476191,0.0018764546358396976,0.2247648137801439,0.5793650793650794,0.0015672881678157015,11.0,1.0,1.0
2026-04-27,XLB,materials,SPY,-0.053838700737130596,0.38095238095238093,-0.0023850528503247853,0.004368607461883833,0.4603174603174603,9.504204229021563e-05,0.09912555792752631,0.5238095238095238,0.0007291874276604694,7.0,6.0,2.0
2026-04-27,XLY,consumer_discretionary,SPY,-0.02584638337032663,0.47619047619047616,-0.0010642947459133655,-0.06990313451517371,0.4444444444444444,-0.0010699803123392897,-0.07801861769650353,0.4523809523809524,-0.0005593161463996359,2.0,10.0,10.0
2026-04-27,XLP,consumer_staples,SPY,-0.0938466796743258,0.42857142857142855,-0.004228902474638892,-0.03492957226789861,0.4444444444444444,-0.0005422716573565905,-0.018789210280206525,0.4603174603174603,-0.0001377320445599375,9.0,7.0,5.0
2026-04-27,XLV,health_care,SPY,-0.12428027226545746,0.2857142857142857,-0.005669640467360166,-0.12408240726439523,0.38095238095238093,-0.002023966103620169,-0.08011077070130423,0.4365079365079365,-0.0006110393985551493,10.0,11.0,11.0
2026-04-27,XLU,utilities,SPY,-0.08966411058027512,0.3333333333333333,-0.004034609232858805,0.04976322603368688,0.4603174603174603,0.000756537663728927,-0.03312325033537622,0.48412698412698413,-0.00023988100290256708,8.0,3.0,7.0
2026-04-27,XLRE,real_estate,SPY,-0.029211788374914782,0.42857142857142855,-0.0012849433555657157,0.026948832114001675,0.5079365079365079,0.00041037424177970734,-0.02925238735147495,0.48412698412698413,-0.00021578347461010105,3.0,4.0,6.0
2026-04-27,XLC,communication_services,SPY,-0.044303672197392396,0.3333333333333333,-0.0019457725994434277,-0.04871767117749892,0.3492063492063492,-0.0007598907836948174,-0.059354064330184864,0.4444444444444444,-0.00044997423328460703,5.0,8.0,8.0
2026-04-28,XLK,technology,SPY,0.09259843282622926,0.8095238095238095,0.0038741334588063042,0.04143190119794449,0.5873015873015873,0.0007202356117073675,0.02147978944300033,0.5714285714285714,0.00023255616422640602,1.0,4.0,4.0
2026-04-28,XLF,financials,SPY,-0.03787898456977934,0.42857142857142855,-0.0016396711792080571,-0.042756908800224314,0.4444444444444444,-0.0006590141715498511,-0.0721124815263453,0.4603174603174603,-0.0005466413914444812,4.0,9.0,11.0
2026-04-28,XLI,industrials,SPY,-0.04838512443288612,0.38095238095238093,-0.0020482277398379003,0.012688850536701324,0.5238095238095238,0.00022725637642206215,0.053793755750267014,0.5476190476190477,0.0004172923057979393,6.0,5.0,3.0
2026-04-28,XLE,energy,SPY,-0.1999056985784342,0.42857142857142855,-0.009267100946718676,0.14337209914278626,0.6190476190476191,0.002134639801685539,0.2735194354090087,0.5873015873015873,0.0018824654880254083,11.0,1.0,1.0
2026-04-28,XLB,materials,SPY,-0.07147023149283949,0.3333333333333333,-0.0031401896359665223,0.006897289396676998,0.4603174603174603,0.00013489775874930832,0.10921459014725388,0.5238095238095238,0.0008072778419325118,7.0,6.0,2.0
2026-04-28,XLY,consumer_discretionary,SPY,-0.015169578413927631,0.47619047619047616,-0.0006016764036766668,-0.07046722642755232,0.4444444444444444,-0.0010893129139550237,-0.0682187426692884,0.4523809523809524,-0.00048809653550877186,2.0,10.0,10.0
2026-04-28,XLP,consumer_staples,SPY,-0.10648370671945084,0.42857142857142855,-0.004756824674582753,-0.021426209346816938,0.4444444444444444,-0.0003320029840935832,0.008000398126069674,0.46825396825396826,6.308019518544383e-05,8.0,7.0,5.0
2026-04-28,XLV,health_care,SPY,-0.11833148009578376,0.2857142857142857,-0.0053134725976076895,-0.09697013310140068,0.3968253968253968,-0.0015753871192467047,-0.06357206684401273,0.4444444444444444,-0.0004859941994558594,10.0,11.0,9.0
2026-04-28,XLU,utilities,SPY,-0.10790314444668825,0.3333333333333333,-0.004826154727858338,0.046289880403649786,0.4603174603174603,0.0007102906137357682,-0.029978239524958816,0.48412698412698413,-0.00021922269906745248,9.0,2.0,7.0
2026-04-28,XLRE,real_estate,SPY,-0.024904391544813276,0.42857142857142855,-0.0010744131855737536,0.04555203254506757,0.5238095238095238,0.0006925923015562806,-0.009046154132168471,0.49206349206349204,-6.366952675455961e-05,3.0,3.0,6.0
2026-04-28,XLC,communication_services,SPY,-0.04100867890156912,0.3333333333333333,-0.001776112734034097,-0.032765349600782256,0.36507936507936506,-0.0005103769900102583,-0.04865539684307807,0.4523809523809524,-0.00037126477697155844,5.0,8.0,8.0
2026-04-29,XLK,technology,SPY,0.12195032729559152,0.8571428571428571,0.004989379129131116,0.04149990154413574,0.5873015873015873,0.0007212813122213374,0.02286856327357789,0.5714285714285714,0.00024424362112035556,1.0,3.0,4.0
2026-04-29,XLF,financials,SPY,-0.052356729783619604,0.42857142857142855,-0.002275038398219615,-0.041188287092728926,0.4603174603174603,-0.0006337351945631297,-0.0623665316617823,0.46825396825396826,-0.0004739436507184928,5.0,9.0,10.0
2026-04-29,XLI,industrials,SPY,-0.04091917516518162,0.38095238095238093,-0.0017178030301146533,0.012151493802940339,0.5238095238095238,0.00021910612830067938,0.053222701422495966,0.5476190476190477,0.0004183286635832082,4.0,5.0,3.0
2026-04-29,XLE,energy,SPY,-0.17325976121474873,0.47619047619047616,-0.007873054185562606,0.16109427737939974,0.6190476190476191,0.0023771212596349445,0.3131960993583547,0.5952380952380952,0.002139933127893519,11.0,1.0,1.0
2026-04-29,XLB,materials,SPY,-0.08787792400515704,0.2857142857142857,-0.0038749245698117764,-0.0012750776337995262,0.4603174603174603,9.401321904034885e-06,0.11223690973889067,0.5238095238095238,0.0008377648237690742,7.0,6.0,2.0
2026-04-29,XLY,consumer_discretionary,SPY,-0.02016017208553511,0.42857142857142855,-0.0008137042375440794,-0.06459099880349028,0.4444444444444444,-0.0009924959091258273,-0.07117519033897335,0.4444444444444444,-0.0005189776212455336,2.0,10.0,11.0
2026-04-29,XLP,consumer_staples,SPY,-0.11326965349630624,0.38095238095238093,-0.005058612250558782,-0.013073956691848965,0.4444444444444444,-0.00020138507951276334,0.01668976936427624,0.46825396825396826,0.00012960834405740667,8.0,7.0,5.0
2026-04-29,XLV,health_care,SPY,-0.13278535945451952,0.23809523809523808,-0.005982525358441126,-0.09655784144126023,0.3968253968253968,-0.0015684775683945389,-0.06028439181232048,0.4444444444444444,-0.0004647901166191568,10.0,11.0,9.0
2026-04-29,XLU,utilities,SPY,-0.13119757595138537,0.2857142857142857,-0.005909563372810609,0.03557328812420213,0.4603174603174603,0.0005520707084566317,-0.032916117665846345,0.48412698412698413,-0.00024388637570925387,9.0,4.0,7.0
2026-04-29,XLRE,real_estate,SPY,-0.040669065320054765,0.38095238095238093,-0.0017571098757211967,0.04944675769301532,0.5238095238095238,0.0007497653519723006,-0.005197500695218515,0.49206349206349204,-3.435919733826886e-05,3.0,2.0,6.0
2026-04-29,XLC,communication_services,SPY,-0.058075680409169994,0.2857142857142857,-0.0025264847181042647,-0.03538641064994952,0.36507936507936506,-0.0005522342280401579,-0.053976912786290465,0.4444444444444444,-0.00041852786189287464,6.0,8.0,8.0
2026-04-30,XLK,technology,SPY,0.09509787591674224,0.8095238095238095,0.003999689360657073,0.049043305955014604,0.5873015873015873,0.0008217826236431699,0.0074002742386216624,0.5634920634920635,0.00012724197129771703,1.0,3.0,6.0
2026-04-30,XLF,financials,SPY,-0.04914827841716418,0.42857142857142855,-0.002166563484140783,-0.059814538218845414,0.4444444444444444,-0.0009267079688366169,-0.0596654511778939,0.46825396825396826,-0.00044913052411461456,5.0,9.0,10.0
2026-04-30,XLI,industrials,SPY,-0.02559925380304806,0.38095238095238093,-0.0010611462397705522,0.01723084017831633,0.5238095238095238,0.0002976998443217611,0.08375171190381026,0.5555555555555556,0.0006341653129260163,4.0,5.0,3.0
2026-04-30,XLE,energy,SPY,-0.13133405478486482,0.5238095238095238,-0.005924529775662089,0.15036905355441887,0.6190476190476191,0.0022085243568500637,0.33430414697162525,0.6031746031746031,0.0022481135032834877,11.0,1.0,1.0
2026-04-30,XLB,materials,SPY,-0.07503469297315313,0.3333333333333333,-0.0033415998453989143,-0.004323411426312651,0.4603174603174603,-3.7060183263737215e-05,0.11464150222381608,0.5317460317460317,0.000848601847774948,7.0,6.0,2.0
2026-04-30,XLY,consumer_discretionary,SPY,-0.01907369723226493,0.42857142857142855,-0.000784165444120495,-0.05977386033870735,0.4603174603174603,-0.0009011824220778352,-0.0664404441858677,0.4523809523809524,-0.0004762704173888739,3.0,8.0,11.0
2026-04-30,XLP,consumer_staples,SPY,-0.07663124755807571,0.42857142857142855,-0.0034081402163243274,-0.005979879217823392,0.4603174603174603,-8.80951182112491e-05,0.037745773554816786,0.47619047619047616,0.0002839068654598365,8.0,7.0,4.0
2026-04-30,XLV,health_care,SPY,-0.10928149869247039,0.2857142857142857,-0.004945772689946216,-0.08530328670231269,0.4126984126984127,-0.0013574600871120116,-0.039818118849408224,0.4523809523809524,-0.00029776875605964947,10.0,11.0,8.0
2026-04-30,XLU,utilities,SPY,-0.0841330518046901,0.3333333333333333,-0.0037484000219409315,0.05049508382259038,0.4603174603174603,0.0007691963033840738,0.002771847113583137,0.49206349206349204,3.2278010987301236e-05,9.0,2.0,7.0
2026-04-30,XLRE,real_estate,SPY,-0.01761694126518565,0.42857142857142855,-0.0007516598496477144,0.042153948434386024,0.5238095238095238,0.0006347156041736767,0.029336965800062398,0.5,0.0002223797812110157,2.0,4.0,5.0
2026-04-30,XLC,communication_services,SPY,-0.05408745124570036,0.3333333333333333,-0.002391318826797524,-0.06257881543222621,0.36507936507936506,-0.000987004923857548,-0.0461143509689379,0.4523809523809524,-0.0003531402239862119,6.0,10.0,9.0
2026-05-01,XLK,technology,SPY,0.10001083839917224,0.8095238095238095,0.004213979042468753,0.08214228590305828,0.6031746031746031,0.0012894865809469636,0.013063719726359668,0.5634920634920635,0.00016997070324481058,1.0,2.0,6.0
2026-05-01,XLF,financials,SPY,-0.04966429744173939,0.42857142857142855,-0.0021989885111651153,-0.06774011975516392,0.42857142857142855,-0.0010493415532235489,-0.0489938935093881,0.46825396825396826,-0.00036447059186489784,5.0,9.0,10.0
2026-05-01,XLI,industrials,SPY,-0.04794978492651869,0.3333333333333333,-0.002071072070315036,0.004101005269235847,0.5079365079365079,9.930453356673864e-05,0.067904527644433,0.5476190476190477,0.0005218314575110166,4.0,5.0,3.0
2026-05-01,XLE,energy,SPY,-0.1018610485409569,0.5238095238095238,-0.004556179139379139,0.11603221141299613,0.6031746031746031,0.0017346467890230815,0.30320488508026844,0.5952380952380952,0.0020644561866069357,10.0,1.0,1.0
2026-05-01,XLB,materials,SPY,-0.08218832319870906,0.2857142857142857,-0.00369264404323972,0.002560032105266119,0.4603174603174603,6.63810630709372e-05,0.13283511784461544,0.5317460317460317,0.0009678302453810199,8.0,6.0,2.0
2026-05-01,XLY,consumer_discretionary,SPY,-0.019407187663305292,0.42857142857142855,-0.0008028819398325253,-0.06328680343151794,0.4444444444444444,-0.0009523069763589221,-0.05829541601179322,0.4523809523809524,-0.00041016272910575336,3.0,8.0,11.0
2026-05-01,XLP,consumer_staples,SPY,-0.06655814125569193,0.42857142857142855,-0.002958233577092694,-0.03071475125669365,0.4444444444444444,-0.0004724589245173684,0.059810793696480236,0.47619047619047616,0.0004397699656820845,7.0,7.0,4.0
2026-05-01,XLV,health_care,SPY,-0.11722255457458464,0.23809523809523808,-0.005353355212181208,-0.10234494953286977,0.3968253968253968,-0.0016339353120013278,-0.03770414152570156,0.4523809523809524,-0.00028084494066102583,11.0,11.0,8.0
2026-05-01,XLU,utilities,SPY,-0.09028361347255198,0.3333333333333333,-0.0040546902701877035,0.03953434180985327,0.4444444444444444,0.0006055653528040322,-0.006039410574209869,0.49206349206349204,-3.4064873650493534e-05,9.0,3.0,7.0
2026-05-01,XLRE,real_estate,SPY,-0.017530593623639845,0.42857142857142855,-0.0007504920260798652,0.032655257784973246,0.5079365079365079,0.0004917956889140425,0.055251421174428605,0.5,0.0004064168464670114,2.0,4.0,5.0
2026-05-01,XLC,communication_services,SPY,-0.050563183209934026,0.3333333333333333,-0.0022417934845091153,-0.06917072148452641,0.3492063492063492,-0.0010881195083358014,-0.044195136235847254,0.4523809523809524,-0.00033725795673274065,6.0,10.0,9.0
2026-05-04,XLK,technology,SPY,0.09682058370405966,0.8095238095238095,0.004103051665043143,0.08165453649028831,0.6031746031746031,0.001291958252838433,0.019735893401803706,0.5714285714285714,0.0002181818376349286,1.0,2.0,6.0
2026-05-04,XLF,financials,SPY,-0.053422012245561756,0.38095238095238093,-0.0023801773221868504,-0.07575638753703906,0.4126984126984127,-0.0011914703220725418,-0.0660740170390186,0.4603174603174603,-0.0004959849947627876,5.0,10.0,11.0
2026-05-04,XLI,industrials,SPY,-0.050786053227076744,0.3333333333333333,-0.002207747379083971,-0.011857436626433016,0.49206349206349204,-0.00014586873312695206,0.050034801631603454,0.5396825396825397,0.00039272325682786896,4.0,6.0,3.0
2026-05-04,XLE,energy,SPY,-0.09244828150516016,0.5238095238095238,-0.004128008488018906,0.15904784541335526,0.6190476190476191,0.0023282867150062644,0.31598512807246526,0.5952380952380952,0.0021259613134963955,9.0,1.0,1.0
2026-05-04,XLB,materials,SPY,-0.09005010437215111,0.2857142857142857,-0.004077269728474796,-0.010640845624869222,0.4444444444444444,-0.00013536047909119765,0.12473180473471013,0.5317460317460317,0.0009077456276974288,8.0,5.0,2.0
2026-05-04,XLY,consumer_discretionary,SPY,-0.006322878758091122,0.42857142857142855,-0.00023524531178453238,-0.06822437010350446,0.42857142857142855,-0.0010418049588632188,-0.05092128803493434,0.4523809523809524,-0.000350047807460184,2.0,9.0,10.0
2026-05-04,XLP,consumer_staples,SPY,-0.074662102330044,0.38095238095238093,-0.003348694128894111,-0.04111463616769517,0.42857142857142855,-0.0006423766695990826,0.04480851856366441,0.46825396825396826,0.0003304457901554677,7.0,7.0,4.0
2026-05-04,XLV,health_care,SPY,-0.10897916723167222,0.2857142857142857,-0.0049805452725160335,-0.10189332338390555,0.3968253968253968,-0.0016413466466236896,-0.050783107467394784,0.4523809523809524,-0.0003802071712877275,11.0,11.0,9.0
2026-05-04,XLU,utilities,SPY,-0.09416377190234959,0.2857142857142857,-0.004259028639103578,0.06027496767888629,0.4444444444444444,0.0009124615957796692,-0.013489630034263955,0.48412698412698413,-8.949376360845382e-05,10.0,3.0,7.0
2026-05-04,XLRE,real_estate,SPY,-0.03545040287748358,0.38095238095238093,-0.0015585164472295594,0.04808678055526605,0.5079365079365079,0.0007229729429026694,0.03521430111561252,0.49206349206349204,0.00026032260415865323,3.0,4.0,5.0
2026-05-04,XLC,communication_services,SPY,-0.05541992340283519,0.2857142857142857,-0.0024743290166366577,-0.06205467647713048,0.3492063492063492,-0.0009811776379421591,-0.04006535811306344,0.4523809523809524,-0.00030317951563772034,6.0,8.0,8.0
2026-05-05,XLK,technology,SPY,0.1125206997178485,0.8095238095238095,0.004721497220096944,0.11467734063183666,0.6190476190476191,0.0017285581788281858,0.03755049788146092,0.5793650793650794,0.0003482177307367056,1.0,1.0,5.0
2026-05-05,XLF,financials,SPY,-0.06411973370763668,0.3333333333333333,-0.00286436894046817,-0.08381090438683458,0.4126984126984127,-0.0013030527842581156,-0.07356467313090398,0.4603174603174603,-0.0005533548489216214,6.0,10.0,10.0
2026-05-05,XLI,industrials,SPY,-0.05101727027669978,0.3333333333333333,-0.0022106481902747803,-0.029116206734813188,0.49206349206349204,-0.0004082581917010888,0.05164014177176801,0.5476190476190477,0.00040248112045337167,4.0,5.0,3.0
2026-05-05,XLE,energy,SPY,-0.10225590018139263,0.47619047619047616,-0.004582413707090026,0.10556480251563793,0.6031746031746031,0.0015690007319830864,0.3023387181466173,0.5873015873015873,0.002038287417505599,10.0,2.0,1.0
2026-05-05,XLB,materials,SPY,-0.07231685710178226,0.3333333333333333,-0.0032273802450265934,-0.03163306384388065,0.4444444444444444,-0.00045681646615030187,0.1473803555530091,0.5396825396825397,0.0010540512635514234,7.0,6.0,2.0
2026-05-05,XLY,consumer_discretionary,SPY,-0.01558835386199564,0.38095238095238093,-0.0006424641105962293,-0.074697539715192,0.4126984126984127,-0.0011286260255441007,-0.07905996966323792,0.4444444444444444,-0.0005739164873776882,2.0,9.0,11.0
2026-05-05,XLP,consumer_staples,SPY,-0.081465251223938,0.3333333333333333,-0.0036569724835881423,-0.06809197027227709,0.4126984126984127,-0.001062475385365884,0.04989096953785288,0.46825396825396826,0.0003650345955920734,8.0,8.0,4.0
2026-05-05,XLV,health_care,SPY,-0.10510142715414184,0.2857142857142857,-0.0047780123442870285,-0.10575325566716476,0.3968253968253968,-0.0016782779807312956,-0.051468369724446905,0.4523809523809524,-0.00038383578482259397,11.0,11.0,8.0
2026-05-05,XLU,utilities,SPY,-0.0940701696278432,0.2857142857142857,-0.004241258332888099,0.02736044996437914,0.42857142857142855,0.00042000166878621215,-0.011212859809147657,0.48412698412698413,-7.228517786504454e-05,9.0,4.0,7.0
2026-05-05,XLRE,real_estate,SPY,-0.04069124837714755,0.38095238095238093,-0.001789875390675179,0.0370836495538609,0.49206349206349204,0.0005519553773811113,0.031896481213821604,0.49206349206349204,0.00023500678516361634,3.0,3.0,6.0
2026-05-05,XLC,communication_services,SPY,-0.06377423201752408,0.2857142857142857,-0.0028496041369185667,-0.0673106176316507,0.3492063492063492,-0.0010509911349798195,-0.05356820125831141,0.4444444444444444,-0.0004069617346297479,5.0,7.0,9.0
2026-05-06,XLK,technology,SPY,0.1240324881271666,0.8095238095238095,0.005119295158607619,0.16021411367012273,0.6349206349206349,0.0022951240345473324,0.04947134796889685,0.5793650793650794,0.0004311680130106625,1.0,1.0,4.0
2026-05-06,XLF,financials,SPY,-0.07388505122457656,0.3333333333333333,-0.003274536361059074,-0.10669739773093867,0.3968253968253968,-0.0016511531462214102,-0.07734429809153243,0.4603174603174603,-0.0005769745717385682,7.0,10.0,10.0
2026-05-06,XLI,industrials,SPY,-0.03654187803605402,0.38095238095238093,-0.001524271589623147,-0.02525504393373823,0.49206349206349204,-0.0003374395508595496,0.07268264162568938,0.5555555555555556,0.0005461504279133539,3.0,5.0,3.0
2026-05-06,XLE,energy,SPY,-0.1657059130420624,0.42857142857142855,-0.007568764818134024,0.013634414946626539,0.5873015873015873,0.00026099140790882545,0.23294316084247946,0.5873015873015873,0.001614896051253428,11.0,3.0,1.0
2026-05-06,XLB,materials,SPY,-0.06665376064889994,0.38095238095238093,-0.0029223395283513773,-0.05783458152508092,0.4444444444444444,-0.0008558188841572001,0.1630054333432469,0.5476190476190477,0.0011432668070209906,6.0,6.0,2.0
2026-05-06,XLY,consumer_discretionary,SPY,-0.0009030954604751784,0.42857142857142855,-2.7985052169736998e-06,-0.07225749593149056,0.42857142857142855,-0.001067389265587564,-0.08612259123620736,0.4444444444444444,-0.0006227680920659045,2.0,8.0,11.0
2026-05-06,XLP,consumer_staples,SPY,-0.07650699551699658,0.3333333333333333,-0.0033894104322488294,-0.09850949198711545,0.3968253968253968,-0.0015330298047147681,0.048351743468271424,0.46825396825396826,0.00034903696321319274,8.0,9.0,5.0
2026-05-06,XLV,health_care,SPY,-0.12116200030261659,0.23809523809523808,-0.005480577109488841,-0.13664448982709543,0.38095238095238093,-0.0021636651406288956,-0.06498328341525617,0.4523809523809524,-0.0004847967003247443,9.0,11.0,9.0
2026-05-06,XLU,utilities,SPY,-0.12528216220001742,0.23809523809523808,-0.005663097418204625,-0.0038800540456120913,0.4126984126984127,-4.470221223645204e-05,-0.039633427912444175,0.48412698412698413,-0.0002851205814417513,10.0,4.0,7.0
2026-05-06,XLRE,real_estate,SPY,-0.04079194252996432,0.38095238095238093,-0.0017706773070946074,0.014018158270146852,0.47619047619047616,0.00020646658660975322,0.035182054706100585,0.49206349206349204,0.0002555902663487283,4.0,2.0,6.0
2026-05-06,XLC,communication_services,SPY,-0.06372485093914548,0.2857142857142857,-0.0028077578502049495,-0.06443239485621777,0.36507936507936506,-0.000985666120335261,-0.04024833008457174,0.4523809523809524,-0.0002999889191852091,5.0,7.0,8.0
2026-05-07,XLK,technology,SPY,0.11541166232857059,0.8095238095238095,0.004906838326472725,0.17009983910595072,0.6507936507936508,0.0023999657447625862,0.06817221739015111,0.5873015873015873,0.0005550688106856825,1.0,1.0,3.0
2026-05-07,XLF,financials,SPY,-0.07536696174909019,0.2857142857142857,-0.003442245241365081,-0.1102591882320324,0.38095238095238093,-0.0016924344961942233,-0.09769304851216098,0.4523809523809524,-0.0007322038887090676,7.0,9.0,11.0
2026-05-07,XLI,industrials,SPY,-0.061315824888234394,0.3333333333333333,-0.002723694106405822,-0.046238111698881035,0.47619047619047616,-0.0006489984576315784,0.057674709070600017,0.5476190476190477,0.0004396348260107334,5.0,5.0,4.0
2026-05-07,XLE,energy,SPY,-0.11837855268267838,0.42857142857142855,-0.005416961637159741,-0.0039446351586613915,0.5714285714285714,5.301261913490779e-06,0.21319501016359377,0.5793650793650794,0.0014844976155859245,11.0,3.0,1.0
2026-05-07,XLB,materials,SPY,-0.08896620330946536,0.3333333333333333,-0.004069104864912896,-0.06023200696238962,0.4444444444444444,-0.0008860863981455221,0.13549032563733565,0.5396825396825397,0.0009597301372107823,8.0,6.0,2.0
2026-05-07,XLY,consumer_discretionary,SPY,-0.0004486721340593025,0.42857142857142855,1.2348755210960555e-05,-0.06036232793697094,0.4444444444444444,-0.0008733326166354958,-0.07886655962850742,0.4523809523809524,-0.0005601083103934545,2.0,7.0,9.0
2026-05-07,XLP,consumer_staples,SPY,-0.06770659499846565,0.3333333333333333,-0.003068265341271306,-0.11096596703283867,0.38095238095238093,-0.0017188208168033526,0.030676171251749818,0.4603174603174603,0.00022229184350433485,6.0,10.0,5.0
2026-05-07,XLV,health_care,SPY,-0.11527567203067712,0.23809523809523808,-0.005351586463334715,-0.14409558711379122,0.36507936507936506,-0.0022664125120954513,-0.08386023797439535,0.4444444444444444,-0.0006273681565438073,9.0,11.0,10.0
2026-05-07,XLU,utilities,SPY,-0.11768814362682534,0.23809523809523808,-0.005443765086475636,-0.028393306432917154,0.3968253968253968,-0.00040652470276428135,-0.0589668466209432,0.47619047619047616,-0.0004288149023700856,10.0,4.0,8.0
2026-05-07,XLRE,real_estate,SPY,-0.03601995062538732,0.38095238095238093,-0.0015955145340171945,0.0015438472681195137,0.4603174603174603,2.4321871795600425e-05,0.014129485704772904,0.48412698412698413,0.00010415444551776293,3.0,2.0,6.0
2026-05-07,XLC,communication_services,SPY,-0.05083481138658663,0.3333333333333333,-0.002284189208031005,-0.06928899127562249,0.36507936507936506,-0.0010510028520183635,-0.042395894204840134,0.4523809523809524,-0.0003132036037109948,4.0,8.0,7.0
2026-05-08,XLK,technology,SPY,0.15056839915679876,0.8571428571428571,0.00629673319234341,0.17425068324838922,0.6507936507936508,0.0024751074990921143,0.09808095811317918,0.5873015873015873,0.0007586709134157805,1.0,1.0,3.0
2026-05-08,XLF,financials,SPY,-0.08663236616745318,0.2857142857142857,-0.003967947207351375,-0.12177537625649304,0.38095238095238093,-0.001903341917821136,-0.11223384248497525,0.4523809523809524,-0.0008452040502973974,8.0,10.0,11.0
2026-05-08,XLI,industrials,SPY,-0.07901335417120481,0.2857142857142857,-0.003549992442714811,-0.06804599432540459,0.4603174603174603,-0.0010019666893250746,0.04280005181996849,0.5396825396825397,0.0003344421629459989,6.0,8.0,4.0
2026-05-08,XLE,energy,SPY,-0.1133108458124461,0.42857142857142855,-0.005157546730257341,-0.018127945933744227,0.5555555555555556,-0.00020833540015857953,0.19875942118816003,0.5793650793650794,0.0013900776778999005,9.0,3.0,1.0
2026-05-08,XLB,materials,SPY,-0.08642723377114181,0.3333333333333333,-0.003937896749002652,-0.06496453067055707,0.42857142857142855,-0.0009714003299897777,0.1276027385286751,0.5317460317460317,0.0009042078032163892,7.0,7.0,2.0
2026-05-08,XLY,consumer_discretionary,SPY,-0.018709065777715805,0.38095238095238093,-0.0008039937385350402,-0.050194839450159234,0.4444444444444444,-0.0007223284378548815,-0.09356226575452675,0.4444444444444444,-0.0006735842016055722,2.0,5.0,9.0
2026-05-08,XLP,consumer_staples,SPY,-0.0761311519395429,0.2857142857142857,-0.0034587068265990372,-0.1083400485910736,0.38095238095238093,-0.0016938173997913795,0.028881501083952932,0.4603174603174603,0.00020839302025124143,5.0,9.0,5.0
2026-05-08,XLV,health_care,SPY,-0.12398701909675369,0.23809523809523808,-0.005766567018878735,-0.15739688092238258,0.36507936507936506,-0.0025220606521242275,-0.10144375009743356,0.4365079365079365,-0.0007634716812833963,10.0,11.0,10.0
2026-05-08,XLU,utilities,SPY,-0.13641669084205643,0.19047619047619047,-0.006360991779890341,-0.03215604140836925,0.3968253968253968,-0.0004658420763330909,-0.07353545283445184,0.47619047619047616,-0.000538981182864312,11.0,4.0,8.0
2026-05-08,XLRE,real_estate,SPY,-0.04556226901202165,0.3333333333333333,-0.00202861233958023,-0.00623021966571935,0.4603174603174603,-9.122415374395406e-05,0.009445935470377531,0.48412698412698413,6.985970778279549e-05,3.0,2.0,6.0
2026-05-08,XLC,communication_services,SPY,-0.06151320752949796,0.3333333333333333,-0.002773587644609644,-0.057554470082509246,0.36507936507936506,-0.0008755647680562718,-0.05713418065062226,0.4444444444444444,-0.0004238890460063857,4.0,6.0,7.0
2026-05-11,XLK,technology,SPY,0.15916058338238748,0.8571428571428571,0.006612691214197608,0.1741618209621154,0.6507936507936508,0.0024792311582491084,0.12451792479972545,0.5952380952380952,0.0009216416030154299,1.0,1.0,3.0
2026-05-11,XLF,financials,SPY,-0.07999426805221299,0.2857142857142857,-0.0036441595647704935,-0.11455057248569644,0.38095238095238093,-0.0017879320688534484,-0.12422108041394975,0.4444444444444444,-0.0009290595229819524,7.0,10.0,11.0
2026-05-11,XLI,industrials,SPY,-0.06754757555632351,0.3333333333333333,-0.0029987918755891574,-0.05771388335465466,0.47619047619047616,-0.0008406142962328157,0.04508695358026471,0.5396825396825397,0.0003471270109681611,4.0,6.0,4.0
2026-05-11,XLE,energy,SPY,-0.08403060248871386,0.47619047619047616,-0.003716845772921481,0.004512856413259048,0.5555555555555556,0.00013470702735075328,0.2057188515750359,0.5793650793650794,0.0014191363025673608,9.0,2.0,1.0
2026-05-11,XLB,materials,SPY,-0.08229625958905751,0.3333333333333333,-0.003726702194577423,-0.06227294212849088,0.42857142857142855,-0.0009313375695916423,0.13521647611097753,0.5317460317460317,0.0009431628214091727,8.0,7.0,2.0
2026-05-11,XLY,consumer_discretionary,SPY,-0.03066886870067309,0.3333333333333333,-0.0013361329030314834,-0.050737192012869636,0.4444444444444444,-0.0007323558230752502,-0.09135179359920031,0.4444444444444444,-0.0006482332810605291,2.0,5.0,9.0
2026-05-11,XLP,consumer_staples,SPY,-0.07592955425840975,0.2857142857142857,-0.003440599564319186,-0.10932972642695937,0.38095238095238093,-0.0017141119730448384,0.008679605278804514,0.4523809523809524,6.433024755355306e-05,6.0,9.0,5.0
2026-05-11,XLV,health_care,SPY,-0.11705640756195745,0.23809523809523808,-0.00541172570909713,-0.1494521612645724,0.36507936507936506,-0.0023915561215690317,-0.12085354420132532,0.42857142857142855,-0.0009068478471686023,10.0,11.0,10.0
2026-05-11,XLU,utilities,SPY,-0.1268263118775591,0.23809523809523808,-0.005861839969127152,-0.022823128253346647,0.4126984126984127,-0.0003239828502254663,-0.07379357201693293,0.47619047619047616,-0.0005328361526445667,11.0,4.0,7.0
2026-05-11,XLRE,real_estate,SPY,-0.04720124812651583,0.3333333333333333,-0.0020973239469018797,-0.006258231217163068,0.4603174603174603,-9.193602467058714e-05,0.0044715563153550075,0.48412698412698413,3.400394042106403e-05,3.0,3.0,6.0
2026-05-11,XLC,communication_services,SPY,-0.07376532637982414,0.3333333333333333,-0.003334008399801744,-0.07622674632800641,0.3492063492063492,-0.001173355386093052,-0.07428965343998994,0.4365079365079365,-0.0005480454024919142,5.0,8.0,8.0
2026-05-12,XLK,technology,SPY,0.127306801735263,0.8095238095238095,0.00543441538192747,0.16110860288854134,0.6507936507936508,0.002310853489165842,0.11291707405943274,0.5952380952380952,0.0008493529068310818,1.0,1.0,3.0
2026-05-12,XLF,financials,SPY,-0.07745585625737939,0.2857142857142857,-0.0035692582445889533,-0.10129868958028077,0.3968253968253968,-0.0015669220798980358,-0.12071200806560167,0.4444444444444444,-0.000903222875238141,9.0,10.0,11.0
2026-05-12,XLI,industrials,SPY,-0.06652838226560465,0.3333333333333333,-0.002984933230100845,-0.06411489510456292,0.4603174603174603,-0.0009401889718523276,0.037757693422455274,0.5317460317460317,0.00029719033262228694,5.0,5.0,4.0
2026-05-12,XLE,energy,SPY,-0.06785264939861313,0.5238095238095238,-0.002988344951960748,0.012026418564329733,0.5555555555555556,0.00024570730680427573,0.19890775073616385,0.5793650793650794,0.0013803143609991844,7.0,2.0,1.0
2026-05-12,XLB,materials,SPY,-0.07686530313460405,0.3333333333333333,-0.0035093330939821904,-0.0796325200626955,0.4126984126984127,-0.0012076605444099459,0.12037267574851618,0.5238095238095238,0.000849315522708881,8.0,7.0,2.0
2026-05-12,XLY,consumer_discretionary,SPY,-0.037547007767940066,0.3333333333333333,-0.0016639437369555057,-0.06779177899350497,0.42857142857142855,-0.000999104970867022,-0.09937339793560618,0.4365079365079365,-0.0007126716448714171,2.0,6.0,9.0
2026-05-12,XLP,consumer_staples,SPY,-0.04046889993308245,0.3333333333333333,-0.0018178934769122758,-0.09510398987146118,0.3968253968253968,-0.0014773701897641356,0.009413242766381558,0.4523809523809524,6.949991622807862e-05,4.0,9.0,5.0
2026-05-12,XLV,health_care,SPY,-0.09023449333936873,0.2857142857142857,-0.004152109602994725,-0.12663317476781877,0.38095238095238093,-0.0019970189227630376,-0.10004683901838995,0.42857142857142855,-0.0007419739409224332,10.0,11.0,10.0
2026-05-12,XLU,utilities,SPY,-0.10177494900993678,0.2857142857142857,-0.00469359942425712,-0.039915705099705434,0.4126984126984127,-0.0005870601399220166,-0.08409222001486438,0.47619047619047616,-0.0006145620121299973,11.0,4.0,8.0
2026-05-12,XLRE,real_estate,SPY,-0.039645022209805036,0.38095238095238093,-0.0017715525454417066,-0.021851269828834896,0.4603174603174603,-0.0003278459003629371,-0.007083885543099244,0.48412698412698413,-4.959936818218826e-05,3.0,3.0,6.0
2026-05-12,XLC,communication_services,SPY,-0.06684964899052503,0.38095238095238093,-0.00304472473334275,-0.08094576309560442,0.3492063492063492,-0.0012477795760009684,-0.06632926998477573,0.4444444444444444,-0.0004885048476839405,6.0,8.0,7.0
2026-05-13,XLK,technology,SPY,0.12651475698074943,0.8095238095238095,0.0054347122817407344,0.1628167976512871,0.6507936507936508,0.002321100606249629,0.10461039359421265,0.5952380952380952,0.000800552270183442,1.0,1.0,3.0
2026-05-13,XLF,financials,SPY,-0.08415916905897058,0.2857142857142857,-0.003910750781266813,-0.10390584854740414,0.3968253968253968,-0.0016008660346515282,-0.12457789342759129,0.4444444444444444,-0.0009431353200825994,10.0,9.0,11.0
2026-05-13,XLI,industrials,SPY,-0.06734494676404168,0.3333333333333333,-0.0030414371248572184,-0.07988151099651208,0.4444444444444444,-0.0011840063906645634,0.03744302050630943,0.5317460317460317,0.0002983678544336715,7.0,7.0,4.0
2026-05-13,XLE,energy,SPY,-0.03887560678333846,0.5238095238095238,-0.0016576841232383698,-0.020645995287076113,0.5396825396825397,-0.00024497306836850855,0.19945802297649795,0.5793650793650794,0.0013962301627150162,3.0,2.0,1.0
2026-05-13,XLB,materials,SPY,-0.06794097547797895,0.3333333333333333,-0.003104349094322149,-0.10046978021507369,0.3968253968253968,-0.0015374892296029033,0.11794180508568752,0.5238095238095238,0.0008416707208071792,8.0,8.0,2.0
2026-05-13,XLY,consumer_discretionary,SPY,-0.04932146510156343,0.2857142857142857,-0.002230402532048304,-0.06551665055013767,0.42857142857142855,-0.0009574199555803334,-0.09791987760357534,0.4365079365079365,-0.0007086934747732746,4.0,4.0,10.0
2026-05-13,XLP,consumer_staples,SPY,-0.02901035594652157,0.3333333333333333,-0.0012994640117291536,-0.11192850793909803,0.38095238095238093,-0.001744879422187262,0.028119395764540922,0.4523809523809524,0.0002042261919246063,2.0,10.0,5.0
2026-05-13,XLV,health_care,SPY,-0.08314678829976452,0.3333333333333333,-0.0038342753860432853,-0.1328899969220687,0.38095238095238093,-0.0020899134470830404,-0.09104394223886025,0.4365079365079365,-0.0006776481541968219,9.0,11.0,9.0
2026-05-13,XLU,utilities,SPY,-0.10763710106900892,0.2857142857142857,-0.005009860787771421,-0.06689598126867558,0.3968253968253968,-0.0010022432493150383,-0.08461353496469326,0.47619047619047616,-0.0006237927044839355,11.0,5.0,8.0
2026-05-13,XLRE,real_estate,SPY,-0.05094245027521471,0.38095238095238093,-0.002306798787961816,-0.0358072887639711,0.4603174603174603,-0.0005372424522895387,-0.0045105832285441405,0.48412698412698413,-3.026172268570285e-05,5.0,3.0,6.0
2026-05-13,XLC,communication_services,SPY,-0.06718647998196392,0.38095238095238093,-0.0030826326385859915,-0.07233097071728523,0.36507936507936506,-0.0011035558265444416,-0.0581711754965375,0.4523809523809524,-0.00043024087451200136,6.0,6.0,7.0
2026-05-14,XLK,technology,SPY,0.12537217054624517,0.8095238095238095,0.005388455937755309,0.1898238557222196,0.6666666666666666,0.0026058691927360734,0.12694373060087982,0.6031746031746031,0.0009426674532312041,1.0,1.0,2.0
2026-05-14,XLF,financials,SPY,-0.08577374972951035,0.2857142857142857,-0.0039894012663180345,-0.10383592746436132,0.3968253968253968,-0.0015619871403612844,-0.12939673482666514,0.4365079365079365,-0.0009768830552233292,10.0,8.0,11.0
2026-05-14,XLI,industrials,SPY,-0.04945273997367816,0.3333333333333333,-0.0022013938542963757,-0.08817146672995602,0.42857142857142855,-0.0012834232114932616,0.03682919706533183,0.5317460317460317,0.00029250963900483834,4.0,6.0,4.0
2026-05-14,XLE,energy,SPY,-0.027478292243930058,0.5238095238095238,-0.0011325614067365494,-0.01840053298040223,0.5396825396825397,-0.00020560534772959228,0.18639648108986706,0.5714285714285714,0.0013086880366219133,3.0,2.0,1.0
2026-05-14,XLB,materials,SPY,-0.06326174622454661,0.3333333333333333,-0.002884431665946398,-0.11880594408739986,0.38095238095238093,-0.0017930670446778434,0.09034120359110931,0.5158730158730159,0.0006552789605315775,6.0,9.0,3.0
2026-05-14,XLY,consumer_discretionary,SPY,-0.0647597417254635,0.23809523809523808,-0.0029622058218796024,-0.07727330877272975,0.4126984126984127,-0.0011149213166847258,-0.10692245812960366,0.42857142857142855,-0.0007761156075374802,7.0,5.0,9.0
2026-05-14,XLP,consumer_staples,SPY,-0.020546659431520453,0.3333333333333333,-0.0009138399941385476,-0.1432524802278703,0.36507936507936506,-0.002212135996641499,0.01088512380510398,0.4444444444444444,8.025889339261182e-05,2.0,10.0,5.0
2026-05-14,XLV,health_care,SPY,-0.07662061615293281,0.3333333333333333,-0.00352124906634049,-0.15739818366428904,0.36507936507936506,-0.002443699318006925,-0.12037126702935497,0.42857142857142855,-0.0009096763663058722,9.0,11.0,10.0
2026-05-14,XLU,utilities,SPY,-0.09324313566331821,0.2857142857142857,-0.004303704394625092,-0.10199555939966265,0.38095238095238093,-0.0015259850567196417,-0.08610106478961543,0.47619047619047616,-0.0006318375441423302,11.0,7.0,8.0
2026-05-14,XLRE,real_estate,SPY,-0.0573878767035465,0.38095238095238093,-0.002608163333130599,-0.07005438720696189,0.4444444444444444,-0.0010414416533690522,-0.02999390512295519,0.47619047619047616,-0.00021712657171942977,5.0,3.0,6.0
2026-05-14,XLC,communication_services,SPY,-0.07103612268035542,0.38095238095238093,-0.0032668804595172426,-0.07639248667290444,0.36507936507936506,-0.001140966470196698,-0.06956994742184763,0.4444444444444444,-0.0005153898822005085,8.0,4.0,7.0
2026-05-15,XLK,technology,SPY,0.10599365369874247,0.7619047619047619,0.00467382352741753,0.17735414105190128,0.6507936507936508,0.002481576928909157,0.11488949304302509,0.5952380952380952,0.0008746500571588797,1.0,1.0,2.0
2026-05-15,XLF,financials,SPY,-0.07133321000128612,0.3333333333333333,-0.003348174635742953,-0.09274852128261835,0.4126984126984127,-0.001406381266177096,-0.1274432319641975,0.4365079365079365,-0.0009750076041806486,8.0,6.0,10.0
2026-05-15,XLI,industrials,SPY,-0.047177085611579406,0.3333333333333333,-0.0021237327544288394,-0.10032436474607054,0.4126984126984127,-0.0014946536250892617,0.029310945684540846,0.5238095238095238,0.0002432391082210794,4.0,7.0,4.0
2026-05-15,XLE,energy,SPY,-0.0029111209096230883,0.5238095238095238,-1.9566260704280875e-05,0.013612371001442858,0.5396825396825397,0.0002621988416642701,0.24934101480118942,0.5793650793650794,0.0017068022690422103,2.0,2.0,1.0
2026-05-15,XLB,materials,SPY,-0.08147838091918036,0.2857142857142857,-0.003800099161944554,-0.13945177400242836,0.36507936507936506,-0.0021560247856512835,0.06443188379317255,0.5079365079365079,0.0004885166185961035,10.0,10.0,3.0
2026-05-15,XLY,consumer_discretionary,SPY,-0.06281029738085386,0.23809523809523808,-0.002909468981384978,-0.0821580749884796,0.4126984126984127,-0.0012058725868787769,-0.10439384510324645,0.42857142857142855,-0.0007660086697200921,5.0,4.0,9.0
2026-05-15,XLP,consumer_staples,SPY,-0.014038598581648687,0.3333333333333333,-0.0006318771793243837,-0.13627038567248873,0.36507936507936506,-0.0021268978808260757,0.021867698710699157,0.4523809523809524,0.0001596665592950786,3.0,8.0,5.0
2026-05-15,XLV,health_care,SPY,-0.06375831798998155,0.38095238095238093,-0.00295446857130856,-0.16312564294607934,0.36507936507936506,-0.002577121297405697,-0.13035082508217832,0.42857142857142855,-0.0010053184448826405,6.0,11.0,11.0
2026-05-15,XLU,utilities,SPY,-0.1069648955023017,0.23809523809523808,-0.00504770399275465,-0.13714876227488215,0.36507936507936506,-0.002126468688056154,-0.09785773872486292,0.46825396825396826,-0.0007325924333479185,11.0,9.0,8.0
2026-05-15,XLRE,real_estate,SPY,-0.06669797896107166,0.3333333333333333,-0.003094543461573816,-0.08671278915563474,0.42857142857142855,-0.001318392869955202,-0.02431634297845564,0.47619047619047616,-0.0001773388192651491,7.0,5.0,6.0
2026-05-15,XLC,communication_services,SPY,-0.07660129303001662,0.38095238095238093,-0.0035923107859835803,-0.070861279507209,0.38095238095238093,-0.0010701400605043544,-0.05884327845562076,0.4523809523809524,-0.0004394387765717215,9.0,3.0,7.0
2026-05-18,XLK,technology,SPY,0.08949340111481363,0.7142857142857143,0.004039668594321858,0.16695554031566684,0.6507936507936508,0.0023563514705932467,0.1147769155421543,0.5952380952380952,0.0008609103225151156,1.0,1.0,2.0
2026-05-18,XLF,financials,SPY,-0.05330729867185913,0.38095238095238093,-0.002508851335063458,-0.08838768334842184,0.4126984126984127,-0.0013398260314199828,-0.12032853435195823,0.4365079365079365,-0.0008996876323769206,4.0,6.0,10.0
2026-05-18,XLI,industrials,SPY,-0.056053790416597526,0.2857142857142857,-0.0025843360754135396,-0.10666164147713297,0.3968253968253968,-0.0016010020339574562,0.024995652407102664,0.5158730158730159,0.0002098857032906784,5.0,8.0,4.0
2026-05-18,XLE,energy,SPY,0.060907227214122894,0.5714285714285714,0.0028156646637749988,0.04976316940143888,0.5555555555555556,0.0007786362571186704,0.25394455975671426,0.5793650793650794,0.0017126759841790428,2.0,2.0,1.0
2026-05-18,XLB,materials,SPY,-0.07214387816604428,0.2857142857142857,-0.00338644438525193,-0.12749152112077455,0.36507936507936506,-0.001962863508176342,0.05264162540232897,0.5,0.00040200030617904887,9.0,9.0,3.0
2026-05-18,XLY,consumer_discretionary,SPY,-0.0741142190418167,0.19047619047619047,-0.003511676113791503,-0.08024390888360045,0.4126984126984127,-0.0011785719303046343,-0.09861017783407755,0.42857142857142855,-0.0007082966808919828,10.0,4.0,8.0
2026-05-18,XLP,consumer_staples,SPY,0.0015702600805729272,0.3333333333333333,8.368892344667338e-05,-0.10526569769572369,0.38095238095238093,-0.001621519148783415,0.02080953922739126,0.4523809523809524,0.00015169925872453018,3.0,7.0,5.0
2026-05-18,XLV,health_care,SPY,-0.060845932082457366,0.38095238095238093,-0.002853307276547619,-0.15489329480099268,0.38095238095238093,-0.002442319910224264,-0.14333355529182223,0.42857142857142855,-0.001093367808713791,8.0,11.0,11.0
2026-05-18,XLU,utilities,SPY,-0.08824053893269668,0.2857142857142857,-0.004167510323382843,-0.13065588984787369,0.38095238095238093,-0.0020234001283811606,-0.09999109846283294,0.46825396825396826,-0.0007365981995020957,11.0,10.0,9.0
2026-05-18,XLRE,real_estate,SPY,-0.05655876713318542,0.3333333333333333,-0.002640988330150521,-0.08230226202985813,0.42857142857142855,-0.001251236589873118,-0.014867154599725652,0.47619047619047616,-0.00010439406974922375,6.0,5.0,6.0
2026-05-18,XLC,communication_services,SPY,-0.057947091695099484,0.42857142857142855,-0.0027222929707716344,-0.05885495998341761,0.3968253968253968,-0.0008853583564081809,-0.05352757151968368,0.4523809523809524,-0.0003914796849608752,7.0,3.0,7.0
2026-05-19,XLK,technology,SPY,0.08557020189041942,0.7142857142857143,0.003890960234071708,0.15892063241332588,0.6507936507936508,0.002277343185750766,0.10755881948786516,0.5952380952380952,0.000818292926077526,1.0,1.0,2.0
2026-05-19,XLF,financials,SPY,-0.06435992341420005,0.3333333333333333,-0.0030575726950383686,-0.09538282500520856,0.3968253968253968,-0.0014690704623493405,-0.1154997891713766,0.4365079365079365,-0.0008669009296238041,7.0,8.0,10.0
2026-05-19,XLI,industrials,SPY,-0.06496122542361316,0.23809523809523808,-0.003029965544007944,-0.10532814544905544,0.3968253968253968,-0.0015985367471707842,0.018798632724946307,0.5079365079365079,0.00016750120504889168,8.0,9.0,5.0
2026-05-19,XLE,energy,SPY,0.07765817445778533,0.5714285714285714,0.0035524448088689545,0.054104126005404485,0.5555555555555556,0.0008461891716508935,0.2540431111468844,0.5793650793650794,0.0017221734317291143,2.0,2.0,1.0
2026-05-19,XLB,materials,SPY,-0.09636506212974516,0.23809523809523808,-0.004604629249677956,-0.14299783963600066,0.3492063492063492,-0.002246517661448041,0.04304063901898303,0.5,0.0003395863329319053,11.0,11.0,3.0
2026-05-19,XLY,consumer_discretionary,SPY,-0.07566615247073283,0.19047619047619047,-0.0036042665013689083,-0.0870760613697289,0.3968253968253968,-0.00130296741991882,-0.0978061964056891,0.42857142857142855,-0.0007067779276256788,10.0,5.0,9.0
2026-05-19,XLP,consumer_staples,SPY,0.009619332142782433,0.3333333333333333,0.00045139530961034257,-0.0886900604090336,0.3968253968253968,-0.001371924361616011,0.031359722044367544,0.4603174603174603,0.0002269751843064207,3.0,6.0,4.0
2026-05-19,XLV,health_care,SPY,-0.03596731755635907,0.42857142857142855,-0.0016668625717159461,-0.13384737434944027,0.3968253968253968,-0.0021126018057270554,-0.11975820565182071,0.4365079365079365,-0.0009073769985770071,4.0,10.0,11.0
2026-05-19,XLU,utilities,SPY,-0.0661087592407198,0.3333333333333333,-0.0030891058909058564,-0.09309322392677755,0.3968253968253968,-0.0014296888677301333,-0.08457063059207282,0.46825396825396826,-0.0006199477100553557,9.0,7.0,8.0
2026-05-19,XLRE,real_estate,SPY,-0.05097009202771052,0.3333333333333333,-0.00238352644392886,-0.051622211976923627,0.4444444444444444,-0.0007834806482421359,-0.006157954622898032,0.47619047619047616,-4.168902972589014e-05,5.0,3.0,6.0
2026-05-19,XLC,communication_services,SPY,-0.05971015356268272,0.42857142857142855,-0.002820392190037184,-0.057823212951767955,0.3968253968253968,-0.0008793611076898174,-0.05089145926274541,0.4523809523809524,-0.00037403839724485586,6.0,4.0,7.0
2026-05-20,XLK,technology,SPY,0.09233671458039994,0.7142857142857143,0.00412310742794153,0.17906492655234718,0.6666666666666666,0.002508985087224611,0.1326176810565518,0.6031746031746031,0.0009658979571291577,1.0,1.0,2.0
2026-05-20,XLF,financials,SPY,-0.06502931625749375,0.3333333333333333,-0.003036943017403532,-0.09020044904840052,0.4126984126984127,-0.0013668628905099704,-0.10710986261537081,0.4444444444444444,-0.0007838903023045055,10.0,6.0,9.0
2026-05-20,XLI,industrials,SPY,-0.05693370686060362,0.2857142857142857,-0.0025945685425358715,-0.11498962439611415,0.3968253968253968,-0.0017337764266752691,0.02147046182838408,0.5158730158730159,0.00018361101078576532,6.0,9.0,4.0
2026-05-20,XLE,energy,SPY,0.0175495809440942,0.5238095238095238,0.0009032254791176076,0.0049101795676100846,0.5396825396825397,0.0001398533249110991,0.22401621703152252,0.5793650793650794,0.0015188472080311993,2.0,2.0,1.0
2026-05-20,XLB,materials,SPY,-0.09239045883983033,0.2857142857142857,-0.004324745936796786,-0.14057929316179496,0.36507936507936506,-0.002174084574657188,0.0550504674948642,0.5079365079365079,0.00041509049149538385,11.0,10.0,3.0
2026-05-20,XLY,consumer_discretionary,SPY,-0.06144992474659294,0.23809523809523808,-0.0028418863779176703,-0.06923334799233283,0.4126984126984127,-0.0010001605976396233,-0.0844558743085293,0.4365079365079365,-0.0005866918276265386,7.0,4.0,8.0
2026-05-20,XLP,consumer_staples,SPY,-0.007826491439295591,0.3333333333333333,-0.00034581196916131214,-0.10492969636916838,0.3968253968253968,-0.0016148595666093373,0.009354333682767502,0.4523809523809524,6.948265179852775e-05,3.0,7.0,5.0
2026-05-20,XLV,health_care,SPY,-0.04449997814922124,0.42857142857142855,-0.0020435581107891196,-0.14646588354973678,0.38095238095238093,-0.0022963443002657316,-0.1418712182348585,0.42857142857142855,-0.001066097517553459,5.0,11.0,11.0
2026-05-20,XLU,utilities,SPY,-0.0625809549794768,0.3333333333333333,-0.002873656426924757,-0.11384734164671273,0.38095238095238093,-0.001747385579436275,-0.11146173941953208,0.4603174603174603,-0.0008163306107620591,9.0,8.0,10.0
2026-05-20,XLRE,real_estate,SPY,-0.037945246930266574,0.38095238095238093,-0.001734908139531403,-0.05051156802251322,0.4603174603174603,-0.0007560934672436344,-0.008339768507335643,0.47619047619047616,-5.613629084721432e-05,4.0,3.0,6.0
2026-05-20,XLC,communication_services,SPY,-0.061839792896625334,0.42857142857142855,-0.002879844354833302,-0.07434111843492452,0.38095238095238093,-0.001125840415045621,-0.0689038261981676,0.4444444444444444,-0.0005014980496202899,8.0,5.0,7.0
2026-05-21,XLK,technology,SPY,0.08543160717138987,0.7142857142857143,0.0038567401175265323,0.18908419110476005,0.6825396825396826,0.0026472779077003185,0.1520811000257083,0.6111111111111112,0.0010779174716769228,1.0,1.0,2.0
2026-05-21,XLF,financials,SPY,-0.05349831572263675,0.3333333333333333,-0.0025026842849976217,-0.08965079633822759,0.4126984126984127,-0.0013655266954763605,-0.11588171818773008,0.4365079365079365,-0.0008431817577781107,9.0,6.0,10.0
2026-05-21,XLI,industrials,SPY,-0.04728639539696844,0.2857142857142857,-0.0021514519590408944,-0.1153381211790584,0.3968253968253968,-0.0017491679525762493,0.013507012257294004,0.5079365079365079,0.00012725467871926413,8.0,9.0,4.0
2026-05-21,XLE,energy,SPY,0.0015036406772277466,0.47619047619047616,0.00018644152356125007,0.004243652171668666,0.5396825396825397,0.00013162522851820817,0.18672878210747945,0.5714285714285714,0.0012842878489883166,2.0,2.0,1.0
2026-05-21,XLB,materials,SPY,-0.07922651696786431,0.3333333333333333,-0.003704820886035589,-0.13155103483573605,0.38095238095238093,-0.002034052746790764,0.049448766731952976,0.5079365079365079,0.0003740904612493057,11.0,10.0,3.0
2026-05-21,XLY,consumer_discretionary,SPY,-0.04623860200583607,0.2857142857142857,-0.0021312295505439903,-0.06756466341043699,0.4126984126984127,-0.0009797908453969824,-0.06991863556870359,0.4444444444444444,-0.00047150348420493024,7.0,4.0,7.0
2026-05-21,XLP,consumer_staples,SPY,-0.013248715437027325,0.3333333333333333,-0.0005939813792605674,-0.11156625596453262,0.3968253968253968,-0.0017309945752045804,-0.01850945892388456,0.4444444444444444,-0.0001268283503096529,3.0,8.0,5.0
2026-05-21,XLV,health_care,SPY,-0.03221289003211525,0.47619047619047616,-0.0014757604523648392,-0.13164044673428765,0.3968253968253968,-0.0020585789360631763,-0.15255858447452053,0.42857142857142855,-0.0011400258481151738,5.0,11.0,11.0
2026-05-21,XLU,utilities,SPY,-0.041407363735553426,0.38095238095238093,-0.0018768836883541102,-0.10215410041779727,0.3968253968253968,-0.0015650610612765587,-0.10819861757804627,0.4603174603174603,-0.000781215739964349,6.0,7.0,9.0
2026-05-21,XLRE,real_estate,SPY,-0.020374570510200085,0.38095238095238093,-0.0009240317288821025,-0.051791831909679065,0.4444444444444444,-0.0007800442671662742,-0.022402079401864894,0.46825396825396826,-0.00015528307906894528,4.0,3.0,6.0
2026-05-21,XLC,communication_services,SPY,-0.05940478234405655,0.42857142857142855,-0.0027846897975773366,-0.08305891467506998,0.36507936507936506,-0.0012713706383342242,-0.08654926927963369,0.4365079365079365,-0.0006288572112943474,10.0,5.0,8.0
2026-05-22,XLK,technology,SPY,0.1050384396182431,0.7619047619047619,0.004639711837957237,0.20821294101094567,0.6984126984126984,0.0028477743035755037,0.15591736221952757,0.6111111111111112,0.001101737627725373,1.0,1.0,2.0
2026-05-22,XLF,financials,SPY,-0.04979216179367785,0.38095238095238093,-0.0023074387264554676,-0.06655827933380754,0.42857142857142855,-0.0009933534607735272,-0.11559361453755823,0.4444444444444444,-0.0008408604776780688,7.0,4.0,10.0
2026-05-22,XLI,industrials,SPY,-0.06570794781778855,0.2857142857142857,-0.0030207871586489785,-0.11041504491844889,0.4126984126984127,-0.0016432893346674023,0.01792088060299024,0.5158730158730159,0.0001579416081261509,8.0,7.0,4.0
2026-05-22,XLE,energy,SPY,-0.008444261893007177,0.47619047619047616,-0.00026622925296878225,-0.009930723791698792,0.5396825396825397,-7.431878338319785e-05,0.21209130249499197,0.5793650793650794,0.0014349098029231195,2.0,2.0,1.0
2026-05-22,XLB,materials,SPY,-0.08183285865408596,0.3333333333333333,-0.003801421583883561,-0.14186551712833262,0.38095238095238093,-0.002172863713735738,0.052699920723731086,0.5158730158730159,0.0003959705776769225,11.0,10.0,3.0
2026-05-22,XLY,consumer_discretionary,SPY,-0.040264478410310334,0.3333333333333333,-0.001834207034415804,-0.05715305945754334,0.42857142857142855,-0.0008076326785947808,-0.0657498664217524,0.4523809523809524,-0.0004403053948429341,6.0,3.0,7.0
2026-05-22,XLP,consumer_staples,SPY,-0.03668267568192851,0.2857142857142857,-0.0016817712077062846,-0.13717780448396844,0.38095238095238093,-0.0021242857682386832,-0.008148297032311902,0.4444444444444444,-5.35145323271908e-05,4.0,9.0,5.0
2026-05-22,XLV,health_care,SPY,-0.02753600311361537,0.47619047619047616,-0.0012429553779147715,-0.14634678336188,0.3968253968253968,-0.0022707375722823254,-0.139446171798019,0.4365079365079365,-0.001033831747940579,3.0,11.0,11.0
2026-05-22,XLU,utilities,SPY,-0.06855051046879135,0.38095238095238093,-0.0031732800914229253,-0.11737276106047112,0.3968253968253968,-0.0017860090146689708,-0.09157261657747129,0.46825396825396826,-0.0006533148976922901,9.0,8.0,9.0
2026-05-22,XLRE,real_estate,SPY,-0.03884609805231376,0.3333333333333333,-0.001779691750838718,-0.0670213490566205,0.42857142857142855,-0.0010013548820500954,-0.012209800641907353,0.46825396825396826,-8.292281946109184e-05,5.0,5.0,6.0
2026-05-22,XLC,communication_services,SPY,-0.06893574816645986,0.42857142857142855,-0.0032212592425194756,-0.09161232729463564,0.36507936507936506,-0.0013876661442349977,-0.08659196523136625,0.4365079365079365,-0.0006291402278972529,10.0,6.0,8.0
2026-05-26,XLK,technology,SPY,0.10420124548983467,0.7619047619047619,0.004608130953324326,0.22606525843409186,0.6984126984126984,0.0030694744495393745,0.20750498485644964,0.6190476190476191,0.001386200673148898,1.0,1.0,1.0
2026-05-26,XLF,financials,SPY,-0.042972405254161794,0.38095238095238093,-0.0019877350048794077,-0.07269438800375339,0.42857142857142855,-0.0010890847624241708,-0.13356908169572068,0.4365079365079365,-0.0009590034051442221,6.0,5.0,10.0
2026-05-26,XLI,industrials,SPY,-0.0407242954203495,0.3333333333333333,-0.0018288146618989972,-0.10736348817486419,0.4126984126984127,-0.0015946984867400823,0.029593484017087057,0.5238095238095238,0.0002342043547810535,5.0,7.0,4.0
2026-05-26,XLE,energy,SPY,-0.03410263898852661,0.47619047619047616,-0.001434161817779064,-0.03821896633943034,0.5396825396825397,-0.0004875135114552303,0.16490070836291837,0.5714285714285714,0.0011325278637843938,4.0,2.0,2.0
2026-05-26,XLB,materials,SPY,-0.0692469228345709,0.38095238095238093,-0.0031868045467529347,-0.13515358732678784,0.38095238095238093,-0.0020618120962621234,0.062239466383125386,0.5158730158730159,0.00045126632014468455,10.0,9.0,3.0
2026-05-26,XLY,consumer_discretionary,SPY,-0.04493168226226518,0.2857142857142857,-0.0020576623337783223,-0.06971849449886669,0.4126984126984127,-0.001003242375284126,-0.07229788153720618,0.4444444444444444,-0.00047756008027969855,7.0,4.0,7.0
2026-05-26,XLP,consumer_staples,SPY,-0.046529059426233976,0.2857142857142857,-0.0021432914716169064,-0.15782809062945535,0.36507936507936506,-0.002470667908038057,-0.056703733710305126,0.4365079365079365,-0.0003937266141975851,8.0,11.0,6.0
2026-05-26,XLV,health_care,SPY,-0.021302959547399913,0.47619047619047616,-0.0009576947932423485,-0.1504100127842506,0.3968253968253968,-0.002339798365985037,-0.16781860451385855,0.42857142857142855,-0.0012331467963179786,2.0,10.0,11.0
2026-05-26,XLU,utilities,SPY,-0.06974106431128746,0.38095238095238093,-0.003234370047952298,-0.1278921279255978,0.38095238095238093,-0.0019598305274486257,-0.11186137654503314,0.4603174603174603,-0.0007901024275020547,11.0,8.0,9.0
2026-05-26,XLRE,real_estate,SPY,-0.031257377922377705,0.3333333333333333,-0.0014256876031399225,-0.06570561337070613,0.42857142857142855,-0.0009815996608196905,-0.029691486501822073,0.4603174603174603,-0.00020243602692503876,3.0,3.0,5.0
2026-05-26,XLC,communication_services,SPY,-0.05124834873656692,0.42857142857142855,-0.0023808051396773796,-0.09706497017898774,0.36507936507936506,-0.0014753723417064483,-0.0993195314340296,0.42857142857142855,-0.0007095301287905405,9.0,6.0,8.0
2026-05-27,XLK,technology,SPY,0.09925061966542925,0.7142857142857143,0.00441177640095032,0.20559627192335017,0.6825396825396826,0.002841001583043698,0.20865734063250607,0.6190476190476191,0.0014055751270822885,1.0,1.0,1.0
2026-05-27,XLF,financials,SPY,-0.05687250075775141,0.3333333333333333,-0.002653532273133353,-0.08921710434657204,0.4126984126984127,-0.0013611390238364098,-0.1414450027412797,0.42857142857142855,-0.001031347947866007,9.0,6.0,10.0
2026-05-27,XLI,industrials,SPY,-0.0389686915268459,0.38095238095238093,-0.0017495715114279873,-0.09025141656295521,0.42857142857142855,-0.0013342388043775962,0.026929210722101526,0.5238095238095238,0.00021799903128649062,6.0,7.0,4.0
2026-05-27,XLE,energy,SPY,-0.04546964002241549,0.47619047619047616,-0.0019680449716578488,-0.040214256472071996,0.5396825396825397,-0.0005205304383512711,0.14870581571299413,0.5714285714285714,0.0010449601877715986,8.0,2.0,2.0
2026-05-27,XLB,materials,SPY,-0.06093239387672611,0.42857142857142855,-0.0027906801407258466,-0.11677937578098774,0.3968253968253968,-0.0017767347757549298,0.05160802717166657,0.5158730158730159,0.00038367151818671303,10.0,8.0,3.0
2026-05-27,XLY,consumer_discretionary,SPY,-0.01786151330718333,0.3333333333333333,-0.0007891756191845625,-0.04546156900305842,0.42857142857142855,-0.0006350830905524202,-0.06286297735009083,0.4444444444444444,-0.000413343783702971,3.0,3.0,7.0
2026-05-27,XLP,consumer_staples,SPY,-0.022140681542786922,0.3333333333333333,-0.0010028639825695569,-0.13005844168567593,0.38095238095238093,-0.002024544946915839,-0.04459606470140964,0.4365079365079365,-0.00030965165424667786,4.0,10.0,6.0
2026-05-27,XLV,health_care,SPY,-0.01219185156230207,0.5238095238095238,-0.0005398351435773925,-0.13903870153912978,0.4126984126984127,-0.002169159631150793,-0.17479015493889627,0.42857142857142855,-0.001304952621409826,2.0,11.0,11.0
2026-05-27,XLU,utilities,SPY,-0.07207707652551187,0.38095238095238093,-0.0033539885104237094,-0.12584858871561022,0.38095238095238093,-0.0019434777871056024,-0.10616794464903179,0.4603174603174603,-0.0007546589927021319,11.0,9.0,9.0
2026-05-27,XLRE,real_estate,SPY,-0.02313203876332426,0.3333333333333333,-0.0010512105242987217,-0.05133769627587448,0.42857142857142855,-0.0007680478522338577,-0.034680049171871064,0.4523809523809524,-0.00024040088007684337,5.0,4.0,5.0
2026-05-27,XLC,communication_services,SPY,-0.0454592259907971,0.42857142857142855,-0.002109197186193935,-0.08451280343756018,0.38095238095238093,-0.0012876083611986883,-0.09956505347484979,0.42857142857142855,-0.0007196202626818703,7.0,5.0,8.0
2026-05-28,XLK,technology,SPY,0.12342554108606074,0.7619047619047619,0.0053488523835722316,0.22900737342997735,0.6984126984126984,0.0030955341410962116,0.20488404605868737,0.6190476190476191,0.0013936297045212325,1.0,1.0,1.0
2026-05-28,XLF,financials,SPY,-0.07147917254296798,0.2857142857142857,-0.003323611549152717,-0.11613215916686026,0.3968253968253968,-0.0017759621656077721,-0.13823103850226137,0.42857142857142855,-0.0010152601745950635,9.0,7.0,10.0
2026-05-28,XLI,industrials,SPY,-0.04379995272871251,0.38095238095238093,-0.0019582464138323064,-0.111371809881187,0.4126984126984127,-0.0016549356328289756,0.03106939598015135,0.5238095238095238,0.0002486401634504509,4.0,6.0,4.0
2026-05-28,XLE,energy,SPY,-0.07346234857408196,0.42857142857142855,-0.003284351790593102,-0.05645024131424159,0.5238095238095238,-0.0007594745332090217,0.1618081116255925,0.5714285714285714,0.0011346096934289516,10.0,3.0,2.0
2026-05-28,XLB,materials,SPY,-0.061071348004825166,0.42857142857142855,-0.0027681510407399396,-0.12435746223852684,0.38095238095238093,-0.0018786906001258179,0.06384300528081233,0.5158730158730159,0.0004689922658261544,8.0,8.0,3.0
2026-05-28,XLY,consumer_discretionary,SPY,-0.017134494146178403,0.3333333333333333,-0.0007483879103942796,-0.052826538030430914,0.4126984126984127,-0.0007387918079064945,-0.06225314255458558,0.4444444444444444,-0.0004129497202909814,3.0,2.0,7.0
2026-05-28,XLP,consumer_staples,SPY,-0.04404370783320122,0.2857142857142857,-0.002009680386245795,-0.14222915243508427,0.36507936507936506,-0.002201676105313331,-0.02332088415136635,0.4365079365079365,-0.0001590019741089389,5.0,10.0,5.0
2026-05-28,XLV,health_care,SPY,-0.011349692617462326,0.5238095238095238,-0.0004914772995284967,-0.13532818743620956,0.4126984126984127,-0.002080690654189251,-0.1548930403393951,0.4365079365079365,-0.0011538039824867603,2.0,9.0,11.0
2026-05-28,XLU,utilities,SPY,-0.09532016274273059,0.3333333333333333,-0.004448265630355693,-0.1451583803159121,0.36507936507936506,-0.0022382174676956355,-0.1190452949756231,0.4603174603174603,-0.0008613296156313314,11.0,11.0,9.0
2026-05-28,XLRE,real_estate,SPY,-0.0489061358745575,0.2857142857142857,-0.0022402254525393187,-0.07300443098613596,0.4126984126984127,-0.0010914496609591596,-0.031387505811274474,0.4523809523809524,-0.00021813316837660058,6.0,4.0,6.0
2026-05-28,XLC,communication_services,SPY,-0.052344974080308804,0.38095238095238093,-0.002411005181686666,-0.09496223746155086,0.36507936507936506,-0.0014373378833620024,-0.09579884778033954,0.42857142857142855,-0.0006973268768897653,7.0,5.0,8.0
2026-05-29,XLK,technology,SPY,0.13745416944071986,0.7619047619047619,0.005905486593252962,0.2725648897209456,0.7142857142857143,0.003587285123168248,0.2388941170326917,0.626984126984127,0.0016043484790005912,1.0,1.0,1.0
2026-05-29,XLF,financials,SPY,-0.0696474685832923,0.2857142857142857,-0.003225970463838831,-0.09769631865845052,0.4126984126984127,-0.0014722479597968827,-0.136835379953833,0.42857142857142855,-0.001011811400196488,9.0,5.0,10.0
2026-05-29,XLI,industrials,SPY,-0.044267664533316875,0.38095238095238093,-0.001975380308174769,-0.12565940378766227,0.3968253968253968,-0.001871417787479841,0.019670354122129474,0.5158730158730159,0.00017133437071726736,4.0,7.0,4.0
2026-05-29,XLE,energy,SPY,-0.10951602884222789,0.38095238095238093,-0.005051401016025382,-0.09257458741444102,0.5079365079365079,-0.0013100484175453645,0.1626546342063977,0.5714285714285714,0.0011473531752549376,11.0,3.0,2.0
2026-05-29,XLB,materials,SPY,-0.05937056542604591,0.42857142857142855,-0.0026812154259186825,-0.14382346166919324,0.36507936507936506,-0.0021821497303922558,0.049178076699205375,0.5079365079365079,0.00037308670013555843,6.0,8.0,3.0
2026-05-29,XLY,consumer_discretionary,SPY,-0.02860729383812899,0.3333333333333333,-0.0012694444597048566,-0.06937587742493334,0.3968253968253968,-0.000983543232575001,-0.08718875440785734,0.4365079365079365,-0.0006052831849183969,3.0,2.0,7.0
2026-05-29,XLP,consumer_staples,SPY,-0.06321952793498731,0.2857142857142857,-0.002901255888008333,-0.17946359098901343,0.3492063492063492,-0.002808629337214431,-0.05037950865345797,0.42857142857142855,-0.0003562613488665059,8.0,11.0,6.0
2026-05-29,XLV,health_care,SPY,-0.016683402545966786,0.5238095238095238,-0.000731431783415049,-0.16891137251580368,0.3968253968253968,-0.0026251087229019064,-0.17773868393685055,0.42857142857142855,-0.0013525186384575796,2.0,10.0,11.0
2026-05-29,XLU,utilities,SPY,-0.09068229023376984,0.3333333333333333,-0.004211457817789976,-0.1686101789744009,0.3492063492063492,-0.0026137129202756246,-0.11218052406210899,0.4603174603174603,-0.0008135271011159551,10.0,9.0,9.0
2026-05-29,XLRE,real_estate,SPY,-0.055078774464478286,0.2857142857142857,-0.002523763553778062,-0.09560239919327373,0.3968253968253968,-0.001433733770957043,-0.04278497959487226,0.4523809523809524,-0.0003022552877406681,5.0,4.0,5.0
2026-05-29,XLC,communication_services,SPY,-0.05962946598950736,0.38095238095238093,-0.0027477458567384365,-0.12263248603922783,0.3492063492063492,-0.0018673038760160586,-0.10838076831011567,0.42063492063492064,-0.0007997081014643303,7.0,6.0,8.0
2026-06-01,XLK,technology,SPY,0.1718432257735738,0.8095238095238095,0.00731450789609746,0.2964903021005947,0.7142857142857143,0.0038577370388935546,0.2610911681785837,0.626984126984127,0.001740513479131143,1.0,1.0,1.0
2026-06-01,XLF,financials,SPY,-0.06892012262262337,0.2857142857142857,-0.0032129376694486345,-0.100461763472107,0.4126984126984127,-0.001512484130840794,-0.14268105757826288,0.42063492063492064,-0.0010636476842007534,7.0,4.0,9.0
2026-06-01,XLI,industrials,SPY,-0.06797929804200598,0.3333333333333333,-0.0031351057007619567,-0.14177462004263874,0.38095238095238093,-0.002130253548376383,0.012938075216011757,0.5158730158730159,0.00012507548236812699,6.0,7.0,4.0
2026-06-01,XLE,energy,SPY,-0.09488868360576641,0.38095238095238093,-0.004353015045484783,-0.09702764848002432,0.5079365079365079,-0.0013773581832322015,0.1806225095957037,0.5714285714285714,0.00126292331599189,10.0,3.0,2.0
2026-06-01,XLB,materials,SPY,-0.06617807487133132,0.38095238095238093,-0.003027786310603477,-0.1476526825776483,0.36507936507936506,-0.0022401732016682956,0.034341276144819854,0.5,0.0002729627738404953,5.0,8.0,3.0
2026-06-01,XLY,consumer_discretionary,SPY,-0.056844042149809426,0.2857142857142857,-0.0025965753695569834,-0.08209290037414974,0.3968253968253968,-0.0011740934420293183,-0.1124893454555218,0.4365079365079365,-0.0008024863993738285,3.0,2.0,8.0
2026-06-01,XLP,consumer_staples,SPY,-0.08253514789489624,0.23809523809523808,-0.0038608046529002744,-0.1782459549458978,0.3492063492063492,-0.00278205229081965,-0.06860279853976636,0.42063492063492064,-0.00049374294446236,9.0,10.0,6.0
2026-06-01,XLV,health_care,SPY,-0.04282020275017495,0.47619047619047616,-0.0019567401814009015,-0.1717475918725272,0.3968253968253968,-0.0026669390410049717,-0.18133754580232586,0.42857142857142855,-0.0013883948471260202,2.0,9.0,11.0
2026-06-01,XLU,utilities,SPY,-0.13553489121350304,0.2857142857142857,-0.006502062750188132,-0.1919295554238828,0.3492063492063492,-0.0029998776069977565,-0.15057214308547806,0.4523809523809524,-0.0011216455096532394,11.0,11.0,10.0
2026-06-01,XLRE,real_estate,SPY,-0.08094266297877528,0.23809523809523808,-0.003788342048246079,-0.1163270047986601,0.38095238095238093,-0.0017566959279135602,-0.060481845290496494,0.4523809523809524,-0.0004335769103970125,8.0,5.0,5.0
2026-06-01,XLC,communication_services,SPY,-0.06321685009399358,0.3333333333333333,-0.002940461501249719,-0.12419306008746811,0.3492063492063492,-0.0018882760817207237,-0.10582899695448744,0.42063492063492064,-0.0007831286243753924,4.0,6.0,7.0
2026-06-02,XLK,technology,SPY,0.1704944322977311,0.8095238095238095,0.00727011070406364,0.3237977888065593,0.7301587301587301,0.004126983824066821,0.2710415819064935,0.626984126984127,0.001804145708628709,1.0,1.0,1.0
2026-06-02,XLF,financials,SPY,-0.06286658416533886,0.2857142857142857,-0.002926134501787977,-0.1094746888304341,0.3968253968253968,-0.0016368439476897405,-0.14451722483903673,0.4126984126984127,-0.001083432454894932,6.0,4.0,10.0
2026-06-02,XLI,industrials,SPY,-0.04689530168472955,0.38095238095238093,-0.00213160747730955,-0.12385705588708196,0.3968253968253968,-0.0018199217801403874,0.022660377498731732,0.5158730158730159,0.00019379484429432427,3.0,7.0,4.0
2026-06-02,XLE,energy,SPY,-0.06912997527443088,0.42857142857142855,-0.0030986759475210225,-0.08734400980984303,0.5238095238095238,-0.001211285920719738,0.18315924640128567,0.5714285714285714,0.001282874929620674,7.0,2.0,2.0
2026-06-02,XLB,materials,SPY,-0.05069616878400374,0.42857142857142855,-0.0022884574224069456,-0.12319702337384464,0.38095238095238093,-0.0018241110651293741,0.04587194714928833,0.5,0.00035348847298916867,4.0,6.0,3.0
2026-06-02,XLY,consumer_discretionary,SPY,-0.062773525239194,0.2857142857142857,-0.002883779260365247,-0.08921220013034836,0.3968253968253968,-0.001270363524263156,-0.11924260870770576,0.42857142857142855,-0.0008595406351799861,5.0,3.0,7.0
2026-06-02,XLP,consumer_staples,SPY,-0.08180769899484364,0.23809523809523808,-0.0038306388546854864,-0.18163038939514575,0.3492063492063492,-0.00280865297809245,-0.07268720462051625,0.4126984126984127,-0.0005268153606603901,10.0,10.0,6.0
2026-06-02,XLV,health_care,SPY,-0.04546461049620354,0.47619047619047616,-0.0020826325744609624,-0.18165137635758144,0.3968253968253968,-0.0028037861372847825,-0.18137469096397196,0.42857142857142855,-0.0013945793547329483,2.0,11.0,11.0
2026-06-02,XLU,utilities,SPY,-0.11093486627452287,0.3333333333333333,-0.005246059048941091,-0.18034791410826223,0.3492063492063492,-0.0027661900993351187,-0.13494659448309698,0.4523809523809524,-0.0009982321632892685,11.0,9.0,9.0
2026-06-02,XLRE,real_estate,SPY,-0.07273421784982625,0.2857142857142857,-0.0033932280381716107,-0.11763839578492652,0.38095238095238093,-0.0017579479900051691,-0.05562791682686363,0.4603174603174603,-0.00039895604428908006,8.0,5.0,5.0
2026-06-02,XLC,communication_services,SPY,-0.08099445354201429,0.3333333333333333,-0.003799354181458624,-0.15366552482609674,0.3333333333333333,-0.002341946965078513,-0.1272377680403326,0.4126984126984127,-0.0009551145026646025,9.0,8.0,8.0
2026-06-03,XLK,technology,SPY,0.16046357506054942,0.7619047619047619,0.006901169338520448,0.3011134481304496,0.7142857142857143,0.0039216633138147074,0.2592966056943433,0.6190476190476191,0.0017407172909937407,1.0,1.0,1.0
2026-06-03,XLF,financials,SPY,-0.06422396630072802,0.2857142857142857,-0.0030005605010791823,-0.11103341531421485,0.3968253968253968,-0.001685346279899728,-0.1449189450207894,0.4126984126984127,-0.00108948767135351,8.0,6.0,10.0
2026-06-03,XLI,industrials,SPY,-0.0325035658256323,0.42857142857142855,-0.0014650465909570997,-0.11200955063897489,0.4126984126984127,-0.0016572572849804866,0.04142744048966329,0.5238095238095238,0.0003230629503319922,4.0,7.0,4.0
2026-06-03,XLE,energy,SPY,-0.061908673600611364,0.42857142857142855,-0.002759732745356696,-0.05220333818935985,0.5396825396825397,-0.0006898416240485391,0.1901922082864811,0.5714285714285714,0.0013286933701606859,6.0,2.0,2.0
2026-06-03,XLB,materials,SPY,-0.031110446934372815,0.47619047619047616,-0.001377944424100563,-0.10504102334237742,0.3968253968253968,-0.0015607348518384702,0.05398653724448921,0.5,0.00040942303444365037,3.0,5.0,3.0
2026-06-03,XLY,consumer_discretionary,SPY,-0.05886867795359796,0.2857142857142857,-0.002707059405782668,-0.09894193169668619,0.38095238095238093,-0.0014448402947077866,-0.1243790590531767,0.42063492063492064,-0.0009028255093365319,5.0,3.0,8.0
2026-06-03,XLP,consumer_staples,SPY,-0.06697794251493117,0.2857142857142857,-0.0031224775067778382,-0.1559378495226481,0.36507936507936506,-0.0024163426722148365,-0.06466074454775406,0.4126984126984127,-0.00046735227331941233,9.0,8.0,6.0
2026-06-03,XLV,health_care,SPY,-0.030974245717466653,0.47619047619047616,-0.001407803162129639,-0.16050591614674026,0.4126984126984127,-0.002487120883904117,-0.1569226073028015,0.4365079365079365,-0.0011939689277488163,2.0,10.0,11.0
2026-06-03,XLU,utilities,SPY,-0.10782361046670252,0.38095238095238093,-0.005108317974436016,-0.17272511512637567,0.36507936507936506,-0.002678961250919628,-0.11300785923633727,0.4603174603174603,-0.000827475070850411,11.0,11.0,7.0
2026-06-03,XLRE,real_estate,SPY,-0.06339002026925145,0.3333333333333333,-0.0029537658131757144,-0.10290789076118378,0.3968253968253968,-0.0015490689844670027,-0.03738670253811072,0.46825396825396826,-0.00026538246027093165,7.0,4.0,5.0
2026-06-03,XLC,communication_services,SPY,-0.08508421542891487,0.3333333333333333,-0.004011450899570034,-0.1573532811413465,0.3333333333333333,-0.002438511623487673,-0.13288416259520686,0.4126984126984127,-0.001002639148289631,10.0,9.0,9.0
2026-06-04,XLK,technology,SPY,0.1202375198069392,0.7142857142857143,0.0053086797599424095,0.2654657687968469,0.6984126984126984,0.003487068999446837,0.2219253636718297,0.6111111111111112,0.0015199042697316943,1.0,1.0,1.0
2026-06-04,XLF,financials,SPY,-0.03440658034861466,0.3333333333333333,-0.0015720760157912667,-0.09028596295055236,0.3968253968253968,-0.001338726969801961,-0.12094784993681285,0.42063492063492064,-0.0008913338078199198,4.0,5.0,8.0
2026-06-04,XLI,industrials,SPY,-0.024286222632463605,0.42857142857142855,-0.0010839544740349919,-0.08755586801835302,0.42857142857142855,-0.0012606151207631298,0.043189038129415325,0.5238095238095238,0.0003348108648350618,3.0,4.0,4.0
2026-06-04,XLE,energy,SPY,-0.05781132141941725,0.42857142857142855,-0.0025733227889836265,-0.06727409039553978,0.5238095238095238,-0.0009094268456596743,0.20603554558661963,0.5714285714285714,0.0014213632818961051,8.0,2.0,2.0
2026-06-04,XLB,materials,SPY,-0.04429016497174909,0.42857142857142855,-0.0020124336003748675,-0.09420349949889761,0.3968253968253968,-0.001379055656171243,0.06232906515880465,0.5,0.0004646802366564197,6.0,6.0,3.0
2026-06-04,XLY,consumer_discretionary,SPY,-0.0528969758424811,0.3333333333333333,-0.0024303526980713475,-0.10614881063253856,0.38095238095238093,-0.0015430712474712154,-0.12135178115391032,0.42857142857142855,-0.0008767134336071078,7.0,7.0,9.0
2026-06-04,XLP,consumer_staples,SPY,-0.07006717025357045,0.2857142857142857,-0.003286362366823897,-0.14831188666249018,0.36507936507936506,-0.0022693082434220207,-0.061414952687044666,0.4126984126984127,-0.0004421836592875239,10.0,9.0,6.0
2026-06-04,XLV,health_care,SPY,0.0006253576102233094,0.5238095238095238,6.869793930162178e-05,-0.12208968544472854,0.42857142857142855,-0.001830916309243954,-0.1237012382372854,0.4444444444444444,-0.0009180674888526069,2.0,8.0,10.0
2026-06-04,XLU,utilities,SPY,-0.09844127891421384,0.42857142857142855,-0.004655673427338974,-0.17082450318996523,0.38095238095238093,-0.002619672167904281,-0.10265789030135886,0.46825396825396826,-0.0007445113073003718,11.0,11.0,7.0
2026-06-04,XLRE,real_estate,SPY,-0.04082941859347544,0.38095238095238093,-0.0018748566213860843,-0.08291800628692525,0.4126984126984127,-0.0012205165964684025,-0.014804212148561646,0.47619047619047616,-9.901440581827801e-05,5.0,3.0,5.0
2026-06-04,XLC,communication_services,SPY,-0.0678303424585297,0.38095238095238093,-0.0031789912698566305,-0.15621587843077223,0.3333333333333333,-0.0023943523710174145,-0.12927110788222207,0.4126984126984127,-0.0009712529233266444,9.0,10.0,11.0
2026-06-05,XLK,technology,SPY,0.05533178863173838,0.6666666666666666,0.002761930462551851,0.21499139920555743,0.6984126984126984,0.0029583924092283147,0.16232205133564936,0.6111111111111112,0.001204522152714065,1.0,1.0,2.0
2026-06-05,XLF,financials,SPY,0.0038041293531527742,0.38095238095238093,0.0001884267399816191,-0.06039389423289343,0.3968253968253968,-0.0008991561464604484,-0.09949496890296505,0.42063492063492064,-0.0007489287115115372,4.0,3.0,9.0
2026-06-05,XLI,industrials,SPY,-0.020278287290439678,0.42857142857142855,-0.000960128994199653,-0.07209013893330529,0.42857142857142855,-0.0010418271484835574,0.05194814409653992,0.5238095238095238,0.00040259089017994634,7.0,4.0,4.0
2026-06-05,XLE,energy,SPY,0.006685019993231123,0.47619047619047616,0.00040462202398340786,-0.0738143694410629,0.5238095238095238,-0.00102489133920631,0.19039601850273735,0.5714285714285714,0.001358987063065189,3.0,5.0,1.0
2026-06-05,XLB,materials,SPY,-0.03903228254774882,0.42857142857142855,-0.0018480175165677762,-0.07996102857997656,0.4126984126984127,-0.0011789458440583135,0.064237233139123,0.5,0.0004891067930045,9.0,6.0,3.0
2026-06-05,XLY,consumer_discretionary,SPY,-0.046864596173697426,0.3333333333333333,-0.0022400598337968523,-0.09423379433195489,0.3968253968253968,-0.0013789638665498347,-0.1195521929456893,0.42857142857142855,-0.0008924284953703345,10.0,8.0,11.0
2026-06-05,XLP,consumer_staples,SPY,-0.014565886257292049,0.3333333333333333,-0.0006848201000989278,-0.12172386586096784,0.36507936507936506,-0.001865573687317461,-0.011625765412417444,0.42063492063492064,-8.047516426205066e-05,6.0,9.0,6.0
2026-06-05,XLV,health_care,SPY,0.04726917194189206,0.5714285714285714,0.0022180238017356886,-0.09377067166508457,0.42857142857142855,-0.001407437220153746,-0.08967670494485436,0.4444444444444444,-0.0006742340975795646,2.0,7.0,8.0
2026-06-05,XLU,utilities,SPY,-0.03482211483254505,0.47619047619047616,-0.0016426739993958776,-0.14442013065490256,0.38095238095238093,-0.0022157894886692653,-0.05732840890391233,0.47619047619047616,-0.0004128502903739796,8.0,10.0,7.0
2026-06-05,XLRE,real_estate,SPY,-0.005963387830665856,0.42857142857142855,-0.00027672948305483097,-0.0507140684917069,0.4126984126984127,-0.0007468356841321869,0.023072318981609996,0.48412698412698413,0.0001714396363550523,5.0,2.0,5.0
2026-06-05,XLC,communication_services,SPY,-0.05347150973327208,0.38095238095238093,-0.0026026696112543637,-0.1461796498633181,0.3333333333333333,-0.00226347114285643,-0.10841131975364815,0.42063492063492064,-0.0008330860245527422,11.0,11.0,10.0
2026-06-08,XLK,technology,SPY,0.0749478836736519,0.6666666666666666,0.0036280748496727417,0.22663188935975342,0.6984126984126984,0.0031175083436413746,0.18276768015700795,0.6111111111111112,0.0013335880793823836,1.0,1.0,2.0
2026-06-08,XLF,financials,SPY,-0.0022956385679671065,0.38095238095238093,-9.947133545499624e-05,-0.054944495238565594,0.3968253968253968,-0.0008208712413223906,-0.109379036267787,0.4126984126984127,-0.0008274764440531759,4.0,3.0,9.0
2026-06-08,XLI,industrials,SPY,-0.012569423072979369,0.42857142857142855,-0.0005916127025531141,-0.07424657399872325,0.42857142857142855,-0.001082242703156737,0.04085071450711175,0.5158730158730159,0.0003241914200856392,5.0,5.0,4.0
2026-06-08,XLE,energy,SPY,0.03209488753573031,0.5238095238095238,0.0015729672539897253,-0.05038142241355592,0.5396825396825397,-0.0006699779661125882,0.1978723407894778,0.5714285714285714,0.001403942046922614,3.0,2.0,1.0
2026-06-08,XLB,materials,SPY,-0.038458684198590776,0.42857142857142855,-0.0018143248994417877,-0.08899295996728163,0.4126984126984127,-0.0013272759788249275,0.05403574674922762,0.5,0.00041828811166993464,8.0,7.0,3.0
2026-06-08,XLY,consumer_discretionary,SPY,-0.04789718442582813,0.3333333333333333,-0.0022781245457650263,-0.08383294926416207,0.4126984126984127,-0.0012234179235214445,-0.11330031837508237,0.4365079365079365,-0.0008397476699839934,10.0,6.0,10.0
2026-06-08,XLP,consumer_staples,SPY,-0.021279005277477947,0.3333333333333333,-0.001002833907091047,-0.12113116794761314,0.36507936507936506,-0.0018680129945641162,-0.01287094307297787,0.42063492063492064,-8.957738128896718e-05,7.0,9.0,6.0
2026-06-08,XLV,health_care,SPY,0.044352354011156336,0.5714285714285714,0.002074860169432379,-0.09920618026064687,0.4126984126984127,-0.001503835946403186,-0.08606872094649143,0.4444444444444444,-0.0006446861174982089,2.0,8.0,8.0
2026-06-08,XLU,utilities,SPY,-0.04590404052378738,0.47619047619047616,-0.0021730327266310627,-0.15742074520834026,0.38095238095238093,-0.002447097926836999,-0.076139588694079,0.47619047619047616,-0.0005572395285584214,9.0,11.0,7.0
2026-06-08,XLRE,real_estate,SPY,-0.018776500385739303,0.42857142857142855,-0.0008824288914159926,-0.06152175636341206,0.4126984126984127,-0.0009149539278935711,0.006670752098298038,0.48412698412698413,5.3840122339544026e-05,6.0,4.0,5.0
2026-06-08,XLC,communication_services,SPY,-0.06402972316443178,0.3333333333333333,-0.0031159940094695865,-0.14485751676043312,0.3333333333333333,-0.002256319318184827,-0.12067855709547104,0.4126984126984127,-0.0009319723633268374,11.0,10.0,11.0
2026-06-09,XLK,technology,SPY,0.030683864307894493,0.6190476190476191,0.0016433282138504871,0.20365664973606035,0.6825396825396826,0.002844713076462789,0.1554658506565334,0.6031746031746031,0.0011669422847234853,3.0,1.0,2.0
2026-06-09,XLF,financials,SPY,0.024582267807735536,0.42857142857142855,0.0011687969011939167,-0.038053962448869605,0.4126984126984127,-0.0005649742490687051,-0.09529374044551475,0.42063492063492064,-0.0007172321856748192,4.0,3.0,9.0
2026-06-09,XLI,industrials,SPY,0.014629633550487298,0.47619047619047616,0.0007005395662199017,-0.05566138739358295,0.4444444444444444,-0.000795634062664298,0.06205191423491008,0.5238095238095238,0.00047462731866889724,5.0,5.0,4.0
2026-06-09,XLE,energy,SPY,0.031113860281675954,0.5238095238095238,0.0015512830923535123,-0.05244491824839326,0.5396825396825397,-0.0007017678008702594,0.1876479817691723,0.5714285714285714,0.0013471194598856761,2.0,4.0,1.0
2026-06-09,XLB,materials,SPY,-0.015121763450915204,0.47619047619047616,-0.0006853672403451699,-0.06901399032449218,0.42857142857142855,-0.001013914628643848,0.08157663916470437,0.5079365079365079,0.0006113519572451534,8.0,6.0,3.0
2026-06-09,XLY,consumer_discretionary,SPY,-0.03525046151371114,0.38095238095238093,-0.0016742152843302789,-0.07685363890581765,0.4126984126984127,-0.0011155262073424843,-0.10939655878480514,0.4365079365079365,-0.0008123522802043037,10.0,7.0,10.0
2026-06-09,XLP,consumer_staples,SPY,-0.00017762429893608545,0.38095238095238093,7.127976033997962e-06,-0.10475961900563979,0.38095238095238093,-0.0016039556375620075,0.005541743971598123,0.42857142857142855,4.6189042828305106e-05,7.0,9.0,6.0
2026-06-09,XLV,health_care,SPY,0.07799074307798592,0.6190476190476191,0.0036114608838571836,-0.07796214024906267,0.42857142857142855,-0.0011688848706500807,-0.06401694153467985,0.4523809523809524,-0.0004734840859026855,1.0,8.0,8.0
2026-06-09,XLU,utilities,SPY,-0.015774664811156636,0.5238095238095238,-0.0007146225198415726,-0.1401916894916284,0.3968253968253968,-0.00215998428775293,-0.050554946326683003,0.48412698412698413,-0.0003605355872165263,9.0,11.0,7.0
2026-06-09,XLRE,real_estate,SPY,0.013382587671197377,0.47619047619047616,0.0006564075150831604,-0.03657749500259522,0.4126984126984127,-0.0005328343216328039,0.035518392337415605,0.49206349206349204,0.00026358601698327455,6.0,2.0,5.0
2026-06-09,XLC,communication_services,SPY,-0.04591789738087049,0.38095238095238093,-0.002237389486991809,-0.13861661816206128,0.3333333333333333,-0.0021552051796707673,-0.12313196440233165,0.4126984126984127,-0.0009575837380472221,11.0,10.0,11.0
2026-06-10,XLK,technology,SPY,0.011733806633650978,0.5714285714285714,0.000771680337840702,0.18381677939956842,0.6666666666666666,0.0026354193989984328,0.13255523323345586,0.5952380952380952,0.001030698667161247,6.0,1.0,2.0
2026-06-10,XLF,financials,SPY,0.03927677781440608,0.47619047619047616,0.001874977246191731,-0.01794269741151089,0.42857142857142855,-0.00027106888105950884,-0.08210848324773568,0.42857142857142855,-0.000621178539009628,3.0,3.0,9.0
2026-06-10,XLI,industrials,SPY,-0.011974824481245872,0.42857142857142855,-0.0005569524875125456,-0.07171122848399736,0.4444444444444444,-0.0010527655921271758,0.038581216110249006,0.5158730158730159,0.00031719520195345774,8.0,7.0,6.0
2026-06-10,XLE,energy,SPY,0.03765204750241913,0.5238095238095238,0.0018673303577228279,-0.04655906702939849,0.5396825396825397,-0.0006275546561300183,0.2346713641085425,0.5793650793650794,0.0016537462895367817,4.0,4.0,1.0
2026-06-10,XLB,materials,SPY,-0.03213834011701844,0.42857142857142855,-0.001541985438934912,-0.07591668394975193,0.4126984126984127,-0.0011366573142645715,0.084555919175068,0.5079365079365079,0.0006395383008022741,11.0,8.0,3.0
2026-06-10,XLY,consumer_discretionary,SPY,-0.030497712687883483,0.38095238095238093,-0.0014643168559450317,-0.07922428243721269,0.4126984126984127,-0.001169628110007521,-0.10148296532606671,0.4365079365079365,-0.0007587515603911825,10.0,9.0,10.0
2026-06-10,XLP,consumer_staples,SPY,0.04418980041391829,0.42857142857142855,0.0021115738019006876,-0.05919863675051662,0.3968253968253968,-0.0009020364803581036,0.04656403498502981,0.4365079365079365,0.0003443927203615819,2.0,5.0,5.0
2026-06-10,XLV,health_care,SPY,0.08734327713207146,0.6666666666666666,0.0040901093238466645,-0.07141590890491045,0.4444444444444444,-0.00108409737822465,-0.049343507546059096,0.4603174603174603,-0.0003657531896697001,1.0,6.0,8.0
2026-06-10,XLU,utilities,SPY,-0.006493784193618346,0.5238095238095238,-0.00028099721650011656,-0.1158642836862458,0.4126984126984127,-0.0017894831537671374,-0.022252829253557094,0.49206349206349204,-0.00014933831535500288,7.0,10.0,7.0
2026-06-10,XLRE,real_estate,SPY,0.028184438371621434,0.47619047619047616,0.001365222065214965,-0.007561921323044896,0.42857142857142855,-0.00010683922015249202,0.05670647503159043,0.5,0.00041680102083184873,5.0,2.0,4.0
2026-06-10,XLC,communication_services,SPY,-0.020778748617371612,0.42857142857142855,-0.0010251486470960244,-0.12369574209889067,0.3492063492063492,-0.0019404152263728777,-0.10619575543150572,0.42063492063492064,-0.0008308147091211796,9.0,11.0,11.0
2026-06-11,XLK,technology,SPY,0.04628807917404554,0.6190476190476191,0.0023815611569871563,0.2201293729148066,0.6825396825396826,0.003008664894707452,0.1548943622609089,0.5952380952380952,0.0011636478319886178,2.0,1.0,2.0
2026-06-11,XLF,financials,SPY,0.020731765042664718,0.42857142857142855,0.000976864879263459,-0.02751743783319438,0.42857142857142855,-0.00040435976652760644,-0.09010375215054633,0.42857142857142855,-0.0006739807960621157,3.0,2.0,9.0
2026-06-11,XLI,industrials,SPY,0.005157289942507526,0.47619047619047616,0.00029013614709626543,-0.047721312970536056,0.4603174603174603,-0.0006519369996862547,0.06370301470255968,0.5238095238095238,0.0004903545193500927,6.0,4.0,4.0
2026-06-11,XLE,energy,SPY,-0.0072476433156352105,0.47619047619047616,-0.0002711291372524894,-0.11096499628215573,0.5238095238095238,-0.001593942080448251,0.18251857282983663,0.5714285714285714,0.0013091141322718709,7.0,9.0,1.0
2026-06-11,XLB,materials,SPY,-0.017075879608535294,0.47619047619047616,-0.000758858004267549,-0.07508964629586501,0.4126984126984127,-0.0010780887331763099,0.1055640854246096,0.5158730158730159,0.0007734383264899155,9.0,6.0,3.0
2026-06-11,XLY,consumer_discretionary,SPY,-0.016254108411912327,0.42857142857142855,-0.0007359494428515388,-0.065715774168432,0.42857142857142855,-0.0009230823680330821,-0.09656460388965782,0.4365079365079365,-0.0007033165480007565,8.0,5.0,10.0
2026-06-11,XLP,consumer_staples,SPY,0.010398280282184591,0.38095238095238093,0.0004963516514890751,-0.09286934977074024,0.38095238095238093,-0.0013899089536346472,0.022057822636176727,0.42857142857142855,0.0001638648603991024,4.0,8.0,6.0
2026-06-11,XLV,health_care,SPY,0.057065264341054855,0.6190476190476191,0.0026594304127276164,-0.0802824344558819,0.4444444444444444,-0.001186802652085674,-0.05010404955369596,0.4603174603174603,-0.00036606987164684526,1.0,7.0,8.0
2026-06-11,XLU,utilities,SPY,-0.02465790252330835,0.47619047619047616,-0.0011611449300708591,-0.1567382015528912,0.3968253968253968,-0.0023957220419718885,-0.040875570760309676,0.48412698412698413,-0.0002876362466668997,10.0,11.0,7.0
2026-06-11,XLRE,real_estate,SPY,0.008195506696802135,0.42857142857142855,0.0003989222561061865,-0.03753771680847495,0.4126984126984127,-0.0005413053860898072,0.04253114493469656,0.5,0.0003094607842823925,5.0,3.0,5.0
2026-06-11,XLC,communication_services,SPY,-0.0317114006145196,0.38095238095238093,-0.0015458738568571162,-0.1348961795799658,0.3333333333333333,-0.0020578173403105297,-0.11674692699300893,0.4126984126984127,-0.0009020750395159518,11.0,10.0,11.0
2026-06-12,XLK,technology,SPY,0.04570765110452146,0.6190476190476191,0.002355242221333918,0.2295203837805022,0.6984126984126984,0.003090491389121813,0.16101001712967022,0.6031746031746031,0.0012041693492460298,3.0,1.0,2.0
2026-06-12,XLF,financials,SPY,0.046841833305380054,0.47619047619047616,0.0021820148800603336,-0.02640745066279071,0.42857142857142855,-0.0003823620955232395,-0.08658276841929857,0.42857142857142855,-0.0006465368385864842,2.0,2.0,9.0
2026-06-12,XLI,industrials,SPY,0.01549926234028487,0.5238095238095238,0.0007784406741517495,-0.05000230909979231,0.4603174603174603,-0.0006776040785129819,0.05103249400684051,0.5238095238095238,0.0004017430976048839,5.0,4.0,5.0
2026-06-12,XLE,energy,SPY,-0.0006337782124421487,0.5238095238095238,4.660444936303391e-05,-0.11911923664054691,0.5238095238095238,-0.0017025794053053347,0.18010358735489507,0.5714285714285714,0.0012952145313086369,8.0,9.0,1.0
2026-06-12,XLB,materials,SPY,0.0030593890767073306,0.5238095238095238,0.00021559851163492692,-0.05753413190495715,0.42857142857142855,-0.0007997160896698251,0.10589458069299074,0.5158730158730159,0.0007764286394231582,7.0,5.0,3.0
2026-06-12,XLY,consumer_discretionary,SPY,-0.01710277695846696,0.42857142857142855,-0.0007773324401697165,-0.06914650625763286,0.42857142857142855,-0.0009638868235571337,-0.10703041916412737,0.42857142857142855,-0.0007895066344362502,10.0,6.0,10.0
2026-06-12,XLP,consumer_staples,SPY,0.013738247568919948,0.42857142857142855,0.0006544832822817925,-0.10459096957989189,0.38095238095238093,-0.0015555316264757898,0.027247410349800383,0.4365079365079365,0.0002013644242380787,6.0,8.0,6.0
2026-06-12,XLV,health_care,SPY,0.049149104864348314,0.5714285714285714,0.0023010019954260177,-0.09197748815006346,0.42857142857142855,-0.0013522219016217974,-0.06548623793431796,0.4523809523809524,-0.0004861529622746311,1.0,7.0,8.0
2026-06-12,XLU,utilities,SPY,-0.0023797911680144557,0.5238095238095238,-8.542076996760562e-05,-0.1681529865110738,0.3968253968253968,-0.002555471149334085,-0.02766901379641018,0.49206349206349204,-0.00018772847473460424,9.0,11.0,7.0
2026-06-12,XLRE,real_estate,SPY,0.026766591949717866,0.47619047619047616,0.0012694759932524024,-0.04221070837082053,0.4126984126984127,-0.0006029473045201834,0.05266158285368272,0.5079365079365079,0.0003812374521521533,4.0,3.0,4.0
2026-06-12,XLC,communication_services,SPY,-0.04301062280030432,0.3333333333333333,-0.002106510172936261,-0.14438807585365165,0.3333333333333333,-0.002187128427064983,-0.12509818081884505,0.4126984126984127,-0.000971999405828106,11.0,10.0,11.0
2026-06-15,XLK,technology,SPY,0.05956623321387333,0.6190476190476191,0.0029790810134197785,0.2523631994072828,0.6984126984126984,0.0033427766328240583,0.19821067633227196,0.6111111111111112,0.0014234366379662117,1.0,1.0,1.0
2026-06-15,XLF,financials,SPY,0.035356373288960574,0.47619047619047616,0.0016344564319769686,-0.03933223870171054,0.42857142857142855,-0.000568373701703276,-0.11693831502384433,0.42063492063492064,-0.0008796136815306983,2.0,2.0,10.0
2026-06-15,XLI,industrials,SPY,0.014993728638390103,0.5238095238095238,0.0007462574856297998,-0.05230658424126444,0.4603174603174603,-0.0007066643796007773,0.03838531466616235,0.5158730158730159,0.00030794958020290033,5.0,3.0,4.0
2026-06-15,XLE,energy,SPY,-0.05229762433903129,0.5238095238095238,-0.002435633083313394,-0.16564526420899128,0.5238095238095238,-0.0024275909757408565,0.12541657899168546,0.5714285714285714,0.0009357267298973868,11.0,10.0,2.0
2026-06-15,XLB,materials,SPY,0.007161763960465972,0.5238095238095238,0.0004005664027443977,-0.06384738628006326,0.42857142857142855,-0.0008885056490227216,0.0732609097063599,0.5079365079365079,0.0005457470312778836,6.0,4.0,3.0
2026-06-15,XLY,consumer_discretionary,SPY,-0.00974438038126757,0.42857142857142855,-0.00041652869235499413,-0.07243006438280197,0.4126984126984127,-0.0010059347855907576,-0.11096605581527019,0.42063492063492064,-0.0008080615134235772,8.0,6.0,9.0
2026-06-15,XLP,consumer_staples,SPY,-0.0030179251567616916,0.42857142857142855,-0.0001441002132118835,-0.11978094708650566,0.38095238095238093,-0.0017817391822349917,-0.0018811311299429256,0.42857142857142855,-1.0410825617906873e-05,7.0,8.0,6.0
2026-06-15,XLV,health_care,SPY,0.033790779052565334,0.5714285714285714,0.0015783489007746949,-0.11471490177219734,0.42857142857142855,-0.0016948126149484103,-0.09765412025261666,0.4444444444444444,-0.0007302272301513983,3.0,7.0,8.0
2026-06-15,XLU,utilities,SPY,-0.012465197753882329,0.5238095238095238,-0.0005698278786680314,-0.1780299779688994,0.3968253968253968,-0.0027003830949797994,-0.046902692759946074,0.48412698412698413,-0.0003293629933623092,9.0,11.0,7.0
2026-06-15,XLRE,real_estate,SPY,0.0156941213137467,0.47619047619047616,0.0007403917576629182,-0.06762547630172966,0.4126984126984127,-0.0009747695049384928,0.020729597803037736,0.5,0.0001519897098029321,4.0,5.0,5.0
2026-06-15,XLC,communication_services,SPY,-0.05091350268118511,0.3333333333333333,-0.00248273488079426,-0.15544858029900488,0.3333333333333333,-0.002350772618625422,-0.13487774840003608,0.4126984126984127,-0.0010374723617689653,10.0,9.0,11.0
2026-06-16,XLK,technology,SPY,0.04265754724918347,0.6190476190476191,0.0022213327983026587,0.21613406466253648,0.6825396825396826,0.002949455233052981,0.1942546141502708,0.6111111111111112,0.0013935884694895762,2.0,1.0,1.0
2026-06-16,XLF,financials,SPY,0.04850273422903473,0.47619047619047616,0.00222429008014484,-0.019343976302818033,0.42857142857142855,-0.0002815807567601695,-0.10920472060162367,0.42063492063492064,-0.000812142725940965,1.0,2.0,9.0
2026-06-16,XLI,industrials,SPY,0.034201921316459716,0.5714285714285714,0.0016177661528008428,-0.03841625404219462,0.4603174603174603,-0.0005084020832902366,0.04776228647655678,0.5158730158730159,0.00037171277279104037,4.0,3.0,4.0
2026-06-16,XLE,energy,SPY,-0.08373866885519154,0.5238095238095238,-0.004010885622602217,-0.16928658740680036,0.5238095238095238,-0.002512728089562828,0.12797633994515456,0.5714285714285714,0.0009482695144885777,11.0,11.0,2.0
2026-06-16,XLB,materials,SPY,0.03301334132463518,0.5714285714285714,0.0015737648537567834,-0.05227674575158492,0.4444444444444444,-0.0007241648197737971,0.07206579828243775,0.5079365079365079,0.0005357082104568158,5.0,4.0,3.0
2026-06-16,XLY,consumer_discretionary,SPY,0.0014642181972668311,0.47619047619047616,0.00010907596918660214,-0.07287766445185717,0.4126984126984127,-0.0010229188216271574,-0.12148247157629988,0.42063492063492064,-0.0008877828807355172,8.0,6.0,10.0
2026-06-16,XLP,consumer_staples,SPY,-0.0038740742995133637,0.42857142857142855,-0.0001812466642555368,-0.10543608144254413,0.3968253968253968,-0.0015726316088227636,-0.014395667942274093,0.42857142857142855,-0.00010066251483957313,9.0,8.0,6.0
2026-06-16,XLV,health_care,SPY,0.03893363043135456,0.5714285714285714,0.0018018562074012217,-0.0953770813735384,0.4444444444444444,-0.0014092358962904032,-0.10578856170637341,0.4444444444444444,-0.0007904555811297575,3.0,7.0,8.0
2026-06-16,XLU,utilities,SPY,0.012027635311051776,0.5714285714285714,0.0005742011975576519,-0.158868312274828,0.4126984126984127,-0.0024068074162016226,-0.039485900224058845,0.48412698412698413,-0.0002718932404681429,7.0,10.0,7.0
2026-06-16,XLRE,real_estate,SPY,0.028158951770261176,0.5238095238095238,0.0013053136769787413,-0.05882418582815707,0.4126984126984127,-0.0008517666700198101,0.019519715787723824,0.5,0.00014310096899999494,6.0,5.0,5.0
2026-06-16,XLC,communication_services,SPY,-0.0474895061605054,0.3333333333333333,-0.0022976817048386408,-0.1449615135639224,0.3492063492063492,-0.0022015018529844914,-0.13693291561127552,0.4126984126984127,-0.001048630323492242,10.0,9.0,11.0
2026-06-17,XLK,technology,SPY,0.06248403977118411,0.6666666666666666,0.003132339958073208,0.2251426777654073,0.6825396825396826,0.0030514280746444158,0.21462221716286312,0.6190476190476191,0.0015302387819455792,1.0,1.0,1.0
2026-06-17,XLF,financials,SPY,0.041518902175140315,0.47619047619047616,0.0019261977541712861,-0.013888429870114516,0.42857142857142855,-0.00020349827280575014,-0.10326492547736388,0.42063492063492064,-0.0007746086643335118,3.0,2.0,8.0
2026-06-17,XLI,industrials,SPY,0.04870280435712582,0.6190476190476191,0.002293314694104886,-0.03294501055463828,0.4603174603174603,-0.0004278918669959498,0.05648952752194214,0.5158730158730159,0.0004351416209022833,2.0,3.0,4.0
2026-06-17,XLE,energy,SPY,-0.10068435223384187,0.5238095238095238,-0.004956533594736447,-0.18153622014393678,0.5238095238095238,-0.0027121316600756443,0.13338890943976467,0.5793650793650794,0.0009922736579238269,11.0,11.0,2.0
2026-06-17,XLB,materials,SPY,0.03271491363496826,0.5714285714285714,0.0015783855996553224,-0.04550730338869502,0.4444444444444444,-0.0006248296239072887,0.06935440771907198,0.5,0.0005227232850028759,4.0,4.0,3.0
2026-06-17,XLY,consumer_discretionary,SPY,-0.010262871443641797,0.47619047619047616,-0.00043784439948503176,-0.07670399917481618,0.4126984126984127,-0.0010781084166102736,-0.1421475042313194,0.4126984126984127,-0.0010673730113609327,8.0,6.0,10.0
2026-06-17,XLP,consumer_staples,SPY,-0.028971370243589978,0.38095238095238093,-0.0013916227504783539,-0.10501463099815411,0.3968253968253968,-0.0015640646451320563,-0.029556646467928438,0.42063492063492064,-0.00021263673891741729,9.0,8.0,6.0
2026-06-17,XLV,health_care,SPY,0.031116442294358837,0.5238095238095238,0.0014652190070109307,-0.09482555262141013,0.4444444444444444,-0.0013987566572782955,-0.12110825372413736,0.4365079365079365,-0.0009241501908098848,5.0,7.0,9.0
2026-06-17,XLU,utilities,SPY,0.008706978155725187,0.5238095238095238,0.0004253002203606333,-0.16522408715838977,0.3968253968253968,-0.0025067158187887296,-0.05103324043315616,0.47619047619047616,-0.0003627205510530143,6.0,10.0,7.0
2026-06-17,XLRE,real_estate,SPY,0.0019012530312827458,0.47619047619047616,0.00010056450329913657,-0.0698590723939283,0.4126984126984127,-0.0010126449116507547,-0.0008285034473944908,0.49206349206349204,2.0540209269867856e-07,7.0,5.0,5.0
2026-06-17,XLC,communication_services,SPY,-0.06963449172131264,0.2857142857142857,-0.0034284788981557,-0.15947290974699246,0.3492063492063492,-0.002430418282865851,-0.15186831852693472,0.40476190476190477,-0.0011833304936244165,10.0,9.0,11.0
2026-06-18,XLK,technology,SPY,0.08470339026185725,0.6666666666666666,0.004071432999098666,0.24687511729260048,0.6825396825396826,0.0032750357502468737,0.23749429130673816,0.6190476190476191,0.0016524520264493763,1.0,1.0,1.0
2026-06-18,XLF,financials,SPY,0.027983353451674242,0.47619047619047616,0.0012800606438868442,-0.038672398831381516,0.4126984126984127,-0.0005550915990502394,-0.12018687337976397,0.42063492063492064,-0.0008987765998748567,4.0,3.0,8.0
2026-06-18,XLI,industrials,SPY,0.0517696147821225,0.6190476190476191,0.0023889262501699962,-0.031976796424475706,0.4603174603174603,-0.0004086341930692461,0.05738443386697467,0.5158730158730159,0.0004358444133700058,2.0,2.0,3.0
2026-06-18,XLE,energy,SPY,-0.14304858894870243,0.47619047619047616,-0.007110827209432304,-0.22603437282262673,0.5079365079365079,-0.0034302280653487455,0.13680714242303726,0.5793650793650794,0.0009997819901273613,11.0,11.0,2.0
2026-06-18,XLB,materials,SPY,0.0361313013041209,0.5714285714285714,0.0016927649411650242,-0.047701919928332615,0.4444444444444444,-0.0006507676088308605,0.05333499107282336,0.49206349206349204,0.0004075900767197778,3.0,4.0,4.0
2026-06-18,XLY,consumer_discretionary,SPY,-0.0018362430031539922,0.5238095238095238,-3.343784845619279e-05,-0.06763248542024303,0.42857142857142855,-0.0009278345112205029,-0.14437053723719062,0.4126984126984127,-0.0010698503100846882,5.0,5.0,10.0
2026-06-18,XLP,consumer_staples,SPY,-0.052761154928970266,0.3333333333333333,-0.0025254676826385945,-0.11583612822862621,0.3968253968253968,-0.0017116030161649387,-0.04399059768680336,0.42063492063492064,-0.0003170024823241084,9.0,8.0,6.0
2026-06-18,XLV,health_care,SPY,-0.006234423333940864,0.47619047619047616,-0.00028383342068848984,-0.11456253372319014,0.4444444444444444,-0.0016837033915894297,-0.13126642438741531,0.4365079365079365,-0.0009941270691358574,6.0,7.0,9.0
2026-06-18,XLU,utilities,SPY,-0.010880939203614881,0.47619047619047616,-0.0004991501890286854,-0.1693043501408691,0.3968253968253968,-0.0025392194228835933,-0.054008863401317164,0.47619047619047616,-0.0003803164093775702,7.0,10.0,7.0
2026-06-18,XLRE,real_estate,SPY,-0.02217384267437872,0.42857142857142855,-0.001037642097061602,-0.08447060888841063,0.3968253968253968,-0.0012187280976932366,-0.00828990640252858,0.49206349206349204,-5.401059098234799e-05,8.0,6.0,5.0
2026-06-18,XLC,communication_services,SPY,-0.0755970498717895,0.2857142857142857,-0.003671744060458961,-0.1673090971385497,0.3492063492063492,-0.002525605727001403,-0.16476981396096446,0.3968253968253968,-0.0012748095515043177,10.0,9.0,11.0
2026-06-22,XLK,technology,SPY,0.07920538045899583,0.6666666666666666,0.0038709254145085185,0.2730465488826075,0.6984126984126984,0.0035353460047562336,0.26606326768908795,0.626984126984127,0.0018055076120588223,1.0,1.0,1.0
2026-06-22,XLF,financials,SPY,0.03630704050959199,0.47619047619047616,0.0016788858912673327,-0.047088612327942814,0.4126984126984127,-0.0006675938776250183,-0.12294313013236258,0.42063492063492064,-0.0009125497345808544,3.0,4.0,8.0
2026-06-22,XLI,industrials,SPY,0.06063587136845405,0.6190476190476191,0.002817245571943125,-0.020250099652155962,0.47619047619047616,-0.00023766558806202038,0.07656060542349041,0.5238095238095238,0.0005608213882445835,2.0,2.0,3.0
2026-06-22,XLE,energy,SPY,-0.09629028777325033,0.5238095238095238,-0.004713175503564326,-0.2266435340041827,0.5079365079365079,-0.003393760779633066,0.1164204816409149,0.5793650793650794,0.0008620544244409366,11.0,11.0,2.0
2026-06-22,XLB,materials,SPY,0.03527267473685147,0.5714285714285714,0.0016731374164715548,-0.04291886889969665,0.4603174603174603,-0.0005747548239590272,0.03970437224594381,0.49206349206349204,0.0003121882818088662,4.0,3.0,4.0
2026-06-22,XLY,consumer_discretionary,SPY,-0.03031791108326587,0.47619047619047616,-0.001409406580260828,-0.07959646849034319,0.42857142857142855,-0.0010915722982206503,-0.1584804407381103,0.4126984126984127,-0.0011752961788660554,8.0,6.0,10.0
2026-06-22,XLP,consumer_staples,SPY,-0.039210768042659105,0.3333333333333333,-0.0018865653608844376,-0.1270043859236436,0.38095238095238093,-0.0018622886717574155,-0.06474604127999983,0.4126984126984127,-0.00046877802762651256,9.0,8.0,7.0
2026-06-22,XLV,health_care,SPY,0.017589106274173538,0.5238095238095238,0.000836792622402327,-0.10933339914737439,0.4444444444444444,-0.0015822853373848897,-0.12962971202802642,0.4365079365079365,-0.0009718392416314828,5.0,7.0,9.0
2026-06-22,XLU,utilities,SPY,0.004310442171468365,0.5238095238095238,0.00021742691436264585,-0.1356869267436367,0.4126984126984127,-0.0019851312011785445,-0.05008425602576927,0.47619047619047616,-0.0003474968536741737,6.0,9.0,6.0
2026-06-22,XLRE,real_estate,SPY,-0.007369246995305501,0.42857142857142855,-0.00033825266177658247,-0.04933711989121203,0.4126984126984127,-0.0006952192416395056,-0.008328927133507857,0.49206349206349204,-5.2842637959340594e-05,7.0,5.0,5.0
2026-06-22,XLC,communication_services,SPY,-0.08401531134495333,0.2857142857142857,-0.004142495544265627,-0.19302206339866146,0.3333333333333333,-0.0029108360004613896,-0.18682327381092623,0.3888888888888889,-0.0014476613475278676,10.0,10.0,11.0
2026-06-23,XLK,technology,SPY,0.042290202033167024,0.6190476190476191,0.0022917355607110237,0.2243433822922476,0.6825396825396826,0.003060227257647273,0.21307070003727824,0.6190476190476191,0.0015295007711387738,3.0,1.0,1.0
2026-06-23,XLF,financials,SPY,0.05497207064311227,0.5238095238095238,0.0025599330775235678,-0.024806933527113273,0.42857142857142855,-0.00036057064672472943,-0.0934699423611497,0.42857142857142855,-0.0006976868563964483,2.0,3.0,9.0
2026-06-23,XLI,industrials,SPY,0.05701599684864789,0.6190476190476191,0.0027029323109701324,-0.026905968576514505,0.4603174603174603,-0.00033964834868502986,0.06949577437250798,0.5238095238095238,0.0005249714754555155,1.0,4.0,3.0
2026-06-23,XLE,energy,SPY,-0.06257485053849221,0.5714285714285714,-0.0030413592568376783,-0.20231858880063713,0.5079365079365079,-0.0030690495188296124,0.16835915054951034,0.5873015873015873,0.0012111638939214758,10.0,11.0,2.0
2026-06-23,XLB,materials,SPY,0.03055732298793945,0.5238095238095238,0.0014799002119457885,-0.04838235294651949,0.4444444444444444,-0.0006722336621990329,0.04788110551286562,0.49206349206349204,0.0003755738961186531,5.0,5.0,4.0
2026-06-23,XLY,consumer_discretionary,SPY,-0.029946208575533317,0.47619047619047616,-0.0014191733057825776,-0.08709039305031374,0.42857142857142855,-0.001240584760583489,-0.15796550894858752,0.4126984126984127,-0.0012014395005289515,9.0,8.0,10.0
2026-06-23,XLP,consumer_staples,SPY,0.005519812323175,0.38095238095238093,0.00027059785435242417,-0.08375953840526651,0.3968253968253968,-0.0012354096469186213,-0.014287597534237584,0.42063492063492064,-9.903218174083292e-05,8.0,7.0,6.0
2026-06-23,XLV,health_care,SPY,0.04149391199372632,0.5238095238095238,0.0019653722836975042,-0.06638322767702243,0.4603174603174603,-0.0009647021479930074,-0.09195845849731143,0.4444444444444444,-0.0006907230505312677,4.0,6.0,8.0
2026-06-23,XLU,utilities,SPY,0.01771245981809022,0.5238095238095238,0.0008518403322134319,-0.10930082013821796,0.42857142857142855,-0.0016212405410472616,-0.027704059253102375,0.47619047619047616,-0.0001881528464537956,7.0,9.0,7.0
2026-06-23,XLRE,real_estate,SPY,0.021697969968075714,0.47619047619047616,0.001043365642342166,-0.013607616300987502,0.42857142857142855,-0.0001929803123802808,0.03873874484808493,0.5,0.0002828386287532483,6.0,2.0,5.0
2026-06-23,XLC,communication_services,SPY,-0.06388994928179637,0.3333333333333333,-0.0031738383837306003,-0.16799326809652482,0.3492063492063492,-0.0025715177937737244,-0.1640566005205032,0.3968253968253968,-0.0012872564773098207,11.0,10.0,11.0
2026-06-24,XLK,technology,SPY,0.030052487164766828,0.5714285714285714,0.0017290438762851625,0.22061471551611955,0.6825396825396826,0.0030087838363911344,0.1878312809459015,0.6111111111111112,0.001384407054160803,5.0,1.0,1.0
2026-06-24,XLF,financials,SPY,0.051990012054546786,0.47619047619047616,0.002434503198012073,-0.03154552347938333,0.4126984126984127,-0.0004568531436233359,-0.0915699113983145,0.42857142857142855,-0.0006892991853089528,2.0,4.0,9.0
2026-06-24,XLI,industrials,SPY,0.065813319737689,0.6190476190476191,0.0031165945695457798,-0.023916590111492164,0.4603174603174603,-0.00029451225146793895,0.08322788303262785,0.5317460317460317,0.0006240467704956503,1.0,3.0,3.0
2026-06-24,XLE,energy,SPY,-0.07892179983695802,0.5238095238095238,-0.003900190887106702,-0.23860529947513143,0.49206349206349204,-0.0036964677715768937,0.15806228509722042,0.5873015873015873,0.0011570739960340627,11.0,11.0,2.0
2026-06-24,XLB,materials,SPY,0.03520008330177993,0.5238095238095238,0.0017036176422086367,-0.0655793765214896,0.4444444444444444,-0.0009281057371724545,0.059650958401346266,0.5,0.00046128860202512964,4.0,6.0,4.0
2026-06-24,XLY,consumer_discretionary,SPY,-0.018465061153795537,0.47619047619047616,-0.0008540937069026451,-0.07422797672748804,0.4444444444444444,-0.0010403012165901859,-0.13306519423233365,0.42063492063492064,-0.0010026491886809606,9.0,7.0,10.0
2026-06-24,XLP,consumer_staples,SPY,0.01676045120455505,0.42857142857142855,0.0008106678281706937,-0.07718267948014224,0.3968253968253968,-0.0011311380390694467,0.010980639623390243,0.42857142857142855,8.59237864304896e-05,8.0,8.0,6.0
2026-06-24,XLV,health_care,SPY,0.041692385444284,0.5238095238095238,0.001981494097088799,-0.06167036664115111,0.4603174603174603,-0.0008907814009443793,-0.08064428518446198,0.4523809523809524,-0.0006072069076136935,3.0,5.0,8.0
2026-06-24,XLU,utilities,SPY,0.02469861410684626,0.5238095238095238,0.0011873472287907006,-0.1090322874620342,0.42857142857142855,-0.0016115227513433775,0.007625432442697422,0.48412698412698413,7.131205763504022e-05,6.0,9.0,7.0
2026-06-24,XLRE,real_estate,SPY,0.02172751547965157,0.47619047619047616,0.0010497724062315818,-0.011040353766029964,0.42857142857142855,-0.0001561792060893516,0.04996337216164237,0.5,0.0003647445057131369,7.0,2.0,5.0
2026-06-24,XLC,communication_services,SPY,-0.06075901012055551,0.3333333333333333,-0.0030261093344309316,-0.16427046651866195,0.3492063492063492,-0.002502950578208578,-0.16045381415071913,0.3968253968253968,-0.0012690622744384505,10.0,10.0,11.0
2026-06-25,XLK,technology,SPY,0.01729265153103121,0.5714285714285714,0.0011178472621116047,0.2303573649339865,0.6984126984126984,0.0031349805407695215,0.19665740623932315,0.6190476190476191,0.0014454596136028739,8.0,1.0,1.0
2026-06-25,XLF,financials,SPY,0.053652052004450224,0.47619047619047616,0.0025249667470169075,-0.033748117766775554,0.4126984126984127,-0.0004904494848893222,-0.1033697749073168,0.42063492063492064,-0.0007886660614546937,3.0,4.0,9.0
2026-06-25,XLI,industrials,SPY,0.07812120109040277,0.6190476190476191,0.0036956834042811905,-0.002895898090949256,0.4603174603174603,8.9250434206595e-06,0.1006172409355377,0.5317460317460317,0.0007462288538353397,1.0,2.0,3.0
2026-06-25,XLE,energy,SPY,-0.039069914721974186,0.5714285714285714,-0.0018779209381497998,-0.2213858795828595,0.5079365079365079,-0.0034064383894497037,0.1624188380428262,0.5873015873015873,0.0011899201820037696,10.0,11.0,2.0
2026-06-25,XLB,materials,SPY,0.03965398672119236,0.5238095238095238,0.001921013794784054,-0.06773916714991213,0.4444444444444444,-0.0009661305995932751,0.06647569286186306,0.5,0.0005110298766363531,4.0,6.0,4.0
2026-06-25,XLY,consumer_discretionary,SPY,-0.029993812127471764,0.47619047619047616,-0.0014264701222814916,-0.09514154797231233,0.42857142857142855,-0.0013640117211965884,-0.1477075109523205,0.42063492063492064,-0.001131016011565947,9.0,8.0,10.0
2026-06-25,XLP,consumer_staples,SPY,0.029853889329294225,0.42857142857142855,0.0014329985843474276,-0.08388470284646332,0.3968253968253968,-0.0012378988432860689,0.013464464143252197,0.42857142857142855,0.00010462318016576183,6.0,7.0,7.0
2026-06-25,XLV,health_care,SPY,0.07174729598062346,0.5714285714285714,0.0033751912674186237,-0.05193953583865141,0.4603174603174603,-0.0007482357219917011,-0.06725260602640426,0.4523809523809524,-0.00050355297680342,2.0,5.0,8.0
2026-06-25,XLU,utilities,SPY,0.037112752552924344,0.5714285714285714,0.001779777351096769,-0.10111268005906382,0.4444444444444444,-0.0014942888517911004,0.016140183463969393,0.49206349206349204,0.000133859056478306,5.0,9.0,6.0
2026-06-25,XLRE,real_estate,SPY,0.025238029641640236,0.5238095238095238,0.0012223510071321677,-0.0038636651483576756,0.4444444444444444,-5.426003833123499e-05,0.048789880892990745,0.5,0.0003580951697608016,7.0,3.0,5.0
2026-06-25,XLC,communication_services,SPY,-0.06472325735098372,0.3333333333333333,-0.0032450228914325066,-0.17096208727040352,0.3492063492063492,-0.002624746958321774,-0.16766186203960332,0.3968253968253968,-0.0013378658817067269,11.0,10.0,11.0
2026-06-26,XLK,technology,SPY,0.009276170306967813,0.5714285714285714,0.000743886641521215,0.23552715434657157,0.6984126984126984,0.0031631679611009416,0.1786575779826789,0.6111111111111112,0.001347152944743558,8.0,1.0,1.0
2026-06-26,XLF,financials,SPY,0.07156858723290827,0.5238095238095238,0.003362886831724767,-0.03699395508755221,0.4126984126984127,-0.0005302059272393599,-0.09045647620601682,0.42857142857142855,-0.0006929642380080865,2.0,5.0,9.0
2026-06-26,XLI,industrials,SPY,0.06825120689044517,0.5714285714285714,0.0032765842961897107,-0.006624781609760433,0.4603174603174603,-4.3273286371297685e-05,0.09503322816316628,0.5317460317460317,0.0007170586677400516,3.0,3.0,3.0
2026-06-26,XLE,energy,SPY,-0.022353138681154405,0.6190476190476191,-0.0010540099740873545,-0.2514966379108795,0.5079365079365079,-0.003897448490181244,0.1613038902126751,0.5873015873015873,0.001194843120031617,9.0,11.0,2.0
2026-06-26,XLB,materials,SPY,0.03808270267803582,0.5238095238095238,0.0018592190495958399,-0.077909813399208,0.4444444444444444,-0.0011055046471515975,0.07184922659831305,0.5079365079365079,0.0005540489879561649,6.0,6.0,5.0
2026-06-26,XLY,consumer_discretionary,SPY,-0.031088747687655904,0.47619047619047616,-0.0014990293724520965,-0.07997145164737107,0.42857142857142855,-0.001117499912516675,-0.12536700639352927,0.42857142857142855,-0.0009549050877597577,10.0,7.0,10.0
2026-06-26,XLP,consumer_staples,SPY,0.034592874913230376,0.42857142857142855,0.001664983901908776,-0.08172871301354245,0.3968253968253968,-0.001188927518433224,0.0413971994044009,0.4365079365079365,0.000308795140543287,7.0,8.0,6.0
2026-06-26,XLV,health_care,SPY,0.10848542756690238,0.5714285714285714,0.005062658929030499,-0.02794028392295278,0.4603174603174603,-0.0003822722273023534,-0.02191885018195716,0.4603174603174603,-0.00015385433075919516,1.0,4.0,8.0
2026-06-26,XLU,utilities,SPY,0.056124561636263226,0.6190476190476191,0.0026789826016075566,-0.10727005894203812,0.4444444444444444,-0.0015698717138916526,0.03327584594070143,0.5,0.0002600787085151685,4.0,9.0,7.0
2026-06-26,XLRE,real_estate,SPY,0.048657159336337075,0.5714285714285714,0.0023378131099052605,-0.00027194746414571647,0.4444444444444444,5.530766802742618e-07,0.07816251120683337,0.5079365079365079,0.000569426603669734,5.0,2.0,4.0
2026-06-26,XLC,communication_services,SPY,-0.058219670061871454,0.3333333333333333,-0.0029309056554481052,-0.154602583894913,0.36507936507936506,-0.0023286251470284896,-0.15551795926078993,0.3968253968253968,-0.0012487611004945187,11.0,10.0,11.0
2026-06-29,XLK,technology,SPY,0.008969443784226927,0.5714285714285714,0.0007278217179833198,0.25719621049609853,0.7142857142857143,0.0033169358534539516,0.19139029794944262,0.6190476190476191,0.001413717242777696,7.0,1.0,1.0
2026-06-29,XLF,financials,SPY,0.06694957275819657,0.5238095238095238,0.00311331288407558,-0.04406412304330232,0.4126984126984127,-0.0006166566147617311,-0.10674365448980772,0.42063492063492064,-0.0008165302996949282,3.0,4.0,9.0
2026-06-29,XLI,industrials,SPY,0.06963361479139718,0.5714285714285714,0.0033013285199104112,-0.020800101865470655,0.4444444444444444,-0.00023504854458659852,0.08747851908820103,0.5317460317460317,0.0006567685608948524,2.0,2.0,3.0
2026-06-29,XLE,energy,SPY,-0.03689673653766801,0.6190476190476191,-0.001772366017012689,-0.3089800497104922,0.49206349206349204,-0.004774606251441489,0.14520239107221022,0.5873015873015873,0.0010768667267768766,10.0,11.0,2.0
2026-06-29,XLB,materials,SPY,0.005551831487590642,0.5238095238095238,0.00030244285878054466,-0.13196154745664646,0.42857142857142855,-0.0018686326059753058,0.03518783739947429,0.5079365079365079,0.0002910217748944967,8.0,7.0,5.0
2026-06-29,XLY,consumer_discretionary,SPY,-0.023066846958046505,0.5238095238095238,-0.0010756613913829051,-0.06115469435963883,0.4444444444444444,-0.0008085752351512839,-0.11981931782720556,0.4365079365079365,-0.0008941925118869878,9.0,6.0,10.0
2026-06-29,XLP,consumer_staples,SPY,0.021715990226553794,0.42857142857142855,0.001036484155491777,-0.13278567522263707,0.38095238095238093,-0.0019100069684455903,0.014594203706353115,0.42857142857142855,0.00011164643911243829,6.0,8.0,6.0
2026-06-29,XLV,health_care,SPY,0.08554133128902808,0.5238095238095238,0.003990740211440683,-0.04465001464792229,0.4444444444444444,-0.0006047365618985012,-0.038508402647026596,0.4523809523809524,-0.0002783670784127717,1.0,5.0,8.0
2026-06-29,XLU,utilities,SPY,0.05322229111415244,0.6190476190476191,0.002509638585711537,-0.15573678289779735,0.42857142857142855,-0.0022549272575008313,0.010384528767418688,0.49206349206349204,9.094048858373046e-05,4.0,9.0,7.0
2026-06-29,XLRE,real_estate,SPY,0.03584028225053082,0.5714285714285714,0.0017138939517662539,-0.039056852802058284,0.42857142857142855,-0.0005335815621156062,0.049020512866475796,0.5,0.0003590971903313349,5.0,3.0,4.0
2026-06-29,XLC,communication_services,SPY,-0.057442208265774286,0.3333333333333333,-0.002858251928621066,-0.16114502481490245,0.3492063492063492,-0.0023484566147806097,-0.16018592788389097,0.3888888888888889,-0.0012718538222017044,11.0,10.0,11.0
2026-06-30,XLK,technology,SPY,0.008864278129699255,0.5714285714285714,0.0007253337550735645,0.3113578286208658,0.7301587301587301,0.0038733998258192143,0.2158422380572187,0.6190476190476191,0.0015573703194523038,7.0,1.0,1.0
2026-06-30,XLF,financials,SPY,0.053289740002646524,0.47619047619047616,0.002475718341787355,-0.07225442645950131,0.3968253968253968,-0.001008430173423697,-0.11532800736127768,0.42063492063492064,-0.0008797209419760784,3.0,3.0,9.0
2026-06-30,XLI,industrials,SPY,0.08281447126060593,0.6190476190476191,0.003876308416676363,0.0009584211350097682,0.4603174603174603,6.10416927956469e-05,0.09691219396057638,0.5396825396825397,0.000716038347439103,1.0,2.0,3.0
2026-06-30,XLE,energy,SPY,-0.03939627888774189,0.6190476190476191,-0.00189037797567339,-0.3213508456644383,0.49206349206349204,-0.004938277725753793,0.13061831996370832,0.5873015873015873,0.0009750511603888478,10.0,11.0,2.0
2026-06-30,XLB,materials,SPY,0.007752202534613062,0.5238095238095238,0.00040478191733335435,-0.14538168880767466,0.4126984126984127,-0.002050452692799035,0.023868165811682385,0.5,0.00020830337944669326,8.0,7.0,4.0
2026-06-30,XLY,consumer_discretionary,SPY,-0.017475339619008934,0.5238095238095238,-0.0007985232555435368,-0.07251128487487524,0.42857142857142855,-0.000960557317597491,-0.12277176995843353,0.4365079365079365,-0.000910996411500487,9.0,4.0,10.0
2026-06-30,XLP,consumer_staples,SPY,0.01917427160817986,0.42857142857142855,0.0009078780948082164,-0.16312554028568838,0.36507936507936506,-0.002350663347919633,-0.012283141164427969,0.42063492063492064,-8.442193264002724e-05,6.0,8.0,6.0
2026-06-30,XLV,health_care,SPY,0.07645794050509458,0.5238095238095238,0.003567393317676267,-0.07664861395474354,0.42857142857142855,-0.0010488546080599695,-0.062130778498285855,0.4444444444444444,-0.0004564072865249448,2.0,5.0,8.0
2026-06-30,XLU,utilities,SPY,0.03752177728874939,0.6190476190476191,0.0017779175685755774,-0.19102421115288015,0.4126984126984127,-0.0027810345406750025,-0.013472498633718466,0.49206349206349204,-8.337344247997893e-05,4.0,10.0,7.0
2026-06-30,XLRE,real_estate,SPY,0.01997262535452682,0.5714285714285714,0.0009686053387586065,-0.0801019108578871,0.4126984126984127,-0.0011040893635802175,0.015975035457535647,0.49206349206349204,0.0001235457488886425,5.0,6.0,5.0
2026-06-30,XLC,communication_services,SPY,-0.06128930530834065,0.3333333333333333,-0.003041484678391239,-0.18980501963155005,0.3333333333333333,-0.0027719050844113133,-0.17415820680113714,0.3888888888888889,-0.0013815702181186646,11.0,9.0,11.0
2026-07-01,XLK,technology,SPY,-0.036352235934301924,0.5238095238095238,-0.0014869335961317654,0.2486771783951156,0.7142857142857143,0.0032757545535409224,0.18565260568578057,0.6190476190476191,0.0013714485238736191,10.0,1.0,1.0
2026-07-01,XLF,financials,SPY,0.0831834410877832,0.5238095238095238,0.0038475254262742274,-0.03620996869366655,0.4126984126984127,-0.00051065857577173,-0.09113626220769888,0.42857142857142855,-0.0006812543970808212,2.0,3.0,9.0
2026-07-01,XLI,industrials,SPY,0.08050509419798568,0.6190476190476191,0.0037904314552726385,-0.013146689764676367,0.4444444444444444,-0.0001352734950866235,0.08508268716574063,0.5317460317460317,0.0006355320061973313,3.0,2.0,3.0
2026-07-01,XLE,energy,SPY,-0.05739755204567509,0.5714285714285714,-0.0028197003560020547,-0.28139710504260096,0.49206349206349204,-0.004365748392382975,0.10992262337301195,0.5793650793650794,0.0008372575046821704,11.0,11.0,2.0
2026-07-01,XLB,materials,SPY,0.020025636812027514,0.5714285714285714,0.0009909798016621153,-0.12484724355439081,0.42857142857142855,-0.0017928021181134255,0.034633189863136904,0.5079365079365079,0.00028410538339550766,7.0,7.0,4.0
2026-07-01,XLY,consumer_discretionary,SPY,0.01546012766529059,0.5714285714285714,0.0007802751127343902,-0.0639249967152753,0.42857142857142855,-0.0008668219003143627,-0.10887585352575413,0.4444444444444444,-0.0007956989285379809,8.0,6.0,10.0
2026-07-01,XLP,consumer_staples,SPY,0.03684344002462869,0.47619047619047616,0.00173922889312569,-0.12652572118435645,0.38095238095238093,-0.0018432386586996372,-0.012407996374731223,0.42063492063492064,-8.506875225702153e-05,6.0,8.0,6.0
2026-07-01,XLV,health_care,SPY,0.09821419440595225,0.5714285714285714,0.004544880963953531,-0.056685123142811156,0.4444444444444444,-0.0007858773024645288,-0.05726839146349527,0.4444444444444444,-0.00041772985154752107,1.0,4.0,8.0
2026-07-01,XLU,utilities,SPY,0.05969532931192667,0.6190476190476191,0.002788405402913395,-0.167853978391875,0.4126984126984127,-0.002487352456405223,-0.031368220148645376,0.48412698412698413,-0.00021553912383924753,4.0,10.0,7.0
2026-07-01,XLRE,real_estate,SPY,0.04429312473328606,0.6190476190476191,0.002104308504433174,-0.058148191615811085,0.42857142857142855,-0.0008118977978202064,0.014323340850520339,0.49206349206349204,0.00011148937898907634,5.0,5.0,5.0
2026-07-01,XLC,communication_services,SPY,-0.033989476104079985,0.38095238095238093,-0.0016543379867062118,-0.15720507960065777,0.3492063492063492,-0.002328706104917818,-0.15368393822330817,0.3888888888888889,-0.0012003800125190388,9.0,9.0,11.0
2026-07-02,XLK,technology,SPY,-0.07086384487481445,0.47619047619047616,-0.0032460651602608617,0.2006116127496389,0.6984126984126984,0.0027460081954238436,0.15511319207969776,0.6190476190476191,0.001182147277128109,11.0,1.0,1.0
2026-07-02,XLF,financials,SPY,0.10157111312377254,0.5714285714285714,0.004677183683771405,-0.010639751160587574,0.42857142857142855,-0.00014931310972722919,-0.07314585763487802,0.4365079365079365,-0.0005387320929581767,2.0,2.0,9.0
2026-07-02,XLI,industrials,SPY,0.07534418456076375,0.6190476190476191,0.0035660846606822374,-0.01835878724207851,0.4444444444444444,-0.0002121982956474495,0.09209912658220909,0.5396825396825397,0.0006828415875357178,3.0,3.0,3.0
2026-07-02,XLE,energy,SPY,-0.058213052368944584,0.5714285714285714,-0.002871253777553532,-0.23057919242188374,0.5079365079365079,-0.0035087029548178978,0.11019519658956156,0.5793650793650794,0.0008391358115335869,10.0,11.0,2.0
2026-07-02,XLB,materials,SPY,0.030230966621250244,0.5714285714285714,0.0014811175964991226,-0.10500920730889551,0.42857142857142855,-0.0014999946230491812,0.056806966085265254,0.5079365079365079,0.00044057966889639685,7.0,8.0,4.0
2026-07-02,XLY,consumer_discretionary,SPY,0.01493326020062058,0.5714285714285714,0.0007581119542089663,-0.07078838132066934,0.42857142857142855,-0.0009761830819962686,-0.11287173349289581,0.4444444444444444,-0.0008279724607710355,8.0,6.0,10.0
2026-07-02,XLP,consumer_staples,SPY,0.06276861024554503,0.5238095238095238,0.002948667753230523,-0.08900713102882452,0.3968253968253968,-0.0012800682261825526,0.011383493833537983,0.42857142857142855,8.98652144052848e-05,5.0,7.0,6.0
2026-07-02,XLV,health_care,SPY,0.1403207622664967,0.6190476190476191,0.006389546941593882,-0.026318901997992805,0.4444444444444444,-0.0003488136150160961,-0.029095804121748614,0.4444444444444444,-0.00020143616142874002,1.0,4.0,8.0
2026-07-02,XLU,utilities,SPY,0.06597047513863441,0.6190476190476191,0.0030847605961103978,-0.14083410842141353,0.42857142857142855,-0.002071996241006132,-0.010377041976250112,0.48412698412698413,-5.78195110812888e-05,4.0,9.0,7.0
2026-07-02,XLRE,real_estate,SPY,0.05331064451013867,0.6190476190476191,0.0025283545509819294,-0.03893288789914151,0.4444444444444444,-0.000538455171089849,0.024453900818618424,0.49206349206349204,0.00018446682682237111,6.0,5.0,5.0
2026-07-02,XLC,communication_services,SPY,-0.01550039910848422,0.42857142857142855,-0.0007475856311113514,-0.15176028690898336,0.36507936507936506,-0.0022629110990263638,-0.15793888388792066,0.3888888888888889,-0.0012366955556616164,9.0,10.0,11.0
2026-07-06,XLK,technology,SPY,-0.062042312998873195,0.5238095238095238,-0.0027343299783471635,0.20299623517312626,0.6984126984126984,0.002756630341738809,0.1705973087031758,0.626984126984127,0.0012636415143656616,10.0,1.0,1.0
2026-07-06,XLF,financials,SPY,0.10882158605287384,0.6190476190476191,0.004918601931231874,-0.011067016303267785,0.42857142857142855,-0.00015404529734471976,-0.0736759522766226,0.4444444444444444,-0.0005336286575924799,1.0,2.0,9.0
2026-07-06,XLI,industrials,SPY,0.07011172280158018,0.6190476190476191,0.0032818426092253877,-0.012651944320453135,0.4603174603174603,-0.00013031712027189446,0.09498017833418015,0.5476190476190477,0.0006919399642445241,3.0,3.0,3.0
2026-07-06,XLE,energy,SPY,-0.08715875436992193,0.5238095238095238,-0.0043177123133568435,-0.24531626864308942,0.49206349206349204,-0.0037351511822441485,0.09714720976538982,0.5714285714285714,0.0007417794910679409,11.0,11.0,2.0
2026-07-06,XLB,materials,SPY,0.011901697300793712,0.5238095238095238,0.000602235869420854,-0.11349181594663182,0.42857142857142855,-0.0016176594277181684,0.048030702004140835,0.5079365079365079,0.0003738850985551946,8.0,7.0,4.0
2026-07-06,XLY,consumer_discretionary,SPY,0.0143382650741255,0.5714285714285714,0.000718490301488279,-0.05514794835362147,0.42857142857142855,-0.0007412714720263071,-0.1153334568771579,0.4444444444444444,-0.00083308646784536,7.0,5.0,10.0
2026-07-06,XLP,consumer_staples,SPY,0.03207313131004064,0.47619047619047616,0.0015082304718814857,-0.11437873219694206,0.38095238095238093,-0.0016543137212634879,-0.011272681499439274,0.42063492063492064,-7.357986055027917e-05,5.0,8.0,6.0
2026-07-06,XLV,health_care,SPY,0.1038610776479576,0.5714285714285714,0.004748083948191161,-0.040431970845757226,0.4444444444444444,-0.0005467548288181704,-0.05238007900008901,0.4365079365079365,-0.000370917523225445,2.0,4.0,8.0
2026-07-06,XLU,utilities,SPY,0.044352214335848794,0.5714285714285714,0.0020624299829034125,-0.16469264833759567,0.4126984126984127,-0.00243497221021206,-0.032187115705949454,0.47619047619047616,-0.0002157863175995754,4.0,10.0,7.0
2026-07-06,XLRE,real_estate,SPY,0.028205228385700165,0.5714285714285714,0.0013410653639385945,-0.07475715774114611,0.42857142857142855,-0.0010570722988222263,0.007138822344072704,0.49206349206349204,5.92405165388823e-05,6.0,6.0,5.0
2026-07-06,XLC,communication_services,SPY,-0.012768094493640914,0.42857142857142855,-0.0006075474867751882,-0.159264470801188,0.3492063492063492,-0.0023644424676606264,-0.16593226179698195,0.38095238095238093,-0.0012823468228491614,9.0,9.0,11.0
2026-07-07,XLK,technology,SPY,-0.06147203645598054,0.5238095238095238,-0.002724337375451117,0.17389189762901447,0.6825396825396826,0.0024352798681960787,0.14445720052192135,0.6190476190476191,0.0011079122956598336,11.0,1.0,1.0
2026-07-07,XLF,financials,SPY,0.0875678317009031,0.6190476190476191,0.004012838327535126,-0.010023829299215414,0.42857142857142855,-0.00014120220957477013,-0.07106025170450936,0.4444444444444444,-0.0005172759673347401,2.0,3.0,9.0
2026-07-07,XLI,industrials,SPY,0.04770121277019579,0.5714285714285714,0.002294715016241339,-0.026978914570181978,0.4444444444444444,-0.0003332958826894777,0.060254352424101265,0.5396825396825397,0.0004618628500265869,5.0,4.0,3.0
2026-07-07,XLE,energy,SPY,-0.05340497177994952,0.5714285714285714,-0.0025905660315743546,-0.2155046494318329,0.49206349206349204,-0.0032487675092160028,0.11315419146395622,0.5714285714285714,0.0008527423990163876,10.0,11.0,2.0
2026-07-07,XLB,materials,SPY,0.011445424637947954,0.5238095238095238,0.0005871123828779655,-0.10813490143779925,0.42857142857142855,-0.0015509004875078319,0.025742819410284667,0.5,0.00021963056155288154,8.0,8.0,5.0
2026-07-07,XLY,consumer_discretionary,SPY,0.012948701816347996,0.5238095238095238,0.0006583178536863976,-0.058934266802816104,0.4126984126984127,-0.0008048329849937263,-0.10442629918764201,0.4444444444444444,-0.0007520696598707302,7.0,6.0,10.0
2026-07-07,XLP,consumer_staples,SPY,0.051395837492113405,0.5238095238095238,0.002414330757942274,-0.10391871303833167,0.38095238095238093,-0.001509668030823255,0.005771939607317922,0.42857142857142855,4.9381139155494026e-05,4.0,7.0,6.0
2026-07-07,XLV,health_care,SPY,0.0958869618628796,0.5714285714285714,0.0044214924941998164,-0.008553634363233087,0.4603174603174603,-9.594063692853003e-05,-0.033834054434328076,0.4365079365079365,-0.00023353035371125988,1.0,2.0,8.0
2026-07-07,XLU,utilities,SPY,0.05654113181015885,0.5714285714285714,0.0026385561168923537,-0.14151619632714585,0.42857142857142855,-0.0020861252144449066,-0.027722642379560236,0.47619047619047616,-0.00018454191083942784,3.0,9.0,7.0
2026-07-07,XLRE,real_estate,SPY,0.029740724924924966,0.5714285714285714,0.0014183236041281858,-0.053285132904935084,0.4444444444444444,-0.0007488028026443592,0.028680172765891188,0.5,0.00021311622560893714,6.0,5.0,4.0
2026-07-07,XLC,communication_services,SPY,-0.006078938749221829,0.42857142857142855,-0.0002889620449532803,-0.14169400457918524,0.36507936507936506,-0.0021058524839094924,-0.14507808730104976,0.3888888888888889,-0.0011164726407219903,9.0,10.0,11.0
2026-07-08,XLK,technology,SPY,-0.005946442671751928,0.5714285714285714,-4.361788163300578e-05,0.18787525225782908,0.6825396825396826,0.002612535913175488,0.16774736058702344,0.626984126984127,0.0012660216928857054,6.0,1.0,1.0
2026-07-08,XLF,financials,SPY,0.041486474977433296,0.5714285714285714,0.0019130246660315512,-0.0277380848659039,0.42857142857142855,-0.00039102831834863453,-0.10181540706708747,0.4365079365079365,-0.0007662040961001168,2.0,3.0,9.0
2026-07-08,XLI,industrials,SPY,0.025126495833411866,0.5238095238095238,0.0012362918955259872,-0.0326945315887297,0.4444444444444444,-0.0004160362294322709,0.04500787934656336,0.5317460317460317,0.00036000392769959554,3.0,4.0,3.0
2026-07-08,XLE,energy,SPY,-0.04218797593862089,0.5714285714285714,-0.001960441855286591,-0.20277621006926616,0.49206349206349204,-0.003041528216479069,0.11247703611844173,0.5714285714285714,0.0008539796345733131,11.0,11.0,2.0
2026-07-08,XLB,materials,SPY,-0.018825679034837894,0.47619047619047616,-0.0008295476591006939,-0.1283009186632793,0.42857142857142855,-0.0018666349013399491,-0.003941123612061448,0.49206349206349204,9.844996634439472e-06,9.0,8.0,6.0
2026-07-08,XLY,consumer_discretionary,SPY,-0.007415942208380821,0.47619047619047616,-0.00029674993999808557,-0.06164041681283172,0.4126984126984127,-0.0008465360930039705,-0.12735516678774927,0.4365079365079365,-0.0009467592998336639,7.0,5.0,10.0
2026-07-08,XLP,consumer_staples,SPY,0.005155949706909357,0.47619047619047616,0.0002560736629870087,-0.08791927174923408,0.38095238095238093,-0.001272718956453583,0.015137218753738857,0.42857142857142855,0.00011753509489501443,5.0,7.0,5.0
2026-07-08,XLV,health_care,SPY,0.05214600115010337,0.5238095238095238,0.0024286820470162266,-0.02143917528602346,0.4444444444444444,-0.0002779570869123087,-0.033865556935703145,0.4365079365079365,-0.0002354510860247925,1.0,2.0,8.0
2026-07-08,XLU,utilities,SPY,0.016057305129036914,0.5238095238095238,0.0007580481244609765,-0.14705066134424416,0.4126984126984127,-0.0021825744310465084,-0.013078738822832614,0.47619047619047616,-7.798630946690616e-05,4.0,9.0,7.0
2026-07-08,XLRE,real_estate,SPY,-0.01689620362634603,0.5238095238095238,-0.0007703097316390041,-0.06612469302593227,0.4444444444444444,-0.0009392388405961475,0.019352695561291933,0.5,0.00014983586031507167,8.0,6.0,4.0
2026-07-08,XLC,communication_services,SPY,-0.030487449130546795,0.38095238095238093,-0.0014337462286655393,-0.15220217044409945,0.3492063492063492,-0.0022813912300416175,-0.1546423094971957,0.38095238095238093,-0.0012083225102481098,10.0,10.0,11.0
2026-07-09,XLK,technology,SPY,-0.01196357990694974,0.5714285714285714,-0.00032674311185295783,0.19485200869692565,0.6825396825396826,0.002736056688097503,0.17461520377097917,0.626984126984127,0.0013074528170745605,9.0,1.0,1.0
2026-07-09,XLF,financials,SPY,0.052921048986673824,0.6190476190476191,0.0024119732874344716,-0.026279758074628123,0.42857142857142855,-0.0003765810964618686,-0.09907793523965103,0.4444444444444444,-0.00074206948223486,1.0,2.0,9.0
2026-07-09,XLI,industrials,SPY,0.02613031256676246,0.5238095238095238,0.0012734767416081806,-0.049628305040695375,0.42857142857142855,-0.000680610022450252,0.03136489656583197,0.5238095238095238,0.00026263213831959195,3.0,4.0,3.0
2026-07-09,XLE,energy,SPY,-0.07291313041046321,0.5238095238095238,-0.003468742324941231,-0.16367647827846432,0.49206349206349204,-0.0024375789027037487,0.1253472613492963,0.5714285714285714,0.0009342287183915868,11.0,11.0,2.0
2026-07-09,XLB,materials,SPY,-0.009749676963869636,0.47619047619047616,-0.00039974605644384144,-0.140006186422992,0.4126984126984127,-0.002094391940266175,-0.025574267260406014,0.48412698412698413,-0.0001510711800560732,7.0,8.0,6.0
2026-07-09,XLY,consumer_discretionary,SPY,-0.004845438871687868,0.47619047619047616,-0.00017161843204454864,-0.05833162711177331,0.4126984126984127,-0.0008124647408662048,-0.12334893487200504,0.4365079365079365,-0.0009108507945406679,5.0,5.0,10.0
2026-07-09,XLP,consumer_staples,SPY,-0.011001680227043842,0.47619047619047616,-0.000499542034200593,-0.10279782007279459,0.38095238095238093,-0.0015235470941876487,-0.004856115201009592,0.42857142857142855,-2.6677086164781302e-05,8.0,7.0,5.0
2026-07-09,XLV,health_care,SPY,0.04753418545664667,0.5238095238095238,0.0022072895526601835,-0.026549659212803833,0.4444444444444444,-0.0003564789137473842,-0.05779105208039903,0.42857142857142855,-0.0004179219172484739,2.0,3.0,8.0
2026-07-09,XLU,utilities,SPY,0.024100189429520746,0.5238095238095238,0.0011124841544832525,-0.14395646370784754,0.4126984126984127,-0.002168104552874482,-0.026506791510640726,0.47619047619047616,-0.00017724469181747512,4.0,10.0,7.0
2026-07-09,XLRE,real_estate,SPY,-0.006171024873701247,0.5238095238095238,-0.0002655613447298017,-0.06353565865440514,0.4444444444444444,-0.0009145015900543296,0.011264386541975702,0.49206349206349204,9.12303802789339e-05,6.0,6.0,4.0
2026-07-09,XLC,communication_services,SPY,-0.02214905154317981,0.42857142857142855,-0.001024917428299048,-0.14131485618166628,0.36507936507936506,-0.0021417002152665466,-0.1450218396886711,0.3888888888888889,-0.0011238669378007954,10.0,9.0,11.0
2026-07-10,XLK,technology,SPY,0.0020153300365068905,0.5714285714285714,0.0003203393602053472,0.19599622113151227,0.6825396825396826,0.0027534669221330813,0.17033843726778453,0.6190476190476191,0.0012725685134128083,5.0,1.0,1.0
2026-07-10,XLF,financials,SPY,0.03874713407028141,0.5714285714285714,0.0017637213793403434,-0.02409617232973371,0.42857142857142855,-0.0003451429756057049,-0.09013979925320248,0.4444444444444444,-0.0006663997949426594,1.0,2.0,9.0
2026-07-10,XLI,industrials,SPY,0.011614874548676823,0.5238095238095238,0.0006011356223455019,-0.054121522766658714,0.42857142857142855,-0.0007494390847164692,0.049790811319489814,0.5317460317460317,0.0003877402422038546,4.0,4.0,3.0
2026-07-10,XLE,energy,SPY,-0.06025421746095294,0.5714285714285714,-0.0028205313577373626,-0.14554592570868252,0.5079365079365079,-0.0021422649985470637,0.13669278634644044,0.5793650793650794,0.001000765414849351,11.0,11.0,2.0
2026-07-10,XLB,materials,SPY,-0.02081334103924415,0.47619047619047616,-0.0009199291236162434,-0.12464136734667963,0.42857142857142855,-0.0018477310376546886,-0.0014838098263210142,0.49206349206349204,2.5630510707951708e-05,8.0,8.0,6.0
2026-07-10,XLY,consumer_discretionary,SPY,-0.013085045209309198,0.42857142857142855,-0.0005558015750781953,-0.07124117916280914,0.3968253968253968,-0.0010113368659811716,-0.12700366577310285,0.42857142857142855,-0.0009330082570995715,6.0,6.0,10.0
2026-07-10,XLP,consumer_staples,SPY,-0.019746727565292055,0.47619047619047616,-0.0009084487449775514,-0.09820509368537134,0.38095238095238093,-0.0014533425318475303,0.011111190867994836,0.4365079365079365,8.837259162564676e-05,7.0,7.0,5.0
2026-07-10,XLV,health_care,SPY,0.01822837614315831,0.47619047619047616,0.0008727741356063008,-0.03140050117825721,0.4444444444444444,-0.0004274439998050835,-0.08462175894791657,0.42063492063492064,-0.0006216201011060952,2.0,3.0,8.0
2026-07-10,XLU,utilities,SPY,0.012183097157886902,0.5238095238095238,0.0005595707744275287,-0.14398194520520757,0.4126984126984127,-0.002172014508434795,-0.0015112149635496674,0.48412698412698413,4.560580268207395e-06,3.0,10.0,7.0
2026-07-10,XLRE,real_estate,SPY,-0.02982661645682727,0.5238095238095238,-0.0013903597878368748,-0.06385982700477322,0.4444444444444444,-0.0009208548707779815,0.02397141042243489,0.5,0.00018011752446969688,10.0,5.0,4.0
2026-07-10,XLC,communication_services,SPY,-0.02288433546387436,0.42857142857142855,-0.0010502041911120987,-0.13370224257544217,0.38095238095238093,-0.0020203937742378506,-0.14162932738514455,0.3888888888888889,-0.0010862692416710408,9.0,9.0,11.0
2026-07-13,XLK,technology,SPY,-0.007836001695496808,0.5714285714285714,-0.0001286867965437168,0.16714896501726706,0.6666666666666666,0.0024185615851648645,0.1675579829679188,0.6190476190476191,0.0012643192317101269,5.0,1.0,1.0
2026-07-13,XLF,financials,SPY,0.0418955750811163,0.5714285714285714,0.0018940536273977541,0.002824340347103549,0.4444444444444444,4.16237696063305e-05,-0.08057051620483247,0.4444444444444444,-0.0005965442204029512,1.0,2.0,9.0
2026-07-13,XLI,industrials,SPY,0.030355907842429364,0.5238095238095238,0.001420054395610178,-0.05125199998297569,0.42857142857142855,-0.0007118966558305083,0.039759264537637895,0.5238095238095238,0.0003201675768525586,2.0,4.0,3.0
2026-07-13,XLE,energy,SPY,-0.0542838707878599,0.5714285714285714,-0.0024851324975687225,-0.10176271461458386,0.5238095238095238,-0.0014448826375891254,0.14341696353421884,0.5793650793650794,0.0010501938120710391,11.0,8.0,2.0
2026-07-13,XLB,materials,SPY,-0.011814832228618455,0.5238095238095238,-0.0004987731919229828,-0.12835571328972784,0.42857142857142855,-0.0019224869418117724,-0.018722464738581523,0.49206349206349204,-0.000102173221308475,7.0,11.0,7.0
2026-07-13,XLY,consumer_discretionary,SPY,-0.0108795179126715,0.42857142857142855,-0.00045125153076961517,-0.07548516870478328,0.38095238095238093,-0.0010839004299153768,-0.1444893147134405,0.42063492063492064,-0.0010868867545994608,6.0,7.0,11.0
2026-07-13,XLP,consumer_staples,SPY,-0.03904801675708125,0.47619047619047616,-0.001815600310524888,-0.07135958418447474,0.3968253968253968,-0.0010482086909811288,-0.00030076519117883116,0.4365079365079365,4.151627558456557e-06,10.0,6.0,6.0
2026-07-13,XLV,health_care,SPY,0.0252738580633054,0.47619047619047616,0.0011852598043998954,-0.00488776530156243,0.4603174603174603,-4.545219361685673e-05,-0.06277515718741156,0.42857142857142855,-0.00045698366889768225,3.0,3.0,8.0
2026-07-13,XLU,utilities,SPY,0.01034008910930262,0.5238095238095238,0.0004768349126219067,-0.12562526116441675,0.42857142857142855,-0.0018886674243351208,0.01114513955995644,0.48412698412698413,9.595203537076156e-05,4.0,10.0,5.0
2026-07-13,XLRE,real_estate,SPY,-0.03312548339204868,0.5238095238095238,-0.001529874211715354,-0.05238443197060194,0.4444444444444444,-0.0007539920311340897,0.030222420746294443,0.5,0.00022539576929378954,9.0,5.0,4.0
2026-07-13,XLC,communication_services,SPY,-0.0275461103515382,0.42857142857142855,-0.0012569317973573028,-0.12359987553350804,0.3968253968253968,-0.0018720296147516904,-0.13692542918195627,0.3888888888888889,-0.0010563015270947534,8.0,9.0,10.0
2026-07-14,XLK,technology,SPY,-0.0182637283089091,0.5714285714285714,-0.0006476673949748676,0.16391791768346087,0.6666666666666666,0.002389436381313253,0.17046665602092448,0.6190476190476191,0.0012859791974459296,6.0,1.0,1.0
2026-07-14,XLF,financials,SPY,0.049698237733689865,0.5714285714285714,0.0022721976453333103,-0.007320807515085237,0.42857142857142855,-0.0001067319066640614,-0.0721699433615175,0.4444444444444444,-0.0005325303811599424,1.0,2.0,8.0
2026-07-14,XLI,industrials,SPY,0.011097974143404521,0.47619047619047616,0.0005405767073212429,-0.05136108708564002,0.42857142857142855,-0.0007180734585611122,0.031275243425034516,0.5158730158730159,0.00026078697029406167,3.0,4.0,3.0
2026-07-14,XLE,energy,SPY,-0.017482490124188566,0.6190476190476191,-0.0007448257448042572,-0.09423546980105502,0.5396825396825397,-0.0013347666113391649,0.14812483752467265,0.5873015873015873,0.001083415795688963,5.0,8.0,2.0
2026-07-14,XLB,materials,SPY,-0.029323582077864674,0.47619047619047616,-0.0013572945273751286,-0.1246965720815223,0.42857142857142855,-0.0018751618752082895,-0.03105228092147838,0.48412698412698413,-0.00019543534218901474,10.0,10.0,7.0
2026-07-14,XLY,consumer_discretionary,SPY,-0.023150200156564216,0.38095238095238093,-0.0010474533335779826,-0.07921748605004364,0.38095238095238093,-0.0011491155044616756,-0.15364720189246905,0.4126984126984127,-0.0011683589238782365,8.0,7.0,11.0
2026-07-14,XLP,consumer_staples,SPY,-0.0366043158733278,0.47619047619047616,-0.0017113963665305308,-0.0685970953676951,0.3968253968253968,-0.0010109793973179105,-0.023087869464766708,0.42857142857142855,-0.00016326873591067669,11.0,6.0,6.0
2026-07-14,XLV,health_care,SPY,0.010090618648474159,0.47619047619047616,0.0005187854580707299,-0.02416379961656201,0.4603174603174603,-0.0003246312440654595,-0.07415366661768141,0.42857142857142855,-0.0005454317056025316,4.0,3.0,9.0
2026-07-14,XLU,utilities,SPY,0.022157001120523878,0.5238095238095238,0.0010317692425597922,-0.10742581724941513,0.42857142857142855,-0.0016076583705893954,0.00025570381555417576,0.47619047619047616,1.676758562167063e-05,2.0,9.0,5.0
2026-07-14,XLRE,real_estate,SPY,-0.022814724353208304,0.5238095238095238,-0.0010498507319100065,-0.05562752978548269,0.4444444444444444,-0.0008074936737485089,0.026366199025754433,0.5,0.00019886584754707178,7.0,5.0,4.0
2026-07-14,XLC,communication_services,SPY,-0.025086440703307122,0.42857142857142855,-0.0011525280422191666,-0.12545062718484135,0.3968253968253968,-0.0019143755441396776,-0.13828031779443462,0.3888888888888889,-0.0010710003368106923,9.0,11.0,10.0
2026-07-15,XLK,technology,SPY,-0.036481220584437035,0.5238095238095238,-0.0015211819912085529,0.13915089616641363,0.6507936507936508,0.0020895908372887,0.14844224873853573,0.6111111111111112,0.0011440575819354124,9.0,1.0,1.0
2026-07-15,XLF,financials,SPY,0.04385330257288178,0.5714285714285714,0.002011511023315844,0.006437939414387195,0.4444444444444444,9.425837403645488e-05,-0.05974780977400096,0.4523809523809524,-0.00043518114272447827,1.0,2.0,8.0
2026-07-15,XLI,industrials,SPY,0.004308828800861697,0.42857142857142855,0.00022641605685053929,-0.04843882048225101,0.42857142857142855,-0.0006788601312849766,0.01775716294625873,0.5079365079365079,0.0001638656317172449,3.0,4.0,4.0
2026-07-15,XLE,energy,SPY,-0.03139342876831519,0.5714285714285714,-0.0014107825518377176,-0.07258928490945338,0.5396825396825397,-0.0010072874085710179,0.14448777606171181,0.5873015873015873,0.001057829074717106,8.0,7.0,2.0
2026-07-15,XLB,materials,SPY,-0.048806156636607256,0.42857142857142855,-0.0023126604534036304,-0.11510444633930961,0.42857142857142855,-0.0017338036786969508,-0.042232411826096605,0.47619047619047616,-0.0002791281674676691,11.0,11.0,7.0
2026-07-15,XLY,consumer_discretionary,SPY,-0.014798569176674325,0.42857142857142855,-0.0006495471471639679,-0.08289051839792672,0.38095238095238093,-0.001219094039793996,-0.1482061424737824,0.42063492063492064,-0.001119044343520543,6.0,8.0,11.0
2026-07-15,XLP,consumer_staples,SPY,-0.04086284333682677,0.42857142857142855,-0.00192121011108759,-0.058044250091579874,0.3968253968253968,-0.0008553969468449837,-0.03742161709460734,0.42063492063492064,-0.0002706406633136651,10.0,6.0,6.0
2026-07-15,XLV,health_care,SPY,0.013436979376221014,0.47619047619047616,0.0006741083583658039,-0.021449085455332195,0.4603174603174603,-0.0002863883440838213,-0.07720702924660428,0.42857142857142855,-0.0005679564508186927,2.0,3.0,9.0
2026-07-15,XLU,utilities,SPY,0.0017511025126986102,0.47619047619047616,9.183160607904135e-05,-0.11038749556976102,0.42857142857142855,-0.0016678166505533281,-0.01532333098754135,0.46825396825396826,-9.693645927754265e-05,4.0,9.0,5.0
2026-07-15,XLRE,real_estate,SPY,-0.029256925838597736,0.47619047619047616,-0.0013618521100347584,-0.05469232909486332,0.4444444444444444,-0.0007997249682480575,0.022469514937090818,0.49206349206349204,0.0001706325995022251,7.0,5.0,3.0
2026-07-15,XLC,communication_services,SPY,-0.0020919763299287464,0.47619047619047616,-5.949302513993552e-05,-0.11445367505296522,0.3968253968253968,-0.001749545278887396,-0.1214570364557156,0.3968253968253968,-0.0009283243561266464,5.0,10.0,10.0
2026-07-16,XLK,technology,SPY,-0.07041783538510016,0.47619047619047616,-0.0032893419601002756,0.1072006040761555,0.6349206349206349,0.0016927316636916037,0.12702164249809567,0.6111111111111112,0.0010104997960951375,11.0,1.0,2.0
2026-07-16,XLF,financials,SPY,0.0661537563108534,0.6190476190476191,0.0030728143316828323,0.016288305706469997,0.4603174603174603,0.00023928983244725542,-0.03230561776566443,0.4603174603174603,-0.00022922858644549288,1.0,3.0,7.0
2026-07-16,XLI,industrials,SPY,0.013590373913454634,0.47619047619047616,0.0006722467748498833,-0.02032196884602966,0.4444444444444444,-0.0002609631979388975,0.01636689971490468,0.5079365079365079,0.00015411121090066376,7.0,6.0,4.0
2026-07-16,XLE,energy,SPY,0.03674801154616247,0.6190476190476191,0.00178009945452997,-0.045340544642517244,0.5555555555555556,-0.0005960316785066578,0.1420864181069299,0.5873015873015873,0.0010449728712842409,3.0,7.0,1.0
2026-07-16,XLB,materials,SPY,-0.02415946595930729,0.47619047619047616,-0.0011391950491014004,-0.08114556964135256,0.4444444444444444,-0.0012076867707678002,-0.03494587184375053,0.47619047619047616,-0.00022505049701955867,10.0,10.0,8.0
2026-07-16,XLY,consumer_discretionary,SPY,-0.005518872310428136,0.47619047619047616,-0.00021796655279411538,-0.08044152503527102,0.38095238095238093,-0.0011989003556762373,-0.13936383327005308,0.42857142857142855,-0.0010490876145909608,9.0,8.0,11.0
2026-07-16,XLP,consumer_staples,SPY,0.013708584215855302,0.47619047619047616,0.0007001338519294684,-0.009368470197229861,0.4126984126984127,-0.0001192687851403209,-0.016555379152100924,0.42063492063492064,-0.00011306741950612316,6.0,4.0,6.0
2026-07-16,XLV,health_care,SPY,0.0658272772920463,0.5238095238095238,0.003112608753857168,0.024461698695315892,0.47619047619047616,0.00038990286276379093,-0.04674047967116568,0.4365079365079365,-0.0003325583133819284,2.0,2.0,9.0
2026-07-16,XLU,utilities,SPY,0.025688941824123734,0.5238095238095238,0.0012282650268684264,-0.08095430768016187,0.4444444444444444,-0.0012150890821415658,-0.01245240484556942,0.46825396825396826,-7.624781237131943e-05,4.0,9.0,5.0
2026-07-16,XLRE,real_estate,SPY,0.02218386582873544,0.5238095238095238,0.0010860968084095636,-0.018911399275881147,0.4603174603174603,-0.00026055825568603916,0.04010199251763158,0.49206349206349204,0.00029749627953930117,5.0,5.0,3.0
2026-07-16,XLC,communication_services,SPY,0.009595135773630137,0.47619047619047616,0.0005013437701249961,-0.11294800369238878,0.3968253968253968,-0.0017494238567288356,-0.11852105913734357,0.3968253968253968,-0.0009077268791957429,8.0,11.0,10.0
2026-07-17,XLK,technology,SPY,-0.050242139493439364,0.47619047619047616,-0.0022913121585308185,0.0943627556286164,0.6190476190476191,0.0015346147223964568,0.13404182225666994,0.6111111111111112,0.001060195946973793,11.0,1.0,2.0
2026-07-17,XLF,financials,SPY,0.04559918706885946,0.6190476190476191,0.0021466894825308913,0.02302724796752842,0.47619047619047616,0.0003409349756442594,-0.034427205063610966,0.4603174603174603,-0.0002465082062500424,3.0,3.0,7.0
2026-07-17,XLI,industrials,SPY,0.006838377830450382,0.47619047619047616,0.00035223956181589563,-0.006159982992330226,0.4603174603174603,-5.124234660403368e-05,0.015536975465071157,0.5079365079365079,0.00014846824788893812,7.0,4.0,4.0
2026-07-17,XLE,energy,SPY,0.05625206352580703,0.6190476190476191,0.0026815678758025426,-0.035266339377780564,0.5555555555555556,-0.00044962800250131836,0.13432802490732798,0.5873015873015873,0.0009973825232508112,2.0,7.0,1.0
2026-07-17,XLB,materials,SPY,-0.03112590894478573,0.47619047619047616,-0.001488194473953314,-0.08198378509384152,0.4444444444444444,-0.001238176260713695,-0.037376641734331306,0.47619047619047616,-0.00024491167987752044,10.0,10.0,8.0
2026-07-17,XLY,consumer_discretionary,SPY,-0.016721401907679234,0.42857142857142855,-0.0007574385058607149,-0.07872187494207805,0.38095238095238093,-0.0011859438393530303,-0.13431497660707403,0.42857142857142855,-0.0010128217712848866,9.0,8.0,11.0
2026-07-17,XLP,consumer_staples,SPY,0.009063357201753108,0.47619047619047616,0.0004822136221152758,-0.008626126271442658,0.4126984126984127,-0.00011030340715488155,-0.03333514755757516,0.42063492063492064,-0.00024046198326921784,6.0,5.0,6.0
2026-07-17,XLV,health_care,SPY,0.06476463238690666,0.5238095238095238,0.0030754814586282375,0.041551475827986906,0.49206349206349204,0.0006409563649069664,-0.053216608595941794,0.4365079365079365,-0.00038455586986742486,1.0,2.0,9.0
2026-07-17,XLU,utilities,SPY,0.01567273536071756,0.5238095238095238,0.0007608992348297668,-0.08129533254648191,0.4444444444444444,-0.0012375345201224104,-0.02201999292844814,0.46825396825396826,-0.0001483409387513182,5.0,9.0,5.0
2026-07-17,XLRE,real_estate,SPY,0.02275086850307395,0.5238095238095238,0.0011151787580891018,-0.01622539041018478,0.4603174603174603,-0.00022468367550199098,0.032031167328327115,0.49206349206349204,0.00024085613678162136,4.0,6.0,3.0
2026-07-17,XLC,communication_services,SPY,-0.00547483873363297,0.42857142857142855,-0.0002118586461016893,-0.12847521442318222,0.38095238095238093,-0.002033950378974637,-0.1282433505209275,0.3888888888888889,-0.0009921185582983866,8.0,11.0,10.0
2026-07-20,XLK,technology,SPY,-0.057283276353853774,0.47619047619047616,-0.002613087906826768,0.0920608960244671,0.6190476190476191,0.0015196402151894327,0.13319536982306013,0.6111111111111112,0.0010583604869754976,11.0,1.0,2.0
2026-07-20,XLF,financials,SPY,0.036344508599834846,0.5714285714285714,0.0017055437386722131,0.024914662988195335,0.47619047619047616,0.00037429671926001367,-0.038066732240602974,0.4523809523809524,-0.00027536169387824626,3.0,3.0,7.0
2026-07-20,XLI,industrials,SPY,-0.00990574381854148,0.42857142857142855,-0.00044174660926290946,-0.018588494362187458,0.4444444444444444,-0.00024425599685718775,0.002396332342294638,0.5,5.2874624917439596e-05,9.0,6.0,4.0
2026-07-20,XLE,energy,SPY,0.06335134902733919,0.6190476190476191,0.0029719503541325945,0.012982843937571653,0.5714285714285714,0.000277027141057049,0.15604676421831054,0.5952380952380952,0.0011418943484199414,1.0,4.0,1.0
2026-07-20,XLB,materials,SPY,-0.03876373037511127,0.47619047619047616,-0.0018449053230409774,-0.07973678249187899,0.4444444444444444,-0.001217654702879195,-0.04747288137341199,0.46825396825396826,-0.00032320684367525757,10.0,9.0,8.0
2026-07-20,XLY,consumer_discretionary,SPY,-0.009747433619374801,0.42857142857142855,-0.0004237058939940287,-0.09395532707799137,0.36507936507936506,-0.0014577421357568545,-0.1399013842691903,0.42063492063492064,-0.0010646732573917227,8.0,10.0,11.0
2026-07-20,XLP,consumer_staples,SPY,0.017032564529394945,0.47619047619047616,0.0008426157902581489,-0.01143767162641196,0.3968253968253968,-0.00015510601225784387,-0.03449273506179762,0.42063492063492064,-0.00025029222897981774,5.0,5.0,6.0
2026-07-20,XLV,health_care,SPY,0.05722005363367422,0.5238095238095238,0.002708113229390664,0.027265204717696,0.47619047619047616,0.00044000831995132523,-0.05445606939241232,0.4365079365079365,-0.00039553539202561545,2.0,2.0,9.0
2026-07-20,XLU,utilities,SPY,0.013145392400989664,0.5238095238095238,0.0006347216180720031,-0.06789635618313872,0.4444444444444444,-0.0010358294949834022,-0.033381230492473435,0.4603174603174603,-0.0002352191287103113,7.0,8.0,5.0
2026-07-20,XLRE,real_estate,SPY,0.033564556387696065,0.5238095238095238,0.001591309542197645,-0.02191111774376142,0.4444444444444444,-0.0003163714282179131,0.023801447834601808,0.48412698412698413,0.0001826386711886562,4.0,7.0,3.0
2026-07-20,XLC,communication_services,SPY,0.013186469401346601,0.47619047619047616,0.0006576631118985368,-0.11495234388648146,0.3968253968253968,-0.0018310362523429324,-0.11873238384284757,0.3968253968253968,-0.0009176763033007403,6.0,11.0,10.0
2026-07-21,XLK,technology,SPY,-0.056619629300189045,0.47619047619047616,-0.0025866705295337794,0.11249847337749497,0.6190476190476191,0.0017919075678788647,0.15686567461836165,0.6111111111111112,0.0012057833124332917,11.0,1.0,1.0
2026-07-21,XLF,financials,SPY,0.0490213513840263,0.5714285714285714,0.0022858037373507827,0.011317496977311992,0.4603174603174603,0.00016943056206641938,-0.04800736083188584,0.4444444444444444,-0.000348516859910238,3.0,4.0,6.0
2026-07-21,XLI,industrials,SPY,-0.012069773469609468,0.42857142857142855,-0.0005468246032359255,-0.028639310207209112,0.42857142857142855,-0.00039595463235795784,-0.011500059122456774,0.49206349206349204,-4.953365499435172e-05,8.0,5.0,4.0
2026-07-21,XLE,energy,SPY,0.0937510370987793,0.6666666666666666,0.004314007367377214,0.011406242680110479,0.5714285714285714,0.0002518749889379547,0.15598082652165624,0.5952380952380952,0.0011324155992018209,1.0,3.0,2.0
2026-07-21,XLB,materials,SPY,-0.03145193246050215,0.47619047619047616,-0.0014881560857691746,-0.0957336903385847,0.42857142857142855,-0.001466673464760702,-0.0499981977888464,0.46825396825396826,-0.00033956490262836565,10.0,9.0,8.0
2026-07-21,XLY,consumer_discretionary,SPY,-0.01965457970636586,0.38095238095238093,-0.0009063693527187267,-0.09834139588063195,0.36507936507936506,-0.0015146912341812758,-0.14460055396793636,0.42063492063492064,-0.001093646978364824,9.0,10.0,11.0
2026-07-21,XLP,consumer_staples,SPY,0.014063168997348496,0.47619047619047616,0.0007078277266811248,-0.031190416335529436,0.38095238095238093,-0.00045541488211570905,-0.050956065703832154,0.42063492063492064,-0.0003729112987346433,5.0,6.0,9.0
2026-07-21,XLV,health_care,SPY,0.07529211753764287,0.5238095238095238,0.003518941345501638,0.03328526451689506,0.47619047619047616,0.0005227484510324007,-0.04986527058122192,0.4365079365079365,-0.00035686075825162666,2.0,2.0,7.0
2026-07-21,XLU,utilities,SPY,0.007920568296833297,0.5238095238095238,0.0003901032831907157,-0.07041156733144605,0.4444444444444444,-0.001066050932247942,-0.038454126202258854,0.4603174603174603,-0.00027156467097146547,6.0,8.0,5.0
2026-07-21,XLRE,real_estate,SPY,0.037519992668113566,0.5238095238095238,0.0017767474428494864,-0.03712150005245407,0.42857142857142855,-0.000548140366046992,-0.0001300480108146207,0.47619047619047616,7.458850056851057e-06,4.0,7.0,3.0
2026-07-21,XLC,communication_services,SPY,0.0058521877960702184,0.47619047619047616,0.00031560631062933976,-0.1295602154481793,0.3968253968253968,-0.002058843313288935,-0.1266980249084294,0.3968253968253968,-0.000974654945960613,7.0,11.0,10.0
2026-07-22,XLK,technology,SPY,-0.06588360314620867,0.42857142857142855,-0.0030490898109157677,0.1024765847713689,0.6031746031746031,0.0016483143438447603,0.16511690280253832,0.6111111111111112,0.0012370758544139014,11.0,1.0,1.0
2026-07-22,XLF,financials,SPY,0.03970465240767562,0.5714285714285714,0.0018576210642290848,0.011179895852529542,0.4603174603174603,0.00016652131269762855,-0.04622317383478047,0.4523809523809524,-0.0003285655251951927,3.0,3.0,7.0
2026-07-22,XLI,industrials,SPY,-0.02028356289294664,0.42857142857142855,-0.0009426686078699723,-0.01848720820523364,0.4444444444444444,-0.00023999719282090623,-0.009465181291309355,0.49206349206349204,-3.317520789479037e-05,10.0,5.0,4.0
2026-07-22,XLE,energy,SPY,0.09102257025547433,0.6666666666666666,0.004187226432367527,0.002968277325387403,0.5714285714285714,0.00012575880264026958,0.1519314370109177,0.5952380952380952,0.0010900263625439708,1.0,4.0,2.0
2026-07-22,XLB,materials,SPY,-0.0195548118731792,0.47619047619047616,-0.0009010629661276066,-0.07895592835994669,0.4444444444444444,-0.0011842238288176125,-0.045693715910597676,0.46825396825396826,-0.0002979544083662321,9.0,9.0,6.0
2026-07-22,XLY,consumer_discretionary,SPY,-0.012061183657937402,0.38095238095238093,-0.0005440070676452411,-0.10397341805094107,0.36507936507936506,-0.0015984333419412466,-0.1478998704424641,0.42063492063492064,-0.0010983461049939981,8.0,10.0,11.0
2026-07-22,XLP,consumer_staples,SPY,0.022713509248339925,0.5238095238095238,0.0011089056199594554,-0.0260858745700705,0.3968253968253968,-0.00037449057002876475,-0.0714778695435887,0.42063492063492064,-0.0005191966027116878,5.0,6.0,8.0
2026-07-22,XLV,health_care,SPY,0.05838470117808692,0.47619047619047616,0.0027594761493407688,0.033127501838230655,0.47619047619047616,0.0005175702203179921,-0.07422600531158796,0.42857142857142855,-0.0005324793400530503,2.0,2.0,9.0
2026-07-22,XLU,utilities,SPY,0.023000266580082585,0.5238095238095238,0.001105057934194311,-0.03594932128791939,0.4603174603174603,-0.0005170571927892667,-0.025436415433645054,0.4603174603174603,-0.00016679864776751046,4.0,8.0,5.0
2026-07-22,XLRE,real_estate,SPY,0.01843277132200405,0.47619047619047616,0.0008895746356779323,-0.02717191914738648,0.42857142857142855,-0.00039452872187668435,-0.004823451689799585,0.46825396825396826,-2.5936925839344996e-05,6.0,7.0,3.0
2026-07-22,XLC,communication_services,SPY,0.017840818534331726,0.47619047619047616,0.0008678033829481867,-0.12979258370267865,0.3968253968253968,-0.0020515121720502474,-0.14096832451200414,0.3888888888888889,-0.0010697081344475032,7.0,11.0,10.0
2026-07-23,XLK,technology,SPY,-0.03743408654955249,0.47619047619047616,-0.0016606492465128322,0.08953820084529873,0.6031746031746031,0.0014959421439082413,0.16116800075445004,0.6111111111111112,0.0012363250113440185,10.0,1.0,1.0
2026-07-23,XLF,financials,SPY,0.029920965552803436,0.5714285714285714,0.0014076378090622048,0.03248612202188239,0.47619047619047616,0.000488295533862717,-0.029352005734240016,0.4603174603174603,-0.0002088969302458194,3.0,3.0,6.0
2026-07-23,XLI,industrials,SPY,0.015003671184409706,0.47619047619047616,0.0007326369980739999,0.025749831831584746,0.4603174603174603,0.000428039116667746,0.016694035277487362,0.49206349206349204,0.00015620306503805016,5.0,4.0,3.0
2026-07-23,XLE,energy,SPY,0.08407098837614835,0.6666666666666666,0.003876213830241303,0.017208815557195223,0.5714285714285714,0.000340432032321625,0.1521218061993035,0.5952380952380952,0.0011120207468816943,1.0,5.0,2.0
2026-07-23,XLB,materials,SPY,-0.017672157835124214,0.5238095238095238,-0.0008092703578596409,-0.06667965344336135,0.4603174603174603,-0.0010113970106498137,-0.05302779143047309,0.46825396825396826,-0.00036404487887278217,8.0,9.0,7.0
2026-07-23,XLY,consumer_discretionary,SPY,-0.05022276384081903,0.3333333333333333,-0.002355371311626923,-0.12428532850666996,0.36507936507936506,-0.00196859138931783,-0.18325976144243616,0.4126984126984127,-0.0014267761235210567,11.0,10.0,11.0
2026-07-23,XLP,consumer_staples,SPY,-0.012362344418192062,0.47619047619047616,-0.0005471826746872352,-0.02016693420375204,0.3968253968253968,-0.0002901887331984595,-0.06066543884592113,0.42063492063492064,-0.0004473461729059983,7.0,8.0,9.0
2026-07-23,XLV,health_care,SPY,0.05457847707372676,0.47619047619047616,0.002583626580554734,0.06715179444763275,0.49206349206349204,0.0010244128039624664,-0.053925101717129165,0.42857142857142855,-0.00038887816023930674,2.0,2.0,8.0
2026-07-23,XLU,utilities,SPY,0.01857962480212838,0.5238095238095238,0.0008984695209072825,-0.00460350224191286,0.47619047619047616,-4.2191278411131954e-05,0.005367530324702718,0.46825396825396826,5.665000399270764e-05,4.0,7.0,5.0
2026-07-23,XLRE,real_estate,SPY,0.0006738906650409771,0.47619047619047616,5.1949288985378826e-05,0.0027525755277004738,0.4444444444444444,5.709440081514742e-05,0.01591446011852682,0.47619047619047616,0.0001243345361995259,6.0,6.0,4.0
2026-07-23,XLC,communication_services,SPY,-0.02388967151036847,0.42857142857142855,-0.0010841541676348385,-0.144309543475877,0.3968253968253968,-0.002347560782980925,-0.15809113854314694,0.3888888888888889,-0.001238868547660244,9.0,11.0,10.0
2026-07-24,XLK,technology,SPY,-0.04692969711766848,0.47619047619047616,-0.0021221740435097996,0.08422861826441719,0.6031746031746031,0.0014155272235775332,0.1387309378831556,0.6031746031746031,0.0010963657001897215,10.0,1.0,2.0
2026-07-24,XLF,financials,SPY,0.04045287582495005,0.6190476190476191,0.0018879973042876278,0.04516310510965926,0.49206349206349204,0.0006716872586147444,-0.02267442778991069,0.4603174603174603,-0.00015923200311223742,3.0,3.0,6.0
2026-07-24,XLI,industrials,SPY,0.005835150556753765,0.47619047619047616,0.00029999243131619203,0.006219130892826552,0.4603174603174603,0.00013193328073766446,0.031312202673346334,0.5,0.00026203001382564913,6.0,6.0,4.0
2026-07-24,XLE,energy,SPY,0.10517624938223591,0.7142857142857143,0.004776426118351458,0.008167433086827547,0.5714285714285714,0.0002033353260919914,0.1575884074964411,0.6031746031746031,0.0011514403958665,1.0,5.0,1.0
2026-07-24,XLB,materials,SPY,-0.0058054597362815485,0.5238095238095238,-0.00023271210075214208,-0.05262690327269082,0.4603174603174603,-0.0007768386808090222,-0.03456961546904758,0.46825396825396826,-0.00022270379198500979,7.0,9.0,7.0
2026-07-24,XLY,consumer_discretionary,SPY,-0.05694749875843419,0.3333333333333333,-0.002689585743608357,-0.11460787664667538,0.38095238095238093,-0.0017926288283089354,-0.18235517256616085,0.4126984126984127,-0.001425710326105889,11.0,10.0,11.0
2026-07-24,XLP,consumer_staples,SPY,-0.011431389177252727,0.47619047619047616,-0.0005006730511707995,-0.030931708436403138,0.3968253968253968,-0.00045725881023546346,-0.04269808619478166,0.42857142857142855,-0.0003098398132159492,9.0,7.0,9.0
2026-07-24,XLV,health_care,SPY,0.052363823154951916,0.47619047619047616,0.0024803719456514698,0.07085793289619868,0.49206349206349204,0.001072970221608499,-0.0423887163941592,0.4365079365079365,-0.0003014403563216876,2.0,2.0,8.0
2026-07-24,XLU,utilities,SPY,0.008708955888659276,0.5238095238095238,0.0004345286181107955,-0.034958012000150473,0.47619047619047616,-0.0005171347481738097,0.02016966673330267,0.47619047619047616,0.00016441334900380199,5.0,8.0,5.0
2026-07-24,XLRE,real_estate,SPY,0.024592254468749575,0.5238095238095238,0.0011795503169202389,0.00871740975571833,0.4444444444444444,0.0001498769907710343,0.056080306506540945,0.48412698412698413,0.0004126036112686423,4.0,4.0,3.0
2026-07-24,XLC,communication_services,SPY,-0.010012736969714053,0.47619047619047616,-0.00041481829508274596,-0.137826144469409,0.4126984126984127,-0.0022207289573443843,-0.15848490835234508,0.3888888888888889,-0.001248351759889521,8.0,11.0,10.0
2026-07-27,XLK,technology,SPY,-0.0621661391709778,0.42857142857142855,-0.0028868461206421137,0.0512822650327569,0.5873015873015873,0.0009463773649312721,0.12621078095801597,0.5952380952380952,0.0010147251188484102,11.0,3.0,1.0
2026-07-27,XLF,financials,SPY,0.05764885557547372,0.6666666666666666,0.002667885848163259,0.07216528643737696,0.5079365079365079,0.001068372530100253,0.003034732383208061,0.46825396825396826,3.140922537110878e-05,2.0,2.0,6.0
2026-07-27,XLI,industrials,SPY,-0.01152000414130061,0.47619047619047616,-0.0005338889440027578,0.026933057096150126,0.47619047619047616,0.0004443265994598118,0.04342323321752595,0.5079365079365079,0.0003480340392283751,8.0,4.0,4.0
2026-07-27,XLE,energy,SPY,0.07241923877766743,0.6666666666666666,0.0033663454333667004,-0.004293204921835603,0.5714285714285714,1.808755914594556e-05,0.12474342250920589,0.5952380952380952,0.0009394371856470099,1.0,6.0,2.0
2026-07-27,XLB,materials,SPY,-0.015203842945185286,0.5238095238095238,-0.0006863534813692189,-0.04440106841419056,0.47619047619047616,-0.0006507147444460333,-0.04118753290958388,0.46825396825396826,-0.0002735374596060464,9.0,9.0,9.0
2026-07-27,XLY,consumer_discretionary,SPY,-0.02866709422440028,0.38095238095238093,-0.0012968938617886668,-0.10217191178399987,0.38095238095238093,-0.0015936754392828268,-0.17424798661252494,0.4126984126984127,-0.001353829320834318,10.0,10.0,11.0
2026-07-27,XLP,consumer_staples,SPY,0.010393550361873727,0.5238095238095238,0.0005360266987078128,-0.005186219546864823,0.4126984126984127,-5.808872952055531e-05,-0.035511495828201456,0.42857142857142855,-0.00025438704316027837,6.0,7.0,8.0
2026-07-27,XLV,health_care,SPY,0.0434027619347499,0.47619047619047616,0.0020740161965827567,0.10040967287080615,0.5079365079365079,0.0014971708902530108,-0.0315880264732229,0.4444444444444444,-0.00021914837626402404,3.0,1.0,7.0
2026-07-27,XLU,utilities,SPY,-0.010230975524654018,0.47619047619047616,-0.000458609198798709,-0.042404896162302474,0.47619047619047616,-0.0006377339652180793,0.009673253810628779,0.47619047619047616,8.886118669454611e-05,7.0,8.0,5.0
2026-07-27,XLRE,real_estate,SPY,0.01971575320337382,0.47619047619047616,0.0009555830412768211,0.015288298435054193,0.4444444444444444,0.0002507488150896888,0.04853532998042165,0.47619047619047616,0.0003597253050523567,4.0,5.0,3.0
2026-07-27,XLC,communication_services,SPY,0.013177445193487625,0.5238095238095238,0.0006820262704362048,-0.10367144015082741,0.42857142857142855,-0.0016479339202245607,-0.15221506113066496,0.3888888888888889,-0.0011941244328953766,5.0,11.0,10.0
2026-07-28,XLK,technology,SPY,-0.07160831195170536,0.42857142857142855,-0.0033295320703111433,0.028196761108609802,0.5714285714285714,0.0006087103240534639,0.09889972137832359,0.5873015873015873,0.0008357047908974451,11.0,4.0,2.0
2026-07-28,XLF,financials,SPY,0.05894585465279967,0.6666666666666666,0.0027053600807660136,0.07705855426540675,0.5079365079365079,0.0011382382131191427,0.012628230805266982,0.46825396825396826,0.00010232099591127639,1.0,2.0,5.0
2026-07-28,XLI,industrials,SPY,-0.009163543177980626,0.47619047619047616,-0.0004216242211413738,0.02186411792659282,0.47619047619047616,0.0003684628545401165,0.0408676737692395,0.5079365079365079,0.00033083911937978637,8.0,6.0,4.0
2026-07-28,XLE,energy,SPY,0.05299654175905255,0.6190476190476191,0.0024834448447995437,-0.017185004300706685,0.5714285714285714,-0.00017953670031521982,0.11061662820390827,0.5952380952380952,0.0008484589677622389,2.0,7.0,1.0
2026-07-28,XLB,materials,SPY,-0.0019416775294716082,0.5238095238095238,-4.39911204970011e-05,-0.0239957373078723,0.49206349206349204,-0.0003251507372090026,-0.020408336168170615,0.47619047619047616,-0.0001150543474593935,7.0,8.0,9.0
2026-07-28,XLY,consumer_discretionary,SPY,-0.03280810260177858,0.38095238095238093,-0.0014792130257217373,-0.08217359459706963,0.3968253968253968,-0.0012558060057861321,-0.15192370741766215,0.42063492063492064,-0.0011628931590627108,10.0,10.0,11.0
2026-07-28,XLP,consumer_staples,SPY,0.011458893533906389,0.5238095238095238,0.0005891830077274838,0.026069289675719087,0.42857142857142855,0.000417100975688901,-0.01020083410933359,0.4365079365079365,-6.258534083384476e-05,5.0,5.0,8.0
2026-07-28,XLV,health_care,SPY,0.026875482449240984,0.47619047619047616,0.0012993890213097291,0.13245138913356724,0.5238095238095238,0.0019407376022542782,-0.008190259464154748,0.4523809523809524,-4.1614250682945524e-05,3.0,1.0,7.0
2026-07-28,XLU,utilities,SPY,-0.031001416834391504,0.42857142857142855,-0.0014472956671285236,-0.04680267687585049,0.47619047619047616,-0.0007074338586482255,0.0009038077661960298,0.46825396825396826,2.4551902540350737e-05,9.0,9.0,6.0
2026-07-28,XLRE,real_estate,SPY,0.0007374653983003299,0.47619047619047616,6.319442221415703e-05,0.028624549255357623,0.4603174603174603,0.00044993233594023185,0.058392702257355156,0.48412698412698413,0.0004301532888599696,6.0,3.0,3.0
2026-07-28,XLC,communication_services,SPY,0.01658589753864459,0.5238095238095238,0.0008420644045706807,-0.08914459256907614,0.42857142857142855,-0.0013993461456904533,-0.1385384338897364,0.3888888888888889,-0.0010796184646926354,4.0,11.0,10.0
2026-07-29,XLK,technology,SPY,-0.08603910088884814,0.38095238095238093,-0.0042009100746128,0.028891178985253063,0.5714285714285714,0.0006252546756475839,0.0734177055967411,0.5793650793650794,0.0006727451436774757,11.0,4.0,3.0
2026-07-29,XLF,financials,SPY,0.07067402253154709,0.6666666666666666,0.0033286954063901416,0.06937330575646938,0.49206349206349204,0.0010394655804376685,0.02427949848971389,0.46825396825396826,0.00019022570444390862,2.0,2.0,4.0
2026-07-29,XLI,industrials,SPY,-0.0178035378915129,0.47619047619047616,-0.0008356188593108747,0.00815298945764753,0.47619047619047616,0.00016915441558907666,0.021508314790883443,0.5,0.00019820539600556942,9.0,6.0,6.0
2026-07-29,XLE,energy,SPY,0.11019837069801486,0.6666666666666666,0.005123979636295649,-0.003991734291522109,0.5714285714285714,2.2420609563286158e-05,0.14266233926603045,0.5952380952380952,0.0010785302056244125,1.0,7.0,1.0
2026-07-29,XLB,materials,SPY,0.03689215036517168,0.5714285714285714,0.0017948605654113804,-0.017230719288633622,0.5079365079365079,-0.00022361587218267152,-0.010711352901546345,0.48412698412698413,-4.4359056716681604e-05,6.0,8.0,9.0
2026-07-29,XLY,consumer_discretionary,SPY,-0.03147226255867197,0.38095238095238093,-0.0014752684125949322,-0.07185858590300676,0.4126984126984127,-0.0010997725714573723,-0.1410823079186625,0.42857142857142855,-0.001094542742706198,10.0,10.0,11.0
2026-07-29,XLP,consumer_staples,SPY,0.05101263026563185,0.5714285714285714,0.0024616554355197462,0.03120328741342382,0.42857142857142855,0.0004961530682552428,0.00933096370966946,0.4365079365079365,8.20750420808298e-05,3.0,3.0,7.0
2026-07-29,XLV,health_care,SPY,0.04979026597833702,0.5238095238095238,0.0024074535612185095,0.13321639988408895,0.5238095238095238,0.001968905491043565,0.024126262700868706,0.4603174603174603,0.0001967591858984303,4.0,1.0,5.0
2026-07-29,XLU,utilities,SPY,-0.008546441266532256,0.47619047619047616,-0.00038264185576262317,-0.05038189536496884,0.47619047619047616,-0.0007737563001355929,-0.006460493751170082,0.46825396825396826,-3.173284319991237e-05,8.0,9.0,8.0
2026-07-29,XLRE,real_estate,SPY,0.03872581163355748,0.5238095238095238,0.0018655323185885688,0.028249006087230466,0.4603174603174603,0.00044640027260516794,0.0770824486927768,0.49206349206349204,0.0005694962870807243,5.0,5.0,2.0
2026-07-29,XLC,communication_services,SPY,0.030682946044724102,0.5714285714285714,0.001527442045212871,-0.07905734344276516,0.42857142857142855,-0.0012472716883649537,-0.11219939562506276,0.3968253968253968,-0.000878824339187606,7.0,11.0,10.0
2026-07-30,XLK,technology,SPY,-0.0708270355909979,0.38095238095238093,-0.0033222300507341337,0.06077345551944391,0.5714285714285714,0.0011028634325307976,0.10824499852523917,0.5793650793650794,0.0009120723723760675,11.0,2.0,2.0
2026-07-30,XLF,financials,SPY,0.07003711177605998,0.6666666666666666,0.0032674759927066297,0.056689082721941064,0.47619047619047616,0.0008390746235517178,0.012788164161838811,0.46825396825396826,0.0001026697144942941,2.0,3.0,5.0
2026-07-30,XLI,industrials,SPY,-0.030124392031470326,0.42857142857142855,-0.001440437904612547,0.007368519304973731,0.47619047619047616,0.00015349673462968237,0.020348182572404117,0.5,0.00018630143146518088,9.0,4.0,4.0
2026-07-30,XLE,energy,SPY,0.11695137058563188,0.6666666666666666,0.005365813185442365,-0.03898216342823502,0.5555555555555556,-0.0005253219354188025,0.12206667954820549,0.5873015873015873,0.000925899662108071,1.0,8.0,1.0
2026-07-30,XLB,materials,SPY,0.022738075273849412,0.5714285714285714,0.0011154545095215518,-0.027866721429922414,0.5079365079365079,-0.0003869929996879255,-0.029889079859096945,0.48412698412698413,-0.00018879583889194531,6.0,7.0,9.0
2026-07-30,XLY,consumer_discretionary,SPY,-0.03489243120615859,0.38095238095238093,-0.0016351005414603108,-0.08116898572041209,0.4126984126984127,-0.0012343560855695682,-0.1455367787306706,0.42857142857142855,-0.0011134259973476976,10.0,10.0,10.0
2026-07-30,XLP,consumer_staples,SPY,0.035693967671928895,0.5714285714285714,0.0017375958834521255,-0.007095012011579138,0.42857142857142855,-8.52606365826637e-05,-0.020849230130018714,0.4365079365079365,-0.00014332285804771354,4.0,6.0,7.0
2026-07-30,XLV,health_care,SPY,0.037434194980461855,0.5238095238095238,0.0018169426567580778,0.10482669553041335,0.5238095238095238,0.0015509680636730985,-0.003469160575672703,0.4603174603174603,-8.754752360720168e-06,3.0,1.0,6.0
2026-07-30,XLU,utilities,SPY,-0.008195148422080467,0.47619047619047616,-0.00037166550859134084,-0.061085901459784875,0.47619047619047616,-0.0009350685859352467,-0.027675066053830744,0.46825396825396826,-0.00019149893873930744,8.0,9.0,8.0
2026-07-30,XLRE,real_estate,SPY,0.03564663391702061,0.5238095238095238,0.0016976122861807634,0.0021351632025095046,0.4603174603174603,4.748469038710262e-05,0.053968161287579086,0.49206349206349204,0.0003986250211797016,5.0,5.0,3.0
2026-07-30,XLC,communication_services,SPY,0.0016687458911207598,0.5714285714285714,0.000156852570983222,-0.11814316684062487,0.42857142857142855,-0.0018774593213821513,-0.15401682591911448,0.3968253968253968,-0.0012148467747111545,7.0,11.0,11.0
2026-07-31,XLK,technology,SPY,-0.057031018819203805,0.38095238095238093,-0.0026077315399099335,0.05852967687802901,0.5714285714285714,0.001073280920018587,0.11475262099782091,0.5793650793650794,0.0009475317718308784,11.0,2.0,1.0
2026-07-31,XLF,financials,SPY,0.03772746025672902,0.6190476190476191,0.0017708463786575953,0.05394120430924887,0.47619047619047616,0.000801811378494396,-0.0095552196133466,0.4603174603174603,-6.244829517111044e-05,2.0,3.0,5.0
2026-07-31,XLI,industrials,SPY,-0.020900217821388956,0.47619047619047616,-0.0009798922919837553,-0.00949040296332937,0.47619047619047616,-0.00010818884582435789,0.007939767832867872,0.5,9.475549924870162e-05,10.0,4.0,4.0
2026-07-31,XLE,energy,SPY,0.1259243126306102,0.7142857142857143,0.005704056623448026,-0.036631080830605844,0.5555555555555556,-0.0004895529260129372,0.11316546895214596,0.5873015873015873,0.0008594857154185633,1.0,7.0,2.0
2026-07-31,XLB,materials,SPY,-0.013267082305195355,0.5238095238095238,-0.0005855773013399489,-0.058696682128625,0.49206349206349204,-0.000874127936760437,-0.06519673530799919,0.47619047619047616,-0.00045559406001208707,7.0,8.0,9.0
2026-07-31,XLY,consumer_discretionary,SPY,-0.01863922250561989,0.38095238095238093,-0.000803566750314989,-0.059295537071499815,0.4126984126984127,-0.000873289002379194,-0.12031589565043155,0.4365079365079365,-0.0008872357122285146,9.0,9.0,10.0
2026-07-31,XLP,consumer_staples,SPY,0.01930541568622135,0.5238095238095238,0.0009644964928678627,-0.02637755344231496,0.4126984126984127,-0.0003856930889689072,-0.0334620710552016,0.4365079365079365,-0.00023689410359007816,3.0,6.0,7.0
2026-07-31,XLV,health_care,SPY,0.017163816982552316,0.47619047619047616,0.0008630996322158056,0.07618863072504078,0.5079365079365079,0.0011504134715894783,-0.016291567272572305,0.4603174603174603,-0.00010352330776126663,5.0,1.0,6.0
2026-07-31,XLU,utilities,SPY,-0.011084313225503739,0.47619047619047616,-0.0005108086301255524,-0.08947134432990811,0.4603174603174603,-0.0014081553258000969,-0.04479241267834877,0.4603174603174603,-0.0003194795112080115,6.0,10.0,8.0
2026-07-31,XLRE,real_estate,SPY,0.018441861068748233,0.47619047619047616,0.0008863565886016682,-0.018169179501281718,0.4444444444444444,-0.00026589231840374553,0.02429993101306427,0.48412698412698413,0.00018441164288496558,4.0,5.0,3.0
2026-07-31,XLC,communication_services,SPY,-0.015371658576682323,0.5714285714285714,-0.0006688677463352914,-0.11071848325677713,0.42857142857142855,-0.0017545557447637408,-0.17324729698836938,0.3968253968253968,-0.0013707803343106445,8.0,11.0,11.0
2026-08-03,XLK,technology,SPY,-0.03142746166181665,0.42857142857142855,-0.0013276379896290564,0.04712762624688005,0.5714285714285714,0.0008988025180579071,0.13967057921264736,0.5873015873015873,0.0010941445495024353,9.0,3.0,1.0
2026-08-03,XLF,financials,SPY,0.014336271506266485,0.5714285714285714,0.0006678146046635435,0.05495438410334863,0.47619047619047616,0.0008062879288823236,-0.01773766468411231,0.4523809523809524,-0.00012152681217061261,2.0,2.0,5.0
2026-08-03,XLI,industrials,SPY,-0.02138514287739479,0.47619047619047616,-0.0009844523484910093,0.007499780623813956,0.49206349206349204,0.00015000827829389276,0.012185494127903373,0.5,0.0001246564059303157,7.0,4.0,3.0
2026-08-03,XLE,energy,SPY,0.0873528328693467,0.6666666666666666,0.003985813261246347,-0.047893884726386116,0.5555555555555556,-0.0006613721546094025,0.06673470327354214,0.5793650793650794,0.0005366373172068395,1.0,7.0,2.0
2026-08-03,XLB,materials,SPY,-0.03653413362569091,0.47619047619047616,-0.001702726730875015,-0.056985706483139165,0.49206349206349204,-0.000836688852260946,-0.0569570795274732,0.47619047619047616,-0.0003851538945950044,10.0,9.0,7.0
2026-08-03,XLY,consumer_discretionary,SPY,-0.00800039878540737,0.42857142857142855,-0.00028363047901552597,-0.05563358820354081,0.42857142857142855,-0.0008030992617239355,-0.12128607237790878,0.4365079365079365,-0.0008777031190414288,5.0,8.0,10.0
2026-08-03,XLP,consumer_staples,SPY,-0.01883662072680381,0.47619047619047616,-0.0008487957408098342,-0.038885663883668764,0.4126984126984127,-0.0005769222807549325,-0.07178936083110754,0.42857142857142855,-0.0005246906026361505,6.0,6.0,9.0
2026-08-03,XLV,health_care,SPY,-0.02646792576652357,0.42857142857142855,-0.0012221351520148582,0.06851357754837806,0.5079365079365079,0.0010282597383726871,-0.043343539225839445,0.4523809523809524,-0.00030283778681432027,8.0,1.0,6.0
2026-08-03,XLU,utilities,SPY,-0.04790141798693348,0.42857142857142855,-0.002293881149211638,-0.09503994608928812,0.4603174603174603,-0.0014850598673474436,-0.061334405257375435,0.4523809523809524,-0.0004397472572717057,11.0,10.0,8.0
2026-08-03,XLRE,real_estate,SPY,-0.006116372018188931,0.42857142857142855,-0.00027715544435174833,-0.025741625924960765,0.4444444444444444,-0.00038067631051380996,0.006698863841625213,0.47619047619047616,5.555968920011629e-05,4.0,5.0,4.0
2026-08-03,XLC,communication_services,SPY,-0.0014311681495839945,0.5714285714285714,1.4880190588822686e-05,-0.09769045533119902,0.4444444444444444,-0.0015106865406603843,-0.16817135336288136,0.3968253968253968,-0.0012994030244980928,3.0,11.0,11.0
2026-08-04,XLK,technology,SPY,-0.008547623770728485,0.42857142857142855,-0.00018663889179009501,0.07769449262593153,0.5714285714285714,0.0013267334894610631,0.17472691054600542,0.5873015873015873,0.0013093458711497482,4.0,1.0,1.0
2026-08-04,XLF,financials,SPY,0.004306205057760248,0.5238095238095238,0.00019462795699599052,0.04904280092656377,0.47619047619047616,0.0007042231290495606,-0.0345321650871564,0.4444444444444444,-0.0002436235965114907,2.0,2.0,5.0
2026-08-04,XLI,industrials,SPY,-0.022160950884581698,0.42857142857142855,-0.0010122590988411093,0.01583978209215342,0.49206349206349204,0.00026817897314239283,0.0034406048497188646,0.49206349206349204,6.115512000772037e-05,7.0,4.0,4.0
2026-08-04,XLE,energy,SPY,0.07476149294568346,0.6666666666666666,0.003404712178970664,-0.08457119498383081,0.5396825396825397,-0.001224244293247625,0.07029005361226837,0.5793650793650794,0.0005520212108793197,1.0,9.0,2.0
2026-08-04,XLB,materials,SPY,-0.026302996708779336,0.5238095238095238,-0.0011940035002266872,-0.04653618605523113,0.5079365079365079,-0.0006565706849687987,-0.05914508453022882,0.47619047619047616,-0.00039596558202999817,10.0,6.0,6.0
2026-08-04,XLY,consumer_discretionary,SPY,-0.024315098994913242,0.42857142857142855,-0.001056194991341728,-0.07018410414270182,0.42857142857142855,-0.001014921365212039,-0.14135422150497845,0.42857142857142855,-0.0010283631620376288,8.0,8.0,10.0
2026-08-04,XLP,consumer_staples,SPY,-0.011586647658511362,0.47619047619047616,-0.0005068841474787499,-0.04803214611799289,0.4126984126984127,-0.0007070437274583676,-0.0920353776005125,0.42063492063492064,-0.0006747101985287251,6.0,7.0,9.0
2026-08-04,XLV,health_care,SPY,-0.025823361727924876,0.42857142857142855,-0.0011884981950956626,0.04792785705957092,0.49206349206349204,0.0007172608636552866,-0.06500493241921301,0.4444444444444444,-0.00046204289148420153,9.0,3.0,7.0
2026-08-04,XLU,utilities,SPY,-0.05295705468946943,0.42857142857142855,-0.0025264941718910285,-0.11969250319678115,0.4603174603174603,-0.0018574607211412106,-0.06621647721170754,0.4523809523809524,-0.0004724995626807707,11.0,11.0,8.0
2026-08-04,XLRE,real_estate,SPY,-0.006818786382402742,0.42857142857142855,-0.0003149770542894374,-0.0433211618694791,0.4444444444444444,-0.0006425591678421857,0.004856451014115137,0.47619047619047616,4.020688753024184e-05,3.0,5.0,3.0
2026-08-04,XLC,communication_services,SPY,-0.010083088313449728,0.5714285714285714,-0.0003937008903358733,-0.10948767037853935,0.4444444444444444,-0.0016708997588936983,-0.17339504126291228,0.3968253968253968,-0.0013260386984179286,5.0,10.0,11.0
2026-08-05,XLK,technology,SPY,0.00802995258753203,0.42857142857142855,0.000568716632582067,0.057456294001504205,0.5555555555555556,0.0010510196723577862,0.1893462120449112,0.5873015873015873,0.001389788925592986,2.0,3.0,1.0
2026-08-05,XLF,financials,SPY,0.005260274032716117,0.5238095238095238,0.0002384887480404282,0.06186340110201516,0.49206349206349204,0.0008930836865947625,-0.02944168689951132,0.4523809523809524,-0.00020498454883167652,3.0,2.0,5.0
2026-08-05,XLI,industrials,SPY,-0.007762361996539235,0.47619047619047616,-0.0003401732747505072,0.01718932402062734,0.49206349206349204,0.0002901957558186133,-0.013455618727341134,0.49206349206349204,-5.903121794123776e-05,5.0,4.0,4.0
2026-08-05,XLE,energy,SPY,0.01933523119863456,0.6190476190476191,0.0009355314204532595,-0.0953681481810792,0.5396825396825397,-0.001409452466701574,0.0021214970128307087,0.5714285714285714,7.977413264075623e-05,1.0,9.0,3.0
2026-08-05,XLB,materials,SPY,-0.007592596480129998,0.5714285714285714,-0.00030855846784356923,-0.04096317362020452,0.5079365079365079,-0.0005779598951134905,-0.07555000557949065,0.47619047619047616,-0.0005173881806318962,4.0,6.0,7.0
2026-08-05,XLY,consumer_discretionary,SPY,-0.018881839279894397,0.47619047619047616,-0.0007963219131967529,-0.059493746162042394,0.4444444444444444,-0.0008561189191939009,-0.13782629776974664,0.42857142857142855,-0.0009923724723690007,6.0,8.0,10.0
2026-08-05,XLP,consumer_staples,SPY,-0.023991557396315644,0.47619047619047616,-0.0010907290753746422,-0.044171976373723165,0.42857142857142855,-0.0006542535614187551,-0.11609237646508008,0.42063492063492064,-0.0008583644733923195,8.0,7.0,9.0
2026-08-05,XLV,health_care,SPY,-0.031232847071741343,0.42857142857142855,-0.0014437126805696473,0.06845944926336522,0.5079365079365079,0.0010154925843105969,-0.047951821362269165,0.4523809523809524,-0.00033139269821034936,10.0,1.0,6.0
2026-08-05,XLU,utilities,SPY,-0.07416907475744583,0.38095238095238093,-0.0035639769828668807,-0.11875434886393099,0.4603174603174603,-0.0018603647644378338,-0.09906584078480574,0.4444444444444444,-0.0007201815478258108,11.0,11.0,8.0
2026-08-05,XLRE,real_estate,SPY,-0.022624305452056737,0.42857142857142855,-0.0010596496227452058,-0.0340374392718632,0.4603174603174603,-0.0005053942133343681,0.0024557311642132706,0.47619047619047616,2.32805820233716e-05,7.0,5.0,2.0
2026-08-05,XLC,communication_services,SPY,-0.030881158770093786,0.5238095238095238,-0.0013721562939931632,-0.10499501701327096,0.4444444444444444,-0.0016133698696010246,-0.17521736988719638,0.3968253968253968,-0.001332180502290422,9.0,10.0,11.0
2026-08-06,XLK,technology,SPY,-0.009405655516430356,0.38095238095238093,-0.00024086425145701594,0.04125861762242411,0.5396825396825397,0.0008258161098206098,0.21908264195014615,0.5873015873015873,0.0015604700721839713,6.0,3.0,1.0
2026-08-06,XLF,financials,SPY,0.020594016832360174,0.5238095238095238,0.0009290135133155934,0.0690432731114321,0.49206349206349204,0.001010154973109588,-0.04536331777270175,0.4444444444444444,-0.0003204990865559111,1.0,2.0,5.0
2026-08-06,XLI,industrials,SPY,-0.007015566328759659,0.47619047619047616,-0.00030575333746609595,-0.002846134712100712,0.47619047619047616,-9.863478713253949e-06,-0.029498598525375508,0.48412698412698413,-0.00017365151478640175,5.0,4.0,4.0
2026-08-06,XLE,energy,SPY,0.014972662337639164,0.6190476190476191,0.0007341240066240981,-0.02231580280148493,0.5555555555555556,-0.00027389860822636165,-0.009918077318329832,0.5714285714285714,-6.4536001587681e-06,2.0,5.0,2.0
2026-08-06,XLB,materials,SPY,0.00900120790150205,0.5714285714285714,0.00044326358189396487,-0.05088253338515003,0.49206349206349204,-0.0007447671979248351,-0.11234875166987157,0.46825396825396826,-0.0008002930410410176,3.0,8.0,8.0
2026-08-06,XLY,consumer_discretionary,SPY,-0.006786094155921241,0.47619047619047616,-0.00023629041856781146,-0.06282797112940608,0.42857142857142855,-0.0009243667307875831,-0.13870581281857974,0.42857142857142855,-0.0009958779981875737,4.0,9.0,10.0
2026-08-06,XLP,consumer_staples,SPY,-0.022538698000397206,0.47619047619047616,-0.0010207913720032295,-0.03268724098042264,0.42857142857142855,-0.00048317926970504956,-0.13526952420941063,0.4126984126984127,-0.0010081045372099088,10.0,6.0,9.0
2026-08-06,XLV,health_care,SPY,-0.017823493627525666,0.47619047619047616,-0.0008109139696327686,0.08598084550234164,0.5238095238095238,0.0012785972930397153,-0.06302762818326846,0.4523809523809524,-0.00044253392379459003,9.0,1.0,6.0
2026-08-06,XLU,utilities,SPY,-0.07472131206471777,0.38095238095238093,-0.003586117622155475,-0.0949387109812907,0.4603174603174603,-0.0014902478323634586,-0.10551306949119166,0.4365079365079365,-0.0007674750222999554,11.0,10.0,7.0
2026-08-06,XLRE,real_estate,SPY,-0.016121495693256715,0.42857142857142855,-0.0007565652651456594,-0.039684030900396516,0.4603174603174603,-0.0006012014932798315,-0.02839194595561323,0.46825396825396826,-0.00019736745333503913,8.0,7.0,3.0
2026-08-06,XLC,communication_services,SPY,-0.015357015160223142,0.5714285714285714,-0.0006409215610857817,-0.10013820127296025,0.4444444444444444,-0.001559112467001895,-0.1685864364799502,0.40476190476190477,-0.0012723892936685778,7.0,11.0,11.0
2026-08-07,XLK,technology,SPY,-0.014532560616472567,0.38095238095238093,-0.00048754958960571326,0.04935104753946584,0.5396825396825397,0.0009379273827380236,0.24207511903684975,0.5952380952380952,0.0016689465637503048,9.0,3.0,1.0
2026-08-07,XLF,financials,SPY,0.008422387454941394,0.47619047619047616,0.0003741551985426377,0.06158025406329015,0.49206349206349204,0.000895552383507371,-0.05696540168041464,0.4365079365079365,-0.0003984410563434262,3.0,2.0,5.0
2026-08-07,XLI,industrials,SPY,-0.006195466664114191,0.47619047619047616,-0.00026772058901113917,0.00717566693179883,0.47619047619047616,0.00013804781668130906,-0.04156187732293137,0.47619047619047616,-0.0002554753204751347,6.0,4.0,4.0
2026-08-07,XLE,energy,SPY,0.020219319975744998,0.6190476190476191,0.0009736789604451589,-0.024580757030647327,0.5555555555555556,-0.0003073653701687822,-0.0306937904917417,0.5634920634920635,-0.00015103205412764572,2.0,5.0,2.0
2026-08-07,XLB,materials,SPY,0.023063092789439743,0.6190476190476191,0.0010900421885791417,-0.02744560298319576,0.5079365079365079,-0.00037467625576882913,-0.09188655360386377,0.47619047619047616,-0.0006303813269571756,1.0,6.0,7.0
2026-08-07,XLY,consumer_discretionary,SPY,-0.0029084139126229758,0.47619047619047616,-5.4890747659773276e-05,-0.05787007584423476,0.42857142857142855,-0.0008348779084897827,-0.12312151645593272,0.4365079365079365,-0.0008541052625626392,4.0,9.0,9.0
2026-08-07,XLP,consumer_staples,SPY,-0.005590959668956064,0.47619047619047616,-0.0002318081581118041,-0.03908812703556008,0.42857142857142855,-0.0005780613664678147,-0.15556872465243554,0.40476190476190477,-0.0011484410916355837,5.0,8.0,10.0
2026-08-07,XLV,health_care,SPY,-0.0070240330368540604,0.5238095238095238,-0.00030470593953245217,0.09018477386591695,0.5396825396825397,0.0013258145941867036,-0.06806043731741207,0.4523809523809524,-0.000470298958954374,7.0,1.0,6.0
2026-08-07,XLU,utilities,SPY,-0.0623484412473404,0.38095238095238093,-0.0029802885790696865,-0.08699006429545131,0.4603174603174603,-0.001346945717072499,-0.12179204457559689,0.42857142857142855,-0.0008767352099183902,11.0,10.0,8.0
2026-08-07,XLRE,real_estate,SPY,-0.011711136468136818,0.42857142857142855,-0.0005502939774713532,-0.0377552934835681,0.4603174603174603,-0.0005660947378723825,-0.03929541235550382,0.4603174603174603,-0.00027088643303839103,8.0,7.0,3.0
2026-08-07,XLC,communication_services,SPY,-0.021971746158188754,0.5238095238095238,-0.0009558294066465187,-0.1094534576680426,0.42857142857142855,-0.001698913614805051,-0.1843334613187806,0.3968253968253968,-0.0013749582334117072,10.0,11.0,11.0
2026-08-10,XLK,technology,SPY,-0.021041918307929564,0.38095238095238093,-0.0007966106944241391,0.01209148640337876,0.5238095238095238,0.0003890189598772317,0.19814277287005466,0.5873015873015873,0.0014320632294846731,8.0,5.0,1.0
2026-08-10,XLF,financials,SPY,0.013746620909873108,0.5238095238095238,0.0006214235874455412,0.0814666050967483,0.5079365079365079,0.0011846472893266005,-0.05062227842542821,0.4444444444444444,-0.0003593473142472677,4.0,2.0,4.0
2026-08-10,XLI,industrials,SPY,-0.009216834133892515,0.42857142857142855,-0.00041042751595814816,0.017736475189954692,0.47619047619047616,0.0002970825575357518,-0.05370794624190567,0.46825396825396826,-0.00035244206589466143,6.0,4.0,6.0
2026-08-10,XLE,energy,SPY,0.06864393369377053,0.6190476190476191,0.003186700093307708,0.03751699634983541,0.5714285714285714,0.0006391506093079525,0.020452399241037478,0.5634920634920635,0.00021540760457468652,1.0,3.0,2.0
2026-08-10,XLB,materials,SPY,0.021050407900959245,0.6190476190476191,0.00100082584553241,-0.016031435615354583,0.5238095238095238,-0.00020149017280966775,-0.08438634074623153,0.47619047619047616,-0.0005864452513997228,3.0,6.0,7.0
2026-08-10,XLY,consumer_discretionary,SPY,-0.00322191070516209,0.47619047619047616,-6.990188061564573e-05,-0.05313109529539528,0.42857142857142855,-0.00076663958000804,-0.10697499551803191,0.4365079365079365,-0.0007444840089314608,5.0,9.0,8.0
2026-08-10,XLP,consumer_staples,SPY,-0.014081840498165299,0.42857142857142855,-0.0006340669431411068,-0.03455663522277197,0.42857142857142855,-0.0005117959040282201,-0.14709881556445503,0.40476190476190477,-0.0011028066519097998,7.0,7.0,10.0
2026-08-10,XLV,health_care,SPY,0.02330333828709974,0.5714285714285714,0.0010985100978378644,0.12835112422672923,0.5555555555555556,0.0018609150391004495,-0.04811944308551497,0.4603174603174603,-0.0003305728065118889,2.0,1.0,3.0
2026-08-10,XLU,utilities,SPY,-0.07415780642558079,0.3333333333333333,-0.0035804473539193487,-0.08010176201839747,0.4603174603174603,-0.0012451663664444642,-0.11699749974512685,0.42857142857142855,-0.0008555042213887775,11.0,10.0,9.0
2026-08-10,XLRE,real_estate,SPY,-0.025073470327035996,0.38095238095238093,-0.0011817714362554982,-0.042169970071959995,0.4603174603174603,-0.0006385745696697375,-0.05144624335785908,0.4603174603174603,-0.0003648993617068458,10.0,8.0,5.0
2026-08-10,XLC,communication_services,SPY,-0.02224670727894673,0.5238095238095238,-0.0009750778777788881,-0.09191550234876977,0.4444444444444444,-0.0014208905186275985,-0.15362156217986855,0.40476190476190477,-0.0011482276433419352,9.0,11.0,11.0
2026-08-11,XLK,technology,SPY,-0.0020180913176601756,0.42857142857142855,8.561735612564565e-05,0.0024336800727144947,0.5238095238095238,0.00024287029914087693,0.1850172609251548,0.5873015873015873,0.0013610507286949927,7.0,5.0,1.0
2026-08-11,XLF,financials,SPY,0.0023026639800509674,0.5238095238095238,9.30436300480022e-05,0.08833505429921895,0.5238095238095238,0.0012873581678791623,-0.035455761904087835,0.4523809523809524,-0.00025028695048714305,4.0,2.0,4.0
2026-08-11,XLI,industrials,SPY,0.0009987623332172735,0.47619047619047616,6.66253670359493e-05,0.018542108734928897,0.47619047619047616,0.00030990909171119395,-0.041571530805755375,0.47619047619047616,-0.0002653526022608109,5.0,4.0,5.0
2026-08-11,XLE,energy,SPY,0.04529396786881268,0.6190476190476191,0.0021325915053910767,0.02848643330923606,0.5714285714285714,0.0005049297885150606,0.035275263405797785,0.5634920634920635,0.00031981840793290694,1.0,3.0,2.0
2026-08-11,XLB,materials,SPY,0.024038334278975615,0.6190476190476191,0.0011322009202546885,-0.022406715691476675,0.5238095238095238,-0.00030285257020106875,-0.08761412311130323,0.47619047619047616,-0.0006170950698963555,2.0,7.0,7.0
2026-08-11,XLY,consumer_discretionary,SPY,-0.0009749461313011132,0.47619047619047616,3.396746755562103e-05,-0.04406704568334052,0.42857142857142855,-0.0006272003063863419,-0.09785798541594382,0.4365079365079365,-0.000679778064730796,6.0,8.0,8.0
2026-08-11,XLP,consumer_staples,SPY,-0.027369372266036862,0.42857142857142855,-0.0012582885801041752,-0.022086927236716125,0.4444444444444444,-0.00032077169624279196,-0.1354259341055808,0.4126984126984127,-0.0010174418346438152,8.0,6.0,10.0
2026-08-11,XLV,health_care,SPY,0.012337984919061684,0.5714285714285714,0.0005957605670324826,0.13477823557572388,0.5714285714285714,0.0019570432317596808,-0.0323374973241326,0.46825396825396826,-0.0002172564449046756,3.0,1.0,3.0
2026-08-11,XLU,utilities,SPY,-0.07426465529243298,0.3333333333333333,-0.0035659129258157987,-0.07224800525363029,0.4603174603174603,-0.001123358409898003,-0.09938017323119941,0.4365079365079365,-0.0007236706300617346,11.0,10.0,9.0
2026-08-11,XLRE,real_estate,SPY,-0.04242183925806997,0.3333333333333333,-0.002005219629251291,-0.04729577699451193,0.4444444444444444,-0.0007232905919172267,-0.056767850379992435,0.4523809523809524,-0.0004076133082939069,10.0,9.0,6.0
2026-08-11,XLC,communication_services,SPY,-0.031419255133881,0.47619047619047616,-0.001404633437161346,-0.07975414639720291,0.4444444444444444,-0.001228904627204891,-0.15877330427476155,0.3968253968253968,-0.0012011300066489714,9.0,11.0,11.0
2026-08-12,XLK,technology,SPY,0.0010576470007606087,0.42857142857142855,0.0002295737801961525,0.03007819085747876,0.5396825396825397,0.0006544891807361471,0.20604448051217705,0.5952380952380952,0.0014826713349509943,6.0,3.0,1.0
2026-08-12,XLF,financials,SPY,0.0034922578616314315,0.5238095238095238,0.00014829320453262667,0.07767418150129934,0.5079365079365079,0.0011324519097097986,-0.03107878393929031,0.4523809523809524,-0.00021723508509411863,4.0,2.0,4.0
2026-08-12,XLI,industrials,SPY,0.0026119024935400414,0.47619047619047616,0.00014147224515948493,0.019579179566069582,0.47619047619047616,0.00032406169985899774,-0.047583886157457345,0.46825396825396826,-0.0003080636359966649,5.0,4.0,5.0
2026-08-12,XLE,energy,SPY,0.04416217519584409,0.5714285714285714,0.002084310809954399,0.018570759402223302,0.5555555555555556,0.00035611864263255085,0.03270187931309265,0.5555555555555556,0.0003009129747184133,1.0,5.0,2.0
2026-08-12,XLB,materials,SPY,0.01083010526575845,0.6190476190476191,0.0005352055393143408,-0.03696567532950179,0.5238095238095238,-0.0005269823307761123,-0.12013817464413501,0.46825396825396826,-0.0008673214375930291,3.0,7.0,8.0
2026-08-12,XLY,consumer_discretionary,SPY,-0.010309624599974532,0.47619047619047616,-0.00039790096149891615,-0.05057076552138495,0.42857142857142855,-0.0007271012459761458,-0.12178067661838199,0.42857142857142855,-0.0008631031084215838,8.0,9.0,9.0
2026-08-12,XLP,consumer_staples,SPY,-0.007580230998339488,0.47619047619047616,-0.0003305550970485381,-0.03460466882434665,0.4444444444444444,-0.0005151999373633313,-0.13349807787771428,0.42063492063492064,-0.0009962850635637335,7.0,6.0,10.0
2026-08-12,XLV,health_care,SPY,0.03664329305973468,0.6190476190476191,0.0016879091043166406,0.11080329329832539,0.5714285714285714,0.0016220416583716624,-0.028391853489361685,0.47619047619047616,-0.00018748863219568754,2.0,1.0,3.0
2026-08-12,XLU,utilities,SPY,-0.06796980832939603,0.38095238095238093,-0.003255656507288186,-0.07285430337010512,0.4603174603174603,-0.0011283440649330844,-0.11688543833350185,0.4365079365079365,-0.0008577021024275504,11.0,10.0,7.0
2026-08-12,XLRE,real_estate,SPY,-0.027254711884908245,0.38095238095238093,-0.0012781256632769654,-0.042448892640893465,0.4444444444444444,-0.0006430180463602619,-0.0673957213933789,0.4523809523809524,-0.00048543197336159947,9.0,8.0,6.0
2026-08-12,XLC,communication_services,SPY,-0.038067290578166935,0.47619047619047616,-0.0017230421088003233,-0.09494709772768006,0.42857142857142855,-0.0014738146692922021,-0.17878302407727165,0.3888888888888889,-0.0013607971226465851,10.0,11.0,11.0
2026-08-13,XLK,technology,SPY,0.02004732094768724,0.47619047619047616,0.0010966869086270865,0.029379259387322998,0.5396825396825397,0.0006435823795841504,0.20744474039493688,0.5952380952380952,0.0014823414929168897,3.0,3.0,1.0
2026-08-13,XLF,financials,SPY,-0.000507470390962439,0.47619047619047616,-3.77850371873529e-05,0.09596162993723523,0.5079365079365079,0.0013852469553962748,-0.01591094988780206,0.4523809523809524,-0.00010780953962762669,7.0,2.0,3.0
2026-08-13,XLI,industrials,SPY,0.0012587096702265654,0.47619047619047616,7.781485089412909e-05,0.022110701634612706,0.47619047619047616,0.00036089052729880596,-0.06190681719350377,0.4603174603174603,-0.0004115579316828788,5.0,4.0,6.0
2026-08-13,XLE,energy,SPY,0.050143996116456924,0.5714285714285714,0.00234047584514519,0.016540928708654867,0.5555555555555556,0.0003254325808901687,-0.004239574484491859,0.5476190476190477,4.0229756260830066e-05,1.0,5.0,2.0
2026-08-13,XLB,materials,SPY,0.00527761856094866,0.6190476190476191,0.00027881222281800344,-0.04205851616293188,0.5238095238095238,-0.0006060832396502332,-0.1465718134716545,0.4603174603174603,-0.0010717862346265683,4.0,8.0,10.0
2026-08-13,XLY,consumer_discretionary,SPY,-0.018170856481586117,0.42857142857142855,-0.0007671665199023636,-0.05090386407681413,0.42857142857142855,-0.000731348702412016,-0.1202548833679169,0.42857142857142855,-0.0008443843289961747,9.0,9.0,7.0
2026-08-13,XLP,consumer_staples,SPY,-0.0002537167365141979,0.5238095238095238,1.2306684766588958e-05,-0.028465714529300357,0.4603174603174603,-0.00041814004801306954,-0.145028345550966,0.42063492063492064,-0.0010815097351001659,6.0,7.0,9.0
2026-08-13,XLV,health_care,SPY,0.0331798446250855,0.6190476190476191,0.0015274321924465064,0.10215037456705112,0.5555555555555556,0.001500847515412776,-0.04330880233061052,0.46825396825396826,-0.0002945329658351322,2.0,1.0,4.0
2026-08-13,XLU,utilities,SPY,-0.056658647221290104,0.38095238095238093,-0.002692089849529458,-0.058425678039940365,0.4603174603174603,-0.0008952263378060074,-0.12922181036270142,0.42857142857142855,-0.0009487347935605229,11.0,10.0,8.0
2026-08-13,XLRE,real_estate,SPY,-0.017996723012730254,0.42857142857142855,-0.000832982750150482,-0.02109089823691357,0.4603174603174603,-0.0003084529556442794,-0.05955191629655454,0.4603174603174603,-0.00042284770396690903,8.0,6.0,5.0
2026-08-13,XLC,communication_services,SPY,-0.037884456909944575,0.47619047619047616,-0.0017065861809032838,-0.08416686678763852,0.42857142857142855,-0.0012908631263264935,-0.16044212054722806,0.3968253968253968,-0.0011972094764354675,10.0,11.0,11.0
2026-08-14,XLK,technology,SPY,0.03623089880454122,0.47619047619047616,0.0018079471364732536,0.01948855458243881,0.5238095238095238,0.0004992287299309188,0.2226386800552611,0.5952380952380952,0.0015525489613334963,2.0,5.0,1.0
2026-08-14,XLF,financials,SPY,-0.009281501692267602,0.47619047619047616,-0.00044324045307805475,0.09759122954617716,0.5238095238095238,0.001421343436860582,-0.010689322646635135,0.4603174603174603,-7.03218517503512e-05,6.0,2.0,3.0
2026-08-14,XLI,industrials,SPY,0.0011766040081497842,0.47619047619047616,7.47972590995138e-05,0.03106835256335172,0.49206349206349204,0.0004977671731930657,-0.06025392369693572,0.4603174603174603,-0.000392828019150098,3.0,4.0,4.0
2026-08-14,XLE,energy,SPY,0.05163205729862552,0.5714285714285714,0.002401345095934831,0.0334905814208033,0.5714285714285714,0.0005819371557171356,0.017120983730961603,0.5555555555555556,0.00018816590399377164,1.0,3.0,2.0
2026-08-14,XLB,materials,SPY,-0.0017044107456989366,0.6190476190476191,-4.332160686302901e-05,-0.019685425668363177,0.5396825396825397,-0.00026065008440667725,-0.14293561763077034,0.4603174603174603,-0.0010268585645422604,5.0,7.0,8.0
2026-08-14,XLY,consumer_discretionary,SPY,-0.026798179524405663,0.38095238095238093,-0.0011698071417193256,-0.04230092641144245,0.42857142857142855,-0.000601434128956145,-0.12370233315206547,0.42063492063492064,-0.0008581777228204355,7.0,9.0,7.0
2026-08-14,XLP,consumer_staples,SPY,-0.030864305156584892,0.5238095238095238,-0.0014365703191268804,-0.02023409092178219,0.47619047619047616,-0.00029351222680309855,-0.16841231459831374,0.42063492063492064,-0.0012528241117222988,8.0,8.0,11.0
2026-08-14,XLV,health_care,SPY,0.00029785264629755837,0.5714285714285714,2.2105829412147205e-05,0.10615337465741126,0.5555555555555556,0.0015710211613480035,-0.06355773838673096,0.4603174603174603,-0.00043633907832946097,4.0,1.0,5.0
2026-08-14,XLU,utilities,SPY,-0.05963863608989872,0.38095238095238093,-0.0028271676020813485,-0.04716386763749225,0.47619047619047616,-0.0007229101512936512,-0.15323480101903952,0.42857142857142855,-0.0011244476040066466,11.0,10.0,9.0
2026-08-14,XLRE,real_estate,SPY,-0.03830678231704632,0.42857142857142855,-0.0018002131680395137,-0.00031839159666113837,0.47619047619047616,8.758466010989302e-06,-0.07320764715926087,0.4603174603174603,-0.0005163415936790314,10.0,6.0,6.0
2026-08-14,XLC,communication_services,SPY,-0.03146423880792337,0.5238095238095238,-0.0013945145970317072,-0.07333823324928868,0.4444444444444444,-0.0011253019025669903,-0.15463045816712762,0.40476190476190477,-0.0011331341863818443,9.0,11.0,10.0
2026-08-17,XLK,technology,SPY,0.04436169277479518,0.5238095238095238,0.0021571771394421424,0.03304201678978802,0.5396825396825397,0.0006957325930713275,0.22765257285753493,0.5952380952380952,0.0015886547609902423,2.0,4.0,1.0
2026-08-17,XLF,financials,SPY,-0.01606441704076156,0.42857142857142855,-0.0007531382706813105,0.08274333542385692,0.5079365079365079,0.0012059470973314736,-0.01491872104715708,0.4603174603174603,-0.00010021708442281122,6.0,2.0,3.0
2026-08-17,XLI,industrials,SPY,-0.0010118231159725877,0.47619047619047616,-2.428840037970223e-05,0.04170838914459796,0.5079365079365079,0.000648572438079012,-0.06398095590876651,0.4603174603174603,-0.0004230405935051249,3.0,3.0,4.0
2026-08-17,XLE,energy,SPY,0.045424506637931295,0.5714285714285714,0.00211932227006394,0.012405118682740746,0.5714285714285714,0.0002633348410880885,0.02792148443623499,0.5555555555555556,0.0002627668413761793,1.0,5.0,2.0
2026-08-17,XLB,materials,SPY,-0.0056856350782439335,0.5714285714285714,-0.00022454144557584744,-0.005562068160826383,0.5396825396825397,-4.632368859079264e-05,-0.1514187788448048,0.4523809523809524,-0.0011011742371210382,5.0,7.0,8.0
2026-08-17,XLY,consumer_discretionary,SPY,-0.02817911071830359,0.38095238095238093,-0.0012290879544452442,-0.04412969745432549,0.42857142857142855,-0.000625816830373119,-0.130454373786278,0.42063492063492064,-0.0009158447086259479,7.0,10.0,7.0
2026-08-17,XLP,consumer_staples,SPY,-0.04551361872966797,0.47619047619047616,-0.0021186057675951233,-0.040599570572004584,0.4603174603174603,-0.0006058796032451281,-0.18142002504070165,0.4126984126984127,-0.0013663887420356019,9.0,9.0,11.0
2026-08-17,XLV,health_care,SPY,-0.002528981702959454,0.5714285714285714,-0.00010615601645134833,0.10833829431287523,0.5555555555555556,0.0015903938831927037,-0.07084689735013305,0.4603174603174603,-0.0004933637071064965,4.0,1.0,5.0
2026-08-17,XLU,utilities,SPY,-0.06144413095535706,0.38095238095238093,-0.002898875443102966,-0.034517064904088235,0.49206349206349204,-0.0005212583369051825,-0.1765263104814352,0.42857142857142855,-0.0013238635124806681,11.0,8.0,10.0
2026-08-17,XLRE,real_estate,SPY,-0.052516767876430115,0.38095238095238093,-0.002467322948267749,-0.0019155138890039058,0.47619047619047616,-1.56101710666354e-05,-0.09279264121939224,0.4523809523809524,-0.0006670015205109187,10.0,6.0,6.0
2026-08-17,XLC,communication_services,SPY,-0.03799061628661349,0.5238095238095238,-0.001693255639851285,-0.09084401436703882,0.42857142857142855,-0.0014009319969305383,-0.16659058945707717,0.40476190476190477,-0.0012355360287174464,8.0,11.0,9.0
2026-08-18,XLK,technology,SPY,0.02222594989973037,0.47619047619047616,0.0011934912446592415,0.024181640010440653,0.5396825396825397,0.0005709144319685606,0.2041784068332444,0.5952380952380952,0.0014636329512809037,3.0,4.0,1.0
2026-08-18,XLF,financials,SPY,-0.0020538313256992513,0.47619047619047616,-0.0001070822599853313,0.08014634809235055,0.5079365079365079,0.0011748864109527226,-0.012222076399440951,0.4603174603174603,-8.24698102336301e-05,5.0,2.0,3.0
2026-08-18,XLI,industrials,SPY,-0.0035763120612064547,0.47619047619047616,-0.00013990230085346775,0.03605885501508421,0.5079365079365079,0.0005705552613295029,-0.07584000349732345,0.4523809523809524,-0.0005152233863139767,6.0,3.0,5.0
2026-08-18,XLE,energy,SPY,0.06489430116423911,0.5714285714285714,0.0029865249156999984,0.017086051280487347,0.5714285714285714,0.0003339805583653822,0.0712196318290248,0.5634920634920635,0.0005563084077420263,1.0,5.0,2.0
2026-08-18,XLB,materials,SPY,0.0008052819122561505,0.5714285714285714,7.216915679810647e-05,-0.006748260548301577,0.5396825396825397,-6.478352219584953e-05,-0.13926297195690163,0.4523809523809524,-0.001013823515186096,4.0,6.0,8.0
2026-08-18,XLY,consumer_discretionary,SPY,-0.018904557895400798,0.42857142857142855,-0.0008009541038633721,-0.03932953483946333,0.4444444444444444,-0.0005541681324474775,-0.12309104479201194,0.42857142857142855,-0.0008663700313760559,7.0,10.0,7.0
2026-08-18,XLP,consumer_staples,SPY,-0.02568915440044206,0.5238095238095238,-0.0011832076815697858,-0.03847925259009255,0.4603174603174603,-0.0005774048805966635,-0.14733854432475813,0.42063492063492064,-0.0010994620146900392,8.0,9.0,9.0
2026-08-18,XLV,health_care,SPY,0.031634718874752554,0.6190476190476191,0.0014465391949461841,0.12823823444376448,0.5555555555555556,0.0018732904771159263,-0.04211419971274499,0.46825396825396826,-0.000284514716554169,2.0,1.0,4.0
2026-08-18,XLU,utilities,SPY,-0.05464543151271506,0.42857142857142855,-0.002584032619076275,-0.03344895044435825,0.49206349206349204,-0.0005080035935478795,-0.1680106855825514,0.4365079365079365,-0.00126570186096452,11.0,8.0,11.0
2026-08-18,XLRE,real_estate,SPY,-0.04743922965865188,0.42857142857142855,-0.002235741381482705,-0.012613363573836356,0.47619047619047616,-0.00018128911199530792,-0.09837476557153924,0.4523809523809524,-0.000716262850934213,10.0,7.0,6.0
2026-08-18,XLC,communication_services,SPY,-0.03706181534241493,0.5238095238095238,-0.0016590778310295715,-0.09477484105893408,0.42857142857142855,-0.0014766312057622449,-0.15852876551901673,0.4126984126984127,-0.0011809947810852129,9.0,11.0,10.0
2026-08-19,XLK,technology,SPY,-0.011949972250624219,0.42857142857142855,-0.00039116472752883286,0.010444798787356602,0.5238095238095238,0.00036453258067868443,0.17985917426347875,0.5873015873015873,0.0013209378832147254,8.0,5.0,1.0
2026-08-19,XLF,financials,SPY,-0.003354004067361638,0.47619047619047616,-0.00016563975326490068,0.07794204768735469,0.5079365079365079,0.001133408209324242,-0.02411012273212232,0.4523809523809524,-0.00016783112651254923,6.0,2.0,4.0
2026-08-19,XLI,industrials,SPY,-0.009355481571542867,0.47619047619047616,-0.0004072007671933397,0.030087521251725313,0.5079365079365079,0.0004783002932469103,-0.08159812076375728,0.4523809523809524,-0.000560118226961937,7.0,3.0,6.0
2026-08-19,XLE,energy,SPY,0.05906732829627015,0.5238095238095238,0.0027488082154231365,-0.006006931575466501,0.5555555555555556,-1.600387554398464e-05,0.05009070010514405,0.5555555555555556,0.0004150926480534544,2.0,6.0,2.0
2026-08-19,XLB,materials,SPY,0.020533124436981964,0.6190476190476191,0.0009833873630590083,0.024115400624391325,0.5555555555555556,0.0003959987394849527,-0.1278651455980815,0.4523809523809524,-0.0009252594609815441,3.0,4.0,8.0
2026-08-19,XLY,consumer_discretionary,SPY,0.004614068171660879,0.47619047619047616,0.0003009275570462383,-0.017848739732772456,0.4603174603174603,-0.00021295988137622708,-0.1090844663018784,0.42857142857142855,-0.0007579636506475234,4.0,7.0,7.0
2026-08-19,XLP,consumer_staples,SPY,0.0017324670912723938,0.5714285714285714,9.719055879801412e-05,-0.038649536729152834,0.4603174603174603,-0.0005734831323864852,-0.13120630138415834,0.42857142857142855,-0.0009727037470012482,5.0,9.0,9.0
2026-08-19,XLV,health_care,SPY,0.06851669593568932,0.6666666666666666,0.003114143794739494,0.1469137586742375,0.5555555555555556,0.0021164172398508807,-0.002819551760798955,0.47619047619047616,1.907717061912779e-06,1.0,1.0,3.0
2026-08-19,XLU,utilities,SPY,-0.047805878582909744,0.42857142857142855,-0.002265531671021086,-0.051729007027189966,0.47619047619047616,-0.0007915261922863519,-0.1484673647846999,0.4365079365079365,-0.0011106075300082426,11.0,10.0,10.0
2026-08-19,XLRE,real_estate,SPY,-0.03241630720708144,0.47619047619047616,-0.0015227386162774757,-0.017982956267981187,0.47619047619047616,-0.0002612110901631972,-0.07259749978593755,0.4603174603174603,-0.0005223458692026666,10.0,8.0,5.0
2026-08-19,XLC,communication_services,SPY,-0.01604622613843598,0.5714285714285714,-0.0006687863332940252,-0.08745396461106325,0.4444444444444444,-0.0013416413610412156,-0.1494613393655102,0.42063492063492064,-0.0011105012343655164,9.0,11.0,11.0
2026-08-20,XLK,technology,SPY,-0.004624837213383692,0.47619047619047616,-5.222516221700272e-05,0.003425150156544543,0.5238095238095238,0.00025653681379191604,0.18902975619053963,0.5952380952380952,0.0013827609505082635,6.0,6.0,1.0
2026-08-20,XLF,financials,SPY,-0.004266401885170801,0.42857142857142855,-0.00020916702693616975,0.07480891431510583,0.49206349206349204,0.0011091133095200826,-0.01855059084685262,0.4523809523809524,-0.0001288747904949439,5.0,2.0,4.0
2026-08-20,XLI,industrials,SPY,-0.015179556224617308,0.42857142857142855,-0.0006837535131950512,0.024086658810240413,0.49206349206349204,0.00039694115029270053,-0.09522050131746496,0.4444444444444444,-0.0006684176381912843,9.0,5.0,6.0
2026-08-20,XLE,energy,SPY,0.05653457302059395,0.5238095238095238,0.0026509555914809063,0.04228857685171272,0.5714285714285714,0.0007083355067613691,0.05119328272935464,0.5555555555555556,0.0004240944158362341,2.0,3.0,2.0
2026-08-20,XLB,materials,SPY,0.011160116801683717,0.6190476190476191,0.0005529963907066641,0.026793078982592977,0.5555555555555556,0.0004416902803502041,-0.11967298847049834,0.4603174603174603,-0.000866197147153492,3.0,4.0,8.0
2026-08-20,XLY,consumer_discretionary,SPY,0.0030057520795934156,0.47619047619047616,0.00023097498428589373,-0.0401651133658113,0.4444444444444444,-0.0005741462212067251,-0.11224534272010511,0.42857142857142855,-0.0007871534094231743,4.0,9.0,7.0
2026-08-20,XLP,consumer_staples,SPY,-0.00918341132561551,0.5238095238095238,-0.00041077088241733443,-0.02686930078186167,0.4603174603174603,-0.0003961435411141055,-0.1345879529826438,0.42857142857142855,-0.0010055015538617215,8.0,8.0,9.0
2026-08-20,XLV,health_care,SPY,0.060966118815889425,0.6666666666666666,0.0028106680081045462,0.14539915141732407,0.5555555555555556,0.0021356455932825475,-0.01448027253690376,0.46825396825396826,-8.03493534915921e-05,1.0,1.0,3.0
2026-08-20,XLU,utilities,SPY,-0.06735160379301808,0.42857142857142855,-0.0032620340460567812,-0.04179922926755797,0.49206349206349204,-0.000646516399166608,-0.15805909960772457,0.4365079365079365,-0.0011969509893014413,11.0,10.0,11.0
2026-08-20,XLRE,real_estate,SPY,-0.0187682332261343,0.5238095238095238,-0.0008826817774597437,-0.007932246845760549,0.47619047619047616,-0.00011045326785279792,-0.06031324233379887,0.46825396825396826,-0.00043327336754821617,10.0,7.0,5.0
2026-08-20,XLC,communication_services,SPY,-0.00677037653648882,0.6190476190476191,-0.00023872062295798591,-0.07565689292916145,0.4603174603174603,-0.0011711375947584756,-0.1532105153974349,0.42063492063492064,-0.0011484890049020483,7.0,11.0,10.0
2026-08-21,XLK,technology,SPY,-0.010073420909855413,0.42857142857142855,-0.00029973338228163007,-0.006027707229663504,0.5079365079365079,0.00011045097730552049,0.18779072013451614,0.5952380952380952,0.0013788644425029196,8.0,6.0,1.0
2026-08-21,XLF,financials,SPY,-0.007753983010558407,0.42857142857142855,-0.0003619831921911885,0.08142313871683426,0.5079365079365079,0.0012018625647981947,-0.012008452451071738,0.4603174603174603,-8.183206533908284e-05,7.0,2.0,4.0
2026-08-21,XLI,industrials,SPY,-0.04659673408297371,0.38095238095238093,-0.0021622068396683534,0.025976084398555033,0.49206349206349204,0.00042445415645859304,-0.09415185297569373,0.4444444444444444,-0.0006623568980588282,10.0,5.0,6.0
2026-08-21,XLE,energy,SPY,0.03443335321999963,0.47619047619047616,0.001641117822604872,0.05041113188720914,0.5714285714285714,0.0008253241320028323,0.05905627167683125,0.5555555555555556,0.0004784746802605202,3.0,3.0,2.0
2026-08-21,XLB,materials,SPY,0.02731722854521257,0.6190476190476191,0.0012841553107277807,0.0407508033103916,0.5555555555555556,0.0006515950549379761,-0.09731446665180887,0.46825396825396826,-0.0006912288459263938,4.0,4.0,7.0
2026-08-21,XLY,consumer_discretionary,SPY,0.04783359972638923,0.5238095238095238,0.0021917384760270285,-0.037370738986285956,0.4444444444444444,-0.0005276020471274907,-0.10768074961229512,0.42857142857142855,-0.0007536964462622365,1.0,9.0,8.0
2026-08-21,XLP,consumer_staples,SPY,-0.00389851259164975,0.5714285714285714,-0.00015943544985575988,-0.010865843534138664,0.47619047619047616,-0.00014534009006352363,-0.1258429116661104,0.4365079365079365,-0.000938167332634052,6.0,7.0,9.0
2026-08-21,XLV,health_care,SPY,0.044332246987450974,0.6666666666666666,0.0020434173860097767,0.15024526162398222,0.5555555555555556,0.0021974720834206716,0.006455617277949743,0.47619047619047616,6.944657367874771e-05,2.0,1.0,3.0
2026-08-21,XLU,utilities,SPY,-0.11134990726170457,0.38095238095238093,-0.00540241488925618,-0.07710979738003931,0.47619047619047616,-0.0012173683453784885,-0.18100868648072377,0.4365079365079365,-0.0013912147033275236,11.0,11.0,11.0
2026-08-21,XLRE,real_estate,SPY,-0.034415818220004724,0.47619047619047616,-0.0016020896254915814,-0.011712485786204985,0.47619047619047616,-0.00016892489805467886,-0.06557890094150642,0.4603174603174603,-0.0004744845826104765,9.0,8.0,5.0
2026-08-21,XLC,communication_services,SPY,0.019818687248830402,0.6666666666666666,0.000953964462208724,-0.07160937603767159,0.47619047619047616,-0.0011013426963855715,-0.15725898029877627,0.42063492063492064,-0.001186356667359898,5.0,10.0,10.0
2026-08-24,XLK,technology,SPY,-0.00950081667081415,0.42857142857142855,-0.0002724895486752984,-0.027244750026740094,0.49206349206349204,-0.00022187323863331182,0.17821697437571826,0.5952380952380952,0.001312950532471096,8.0,8.0,1.0
2026-08-24,XLF,financials,SPY,0.0007092184679857727,0.42857142857142855,2.9968050857658618e-05,0.0982851615985112,0.5079365079365079,0.0014508228510524532,0.03282130166205044,0.46825396825396826,0.00022873469513946302,7.0,2.0,3.0
2026-08-24,XLI,industrials,SPY,-0.05324740016710938,0.3333333333333333,-0.002492575630534098,0.01810487327648258,0.47619047619047616,0.0003080037901092913,-0.09550860768217362,0.4444444444444444,-0.0006676427722790556,10.0,5.0,7.0
2026-08-24,XLE,energy,SPY,0.02532727987331085,0.42857142857142855,0.0012403853508425877,0.041951027297075116,0.5555555555555556,0.0007055401940291148,0.03535362041709633,0.5476190476190477,0.0003156107053229584,3.0,4.0,2.0
2026-08-24,XLB,materials,SPY,0.01204937863155875,0.6190476190476191,0.0005895585735441836,0.04285417766637245,0.5555555555555556,0.0006868213716668928,-0.1047574278195833,0.46825396825396826,-0.0007430211710344228,5.0,3.0,8.0
2026-08-24,XLY,consumer_discretionary,SPY,0.0480438375381389,0.5238095238095238,0.0022084280544890063,-0.0319559379277109,0.4444444444444444,-0.0004450837986739986,-0.09185736140806178,0.4365079365079365,-0.0006263582386343897,1.0,9.0,6.0
2026-08-24,XLP,consumer_staples,SPY,0.006252581018423964,0.5714285714285714,0.00031088788732721743,0.011855180929991382,0.49206349206349204,0.00020696088810903722,-0.1294567589085298,0.4365079365079365,-0.0009586624400648231,6.0,6.0,9.0
2026-08-24,XLV,health_care,SPY,0.04140379235517577,0.6666666666666666,0.0019202286695496988,0.14411153303891067,0.5555555555555556,0.0021273649040966557,-0.013423445405637668,0.47619047619047616,-7.168633409283478e-05,2.0,1.0,4.0
2026-08-24,XLU,utilities,SPY,-0.09953116463828882,0.38095238095238093,-0.00481618564064742,-0.067432485216125,0.47619047619047616,-0.0010647699312486415,-0.18645824380700637,0.4365079365079365,-0.0014253894729588062,11.0,11.0,11.0
2026-08-24,XLRE,real_estate,SPY,-0.04670305650948425,0.47619047619047616,-0.0022090811002143914,-0.00035576860220509765,0.49206349206349204,6.7472076458097864e-06,-0.06916673682136865,0.4603174603174603,-0.0004973038372021428,9.0,7.0,5.0
2026-08-24,XLC,communication_services,SPY,0.02342198700534781,0.6666666666666666,0.0011198011314972017,-0.051214932868622665,0.49206349206349204,-0.0007737088326721587,-0.14546754970460996,0.42857142857142855,-0.0010806874884535782,4.0,10.0,10.0
2026-08-25,XLK,technology,SPY,0.006397245554629727,0.47619047619047616,0.0004603838233479408,-0.04023332385091116,0.49206349206349204,-0.00043620501172752276,0.17812328982113335,0.5952380952380952,0.001316634718905926,5.0,9.0,1.0
2026-08-25,XLF,financials,SPY,-0.011147141653244264,0.38095238095238093,-0.000520319058037611,0.10549031774019157,0.5079365079365079,0.0015575111790475185,0.033472853903397715,0.46825396825396826,0.00023421320831167378,7.0,2.0,2.0
2026-08-25,XLI,industrials,SPY,-0.062488683979457726,0.2857142857142857,-0.0029348435816304043,0.003001462659818932,0.4603174603174603,7.565029288267609e-05,-0.10687275338378388,0.4365079365079365,-0.0007595240969287032,10.0,6.0,7.0
2026-08-25,XLE,energy,SPY,0.02711180764686305,0.42857142857142855,0.0013126164560515502,0.05747176521778741,0.5555555555555556,0.0009336803170894837,0.021634872781669312,0.5476190476190477,0.0002230834028171267,3.0,3.0,3.0
2026-08-25,XLB,materials,SPY,0.006327549295502166,0.5714285714285714,0.0003269169760076079,0.03168394048742784,0.5396825396825397,0.0005205257631408143,-0.10785610115411659,0.4603174603174603,-0.0007706431665606545,6.0,4.0,8.0
2026-08-25,XLY,consumer_discretionary,SPY,0.02785873160619312,0.47619047619047616,0.0013032837969239623,-0.033629260228841495,0.4444444444444444,-0.00047336006238206537,-0.10580381523860671,0.42857142857142855,-0.0007383012188330957,2.0,8.0,6.0
2026-08-25,XLP,consumer_staples,SPY,-0.022698336816532327,0.5238095238095238,-0.0010336018895768227,0.018696042019558767,0.49206349206349204,0.0003118077978261393,-0.14394316452932765,0.42857142857142855,-0.0010794300551059588,8.0,5.0,10.0
2026-08-25,XLV,health_care,SPY,0.03647842333049822,0.6666666666666666,0.0016960584259319963,0.16249070139297572,0.5714285714285714,0.002381755296644459,-0.0003902284711259085,0.48412698412698413,2.097846532971081e-05,1.0,1.0,4.0
2026-08-25,XLU,utilities,SPY,-0.0881704317898152,0.38095238095238093,-0.0042313848910969735,-0.06150052274390427,0.47619047619047616,-0.0009700722462663044,-0.1903155754932776,0.42857142857142855,-0.001464951386857465,11.0,11.0,11.0
2026-08-25,XLRE,real_estate,SPY,-0.04502900256649012,0.47619047619047616,-0.0021225379269934567,0.00038904256944993776,0.49206349206349204,1.8465373805177425e-05,-0.06681899222244603,0.4603174603174603,-0.00048156714350725655,9.0,7.0,5.0
2026-08-25,XLC,communication_services,SPY,0.014984698167097577,0.6666666666666666,0.0007332941707403591,-0.04100177983837594,0.5079365079365079,-0.000609900816751981,-0.14021790042391746,0.4365079365079365,-0.0010426365792292147,4.0,10.0,9.0
2026-08-26,XLK,technology,SPY,0.034635742984503004,0.5238095238095238,0.00172904470747087,-0.03088279604805122,0.5079365079365079,-0.00028553357377301947,0.1705393197904943,0.5952380952380952,0.0012777340046353392,2.0,8.0,1.0
2026-08-26,XLF,financials,SPY,-0.022583231840469287,0.3333333333333333,-0.0010604597770906092,0.11354733150438201,0.5079365079365079,0.0016692623784667238,0.02183216563454282,0.4603174603174603,0.0001540616773151571,7.0,2.0,3.0
2026-08-26,XLI,industrials,SPY,-0.04582308011991276,0.3333333333333333,-0.002128999873720045,0.01375466131638814,0.4603174603174603,0.00024198673377609723,-0.07867605396005861,0.4444444444444444,-0.0005461260353007495,9.0,5.0,6.0
2026-08-26,XLE,energy,SPY,0.05037741643376514,0.47619047619047616,0.002344588099526508,0.07991168909599033,0.5714285714285714,0.0012580076567462325,0.04238449160232083,0.5555555555555556,0.0003687386091974807,1.0,3.0,2.0
2026-08-26,XLB,materials,SPY,-0.00863082510413693,0.5714285714285714,-0.0003699246402827848,0.029129031969389096,0.5396825396825397,0.0004817677629386847,-0.09129523063515843,0.46825396825396826,-0.0006474835064081225,6.0,4.0,7.0
2026-08-26,XLY,consumer_discretionary,SPY,0.00756583551370027,0.42857142857142855,0.0003832315222362725,-0.05763986552085665,0.42857142857142855,-0.0008650036253125204,-0.10648294905880018,0.42857142857142855,-0.0007500433579324703,3.0,11.0,8.0
2026-08-26,XLP,consumer_staples,SPY,-0.04311577529874322,0.47619047619047616,-0.002016095023865154,0.0036145174364208277,0.47619047619047616,7.935729525703523e-05,-0.12965354503391924,0.42857142857142855,-0.0009725938258294017,8.0,6.0,9.0
2026-08-26,XLV,health_care,SPY,0.0035047661538443187,0.6190476190476191,0.00019921523881043829,0.14804192784827652,0.5555555555555556,0.002187087729716889,-0.0021620101183781326,0.48412698412698413,8.964049283047855e-06,4.0,1.0,4.0
2026-08-26,XLU,utilities,SPY,-0.0781980240764315,0.42857142857142855,-0.003741233022906938,-0.0533987793875389,0.49206349206349204,-0.0008365153628093017,-0.18005049971229736,0.4365079365079365,-0.001389996574957452,11.0,10.0,11.0
2026-08-26,XLRE,real_estate,SPY,-0.05403717687970111,0.42857142857142855,-0.0025626766319495923,-0.004283675716116209,0.49206349206349204,-5.388969994339169e-05,-0.05697184939387023,0.4603174603174603,-0.0004109687760886247,10.0,7.0,5.0
2026-08-26,XLC,communication_services,SPY,-0.007233844304563641,0.6190476190476191,-0.0002921007206818702,-0.052319097545481696,0.49206349206349204,-0.0007936473238530983,-0.13887203244262936,0.4365079365079365,-0.0010406278425258934,5.0,9.0,10.0
2026-08-27,XLK,technology,SPY,0.07523344098728213,0.5714285714285714,0.0034450537869871443,-0.013875529078251514,0.5079365079365079,-9.34485654744516e-06,0.2162086052994625,0.6031746031746031,0.0015430946422743833,1.0,8.0,1.0
2026-08-27,XLF,financials,SPY,-0.03591175419154036,0.3333333333333333,-0.0016552458338645287,0.1083814505050007,0.5079365079365079,0.0015955874855337311,-0.012590917589087258,0.4523809523809524,-9.018734003702054e-05,6.0,2.0,3.0
2026-08-27,XLI,industrials,SPY,-0.04496959563888847,0.3333333333333333,-0.002059127635538383,0.006801381805496609,0.4603174603174603,0.00013552734168705116,-0.10739169166633267,0.4365079365079365,-0.0007597041455709622,8.0,5.0,6.0
2026-08-27,XLE,energy,SPY,0.004979817483238058,0.42857142857142855,0.0002997040976991251,0.07715598075071428,0.5714285714285714,0.001217105905660695,0.022507279126240176,0.5476190476190477,0.00022881568622583668,2.0,3.0,2.0
2026-08-27,XLB,materials,SPY,-0.0282854634909242,0.5238095238095238,-0.0012592105543338514,0.01578645373462728,0.5396825396825397,0.00027936428995269124,-0.11203802838243315,0.4603174603174603,-0.0007996631550865633,5.0,4.0,7.0
2026-08-27,XLY,consumer_discretionary,SPY,-0.018825066296437987,0.38095238095238093,-0.0008134738028395816,-0.0732374880585357,0.42857142857142855,-0.0011214678689391397,-0.13064633912803436,0.42063492063492064,-0.0009301298384228171,3.0,11.0,8.0
2026-08-27,XLP,consumer_staples,SPY,-0.08318214354272446,0.42857142857142855,-0.003881811089908773,-0.009807752685576432,0.47619047619047616,-0.00012789049963241657,-0.1550847988693307,0.42063492063492064,-0.0011647833024728738,9.0,6.0,9.0
2026-08-27,XLV,health_care,SPY,-0.02496104677363431,0.5714285714285714,-0.0010929853470680211,0.11771191796096692,0.5396825396825397,0.0017684028085303903,-0.025358113502528257,0.47619047619047616,-0.00015614392282943028,4.0,1.0,4.0
2026-08-27,XLU,utilities,SPY,-0.0956047339566698,0.38095238095238093,-0.004509040707493541,-0.050809788074226314,0.49206349206349204,-0.0007940146591815426,-0.19711417017657562,0.42857142857142855,-0.0015161160634385889,11.0,9.0,11.0
2026-08-27,XLRE,real_estate,SPY,-0.08536870618507042,0.38095238095238093,-0.0040098216407248154,-0.010056933116050715,0.49206349206349204,-0.00014346512345666423,-0.08509845801380922,0.4523809523809524,-0.000617457392207912,10.0,7.0,5.0
2026-08-27,XLC,communication_services,SPY,-0.03973322930679268,0.5714285714285714,-0.001774843272584925,-0.06709857525880913,0.49206349206349204,-0.0010352177186643732,-0.16457252076683693,0.42857142857142855,-0.0012362778010131879,7.0,10.0,10.0
2026-08-28,XLK,technology,SPY,0.019384725239561584,0.5238095238095238,0.000995615188854255,-0.04637680319122728,0.49206349206349204,-0.0005337603689354382,0.21399348343514046,0.6031746031746031,0.001526762377116405,3.0,9.0,1.0
2026-08-28,XLF,financials,SPY,-0.017994953577514572,0.38095238095238093,-0.0008366514362805175,0.11071825954637426,0.5079365079365079,0.001635514299404489,0.01199757619823627,0.4603174603174603,8.163316980380312e-05,7.0,2.0,2.0
2026-08-28,XLI,industrials,SPY,-0.04430029167885963,0.3333333333333333,-0.0020611109649803267,0.006046022753696478,0.4603174603174603,0.00012491984902782976,-0.12220072020565809,0.42857142857142855,-0.0008732489692260056,9.0,6.0,7.0
2026-08-28,XLE,energy,SPY,0.02580047205700553,0.47619047619047616,0.0012525974871910924,0.10191662013019265,0.5873015873015873,0.0015760108989866892,0.008869166404713802,0.5476190476190477,0.00013298124072066238,1.0,3.0,3.0
2026-08-28,XLB,materials,SPY,-0.007471310808088827,0.5714285714285714,-0.0003054598918663453,0.02394165062527409,0.5555555555555556,0.0004049255116628536,-0.1236166079813068,0.4603174603174603,-0.000888612109364701,6.0,4.0,8.0
2026-08-28,XLY,consumer_discretionary,SPY,0.005593202887446802,0.42857142857142855,0.0003067205343171392,-0.047981238359676714,0.4444444444444444,-0.0007089677542289028,-0.12046532732916204,0.42063492063492064,-0.000846255493401952,5.0,10.0,6.0
2026-08-28,XLP,consumer_staples,SPY,-0.03752722264024466,0.47619047619047616,-0.0017380642506573038,0.018153626992684302,0.49206349206349204,0.00030246990920101263,-0.16617121846563798,0.42063492063492064,-0.001253079714006709,8.0,5.0,10.0
2026-08-28,XLV,health_care,SPY,0.00942893612785256,0.5714285714285714,0.0004760313626982429,0.1305299760668297,0.5396825396825397,0.0019534557790441957,-0.04993970978153972,0.46825396825396826,-0.00033582647192885516,4.0,1.0,4.0
2026-08-28,XLU,utilities,SPY,-0.08050858468708078,0.38095238095238093,-0.0038337804863075218,-0.051536364233707554,0.49206349206349204,-0.0008091761421077617,-0.2202182307851661,0.42063492063492064,-0.0017114445311916932,11.0,11.0,11.0
2026-08-28,XLRE,real_estate,SPY,-0.05539471124369999,0.38095238095238093,-0.0026114818384618795,0.00036626795392891154,0.49206349206349204,1.8245262159163494e-05,-0.09710937413165488,0.4444444444444444,-0.0007077442543989398,10.0,7.0,5.0
2026-08-28,XLC,communication_services,SPY,0.022849405196856853,0.6190476190476191,0.0010809963813400026,-0.040430535098914144,0.5079365079365079,-0.0006012119086893381,-0.16478884085162282,0.42857142857142855,-0.0012342578923526984,2.0,8.0,9.0
2026-08-31,XLK,technology,SPY,0.03678767188820631,0.5714285714285714,0.0017915092583121316,-0.059990905892402524,0.49206349206349204,-0.0007677186259098559,0.21632340450120213,0.6031746031746031,0.0015450092064918494,2.0,11.0,1.0
2026-08-31,XLF,financials,SPY,-0.013276387542918489,0.38095238095238093,-0.000620964199049773,0.11221429562972052,0.5079365079365079,0.0016658025352940164,0.011226391476035769,0.4603174603174603,7.66592022266112e-05,6.0,2.0,3.0
2026-08-31,XLI,industrials,SPY,-0.052989302220668555,0.2857142857142857,-0.002503293676587547,0.004510494554136546,0.4603174603174603,0.00010241516223377877,-0.13937569520219684,0.42063492063492064,-0.001013919193071302,10.0,7.0,8.0
2026-08-31,XLE,energy,SPY,0.04725601142139313,0.47619047619047616,0.002233726579004389,0.1104562663769082,0.5873015873015873,0.0017060276154834532,0.013315755302070409,0.5476190476190477,0.00016433471612562584,1.0,3.0,2.0
2026-08-31,XLB,materials,SPY,0.018015158350947358,0.5714285714285714,0.0008567658143960824,0.024805419671609208,0.5555555555555556,0.0004207227715727496,-0.125868322791443,0.4603174603174603,-0.0009097252150477729,4.0,5.0,7.0
2026-08-31,XLY,consumer_discretionary,SPY,-0.022492399259116835,0.38095238095238093,-0.0010276316283577439,-0.02539594652931909,0.4444444444444444,-0.0003503077553127809,-0.10928543186371109,0.42063492063492064,-0.0007622005986710496,7.0,8.0,6.0
2026-08-31,XLP,consumer_staples,SPY,-0.027622444231930166,0.47619047619047616,-0.001280773956388201,0.029326504202664694,0.49206349206349204,0.00047431714320178385,-0.15343922620549544,0.42063492063492064,-0.0011538675738089331,8.0,4.0,9.0
2026-08-31,XLV,health_care,SPY,0.02235464284612587,0.5714285714285714,0.0010712185869232674,0.1448077494685096,0.5396825396825397,0.002159733061030868,-0.03852362104993845,0.46825396825396826,-0.0002536029899870518,3.0,1.0,4.0
2026-08-31,XLU,utilities,SPY,-0.07460095849702775,0.38095238095238093,-0.0035752416797386294,-0.02775307799675053,0.49206349206349204,-0.00043254830231692897,-0.2200107215042626,0.42063492063492064,-0.0017162129546573427,11.0,9.0,11.0
2026-08-31,XLRE,real_estate,SPY,-0.0480995821023108,0.38095238095238093,-0.002280612228813938,0.014521851346182668,0.49206349206349204,0.00023668428807363485,-0.10353202215903212,0.4365079365079365,-0.0007600058199199627,9.0,6.0,5.0
2026-08-31,XLC,communication_services,SPY,0.0029493158606770375,0.5714285714285714,0.00017972030615948892,-0.047212511069755436,0.5079365079365079,-0.0007144951422940048,-0.17236495845003386,0.42857142857142855,-0.0013013856120073642,5.0,10.0,10.0
2026-09-01,XLK,technology,SPY,0.026029054864799228,0.5238095238095238,0.0013361584492352337,-0.07789650454768848,0.47619047619047616,-0.001079181566884895,0.21314693725308276,0.6031746031746031,0.0015239011285909628,3.0,11.0,1.0
2026-09-01,XLF,financials,SPY,-0.008561573321049454,0.38095238095238093,-0.0004043597242322664,0.10994341983098144,0.5079365079365079,0.001646879521400894,0.0009719851448446448,0.4523809523809524,5.017786855576745e-06,6.0,3.0,3.0
2026-09-01,XLI,industrials,SPY,-0.06236937647767005,0.23809523809523808,-0.003029561402230784,-0.011435299295120771,0.4444444444444444,-0.00014930969667985183,-0.13592316246913305,0.42063492063492064,-0.0009846157384101196,11.0,7.0,8.0
2026-09-01,XLE,energy,SPY,0.09629331845659994,0.5238095238095238,0.004449912960665626,0.12006061820088787,0.5873015873015873,0.0018548241481194806,0.03610010539351616,0.5555555555555556,0.00032176911369987137,1.0,2.0,2.0
2026-09-01,XLB,materials,SPY,0.015355680240279002,0.5714285714285714,0.0007541686916937256,0.0089612020420764,0.5396825396825397,0.00017751985243927778,-0.11494550950135052,0.4603174603174603,-0.0008232956063450481,4.0,6.0,6.0
2026-09-01,XLY,consumer_discretionary,SPY,-0.036048076718004585,0.3333333333333333,-0.0017086991412907555,-0.029063844733765998,0.4444444444444444,-0.0004114058886991051,-0.11964702930579252,0.42063492063492064,-0.0008408847064811305,9.0,9.0,7.0
2026-09-01,XLP,consumer_staples,SPY,-0.0008287889047275954,0.5238095238095238,-1.7696930161218798e-05,0.04352925929357787,0.5079365079365079,0.0006940583607531566,-0.14180241055749498,0.42857142857142855,-0.0010572973086696465,5.0,4.0,9.0
2026-09-01,XLV,health_care,SPY,0.052699133611793236,0.6190476190476191,0.002482959596866243,0.17228752611847575,0.5555555555555556,0.0025501237954817556,-0.021065838764885214,0.47619047619047616,-0.0001268311709015135,2.0,1.0,4.0
2026-09-01,XLU,utilities,SPY,-0.04600166526047578,0.42857142857142855,-0.002208465656582958,-0.029826591810302006,0.49206349206349204,-0.00047252873656139944,-0.20935097469360464,0.42063492063492064,-0.001619359417948259,10.0,10.0,11.0
2026-09-01,XLRE,real_estate,SPY,-0.030656976572967398,0.42857142857142855,-0.0014670010794429332,0.01602693648107789,0.49206349206349204,0.0002613993423957492,-0.10222749184103486,0.4365079365079365,-0.00074827432380471,8.0,5.0,5.0
2026-09-01,XLC,communication_services,SPY,-0.00955606757974481,0.5714285714285714,-0.0004264840843072432,-0.02663924960052344,0.5238095238095238,-0.00038639650827659063,-0.18023934157674848,0.42857142857142855,-0.0013641717366775518,7.0,8.0,10.0
2026-09-02,XLK,technology,SPY,-0.009657209005457856,0.47619047619047616,-0.00039668841392312545,-0.08033922076410638,0.47619047619047616,-0.0011058857613534614,0.19338406939201103,0.5952380952380952,0.001407888776230623,7.0,11.0,1.0
2026-09-02,XLF,financials,SPY,0.004198238521438635,0.42857142857142855,0.00021088811199701914,0.1203563856645884,0.5238095238095238,0.001774706000074961,0.006564011402605097,0.4603174603174603,4.4679860087616495e-05,6.0,2.0,3.0
2026-09-02,XLI,industrials,SPY,-0.06506941866458338,0.23809523809523808,-0.003210885751846973,-0.02194606585862613,0.42857142857142855,-0.00031376741382089824,-0.13569158855507635,0.42063492063492064,-0.0009855123494006924,11.0,8.0,9.0
2026-09-02,XLE,energy,SPY,0.12043938367172335,0.5714285714285714,0.005558470363108049,0.09974509688041167,0.5873015873015873,0.0015484900762406234,0.05180380010998009,0.5634920634920635,0.00042932422609604214,1.0,3.0,2.0
2026-09-02,XLB,materials,SPY,0.02626847250168407,0.5714285714285714,0.0012819998522862646,0.012309529622685167,0.5396825396825397,0.00023007740716014384,-0.09454113750366289,0.46825396825396826,-0.0006653287223391632,3.0,5.0,5.0
2026-09-02,XLY,consumer_discretionary,SPY,-0.0209973092369371,0.3333333333333333,-0.0009814807241377075,-0.03115083609980962,0.4444444444444444,-0.00043972847133038554,-0.13193760967909707,0.4126984126984127,-0.000942284383019086,8.0,9.0,8.0
2026-09-02,XLP,consumer_staples,SPY,0.009873375210562307,0.5238095238095238,0.000499761137250344,0.031148998614531465,0.49206349206349204,0.0005003691538843599,-0.12907570422232162,0.42857142857142855,-0.0009579867591652383,5.0,4.0,7.0
2026-09-02,XLV,health_care,SPY,0.07493315942447831,0.6666666666666666,0.003526348847012692,0.16022275852633205,0.5555555555555556,0.0023619782000360635,-0.012099569348765105,0.48412698412698413,-6.257134193402676e-05,2.0,1.0,4.0
2026-09-02,XLU,utilities,SPY,-0.024646486416695423,0.42857142857142855,-0.0011697838040228678,-0.03465128683205554,0.47619047619047616,-0.0005446159976701612,-0.20794291728467096,0.42063492063492064,-0.0016117886242948947,10.0,10.0,11.0
2026-09-02,XLRE,real_estate,SPY,-0.02388030991271939,0.42857142857142855,-0.0011444107099698876,-0.00322815743303706,0.47619047619047616,-3.944080010691011e-05,-0.10789804692180383,0.4365079365079365,-0.0007942548922869563,9.0,6.0,6.0
2026-09-02,XLC,communication_services,SPY,0.011390848359298933,0.6190476190476191,0.0005827496077407719,-0.011448712661638716,0.5396825396825397,-0.00013949958979009655,-0.17087919934438112,0.4365079365079365,-0.0012890056066388847,4.0,7.0,10.0
2026-09-03,XLK,technology,SPY,-0.004068090681462522,0.5238095238095238,-0.00012333822512654633,-0.05999503936319539,0.49206349206349204,-0.0007596529893318655,0.18902566679586963,0.5952380952380952,0.0013637080050574858,5.0,11.0,1.0
2026-09-03,XLF,financials,SPY,0.0052643817401800685,0.42857142857142855,0.0002618651108016919,0.10211450346638307,0.5238095238095238,0.0015043973954590821,0.012121670077639202,0.4603174603174603,8.283521282856056e-05,4.0,2.0,3.0
2026-09-03,XLI,industrials,SPY,-0.06765890213620174,0.19047619047619047,-0.0033011108820537962,-0.03051485218688621,0.4126984126984127,-0.0004488563801876548,-0.12097561234227028,0.42063492063492064,-0.0008547357504753924,11.0,9.0,7.0
2026-09-03,XLE,energy,SPY,0.12316111721631029,0.5714285714285714,0.0055983968194566565,0.08397716171825476,0.5873015873015873,0.001314454069445187,0.019043113374793252,0.5555555555555556,0.00020251361189275633,1.0,3.0,2.0
2026-09-03,XLB,materials,SPY,-0.004770762261294581,0.5238095238095238,-0.00019442984225189383,-0.0006862116962718101,0.5396825396825397,2.8041357594167495e-05,-0.09715212399946083,0.46825396825396826,-0.0006755071492885377,6.0,5.0,5.0
2026-09-03,XLY,consumer_discretionary,SPY,-0.022765732729255195,0.3333333333333333,-0.0010526160858383559,-0.028713543407489994,0.4444444444444444,-0.00039687338178290375,-0.13762908727547796,0.4126984126984127,-0.0009699723146270596,9.0,8.0,9.0
2026-09-03,XLP,consumer_staples,SPY,-0.0052111553017313295,0.47619047619047616,-0.00022181993015898564,0.02259001141644279,0.49206349206349204,0.00036726058413621537,-0.13003129256245827,0.42857142857142855,-0.0009510238296429026,7.0,4.0,8.0
2026-09-03,XLV,health_care,SPY,0.05104285183878532,0.6190476190476191,0.0024129778133511895,0.12042313250496584,0.5396825396825397,0.0017969192089937862,-0.005523523778162565,0.48412698412698413,-1.6998550125083927e-05,2.0,1.0,4.0
2026-09-03,XLU,utilities,SPY,-0.018820522787073246,0.42857142857142855,-0.000875801561502243,-0.03832695111928075,0.4603174603174603,-0.00060040747582559,-0.2110611739655175,0.42063492063492064,-0.0016100398218649354,8.0,10.0,11.0
2026-09-03,XLRE,real_estate,SPY,-0.025408529990517903,0.42857142857142855,-0.0012033663364005495,-0.018515331446918637,0.47619047619047616,-0.0002815641183391899,-0.10399293843363422,0.4444444444444444,-0.0007510403574037961,10.0,6.0,6.0
2026-09-03,XLC,communication_services,SPY,0.0182482624475111,0.6190476190476191,0.0008930861075629169,-0.018875354120572174,0.5238095238095238,-0.0002560107437945089,-0.17802822325025203,0.42857142857142855,-0.0013251815574059616,3.0,7.0,10.0
2026-09-04,XLK,technology,SPY,0.00840089966315305,0.5714285714285714,0.00046810733515156324,-0.006993056847956147,0.5079365079365079,6.120840068718051e-05,0.21588889163409086,0.6031746031746031,0.0015098004049577476,3.0,4.0,1.0
2026-09-04,XLF,financials,SPY,0.0028955271333233057,0.42857142857142855,0.0001512471066530196,0.0678452628559163,0.5079365079365079,0.0009977617620000549,0.007297848206734958,0.4523809523809524,4.930280776980317e-05,6.0,3.0,2.0
2026-09-04,XLI,industrials,SPY,-0.05348473599890258,0.23809523809523808,-0.00259367156818357,-0.038211170982316744,0.4126984126984127,-0.0005543776700412263,-0.11474898584368343,0.42063492063492064,-0.0007981024092623918,11.0,7.0,7.0
2026-09-04,XLE,energy,SPY,0.09932339678108515,0.5238095238095238,0.004586906628209534,0.07186883971881719,0.5714285714285714,0.0011201962598490136,-0.003534550005714676,0.5476190476190477,4.76524603213519e-05,1.0,2.0,3.0
2026-09-04,XLB,materials,SPY,0.003054541369625241,0.5714285714285714,0.00017529684292777193,-0.007322573770402574,0.5396825396825397,-7.032907809298572e-05,-0.09118351380723588,0.47619047619047616,-0.0006246374610756496,5.0,5.0,5.0
2026-09-04,XLY,consumer_discretionary,SPY,-0.02913181978146684,0.3333333333333333,-0.0013621987084119372,-0.044515981875055344,0.42857142857142855,-0.000631746355659278,-0.1434266989488162,0.4126984126984127,-0.0010053551111045564,10.0,9.0,8.0
2026-09-04,XLP,consumer_staples,SPY,-0.008348076695781526,0.47619047619047616,-0.0003713886611258858,-0.026248976870523855,0.47619047619047616,-0.0003787021233807022,-0.15311482599997184,0.42063492063492064,-0.0011221379053490816,7.0,6.0,9.0
2026-09-04,XLV,health_care,SPY,0.040445274571973,0.5714285714285714,0.0019388436293871479,0.07851186635527041,0.5238095238095238,0.0011855372355902018,-0.019178057324657827,0.47619047619047616,-0.00011094999228177214,2.0,1.0,4.0
2026-09-04,XLU,utilities,SPY,-0.009036467305228446,0.47619047619047616,-0.00040762822877998025,-0.06937802690860084,0.4603174603174603,-0.0010785659088248262,-0.2174906144425186,0.42063492063492064,-0.0016471776987470458,8.0,11.0,11.0
2026-09-04,XLRE,real_estate,SPY,-0.02175935253027994,0.42857142857142855,-0.001029409311863799,-0.05555890063376745,0.4603174603174603,-0.0008520947695494875,-0.11138756513157766,0.4365079365079365,-0.0007994652268408372,9.0,10.0,6.0
2026-09-04,XLC,communication_services,SPY,0.005524390452858352,0.5714285714285714,0.00030039706062028645,-0.041111182410415115,0.5079365079365079,-0.0005914235763770114,-0.19225143025000357,0.42063492063492064,-0.0014274473596167206,4.0,8.0,10.0
2026-09-08,XLK,technology,SPY,0.008908502236908089,0.5714285714285714,0.0004925340426455876,-0.01759179725811255,0.5079365079365079,-0.00010725288627102782,0.21222307196354717,0.6031746031746031,0.0015051277286851734,4.0,5.0,1.0
2026-09-08,XLF,financials,SPY,0.004232214265513234,0.42857142857142855,0.00022128346700179242,0.06757859959011658,0.5079365079365079,0.0010024706509929673,0.01306064623390446,0.4523809523809524,9.079970483528833e-05,6.0,2.0,3.0
2026-09-08,XLI,industrials,SPY,-0.0486650651004813,0.2857142857142857,-0.0023801206307728006,-0.03182144348526572,0.42857142857142855,-0.00045812149272525304,-0.10954354436985247,0.42857142857142855,-0.0007701820979409951,11.0,7.0,7.0
2026-09-08,XLE,energy,SPY,0.13587525871858508,0.5714285714285714,0.006207802950728145,0.07957144489599255,0.5714285714285714,0.0012375798620773576,0.030611339190129927,0.5555555555555556,0.00028380094798238466,1.0,1.0,2.0
2026-09-08,XLB,materials,SPY,-0.007963967457573218,0.5238095238095238,-0.0003558113193636171,0.004676227398107802,0.5396825396825397,0.00011149493759056108,-0.08775549117680548,0.47619047619047616,-0.0006078905206171832,8.0,4.0,5.0
2026-09-08,XLY,consumer_discretionary,SPY,-0.039533290944088084,0.2857142857142857,-0.001900364649819839,-0.04900708320186542,0.4126984126984127,-0.0007089579431747204,-0.13653761344786397,0.4126984126984127,-0.0009661879333480824,10.0,11.0,8.0
2026-09-08,XLP,consumer_staples,SPY,-0.003482469127330856,0.47619047619047616,-0.00013953425618044393,-0.02038873814610187,0.47619047619047616,-0.0002902948161642804,-0.14564810220913427,0.42063492063492064,-0.0010791539053641983,7.0,6.0,9.0
2026-09-08,XLV,health_care,SPY,0.018192419276060634,0.5238095238095238,0.0009355683254430168,0.060843423126228924,0.5238095238095238,0.0009460506461902494,-0.042603709725894445,0.46825396825396826,-0.00027889265010646837,2.0,3.0,4.0
2026-09-08,XLU,utilities,SPY,0.00577165475796082,0.5238095238095238,0.00030161699335298114,-0.03407599772169245,0.47619047619047616,-0.0005220624770778177,-0.19541065803298396,0.42857142857142855,-0.0014845802019574084,5.0,10.0,11.0
2026-09-08,XLRE,real_estate,SPY,-0.014570093061983092,0.47619047619047616,-0.0006898453830163287,-0.033058285644980145,0.47619047619047616,-0.0005019002350724946,-0.0980049557912781,0.4444444444444444,-0.0007084270814830329,9.0,9.0,6.0
2026-09-08,XLC,communication_services,SPY,0.011867470608794117,0.6190476190476191,0.0006063730759248788,-0.032360460556547066,0.5238095238095238,-0.00045812458634022927,-0.18116124873166262,0.42857142857142855,-0.0013572219522625282,3.0,8.0,10.0
2026-09-09,XLK,technology,SPY,0.02207004438997351,0.6190476190476191,0.0011176914802123567,0.0034568288290033333,0.5238095238095238,0.00021380671533118828,0.21568063983847496,0.6031746031746031,0.0015292598958969886,2.0,4.0,1.0
2026-09-09,XLF,financials,SPY,0.0007775555119323707,0.42857142857142855,5.537937249781921e-05,0.054437296719280104,0.5079365079365079,0.0008135081130945679,0.017876204886226654,0.4603174603174603,0.00012426693201293142,6.0,2.0,3.0
2026-09-09,XLI,industrials,SPY,-0.055642260718054115,0.2857142857142857,-0.0027418452332883905,-0.05634892754744991,0.4126984126984127,-0.0008503790423003457,-0.11608594474466294,0.42857142857142855,-0.0008230065524823219,11.0,9.0,7.0
2026-09-09,XLE,energy,SPY,0.09899531032108011,0.5714285714285714,0.0045925100450305055,0.10915136607587073,0.5873015873015873,0.0016528929268669502,0.05901307787366017,0.5634920634920635,0.0004755625629983454,1.0,1.0,2.0
2026-09-09,XLB,materials,SPY,-0.019908198230482288,0.47619047619047616,-0.0009411687318691395,-0.021062101188361382,0.5238095238095238,-0.00028675733665099094,-0.09310480674772315,0.47619047619047616,-0.0006503359826474194,9.0,5.0,5.0
2026-09-09,XLY,consumer_discretionary,SPY,-0.04649792221022664,0.2857142857142857,-0.0022568729479698294,-0.0645542849638564,0.3968253968253968,-0.0009608588012212235,-0.14519397185847327,0.40476190476190477,-0.001038192504281854,10.0,11.0,8.0
2026-09-09,XLP,consumer_staples,SPY,-0.00861493746528108,0.47619047619047616,-0.00038702014762745504,-0.042691871445287966,0.4603174603174603,-0.0006431786119153711,-0.1507626879125168,0.42063492063492064,-0.0011235671247386892,8.0,7.0,9.0
2026-09-09,XLV,health_care,SPY,0.002708578013018048,0.5238095238095238,0.00019274898865221748,0.045393544373121486,0.5238095238095238,0.0007213444073654609,-0.03484854259706616,0.47619047619047616,-0.00022377023164230994,5.0,3.0,4.0
2026-09-09,XLU,utilities,SPY,0.00934574635413199,0.5238095238095238,0.0004739647557167207,-0.054471364562451274,0.4603174603174603,-0.0008489706079250331,-0.19719971938437264,0.42857142857142855,-0.0015044774478389816,3.0,8.0,11.0
2026-09-09,XLRE,real_estate,SPY,-0.008546245139917086,0.47619047619047616,-0.00040017161938210057,-0.06328973766078227,0.4603174603174603,-0.0009907676144914911,-0.10469139070327027,0.4365079365079365,-0.0007618009680621475,7.0,10.0,6.0
2026-09-09,XLC,communication_services,SPY,0.004808945014607158,0.5714285714285714,0.0002706425029395163,-0.040303012368566704,0.5079365079365079,-0.0005848798553171568,-0.18215294091321,0.42063492063492064,-0.001370042517493962,4.0,6.0,10.0
2026-09-10,XLK,technology,SPY,0.011845296328296118,0.5714285714285714,0.0006380727350057072,0.002528576565824281,0.5238095238095238,0.000198334431529212,0.19570567723539933,0.5952380952380952,0.0014168769152638223,3.0,4.0,1.0
2026-09-10,XLF,financials,SPY,0.00043045647316053426,0.42857142857142855,3.833769917523563e-05,0.04529753432745309,0.5079365079365079,0.0006751449855403307,0.02911359259891455,0.46825396825396826,0.00020203805224041092,5.0,2.0,2.0
2026-09-10,XLI,industrials,SPY,-0.06506273981737831,0.23809523809523808,-0.0032360290557011317,-0.03963546561139486,0.4126984126984127,-0.0005831164310183347,-0.114893779662117,0.42857142857142855,-0.0008179410115727552,11.0,6.0,7.0
2026-09-10,XLE,energy,SPY,0.08216953256544923,0.5714285714285714,0.00385527212219648,0.07536239186420635,0.5873015873015873,0.0011675770433396114,0.028781630002055136,0.5634920634920635,0.00027001119360479654,1.0,1.0,3.0
2026-09-10,XLB,materials,SPY,-0.030061151876870418,0.42857142857142855,-0.0014453833236557673,-0.020140850600404825,0.5238095238095238,-0.00027065186510802055,-0.09964468055101672,0.46825396825396826,-0.0007036545896862961,9.0,5.0,6.0
2026-09-10,XLY,consumer_discretionary,SPY,-0.04453290129921228,0.3333333333333333,-0.002164198166770799,-0.05887002552834453,0.4126984126984127,-0.0008604940766615977,-0.14162826978459087,0.4126984126984127,-0.0010150610933345593,10.0,8.0,9.0
2026-09-10,XLP,consumer_staples,SPY,-0.00237207538069939,0.47619047619047616,-8.506326821712209e-05,-0.06868422107872874,0.4603174603174603,-0.0010529840529487284,-0.13180767448437647,0.42857142857142855,-0.0009775102666534162,6.0,9.0,8.0
2026-09-10,XLV,health_care,SPY,0.0025332187355008307,0.5238095238095238,0.00018460624819085396,0.041232971907050775,0.5238095238095238,0.000655208873207744,-0.03339529235020855,0.48412698412698413,-0.000214444252508453,4.0,3.0,4.0
2026-09-10,XLU,utilities,SPY,-0.008920796179591406,0.47619047619047616,-0.0004105556090172919,-0.07482014897726896,0.4444444444444444,-0.0011665445407370613,-0.19315307944242666,0.42857142857142855,-0.0014780138472520995,8.0,10.0,11.0
2026-09-10,XLRE,real_estate,SPY,-0.0068462366840555955,0.47619047619047616,-0.0003185933159819304,-0.08209025761841993,0.4444444444444444,-0.0012845623856495253,-0.09558953374594648,0.4365079365079365,-0.0006957008029010086,7.0,11.0,5.0
2026-09-10,XLC,communication_services,SPY,0.01858750172184509,0.6190476190476191,0.0009302569563953066,-0.04032747325003516,0.5079365079365079,-0.0005771027593744473,-0.16793823774188155,0.42857142857142855,-0.0012587589928736624,2.0,7.0,10.0
2026-09-11,XLK,technology,SPY,0.004314063495583276,0.5714285714285714,0.0002724812006895513,-0.013063990744006215,0.5238095238095238,-4.853747136305458e-05,0.21124716631201612,0.6031746031746031,0.0014800637116721988,3.0,4.0,1.0
2026-09-11,XLF,financials,SPY,-0.0009526082311049899,0.42857142857142855,-2.898640420942059e-05,0.05317151879901605,0.5079365079365079,0.0007971681485521721,0.029012617430677512,0.46825396825396826,0.00019640419101228283,4.0,2.0,2.0
2026-09-11,XLI,industrials,SPY,-0.06206631031221732,0.2857142857142857,-0.003060679650020664,-0.05207984258603415,0.4126984126984127,-0.0007928768991799788,-0.10492309814878986,0.4365079365079365,-0.0007224069494331167,11.0,7.0,5.0
2026-09-11,XLE,energy,SPY,0.07795898064206419,0.5714285714285714,0.003644482146235219,0.11000146004455491,0.5873015873015873,0.0016613224037951202,-0.005282124480138428,0.5555555555555556,3.369016167343458e-05,1.0,1.0,3.0
2026-09-11,XLB,materials,SPY,-0.020385359528212743,0.42857142857142855,-0.0009634681369301514,-0.04018101936437135,0.5079365079365079,-0.0005951857083303132,-0.11960108163681116,0.4603174603174603,-0.0008366372207533115,8.0,6.0,7.0
2026-09-11,XLY,consumer_discretionary,SPY,-0.031203607225178676,0.38095238095238093,-0.001486396838956466,-0.06541246112412691,0.4126984126984127,-0.0009772503780111216,-0.13660753544066329,0.42063492063492064,-0.0009501663730221018,10.0,10.0,8.0
2026-09-11,XLP,consumer_staples,SPY,-0.009366207464988952,0.42857142857142855,-0.0004247987588651097,-0.05400909738575943,0.4603174603174603,-0.0008222500741480595,-0.15142745963319637,0.42063492063492064,-0.0011060795138913533,6.0,8.0,9.0
2026-09-11,XLV,health_care,SPY,-0.007670413414219257,0.47619047619047616,-0.0003101556703174204,0.03924287829877593,0.5238095238095238,0.0006321796306899834,-0.04294817464128564,0.48412698412698413,-0.0002773115106978452,5.0,3.0,4.0
2026-09-11,XLU,utilities,SPY,-0.02245979472685833,0.42857142857142855,-0.0010719944535690494,-0.07016863650843275,0.4444444444444444,-0.001098627239432481,-0.22972915090484602,0.42063492063492064,-0.0017471746407021849,9.0,11.0,11.0
2026-09-11,XLRE,real_estate,SPY,-0.013435386289842088,0.47619047619047616,-0.0006388913596749921,-0.0635514625987631,0.4603174603174603,-0.0009889559182873213,-0.10718708001973987,0.4365079365079365,-0.0007651306521885643,7.0,9.0,6.0
2026-09-11,XLC,communication_services,SPY,0.03174501107742356,0.6666666666666666,0.0015413512778917893,-0.031735293998189196,0.5238095238095238,-0.0004447396243759002,-0.17107365246539807,0.42857142857142855,-0.001251278482343215,2.0,5.0,10.0
2026-09-14,XLK,technology,SPY,-0.012165781701192757,0.5238095238095238,-0.0005245603316213989,-0.0300578685956141,0.5079365079365079,-0.00031635180473428846,0.1953913725558205,0.6031746031746031,0.001387069792193762,6.0,5.0,1.0
2026-09-14,XLF,financials,SPY,0.0007420222866152404,0.47619047619047616,5.320851096818082e-05,0.04449107600131197,0.5079365079365079,0.0006756448323655573,0.021631904953570258,0.46825396825396826,0.00014664136842115893,5.0,3.0,2.0
2026-09-14,XLI,industrials,SPY,-0.06351093319132983,0.2857142857142857,-0.0031669790071575084,-0.06153511823320501,0.3968253968253968,-0.0009542493664709467,-0.11745330297888401,0.42857142857142855,-0.0008159267224919643,11.0,9.0,5.0
2026-09-14,XLE,energy,SPY,0.0786835748656689,0.5714285714285714,0.003719863982407513,0.10093921156180041,0.5714285714285714,0.0015498524252383285,-0.021171556487213028,0.5476190476190477,-7.636349003350312e-05,1.0,1.0,3.0
2026-09-14,XLB,materials,SPY,-0.012938305488383373,0.42857142857142855,-0.0006041501580632124,-0.05720292747844313,0.49206349206349204,-0.0008793327962162797,-0.12011984791573149,0.4603174603174603,-0.0008395244429430524,7.0,7.0,7.0
2026-09-14,XLY,consumer_discretionary,SPY,-0.0254230500992898,0.42857142857142855,-0.001214248922273387,-0.05866571343685101,0.42857142857142855,-0.0008769875297799061,-0.13293975077752473,0.42857142857142855,-0.00092043717666852,9.0,8.0,8.0
2026-09-14,XLP,consumer_staples,SPY,0.0034821561298103987,0.42857142857142855,0.00019895238325290653,-0.037920832247439806,0.4603174603174603,-0.0005699836810226982,-0.14618510469676038,0.42063492063492064,-0.001062757653749244,4.0,6.0,10.0
2026-09-14,XLV,health_care,SPY,0.018112704554489323,0.5238095238095238,0.0009397768787775751,0.06700828843133633,0.5396825396825397,0.0010471058098632951,-0.025503197906223907,0.48412698412698413,-0.00015255804587925118,3.0,2.0,4.0
2026-09-14,XLU,utilities,SPY,-0.02855447557177959,0.42857142857142855,-0.0013848298772285914,-0.08329395079680335,0.42857142857142855,-0.0013283627068930027,-0.25247009409711374,0.4126984126984127,-0.001941916928113544,10.0,11.0,11.0
2026-09-14,XLRE,real_estate,SPY,-0.022471971739676744,0.42857142857142855,-0.0010974907164855454,-0.06948564045953576,0.4444444444444444,-0.0010974418588902619,-0.1185127487284856,0.42857142857142855,-0.0008501945817052227,8.0,10.0,6.0
2026-09-14,XLC,communication_services,SPY,0.044244288878318105,0.6666666666666666,0.0021460448888367613,0.00487956845797477,0.5396825396825397,0.0001266552275978473,-0.1437180859387297,0.4365079365079365,-0.001030236599733568,2.0,4.0,9.0
2026-09-15,XLK,technology,SPY,-0.008588783255136567,0.5714285714285714,-0.00035024181611426855,-0.04680710306129343,0.5079365079365079,-0.0006105455465804302,0.18910493278541196,0.6031746031746031,0.001366115543121814,6.0,8.0,1.0
2026-09-15,XLF,financials,SPY,0.0018853279301929149,0.47619047619047616,0.00010879176027478454,0.05916808319756339,0.5238095238095238,0.0009127885462931874,0.025043904966119745,0.47619047619047616,0.00017220742229495566,4.0,3.0,2.0
2026-09-15,XLI,industrials,SPY,-0.07027712946099718,0.23809523809523808,-0.0035300151708544205,-0.05866595590630719,0.3968253968253968,-0.0009276570456350078,-0.1159209328955284,0.42857142857142855,-0.0008171607126178926,11.0,9.0,7.0
2026-09-15,XLE,energy,SPY,0.08934239789292697,0.5714285714285714,0.004214231648383436,0.18944153388056195,0.5873015873015873,0.002798558732949412,0.01630490981214927,0.5555555555555556,0.0001854838786042779,1.0,1.0,3.0
2026-09-15,XLB,materials,SPY,-0.010040545309950688,0.42857142857142855,-0.00046302692472228416,-0.03607772725176528,0.5079365079365079,-0.0005485145268955712,-0.10274119202602128,0.46825396825396826,-0.0007185100879591464,7.0,6.0,5.0
2026-09-15,XLY,consumer_discretionary,SPY,-0.0375195098988077,0.42857142857142855,-0.0018208749721020114,-0.0689692647562048,0.42857142857142855,-0.001069549555538484,-0.14589425523158417,0.42063492063492064,-0.001037742170564621,9.0,10.0,10.0
2026-09-15,XLP,consumer_staples,SPY,-0.0030036687678304252,0.38095238095238093,-0.00011594078633702152,-0.01965261046326694,0.4603174603174603,-0.0002841257511781445,-0.14037632770942787,0.42063492063492064,-0.001032932466706568,5.0,5.0,8.0
2026-09-15,XLV,health_care,SPY,0.026142162289438997,0.5714285714285714,0.0013240137315951648,0.0954652793064894,0.5555555555555556,0.0014862427716214933,-0.018349375295764858,0.49206349206349204,-0.00010428492166345842,3.0,2.0,4.0
2026-09-15,XLU,utilities,SPY,-0.04306973701148087,0.38095238095238093,-0.0021219600024641287,-0.07652080406562467,0.42857142857142855,-0.0012402875258923504,-0.252040992875073,0.4126984126984127,-0.001970335310436075,10.0,11.0,11.0
2026-09-15,XLRE,real_estate,SPY,-0.024187898291816667,0.42857142857142855,-0.0011868702031775685,-0.04026379233446997,0.4603174603174603,-0.0006336621876025062,-0.11085827886772681,0.4365079365079365,-0.0008042158462704996,8.0,7.0,6.0
2026-09-15,XLC,communication_services,SPY,0.033971192585994126,0.6190476190476191,0.0016705764735519333,0.013068422874572105,0.5396825396825397,0.00025913521554840743,-0.14362442916278573,0.4365079365079365,-0.0010458187015385072,2.0,4.0,9.0
2026-09-16,XLK,technology,SPY,-0.00947685629324646,0.5714285714285714,-0.000393813742614517,-0.019833243784719845,0.5238095238095238,-0.00017598292056773097,0.1912329440222993,0.6031746031746031,0.0013867361562426251,6.0,5.0,1.0
2026-09-16,XLF,financials,SPY,-0.004557557939049994,0.47619047619047616,-0.00020206062751084084,0.025128884017906472,0.5079365079365079,0.0003971635281129134,0.008209297250438619,0.46825396825396826,5.779138567637195e-05,5.0,3.0,2.0
2026-09-16,XLI,industrials,SPY,-0.07041656187709677,0.23809523809523808,-0.0035361076074434737,-0.06717931486837092,0.3968253968253968,-0.0010693854820024269,-0.11147583723806975,0.42857142857142855,-0.0007888937826463317,11.0,9.0,6.0
2026-09-16,XLE,energy,SPY,0.04726854342655429,0.5238095238095238,0.0023114645031656186,0.15740569595176668,0.5714285714285714,0.0023707848830107005,-0.020659622858443694,0.5476190476190477,-7.097160327606395e-05,1.0,1.0,4.0
2026-09-16,XLB,materials,SPY,-0.011889517233560465,0.42857142857142855,-0.0005535518292727893,-0.048739827190351304,0.49206349206349204,-0.0007554292496006502,-0.10479143672029201,0.46825396825396826,-0.0007397970346872237,7.0,7.0,5.0
2026-09-16,XLY,consumer_discretionary,SPY,-0.032175836413914416,0.42857142857142855,-0.0015524576353658861,-0.07559038796229123,0.4126984126984127,-0.0011796613652239483,-0.15270337173465054,0.4126984126984127,-0.0011012900934255529,9.0,10.0,10.0
2026-09-16,XLP,consumer_staples,SPY,0.008155897704615334,0.38095238095238093,0.0004213656529741737,-0.027196261305597713,0.4444444444444444,-0.0004050088308352246,-0.13386850118311244,0.42063492063492064,-0.000988820219828994,4.0,6.0,8.0
2026-09-16,XLV,health_care,SPY,0.0284083449369521,0.5714285714285714,0.0014311817155212992,0.09425725633325999,0.5555555555555556,0.0014668357192327295,0.0006350660907727956,0.5,2.8799911471163082e-05,3.0,2.0,3.0
2026-09-16,XLU,utilities,SPY,-0.0406369367470355,0.38095238095238093,-0.0019973671919629307,-0.08469176020814595,0.42857142857142855,-0.0013784478000787102,-0.2416053710112418,0.42063492063492064,-0.0018926276081401665,10.0,11.0,11.0
2026-09-16,XLRE,real_estate,SPY,-0.02096086966441857,0.42857142857142855,-0.0010266161520934766,-0.05000488773323075,0.4444444444444444,-0.000792920114090708,-0.11241368338617685,0.42857142857142855,-0.0008223433920552591,8.0,8.0,7.0
2026-09-16,XLC,communication_services,SPY,0.04376979314920404,0.6190476190476191,0.002123325419815747,0.001124628634945557,0.5238095238095238,7.27370446209242e-05,-0.14495711219579555,0.4365079365079365,-0.0010643824041817837,2.0,4.0,9.0
2026-09-17,XLK,technology,SPY,0.019464826281684222,0.6190476190476191,0.000989758807778793,-0.01848629507837063,0.5238095238095238,-0.00014327928479624448,0.20738730913208125,0.6031746031746031,0.0014540743949240855,2.0,5.0,1.0
2026-09-17,XLF,financials,SPY,-0.027566890200412253,0.42857142857142855,-0.0013212939672771246,0.005622372015326116,0.49206349206349204,9.238917046991909e-05,-0.008093352000569709,0.4603174603174603,-5.5554551167915524e-05,7.0,3.0,3.0
2026-09-17,XLI,industrials,SPY,-0.07299618143836573,0.23809523809523808,-0.0036102424636600882,-0.08850592281614322,0.38095238095238093,-0.0013972971245921552,-0.13049731193394365,0.42063492063492064,-0.0009125944957940525,11.0,11.0,7.0
2026-09-17,XLE,energy,SPY,0.01888253949416574,0.47619047619047616,0.0009474663918446044,0.1560894673878379,0.5555555555555556,0.002301980553892399,-0.040320140491590495,0.5396825396825397,-0.00020507555309162264,3.0,1.0,4.0
2026-09-17,XLB,materials,SPY,-0.014344666202334544,0.42857142857142855,-0.0006649334280549114,-0.05339449997766166,0.49206349206349204,-0.0008125565314325941,-0.10450516427457845,0.46825396825396826,-0.0007186930776699414,5.0,8.0,5.0
2026-09-17,XLY,consumer_discretionary,SPY,-0.036392604964524566,0.38095238095238093,-0.0017320778628376306,-0.06543575224978249,0.4126984126984127,-0.0009855792868983437,-0.14763226789367212,0.4126984126984127,-0.0010318438517543087,9.0,9.0,9.0
2026-09-17,XLP,consumer_staples,SPY,-0.018101962104746572,0.3333333333333333,-0.0008549556830893005,-0.027204507353561613,0.4444444444444444,-0.0003985158581336458,-0.13606198156197968,0.42063492063492064,-0.000981290251632851,6.0,6.0,8.0
2026-09-17,XLV,health_care,SPY,0.0008993146778518701,0.5238095238095238,0.00010077001321037859,0.0931813293531003,0.5555555555555556,0.0014184741458490755,-0.0020118733046372572,0.5,9.858744285390089e-06,4.0,2.0,2.0
2026-09-17,XLU,utilities,SPY,-0.04661084962752349,0.3333333333333333,-0.0022601524922636657,-0.08817234653375228,0.42857142857142855,-0.0014031544977559792,-0.25496330118355925,0.4126984126984127,-0.0019549351582723545,10.0,10.0,11.0
2026-09-17,XLRE,real_estate,SPY,-0.03154728190514278,0.38095238095238093,-0.0015312155432465916,-0.04672435131894037,0.4444444444444444,-0.0007252157941772173,-0.12130585127384319,0.42857142857142855,-0.0008689303529139861,8.0,7.0,6.0
2026-09-17,XLC,communication_services,SPY,0.023245773327954633,0.5714285714285714,0.0011338619732743586,-0.000334054569453901,0.5238095238095238,4.4149084714441313e-05,-0.16487517362231185,0.4365079365079365,-0.0011931345990757048,1.0,4.0,10.0
2026-09-18,XLK,technology,SPY,0.0420379606786484,0.6666666666666666,0.002044375048534846,-0.028450802187831692,0.5238095238095238,-0.0003111534028425887,0.21242305234002679,0.6031746031746031,0.0014819411737021424,1.0,6.0,1.0
2026-09-18,XLF,financials,SPY,-0.018600576581576433,0.47619047619047616,-0.0008852345720130394,0.026380190544193605,0.5079365079365079,0.00041164313735761416,-0.01045192242259163,0.4603174603174603,-7.172423084631261e-05,4.0,3.0,3.0
2026-09-18,XLI,industrials,SPY,-0.057468250960346356,0.2857142857142857,-0.002824785905186327,-0.07939999569845424,0.3968253968253968,-0.0012596037585385308,-0.1204178866065444,0.42857142857142855,-0.0008341189758038884,11.0,10.0,6.0
2026-09-18,XLE,energy,SPY,0.021064651593589834,0.47619047619047616,0.0010534116271658208,0.18462503398296426,0.5555555555555556,0.0027054090699887238,-0.06222828781695,0.5317460317460317,-0.000362409497680011,2.0,1.0,4.0
2026-09-18,XLB,materials,SPY,-0.03858898010664591,0.38095238095238093,-0.0018648624083737596,-0.05154097316474893,0.49206349206349204,-0.0007898770436946419,-0.10484070165017623,0.46825396825396826,-0.0007203223262627512,7.0,8.0,5.0
2026-09-18,XLY,consumer_discretionary,SPY,-0.05416591159939976,0.3333333333333333,-0.0026418602280551314,-0.07045363626760381,0.3968253968253968,-0.0010824340079092067,-0.14438241487791337,0.4126984126984127,-0.0010051342595648548,9.0,9.0,9.0
2026-09-18,XLP,consumer_staples,SPY,-0.033633863197642166,0.2857142857142857,-0.001625949767741304,-0.01912579049871521,0.4444444444444444,-0.0002736438274207217,-0.13770072706170278,0.42063492063492064,-0.0009926234217928302,6.0,5.0,8.0
2026-09-18,XLV,health_care,SPY,-0.03191274401722688,0.47619047619047616,-0.0015303044940885619,0.11205899233999417,0.5555555555555556,0.0017009268820508568,-0.0021952120010415577,0.5,8.611745230713639e-06,5.0,2.0,2.0
2026-09-18,XLU,utilities,SPY,-0.05675040801649578,0.3333333333333333,-0.002777342520740985,-0.09592646960771156,0.42857142857142855,-0.0015509236361904517,-0.26559649711429656,0.4126984126984127,-0.0020450715295370226,10.0,11.0,11.0
2026-09-18,XLRE,real_estate,SPY,-0.04509575877973526,0.3333333333333333,-0.0022132846751300767,-0.0418470308353277,0.4444444444444444,-0.0006530919495193554,-0.1302396826634371,0.42063492063492064,-0.000935910023606296,8.0,7.0,7.0
2026-09-18,XLC,communication_services,SPY,0.005001714940640389,0.5238095238095238,0.00027580303058252103,-0.004960763569952009,0.5238095238095238,-2.5792330694054822e-05,-0.17547297248499238,0.4365079365079365,-0.001275699028847729,3.0,4.0,10.0
