as_of,ticker,sector,benchmark,return_21,benchmark_return_21,excess_21,freq_21,magnitude_21,return_63,benchmark_return_63,excess_63,freq_63,magnitude_63,return_126,benchmark_return_126,excess_126,freq_126,magnitude_126,return_252,benchmark_return_252,excess_252,freq_252,magnitude_252,return_756,benchmark_return_756,excess_756,freq_756,magnitude_756,return_12_1,benchmark_return_12_1,excess_12_1,return_12_7,benchmark_return_12_7,excess_12_7,consistency_12m,monthly_rel_magnitude_12m,prior_drawdown_252_ex63,benchmark_prior_drawdown_252_ex63,benchmark_current_drawdown,rebound_63,benchmark_rebound_63,rank_21,rank_63,rank_126,rank_252,rank_756,rank_12_1,rank_12_7,rank_consistency_12m,rank_prior_drawdown,rank_rebound_63,bounce_flag_research,old_leader_failure_flag,rank_improvement_126_to_63
2020-10-30,XLK,technology,SPY,-0.05995085000820821,-0.03115408203305814,-0.028796767975150073,0.42857142857142855,-0.001369385721838254,-0.018068451312054812,-0.0028678939954277505,-0.015200557316627061,0.5396825396825397,-0.00015769982692298833,0.23680928514358834,0.1612290977799884,0.07558018736359995,0.5793650793650794,0.0005578189154327481,0.34288145346853827,0.09733479084613461,0.24554666262240366,0.5912698412698413,0.0008971428952114987,0.843407954843197,0.3463160516907713,0.4970919031524257,0.5608465608465608,0.00047606741504163885,0.4285225974410636,0.13262054419222613,0.29590205324883745,-0.05586344838399704,-0.16079419547861917,0.10493074709462213,0.75,0.017250093332974392,-0.31153217319475346,-0.3371726701646922,-0.08345828608811245,-0.018068451312054812,-0.0028678939954277505,11,8,4,1,1,1,1,1,8,8,False,False,-4
2020-10-30,XLF,financials,SPY,-0.01036939795241787,-0.03115408203305814,0.02078468408064027,0.42857142857142855,0.0010201855992327496,-0.004513437360715411,-0.0028678939954277505,-0.0016455433652876605,0.4444444444444444,-1.4136944620672378e-05,0.10449536517470337,0.1612290977799884,-0.056733732605285025,0.4523809523809524,-0.00029798279327463025,-0.14728378941015374,0.09733479084613461,-0.24461858025628835,0.4603174603174603,-0.0008332997918373125,-0.04636989989378193,0.3463160516907713,-0.3926859515845532,0.4642857142857143,-0.00038806323024616774,-0.1383489871619319,0.13262054419222613,-0.270969531354158,-0.2922365405246784,-0.16079419547861917,-0.13144234504605923,0.25,-0.020371751337539684,-0.4286252337347367,-0.3371726701646922,-0.08345828608811245,-0.004513437360715411,-0.0028678939954277505,3,7,7,10,9,10,10,9,2,7,False,False,0
2020-10-30,XLI,industrials,SPY,-0.011465564477983636,-0.03115408203305814,0.019688517555074503,0.6666666666666666,0.0009750014429923827,0.0574047329404106,-0.0028678939954277505,0.06027262693583835,0.5873015873015873,0.0009464925333253564,0.2443565007813142,0.1612290977799884,0.08312740300132582,0.5158730158730159,0.0006179086737841726,-0.013116027885180737,0.09733479084613461,-0.11045081873131535,0.44841269841269843,-0.00033708576286178144,0.12260721624351967,0.3463160516907713,-0.22370883544725162,0.4801587301587302,-0.00020191521518043466,-0.0016696063868787414,0.13262054419222613,-0.13429015057910487,-0.26341369556498195,-0.16079419547861917,-0.10261950008636278,0.5,-0.008448694844150395,-0.42334091356557446,-0.3371726701646922,-0.08345828608811245,0.0574047329404106,-0.0028678939954277505,5,2,3,8,8,7,9,4,3,2,False,False,1
2020-10-30,XLE,energy,SPY,-0.010678483928588833,-0.03115408203305814,0.020475598104469306,0.42857142857142855,0.0011717495427556047,-0.1926852652959976,-0.0028678939954277505,-0.18981737130056986,0.38095238095238093,-0.003213341821340115,-0.2028351157316346,0.1612290977799884,-0.364064213511623,0.3968253968253968,-0.0027186879599901685,-0.45762237559721697,0.09733479084613461,-0.5549571664433516,0.40476190476190477,-0.002368337699800938,-0.5055694354407156,0.3463160516907713,-0.8518854871314869,0.4417989417989418,-0.0011568449021481645,-0.45176808995667983,0.13262054419222613,-0.584388634148906,-0.44692501382560423,-0.16079419547861917,-0.28613081834698506,0.16666666666666666,-0.05238411610655961,-0.6060456762025663,-0.3371726701646922,-0.08345828608811245,-0.1926852652959976,-0.0028678939954277505,4,11,11,11,10,11,11,11,1,11,False,False,0
2020-10-30,XLB,materials,SPY,0.007012908531470741,-0.03115408203305814,0.03816699056452888,0.6190476190476191,0.0018460073323310212,0.05760547572225305,-0.0028678939954277505,0.0604733697176808,0.6031746031746031,0.0009571602316928273,0.2522317142161301,0.1612290977799884,0.09100261643614171,0.5793650793650794,0.0006438528274971901,0.11027561196353552,0.09733479084613461,0.012940821117400914,0.5238095238095238,0.000108496501270943,0.14267406683421768,0.3463160516907713,-0.2036419848565536,0.4775132275132275,-0.00018537064994100176,0.10254357472204889,0.13262054419222613,-0.03007696947017724,-0.24052230575957523,-0.16079419547861917,-0.07972811028095605,0.5,0.0013572829936771464,-0.3714387022817388,-0.3371726701646922,-0.08345828608811245,0.05760547572225305,-0.0028678939954277505,2,1,2,4,7,5,8,4,5,1,False,False,1
2020-10-30,XLY,consumer_discretionary,SPY,-0.03982545008711369,-0.03115408203305814,-0.00867136805405555,0.47619047619047616,-0.0004190562911417902,0.048019041114688354,-0.0028678939954277505,0.050886935110116105,0.5238095238095238,0.0007951317082538683,0.2725601280329135,0.1612290977799884,0.11133103025292512,0.5396825396825397,0.0007351425186278522,0.19802187193924148,0.09733479084613461,0.10068708109310687,0.5079365079365079,0.0003547012353833275,0.6155378276985479,0.3463160516907713,0.26922177600777664,0.5013227513227513,0.0002513017024201709,0.2477125873081456,0.13262054419222613,0.11509204311591947,-0.2154080199436489,-0.16079419547861917,-0.054613824465029714,0.5833333333333334,0.007555687038622545,-0.33910205152598316,-0.3371726701646922,-0.08345828608811245,0.048019041114688354,-0.0028678939954277505,9,3,1,2,2,2,6,3,7,3,False,False,-2
2020-10-30,XLP,consumer_staples,SPY,-0.034129860444055304,-0.03115408203305814,-0.0029757784109971652,0.5714285714285714,-0.000187741485478975,0.0016109736104166217,-0.0028678939954277505,0.004478867605844372,0.5396825396825397,3.8134127521687286e-05,0.09600237767429332,0.1612290977799884,-0.06522672010569508,0.5,-0.0004956864800633494,0.04643960382051149,0.09733479084613461,-0.05089518702562312,0.4880952380952381,-0.00025691161567307987,0.28536511923683117,0.3463160516907713,-0.06095093245394012,0.5,-9.145009275828178e-05,0.08341645627600447,0.13262054419222613,-0.04920408791622166,-0.08948705510312749,-0.16079419547861917,0.07130714037549168,0.3333333333333333,-0.003475729932087159,-0.2451228348865685,-0.3371726701646922,-0.08345828608811245,0.0016109736104166217,-0.0028678939954277505,8,6,8,6,4,6,3,8,11,6,False,False,2
2020-10-30,XLV,health_care,SPY,-0.03291475273637623,-0.03115408203305814,-0.0017606707033180902,0.5714285714285714,-9.257690560909066e-05,-0.04272906791518116,-0.0028678939954277505,-0.03986117391975341,0.5396825396825397,-0.0006618686663545581,0.04823682641748506,0.1612290977799884,-0.11299227136250334,0.49206349206349204,-0.0008278222640484129,0.09861422391664143,0.09733479084613461,0.001279433070506819,0.5119047619047619,-3.5064250323675805e-05,0.3222986407262862,0.3463160516907713,-0.024017410964485064,0.5145502645502645,-3.469508014515426e-05,0.13600556623646165,0.13262054419222613,0.0033850220442355194,-0.06137739840361078,-0.16079419547861917,0.09941679707500839,0.4166666666666667,0.0006928675940470105,-0.2840432822564739,-0.3371726701646922,-0.08345828608811245,-0.04272906791518116,-0.0028678939954277505,7,10,10,5,3,4,2,7,10,10,False,False,0
2020-10-30,XLU,utilities,SPY,0.04001351717339796,-0.03115408203305814,0.0711675992064561,0.6190476190476191,0.003345701480280519,0.04564566010294269,-0.0028678939954277505,0.04851355409837044,0.5873015873015873,0.0007402385723946807,0.12685201134291235,0.1612290977799884,-0.03437708643707604,0.5079365079365079,-0.00023755865034191538,0.005095054030681112,0.09733479084613461,-0.0922397368154535,0.5198412698412699,-0.0002802218987758587,0.2533432866047822,0.3463160516907713,-0.09297276508598906,0.5026455026455027,-7.721863485282801e-05,-0.033575008945672224,0.13262054419222613,-0.16619555313789836,-0.1490834591425949,-0.16079419547861917,0.011710736336024263,0.5,-0.005772026396869486,-0.3606677245950751,-0.3371726701646922,-0.08345828608811245,0.04564566010294269,-0.0028678939954277505,1,4,6,7,5,8,5,4,6,4,False,False,2
2020-10-30,XLRE,real_estate,SPY,-0.04741974445063768,-0.03115408203305814,-0.01626566241757954,0.47619047619047616,-0.0008286105302226721,-0.037120200321768326,-0.0028678939954277505,-0.034252306326340576,0.49206349206349204,-0.0005444036698967555,0.05356000577492859,0.1612290977799884,-0.10766909200505981,0.4523809523809524,-0.0007259710696130374,-0.1035086166738568,0.09733479084613461,-0.2008434075199914,0.46825396825396826,-0.0007034634249193535,0.16493286823288966,0.3463160516907713,-0.18138318345788162,0.503968253968254,-0.00016073940156976656,-0.05888099390730295,0.13262054419222613,-0.19150153809952908,-0.23479671139397018,-0.16079419547861917,-0.07400251591535101,0.25,-0.016381852439443807,-0.38824768445047175,-0.3371726701646922,-0.08345828608811245,-0.037120200321768326,-0.0028678939954277505,10,9,9,9,6,9,7,9,4,9,False,False,0
2020-10-30,XLC,communication_services,SPY,-0.017427188522170622,-0.03115408203305814,0.013726893510887517,0.47619047619047616,0.0007318858955633148,0.01968446782608635,-0.0028678939954277505,0.0225523618215141,0.4444444444444444,0.0003994165916435427,0.1920014763755049,0.1612290977799884,0.030772378595516514,0.49206349206349204,0.00023233884230066784,0.18021212027011813,0.09733479084613461,0.08287732942398351,0.49206349206349204,0.0002835231680949474,,0.3463160516907713,,0.4807370184254606,-2.1001043080607032e-05,0.20114469531782708,0.13262054419222613,0.06852415112560095,-0.145888862737087,-0.16079419547861917,0.014905332741532162,0.6666666666666666,0.006194738097744558,-0.30149351708108085,-0.3371726701646922,-0.08345828608811245,0.01968446782608635,-0.0028678939954277505,6,5,5,3,,3,4,2,9,5,False,False,0
2020-11-30,XLK,technology,SPY,0.08917710235816512,0.09721840765743339,-0.008041305299268275,0.47619047619047616,-0.00029293017809956234,0.0016471773872483997,0.04064985057320847,-0.03900267318596007,0.5079365079365079,-0.000516669638816205,0.2552557315303654,0.18511118829700157,0.07014454323336383,0.5634920634920635,0.0005219324074967084,0.4195728625143764,0.17419612724609523,0.2453767352682812,0.5793650793650794,0.0008521618118302436,0.9888443819560737,0.45801121182710247,0.5308331701289712,0.5568783068783069,0.0004721971790560534,0.3033443867309322,0.07015715289812685,0.23318723383280537,0.016966524939503458,-0.0905434625145537,0.10750998745405715,0.75,0.016225831455573585,-0.31153217319475346,-0.3371726701646922,-0.00442683194233795,0.0016471773872483997,0.04064985057320847,5,11,3,1,1,1,1,1,8,11,False,False,-8
2020-11-30,XLF,financials,SPY,0.17192098735209105,0.09721840765743339,0.07470257969465766,0.5714285714285714,0.003342914779137174,0.11864886173211331,0.04064985057320847,0.07799901115890484,0.49206349206349204,0.0012158225554374416,0.18190895598751977,0.18511118829700157,-0.0032022323094818006,0.46825396825396826,7.496105469609812e-05,-0.05153457357677449,0.17419612724609523,-0.22573070082286972,0.4603174603174603,-0.0006628106346040108,0.10559516358516263,0.45801121182710247,-0.35241604824193984,0.4669312169312169,-0.0002926177599279094,-0.19067459610374804,0.07015715289812685,-0.2608317490018749,-0.25836444381089574,-0.0905434625145537,-0.16782098129634204,0.25,-0.017036402038020714,-0.4286252337347367,-0.3371726701646922,-0.00442683194233795,0.11864886173211331,0.04064985057320847,2,3,6,10,9,10,10,9,2,3,True,False,3
2020-11-30,XLI,industrials,SPY,0.15889921905033022,0.09721840765743339,0.06168081139289683,0.6190476190476191,0.002679372589799186,0.13574269226227398,0.04064985057320847,0.09509284168906551,0.6190476190476191,0.0014181377306828997,0.29205918727007285,0.18511118829700157,0.10694799897307128,0.5555555555555556,0.0007392580508810271,0.09578652556899048,0.17419612724609523,-0.07840960167710476,0.45634920634920634,-0.00018505396815266502,0.2881831688153331,0.45801121182710247,-0.16982804301176935,0.48412698412698413,-0.00012346164786666616,-0.054459173363718416,0.07015715289812685,-0.12461632626184527,-0.2312845296056396,-0.0905434625145537,-0.14074106709108591,0.5,-0.00528315732097856,-0.42334091356557446,-0.3371726701646922,-0.00442683194233795,0.13574269226227398,0.04064985057320847,3,1,1,7,5,8,9,5,3,1,True,False,0
2020-11-30,XLE,energy,SPY,0.2871144797437928,0.09721840765743339,0.1898960720863594,0.5238095238095238,0.008500277378093975,0.0481000344824285,0.04064985057320847,0.007450183909220032,0.4126984126984127,0.0005155345422658205,-0.06650468370692586,0.18511118829700157,-0.25161587200392743,0.4126984126984127,-0.0015358392237138298,-0.31675018535448207,0.17419612724609523,-0.4909463126005773,0.4166666666666667,-0.0016515860073413764,-0.36734350973480157,0.45801121182710247,-0.825354721561904,0.44576719576719576,-0.0009118821119474018,-0.4691615816632546,0.07015715289812685,-0.5393187345613815,-0.35274931859656034,-0.0905434625145537,-0.26220585608200664,0.25,-0.037898882213876106,-0.6060456762025663,-0.3371726701646922,-0.00442683194233795,0.0481000344824285,0.04064985057320847,1,6,11,11,10,11,11,9,1,6,False,False,5
2020-11-30,XLB,materials,SPY,0.12290415357267936,0.09721840765743339,0.025685745915245972,0.6666666666666666,0.0011882146745681892,0.13231079264336598,0.04064985057320847,0.09166094207015751,0.6190476190476191,0.001385921410944497,0.2617199845409037,0.18511118829700157,0.07660879624390216,0.5952380952380952,0.000545405116026873,0.2090829687560607,0.17419612724609523,0.03488684150996546,0.5357142857142857,0.0001847927148824832,0.277413234998237,0.45801121182710247,-0.18059797682886547,0.48412698412698413,-0.00014114643572784783,0.07674636780814392,0.07015715289812685,0.006589214910017072,-0.14371721187742592,-0.0905434625145537,-0.053173749362872225,0.5833333333333334,0.0028267955597865066,-0.3714387022817388,-0.3371726701646922,-0.00442683194233795,0.13231079264336598,0.04064985057320847,4,2,2,4,6,4,8,2,5,2,False,False,0
2020-11-30,XLY,consumer_discretionary,SPY,0.07594407335168318,0.09721840765743339,-0.02127433430575021,0.47619047619047616,-0.0009221960194929808,0.050004175318914657,0.04064985057320847,0.009354324745706188,0.49206349206349204,0.00014334089615186498,0.24930564778812303,0.18511118829700157,0.06419445949112146,0.5158730158730159,0.00042354220951839103,0.30054656677254643,0.17419612724609523,0.1263504395264512,0.5119047619047619,0.00041146061045982835,0.7070452086167112,0.45801121182710247,0.2490339967896087,0.4973544973544973,0.00021867993353916294,0.20874922682663422,0.07015715289812685,0.13859207392850736,-0.07589696884256192,-0.0905434625145537,0.014646493671991778,0.5833333333333334,0.008738696943988286,-0.33910205152598316,-0.3371726701646922,-0.00442683194233795,0.050004175318914657,0.04064985057320847,8,5,4,2,2,2,5,2,7,5,False,False,-1
2020-11-30,XLP,consumer_staples,SPY,0.0709030095068961,0.09721840765743339,-0.026315398150537295,0.42857142857142855,-0.0011784875675348344,0.026356197410031035,0.04064985057320847,-0.014293653163177433,0.5079365079365079,-0.0002596834116717531,0.13433002357342638,0.18511118829700157,-0.05078116472357519,0.5,-0.0003832671033538592,0.10935901285087857,0.17419612724609523,-0.06483711439521667,0.48412698412698413,-0.00029560948508123626,0.31636001219199494,0.45801121182710247,-0.14165119963510753,0.4973544973544973,-0.00016637337833256435,0.03590988446441079,0.07015715289812685,-0.03424726843371606,-0.057666381256324395,-0.0905434625145537,0.0328770812582293,0.3333333333333333,-0.004231270604203363,-0.2451228348865685,-0.3371726701646922,-0.00442683194233795,0.026356197410031035,0.04064985057320847,9,8,7,6,4,6,4,7,11,8,False,True,-1
2020-11-30,XLV,health_care,SPY,0.07916179634989162,0.09721840765743339,-0.01805661130754177,0.42857142857142855,-0.0007755074072065442,0.01770116889307949,0.04064985057320847,-0.02294868168012898,0.5238095238095238,-0.0003618080824072367,0.07860283786791955,0.18511118829700157,-0.10650835042908202,0.49206349206349204,-0.0007558854682199093,0.12943165664867062,0.17419612724609523,-0.04476447059742461,0.49603174603174605,-0.00019364522594657473,0.40696449702931115,0.45801121182710247,-0.051046714797791326,0.5092592592592593,-5.765357623837384e-05,0.04658232015700481,0.07015715289812685,-0.023574832741122043,-0.0013627852418364172,-0.0905434625145537,0.08918067727271728,0.3333333333333333,-0.0026210810653779226,-0.2840432822564739,-0.3371726701646922,-0.00442683194233795,0.01770116889307949,0.04064985057320847,7,9,8,5,3,5,2,7,10,9,False,False,-1
2020-11-30,XLU,utilities,SPY,-0.002064716429947211,0.09721840765743339,-0.0992831240873806,0.2857142857142857,-0.004497721548570141,0.06971208809602114,0.04064985057320847,0.029062237522812673,0.5555555555555556,0.00042077213358538047,0.05131769613641923,0.18511118829700157,-0.13379349216058234,0.48412698412698413,-0.0009558049339599739,0.03177712975071234,0.17419612724609523,-0.1424189974953829,0.5079365079365079,-0.00044440843624458476,0.2330250919864818,0.45801121182710247,-0.22498611984062067,0.49867724867724866,-0.00020401117592503055,0.03391186456459616,0.07015715289812685,-0.03624528833353069,-0.0978550904853781,-0.0905434625145537,-0.007311627970824408,0.5,-0.008980097041098423,-0.3606677245950751,-0.3371726701646922,-0.00442683194233795,0.06971208809602114,0.04064985057320847,11,4,9,8,7,7,6,5,6,4,False,False,5
2020-11-30,XLRE,real_estate,SPY,0.06197294687675026,0.09721840765743339,-0.035245460780683135,0.42857142857142855,-0.00155088260281747,0.01295779398831165,0.04064985057320847,-0.027692056584896818,0.5079365079365079,-0.00042729547368597793,0.040267985752031166,0.18511118829700157,-0.1448432025449704,0.4444444444444444,-0.0010076625254071799,-0.024959211997491737,0.17419612724609523,-0.19915533924358697,0.46825396825396826,-0.000640342887591099,0.20420118533310916,0.45801121182710247,-0.2538100264939933,0.5013227513227513,-0.000222386764168391,-0.08185910868060109,0.07015715289812685,-0.15201626157872794,-0.13358590657804204,-0.0905434625145537,-0.04304244406348834,0.25,-0.015083787610030106,-0.38824768445047175,-0.3371726701646922,-0.00442683194233795,0.01295779398831165,0.04064985057320847,10,10,10,9,8,9,7,9,4,10,False,False,0
2020-11-30,XLC,communication_services,SPY,0.08601790107136997,0.09721840765743339,-0.011200506586063419,0.5714285714285714,-0.0004612252429013065,0.03601583181170165,0.04064985057320847,-0.00463401876150682,0.49206349206349204,-3.6548033071754777e-05,0.19706112532839537,0.18511118829700157,0.011949937031393798,0.49206349206349204,0.0001080691292413926,0.2556907825594412,0.17419612724609523,0.08149465531334599,0.49206349206349204,0.00026263953968288405,,0.45801121182710247,,0.4846029173419773,-2.5462823790640647e-05,0.15623396384229649,0.07015715289812685,0.08607681094416963,-0.05198104359455347,-0.0905434625145537,0.03856241892000023,0.5833333333333334,0.0057194708337315325,-0.30149351708108085,-0.3371726701646922,-0.00442683194233795,0.03601583181170165,0.04064985057320847,6,7,5,3,,3,3,2,9,7,False,False,-2
2020-12-31,XLK,technology,SPY,0.04208245679761302,0.025828533698211587,0.016253923099401435,0.6190476190476191,0.0007646976335427784,0.10508605511766378,0.11403299767045594,-0.008946942552792159,0.5238095238095238,-8.376228088274256e-05,0.24072857896104405,0.20736869824735926,0.033359880713684786,0.5476190476190477,0.0002837612263919348,0.40973673503935437,0.17235233303224717,0.2373844020071072,0.5753968253968254,0.000830805438502406,1.1161145828156878,0.48184616461447516,0.6342684182012126,0.5608465608465608,0.0005325760672526926,0.3528072810778973,0.1428345912798925,0.20997268979800476,0.07238692246421374,-0.033411165300655576,0.10579808776486932,0.75,0.01655589659540274,-0.31153217319475346,-0.3371726701646922,0.0,0.10508605511766378,0.11403299767045594,2,6,5,1,1,1,1,1,8,6,False,False,-1
2020-12-31,XLF,financials,SPY,0.046913795646339684,0.025828533698211587,0.021085261948128098,0.5238095238095238,0.000995784700812894,0.22928758050950626,0.11403299767045594,0.11525458283905032,0.5079365079365079,0.0016453209892343219,0.2973942193070447,0.20736869824735926,0.09002552105968542,0.49206349206349204,0.0006270335608508736,-0.026848137687133344,0.17235233303224717,-0.19920047071938052,0.45634920634920634,-0.0005532506251502999,0.12670769376817925,0.48184616461447516,-0.3551384708462959,0.46825396825396826,-0.00028887287309621113,-0.07045654918314848,0.1428345912798925,-0.21329114046304098,-0.19659077201363717,-0.033411165300655576,-0.1631796067129816,0.3333333333333333,-0.014706203689302153,-0.4286252337347367,-0.3371726701646922,0.0,0.22928758050950626,0.11403299767045594,1,2,1,10,9,10,10,7,2,2,True,False,-1
2020-12-31,XLI,industrials,SPY,0.012599295874793803,0.025828533698211587,-0.013229237823417783,0.47619047619047616,-0.0006095195632897536,0.1585191267424666,0.11403299767045594,0.04448612907201066,0.5714285714285714,0.0006550049907056811,0.29402591135170075,0.20736869824735926,0.08665721310434149,0.5476190476190477,0.00057834782625647,0.08847517439198405,0.17235233303224717,-0.08387715864026313,0.46825396825396826,-0.0002061515951730939,0.24196147310167215,0.48184616461447516,-0.239884691512803,0.4801587301587302,-0.00019350948166765535,0.0749317907155369,0.1428345912798925,-0.0679028005643556,-0.13342743222976317,-0.033411165300655576,-0.10001626692910759,0.5,-0.004935344552128453,-0.42334091356557446,-0.3371726701646922,0.0,0.1585191267424666,0.11403299767045594,8,4,2,7,7,7,9,5,3,4,True,False,-2
2020-12-31,XLE,energy,SPY,0.03999171068057139,0.025828533698211587,0.014163176982359804,0.42857142857142855,0.0008630498421496879,0.32300711868852794,0.11403299767045594,0.208974121018072,0.4444444444444444,0.0031570945269203854,0.04549452133607779,0.20736869824735926,-0.16187417691128148,0.40476190476190477,-0.0008437466811164574,-0.3327148389018517,0.17235233303224717,-0.5050671719340989,0.4007936507936508,-0.001724221001056384,-0.38471788197093526,0.48184616461447516,-0.8665640465854104,0.43915343915343913,-0.0009651674609430535,-0.3583745387148555,0.1428345912798925,-0.501209129994748,-0.2957447583114068,-0.033411165300655576,-0.2623335930107512,0.25,-0.03980298380595506,-0.6060456762025663,-0.3371726701646922,0.0,0.32300711868852794,0.11403299767045594,3,1,10,11,10,11,11,10,1,1,True,False,9
2020-12-31,XLB,materials,SPY,0.013678549281244567,0.025828533698211587,-0.012149984416967019,0.42857142857142855,-0.0005392645755612728,0.15957427754812392,0.11403299767045594,0.045541279877667984,0.5714285714285714,0.0006770146539352309,0.2705414009876339,0.20736869824735926,0.06317270274027464,0.5793650793650794,0.0004423905909558792,0.21889516837816236,0.17235233303224717,0.04654283534591519,0.5277777777777778,0.00022473768864035107,0.2728099353330531,0.48184616461447516,-0.20903622928142207,0.4801587301587302,-0.00016687812198737238,0.20244743192250447,0.1428345912798925,0.059612840642611964,-0.03594058887284157,-0.033411165300655576,-0.002529423572185996,0.5833333333333334,0.0018787792209040237,-0.3714387022817388,-0.3371726701646922,0.0,0.15957427754812392,0.11403299767045594,7,3,3,4,6,4,6,2,5,3,False,False,0
2020-12-31,XLY,consumer_discretionary,SPY,0.016714020210220726,0.025828533698211587,-0.00911451348799086,0.42857142857142855,-0.0004217005971668091,0.08178658234927183,0.11403299767045594,-0.03224641532118411,0.4603174603174603,-0.0004622010282588413,0.24640038740180814,0.20736869824735926,0.03903168915444888,0.49206349206349204,0.0002589009583495234,0.28108358871898553,0.17235233303224717,0.10873125568673836,0.5079365079365079,0.0003576603633229832,0.690647372581884,0.48184616461447516,0.20880120796740886,0.49603174603174605,0.0001843898717762746,0.2600235299736522,0.1428345912798925,0.11718893869375968,0.020054096651197506,-0.033411165300655576,0.05346526195185308,0.5833333333333334,0.007827871649676021,-0.33910205152598316,-0.3371726701646922,0.0,0.08178658234927183,0.11403299767045594,5,8,4,2,2,2,2,2,7,8,False,False,-4
2020-12-31,XLP,consumer_staples,SPY,0.007625352209517988,0.025828533698211587,-0.0182031814886936,0.5238095238095238,-0.00085128339057445,0.055145865345077594,0.11403299767045594,-0.058887132325378344,0.49206349206349204,-0.0008824018545334484,0.15985250605884893,0.20736869824735926,-0.04751619218851033,0.5158730158730159,-0.0003403501133876413,0.10991943313522268,0.17235233303224717,-0.062432899897024496,0.4880952380952381,-0.00028685770360114177,0.289932091069639,0.48184616461447516,-0.19191407354483614,0.49603174603174605,-0.00021479343000863337,0.10151995550865678,0.1428345912798925,-0.04131463577123573,-0.03612470009422741,-0.033411165300655576,-0.002713534793571837,0.3333333333333333,-0.005482541099552846,-0.2451228348865685,-0.3371726701646922,0.0,0.055145865345077594,0.11403299767045594,9,9,7,6,5,5,7,7,11,9,False,False,-2
2020-12-31,XLV,health_care,SPY,0.02934877271998504,0.025828533698211587,0.0035202390217734525,0.38095238095238093,0.0001700412561391381,0.08359731039882923,0.11403299767045594,-0.03043568727162671,0.4444444444444444,-0.00043400362235810095,0.12559701508644494,0.20736869824735926,-0.08177168316091432,0.48412698412698413,-0.0005596499359580595,0.1299570314150431,0.17235233303224717,-0.04239530161720406,0.4880952380952381,-0.00018502975505644827,0.45036129224244026,0.48184616461447516,-0.0314848723720349,0.5052910052910053,-3.901860436644579e-05,0.09773971792787761,0.1428345912798925,-0.0450948733520149,0.00731310132247498,-0.033411165300655576,0.040724266623130556,0.3333333333333333,-0.0030077089775151313,-0.2840432822564739,-0.3371726701646922,0.0,0.08359731039882923,0.11403299767045594,4,7,8,5,3,6,4,7,10,7,False,False,1
2020-12-31,XLU,utilities,SPY,-0.0007920938625444185,0.025828533698211587,-0.026620627560756005,0.47619047619047616,-0.0012306700549460212,0.05418275999209454,0.11403299767045594,-0.059850237678361395,0.4444444444444444,-0.0008734463902538636,0.10144519738571178,0.20736869824735926,-0.10592350086164748,0.5,-0.0007251831671229007,0.017863766089985855,0.17235233303224717,-0.15448856694226132,0.49603174603174605,-0.0004906990844798812,0.31555182390322534,0.48184616461447516,-0.16629434071124982,0.5,-0.00013990263196816748,0.018670648858901018,0.1428345912798925,-0.12416394242099149,-0.026235984645079924,-0.033411165300655576,0.0071751806555756525,0.4166666666666667,-0.011770347874110557,-0.3606677245950751,-0.3371726701646922,0.0,0.05418275999209454,0.11403299767045594,11,10,9,8,4,8,5,6,6,10,False,True,-1
2020-12-31,XLRE,real_estate,SPY,0.0019908171965410393,0.025828533698211587,-0.023837716501670547,0.42857142857142855,-0.001085560699030943,0.03301511992556794,0.11403299767045594,-0.081017877744888,0.4444444444444444,-0.0011924561263779614,0.045356454840300264,0.20736869824735926,-0.162012243407059,0.4523809523809524,-0.0011278402204744499,-0.010346264511361225,0.17235233303224717,-0.1826985975436084,0.4603174603174603,-0.0005739889062989527,0.22865044498659626,0.48184616461447516,-0.2531957196278789,0.5013227513227513,-0.00021665322407382747,-0.012312569632544124,0.1428345912798925,-0.15514716091243663,-0.039955512745449506,-0.033411165300655576,-0.00654434744479393,0.25,-0.015456951030726224,-0.38824768445047175,-0.3371726701646922,0.0,0.03301511992556794,0.11403299767045594,10,11,11,9,8,9,8,10,4,11,False,False,0
2020-12-31,XLC,communication_services,SPY,0.014831322486244414,0.025828533698211587,-0.010997211211967173,0.47619047619047616,-0.0005019057779276201,0.12178878865145171,0.11403299767045594,0.007755790980995769,0.5238095238095238,0.00014393783593758157,0.22700626264891488,0.20736869824735926,0.01963756440155562,0.48412698412698413,0.00015950936339895766,0.2543092228911139,0.17235233303224717,0.08195688985886673,0.503968253968254,0.0002654613299404166,,0.48184616461447516,,0.48513302034428796,-2.948222670091451e-05,0.23597803408173323,0.1428345912798925,0.09314344280184073,0.01704830774774302,-0.033411165300655576,0.050459473048398595,0.5833333333333334,0.005955051715785513,-0.30149351708108085,-0.3371726701646922,0.0,0.12178878865145171,0.11403299767045594,6,5,6,3,,3,3,2,9,5,False,False,1
2021-01-29,XLK,technology,SPY,-0.007466962336972194,-0.00374207805295923,-0.0037248842840129637,0.42857142857142855,-0.00014514898860482734,0.15891207575218247,0.13771953237331735,0.021192543378865114,0.5396825396825397,0.0003304253831744271,0.20212132992855936,0.1517941312584683,0.050327198670091056,0.5476190476190477,0.0004033655995523129,0.3318881061020227,0.15045477265464324,0.18143333344737944,0.5555555555555556,0.0006808469105435462,0.9572797417987247,0.3749323598497003,0.5823473819490244,0.5595238095238095,0.0005289885400735898,0.3419080832190984,0.15477603471021562,0.18713204850888276,0.07452676176187834,-0.049260687157384075,0.12378744891926241,0.75,0.013345840089638536,-0.31153217319475346,-0.3371726701646922,-0.03725378011092295,0.15891207575218247,0.13771953237331735,8,3,2,1,1,1,1,1,8,3,False,False,-1
2021-01-29,XLF,financials,SPY,-0.0013797371920859502,-0.00374207805295923,0.00236234086087328,0.42857142857142855,0.00017931218948740222,0.23275227831554157,0.13771953237331735,0.09503274594222422,0.49206349206349204,0.0013727827827582136,0.2183750765626713,0.1517941312584683,0.066580945304203,0.4603174603174603,0.0005019214547388502,-0.029353250860411295,0.15045477265464324,-0.17980802351505454,0.4603174603174603,-0.0004843591623838818,0.027656075444014494,0.3749323598497003,-0.3472762844056858,0.4656084656084656,-0.00030980370619257066,-0.028012163091573616,0.15477603471021562,-0.18278819780178923,-0.23251393261178654,-0.049260687157384075,-0.18325324545440247,0.3333333333333333,-0.013174582027614382,-0.4286252337347367,-0.3371726701646922,-0.03725378011092295,0.23275227831554157,0.13771953237331735,6,2,1,8,9,8,10,8,2,2,True,False,-1
2021-01-29,XLI,industrials,SPY,-0.03208526496626096,-0.00374207805295923,-0.028343186913301732,0.38095238095238093,-0.0013499636435025148,0.13691294596010395,0.13771953237331735,-0.000806586413213406,0.49206349206349204,2.442046511184529e-05,0.18682619015573687,0.1517941312584683,0.03503205889726857,0.5238095238095238,0.0002627779079724034,0.04175921599513566,0.15045477265464324,-0.10869555665950759,0.4642857142857143,-0.00030386881490854266,0.12290810824244636,0.3749323598497003,-0.25202425160725395,0.47883597883597884,-0.00022720433632062635,0.07629234093519877,0.15477603471021562,-0.07848369377501685,-0.1624622270194389,-0.049260687157384075,-0.11320153986205483,0.5,-0.007336653755456252,-0.42334091356557446,-0.3371726701646922,-0.03725378011092295,0.13691294596010395,0.13771953237331735,10,6,4,6,8,7,8,5,3,6,False,False,-2
2021-01-29,XLE,energy,SPY,0.04491134251338158,-0.00374207805295923,0.04865342056634081,0.47619047619047616,0.00248223125327601,0.4379607468675142,0.13771953237331735,0.30024121449419683,0.47619047619047616,0.00416122211598651,0.11882393199149344,0.1517941312584683,-0.032970199266974864,0.4126984126984127,5.742063910983058e-05,-0.2396897414975927,0.15045477265464324,-0.39014451415223594,0.4126984126984127,-0.0011170535308431561,-0.3957809120631215,0.3749323598497003,-0.7707132719128218,0.44047619047619047,-0.0008854438312465469,-0.2723686426126909,0.15477603471021562,-0.4271446773229065,-0.2894634204676796,-0.049260687157384075,-0.2402027333102955,0.3333333333333333,-0.02666002533439556,-0.6060456762025663,-0.3371726701646922,-0.03725378011092295,0.4379607468675142,0.13771953237331735,1,1,7,11,10,11,11,8,1,1,True,False,6
2021-01-29,XLB,materials,SPY,-0.006889030109612837,-0.00374207805295923,-0.003146952056653607,0.42857142857142855,-7.95123415078734e-05,0.14615651735571467,0.13771953237331735,0.008436984982397311,0.5238095238095238,0.00018027286825933022,0.18287272231978347,0.1517941312584683,0.031078591061315164,0.5476190476190477,0.00025295408754709756,0.2251539977842556,0.15045477265464324,0.07469922512961236,0.5317460317460317,0.00032410493796780187,0.1865637131509461,0.3749323598497003,-0.1883686466987542,0.47883597883597884,-0.00015903033741442374,0.23365266816001418,0.15477603471021562,0.07887663344979856,-0.032102831380198094,-0.049260687157384075,0.017157855777185982,0.5833333333333334,0.005812020286318516,-0.3714387022817388,-0.3371726701646922,-0.03725378011092295,0.14615651735571467,0.13771953237331735,7,4,5,4,7,4,5,3,5,4,False,False,1
2021-01-29,XLY,consumer_discretionary,SPY,0.014274226216494545,-0.00374207805295923,0.018016304269453776,0.5238095238095238,0.0008931266031217332,0.11753120379163429,0.13771953237331735,-0.020188328581683068,0.4603174603174603,-0.0002675456250418688,0.1934563721444602,0.1517941312584683,0.04166224088599191,0.49206349206349204,0.0002913158992206839,0.3106087079757154,0.15045477265464324,0.16015393532107214,0.5198412698412699,0.0005261354677952408,0.5467016671465956,0.3749323598497003,0.17176930729689532,0.4947089947089947,0.0001664411321035757,0.29216406579177834,0.15477603471021562,0.13738803108156272,0.029028374467795715,-0.049260687157384075,0.07828906162517979,0.6666666666666666,0.009362701441551186,-0.33910205152598316,-0.3371726701646922,-0.03725378011092295,0.11753120379163429,0.13771953237331735,4,8,3,2,2,2,2,2,7,8,False,False,-5
2021-01-29,XLP,consumer_staples,SPY,-0.044146082631176586,-0.00374207805295923,-0.040404004578217356,0.3333333333333333,-0.001989405973233039,0.03402505911515097,0.13771953237331735,-0.10369447325816639,0.4126984126984127,-0.0015312920340286227,0.03587311923375203,0.1517941312584683,-0.11592101202471627,0.46825396825396826,-0.0008651682143531772,0.031192755457449817,0.15045477265464324,-0.11926201719719343,0.4722222222222222,-0.0005049508897029498,0.19235017972485213,0.3749323598497003,-0.18258218012484817,0.4947089947089947,-0.00022021303972773385,0.07881835991843977,0.15477603471021562,-0.07595767479177584,-0.06986855604275499,-0.049260687157384075,-0.020607868885370917,0.25,-0.009116998359261913,-0.2451228348865685,-0.3371726701646922,-0.03725378011092295,0.03402505911515097,0.13771953237331735,11,10,10,7,6,6,6,10,11,10,False,False,0
2021-01-29,XLV,health_care,SPY,0.02449247747175831,-0.00374207805295923,0.02823455552471754,0.5714285714285714,0.0013328542499833169,0.1265411377278185,0.13771953237331735,-0.011178394645498857,0.4444444444444444,-0.00015016225342121654,0.09255295817222198,0.1517941312584683,-0.059241173086246324,0.49206349206349204,-0.0004222566169964355,0.15678168559343253,0.15045477265464324,0.006326912938789286,0.49603174603174605,-1.7138842576993942e-05,0.33198205874183917,0.3749323598497003,-0.04295030110786113,0.503968253968254,-5.3005526306058405e-05,0.12912657831137753,0.15477603471021562,-0.02564945639883809,-0.0017628710070273224,-0.049260687157384075,0.04749781615035675,0.4166666666666667,0.001222793371260004,-0.2840432822564739,-0.3371726701646922,-0.03725378011092295,0.1265411377278185,0.13771953237331735,2,7,8,5,4,5,3,6,10,7,False,False,1
2021-01-29,XLU,utilities,SPY,0.011062404248076918,-0.00374207805295923,0.014804482301036148,0.47619047619047616,0.0007453432699651152,-0.001986995285173543,0.13771953237331735,-0.1397065276584909,0.38095238095238093,-0.002054963041548663,0.04090632688877238,0.1517941312584683,-0.11088780436969592,0.47619047619047616,-0.000797497619765579,-0.07085935230349427,0.15045477265464324,-0.22131412495813751,0.47619047619047616,-0.0007744510863560018,0.3632730400984896,0.3749323598497003,-0.011659319751210706,0.5052910052910053,6.9588354086690805e-06,-0.0810254205945834,0.15477603471021562,-0.235801455304799,-0.1705763287344686,-0.049260687157384075,-0.12131564157708452,0.4166666666666667,-0.017309486924851753,-0.3606677245950751,-0.3371726701646922,-0.03725378011092295,-0.001986995285173543,0.13771953237331735,5,11,9,10,3,10,9,6,6,11,False,False,-2
2021-01-29,XLRE,real_estate,SPY,0.023384982695185963,-0.00374207805295923,0.027127060748145193,0.6190476190476191,0.0013043515215683335,0.09582614222753949,0.13771953237331735,-0.041893390145777865,0.49206349206349204,-0.0005751778992739462,0.03196438188598516,0.1517941312584683,-0.11982974937248314,0.47619047619047616,-0.0008557417692612577,-0.044435376989165554,0.15045477265464324,-0.1948901496438088,0.46825396825396826,-0.0006367655694950445,0.28006117849481726,0.3749323598497003,-0.09487118135488304,0.5092592592592593,-6.337291120544895e-05,-0.06627062232801184,0.15477603471021562,-0.22104665703822746,-0.11204100588437393,-0.049260687157384075,-0.06278031872698986,0.25,-0.01537940774819769,-0.38824768445047175,-0.3371726701646922,-0.03725378011092295,0.09582614222753949,0.13771953237331735,3,9,11,9,5,9,7,10,4,9,False,False,2
2021-01-29,XLC,communication_services,SPY,-0.007568217100405894,-0.00374207805295923,-0.003826139047446664,0.47619047619047616,-0.00013306433688471081,0.1403948950093974,0.13771953237331735,0.0026753626360800364,0.5238095238095238,7.209887745279841e-05,0.17091417039113654,0.1517941312584683,0.019120039132668243,0.48412698412698413,0.000167824551228508,0.23090627652921603,0.15045477265464324,0.08045150387457278,0.5,0.0002686889969737379,,0.3749323598497003,,0.4848024316109423,-2.509884817873646e-05,0.24029308385597004,0.15477603471021562,0.08551704914575442,-0.00909194626681864,-0.049260687157384075,0.040168740890565435,0.5833333333333334,0.0055954736725943865,-0.30149351708108085,-0.3371726701646922,-0.03725378011092295,0.1403948950093974,0.13771953237331735,9,5,6,3,,3,4,3,9,5,False,False,1
2021-02-26,XLK,technology,SPY,-0.006159321354554215,0.015891315493101965,-0.02205063684765618,0.38095238095238093,-0.0009964237061604504,0.07592935875207996,0.05165253269191461,0.024276826060165346,0.5396825396825397,0.00039501137660768483,0.07619113556335488,0.10340453001929184,-0.027213394455936957,0.5158730158730159,-0.00013705793079896034,0.5089377353018367,0.302353225863768,0.20658450943806872,0.5555555555555556,0.0006807691708052372,0.9611142701776691,0.44764017065952544,0.5134740995181437,0.5542328042328042,0.0004630954702370237,0.5182893674250102,0.28198086350567997,0.23630850391933023,0.21384350425594412,0.09065314864316809,0.12319035561277603,0.6666666666666666,0.011641096484592578,-0.31153217319475346,-0.3371726701646922,-0.031275766645011416,0.07592935875207996,0.05165253269191461,7,4,6,1,1,1,1,1,8,4,False,False,2
2021-02-26,XLF,financials,SPY,0.11413775482799515,0.015891315493101965,0.09824643933489319,0.7619047619047619,0.004443225351560292,0.13340188648162776,0.05165253269191461,0.08174935378971315,0.5238095238095238,0.001236248243266577,0.31489392723482323,0.10340453001929184,0.2114893972155314,0.5158730158730159,0.0014498014260151484,0.21291777934097866,0.302353225863768,-0.08943544652278934,0.4801587301587302,-8.932371786553295e-05,0.16593992010687275,0.44764017065952544,-0.2817002505526527,0.4722222222222222,-0.00021110857390458726,0.08866051265647434,0.28198086350567997,-0.19332035084920562,-0.10837730955153824,0.09065314864316809,-0.19903045819470633,0.4166666666666667,-0.003003675277962673,-0.4286252337347367,-0.3371726701646922,-0.031275766645011416,0.13340188648162776,0.05165253269191461,2,2,2,7,9,8,10,6,2,2,True,False,0
2021-02-26,XLI,industrials,SPY,0.06138008955831431,0.015891315493101965,0.045488774065212345,0.5238095238095238,0.0021016324747899205,0.014889176392220094,0.05165253269191461,-0.036763356299694516,0.42857142857142855,-0.000550539094021287,0.17446930217078238,0.10340453001929184,0.07106477215149054,0.5396825396825397,0.0005179425439407113,0.2420240917570542,0.302353225863768,-0.06032913410671381,0.4722222222222222,-9.787853598366011e-05,0.2211495387622726,0.44764017065952544,-0.22649063189725283,0.4801587301587302,-0.00018423192130095486,0.170197278030638,0.28198086350567997,-0.11178358547504197,-0.02583608692950834,0.09065314864316809,-0.11648923557267643,0.5833333333333334,-0.002210275435340877,-0.42334091356557446,-0.3371726701646922,-0.031275766645011416,0.014889176392220094,0.05165253269191461,3,9,3,5,8,6,7,3,3,9,False,False,-6
2021-02-26,XLE,energy,SPY,0.19776095411668582,0.015891315493101965,0.18186963862358385,0.6190476190476191,0.008063330695399471,0.21046833225232153,0.05165253269191461,0.15881579956040692,0.47619047619047616,0.0024678867746741858,0.38809794737863945,0.10340453001929184,0.2846934173593476,0.4523809523809524,0.002128289517752044,0.13345370251958877,0.302353225863768,-0.16889952334417924,0.44047619047619047,-2.0425799449186587e-05,-0.18386770725623947,0.44764017065952544,-0.6315078779157649,0.44576719576719576,-0.0005512111469290317,-0.05368955414356602,0.28198086350567997,-0.335670417649246,-0.1564812512141276,0.09065314864316809,-0.24713439985729568,0.4166666666666667,-0.004035658917473077,-0.6060456762025663,-0.3371726701646922,-0.031275766645011416,0.21046833225232153,0.05165253269191461,1,1,1,8,10,11,11,6,1,1,True,False,0
2021-02-26,XLB,materials,SPY,0.03854862356904887,0.015891315493101965,0.022657308075946903,0.47619047619047616,0.0010672620861639597,0.025350519569637298,0.05165253269191461,-0.026302013122277312,0.42857142857142855,-0.00036461688351098676,0.17156615157756372,0.10340453001929184,0.06816162155827188,0.5238095238095238,0.0005178952856554765,0.410366678737216,0.302353225863768,0.10801345287344799,0.5277777777777778,0.0003883000154201534,0.2715688886491836,0.44764017065952544,-0.17607128201034183,0.47619047619047616,-0.00013574059117188922,0.35801699287837585,0.28198086350567997,0.07603612937269588,0.15825210262831102,0.09065314864316809,0.06759895398514293,0.6666666666666666,0.007443630630178573,-0.3714387022817388,-0.3371726701646922,-0.031275766645011416,0.025350519569637298,0.05165253269191461,5,7,4,3,6,3,3,1,5,7,False,False,-3
2021-02-26,XLY,consumer_discretionary,SPY,-0.02545963099218662,0.015891315493101965,-0.04135094648528859,0.2857142857142857,-0.001926274288142156,0.02383605325425764,0.05165253269191461,-0.02781647943765697,0.4126984126984127,-0.0003947795862396215,0.07603611457421566,0.10340453001929184,-0.027368415445076177,0.4603174603174603,-0.00018329844437063128,0.3978081934240254,0.302353225863768,0.0954549675602574,0.503968253968254,0.00029490215298576283,0.5658611803472604,0.44764017065952544,0.11822100968773497,0.49074074074074076,0.00011655980514911087,0.43432559376390345,0.28198086350567997,0.15234473025822348,0.16659135852604368,0.09065314864316809,0.07593820988287558,0.5833333333333334,0.006366595638323748,-0.33910205152598316,-0.3371726701646922,-0.031275766645011416,0.02383605325425764,0.05165253269191461,9,8,7,4,2,2,2,3,7,8,False,True,-1
2021-02-26,XLP,consumer_staples,SPY,-0.028992077425570306,0.015891315493101965,-0.04488339291867227,0.3333333333333333,-0.0021698341857063924,-0.04688732436681908,0.05165253269191461,-0.09853985705873369,0.4126984126984127,-0.0015737052025315685,-0.008951436122975998,0.10340453001929184,-0.11235596614226784,0.46825396825396826,-0.0008780377850017893,0.1000848046353191,0.302353225863768,-0.2022684212284489,0.4642857142857143,-0.0007373661452942849,0.2592636632477767,0.44764017065952544,-0.18837650741174872,0.49206349206349204,-0.0002154114315589708,0.1329308227667887,0.28198086350567997,-0.14905004073889128,0.07369981316779817,0.09065314864316809,-0.016953335475369924,0.25,-0.012101100493809996,-0.2451228348865685,-0.3371726701646922,-0.031275766645011416,-0.04688732436681908,0.05165253269191461,10,10,11,9,7,7,6,10,11,10,False,False,1
2021-02-26,XLV,health_care,SPY,-0.0151305540313742,0.015891315493101965,-0.031021869524476164,0.42857142857142855,-0.0015011361094327204,0.03890382588686658,0.05165253269191461,-0.012748706805048027,0.4444444444444444,-0.00019759469228914072,0.06176497942208603,0.10340453001929184,-0.04163955059720581,0.48412698412698413,-0.00031147693483298363,0.22104179521991463,0.302353225863768,-0.08131143064385338,0.49206349206349204,-0.0002950147635302311,0.37760087446369495,0.44764017065952544,-0.07003929619583049,0.5026455026455027,-7.709850511716255e-05,0.23980066618780294,0.28198086350567997,-0.04218019731787703,0.13764222351201338,0.09065314864316809,0.04698907486884529,0.3333333333333333,-0.003940967510544975,-0.2840432822564739,-0.3371726701646922,-0.031275766645011416,0.03890382588686658,0.05165253269191461,8,5,9,6,3,5,4,9,10,5,False,False,4
2021-02-26,XLU,utilities,SPY,-0.05489868357052352,0.015891315493101965,-0.07078999906362549,0.42857142857142855,-0.0034410102328037216,-0.08371179778065019,0.05165253269191461,-0.1353643304725648,0.4126984126984127,-0.002163726170919246,0.011060411893236477,0.10340453001929184,-0.09234411812605536,0.49206349206349204,-0.0006914528094155467,-0.060249264139236036,0.302353225863768,-0.36260249000300404,0.4642857142857143,-0.001217322205195095,0.2849838198560042,0.44764017065952544,-0.16265635080352125,0.49867724867724866,-0.0001378461815887537,-0.005661383045075574,0.28198086350567997,-0.28764224655075554,-0.04298265196427553,0.09065314864316809,-0.13363580060744362,0.4166666666666667,-0.02275134975245442,-0.3606677245950751,-0.3371726701646922,-0.031275766645011416,-0.08371179778065019,0.05165253269191461,11,11,10,11,5,10,9,6,6,11,False,False,-1
2021-02-26,XLRE,real_estate,SPY,0.007827243488140345,0.015891315493101965,-0.00806407200496162,0.47619047619047616,-0.00039037090933110745,0.027817881545229017,0.05165253269191461,-0.023834651146685593,0.49206349206349204,-0.00034537430023096413,0.06259019103037322,0.10340453001929184,-0.04081433898891862,0.5079365079365079,-0.00028868248026214,0.024166370482976873,0.302353225863768,-0.27818685538079113,0.45634920634920634,-0.0008544528650498226,0.3416167367329863,0.44764017065952544,-0.10602343392653912,0.5066137566137566,-6.86854024120506e-05,0.01621222992373772,0.28198086350567997,-0.26576863358194225,-0.03319976700850291,0.09065314864316809,-0.123852915651671,0.16666666666666666,-0.017890153938763198,-0.38824768445047175,-0.3371726701646922,-0.031275766645011416,0.027817881545229017,0.05165253269191461,6,6,8,10,4,9,8,11,4,6,False,False,2
2021-02-26,XLC,communication_services,SPY,0.05389453316286197,0.015891315493101965,0.03800321766976,0.6190476190476191,0.001753177331165312,0.09911495511061719,0.05165253269191461,0.04746242241870258,0.5555555555555556,0.0007247736966759484,0.1191138606533686,0.10340453001929184,0.015709330634076757,0.5,0.00014176307674269178,0.42627684252794573,0.302353225863768,0.12392361666417773,0.5079365079365079,0.00036261417605150544,,0.44764017065952544,,0.48892171344165436,3.542602840931091e-05,0.3533392551601162,0.28198086350567997,0.07135839165443625,0.12476579357730255,0.09065314864316809,0.03411264493413446,0.5833333333333334,0.007150257838502723,-0.30149351708108085,-0.3371726701646922,-0.031275766645011416,0.09911495511061719,0.05165253269191461,4,3,5,2,,4,5,3,9,3,False,False,2
2021-03-31,XLK,technology,SPY,0.0024881420591242875,0.028685264601371108,-0.02619712254224682,0.42857142857142855,-0.00112107158665662,0.024560126064403942,0.0704463999584184,-0.04588627389401445,0.42857142857142855,-0.0006281861342899395,0.15268538116783636,0.20144125822936498,-0.04875587706152862,0.49206349206349204,-0.00027262486982242834,0.6680879921909253,0.5623117451723754,0.10577624701854993,0.5357142857142857,0.00032271967054971315,1.1108096192331627,0.5918134370585513,0.5189961821746114,0.5542328042328042,0.0004366385271049231,0.6639478535523122,0.5187461111128013,0.1452017424395109,0.5366356715917773,0.3661411448974532,0.17049452669432408,0.5833333333333334,0.005763685029429477,-0.31153217319475346,-0.3371726701646922,0.0,0.024560126064403942,0.0704463999584184,11,10,7,7,1,4,2,3,8,10,False,True,-3
2021-03-31,XLF,financials,SPY,0.030147884083265852,0.028685264601371108,0.0014626194818947447,0.5238095238095238,9.107822397410222e-05,0.1797484176080082,0.0704463999584184,0.1093020176495898,0.5714285714285714,0.0015895176843261519,0.4477623404330584,0.20144125822936498,0.24632108220369342,0.5317460317460317,0.001544356339329226,0.6711827856123547,0.5623117451723754,0.1088710404399793,0.49603174603174605,0.00037239742911685897,0.31845835711287296,0.5918134370585513,-0.2733550799456783,0.4748677248677249,-0.00017462306647474164,0.6222746378783754,0.5187461111128013,0.10352852676557411,0.22582960427208154,0.3661411448974532,-0.14031154062537166,0.5,0.00618305966077896,-0.4286252337347367,-0.3371726701646922,0.0,0.1797484176080082,0.0704463999584184,7,2,2,5,9,6,7,6,2,2,False,False,0
2021-03-31,XLI,industrials,SPY,0.06575649090862012,0.028685264601371108,0.03707122630724902,0.6190476190476191,0.0017090187435927918,0.12757469433532176,0.0704463999584184,0.057128294376903366,0.5238095238095238,0.0008448203511952511,0.28480873001977924,0.20144125822936498,0.08336747179041426,0.5396825396825397,0.0005584867668850528,0.6944395163625103,0.5623117451723754,0.13212777119013497,0.503968253968254,0.00037418828929265745,0.40512916523937204,0.5918134370585513,-0.18668427181917924,0.48148148148148145,-0.00012394698561747167,0.5898936866130657,0.5187461111128013,0.0711475755002644,0.3411253608845679,0.3661411448974532,-0.02501578401288529,0.6666666666666666,0.007180184518945846,-0.42334091356557446,-0.3371726701646922,0.0,0.12757469433532176,0.0704463999584184,4,3,3,4,7,7,5,2,3,3,False,False,0
2021-03-31,XLE,energy,SPY,0.009169727531020522,0.028685264601371108,-0.019515537070350586,0.47619047619047616,-0.0007635623528504823,0.31758013392912887,0.0704463999584184,0.24713373397071048,0.5396825396825397,0.0034851286923613996,0.6725577624452532,0.20144125822936498,0.47111650421588824,0.48412698412698413,0.0029360690799462223,0.7799430342186944,0.5623117451723754,0.217631289046319,0.45634920634920634,0.0008558638053710594,-0.14328033415314656,0.5918134370585513,-0.7350937712116978,0.44841269841269843,-0.0006088331795463646,0.7637697462184143,0.5187461111128013,0.24502363510561298,0.27003737404028927,0.3661411448974532,-0.09610377085716393,0.4166666666666667,0.015552318108516852,-0.6060456762025663,-0.3371726701646922,0.0,0.31758013392912887,0.0704463999584184,9,1,1,2,10,1,6,7,1,1,False,False,0
2021-03-31,XLB,materials,SPY,0.04355505940170468,0.028685264601371108,0.014869794800333569,0.47619047619047616,0.0007147252838982865,0.11250906561851881,0.0704463999584184,0.04206266566010042,0.4603174603174603,0.0006501655311899075,0.2623515949048172,0.20144125822936498,0.060910336675452204,0.5158730158730159,0.0004323324679939716,0.7837847821764263,0.5623117451723754,0.22147303700405097,0.5396825396825397,0.0005837458609835324,0.4734604495665582,0.5918134370585513,-0.11835298749199308,0.4801587301587302,-6.601877986667785e-05,0.7093346116295132,0.5187461111128013,0.19058850051671183,0.4280969461823647,0.3661411448974532,0.061955801284911516,0.75,0.011312771627394838,-0.3714387022817388,-0.3371726701646922,0.0,0.11250906561851881,0.0704463999584184,5,4,4,1,4,2,4,1,5,4,False,False,0
2021-03-31,XLY,consumer_discretionary,SPY,0.032552100440083276,0.028685264601371108,0.003866835838712168,0.47619047619047616,0.0002444092342487272,0.05388494878802863,0.0704463999584184,-0.016561451170389763,0.42857142857142855,-0.000195208608380025,0.15679440403726197,0.20144125822936498,-0.044646854192103014,0.4523809523809524,-0.00027187547527535074,0.7271827943093128,0.5623117451723754,0.1648710491369374,0.5079365079365079,0.00042215359104089617,0.7196119534001835,0.5918134370585513,0.1277985163416322,0.48544973544973546,0.0001165565343544101,0.6727318588313089,0.5187461111128013,0.1539857477185076,0.538342043775198,0.3661411448974532,0.1722008988777448,0.5833333333333334,0.008613053978327345,-0.33910205152598316,-0.3371726701646922,0.0,0.05388494878802863,0.0704463999584184,6,7,6,3,2,3,1,3,7,7,False,False,-1
2021-03-31,XLP,consumer_staples,SPY,0.07597309686749099,0.028685264601371108,0.04728783226611988,0.7142857142857143,0.002136342626285201,0.024300813146307387,0.0704463999584184,-0.046145586812111006,0.47619047619047616,-0.0007167121969796366,0.09354740025968922,0.20144125822936498,-0.10789385796967577,0.48412698412698413,-0.0007653743255998781,0.2889589755201929,0.5623117451723754,-0.27335276965218247,0.4801587301587302,-0.0008029125490615617,0.4118254500402707,0.5918134370585513,-0.17998798701828056,0.5013227513227513,-0.00018899746389514774,0.19794721566252305,0.5187461111128013,-0.3207988954502783,0.2168623674818002,0.3661411448974532,-0.14927877741565299,0.25,-0.015568741555452506,-0.2451228348865685,-0.3371726701646922,0.0,0.024300813146307387,0.0704463999584184,2,11,11,10,6,10,9,9,11,11,False,False,0
2021-03-31,XLV,health_care,SPY,0.02984761764946886,0.028685264601371108,0.0011623530480977529,0.5714285714285714,4.896758377691599e-05,0.04333076412720649,0.0704463999584184,-0.027115635831211904,0.5079365079365079,-0.00041839690982101646,0.133001260525893,0.20144125822936498,-0.06843999770347198,0.47619047619047616,-0.00046788012926314153,0.3388597362116985,0.5623117451723754,-0.22345200896067685,0.4801587301587302,-0.0006271442927761486,0.5159588082115076,0.5918134370585513,-0.07585462884704364,0.5079365079365079,-7.641192105959183e-05,0.30005615711139977,0.5187461111128013,-0.21868995400140157,0.2244018282758944,0.3661411448974532,-0.1417393166215588,0.25,-0.012538633176091885,-0.2840432822564739,-0.3371726701646922,0.0,0.04333076412720649,0.0704463999584184,8,9,9,8,3,8,8,9,10,9,False,True,0
2021-03-31,XLU,utilities,SPY,0.08488626951093159,0.028685264601371108,0.05620100490956048,0.6666666666666666,0.00254004329508793,0.049588337738493804,0.0704463999584184,-0.02085806221992459,0.5079365079365079,-0.0002949415613866683,0.10558066720883486,0.20144125822936498,-0.09586059102053013,0.47619047619047616,-0.0006502195505674536,0.19420447566901844,0.5623117451723754,-0.3681072695033569,0.4722222222222222,-0.0010368955988348378,0.40041878574577106,0.5918134370585513,-0.19139465131278022,0.5,-0.00014844092717192006,0.10076466928406025,0.5187461111128013,-0.4179814418287411,0.07495338754133662,0.3661411448974532,-0.29118775735611657,0.4166666666666667,-0.020331369680146826,-0.3606677245950751,-0.3371726701646922,0.0,0.049588337738493804,0.0704463999584184,1,8,10,11,8,11,11,7,6,8,False,False,2
2021-03-31,XLRE,real_estate,SPY,0.0736014155893745,0.028685264601371108,0.04491615098800339,0.6666666666666666,0.002047688887684738,0.11036477024024971,0.0704463999584184,0.03991837028183132,0.5873015873015873,0.0005881900823974089,0.15135233115649793,0.20144125822936498,-0.05008892707286705,0.5079365079365079,-0.0003312600574252646,0.32119245882871805,0.5623117451723754,-0.2411192863436573,0.47619047619047616,-0.0006123114105463133,0.4122729605731763,0.5918134370585513,-0.17954047648537497,0.5052910052910053,-0.0001253283834832178,0.23061728463111564,0.5187461111128013,-0.2881288264816857,0.18875695980829144,0.3661411448974532,-0.17738418508916176,0.25,-0.013583135122633825,-0.38824768445047175,-0.3371726701646922,0.0,0.11036477024024971,0.0704463999584184,3,5,8,9,5,9,10,9,4,5,False,False,3
2021-03-31,XLC,communication_services,SPY,0.00809152891357967,0.028685264601371108,-0.020593735687791437,0.47619047619047616,-0.0009339995012623519,0.08991746839720771,0.0704463999584184,0.01947106843878932,0.5396825396825397,0.00031533006059074396,0.23933380816639627,0.20144125822936498,0.037892549937031283,0.5317460317460317,0.00027804457827851527,0.6697889311460292,0.5623117451723754,0.10747718597365385,0.5158730158730159,0.00028435619216927007,,0.5918134370585513,,0.49,8.77871827169601e-06,0.656386234041229,0.5187461111128013,0.13764012292842764,0.4396122524604231,0.3661411448974532,0.07347110756296993,0.5833333333333334,0.005731463066886711,-0.30149351708108085,-0.3371726701646922,0.0,0.08991746839720771,0.0704463999584184,10,6,5,6,,5,3,3,9,6,False,False,-1
2021-04-30,XLK,technology,SPY,0.05187883834703855,0.05291054481335422,-0.0010317064663156739,0.47619047619047616,-8.61906639805708e-06,0.08582089897869172,0.13131778161521668,-0.04549688263652496,0.4444444444444444,-0.0005826761602210161,0.25837095193049664,0.28712233746488325,-0.02875138553438661,0.49206349206349204,-0.00012612538852329453,0.5427125123511609,0.45962582235377925,0.08308668999738167,0.5357142857142857,0.000274290044947119,1.2189585629579187,0.6674192824345673,0.5515392805233514,0.5582010582010583,0.0004414640071696275,0.46662567599081717,0.386277143432467,0.08034853255835017,0.2723555793731971,0.15384512887089086,0.11851045050230624,0.5,0.004914434613658286,-0.31153217319475346,-0.3371726701646922,-0.0065705384168617265,0.08582089897869172,0.13131778161521668,6,9,7,6,1,5,1,6,8,9,False,False,-2
2021-04-30,XLF,financials,SPY,0.06490493402857789,0.05291054481335422,0.011994389215223666,0.6190476190476191,0.0005635218002245592,0.2580556970581216,0.13131778161521668,0.1267379154429049,0.6349206349206349,0.0017175875545718709,0.5508710267962462,0.28712233746488325,0.263748689331363,0.5634920634920635,0.0015451851686650424,0.6258149618462923,0.45962582235377925,0.16618913949251302,0.503968253968254,0.0005116553152224594,0.4101706889147685,0.6674192824345673,-0.2572485935197988,0.48148148148148145,-0.00014667637431022397,0.5267230997754602,0.386277143432467,0.14044595634299317,0.05453986275038969,0.15384512887089086,-0.09930526612050117,0.5833333333333334,0.009525399823832215,-0.4286252337347367,-0.3371726701646922,-0.0065705384168617265,0.2580556970581216,0.13131778161521668,2,2,2,2,9,3,7,3,2,2,False,False,0
2021-04-30,XLI,industrials,SPY,0.0353480334000158,0.05291054481335422,-0.017562511413338422,0.42857142857142855,-0.0008011130814996921,0.2061312841270111,0.13131778161521668,0.07481350251179442,0.5396825396825397,0.0010277705385295253,0.3712662714514834,0.28712233746488325,0.08414393398660014,0.5158730158730159,0.0005260955018206853,0.6122614989842998,0.45962582235377925,0.15263567663052058,0.5079365079365079,0.0004417616346658357,0.49649611434062146,0.6674192824345673,-0.1709231680939458,0.4801587301587302,-0.00010266165601438824,0.5572169424900897,0.386277143432467,0.1709397990576227,0.212022385982789,0.15384512887089086,0.05817725711189814,0.6666666666666666,0.008663883540397441,-0.42334091356557446,-0.3371726701646922,-0.0065705384168617265,0.2061312841270111,0.13131778161521668,9,3,3,3,7,1,4,2,3,3,False,False,0
2021-04-30,XLE,energy,SPY,0.006726726453471832,0.05291054481335422,-0.04618381835988239,0.42857142857142855,-0.0020257351543327075,0.2694312723987031,0.13131778161521668,0.13811349078348645,0.5238095238095238,0.001982473223158494,0.8253923405554178,0.28712233746488325,0.5382700030905345,0.5,0.003071847669572502,0.3703444658833823,0.45962582235377925,-0.08928135647039692,0.4444444444444444,3.842908075392018e-05,-0.21230235939469366,0.6674192824345673,-0.8797216418292609,0.43915343915343913,-0.0007792034033791205,0.3611881257100169,0.386277143432467,-0.02508901772245009,-0.18616375692760456,0.15384512887089086,-0.3400088857984954,0.3333333333333333,-0.0014612708535961065,-0.5652647039606793,-0.3371726701646922,-0.0065705384168617265,0.2694312723987031,0.13131778161521668,11,1,1,7,10,7,11,8,1,1,True,False,0
2021-04-30,XLB,materials,SPY,0.05380702315824348,0.05291054481335422,0.0008964783448892621,0.5238095238095238,6.81366421922799e-05,0.18050238313791733,0.13131778161521668,0.049184601522700655,0.49206349206349204,0.0006993818590899586,0.3530405001874768,0.28712233746488325,0.06591816272259354,0.5079365079365079,0.0004398273636746444,0.6319316183410408,0.45962582235377925,0.1723057959872616,0.5436507936507936,0.0004861075267247491,0.550836894551564,0.6674192824345673,-0.11658238788300324,0.4801587301587302,-5.990156236456371e-05,0.5486057527403516,0.386277143432467,0.16232860930788462,0.22676262222896648,0.15384512887089086,0.07291749335807562,0.75,0.009543908136269375,-0.3670071308679834,-0.3371726701646922,-0.0065705384168617265,0.18050238313791733,0.13131778161521668,5,4,4,1,4,2,3,1,5,4,False,False,0
2021-04-30,XLY,consumer_discretionary,SPY,0.06455646598230991,0.05291054481335422,0.011645921168955686,0.42857142857142855,0.0005429923521217935,0.10613087430879897,0.13131778161521668,-0.025186907306417705,0.3968253968253968,-0.0003119200253800049,0.23613576751740495,0.28712233746488325,-0.0509865699474783,0.42857142857142855,-0.0002897328252109368,0.5466387743454839,0.45962582235377925,0.08701295199170467,0.4880952380952381,0.00025042934480967597,0.7880803310158808,0.6674192824345673,0.12066104858131355,0.48148148148148145,0.00010674042525735175,0.4528480393177987,0.386277143432467,0.06657089588533172,0.2559258881675923,0.15384512887089086,0.10208075929670146,0.5833333333333334,0.0049619677492840535,-0.33910205152598316,-0.3371726701646922,-0.0065705384168617265,0.10613087430879897,0.13131778161521668,3,7,8,5,2,6,2,3,7,7,False,False,1
2021-04-30,XLP,consumer_staples,SPY,0.018591762370463893,0.05291054481335422,-0.03431878244289033,0.47619047619047616,-0.0015841282059331112,0.09153119687180644,0.13131778161521668,-0.039786584743410236,0.5238095238095238,-0.0005816196078796608,0.12867061037140126,0.28712233746488325,-0.158451727093482,0.46825396825396826,-0.0010564558209541417,0.22751381290265504,0.45962582235377925,-0.2321120094511242,0.48412698412698413,-0.000713416394043266,0.5002148079613022,0.6674192824345673,-0.16720447447326503,0.5026455026455027,-0.00017042731534800437,0.2051087179872615,0.386277143432467,-0.1811684254452055,0.10201781623830786,0.15384512887089086,-0.051827312632583,0.25,-0.014040209825873997,-0.2451228348865685,-0.3371726701646922,-0.0065705384168617265,0.09153119687180644,0.13131778161521668,10,8,10,10,6,9,6,10,11,8,False,False,2
2021-04-30,XLV,health_care,SPY,0.03931828920537672,0.05291054481335422,-0.0135922556079775,0.5238095238095238,-0.0006220878087909958,0.05842919171450789,0.13131778161521668,-0.07288858990070879,0.49206349206349204,-0.0010700442627457874,0.19236402583839696,0.28712233746488325,-0.09475831162648629,0.46825396825396826,-0.0006101032580835019,0.2359288399246513,0.45962582235377925,-0.22369698242912794,0.4801587301587302,-0.0006698403398407781,0.5590913425019741,0.6674192824345673,-0.10832793993259315,0.5066137566137566,-0.00010106156709878007,0.18917260743058373,0.386277143432467,-0.19710453600188327,0.049577479621353726,0.15384512887089086,-0.10426764924953713,0.25,-0.013532421901319711,-0.2813671808915279,-0.3371726701646922,-0.0065705384168617265,0.05842919171450789,0.13131778161521668,8,11,9,9,3,10,8,10,10,11,False,True,-2
2021-04-30,XLU,utilities,SPY,0.041848970520653284,0.05291054481335422,-0.011061574292700938,0.47619047619047616,-0.0005017835886911186,0.08154800786661065,0.13131778161521668,-0.04976977374860603,0.5079365079365079,-0.0007106505142720795,0.07939897707429089,0.28712233746488325,-0.20772336039059236,0.4444444444444444,-0.0013828067779103712,0.20398296757394352,0.45962582235377925,-0.2556428547798357,0.4801587301587302,-0.0007564854775303145,0.4298783558358059,0.6674192824345673,-0.23754092659876136,0.49867724867724866,-0.00018146823730129166,0.15562140160513427,0.386277143432467,-0.23065574182733273,0.045261947753331366,0.15384512887089086,-0.10858318111755949,0.4166666666666667,-0.01428598212296416,-0.3606677245950751,-0.3371726701646922,-0.0065705384168617265,0.08154800786661065,0.13131778161521668,7,10,11,11,8,11,10,7,6,10,False,False,1
2021-04-30,XLRE,real_estate,SPY,0.08305917774182636,0.05291054481335422,0.03014863292847214,0.6190476190476191,0.001346662254539388,0.17511080911384336,0.13131778161521668,0.04379302749862668,0.5873015873015873,0.0006022936600544271,0.28771714464110554,0.28712233746488325,0.0005948071762222895,0.5396825396825397,1.3557880390240447e-05,0.3077482103285263,0.45962582235377925,-0.15187761202525296,0.4880952380952381,-0.0004073641688395063,0.5389833400040065,0.6674192824345673,-0.12843594243056078,0.5079365079365079,-7.248648234759844e-05,0.20745776150032325,0.386277143432467,-0.17881938193214375,0.04873002713901564,0.15384512887089086,-0.10511510173187522,0.3333333333333333,-0.008772373800488528,-0.38824768445047175,-0.3371726701646922,-0.0065705384168617265,0.17511080911384336,0.13131778161521668,1,5,6,8,5,8,9,8,4,5,False,False,1
2021-04-30,XLC,communication_services,SPY,0.06451126301231014,0.05291054481335422,0.011600718198955917,0.5238095238095238,0.0005546177883603961,0.16907725130773388,0.13131778161521668,0.0377594696925172,0.5555555555555556,0.0005445574356724462,0.3332097292629579,0.28712233746488325,0.04608739179807464,0.5396825396825397,0.00030832815656262237,0.5639812412240117,0.45962582235377925,0.10435541887023247,0.5198412698412699,0.0002985971186007708,,0.6674192824345673,,0.4909847434119279,2.4676943614085333e-05,0.46920121521149727,0.386277143432467,0.08292407177903027,0.18547658873696937,0.15384512887089086,0.031631459866078515,0.5833333333333334,0.005943838394697458,-0.30149351708108085,-0.3371726701646922,-0.0065705384168617265,0.16907725130773388,0.13131778161521668,4,6,5,4,,4,5,3,9,6,False,False,-1
2021-05-28,XLK,technology,SPY,-0.0228062851355586,-4.753328443973803e-05,-0.022758751851118864,0.5238095238095238,-0.0010450009726855139,0.02811040994308489,0.08171842164730969,-0.0536080117042248,0.47619047619047616,-0.0007408356261945588,0.1393747049734646,0.16696682285006803,-0.027592117876603428,0.5079365079365079,-0.00013881892549259613,0.4260180798969062,0.40239242974704603,0.023625650149860178,0.5317460317460317,0.0001245365152935332,1.0744030174759525,0.6502310116905721,0.4241720057853804,0.5529100529100529,0.00036706223767467343,0.45929927526675374,0.4024590932340397,0.056840182032714015,0.19454492333492723,0.120755095562876,0.07378982777205123,0.4166666666666667,0.0016818392633384898,-0.24546720692373492,-0.28319038341531355,-0.004927273048367264,0.02811040994308489,0.08171842164730969,10,11,8,5,1,5,2,6,9,11,False,True,-3
2021-05-28,XLF,financials,SPY,0.038546173861621735,-4.753328443973803e-05,0.03859370714606147,0.6190476190476191,0.0018146232182215459,0.14520953610564358,0.08171842164730969,0.06349111445833389,0.6031746031746031,0.0009243183925285456,0.34324447348123877,0.16696682285006803,0.17627765063117073,0.5714285714285714,0.0011514502613011932,0.6582711420883982,0.40239242974704603,0.2558787123413522,0.5238095238095238,0.0007301436897140051,0.5065394547588575,0.6502310116905721,-0.14369155693171454,0.49074074074074076,-4.620706154968941e-05,0.5967235582048855,0.4024590932340397,0.19426446497084582,0.04735926230204779,0.120755095562876,-0.07339583326082821,0.6666666666666666,0.014557678135747654,-0.3627996467015653,-0.28319038341531355,-0.004927273048367264,0.14520953610564358,0.08171842164730969,2,3,2,1,7,1,8,2,2,3,False,False,-1
2021-05-28,XLI,industrials,SPY,0.024461510356027727,-4.753328443973803e-05,0.024509043640467465,0.42857142857142855,0.0011688659818560175,0.13465547044241477,0.08171842164730969,0.05293704879510508,0.5079365079365079,0.0007708931686448054,0.19006118103313963,0.16696682285006803,0.023094358183071595,0.47619047619047616,0.00016896620971224637,0.577702841602777,0.40239242974704603,0.17531041185573093,0.5198412698412699,0.0005009732057202387,0.49650016706827493,0.6502310116905721,-0.15373084462229714,0.47883597883597884,-8.88667969815797e-05,0.5400313488151285,0.4024590932340397,0.13757225558108876,0.15347839809765684,0.120755095562876,0.03272330253478084,0.6666666666666666,0.010214865108214852,-0.3604598690887799,-0.28319038341531355,-0.004927273048367264,0.13465547044241477,0.08171842164730969,4,4,6,3,8,3,4,2,3,4,False,False,2
2021-05-28,XLE,energy,SPY,0.030392848853733723,-4.753328443973803e-05,0.03044038213817346,0.5714285714285714,0.0015547285251633202,0.06809633799922743,0.08171842164730969,-0.013622083648082262,0.5079365079365079,-7.773628456247168e-05,0.3581317611051338,0.16696682285006803,0.19116493825506575,0.5,0.0013815644571787877,0.42018277046263464,0.40239242974704603,0.017790340715588604,0.4642857142857143,0.00031338286396460143,-0.173375272889836,0.6502310116905721,-0.8236062845804081,0.4444444444444444,-0.0006995683689560142,0.37829253380642625,0.4024590932340397,-0.024166559427613477,-0.23186916137876812,0.120755095562876,-0.3526242569416441,0.4166666666666667,0.004921136551657573,-0.4908705021508497,-0.28319038341531355,-0.004927273048367264,0.06809633799922743,0.08171842164730969,3,9,1,6,10,7,11,6,1,9,False,False,-8
2021-05-28,XLB,materials,SPY,0.03967575478446683,-4.753328443973803e-05,0.03972328806890657,0.5238095238095238,0.0018776905944083433,0.16202695261589106,0.08171842164730969,0.08030853096858137,0.5238095238095238,0.0011631317395433523,0.23445889149020416,0.16696682285006803,0.06749206864013613,0.48412698412698413,0.00047790929477801894,0.6044568380073174,0.40239242974704603,0.2020644082602714,0.5436507936507936,0.0005744902742819149,0.6021073228462388,0.6502310116905721,-0.04812368884433327,0.48412698412698413,-2.824259869150926e-06,0.5432280983987494,0.4024590932340397,0.1407690051647097,0.161262237859775,0.120755095562876,0.040507142296899,0.75,0.01152382142586783,-0.3198336042915604,-0.28319038341531355,-0.004927273048367264,0.16202695261589106,0.08171842164730969,1,2,3,2,3,2,3,1,6,2,False,False,1
2021-05-28,XLY,consumer_discretionary,SPY,-0.03024198512851306,-4.753328443973803e-05,-0.030194451844073322,0.38095238095238093,-0.0014325072201969435,0.04962446325934766,0.08171842164730969,-0.03209395838796203,0.4126984126984127,-0.0004397772855149425,0.0985267623399857,0.16696682285006803,-0.06844006051008233,0.40476190476190477,-0.0004453016355394238,0.4027687822838033,0.40239242974704603,0.000376352536757274,0.46825396825396826,2.0813514147427933e-05,0.7009105712533255,0.6502310116905721,0.050679559562753385,0.47883597883597884,5.520011760177322e-05,0.44651424455584365,0.4024590932340397,0.04405515132180393,0.2130583206558121,0.120755095562876,0.09230322509293609,0.5,0.00021705730005915544,-0.27697390629422536,-0.28319038341531355,-0.004927273048367264,0.04962446325934766,0.08171842164730969,11,10,9,7,2,6,1,5,7,10,False,True,-1
2021-05-28,XLP,consumer_staples,SPY,0.018555865207657618,-4.753328443973803e-05,0.018603398492097356,0.6190476190476191,0.0008638984258735433,0.11343265365280586,0.08171842164730969,0.03171423200549617,0.6031746031746031,0.0004505928385210851,0.0725972962390744,0.16696682285006803,-0.09436952661099363,0.5,-0.0006811917701175868,0.22875497765341368,0.40239242974704603,-0.17363745209363235,0.5,-0.0005483408906585159,0.547594548736855,0.6502310116905721,-0.10263646295371709,0.5052910052910053,-0.0001160935383708452,0.20636974330603053,0.4024590932340397,-0.1960893499280092,0.10194220415655164,0.120755095562876,-0.01881289140632436,0.3333333333333333,-0.010654788387692932,-0.22637623997130552,-0.28319038341531355,-0.004927273048367264,0.11343265365280586,0.08171842164730969,5,5,10,9,5,9,7,10,11,5,False,False,5
2021-05-28,XLV,health_care,SPY,0.015695626430813014,-4.753328443973803e-05,0.015743159715252752,0.5238095238095238,0.0007236293461976718,0.08721082023603444,0.08171842164730969,0.005492398588724745,0.5396825396825397,7.07764158594341e-05,0.14847272871225403,0.16696682285006803,-0.018494094137814,0.49206349206349204,-0.00013525971952935454,0.21896199519940773,0.40239242974704603,-0.1834304345476383,0.48412698412698413,-0.0005647929430070508,0.5915500230817954,0.6502310116905721,-0.058680988608776685,0.5066137566137566,-6.097410153784891e-05,0.20012527717863593,0.4024590932340397,-0.2023338160554038,0.036418033072649125,0.120755095562876,-0.08433706249022688,0.3333333333333333,-0.01135330551022832,-0.2501034834358833,-0.28319038341531355,-0.004927273048367264,0.08721082023603444,0.08171842164730969,7,7,7,10,4,10,9,10,8,7,False,False,0
2021-05-28,XLU,utilities,SPY,-0.015709863294311455,-4.753328443973803e-05,-0.015662330009871717,0.38095238095238093,-0.000740003009427173,0.1005289343962299,0.08171842164730969,0.018810512748920205,0.5079365079365079,0.00027973099622413146,0.02797095679608952,0.16696682285006803,-0.1389958660539785,0.4523809523809524,-0.0009921927847722483,0.12796351560414387,0.40239242974704603,-0.27442891414290216,0.4722222222222222,-0.0008598916578826951,0.42575748591874873,0.6502310116905721,-0.22447352577182333,0.49603174603174605,-0.00017169917747274905,0.1459664925418378,0.4024590932340397,-0.2564926006922019,0.1020425576479731,0.120755095562876,-0.018712537914902905,0.4166666666666667,-0.016351128056547305,-0.33964185082659537,-0.28319038341531355,-0.004927273048367264,0.1005289343962299,0.08171842164730969,9,6,11,11,9,11,6,6,5,6,False,False,5
2021-05-28,XLRE,real_estate,SPY,0.018121486597803216,-4.753328443973803e-05,0.018169019882242954,0.5714285714285714,0.0008650136370371973,0.16885842397749107,0.08171842164730969,0.08714000233018138,0.6190476190476191,0.0012370858609026588,0.19972633734031287,0.16696682285006803,0.032759514490244834,0.5476190476190477,0.0002303265541695791,0.294862901484791,0.40239242974704603,-0.10752952826225504,0.5,-0.0002972144486955514,0.5376975764176335,0.6502310116905721,-0.11253343527293858,0.5105820105820106,-5.987257571227935e-05,0.27181571013863826,0.4024590932340397,-0.13064338309540147,0.016688145671487353,0.120755095562876,-0.10406694989138865,0.4166666666666667,-0.006289528793998818,-0.3601702044415499,-0.28319038341531355,-0.004927273048367264,0.16885842397749107,0.08171842164730969,6,1,5,8,6,8,10,6,4,1,True,False,4
2021-05-28,XLC,communication_services,SPY,-0.004296885760195934,-4.753328443973803e-05,-0.004249352475756196,0.5238095238095238,-0.00017822269791353422,0.07532967641386112,0.08171842164730969,-0.006388745233448567,0.5238095238095238,-6.643427571887072e-05,0.21231788617472125,0.16696682285006803,0.04535106332465322,0.5396825396825397,0.0003286999633074948,0.46950323577658226,0.40239242974704603,0.06711080602953623,0.5119047619047619,0.00021284387834377913,,0.6502310116905721,,0.4925775978407557,2.85122084432898e-05,0.4758447721623462,0.4024590932340397,0.0733856789283065,0.1364891600110547,0.120755095562876,0.01573406444817871,0.5833333333333334,0.004058351797185777,-0.23565176919937947,-0.28319038341531355,-0.004927273048367264,0.07532967641386112,0.08171842164730969,8,8,4,4,,4,5,4,10,8,False,True,-4
2021-06-30,XLK,technology,SPY,0.07414092551720652,0.023328761567367406,0.05081216394983912,0.7142857142857143,0.0023252501003240065,0.11385196857176694,0.0835930395340907,0.03025892903767624,0.5714285714285714,0.0004718818593706587,0.14120831333697415,0.15992826818926753,-0.018719954852293386,0.5,-7.815213745964044e-05,0.4251824289538595,0.40885871447036903,0.01632371448349046,0.5277777777777778,0.00010489336859235602,1.2052945023713075,0.66810313213165,0.5371913702396576,0.5595238095238095,0.0004337626559368568,0.3268114035107861,0.3767410507572466,-0.04992964724646054,0.17649242552626054,0.18408904285651806,-0.007596617330257516,0.4166666666666667,0.0012288296275187738,-0.1269376134997302,-0.09440465820774069,0.0,0.11385196857176694,0.0835930395340907,1,2,7,6,1,7,6,8,5,2,False,False,5
2021-06-30,XLF,financials,SPY,-0.03622880552039609,0.023328761567367406,-0.0595575670877635,0.42857142857142855,-0.0028025112125579814,0.08180170789533081,0.0835930395340907,-0.0017913316387598854,0.5714285714285714,3.1812085254352627e-06,0.27625385305515726,0.15992826818926753,0.11632558486588973,0.5714285714285714,0.0007963494464257936,0.6163201844153474,0.40885871447036903,0.20746146994497838,0.5238095238095238,0.0005919045576430863,0.47250008817336697,0.66810313213165,-0.19560304395828298,0.49074074074074076,-8.960009786688312e-05,0.6770787440768995,0.3767410507572466,0.3003376933196529,0.2371039882632744,0.18408904285651806,0.05301494540675633,0.6666666666666666,0.012132686309473645,-0.15018565687054564,-0.09440465820774069,0.0,0.08180170789533081,0.0835930395340907,10,6,2,1,9,1,4,1,2,6,False,False,-4
2021-06-30,XLI,industrials,SPY,-0.026591002932675467,0.023328761567367406,-0.049919764500042874,0.38095238095238093,-0.002363557820371961,0.043411210604721084,0.0835930395340907,-0.04018182892936961,0.42857142857142855,-0.0005884825229461629,0.17652407686366645,0.15992826818926753,0.016595808674398915,0.47619047619047616,0.00012816891412454408,0.5119125294467277,0.40885871447036903,0.10305381497635868,0.5119047619047619,0.00030192825142598965,0.5176777251822282,0.66810313213165,-0.15042540694942175,0.47619047619047616,-8.455672123851647e-05,0.5532140487727157,0.3767410507572466,0.17647299801546912,0.297892321099805,0.18408904285651806,0.11380327824328695,0.5833333333333334,0.00636580630344787,-0.12919594875622853,-0.09440465820774069,0.0,0.043411210604721084,0.0835930395340907,9,9,5,2,5,3,1,4,3,9,False,True,-4
2021-06-30,XLE,energy,SPY,0.0036986076854022,0.023328761567367406,-0.019630153881965207,0.5238095238095238,-0.0007877641393873142,0.10926513489755707,0.0835930395340907,0.025672095363466374,0.5238095238095238,0.0005021572629677511,0.4615457050012366,0.15992826818926753,0.30161743681196906,0.5317460317460317,0.0019936429776645755,0.49670898845717626,0.40885871447036903,0.08785027398680723,0.46825396825396826,0.00046972833118165614,-0.15685867100168582,0.66810313213165,-0.8249618031333358,0.44841269841269843,-0.0006847415296100788,0.49119364816963307,0.3767410507572466,0.11445259741238645,0.04491757076149594,0.18408904285651806,-0.13917147209502212,0.5,0.008893226102891644,-0.3912277796081559,-0.09440465820774069,0.0,0.10926513489755707,0.0835930395340907,6,3,1,4,11,4,11,5,1,3,False,False,-2
2021-06-30,XLB,materials,SPY,-0.0656950244039265,0.023328761567367406,-0.0890237859712939,0.23809523809523808,-0.004304098914237876,0.0490774809441481,0.0835930395340907,-0.034515558589942597,0.4444444444444444,-0.00048615444472388525,0.16710820808660376,0.15992826818926753,0.007179939897336229,0.4523809523809524,8.200554323301112e-05,0.4875610773721146,0.40885871447036903,0.07870236290174559,0.5158730158730159,0.0002512312697084596,0.5138855175860602,0.66810313213165,-0.1542176145455898,0.4801587301587302,-9.186116134569132e-05,0.5921579315395076,0.3767410507572466,0.21541688078226096,0.27857460539444645,0.18408904285651806,0.09448556253792839,0.6666666666666666,0.005072041205346563,-0.09881494503739718,-0.09440465820774069,0.0,0.0490774809441481,0.0835930395340907,11,8,6,5,6,2,2,1,9,8,False,False,-2
2021-06-30,XLY,consumer_discretionary,SPY,0.03654776624838041,0.023328761567367406,0.013219004681013002,0.5238095238095238,0.0006129564449445129,0.06393081596479577,0.0835930395340907,-0.019662223569294923,0.42857142857142855,-0.0002742516645985856,0.12126067349706426,0.15992826818926753,-0.038667594692203267,0.42857142857142855,-0.00023473013648930532,0.40798134106625383,0.40885871447036903,-0.0008773734041152004,0.4603174603174603,1.7958010357529667e-05,0.693973504892647,0.66810313213165,0.025870372760997018,0.47354497354497355,3.518674429609972e-05,0.35833715233618046,0.3767410507572466,-0.018403898421066156,0.24154100817402746,0.18408904285651806,0.0574519653175094,0.5,0.00014186866779972163,-0.10034070638436887,-0.09440465820774069,0.0,0.06393081596479577,0.0835930395340907,3,7,9,7,2,6,3,5,8,7,False,False,2
2021-06-30,XLP,consumer_staples,SPY,-0.0020616467951389827,0.023328761567367406,-0.02539040836250639,0.2857142857142857,-0.001186557719862731,0.030954398225458757,0.0835930395340907,-0.05263864130863194,0.4444444444444444,-0.0007934099106157466,0.05600742841909945,0.15992826818926753,-0.10392083977016808,0.4603174603174603,-0.0007550610537976916,0.22481635191461047,0.40885871447036903,-0.18404236255575857,0.48412698412698413,-0.0005715662542374222,0.47431841047647727,0.66810313213165,-0.1937847216551727,0.49603174603174605,-0.00019458995579238263,0.22734670732028173,0.3767410507572466,-0.1493943434369649,0.14799560859960348,0.18408904285651806,-0.03609343425691458,0.3333333333333333,-0.01129042594966248,-0.06375941473415514,-0.09440465820774069,0.0,0.030954398225458757,0.0835930395340907,7,10,10,10,8,10,7,11,11,10,False,False,0
2021-06-30,XLV,health_care,SPY,0.04007138169641444,0.023328761567367406,0.016742620129047037,0.47619047619047616,0.0007790877282036176,0.08310343773550177,0.0835930395340907,-0.0004896017985889234,0.49206349206349204,-1.0507509238511136e-05,0.13003513732138527,0.15992826818926753,-0.029893130867882256,0.5,-0.0002144522095297638,0.2782060203095349,0.40885871447036903,-0.13065269416083414,0.49603174603174605,-0.0003914399188013388,0.598757964207425,0.66810313213165,-0.06934516792422496,0.5013227513227513,-6.90375420388806e-05,0.22895989910299175,0.3767410507572466,-0.14778115165425487,0.09798317236943133,0.18408904285651806,-0.08610587048708673,0.4166666666666667,-0.007855369302997703,-0.06987255047405838,-0.09440465820774069,0.0,0.08310343773550177,0.0835930395340907,2,5,8,9,4,9,9,8,10,5,False,False,3
2021-06-30,XLU,utilities,SPY,-0.016042643961181824,0.023328761567367406,-0.03937140552854923,0.47619047619047616,-0.001836504124934418,-0.004980070579936102,0.0835930395340907,-0.0885731101140268,0.42857142857142855,-0.0013385342104113335,0.04436131373667829,0.15992826818926753,-0.11556695445258924,0.46825396825396826,-0.0008167378858990009,0.1571185297546216,0.40885871447036903,-0.25174018471574744,0.4801587301587302,-0.0007707602470916593,0.34515273045691086,0.66810313213165,-0.3229504016747391,0.4933862433862434,-0.00026270727368256824,0.17598442925708646,0.3767410507572466,-0.20075662150016016,0.1396130512461753,0.18408904285651806,-0.04447599161034277,0.4166666666666667,-0.014701104258179859,-0.11843629387932175,-0.09440465820774069,0.0,-0.004980070579936102,0.0835930395340907,8,11,11,11,10,11,8,8,6,11,False,False,0
2021-06-30,XLRE,real_estate,SPY,0.0140195018031819,0.023328761567367406,-0.009309259764185507,0.47619047619047616,-0.0004151390089934286,0.12982644409729138,0.0835930395340907,0.046233404563200686,0.5555555555555556,0.0006754568845212783,0.2545194800114474,0.15992826818926753,0.09459121182217989,0.5714285714285714,0.0006318234834593436,0.319184445578061,0.40885871447036903,-0.089674268892308,0.5079365079365079,-0.0002472883859528881,0.5069747872011707,0.66810313213165,-0.16112834493047923,0.5052910052910053,-0.00010043033779450149,0.3009458331247268,0.3767410507572466,-0.07579521763251984,0.06410847447536039,0.18408904285651806,-0.11998056838115767,0.5,-0.005120151590200832,-0.12806075436649467,-0.09440465820774069,0.0,0.12982644409729138,0.0835930395340907,5,1,3,8,7,8,10,5,4,1,False,False,2
2021-06-30,XLC,communication_services,SPY,0.02886299041924545,0.023328761567367406,0.0055342288518780425,0.5238095238095238,0.0002667168613219319,0.10632220199066889,0.0835930395340907,0.02272916245657819,0.5396825396825397,0.00035078137240514924,0.20579989362529405,0.15992826818926753,0.04587162543602652,0.5396825396825397,0.0003330557164979466,0.509267447109091,0.40885871447036903,0.10040873263872196,0.5119047619047619,0.00030244472070698,0.6770014755985467,0.66810313213165,0.008898343466896774,0.4933862433862434,2.4554907251131042e-05,0.4669275318126547,0.3767410507572466,0.09018648105540805,0.21703962621679707,0.18408904285651806,0.03295058336027901,0.6666666666666666,0.005892420702125006,-0.11326486495041077,-0.09440465820774069,0.0,0.10632220199066889,0.0835930395340907,4,4,4,3,3,5,5,1,7,4,False,False,0
2021-07-30,XLK,technology,SPY,0.03887310781525666,0.02441233396876119,0.014460773846495467,0.5238095238095238,0.0006757913424249029,0.10007998454905986,0.05426437238141246,0.0458156121676474,0.5873015873015873,0.0007000186623116454,0.19448983777152562,0.19270803099849831,0.0017818067730273057,0.5158730158730159,5.8671251045314604e-05,0.4359217123680552,0.3737541104089137,0.062167601959141505,0.5317460317460317,0.00023101842529881373,1.2511809797494124,0.6535231016279082,0.5976578781215043,0.5595238095238095,0.0004719557237698174,0.38219162818430163,0.34101676137257986,0.04117486681172178,0.2111650537689087,0.15612042412416138,0.05504462964474732,0.5,0.0025660612991907916,-0.1269376134997302,-0.09440465820774069,-0.005691441654744112,0.10007998454905986,0.05426437238141246,4,1,7,4,1,6,3,6,4,1,False,False,6
2021-07-30,XLF,financials,SPY,-0.004633605828771592,0.02441233396876119,-0.029045939797532783,0.42857142857142855,-0.001299285399736402,0.01115980477479428,0.05426437238141246,-0.04310456760661818,0.5079365079365079,-0.0006177545247948852,0.27209535303310806,0.19270803099849831,0.07938732203460974,0.5714285714285714,0.0005499165148884929,0.5498892731467315,0.3737541104089137,0.17613516273781782,0.5158730158730159,0.0005259189848136715,0.3844530776317394,0.6535231016279082,-0.26907002399616875,0.4894179894179894,-0.00015832328061070227,0.5571042806174056,0.34101676137257986,0.21608751924482572,0.22005843656411717,0.15612042412416138,0.06393801243995578,0.6666666666666666,0.011377698550081222,-0.15018565687054564,-0.09440465820774069,-0.005691441654744112,0.01115980477479428,0.05426437238141246,10,8,3,1,10,2,2,1,2,8,False,True,-5
2021-07-30,XLI,industrials,SPY,0.00937473136069178,0.02441233396876119,-0.015037602608069411,0.38095238095238093,-0.0006744469218307604,0.017235631330903667,0.05426437238141246,-0.037028741050508795,0.4126984126984127,-0.0005462604697231857,0.2269197182768936,0.19270803099849831,0.0342116872783953,0.47619047619047616,0.00024075503440316981,0.4561404548695156,0.3737541104089137,0.08238634446060189,0.5,0.0002517664711877866,0.4549644935423165,0.6535231016279082,-0.19855860808559167,0.4708994708994709,-0.00012848908446293737,0.4426163144648563,0.34101676137257986,0.10159955309227642,0.2261681191519076,0.15612042412416138,0.07004769502774622,0.5833333333333334,0.0063062487371186955,-0.12919594875622853,-0.09440465820774069,-0.005691441654744112,0.017235631330903667,0.05426437238141246,9,6,5,2,8,3,1,2,3,6,False,False,-1
2021-07-30,XLE,energy,SPY,-0.08316319058204114,0.02441233396876119,-0.10757552455080233,0.3333333333333333,-0.005117115367633786,0.010219635929236137,0.05426437238141246,-0.044044736452176325,0.49206349206349204,-0.0005283028081326084,0.28240439783980475,0.19270803099849831,0.08969636684130644,0.5079365079365079,0.0007270852075129427,0.4347847307943138,0.3737541104089137,0.06103062038540008,0.4603174603174603,0.0003922529233113867,-0.24488671047914512,0.6535231016279082,-0.8984098121070533,0.4444444444444444,-0.0008151068021700335,0.5649292393759442,0.34101676137257986,0.22391247800336433,0.07073575189673598,0.15612042412416138,-0.0853846722274254,0.5,0.008561143728408493,-0.3912277796081559,-0.09440465820774069,-0.005691441654744112,0.010219635929236137,0.05426437238141246,11,9,2,5,11,1,8,6,1,9,False,False,-7
2021-07-30,XLB,materials,SPY,0.02077509139898992,0.02441233396876119,-0.0036372425697712707,0.42857142857142855,-0.0001411004675320552,0.016193798259189318,0.05426437238141246,-0.038070574122223144,0.4126984126984127,-0.0005559001479653303,0.1996192005749451,0.19270803099849831,0.006911169576446774,0.4523809523809524,7.174085556231415e-05,0.41899682953116746,0.3737541104089137,0.04524271912225375,0.5,0.00016234747155470584,0.510874099937463,0.6535231016279082,-0.14264900169044514,0.47883597883597884,-8.25213482401115e-05,0.3901170213571803,0.34101676137257986,0.049100259984600436,0.19107809518038144,0.15612042412416138,0.03495767105622005,0.5833333333333334,0.0038104832175814563,-0.09881494503739718,-0.09440465820774069,-0.005691441654744112,0.016193798259189318,0.05426437238141246,6,7,6,6,6,5,4,2,9,7,False,False,-1
2021-07-30,XLY,consumer_discretionary,SPY,0.010529213061875486,0.02441233396876119,-0.013883120906885704,0.5238095238095238,-0.0006282325418669201,0.009935315377671783,0.05426437238141246,-0.04432905700374068,0.4603174603174603,-0.0006646599625948235,0.11712063339403667,0.19270803099849831,-0.07558739760446165,0.42857142857142855,-0.0004882899939874142,0.33323473837816864,0.3737541104089137,-0.04051937203074507,0.4603174603174603,-9.848704738336514e-05,0.6864612898149662,0.6535231016279082,0.03293818818705807,0.47883597883597884,4.1578785792104156e-05,0.3193430938413988,0.34101676137257986,-0.02167366753118105,0.17666045463499702,0.15612042412416138,0.02054003051083564,0.4166666666666667,-0.002077547322681922,-0.10034070638436887,-0.09440465820774069,-0.005691441654744112,0.009935315377671783,0.05426437238141246,8,10,10,7,3,7,6,9,8,10,False,True,0
2021-07-30,XLP,consumer_staples,SPY,0.02200936017159494,0.02441233396876119,-0.0024029737971662524,0.5238095238095238,-0.00012540302054502082,0.034413475369615254,0.05426437238141246,-0.01985089701179721,0.4603174603174603,-0.0003071681821530498,0.1290945788305209,0.19270803099849831,-0.06361345216797742,0.49206349206349204,-0.00044439389501635526,0.1695987232830911,0.3737541104089137,-0.2041553871258226,0.4801587301587302,-0.0006547810546847662,0.45703159351978795,0.6535231016279082,-0.19649150810812022,0.49603174603174605,-0.00019907203718520216,0.14441097005874393,0.34101676137257986,-0.19660579131383593,0.08371488614619826,0.15612042412416138,-0.07240553797796312,0.25,-0.012299980477295478,-0.06375941473415514,-0.09440465820774069,-0.005691441654744112,0.034413475369615254,0.05426437238141246,5,5,9,10,7,10,7,11,11,5,False,False,4
2021-07-30,XLV,health_care,SPY,0.04922587090553421,0.02441233396876119,0.024813536936773017,0.6190476190476191,0.0011339167395182158,0.0934284131646268,0.05426437238141246,0.03916404078321434,0.5238095238095238,0.0005748273401978927,0.15731655154351287,0.19270803099849831,-0.03539147945498544,0.5079365079365079,-0.0002476084612739473,0.26442962193053976,0.3737541104089137,-0.10932448847837395,0.5,-0.0003349325391351914,0.5874957861260564,0.6535231016279082,-0.06602731550185181,0.5013227513227513,-6.719945038418644e-05,0.20510717186116856,0.34101676137257986,-0.1359095895114113,0.06643336305252645,0.15612042412416138,-0.08968706107163493,0.5,-0.005496079110317788,-0.06987255047405838,-0.09440465820774069,-0.005691441654744112,0.0934284131646268,0.05426437238141246,1,2,8,9,4,9,9,6,10,2,False,False,6
2021-07-30,XLU,utilities,SPY,0.04333393897197024,0.02441233396876119,0.018921605003209052,0.42857142857142855,0.000883382267969669,-0.0035618485099154773,0.05426437238141246,-0.05782622089132794,0.4126984126984127,-0.000876812258191071,0.07769569770638896,0.19270803099849831,-0.11501233329210936,0.4603174603174603,-0.0007937313862315753,0.1217802702033901,0.3737541104089137,-0.2519738402055236,0.46825396825396826,-0.0007956145029985772,0.3916409494296351,0.6535231016279082,-0.26188215219827304,0.4947089947089947,-0.00020654039493336974,0.0751881332535922,0.34101676137257986,-0.26582862811898766,0.02951738934738679,0.15612042412416138,-0.1266030347767746,0.4166666666666667,-0.014663537105705273,-0.11843629387932175,-0.09440465820774069,-0.005691441654744112,-0.0035618485099154773,0.05426437238141246,3,11,11,11,9,11,10,9,5,11,False,False,0
2021-07-30,XLRE,real_estate,SPY,0.0462436745975201,0.02441233396876119,0.02183134062875891,0.5238095238095238,0.0010141845968300563,0.09142122131721231,0.05426437238141246,0.03715684893579985,0.5238095238095238,0.0005646309986181678,0.28254087446608844,0.19270803099849831,0.08983284346759013,0.5555555555555556,0.0005834623293362974,0.32353650076190776,0.3737541104089137,-0.050217609647005945,0.5158730158730159,-0.00013613971996248014,0.5868762480096021,0.6535231016279082,-0.06664685361830602,0.5079365079365079,-2.0376172123077777e-05,0.26503656165095535,0.34101676137257986,-0.07598019972162451,0.00838335458881212,0.15612042412416138,-0.14773706953534926,0.5833333333333334,-0.0019876530521037625,-0.10222918215889532,-0.09440465820774069,-0.005691441654744112,0.09142122131721231,0.05426437238141246,2,3,1,8,5,8,11,2,7,3,False,False,-2
2021-07-30,XLC,communication_services,SPY,0.017660859466431145,0.02441233396876119,-0.006751474502330046,0.47619047619047616,-0.00029551808187993397,0.05763164941881804,0.05426437238141246,0.0033672770374055805,0.5238095238095238,6.740274899170587e-05,0.23645310159861666,0.19270803099849831,0.04374507060011834,0.5396825396825397,0.0003059800923320761,0.4477804576858917,0.3737541104089137,0.07402634727697799,0.5119047619047619,0.00023690232178029204,0.7580227631809584,0.6535231016279082,0.10449966155305024,0.4973544973544973,9.738556208372211e-05,0.4226551450991014,0.34101676137257986,0.08163838372652155,0.17984348200746791,0.15612042412416138,0.02372305788330653,0.5833333333333334,0.004021648933148815,-0.11326486495041077,-0.09440465820774069,-0.005691441654744112,0.05763164941881804,0.05426437238141246,7,4,4,3,2,4,5,2,6,4,False,False,0
2021-08-31,XLK,technology,SPY,0.039319930259687386,0.031925007160530594,0.007394923099156792,0.42857142857142855,0.00035373188739676716,0.1476977557604806,0.07781317652842268,0.06988457923205793,0.5396825396825397,0.001010117724058286,0.23232268548913382,0.1916549317005103,0.04066775378862353,0.5158730158730159,0.0003034223847771469,0.29674400707732773,0.3119742672457084,-0.015230260168380694,0.5119047619047619,4.900776538393475e-06,1.1762366926852246,0.6353770473613161,0.5408596453239085,0.5542328042328042,0.00044193495052734607,0.24768511535549953,0.2713852829826926,-0.02370016762719307,0.07455476364736136,0.08598697765293428,-0.011432214005572927,0.5,-0.0007796764774078239,-0.1269376134997302,-0.09440465820774069,-0.0014816498355489927,0.1476977557604806,0.07781317652842268,3,1,2,7,1,7,8,5,4,1,False,False,1
2021-08-31,XLF,financials,SPY,0.05119133264572029,0.031925007160530594,0.019266325485189695,0.5238095238095238,0.0009144752569647371,0.007108775376713172,0.07781317652842268,-0.0707044011517095,0.47619047619047616,-0.0010247445009633393,0.1572918674542656,0.1916549317005103,-0.03436306424624469,0.5317460317460317,-0.00019582089582184526,0.5620434435761239,0.3119742672457084,0.2500691763304155,0.5317460317460317,0.0007392284883221486,0.43382095388812725,0.6353770473613161,-0.2015560934731888,0.49206349206349204,-9.679038982428194e-05,0.4859744321185102,0.2713852829826926,0.21458914913581761,0.183140363517178,0.08598697765293428,0.09715338586424371,0.75,0.015233339289562673,-0.15018565687054564,-0.09440465820774069,-0.0014816498355489927,0.007108775376713172,0.07781317652842268,1,8,6,1,8,1,1,1,2,8,False,False,-2
2021-08-31,XLI,industrials,SPY,0.018119748848914874,0.031925007160530594,-0.01380525831161572,0.42857142857142855,-0.0006269809437405691,-0.0037016384701110683,0.07781317652842268,-0.08151481499853375,0.3968253968253968,-0.0012273082724461794,0.1337123100675126,0.1916549317005103,-0.05794262163299768,0.4444444444444444,-0.0003778642263232082,0.3624036072521031,0.3119742672457084,0.05042934000639465,0.49603174603174605,0.00016911254336681266,0.42697408491681754,0.6353770473613161,-0.20840296244449852,0.4708994708994709,-0.00013985368147806918,0.33815654670527207,0.2713852829826926,0.06677126372257947,0.10960794600392898,0.08598697765293428,0.023620968350994698,0.5,0.003632565524686641,-0.12919594875622853,-0.09440465820774069,-0.0014816498355489927,-0.0037016384701110683,0.07781317652842268,8,9,10,6,9,4,5,5,3,9,False,False,1
2021-08-31,XLE,energy,SPY,-0.012647797481239342,0.031925007160530594,-0.044572804641769936,0.42857142857142855,-0.0019657138792389343,-0.11470862814713634,0.07781317652842268,-0.19252180467555902,0.4126984126984127,-0.0029798543758424354,-0.008757958405825272,0.1916549317005103,-0.20041289010633556,0.4603174603174603,-0.0013208897834570785,0.4277171512096245,0.3119742672457084,0.11574288396391608,0.4642857142857143,0.0005577676069606356,-0.24005523562122266,0.6353770473613161,-0.8754322829825387,0.44576719576719576,-0.0007894936890776043,0.4460059415145696,0.2713852829826926,0.17462065853187703,0.14417491030257423,0.08598697765293428,0.05818793264963995,0.5,0.010789191216018262,-0.3912277796081559,-0.09440465820774069,-0.0014816498355489927,-0.11470862814713634,0.07781317652842268,11,11,11,2,11,2,3,5,1,11,False,True,0
2021-08-31,XLB,materials,SPY,0.03144584127382899,0.031925007160530594,-0.00047916588670160465,0.3333333333333333,1.6958138124433305e-06,-0.020040408236135066,0.07781317652842268,-0.09785358476455774,0.3333333333333333,-0.0014828414596727347,0.15003692391082413,0.1916549317005103,-0.04161800778968616,0.42063492063492064,-0.0002535138563938348,0.3841046364658034,0.3119742672457084,0.07213036922009497,0.4801587301587302,0.000247020218486581,0.5146441741765571,0.6353770473613161,-0.120732873184759,0.47354497354497355,-6.466372308068623e-05,0.34190723456351635,0.2713852829826926,0.07052195158082375,0.1456626905933407,0.08598697765293428,0.05967571294040641,0.5833333333333334,0.004976407857035431,-0.09881494503739718,-0.09440465820774069,-0.0014816498355489927,-0.020040408236135066,0.07781317652842268,4,10,9,3,6,3,2,2,9,10,False,False,-1
2021-08-31,XLY,consumer_discretionary,SPY,0.014921351093085011,0.031925007160530594,-0.017003656067445583,0.5238095238095238,-0.000769456988916231,0.07112222518187128,0.07781317652842268,-0.006690951346551399,0.5396825396825397,-8.395804653837054e-05,0.15712716838801666,0.1916549317005103,-0.03452776331249363,0.47619047619047616,-0.0002084875924413717,0.23225647171758723,0.3119742672457084,-0.0797177955281212,0.4603174603174603,-0.0002275104448842617,0.6226424764103324,0.6353770473613161,-0.012734570950983626,0.47883597883597884,5.492267403756637e-06,0.21413986452293,0.2713852829826926,-0.05724541845976261,0.1118862508405436,0.08598697765293428,0.025899273187609317,0.3333333333333333,-0.005047542724432308,-0.10034070638436887,-0.09440465820774069,-0.0014816498355489927,0.07112222518187128,0.07781317652842268,9,5,7,9,3,9,4,10,8,5,False,False,2
2021-08-31,XLP,consumer_staples,SPY,0.014745050298794915,0.031925007160530594,-0.01717995686173568,0.47619047619047616,-0.0007961860468457578,0.02681584915195212,0.07781317652842268,-0.05099732737647056,0.4126984126984127,-0.0007695222286719804,0.1509935792899033,0.1916549317005103,-0.04066135241060698,0.5,-0.00027871314714028773,0.1310442370954905,0.3119742672457084,-0.1809300301502179,0.4801587301587302,-0.00060480319244309,0.45458056013167947,0.6353770473613161,-0.1807964872296366,0.49867724867724866,-0.00018687660655311564,0.11460926738440458,0.2713852829826926,-0.15677601559828802,-0.0077421844286367225,0.08598697765293428,-0.093729162081571,0.25,-0.012000643015581272,-0.06375941473415514,-0.09440465820774069,-0.0014816498355489927,0.02681584915195212,0.07781317652842268,10,7,8,11,7,11,11,11,11,7,False,False,1
2021-08-31,XLV,health_care,SPY,0.021763362422988708,0.031925007160530594,-0.010161644737541886,0.5238095238095238,-0.0004602224450636019,0.11874721826968648,0.07781317652842268,0.040934041741263805,0.5555555555555556,0.0005954889699216653,0.2127926449744426,0.1916549317005103,0.021137713273932324,0.5317460317460317,0.00013800135096621248,0.2683738373063691,0.3119742672457084,-0.043600429939339325,0.5079365079365079,-0.00013894946414294166,0.5392552896186271,0.6353770473613161,-0.09612175774268894,0.49867724867724866,-9.307057110847304e-05,0.2413577193632912,0.2713852829826926,-0.0300275636194014,0.07525495646206926,0.08598697765293428,-0.010732021190865026,0.5,-0.002608776220336793,-0.06987255047405838,-0.09440465820774069,-0.0014816498355489927,0.11874721826968648,0.07781317652842268,7,2,3,8,5,8,7,5,10,2,False,False,1
2021-08-31,XLU,utilities,SPY,0.030986536467585868,0.031925007160530594,-0.0009384706929447262,0.5714285714285714,-3.997833608395568e-05,0.06101849028397499,0.07781317652842268,-0.016794686244447687,0.49206349206349204,-0.0002333928134614215,0.18407476207426865,0.1916549317005103,-0.00758016962624164,0.49206349206349204,-3.90590531628498e-05,0.19459411486503586,0.3119742672457084,-0.11738015238067256,0.49206349206349204,-0.0003653427677095172,0.4092235942732332,0.6353770473613161,-0.22615345308808288,0.49867724867724866,-0.00017542753615211877,0.15869031515970122,0.2713852829826926,-0.11269496782299138,0.07205734493570493,0.08598697765293428,-0.013929632717229357,0.5,-0.006459055277703629,-0.11843629387932175,-0.09440465820774069,-0.0014816498355489927,0.06101849028397499,0.07781317652842268,5,6,5,10,10,10,9,5,5,6,False,False,-1
2021-08-31,XLRE,real_estate,SPY,0.02758617783545203,0.031925007160530594,-0.004338829325078564,0.5238095238095238,-0.00019503447040761102,0.07573470008519978,0.07781317652842268,-0.0020784764432228986,0.5079365079365079,-2.0273002691984308e-05,0.32100532947552285,0.1916549317005103,0.12935039777501256,0.5634920634920635,0.0008287612016173874,0.36251164481090203,0.3119742672457084,0.05053737756519361,0.5357142857142857,0.00015892365340133873,0.5601339261171625,0.6353770473613161,-0.07524312124415355,0.5119047619047619,-2.867112752273263e-05,0.32593418848913513,0.2713852829826926,0.054548905506442535,0.056720908307919427,0.08598697765293428,-0.029266069345014856,0.5833333333333334,0.003330733023064386,-0.10222918215889532,-0.09440465820774069,-0.0014816498355489927,0.07573470008519978,0.07781317652842268,6,4,1,5,4,5,10,2,7,4,False,False,-3
2021-08-31,XLC,communication_services,SPY,0.04147949776357951,0.031925007160530594,0.009554490603048915,0.47619047619047616,0.00044516585252912534,0.09127124824108224,0.07781317652842268,0.013458071712659558,0.49206349206349204,0.0002087692044899798,0.19640041407219377,0.1916549317005103,0.004745482371683485,0.5079365079365079,5.1176228821269034e-05,0.3633381537936424,0.3119742672457084,0.051363886547934,0.5119047619047619,0.00017693242306978733,0.7594722076538767,0.6353770473613161,0.12409516029256062,0.49603174603174605,0.00011287399295300079,0.30903983873058083,0.2713852829826926,0.03765455574788823,0.08098604290680167,0.08598697765293428,-0.005000934746132613,0.5833333333333334,0.003338227542257386,-0.11326486495041077,-0.09440465820774069,-0.0014816498355489927,0.09127124824108224,0.07781317652842268,2,3,4,4,2,6,6,2,6,3,False,False,1
2021-09-30,XLK,technology,SPY,-0.058399535294977434,-0.046605307204457325,-0.011794228090520109,0.47619047619047616,-0.0005735866424475491,0.011308528069452928,0.00019719100538284628,0.011111337064070081,0.47619047619047616,0.00018937327988571574,0.10611812804439436,0.07816399597500578,0.02795413206938857,0.5158730158730159,0.00022627850342233155,0.2898283118696956,0.29948641145752686,-0.00965809958783126,0.503968253968254,1.0579318911540012e-05,1.0541490135740634,0.5561916758533108,0.4979573377207527,0.5542328042328042,0.0004312919812655919,0.3698254835438759,0.36300990689089585,0.006815576652980049,0.11158018891794108,0.14379580080775511,-0.03221561188981403,0.5,-0.0004333736194811755,-0.1269376134997302,-0.09440465820774069,-0.05003449618808453,0.011308528069452928,0.00019719100538284628,6,2,2,5,1,6,6,4,2,2,False,False,0
2021-09-30,XLF,financials,SPY,-0.018425195121158366,-0.046605307204457325,0.028180112083298958,0.5238095238095238,0.0014196949486891145,0.019266717288340063,0.00019719100538284628,0.019069526282957217,0.49206349206349204,0.00034503205774542395,0.097817704217809,0.07816399597500578,0.019653708242803214,0.5317460317460317,0.0001807031871384598,0.5875938589313328,0.29948641145752686,0.2881074474738059,0.5317460317460317,0.0008452467425513419,0.4519906571763148,0.5561916758533108,-0.10420101867699594,0.4973544973544973,-1.4127580496978991e-05,0.6173946713386695,0.36300990689089585,0.2543847644477737,0.39756851043679053,0.14379580080775511,0.2537727096290354,0.75,0.017417630025846814,-0.08483322678542593,-0.09440465820774069,-0.05003449618808453,0.019266717288340063,0.00019719100538284628,2,1,4,2,6,2,2,1,7,1,False,False,3
2021-09-30,XLI,industrials,SPY,-0.06079795425330481,-0.046605307204457325,-0.014192647048847484,0.47619047619047616,-0.0007007007237846445,-0.048230276840954045,0.00019719100538284628,-0.04842746784633689,0.4126984126984127,-0.0007683761526913385,-0.0031747156835665313,0.07816399597500578,-0.08133871165857232,0.42857142857142855,-0.0006066885755055566,0.2883610336589193,0.29948641145752686,-0.01112537779860756,0.48412698412698413,-1.3283021654785285e-05,0.3199933477030046,0.5561916758533108,-0.23619832815030617,0.46825396825396826,-0.0001771805662039866,0.37176131535641166,0.36300990689089585,0.008751408465515809,0.20997302682081953,0.14379580080775511,0.06617722601306442,0.4166666666666667,-0.0002590408438947385,-0.08247570016659589,-0.09440465820774069,-0.05003449618808453,-0.048230276840954045,0.00019719100538284628,7,11,11,6,10,5,4,7,9,11,False,False,0
2021-09-30,XLE,energy,SPY,0.0893150901199713,-0.046605307204457325,0.13592039732442862,0.5714285714285714,0.006510005443101795,-0.03807971477922423,0.00019719100538284628,-0.038276905784607074,0.42857142857142855,-0.00046564248654904514,0.0586695785908502,0.07816399597500578,-0.019494417384155582,0.47619047619047616,-3.7039790182390153e-06,0.8212583366162352,0.29948641145752686,0.5217719251587083,0.48412698412698413,0.0015664141001322138,-0.1833698796662525,0.5561916758533108,-0.7395615555195633,0.44576719576719576,-0.000624653675532544,0.6719297778346682,0.36300990689089585,0.3089198709437724,0.6867018424135549,0.14379580080775511,0.5429060416057998,0.5833333333333334,0.032073613628431134,-0.2699357940863658,-0.09440465820774069,-0.05003449618808453,-0.03807971477922423,0.00019719100538284628,1,9,7,1,11,1,1,2,1,9,False,False,-2
2021-09-30,XLB,materials,SPY,-0.0718860314327534,-0.046605307204457325,-0.02528072422829608,0.38095238095238093,-0.0012615083503978706,-0.03992458909143193,0.00019719100538284628,-0.040121780096814774,0.38095238095238093,-0.000625262713894317,0.0039094435038742326,0.07816399597500578,-0.07425455247113155,0.4126984126984127,-0.0005400461421743556,0.26552762537596486,0.29948641145752686,-0.033958786081562,0.4603174603174603,-7.21865640281607e-05,0.4529582081144905,0.5561916758533108,-0.10323346773882025,0.47619047619047616,-5.400844588272802e-05,0.36354765496051367,0.36300990689089585,0.0005377480696178161,0.18565554427906816,0.14379580080775511,0.04185974347131305,0.5,-0.0017801732303525941,-0.08953540907391,-0.09440465820774069,-0.05003449618808453,-0.03992458909143193,0.00019719100538284628,11,10,10,7,5,7,5,4,6,10,False,False,0
2021-09-30,XLY,consumer_discretionary,SPY,-0.021407704583585874,-0.046605307204457325,0.02519760262087145,0.5714285714285714,0.001248185097204876,0.0008824014382531331,0.00019719100538284628,0.0006852104328702868,0.5396825396825397,2.730495910000889e-05,0.06236017030457397,0.07816399597500578,-0.015803825670431815,0.49206349206349204,-0.00010055989631373846,0.2287735294015103,0.29948641145752686,-0.07071288205601656,0.46825396825396826,-0.0001995001684036197,0.5823634017105517,0.5561916758533108,0.026171725857240924,0.4801587301587302,3.7734105887643185e-05,0.2556542036524394,0.36300990689089585,-0.10735570323845645,0.08514797505072824,0.14379580080775511,-0.05864782575702687,0.3333333333333333,-0.004473523882203419,-0.10034070638436887,-0.09440465820774069,-0.05003449618808453,0.0008824014382531331,0.00019719100538284628,3,6,6,8,3,9,7,10,5,6,False,False,0
2021-09-30,XLP,consumer_staples,SPY,-0.04139153024302478,-0.046605307204457325,0.005213776961432548,0.42857142857142855,0.0002518750980375377,-0.007037651390972899,0.00019719100538284628,-0.007234842396355745,0.47619047619047616,-0.00012100004258205854,0.025580730898044468,0.07816399597500578,-0.052583265076961316,0.4603174603174603,-0.00040091927746347593,0.10269623479691004,0.29948641145752686,-0.19679017666061682,0.46825396825396826,-0.0006633300262339509,0.3856205564070394,0.5561916758533108,-0.17057111944627135,0.49603174603174605,-0.00018605467231934953,0.15030929684615013,0.36300990689089585,-0.21270061004474572,-0.0005945145620841474,0.14379580080775511,-0.14439031536983926,0.25,-0.013336645337896932,-0.06375941473415514,-0.09440465820774069,-0.05003449618808453,-0.007037651390972899,0.00019719100538284628,4,7,8,11,8,11,10,11,11,7,False,False,1
2021-09-30,XLV,health_care,SPY,-0.05518384223398909,-0.046605307204457325,-0.008578535029531764,0.42857142857142855,-0.0004316502512899046,0.005340158215920265,0.00019719100538284628,0.005142967210537419,0.5238095238095238,8.23423236190934e-05,0.10187378550574655,0.07816399597500578,0.023709789530740766,0.5158730158730159,0.00017205362261850355,0.2250927628750028,0.29948641145752686,-0.07439364858252406,0.49206349206349204,-0.00023602683203301377,0.41395316087521716,0.5561916758533108,-0.1422385149780936,0.49206349206349204,-0.00013992381654617613,0.29664671037347357,0.36300990689089585,-0.06636319651742228,0.06914130436600563,0.14379580080775511,-0.07465449644174948,0.4166666666666667,-0.004712522741883514,-0.06987255047405838,-0.09440465820774069,-0.05003449618808453,0.005340158215920265,0.00019719100538284628,5,4,3,9,7,8,8,7,10,4,False,False,-1
2021-09-30,XLU,utilities,SPY,-0.060932307942357156,-0.046605307204457325,-0.014327000737899831,0.38095238095238093,-0.000708236260277754,0.0069414886350289695,0.00019719100538284628,0.006744297629646123,0.4603174603174603,0.00011574003517850471,0.013810230588426231,0.07816399597500578,-0.06435376538657955,0.4523809523809524,-0.0004755873389686878,0.1098042347753243,0.29948641145752686,-0.18968217668220255,0.4603174603174603,-0.0006151240737565374,0.3372235903587377,0.5561916758533108,-0.21896808549457303,0.49603174603174605,-0.0001797762299286039,0.18181494706049484,0.36300990689089585,-0.18119495983040101,-0.0019085070353285216,0.14379580080775511,-0.14570430784308364,0.4166666666666667,-0.011889141647156543,-0.11843629387932175,-0.09440465820774069,-0.05003449618808453,0.0069414886350289695,0.00019719100538284628,8,3,9,10,9,10,11,7,3,3,False,False,6
2021-09-30,XLRE,real_estate,SPY,-0.06252077189580751,-0.046605307204457325,-0.01591546469135019,0.5714285714285714,-0.0007847785943581888,0.004246397503750998,0.00019719100538284628,0.004049206498368152,0.5555555555555556,7.504176881324378e-05,0.1213423299262264,0.07816399597500578,0.043178333951220615,0.5476190476190477,0.0003226299541830071,0.30496271159620947,0.29948641145752686,0.0054763001386826105,0.5317460317460317,2.587012251124997e-05,0.5045660416170519,0.5561916758533108,-0.05162563423625888,0.5132275132275133,-1.1269798496251155e-05,0.3919910676156064,0.36300990689089585,0.028981160724710575,0.05373614818667449,0.14379580080775511,-0.09005965262108062,0.5,0.0005314290004048335,-0.08459055444912766,-0.09440465820774069,-0.05003449618808453,0.004246397503750998,0.00019719100538284628,9,5,1,4,4,4,9,4,8,5,False,False,-4
2021-09-30,XLC,communication_services,SPY,-0.06275343006492595,-0.046605307204457325,-0.016148122860468628,0.38095238095238093,-0.0008085838297929701,-0.016218387530795075,0.00019719100538284628,-0.01641557853617792,0.42857142857142855,-0.0002526839040577154,0.07792049639391974,0.07816399597500578,-0.00024349958108604852,0.48412698412698413,1.3237819322915667e-05,0.3579455696086016,0.29948641145752686,0.05845915815107472,0.5119047619047619,0.0001983954440500897,0.6774998450189076,0.5561916758533108,0.12130816916559684,0.49206349206349204,0.00011499579557965743,0.4488669397879692,0.36300990689089585,0.08585703289707336,0.21102176390632787,0.14379580080775511,0.06722596309857276,0.5833333333333334,0.0037957639918379063,-0.11326486495041077,-0.09440465820774069,-0.05003449618808453,-0.016218387530795075,0.00019719100538284628,10,8,5,3,2,3,3,2,4,8,False,False,-3
2021-10-29,XLK,technology,SPY,0.08177048270169851,0.07016342413634735,0.011607058565351158,0.7142857142857143,0.0005364274598661987,0.05864669674689793,0.05286083481948478,0.0057858619274131495,0.5396825396825397,0.00010552423493847226,0.16366920937732,0.10528123987977134,0.05838796949754865,0.5634920634920635,0.00043023963354909216,0.4362821790520681,0.41135611563561114,0.02492606341645698,0.5238095238095238,0.00010656073951903533,1.5006287991673122,0.834909031130485,0.6657197680368272,0.5595238095238095,0.00047041339172758444,0.3277143368387945,0.3188229795599826,0.008891357278811851,0.20033683851306172,0.2232118531906122,-0.022875014677550487,0.5833333333333334,0.002616352743393613,-0.1269376134997302,-0.09440465820774069,0.0,0.05864669674689793,0.05286083481948478,3,4,1,4,1,5,6,3,2,4,False,False,-3
2021-10-29,XLF,financials,SPY,0.07274186888493883,0.07016342413634735,0.0025784447485914797,0.42857142857142855,0.0001403305468964653,0.1068796553172402,0.05286083481948478,0.054018820497755415,0.49206349206349204,0.000824833584183439,0.11400848462304403,0.10528123987977134,0.008727244743272689,0.5,0.00010008076861780406,0.7231230377469569,0.41135611563561114,0.3117669221113457,0.5357142857142857,0.0008438512056896844,0.6859857465645878,0.834909031130485,-0.1489232845658972,0.49206349206349204,-3.392089118918363e-05,0.6062792809029225,0.3188229795599826,0.28745630134293987,0.4631566559107281,0.2232118531906122,0.23994480272011587,0.75,0.016233070980130538,-0.08483322678542593,-0.09440465820774069,0.0,0.1068796553172402,0.05286083481948478,6,3,5,2,5,2,2,1,7,3,False,False,2
2021-10-29,XLI,industrials,SPY,0.06796804246883736,0.07016342413634735,-0.002195381667509988,0.47619047619047616,-9.267734850235793e-05,0.021212562762253473,0.05286083481948478,-0.03164827205723131,0.4603174603174603,-0.0004734530053425238,0.021158888358918437,0.10528123987977134,-0.0841223515208529,0.42857142857142855,-0.0006123625380917038,0.3944045493338886,0.41135611563561114,-0.016951566301722565,0.4722222222222222,-2.825567951123031e-05,0.6265097648565776,0.834909031130485,-0.20839926627390737,0.4695767195767196,-0.000119136735050609,0.305661306222631,0.3188229795599826,-0.013161673337351631,0.30981961108458433,0.2232118531906122,0.08660775789397213,0.3333333333333333,-0.001328641807024374,-0.08247570016659589,-0.09440465820774069,0.0,0.021212562762253473,0.05286083481948478,7,7,9,5,7,6,3,9,9,7,False,False,2
2021-10-29,XLE,energy,SPY,0.10328271886123863,0.07016342413634735,0.03311929472489128,0.47619047619047616,0.0015309702540912816,0.18662210655457145,0.05286083481948478,0.13376127173508667,0.49206349206349204,0.0020250872726513807,0.157885270126227,0.10528123987977134,0.05260403024645566,0.48412698412698413,0.0005041648162628536,1.1071572809589285,0.41135611563561114,0.6958011653233174,0.49206349206349204,0.0018073217276681015,0.04598027295510265,0.834909031130485,-0.7889287581753823,0.4470899470899471,-0.0005140313097080674,0.9098978393623773,0.3188229795599826,0.5910748598023947,0.8040547097844832,0.2232118531906122,0.580842856593871,0.6666666666666666,0.03603149848818648,-0.2699357940863658,-0.09440465820774069,0.0,0.18662210655457145,0.05286083481948478,2,1,2,1,11,1,1,2,1,1,False,False,1
2021-10-29,XLB,materials,SPY,0.07597013327766566,0.07016342413634735,0.005806709141318311,0.5238095238095238,0.0002714787619086099,0.03002544799077711,0.05286083481948478,-0.02283538682870767,0.4126984126984127,-0.0003294445915589391,0.018785599471886627,0.10528123987977134,-0.08649564040788471,0.40476190476190477,-0.0006237656200672931,0.37071602565659445,0.41135611563561114,-0.04064008997901669,0.45634920634920634,-8.29447104096325e-05,0.784869198846746,0.834909031130485,-0.05003983228373898,0.47883597883597884,6.522013938039129e-07,0.27393501293670797,0.3188229795599826,-0.044887966623274655,0.2689740306559749,0.2232118531906122,0.04576217746536271,0.5,-0.0028412372279201146,-0.1013252393341677,-0.09440465820774069,0.0,0.03002544799077711,0.05286083481948478,4,6,10,7,4,7,4,5,5,6,False,False,4
2021-10-29,XLY,consumer_discretionary,SPY,0.12092473020840377,0.07016342413634735,0.05076130607205642,0.5714285714285714,0.0022274542767157894,0.11329595708239104,0.05286083481948478,0.06043512226290626,0.5555555555555556,0.0009020607950014782,0.13297968158975326,0.10528123987977134,0.027698441709981925,0.5158730158730159,0.0002130436824214404,0.3850900910672812,0.41135611563561114,-0.026266024568329938,0.4722222222222222,-5.0558722719920876e-05,1.0284330509427102,0.834909031130485,0.19352401981222522,0.48544973544973546,0.00014756082962283457,0.23566735012596562,0.3188229795599826,-0.083155629434017,0.16313410900156877,0.2232118531906122,-0.060077744189043436,0.4166666666666667,-0.0003200457046905099,-0.10034070638436887,-0.09440465820774069,0.0,0.11329595708239104,0.05286083481948478,1,2,4,6,2,9,8,7,6,2,False,False,2
2021-10-29,XLP,consumer_staples,SPY,0.03500901993038341,0.07016342413634735,-0.03515440420596394,0.38095238095238093,-0.0016065447357075803,0.006797985931450201,0.05286083481948478,-0.04606284888803458,0.42857142857142855,-0.0007169518948386001,0.028649393460769446,0.10528123987977134,-0.07663184641900189,0.4365079365079365,-0.0005766062751014793,0.17089248262689094,0.41135611563561114,-0.2404636330087202,0.45634920634920634,-0.0007509787732922249,0.4204339566654507,0.834909031130485,-0.4144750744650343,0.49074074074074076,-0.0003704621532995235,0.13128722559891037,0.3188229795599826,-0.18753575396107225,0.10306989154164836,0.2232118531906122,-0.12014196164896385,0.25,-0.015751837620990094,-0.06375941473415514,-0.09440465820774069,0.0,0.006797985931450201,0.05286083481948478,10,10,8,10,9,10,10,11,11,10,False,False,-2
2021-10-29,XLV,health_care,SPY,0.05121747943563304,0.07016342413634735,-0.018945944700714312,0.3333333333333333,-0.0008425603982854524,0.01482278945512383,0.05286083481948478,-0.03803804536436095,0.42857142857142855,-0.0005781443648796529,0.0986519149056444,0.10528123987977134,-0.006629324974126938,0.47619047619047616,-4.7347892202834595e-05,0.33583694257918206,0.41135611563561114,-0.07551917305642908,0.47619047619047616,-0.0002193072816062909,0.613741972969418,0.834909031130485,-0.22116705816106697,0.4880952380952381,-0.0001828312879744353,0.2707522170353871,0.3188229795599826,-0.04807076252459552,0.15326476929671906,0.2232118531906122,-0.06994708389389315,0.4166666666666667,-0.005223677949590805,-0.06987255047405838,-0.09440465820774069,0.0,0.01482278945512383,0.05286083481948478,8,8,6,9,8,8,9,7,10,8,False,False,-2
2021-10-29,XLU,utilities,SPY,0.04743267470599233,0.07016342413634735,-0.022730749430355024,0.38095238095238093,-0.0010086332033849936,0.014088857271398636,0.05286083481948478,-0.038771977548086145,0.4444444444444444,-0.0005856159332489011,0.01844140725793819,0.10528123987977134,-0.08683983262183315,0.4365079365079365,-0.0006349011586264364,0.09617239819329848,0.41135611563561114,-0.31518371744231266,0.44047619047619047,-0.000988418385458603,0.3626073788228088,0.834909031130485,-0.4723016523076762,0.49074074074074076,-0.0003715872707078811,0.04653255971892145,0.3188229795599826,-0.27229041984106117,0.03227658208923656,0.2232118531906122,-0.19093527110137565,0.3333333333333333,-0.020108028216873852,-0.11843629387932175,-0.09440465820774069,0.0,0.014088857271398636,0.05286083481948478,9,9,11,11,10,11,11,9,3,9,False,False,2
2021-10-29,XLRE,real_estate,SPY,0.07581572754133026,0.07016342413634735,0.005652303404982906,0.47619047619047616,0.00026037002156950725,0.03637707260636591,0.05286083481948478,-0.01648376221311887,0.5238095238095238,-0.00023981434773209754,0.1377305824877153,0.10528123987977134,0.032449342607943965,0.5317460317460317,0.0002422812183779756,0.44066122894239546,0.41135611563561114,0.029305113306784314,0.5317460317460317,9.280659052232058e-05,0.6494911174142446,0.834909031130485,-0.1854179137162404,0.5119047619047619,-0.00010684287050096481,0.33913382381468193,0.3188229795599826,0.020310844254699312,0.19422391189208388,0.2232118531906122,-0.02898794129852833,0.5833333333333334,0.0015545066950224857,-0.08459055444912766,-0.09440465820774069,0.0,0.03637707260636591,0.05286083481948478,5,5,3,3,6,4,7,3,8,5,False,False,-2
2021-10-29,XLC,communication_services,SPY,0.0023718646778847496,0.07016342413634735,-0.0677915594584626,0.38095238095238093,-0.0030888879389487237,-0.021561681192208693,0.05286083481948478,-0.07442251601169347,0.4126984126984127,-0.0011507686387375227,0.03789300879477908,0.10528123987977134,-0.06738823108499226,0.46825396825396826,-0.00048452780599393826,0.34263173579378314,0.41135611563561114,-0.068724379841828,0.5,-0.00017715531963252397,0.8763939334182902,0.834909031130485,0.041484902287805214,0.4880952380952381,4.352668646797528e-05,0.339454730431048,0.3188229795599826,0.02063175087106539,0.24262850081436094,0.2232118531906122,0.01941664762374873,0.5,-0.003326378593104603,-0.11326486495041077,-0.09440465820774069,0.0,-0.021561681192208693,0.05286083481948478,11,11,7,8,3,3,5,5,4,11,False,True,-4
2021-11-30,XLK,technology,SPY,0.044511866518017085,-0.008034762693152397,0.05254662921116948,0.5714285714285714,0.0024896272541645513,0.06393518011912369,0.012090356000379776,0.051844824118743915,0.5873015873015873,0.0008174893571944004,0.22107601849734082,0.09084432153455135,0.13023169696278947,0.5634920634920635,0.0009138035406263431,0.37738277497768213,0.27596857143509923,0.1014142035425829,0.5317460317460317,0.0003384405255410448,1.5727343867179022,0.7491042448415388,0.8236301418763634,0.5634920634920635,0.0005688484138848297,0.31868561682245233,0.28630371654888953,0.0323819002735628,0.13321346495717767,0.16377956138006033,-0.03056609642288266,0.5833333333333334,0.0066504296685393665,-0.1269376134997302,-0.09440465820774069,-0.030166397812546486,0.06393518011912369,0.012090356000379776,1,3,1,3,1,4,8,2,2,3,False,False,-2
2021-11-30,XLF,financials,SPY,-0.05712865296615066,-0.008034762693152397,-0.049093890272998264,0.23809523809523808,-0.0023838927518436285,-0.007178732166101653,0.012090356000379776,-0.01926908816648143,0.3968253968253968,-0.00027462241875268284,-0.00012098878384703138,0.09084432153455135,-0.09096531031839838,0.4365079365079365,-0.0006496834598580111,0.3863420462982228,0.27596857143509923,0.11037347486312354,0.5079365079365079,0.00036661724477461753,0.4968489368112172,0.7491042448415388,-0.2522553080303216,0.48544973544973546,-0.00012711597642116435,0.47034062564259127,0.28630371654888953,0.18403690909370174,0.31986483580519764,0.16377956138006033,0.1560852744251373,0.6666666666666666,0.007621445291471472,-0.08483322678542593,-0.09440465820774069,-0.030166397812546486,-0.007178732166101653,0.012090356000379776,10,6,8,2,6,2,2,1,7,6,False,False,2
2021-11-30,XLI,industrials,SPY,-0.03560140043628646,-0.008034762693152397,-0.02756663774313406,0.42857142857142855,-0.0013315047551720114,-0.032671779033590864,0.012090356000379776,-0.04476213503397064,0.4603174603174603,-0.0007082942758196713,-0.03625247838954426,0.09084432153455135,-0.12709679992409562,0.42857142857142855,-0.0009678012741329254,0.16037854931410656,0.27596857143509923,-0.11559002212099267,0.45634920634920634,-0.0003624954582588301,0.4844934835154884,0.7491042448415388,-0.26461076132605044,0.4656084656084656,-0.00017644571395894997,0.2032146768349239,0.28630371654888953,-0.08308903971396564,0.17828350764158074,0.16377956138006033,0.014503946261520406,0.25,-0.0075148312498740655,-0.08247570016659589,-0.09440465820774069,-0.030166397812546486,-0.032671779033590864,0.012090356000379776,8,8,10,9,7,9,6,10,9,8,False,False,2
2021-11-30,XLE,energy,SPY,-0.050113253666292046,-0.008034762693152397,-0.04207849097313965,0.42857142857142855,-0.0019299904776913315,0.1415952778019507,0.012090356000379776,0.12950492180157092,0.49206349206349204,0.002036995073167248,0.01064444958604005,0.09084432153455135,-0.0801998719485113,0.4523809523809524,-0.0004714296513375935,0.5550759509922389,0.27596857143509923,0.2791073795571397,0.48412698412698413,0.0009381327396859926,-0.014893126179381433,0.7491042448415388,-0.7639973710209202,0.4470899470899471,-0.0005281093229027982,0.6371172215997212,0.28630371654888953,0.35081350505083164,0.4138855237542236,0.16377956138006033,0.25010596237416327,0.5833333333333334,0.01963205385975385,-0.2099332205916109,-0.09440465820774069,-0.030166397812546486,0.1415952778019507,0.012090356000379776,9,1,6,1,11,1,1,2,1,1,False,False,5
2021-11-30,XLB,materials,SPY,-0.0055214974126766014,-0.008034762693152397,0.002513265280475796,0.47619047619047616,0.00013056544204011664,-0.006890983360159808,0.012090356000379776,-0.018981339360539584,0.4603174603174603,-0.0002864880488163814,-0.02679329347660886,0.09084432153455135,-0.11763761501116021,0.3968253968253968,-0.000884664754244558,0.21394832883142256,0.27596857143509923,-0.06202024260367667,0.44047619047619047,-0.00017108214645363855,0.6653885188827462,0.7491042448415388,-0.08371572595879262,0.47619047619047616,-2.799509324683524e-05,0.22068835643315277,0.28630371654888953,-0.06561536011573676,0.1981798300505302,0.16377956138006033,0.03440026867046986,0.5,-0.0037452745322938685,-0.1013252393341677,-0.09440465820774069,-0.030166397812546486,-0.006890983360159808,0.012090356000379776,3,5,9,6,4,8,3,5,5,5,False,False,4
2021-11-30,XLY,consumer_discretionary,SPY,0.01635622562610095,-0.008034762693152397,0.02439098831925335,0.5714285714285714,0.0012010398846555171,0.11486991157138315,0.012090356000379776,0.10277955557100338,0.5714285714285714,0.0015588930861920609,0.19416194047065605,0.09084432153455135,0.1033176189361047,0.5555555555555556,0.0007374675198268452,0.3083811435700141,0.27596857143509923,0.032412572134914885,0.4801587301587302,0.00012637760262578727,0.9618879686455251,0.7491042448415388,0.21278372380398625,0.48677248677248675,0.00016686011762427158,0.28732535953525407,0.28630371654888953,0.0010216429863645349,0.13622987283313748,0.16377956138006033,-0.027549688546922857,0.5,0.002392384593391352,-0.10034070638436887,-0.09440465820774069,-0.030166397812546486,0.11486991157138315,0.012090356000379776,2,2,2,5,2,5,7,5,6,2,False,False,0
2021-11-30,XLP,consumer_staples,SPY,-0.013473978349517357,-0.008034762693152397,-0.00543921565636496,0.47619047619047616,-0.0002622462693984616,-0.021200042932742913,0.012090356000379776,-0.03329039893312269,0.42857142857142855,-0.0005389719690228347,0.0050473090659099995,0.09084432153455135,-0.08579701246864135,0.42063492063492064,-0.0006542470988474075,0.07863727378844865,0.27596857143509923,-0.19733129764665058,0.4603174603174603,-0.0006746253317808604,0.36714725554621896,0.7491042448415388,-0.38195698929531985,0.4894179894179894,-0.00035658232857866464,0.09336930817482303,0.28630371654888953,-0.1929344083740665,0.0629173702191288,0.16377956138006033,-0.10086219116093154,0.25,-0.013646612004840483,-0.06375941473415514,-0.09440465820774069,-0.030166397812546486,-0.021200042932742913,0.012090356000379776,5,7,7,11,9,11,11,10,11,7,False,False,0
2021-11-30,XLV,health_care,SPY,-0.03056333795855748,-0.008034762693152397,-0.022528575265405082,0.2857142857142857,-0.0011046077753084876,-0.03714846925027471,0.012090356000379776,-0.04923882525065448,0.3492063492063492,-0.0007929394749612815,0.07718747163296458,0.09084432153455135,-0.013656849901586776,0.4523809523809524,-9.87252525198081e-05,0.2000140396238912,0.27596857143509923,-0.07595453181120804,0.4642857142857143,-0.00024673231228145286,0.46402369138513433,0.7491042448415388,-0.2850805534564045,0.4801587301587302,-0.0002483761676670653,0.23784676875836142,0.28630371654888953,-0.048456947790528115,0.12669604627656006,0.16377956138006033,-0.037083515103500275,0.4166666666666667,-0.004914364321687996,-0.06987255047405838,-0.09440465820774069,-0.030166397812546486,-0.03714846925027471,0.012090356000379776,7,10,3,7,8,6,9,8,10,10,False,False,-7
2021-11-30,XLU,utilities,SPY,-0.017037723391828852,-0.008034762693152397,-0.009002960698676454,0.47619047619047616,-0.0004147591983053906,-0.033148293825646324,0.012090356000379776,-0.0452386498260261,0.4126984126984127,-0.0007105428873227127,0.025847537613598037,0.09084432153455135,-0.06499678392095332,0.4523809523809524,-0.0004719678503920671,0.07972544294500405,0.27596857143509923,-0.19624312849009518,0.45634920634920634,-0.0006481715229365404,0.3227715501799866,0.7491042448415388,-0.4263326946615522,0.4880952380952381,-0.0003457943033325486,0.09844036606442885,0.28630371654888953,-0.18786335048446068,0.07855037927206898,0.16377956138006033,-0.08522918210799135,0.3333333333333333,-0.013243074190368048,-0.11843629387932175,-0.09440465820774069,-0.030166397812546486,-0.033148293825646324,0.012090356000379776,6,9,5,10,10,10,10,9,3,9,False,False,-4
2021-11-30,XLRE,real_estate,SPY,-0.008992089264856062,-0.008034762693152397,-0.000957326571703665,0.47619047619047616,-2.72566363649151e-05,-0.0005141178320687834,0.012090356000379776,-0.01260447383244856,0.5079365079365079,-0.0001838884030511989,0.07518164569331076,0.09084432153455135,-0.015662675841240592,0.5079365079365079,-0.0001020807028715916,0.3443908140694134,0.27596857143509923,0.06842224263431418,0.5357142857142857,0.0002197754210600335,0.5619311135414864,0.7491042448415388,-0.18717313130005242,0.5092592592592593,-0.00011408646031069184,0.35658938693246633,0.28630371654888953,0.0702856703835768,0.19236435041255828,0.16377956138006033,0.028584789032497948,0.5833333333333334,0.004477620269292761,-0.08459055444912766,-0.09440465820774069,-0.030166397812546486,-0.0005141178320687834,0.012090356000379776,4,4,4,4,5,3,4,2,8,4,False,False,0
2021-11-30,XLC,communication_services,SPY,-0.061394923683130376,-0.008034762693152397,-0.05336016098997798,0.23809523809523808,-0.002611751070128803,-0.11820907193277264,0.012090356000379776,-0.1302994279331524,0.3333333333333333,-0.0021697409462901654,-0.03772691324041455,0.09084432153455135,-0.1285712347749659,0.4126984126984127,-0.0009804858709000928,0.16038691590347742,0.27596857143509923,-0.11558165553162181,0.4722222222222222,-0.00035636580523481533,0.7212096838939135,0.7491042448415388,-0.027894560947625324,0.48544973544973546,-7.91400920414681e-06,0.23628877062639608,0.28630371654888953,-0.05001494592249345,0.1911524214446707,0.16377956138006033,0.02737286006461037,0.5,-0.0075048497093511135,-0.11326486495041077,-0.09440465820774069,-0.030166397812546486,-0.11820907193277264,0.012090356000379776,11,11,11,8,3,7,5,5,4,11,False,True,0
2021-12-31,XLK,technology,SPY,0.04680588463809854,0.05799917722417458,-0.011193292586076042,0.38095238095238093,-0.00042536959381379,0.14929691871015627,0.09761572663295559,0.05168119207720068,0.5396825396825397,0.0007753344447119689,0.16445575925531375,0.10245237127058338,0.062003387984730374,0.5079365079365079,0.0004636552654433818,0.34744121200126576,0.28728762372808636,0.060153588273179404,0.5079365079365079,0.00022163953459779912,1.8981092474328274,0.996814165195363,0.9012950822374644,0.5608465608465608,0.0005508309717900059,0.28719300471558085,0.21671892704631945,0.07047407766926139,0.05883723163172028,0.12373355014150045,-0.06489631850978017,0.5,0.004077330042339834,-0.10205728603770148,-0.07346173663290778,-0.005277824990793434,0.14929691871015627,0.09761572663295559,8,2,2,4,1,4,9,4,3,2,False,False,0
2021-12-31,XLF,financials,SPY,0.045207500662998834,0.05799917722417458,-0.012791676561175747,0.42857142857142855,-0.0005518708804173151,0.02849510366560959,0.09761572663295559,-0.069120622967346,0.36507936507936506,-0.0010047187121688262,0.066782990513643,0.10245237127058338,-0.03566938075694037,0.4365079365079365,-0.00022380222962068623,0.3479786570068586,0.28728762372808636,0.06069103327877223,0.5,0.00022001484817678836,0.7322237965668603,0.996814165195363,-0.2645903686285027,0.4828042328042328,-0.00010823203482638383,0.28967564445510097,0.21671892704631945,0.07295671740878151,0.3073290905065065,0.12373355014150045,0.18359554036500603,0.5833333333333334,0.004527231138790823,-0.08422154989572816,-0.07346173663290778,-0.005277824990793434,0.02849510366560959,0.09761572663295559,9,10,8,3,7,3,2,2,7,10,False,True,-2
2021-12-31,XLI,industrials,SPY,0.0688250803560495,0.05799917722417458,0.010825903131874925,0.47619047619047616,0.0004960430894670676,0.07087284866863741,0.09761572663295559,-0.02674287796431818,0.4444444444444444,-0.00038235380315129345,0.03158307803440974,0.10245237127058338,-0.07086929323617364,0.4365079365079365,-0.0005126365637189271,0.2108199562711488,0.28728762372808636,-0.07646766745693756,0.45634920634920634,-0.0002281005070120175,0.7245898929343852,0.996814165195363,-0.2722242722609778,0.4642857142857143,-0.0001536210041628867,0.1328513697187923,0.21671892704631945,-0.08386755732752715,0.18942015678411228,0.12373355014150045,0.06568660664261183,0.3333333333333333,-0.004731297055308577,-0.08247570016659589,-0.07346173663290778,-0.005277824990793434,0.07087284866863741,0.09761572663295559,6,8,10,8,8,8,5,10,8,8,False,False,2
2021-12-31,XLE,energy,SPY,0.04089313802429806,0.05799917722417458,-0.01710603919987652,0.47619047619047616,-0.0007225957390405171,0.04417975250242856,0.09761572663295559,-0.05343597413052703,0.4603174603174603,-0.0007108374632782423,0.040439496213215964,0.10245237127058338,-0.06201287505736741,0.4523809523809524,-0.00033788908146512253,0.5327985318689221,0.28728762372808636,0.24551090814083576,0.49206349206349204,0.0008329595768761699,0.13090373882340844,0.996814165195363,-0.8659104263719546,0.4470899470899471,-0.0005215848662374527,0.47258011017182966,0.21671892704631945,0.2558611831255102,0.4767174126669702,0.12373355014150045,0.35298386252546976,0.5,0.017701679058139647,-0.17675819638688817,-0.07346173663290778,-0.005277824990793434,0.04417975250242856,0.09761572663295559,10,9,9,1,11,1,1,4,1,9,False,True,0
2021-12-31,XLB,materials,SPY,0.08687430005159635,0.05799917722417458,0.028875122827421773,0.6190476190476191,0.0012786605189677605,0.13312423874985235,0.09761572663295559,0.03550851211689676,0.5396825396825397,0.0005111005521677002,0.10361155873602379,0.10245237127058338,0.0011591874654404144,0.46825396825396826,2.416225342629447e-05,0.2743795589971638,0.28728762372808636,-0.012908064730922542,0.45634920634920634,-1.602658549688169e-05,0.8957815084529535,0.996814165195363,-0.10103265674240958,0.47619047619047616,-3.1483235479415355e-05,0.17251788816486524,0.21671892704631945,-0.04420103888145421,0.21688699829955427,0.12373355014150045,0.09315344815805382,0.5833333333333334,-0.0004059607070378002,-0.1013252393341677,-0.07346173663290778,-0.005277824990793434,0.13312423874985235,0.09761572663295559,5,3,7,6,4,6,4,2,4,3,False,False,4
2021-12-31,XLY,consumer_discretionary,SPY,0.019906051622307963,0.05799917722417458,-0.03809312560186662,0.42857142857142855,-0.0016930734717786585,0.13244550246856002,0.09761572663295559,0.034829775835604426,0.5238095238095238,0.0005375065859012092,0.1320107459455504,0.10245237127058338,0.029558374674967025,0.5238095238095238,0.0002386202612510541,0.27928121297969066,0.28728762372808636,-0.008006410748395698,0.4801587301587302,6.758447221939382e-06,1.1131234091468918,0.996814165195363,0.11630924395152875,0.4828042328042328,8.994812089708942e-05,0.2543127976785793,0.21671892704631945,0.03759387063225983,0.056969372087835035,0.12373355014150045,-0.06676417805366541,0.5,-0.00014585086856566676,-0.10034070638436887,-0.07346173663290778,-0.005277824990793434,0.13244550246856002,0.09761572663295559,11,4,4,5,2,5,10,4,5,4,False,False,0
2021-12-31,XLP,consumer_staples,SPY,0.10991593093838836,0.05799917722417458,0.05191675371421378,0.5238095238095238,0.002267148915455483,0.12487091208999757,0.09761572663295559,0.027255185457041975,0.47619047619047616,0.00037943816496600034,0.11715280843327336,0.10245237127058338,0.014700437162689983,0.47619047619047616,9.697590792697701e-05,0.17205469326400213,0.28728762372808636,-0.11523293046408423,0.4642857142857143,-0.0003814643867043421,0.6543830303871623,0.996814165195363,-0.34243113480820075,0.4894179894179894,-0.00027801265596743207,0.05598510715408689,0.21671892704631945,-0.16073381989223257,0.06234788334875252,0.12373355014150045,-0.06138566679274793,0.3333333333333333,-0.007352741471110248,-0.06375941473415514,-0.07346173663290778,-0.005277824990793434,0.12487091208999757,0.09761572663295559,2,6,5,10,9,11,8,10,11,6,False,False,-1
2021-12-31,XLV,health_care,SPY,0.09213470020240244,0.05799917722417458,0.03413552297822786,0.5714285714285714,0.0014866405895181162,0.11074706729886796,0.09761572663295559,0.013131340665912372,0.4126984126984127,0.000179548054073781,0.10632008023624451,0.10245237127058338,0.003867708965661132,0.4603174603174603,2.2961663244316086e-05,0.26038579727242306,0.28728762372808636,-0.026901826455663302,0.48412698412698413,-8.984230499201977e-05,0.7464451554547982,0.996814165195363,-0.25036900974056486,0.47883597883597884,-0.0001910668911128355,0.15405709299305226,0.21671892704631945,-0.0626618340532672,0.07653729122388397,0.12373355014150045,-0.047196258917616474,0.4166666666666667,-0.0014884690428214424,-0.06819423809246983,-0.07346173663290778,-0.005277824990793434,0.11074706729886796,0.09761572663295559,4,7,6,7,6,7,7,8,9,7,False,False,-1
2021-12-31,XLU,utilities,SPY,0.0948954627209948,0.05799917722417458,0.036896285496820225,0.5714285714285714,0.0016113175565520093,0.12934671768242234,0.09761572663295559,0.03173099104946675,0.49206349206349204,0.0004565443805763153,0.13540951955950886,0.10245237127058338,0.032957148288925486,0.47619047619047616,0.00024006823097042778,0.17704059314104725,0.28728762372808636,-0.11024703058703911,0.46825396825396826,-0.0003444073450109372,0.5158969986122335,0.996814165195363,-0.48091716658312955,0.48677248677248675,-0.00033948629701533204,0.07502554647172288,0.21671892704631945,-0.14169338057459657,0.052296853473191796,0.12373355014150045,-0.07143669666830865,0.4166666666666667,-0.006730694870996488,-0.11843629387932175,-0.07346173663290778,-0.005277824990793434,0.12934671768242234,0.09761572663295559,3,5,3,9,10,10,11,8,2,5,False,False,-2
2021-12-31,XLRE,real_estate,SPY,0.11724871497940614,0.05799917722417458,0.05924953775523156,0.6190476190476191,0.002603133665775507,0.1630027139359358,0.09761572663295559,0.0653869873029802,0.5238095238095238,0.0009312789684719729,0.17501002292741474,0.10245237127058338,0.07255765165683137,0.5396825396825397,0.0005177652295986204,0.46101007495850044,0.28728762372808636,0.17372245123041408,0.5476190476190477,0.0005127168287178346,0.8820850584038955,0.996814165195363,-0.11472910679146753,0.5092592592592593,-4.224229436300614e-05,0.3076856167925246,0.21671892704631945,0.09096668974620514,0.22988327005667708,0.12373355014150045,0.10614971991517663,0.6666666666666666,0.010770944168814106,-0.08459055444912766,-0.07346173663290778,-0.005277824990793434,0.1630027139359358,0.09761572663295559,1,1,1,2,5,2,3,1,6,1,False,False,0
2021-12-31,XLC,communication_services,SPY,0.057175004501504256,0.05799917722417458,-0.0008241727226703244,0.6190476190476191,-5.1201930201747036e-05,-0.044441637532334544,0.09761572663295559,-0.14205736416529013,0.3968253968253968,-0.0021862758298490776,-0.050730975577572,0.10245237127058338,-0.15318334684815538,0.42063492063492064,-0.0011748512269455925,0.15961967100890306,0.28728762372808636,-0.1276679527191833,0.4801587301587302,-0.0003957538184836142,0.9031530556930216,0.996814165195363,-0.09366110950234141,0.48544973544973546,-5.085456977841575e-05,0.09690417014324426,0.21671892704631945,-0.11981475690307519,0.15897944542706122,0.12373355014150045,0.03524589528556077,0.5,-0.008289480323893492,-0.06743664264799609,-0.07346173663290778,-0.005277824990793434,-0.044441637532334544,0.09761572663295559,7,11,11,11,3,9,6,4,10,11,False,False,0
2022-01-31,XLK,technology,SPY,-0.07297362664715867,-0.055128447538095426,-0.017845179109063247,0.42857142857142855,-0.0008144944671276318,0.004621122819632895,-0.016895594763201904,0.0215167175828348,0.4603174603174603,0.0004127834680159623,0.06353883315516384,0.03507212481232824,0.0284667083428356,0.5,0.00025915385147721727,0.23489431774156233,0.21177831170327877,0.023116006038283565,0.503968253968254,0.00011964849620128815,1.526235683151644,0.7531039614312318,0.7731317217204121,0.5595238095238095,0.0005410533386766567,0.3321026814752135,0.2824794106097668,0.04962327086544671,0.12359213469601449,0.1515632558682083,-0.027971121172193802,0.4166666666666667,0.002543927848298766,-0.09207002312181767,-0.05114139334552925,-0.058194139550908575,0.004621122819632895,-0.016895594763201904,9,4,4,4,1,4,7,6,5,4,False,False,0
2022-01-31,XLF,financials,SPY,-0.0015338211583987293,-0.055128447538095426,0.0535946263796967,0.47619047619047616,0.002636081350064424,-0.02515797168486611,-0.016895594763201904,-0.008262376921664205,0.38095238095238093,-0.00011081051733639858,0.07903280829021475,0.03507212481232824,0.04396068347788651,0.4365079365079365,0.0003570115334235202,0.3552197304550948,0.21177831170327877,0.14344141875181604,0.5079365079365079,0.00047684126663225716,0.6044204404161055,0.7531039614312318,-0.14868352101512627,0.4828042328042328,-3.710556243180346e-05,0.35730158834963377,0.2824794106097668,0.07482217773986699,0.27142983045144886,0.1515632558682083,0.11986657458324057,0.6666666666666666,0.009845229973498562,-0.08422154989572816,-0.05114139334552925,-0.058194139550908575,-0.02515797168486611,-0.016895594763201904,2,8,3,2,5,3,2,1,6,8,False,False,-5
2022-01-31,XLI,industrials,SPY,-0.04384969272082517,-0.055128447538095426,0.011278754817270253,0.5238095238095238,0.0005408992460388449,-0.032251494255695845,-0.016895594763201904,-0.01535589949249394,0.4603174603174603,-0.00025020216420858595,-0.01172306833951775,0.03507212481232824,-0.04679519315184599,0.4603174603174603,-0.0003618275847755549,0.19183469334545533,0.21177831170327877,-0.019943618357823434,0.46825396825396826,-5.461170219316235e-05,0.48112162924092283,0.7531039614312318,-0.271982332190309,0.46296296296296297,-0.0001845827430337041,0.2464930296753709,0.2824794106097668,-0.03598638093439588,0.2116114568623022,0.1515632558682083,0.060048200994093914,0.4166666666666667,-0.0015708002423412877,-0.06987566253094446,-0.05114139334552925,-0.058194139550908575,-0.032251494255695845,-0.016895594763201904,5,9,10,7,9,6,3,6,10,9,False,False,1
2022-01-31,XLE,energy,SPY,0.19075152759384806,-0.055128447538095426,0.24587997513194348,0.7619047619047619,0.011107902217508823,0.16188535957673045,-0.016895594763201904,0.17878095433993235,0.5555555555555556,0.00274595349489571,0.3787188529558556,0.03507212481232824,0.34364672814352737,0.5238095238095238,0.0023855203837735454,0.7424221026880473,0.21177831170327877,0.5306437909847685,0.5158730158730159,0.0015726957036502258,0.2316083366089834,0.7531039614312318,-0.5214956248222484,0.4537037037037037,-0.00023430772353668166,0.46329613047733,0.2824794106097668,0.1808167198675632,0.4130716815005766,0.1515632558682083,0.2615084256323683,0.5,0.03484589526451628,-0.17675819638688817,-0.05114139334552925,-0.058194139550908575,0.16188535957673045,-0.016895594763201904,1,1,1,1,11,1,1,4,1,1,False,False,0
2022-01-31,XLB,materials,SPY,-0.06385110991953113,-0.055128447538095426,-0.008722662381435708,0.5238095238095238,-0.00045039200660012044,-0.002843303902504868,-0.016895594763201904,0.014052290860697036,0.5396825396825397,0.00022426895116659006,0.02709677261482568,0.03507212481232824,-0.007975352197502561,0.47619047619047616,-5.258782019617453e-05,0.2030317484240196,0.21177831170327877,-0.008746563279259156,0.4642857142857143,-1.0845570660885898e-05,0.6817833273259355,0.7531039614312318,-0.07132063410529632,0.4775132275132275,-1.891659264487313e-05,0.2850859101276191,0.2824794106097668,0.002606499517852301,0.16790660747370456,0.1515632558682083,0.01634335160549627,0.5833333333333334,-0.0005695400608639415,-0.1013252393341677,-0.05114139334552925,-0.058194139550908575,-0.002843303902504868,-0.016895594763201904,7,6,7,6,3,5,6,2,3,6,False,False,1
2022-01-31,XLY,consumer_discretionary,SPY,-0.09749653162856287,-0.055128447538095426,-0.04236808409046744,0.2857142857142857,-0.0020756256726442565,-0.07915983519188208,-0.016895594763201904,-0.06226424042868017,0.4126984126984127,-0.0009681311475848666,0.025167632599960355,0.03507212481232824,-0.009904492212367888,0.48412698412698413,-3.3035176291694247e-05,0.11944624696749795,0.21177831170327877,-0.09233206473578082,0.45634920634920634,-0.0002779678811197462,0.7531564116811273,0.7531039614312318,5.2450249895530376e-05,0.4748677248677249,1.7754270241927496e-05,0.2403788862856484,0.2824794106097668,-0.04210052432411837,0.08357627326617045,0.1515632558682083,-0.06798698260203784,0.4166666666666667,-0.00539485453605378,-0.10034070638436887,-0.05114139334552925,-0.058194139550908575,-0.07915983519188208,-0.016895594763201904,11,11,8,10,2,8,10,6,4,11,False,False,-3
2022-01-31,XLP,consumer_staples,SPY,-0.008094938751779135,-0.055128447538095426,0.04703350878631629,0.5714285714285714,0.0022674247857049053,0.07355480095050893,-0.016895594763201904,0.09045039571371083,0.5238095238095238,0.0013758616351699777,0.08085281138401124,0.03507212481232824,0.045780686571682994,0.47619047619047616,0.0003294548701656888,0.21412856753705523,0.21177831170327877,0.00235025583377646,0.48412698412698413,-3.454066195405155e-06,0.5410869612708731,0.7531039614312318,-0.21201700016035874,0.49206349206349204,-0.00020024363540640535,0.22403707267022765,0.2824794106097668,-0.058442337939539124,0.10043284304146805,0.1515632558682083,-0.051130412826740246,0.4166666666666667,-0.000677502266689417,-0.06339011053574373,-0.05114139334552925,-0.058194139550908575,0.07355480095050893,-0.016895594763201904,3,2,2,5,6,9,9,6,11,2,False,False,0
2022-01-31,XLV,health_care,SPY,-0.07251418380458086,-0.055128447538095426,-0.01738573626648543,0.38095238095238093,-0.0009070421569616006,-0.015585750104189722,-0.016895594763201904,0.0013098446590121826,0.42857142857142855,4.7004526705838957e-07,-0.0009939849413603818,0.03507212481232824,-0.036066109753688624,0.42857142857142855,-0.0002888371598062973,0.15333002747906832,0.21177831170327877,-0.058448284224210445,0.4722222222222222,-0.0002036161638852739,0.5285651360310191,0.7531039614312318,-0.22453882540021275,0.4801587301587302,-0.0001956358525973393,0.24350152567299665,0.2824794106097668,-0.038977884936770124,0.10858782107638598,0.1515632558682083,-0.04297543479182231,0.3333333333333333,-0.004918454991669208,-0.08087950468540261,-0.05114139334552925,-0.058194139550908575,-0.015585750104189722,-0.016895594763201904,8,7,9,8,7,7,8,11,8,7,False,False,2
2022-01-31,XLU,utilities,SPY,-0.029160427458931326,-0.055128447538095426,0.0259680200791641,0.5238095238095238,0.0012641473777929065,0.043107554384752556,-0.016895594763201904,0.06000314914795446,0.5238095238095238,0.0009298631487417807,0.057803747837197106,0.03507212481232824,0.022731623024868863,0.48412698412698413,0.0001721236077464398,0.14328488466454425,0.21177831170327877,-0.06849342703873451,0.47619047619047616,-0.0002249027761490127,0.39290329744122166,0.7531039614312318,-0.36020066399001016,0.48544973544973546,-0.0002795075556303126,0.17762493103996424,0.2824794106097668,-0.10485447956980254,0.0391901417630256,0.1515632558682083,-0.11237311410518269,0.4166666666666667,-0.005073954043875663,-0.11843629387932175,-0.05114139334552925,-0.058194139550908575,0.043107554384752556,-0.016895594763201904,4,3,5,9,10,10,11,6,2,3,False,False,2
2022-01-31,XLRE,real_estate,SPY,-0.08433274393992873,-0.055128447538095426,-0.029204296401833307,0.38095238095238093,-0.0014749948873989684,-0.0015595289887722075,-0.016895594763201904,0.015336065774429697,0.47619047619047616,0.0002618213118852564,0.0347608125183374,0.03507212481232824,-0.0003113122939908397,0.5,1.1003482076579444e-05,0.29837947507239404,0.21177831170327877,0.08660116336911527,0.5277777777777778,0.0002837239984149277,0.517327399944475,0.7531039614312318,-0.23577656148675685,0.5013227513227513,-0.00015349294220787338,0.4179599264683278,0.2824794106097668,0.13548051585856102,0.20365297477420974,0.1515632558682083,0.05208971890600145,0.5833333333333334,0.006502203645005265,-0.08272091722542929,-0.05114139334552925,-0.058194139550908575,-0.0015595289887722075,-0.016895594763201904,10,5,6,3,8,2,4,2,7,5,False,False,1
2022-01-31,XLC,communication_services,SPY,-0.061190677119642545,-0.055128447538095426,-0.006062229581547118,0.6190476190476191,-0.00026170277882368403,-0.07718426501864883,-0.016895594763201904,-0.06028867025544693,0.49206349206349204,-0.0009853858283324379,-0.09708172369547041,0.03507212481232824,-0.13215384850779865,0.4523809523809524,-0.0010680772335349804,0.09340541680100012,0.21177831170327877,-0.11837289490227865,0.49206349206349204,-0.0003899894531697299,0.6428853169991005,0.7531039614312318,-0.11021864443213136,0.49074074074074076,-7.385158081339473e-05,0.16467251672184835,0.2824794106097668,-0.11780689388791843,0.20154118296719448,0.1515632558682083,0.049977927098986186,0.5,-0.007983268628528875,-0.08012553190732197,-0.05114139334552925,-0.058194139550908575,-0.07718426501864883,-0.016895594763201904,6,10,11,11,4,11,5,4,9,10,False,False,1
2022-02-28,XLK,technology,SPY,0.01776974454047875,0.01249891333629849,0.00527083120418026,0.42857142857142855,0.0003644741976514622,-0.07005571285710965,-0.04533186203711681,-0.024723850819992843,0.4126984126984127,-0.000329964684205975,-0.021310148016501773,-0.023725010248859535,0.0024148622323577618,0.49206349206349204,7.50128771052125e-05,0.1508040204741956,0.13571102121619294,0.01509299925800267,0.5,9.970598813999243e-05,1.2477015910474734,0.6479385623244236,0.5997630287230498,0.5542328042328042,0.0004702467998521814,0.1307115648184074,0.12169110135031813,0.009020463468089268,0.14237221953419943,0.1385070722898576,0.0038651472443418378,0.4166666666666667,0.002037946059798077,-0.09207002312181767,-0.05114139334552925,-0.08599341954047046,-0.07005571285710965,-0.04533186203711681,3,9,6,7,1,7,3,7,5,9,False,False,-3
2022-02-28,XLF,financials,SPY,0.007849374957379585,0.01249891333629849,-0.004649538378918905,0.5238095238095238,-0.00023147882230218063,-0.001688461305469624,-0.04533186203711681,0.043643400731647186,0.47619047619047616,0.0007234137271051018,-0.0032791605828477177,-0.023725010248859535,0.020445849666011817,0.4444444444444444,0.000187164317892215,0.17644226386515727,0.13571102121619294,0.04073124264896433,0.49206349206349204,0.0001686767997710416,0.547634784541116,0.6479385623244236,-0.10030377778330757,0.48677248677248675,-3.2268280345928917e-06,0.16727984666846396,0.12169110135031813,0.04558874531814583,0.11403341249280041,0.1385070722898576,-0.02447365979705718,0.6666666666666666,0.004036910171418319,-0.08422154989572816,-0.05114139334552925,-0.08599341954047046,-0.001688461305469624,-0.04533186203711681,7,4,4,4,4,4,10,1,7,4,False,False,0
2022-02-28,XLI,industrials,SPY,0.008887943024622702,0.01249891333629849,-0.0036109703116757874,0.5238095238095238,-0.00019701191034801217,-0.0285161623218263,-0.04533186203711681,0.01681569971529051,0.49206349206349204,0.000271462148499725,-0.04126316557579801,-0.023725010248859535,-0.017538155326938476,0.47619047619047616,-0.00014239397715746772,0.08919981240368946,0.13571102121619294,-0.04651120881250348,0.46825396825396826,-0.0001567576953475792,0.3807076265658802,0.6479385623244236,-0.2672309357585434,0.458994708994709,-0.00019611815840918376,0.07960435044777459,0.12169110135031813,-0.042086750902543546,0.12135176541528025,0.1385070722898576,-0.017155306874577336,0.4166666666666667,-0.003092059167430411,-0.06987566253094446,-0.05114139334552925,-0.08599341954047046,-0.0285161623218263,-0.04533186203711681,6,6,10,9,9,9,7,7,10,6,False,False,4
2022-02-28,XLE,energy,SPY,0.07085415113832005,0.01249891333629849,0.058355237802021565,0.5714285714285714,0.0026946678392322813,0.286324050942399,-0.04533186203711681,0.3316559129795158,0.6031746031746031,0.004798452494317605,0.46750078041217713,-0.023725010248859535,0.49122579066103667,0.5476190476190477,0.0033307068652784783,0.4954984617199436,0.13571102121619294,0.35978744050375067,0.5119047619047619,0.0012100222565871199,0.28896503189514444,0.6479385623244236,-0.35897353042927915,0.4576719576719577,-9.185343597865917e-05,0.39654728903112146,0.12169110135031813,0.27485618768080333,0.03726490571494345,0.1385070722898576,-0.10124216657491414,0.5,0.027497338199916677,-0.17675819638688817,-0.05114139334552925,-0.08599341954047046,0.286324050942399,-0.04533186203711681,1,1,1,1,11,1,11,4,1,1,False,False,0
2022-02-28,XLB,materials,SPY,0.007734939634521432,0.01249891333629849,-0.004763973701777058,0.5714285714285714,-0.0002230047476543381,-0.030063153345145643,-0.04533186203711681,0.015268708691971167,0.5714285714285714,0.00025428856707149493,-0.02072261540461029,-0.023725010248859535,0.0030023948442492454,0.5158730158730159,3.210658852960159e-05,0.12572948800442774,0.13571102121619294,-0.009981533211765203,0.47619047619047616,-1.7043988601096584e-05,0.6091973996164028,0.6479385623244236,-0.03874116270802075,0.4828042328042328,4.339434889439745e-06,0.11708887300533588,0.12169110135031813,-0.004602228344982251,0.11919059527669917,0.1385070722898576,-0.019316477013158417,0.5833333333333334,-0.00020859585444787943,-0.1013252393341677,-0.05114139334552925,-0.08599341954047046,-0.030063153345145643,-0.04533186203711681,8,7,5,8,3,8,9,2,3,7,False,False,-2
2022-02-28,XLY,consumer_discretionary,SPY,0.017957589756729453,0.01249891333629849,0.0054586764204309635,0.5238095238095238,0.00037346769889165125,-0.12924161119979816,-0.04533186203711681,-0.08390974916268135,0.4126984126984127,-0.0013741914054335245,-0.02132871704506134,-0.023725010248859535,0.0023962932037981943,0.49206349206349204,7.493943761883496e-05,0.08232985711403185,0.13571102121619294,-0.053381164102161094,0.47619047619047616,-0.00015004395653686343,0.6600518344321635,0.6479385623244236,0.012113272107739936,0.4775132275132275,2.9773464871008225e-05,0.06323668884151235,0.12169110135031813,-0.058454412508805786,0.1203927236836928,0.1385070722898576,-0.018114348606164787,0.4166666666666667,-0.0036668349577514783,-0.10034070638436887,-0.05114139334552925,-0.08599341954047046,-0.12924161119979816,-0.04533186203711681,2,11,7,10,2,10,8,7,4,11,False,False,-4
2022-02-28,XLP,consumer_staples,SPY,0.0013368237230240165,0.01249891333629849,-0.011162089613274473,0.5714285714285714,-0.0005823387471715122,0.04799107136103231,-0.04533186203711681,0.09332293339814912,0.5555555555555556,0.0014484868092431876,0.057167393732610705,-0.023725010248859535,0.08089240398147024,0.5079365079365079,0.0006112151340183723,0.2009593613319267,0.13571102121619294,0.06524834011573377,0.503968253968254,0.00020937429729254227,0.4928184089817471,0.6479385623244236,-0.15512015334267648,0.4973544973544973,-0.00016147614284051033,0.19935603373367972,0.12169110135031813,0.07766493238336158,0.1298443621051577,0.1385070722898576,-0.008662710184699884,0.5,0.003901480205706955,-0.06152706234236116,-0.05114139334552925,-0.08599341954047046,0.04799107136103231,-0.04533186203711681,9,2,2,3,7,3,6,4,11,2,False,False,0
2022-02-28,XLV,health_care,SPY,0.01634498875015944,0.01249891333629849,0.00384607541386095,0.47619047619047616,0.0001383287396831663,-0.011445848146685145,-0.04533186203711681,0.033886013890431665,0.49206349206349204,0.000525233445634121,-0.027563140083327164,-0.023725010248859535,-0.0038381298344676296,0.4365079365079365,-4.5533630206208805e-05,0.15608542205145404,0.13571102121619294,0.020374400835261097,0.48412698412698413,6.249240351087636e-05,0.4975858444528385,0.6479385623244236,-0.1503527178715851,0.4828042328042328,-0.0001419213897950051,0.13749310996568131,0.12169110135031813,0.015802008615363183,0.16589471880886242,0.1385070722898576,0.027387646519004827,0.4166666666666667,0.0007453070909508678,-0.08087950468540261,-0.05114139334552925,-0.08599341954047046,-0.011445848146685145,-0.04533186203711681,4,5,9,6,6,6,2,7,9,5,False,False,4
2022-02-28,XLU,utilities,SPY,0.01161554128466924,0.01249891333629849,-0.0008833720516292498,0.5714285714285714,-7.734111478158432e-05,0.025523330402700717,-0.04533186203711681,0.07085519243981753,0.5555555555555556,0.0011153110957527635,0.006747641845522789,-0.023725010248859535,0.030472652094382324,0.48412698412698413,0.00023875229983839213,0.17413552465180038,0.13571102121619294,0.03842450343560744,0.49206349206349204,0.00013509631247847023,0.31242720804631885,0.6479385623244236,-0.33551135427810475,0.4880952380952381,-0.00027706915716821704,0.1606539013435322,0.12169110135031813,0.03896279999321406,0.13239477609999906,0.1385070722898576,-0.006112296189858535,0.5,0.0030225751657159128,-0.08954785659879838,-0.05114139334552925,-0.08599341954047046,0.025523330402700717,-0.04533186203711681,5,3,3,5,10,5,4,4,6,3,False,False,0
2022-02-28,XLRE,real_estate,SPY,-0.003978017564111536,0.01249891333629849,-0.016476930900410025,0.6190476190476191,-0.0007655662403815512,-0.049037559869013814,-0.04533186203711681,-0.0037056978318970035,0.5238095238095238,-4.904265488006114e-05,-0.02390235078459635,-0.023725010248859535,-0.00017734053573681408,0.5238095238095238,1.2798264486431806e-05,0.24306545298337445,0.13571102121619294,0.10735443176718151,0.5436507936507936,0.00037058246872906814,0.4287557645865645,0.6479385623244236,-0.2191827977378591,0.5079365079365079,-0.0001510611036014817,0.24803013879604574,0.12169110135031813,0.1263390374457276,0.2571889021527818,0.1385070722898576,0.11868182986292419,0.5833333333333334,0.005894485689108479,-0.08272091722542929,-0.05114139334552925,-0.08599341954047046,-0.049037559869013814,-0.04533186203711681,10,8,8,2,8,2,1,2,8,8,False,False,0
2022-02-28,XLC,communication_services,SPY,-0.02631598481637898,0.01249891333629849,-0.03881489815267747,0.5238095238095238,-0.0017160072604197026,-0.11128798504363657,-0.04533186203711681,-0.06595612300651976,0.5555555555555556,-0.0010743390864344266,-0.18899728337379107,-0.023725010248859535,-0.16527227312493153,0.4603174603174603,-0.001434174112733748,-0.06058223138196628,0.13571102121619294,-0.19629325259815922,0.4801587301587302,-0.0007242926894590052,0.527650659259401,0.6479385623244236,-0.12028790306502257,0.4933862433862434,-8.497847835218571e-05,-0.03519236839800155,0.12169110135031813,-0.15688346974831968,0.13044944631110034,0.1385070722898576,-0.008057625978757255,0.4166666666666667,-0.015266367920555754,-0.1015450152939451,-0.05114139334552925,-0.08599341954047046,-0.11128798504363657,-0.04533186203711681,11,10,11,11,5,11,5,7,2,10,False,False,1
2022-03-31,XLK,technology,SPY,0.03217695450232516,0.0346047628244297,-0.002427808322104541,0.47619047619047616,2.368700682978516e-06,-0.08869241049753218,-0.0485486919869601,-0.04014371851057208,0.42857142857142855,-0.0005858935516188551,0.06834206756791006,0.059408710885108906,0.008933356682801152,0.49206349206349204,0.00013859861269752534,0.1817125278892946,0.14221632909861848,0.03949619879067612,0.503968253968254,0.00018243855805992845,1.179748918635831,0.6589888526737211,0.5207600659621099,0.548941798941799,0.000423365595500614,0.14487397023804838,0.1040122471313718,0.04086172310667657,0.17472130644169837,0.13086846835030586,0.04385283809139251,0.4166666666666667,0.0038603465732609996,-0.09207002312181767,-0.05114139334552925,-0.05163573240843988,-0.08869241049753218,-0.0485486919869601,7,9,7,5,1,3,2,8,5,9,False,False,-2
2022-03-31,XLF,financials,SPY,0.010770445498417436,0.0346047628244297,-0.023834317326012266,0.38095238095238093,-0.0010697713156065988,-0.016617488649152357,-0.0485486919869601,0.031931203337807745,0.47619047619047616,0.0005533508617511881,0.029955824471054493,0.059408710885108906,-0.029452886414054413,0.42063492063492064,-0.00019468829498726497,0.1307037386665737,0.14221632909861848,-0.011512590432044778,0.47619047619047616,-6.992553924402576e-06,0.5494583177294459,0.6589888526737211,-0.10953053494427523,0.48544973544973546,-9.3688586131712e-06,0.1186553224842426,0.1040122471313718,0.014643075352870794,0.11842490125173466,0.13086846835030586,-0.012443567098571195,0.5833333333333334,-0.00013272323286851276,-0.08422154989572816,-0.05114139334552925,-0.05163573240843988,-0.016617488649152357,-0.0485486919869601,11,4,10,7,5,6,5,1,7,4,False,False,6
2022-03-31,XLI,industrials,SPY,0.028085634966388495,0.0346047628244297,-0.006519127858041207,0.5714285714285714,-0.0003466909103307671,-0.019337573981635936,-0.0485486919869601,0.029211118005324166,0.5714285714285714,0.0004547077409710671,0.06002018043036195,0.059408710885108906,0.0006114695452530405,0.5079365079365079,-3.3433107089598913e-06,0.05665491773865261,0.14221632909861848,-0.08556141135996587,0.46825396825396826,-0.00030501594310725826,0.41607340633755174,0.6589888526737211,-0.24291544633616935,0.4669312169312169,-0.00017308845656219116,0.027788816223658364,0.1040122471313718,-0.07622343090771344,0.06135339976173704,0.13086846835030586,-0.06951506858856882,0.3333333333333333,-0.006896022705613218,-0.07234858392081245,-0.05114139334552925,-0.05163573240843988,-0.019337573981635936,-0.0485486919869601,8,6,8,10,10,10,10,11,10,6,False,False,2
2022-03-31,XLE,energy,SPY,0.05829904818420828,0.0346047628244297,0.023694285359778577,0.5714285714285714,0.0012163943650770179,0.39398811338439277,-0.0485486919869601,0.44253680537135287,0.6666666666666666,0.006156071949260316,0.500679736263552,0.059408710885108906,0.4412710253784431,0.5634920634920635,0.0028548573948417562,0.5887239839899627,0.14221632909861848,0.44650765489134425,0.5198412698412699,0.0014255767079117585,0.3714651154347759,0.6589888526737211,-0.2875237372389452,0.4603174603174603,-1.5813524535412195e-05,0.501205152471637,0.1040122471313718,0.3971929053402652,-0.02813282566915143,0.13086846835030586,-0.15900129401945728,0.5833333333333334,0.03322922716810087,-0.17675819638688817,-0.05114139334552925,-0.05163573240843988,0.39398811338439277,-0.0485486919869601,4,1,1,1,11,1,11,1,1,1,False,False,0
2022-03-31,XLB,materials,SPY,0.06284640878814929,0.0346047628244297,0.028241645963719586,0.6666666666666666,0.0012759576565935964,-0.01915602066410238,-0.0485486919869601,0.029392671322857722,0.6031746031746031,0.00048729983743935783,0.1241354152632137,0.059408710885108906,0.0647267043781048,0.5714285714285714,0.00047609618905442903,0.1285301591598893,0.14221632909861848,-0.013686169938729176,0.49206349206349204,-3.1974976559963275e-05,0.6560958451279206,0.6589888526737211,-0.0028930075458004634,0.4880952380952381,3.319595034439956e-05,0.06179985163296764,0.1040122471313718,-0.042212395498404165,0.08166612884152036,0.13086846835030586,-0.0492023395087855,0.5833333333333334,-0.0007449207632295729,-0.1013252393341677,-0.05114139334552925,-0.05163573240843988,-0.01915602066410238,-0.0485486919869601,2,5,3,8,2,8,7,1,3,5,False,False,-2
2022-03-31,XLY,consumer_discretionary,SPY,0.0385303511247399,0.0346047628244297,0.003925588300310201,0.5238095238095238,0.00032757627620284504,-0.09586574776305079,-0.0485486919869601,-0.04731705577609069,0.4603174603174603,-0.0006921721452347207,0.034057639538441764,0.059408710885108906,-0.025351071346667142,0.48412698412698413,-0.00011297165484978602,0.09854165004480486,0.14221632909861848,-0.043674679053813614,0.4880952380952381,-0.00010676577558176224,0.6545298086839768,0.6589888526737211,-0.004459043989744282,0.47883597883597884,2.051859969872595e-05,0.05778482916274141,0.1040122471313718,-0.04622741796863039,0.08560038259090796,0.13086846835030586,-0.04526808575939789,0.5,-0.003066770478648969,-0.10034070638436887,-0.05114139334552925,-0.05163573240843988,-0.09586574776305079,-0.0485486919869601,6,10,9,9,3,9,6,5,4,10,False,False,-1
2022-03-31,XLP,consumer_staples,SPY,0.013079776683038613,0.0346047628244297,-0.02152498614139109,0.5238095238095238,-0.0010467186505476653,-0.004644975807229446,-0.0485486919869601,0.043903716179730656,0.5714285714285714,0.0006702357043604753,0.11500357469854805,0.059408710885108906,0.055594863813439144,0.5158730158730159,0.00037738708286314557,0.1435261810932693,0.14221632909861848,0.0013098519946508347,0.4880952380952381,-1.1766097300165194e-05,0.4806152843321232,0.6589888526737211,-0.1783735683415979,0.49603174603174605,-0.00018233556502405851,0.1287622232844583,0.1040122471313718,0.024749976153086495,0.06986404069437024,0.13086846835030586,-0.06100442765593561,0.4166666666666667,-0.0008421594205366515,-0.06152706234236116,-0.05114139334552925,-0.05163573240843988,-0.004644975807229446,-0.0485486919869601,9,3,4,6,6,5,9,8,11,3,False,False,1
2022-03-31,XLV,health_care,SPY,0.04746782803688787,0.0346047628244297,0.012863065212458169,0.47619047619047616,0.0005524677238641653,-0.028784330890104237,-0.0485486919869601,0.019764361096855865,0.4603174603174603,0.00029409913660869704,0.08362463342345916,0.059408710885108906,0.024215922538350254,0.4365079365079365,0.00015803155071723575,0.1940175768975836,0.14221632909861848,0.05180124779896511,0.47619047619047616,0.00016504258666786965,0.5771279303405799,0.6589888526737211,-0.08186092233314124,0.48544973544973546,-8.382272367081331e-05,0.13990859188043236,0.1040122471313718,0.03589634474906056,0.1662308867696478,0.13086846835030586,0.03536241841934196,0.5,0.0027434560714612775,-0.08087950468540261,-0.05114139334552925,-0.05163573240843988,-0.028784330890104237,-0.0485486919869601,5,7,6,4,4,4,3,5,9,7,False,False,-1
2022-03-31,XLU,utilities,SPY,0.0997292587093912,0.0346047628244297,0.0651244958849615,0.5238095238095238,0.002856173690784027,0.05085551169602098,-0.0485486919869601,0.09940420368298108,0.5396825396825397,0.0015401705689312172,0.1826350451148553,0.059408710885108906,0.12322633422974638,0.5079365079365079,0.000856220095306849,0.19896750778984518,0.14221632909861848,0.0567511786912267,0.4801587301587302,0.0001903163781690806,0.4166668537114464,0.6589888526737211,-0.2423219989622747,0.4894179894179894,-0.00018613402270051377,0.09023880040885435,0.1040122471313718,-0.013773446722517457,0.07959227983555772,0.13086846835030586,-0.05127618851474813,0.5,0.00351975839517323,-0.08954785659879838,-0.05114139334552925,-0.05163573240843988,0.05085551169602098,-0.0485486919869601,1,2,2,3,9,7,8,5,6,2,False,False,0
2022-03-31,XLRE,real_estate,SPY,0.061528834081859385,0.0346047628244297,0.026924071257429683,0.6190476190476191,0.0011921170230816244,-0.060023431206169486,-0.0485486919869601,-0.011474739219209384,0.5396825396825397,-0.00019603395136666204,0.10265438563385709,0.059408710885108906,0.043245674748748186,0.5238095238095238,0.00032212116508737647,0.2364530378900409,0.14221632909861848,0.09423670879142243,0.5357142857142857,0.0003223755596351918,0.45986138170616697,0.6589888526737211,-0.19912747096755412,0.5066137566137566,-0.00013223685070639702,0.16478516474729354,0.1040122471313718,0.06077291761592174,0.1961249874238271,0.13086846835030586,0.06525651907352126,0.5833333333333334,0.007347476177838615,-0.08272091722542929,-0.05114139334552925,-0.05163573240843988,-0.060023431206169486,-0.0485486919869601,3,8,5,2,8,2,1,1,8,8,False,False,-3
2022-03-31,XLC,communication_services,SPY,0.011512937466067852,0.0346047628244297,-0.02309182535836185,0.3333333333333333,-0.0010358238451216703,-0.12460515962803065,-0.0485486919869601,-0.07605646764107055,0.47619047619047616,-0.0012517118289069105,-0.13747747034842783,0.059408710885108906,-0.19688618123353674,0.4444444444444444,-0.0015897463553071808,-0.07026928668703802,0.14221632909861848,-0.2124856157856565,0.4642857142857143,-0.0007882542679921326,0.4779528098992163,0.6589888526737211,-0.1810360427745048,0.48677248677248675,-0.00013685426754093946,-0.08085138718836149,0.1040122471313718,-0.1848636343197333,0.15009276210911127,0.13086846835030586,0.01922429375880541,0.4166666666666667,-0.016167519076290503,-0.1428707889675318,-0.05114139334552925,-0.05163573240843988,-0.12460515962803065,-0.0485486919869601,10,11,11,11,7,11,4,8,2,11,False,False,0
2022-04-29,XLK,technology,SPY,-0.12335734084265093,-0.10180941150067147,-0.021547929341979466,0.38095238095238093,-0.0010468059752933856,-0.10328292888382695,-0.06487166751995788,-0.038411261363869076,0.4126984126984127,-0.0005595283025566196,-0.11744990689555646,-0.09510395656966353,-0.022345950325892927,0.4365079365079365,-0.0001119014780353536,0.019754204477906212,0.00029180782581694764,0.019462396652089264,0.49603174603174605,0.00013056007159350274,0.8595522636493318,0.4830941261276902,0.3764581375216416,0.5383597883597884,0.00036441536873009224,0.16324957931903494,0.11367433664282345,0.049575242676211495,0.08046340991239687,0.04784971550704409,0.03261369440535278,0.4166666666666667,0.0018952333275336168,-0.14305120790700632,-0.0972764825516953,-0.13487253550111022,-0.10328292888382695,-0.06487166751995788,9,9,8,7,1,3,2,8,4,9,False,False,-1
2022-04-29,XLF,financials,SPY,-0.12009178363421957,-0.10180941150067147,-0.018282372133548108,0.42857142857142855,-0.001001182150437255,-0.10524243295507318,-0.06487166751995788,-0.04037076543511531,0.4603174603174603,-0.0006856467957937308,-0.1387679224449032,-0.09510395656966353,-0.043663965875239685,0.42063492063492064,-0.00037249413369326643,-0.03198579562432069,0.00029180782581694764,-0.03227760345013764,0.4642857142857143,-0.00010130592300533614,0.32158957691940193,0.4830941261276902,-0.16150454920828827,0.48148148148148145,-7.28340297540198e-05,0.10013088452997576,0.11367433664282345,-0.013543452112847687,0.060308257746929606,0.04784971550704409,0.012458542239885517,0.5,-0.0021469308057727268,-0.08422154989572816,-0.0972764825516953,-0.13487253550111022,-0.10524243295507318,-0.06487166751995788,8,10,9,8,9,7,5,6,9,10,False,False,-1
2022-04-29,XLI,industrials,SPY,-0.09035276067752374,-0.10180941150067147,0.01145665082314773,0.5238095238095238,0.0005499983067613371,-0.042562506655938304,-0.06487166751995788,0.022309160864019573,0.5714285714285714,0.0003374573763419677,-0.08274341184249401,-0.09510395656966353,0.01236054472716952,0.5158730158730159,8.995956479307046e-05,-0.05395799928744094,0.00029180782581694764,-0.054249807113257886,0.47619047619047616,-0.00022196813340517104,0.29222935542336104,0.4830941261276902,-0.19086477070432917,0.46825396825396826,-0.0001480675988702818,0.04000975303040577,0.11367433664282345,-0.07366458361241768,-0.01373982110675287,0.04784971550704409,-0.06158953661379696,0.4166666666666667,-0.004442918415923897,-0.07510511420599153,-0.0972764825516953,-0.13487253550111022,-0.042562506655938304,-0.06487166751995788,7,7,7,9,10,10,9,8,10,7,False,False,0
2022-04-29,XLE,energy,SPY,-0.030196996771432838,-0.10180941150067147,0.07161241472923863,0.7142857142857143,0.0037082123168474283,0.1560089365155224,-0.06487166751995788,0.22088060403548027,0.6349206349206349,0.003444527646942665,0.3284571640247729,-0.09510395656966353,0.4235611205944364,0.5952380952380952,0.003134880680326864,0.5910072401013751,0.00029180782581694764,0.5907154322755581,0.5436507936507936,0.0019543519496448493,0.3845309555652292,0.4830941261276902,-0.098563170562461,0.46825396825396826,0.00014535765066770592,0.6405468273502553,0.11367433664282345,0.5268724907074318,0.0949513620124125,0.04784971550704409,0.04710164650536841,0.6666666666666666,0.04336064909817668,-0.17675819638688817,-0.0972764825516953,-0.13487253550111022,0.1560089365155224,-0.06487166751995788,2,1,1,1,7,1,1,1,2,1,False,False,0
2022-04-29,XLB,materials,SPY,-0.048242682416316574,-0.10180941150067147,0.05356672908435489,0.6666666666666666,0.002720002570687454,0.025597249167840896,-0.06487166751995788,0.09046891668779877,0.6349206349206349,0.0014599318731674446,0.0029547845265203154,-0.09510395656966353,0.09805874109618384,0.5873015873015873,0.0008135924420726929,0.04204926019635291,0.00029180782581694764,0.041757452370535963,0.5,0.00017268682748217663,0.6005950239845854,0.4830941261276902,0.11750089785689521,0.4973544973544973,0.000134646276963408,0.09486866131158544,0.11367433664282345,-0.018805675331238003,-0.023823560719578585,0.04784971550704409,-0.07167327622662267,0.5833333333333334,0.003968606857867467,-0.1013252393341677,-0.0972764825516953,-0.13487253550111022,0.025597249167840896,-0.06487166751995788,5,4,4,6,2,8,11,2,6,4,False,False,0
2022-04-29,XLY,consumer_discretionary,SPY,-0.13646471516470948,-0.10180941150067147,-0.03465530366403802,0.42857142857142855,-0.0017448596186427964,-0.08405246970242752,-0.06487166751995788,-0.019180802182469647,0.5238095238095238,-0.00019697917419072105,-0.1856923232487454,-0.09510395656966353,-0.09058836667908188,0.46825396825396826,-0.0007403955088067889,-0.08416243582379235,0.00029180782581694764,-0.0844542436496093,0.4880952380952381,-0.00029331783018475706,0.4133486124087429,0.4830941261276902,-0.06974551371894733,0.4748677248677249,-3.644307287261085e-05,0.06056762272417515,0.11367433664282345,-0.053106713918648296,0.022993991786872447,0.04784971550704409,-0.02485572372017164,0.4166666666666667,-0.006893321581418245,-0.1743401200379039,-0.0972764825516953,-0.13487253550111022,-0.08405246970242752,-0.06487166751995788,10,8,10,10,6,9,7,8,3,8,False,False,2
2022-04-29,XLP,consumer_staples,SPY,0.020639182093963315,-0.10180941150067147,0.12244859359463478,0.7142857142857143,0.00601706425115975,0.03055195296154567,-0.06487166751995788,0.09542362048150355,0.6031746031746031,0.0014882951713058497,0.10104928430689553,-0.09510395656966353,0.19615324087655905,0.5634920634920635,0.0015207199225714904,0.14299363610422233,0.00029180782581694764,0.14270182827840538,0.503968253968254,0.0005079536176818463,0.4738326592323905,0.4830941261276902,-0.00926146689529972,0.5026455026455027,-4.209705293244948e-05,0.11988022423285205,0.11367433664282345,0.006205887590028603,0.02033743948556399,0.04784971550704409,-0.027512276021480098,0.5,0.011998331353538894,-0.051270327784645464,-0.0972764825516953,-0.13487253550111022,0.03055195296154567,-0.06487166751995788,1,3,2,2,4,6,8,6,11,3,False,False,-1
2022-04-29,XLV,health_care,SPY,-0.058190136581090846,-0.10180941150067147,0.04361927491958062,0.5714285714285714,0.002237297914400992,0.0016586813824199798,-0.06487166751995788,0.06653034890237786,0.5079365079365079,0.0010581502661644513,-0.010045551581778889,-0.09510395656966353,0.08505840498788464,0.47619047619047616,0.0006877816755788074,0.08938224748760382,0.00029180782581694764,0.08909043966178687,0.47619047619047616,0.000326220658439108,0.5434267865701574,0.4830941261276902,0.06033266044246721,0.4880952380952381,3.419971806277771e-05,0.15669020871472417,0.11367433664282345,0.04301587207190072,0.07012952993851296,0.04784971550704409,0.02227981443146887,0.5833333333333334,0.0073691258687710965,-0.09859384384541858,-0.0972764825516953,-0.13487253550111022,0.0016586813824199798,-0.06487166751995788,6,5,5,5,3,4,3,2,7,5,False,False,0
2022-04-29,XLU,utilities,SPY,-0.04400310111254113,-0.10180941150067147,0.05780631038813033,0.5714285714285714,0.002908960146302756,0.05556459517437107,-0.06487166751995788,0.12043626269432894,0.5555555555555556,0.0018765764834506704,0.07413484224567268,-0.09510395656966353,0.1692387988153362,0.5317460317460317,0.0013322456741537109,0.10031831566948202,0.00029180782581694764,0.10002650784366507,0.48412698412698413,0.00037115403556922314,0.34971772130245204,0.4830941261276902,-0.13337640482523816,0.4947089947089947,-0.00010383407658088673,0.15096431479011807,0.11367433664282345,0.03728997814729462,-0.020062502702893448,0.04784971550704409,-0.06791221820993754,0.5833333333333334,0.008487102898395818,-0.08603874154891611,-0.0972764825516953,-0.13487253550111022,0.05556459517437107,-0.06487166751995788,3,2,3,4,8,5,10,2,8,2,False,False,1
2022-04-29,XLRE,real_estate,SPY,-0.04625450602736325,-0.10180941150067147,0.055554905473308214,0.6190476190476191,0.0028550391111805845,0.0010024752107866686,-0.06487166751995788,0.06587414273074454,0.6031746031746031,0.0010688283288887537,-0.023382131746372825,-0.09510395656966353,0.0717218248232907,0.5396825396825397,0.0006089127245059018,0.11855689573020811,0.00029180782581694764,0.11826508790439116,0.5357142857142857,0.0004513046896150796,0.4231348550293732,0.4830941261276902,-0.059959271098317,0.5105820105820106,-1.8522004787178388e-05,0.17280438313903046,0.11367433664282345,0.05913004649620701,0.06890235661990052,0.04784971550704409,0.02105264111285643,0.5833333333333334,0.009727381650046774,-0.1266163016349886,-0.0972764825516953,-0.13487253550111022,0.0010024752107866686,-0.06487166751995788,4,6,6,3,5,2,4,2,5,6,False,False,0
2022-04-29,XLC,communication_services,SPY,-0.1576095758870799,-0.10180941150067147,-0.055800164386408446,0.42857142857142855,-0.002925855634649009,-0.18116243729948023,-0.06487166751995788,-0.11629076977952235,0.42857142857142855,-0.002008841173558909,-0.2588142298766226,-0.09510395656966353,-0.1637102733069591,0.4603174603174603,-0.0015254886413956033,-0.23715203265546259,0.00029180782581694764,-0.23744384048127953,0.4603174603174603,-0.0010387530314127553,0.21609258685809696,0.4830941261276902,-0.26700153926959325,0.4801587301587302,-0.00024366889433010712,-0.09442469250780594,0.11367433664282345,-0.2080990291506294,0.03321214621188795,0.04784971550704409,-0.014637569295156139,0.3333333333333333,-0.021977654074407087,-0.18088510652006606,-0.0972764825516953,-0.13487253550111022,-0.18116243729948023,-0.06487166751995788,11,11,11,11,11,11,6,11,1,11,False,False,0
2022-05-31,XLK,technology,SPY,-0.006858723414792323,0.0022570745704741935,-0.009115797985266516,0.47619047619047616,-0.0002956094903705308,-0.06808707851409379,-0.036669487479846774,-0.03141759103424702,0.4444444444444444,-0.0004040671890053264,-0.17141314489242465,-0.10532054269050861,-0.06609260220191604,0.42063492063492064,-0.0005058651280416474,0.02732070710246548,-0.003112176143645118,0.030432883246110598,0.49206349206349204,0.00018100806871378965,1.016859944132408,0.5757569685437132,0.4411029755886948,0.5423280423280423,0.00039427973993675194,0.0344154767534981,-0.005357159206304751,0.03977263595980285,0.17207565308259776,0.0991791245137299,0.07289652856886786,0.4166666666666667,0.0024513587237387966,-0.16643077464518463,-0.11672348899800278,-0.132919878300771,-0.06808707851409379,-0.036669487479846774,8,9,9,6,1,6,1,7,4,9,False,False,0
2022-05-31,XLF,financials,SPY,0.02781821339701751,0.0022570745704741935,0.025561138826543317,0.5238095238095238,0.0011685942839943005,-0.04019461087860132,-0.036669487479846774,-0.0035251233987545483,0.4603174603174603,-6.212367739114441e-05,-0.07998502731115498,-0.10532054269050861,0.025335515379353635,0.46825396825396826,0.00023174158058992142,-0.056080066096662606,-0.003112176143645118,-0.05296788995301749,0.4523809523809524,-0.00019130081916495507,0.45131304486088375,0.5757569685437132,-0.12444392368282942,0.48412698412698413,-3.0257287094241262e-05,-0.08162754697291263,-0.005357159206304751,-0.07627038776660788,0.06634724479167464,0.0991791245137299,-0.03283187972205526,0.5,-0.0034280095346377604,-0.10429742956457189,-0.11672348899800278,-0.132919878300771,-0.04019461087860132,-0.036669487479846774,3,8,8,8,5,9,6,5,8,8,False,False,0
2022-05-31,XLI,industrials,SPY,-0.004624852037691585,0.0022570745704741935,-0.006881926608165778,0.47619047619047616,-0.000375677357782756,-0.03439983108679079,-0.036669487479846774,0.0022696563930559854,0.5396825396825397,-1.0676348962785062e-05,-0.07753632335310567,-0.10532054269050861,0.027784219337402938,0.5238095238095238,0.00021639814875921165,-0.0904565900108657,-0.003112176143645118,-0.08734441386722058,0.47619047619047616,-0.00036987652430649773,0.3835470367775269,0.5757569685437132,-0.19220993176618628,0.46825396825396826,-0.0001396562017569422,-0.08623054146859632,-0.005357159206304751,-0.08087338226229157,-0.0038016948268607687,0.0991791245137299,-0.10298081934059067,0.3333333333333333,-0.007062485490859333,-0.106959578288081,-0.11672348899800278,-0.132919878300771,-0.03439983108679079,-0.036669487479846774,7,7,7,9,9,10,10,10,6,7,False,False,0
2022-05-31,XLE,energy,SPY,0.16034553098356397,0.0022570745704741935,0.15808845641308977,0.7619047619047619,0.007164380003797065,0.23487286182458944,-0.036669487479846774,0.2715423493044362,0.6825396825396826,0.004071354843601008,0.595241411516614,-0.10532054269050861,0.7005619542071226,0.6507936507936508,0.0046872786165028804,0.6816633022558802,-0.003112176143645118,0.6847754783995254,0.5555555555555556,0.0021913860264093318,0.7710972506949678,0.5757569685437132,0.19534028215125465,0.47619047619047616,0.00039529956640086685,0.4492780446445317,-0.005357159206304751,0.45463520385083644,0.09094826983635107,0.0991791245137299,-0.00823085467737883,0.6666666666666666,0.052321624608619034,-0.17675819638688817,-0.11672348899800278,-0.132919878300771,0.23487286182458944,-0.036669487479846774,1,1,1,1,2,1,5,1,3,1,False,False,0
2022-05-31,XLB,materials,SPY,0.011760449968116982,0.0022570745704741935,0.009503375397642788,0.47619047619047616,0.00042936758480550095,0.06007803274814938,-0.036669487479846774,0.09674752022799615,0.6031746031746031,0.0014990135007326817,-9.716822100225286e-05,-0.10532054269050861,0.10522337446950636,0.5873015873015873,0.000875382854502671,-0.010517463144355421,-0.003112176143645118,-0.007405287000710303,0.49206349206349204,-2.299078527352661e-05,0.7317798618018712,0.5757569685437132,0.156022893258158,0.4973544973544973,0.00015761755957862736,-0.022018960232310425,-0.005357159206304751,-0.016661801026005674,-0.024900170121448073,0.0991791245137299,-0.12407929463517797,0.5833333333333334,0.0010951303214854675,-0.10197547223211423,-0.11672348899800278,-0.132919878300771,0.06007803274814938,-0.036669487479846774,6,3,5,7,3,7,11,3,9,3,False,False,2
2022-05-31,XLY,consumer_discretionary,SPY,-0.05120343818332895,0.0022570745704741935,-0.05346051275380315,0.42857142857142855,-0.0023167871070782723,-0.1142414406636113,-0.036669487479846774,-0.07757195318376453,0.47619047619047616,-0.00114298960855016,-0.25203035057204826,-0.10532054269050861,-0.14670980788153964,0.4444444444444444,-0.00128396804064331,-0.09876886067297941,-0.003112176143645118,-0.09565668452933429,0.49603174603174605,-0.00032149143986944114,0.4336909734974046,0.5757569685437132,-0.14206599504630857,0.4748677248677249,-8.981004285652475e-05,-0.050132372316544216,-0.005357159206304751,-0.044775213110239465,0.1664726427153782,0.0991791245137299,0.0672935182016483,0.4166666666666667,-0.007981369546839099,-0.19987276575238777,-0.11672348899800278,-0.132919878300771,-0.1142414406636113,-0.036669487479846774,11,11,11,10,7,8,2,7,2,11,False,False,0
2022-05-31,XLP,consumer_staples,SPY,-0.04082938210698084,0.0022570745704741935,-0.04308645667745503,0.42857142857142855,-0.0021107606669848217,0.004671089500347225,-0.036669487479846774,0.041340576980194,0.5396825396825397,0.0006228425297152761,0.044089392223498836,-0.10532054269050861,0.14940993491400745,0.5555555555555556,0.0011874189449516796,0.08094624394564276,-0.003112176143645118,0.08405842008928788,0.49206349206349204,0.0002995188792707276,0.44899183132428977,0.5757569685437132,-0.1267651372194234,0.4973544973544973,-0.00014473495024536768,0.12695929564661235,-0.005357159206304751,0.1323164548529171,0.023532108606770574,0.0991791245137299,-0.07564701590695933,0.4166666666666667,0.007495966226277212,-0.052563523786099964,-0.11672348899800278,-0.132919878300771,0.004671089500347225,-0.036669487479846774,9,5,3,4,6,3,8,7,11,5,False,False,-2
2022-05-31,XLV,health_care,SPY,0.014889976725324106,0.0022570745704741935,0.012632902154849912,0.5238095238095238,0.00049377759034408,0.02632658496328122,-0.036669487479846774,0.06299607244312799,0.5079365079365079,0.0009525940679206996,0.006213326265576358,-0.10532054269050861,0.11153386895608497,0.5079365079365079,0.0008915221041666524,0.10342047696749712,-0.003112176143645118,0.10653265311114224,0.4801587301587302,0.00038307899489512757,0.5990715859011135,0.5757569685437132,0.02331461735740037,0.48677248677248675,-1.6542769097879786e-06,0.08723162340003432,-0.005357159206304751,0.09258878260633907,0.0982642940159979,0.0991791245137299,-0.0009148304977319999,0.5833333333333334,0.00741416816135725,-0.10559083007099435,-0.11672348899800278,-0.132919878300771,0.02632658496328122,-0.036669487479846774,5,4,4,3,4,5,4,3,7,4,False,False,0
2022-05-31,XLU,utilities,SPY,0.04308165948811715,0.0022570745704741935,0.04082458491764296,0.42857142857142855,0.0017742669190431595,0.11117719912229962,-0.036669487479846774,0.1478466866021464,0.49206349206349204,0.00218713878916336,0.11313400212711966,-0.10532054269050861,0.21845454481762827,0.5238095238095238,0.0016828319944330184,0.18245852267545692,-0.003112176143645118,0.18557069881910204,0.49206349206349204,0.0006587858552901918,0.4044818922517648,0.5757569685437132,-0.17127507629194838,0.4947089947089947,-0.00013457853775726786,0.13362027979260782,-0.005357159206304751,0.13897743899891257,0.055379860337245956,0.0991791245137299,-0.04379926417648394,0.6666666666666666,0.014360834152628945,-0.09150632478834164,-0.11672348899800278,-0.132919878300771,0.11117719912229962,-0.036669487479846774,2,2,2,2,8,2,7,1,10,2,False,False,0
2022-05-31,XLRE,real_estate,SPY,-0.05107283409957508,0.0022570745704741935,-0.053329908670049275,0.47619047619047616,-0.0026077495620690848,-0.011264817859845122,-0.036669487479846774,0.025404669620001652,0.5555555555555556,0.00040122719772169485,-0.07326077411037102,-0.10532054269050861,0.03205976858013759,0.5396825396825397,0.000278848380904501,0.03175769910799353,-0.003112176143645118,0.03486987525163865,0.5277777777777778,0.0001427549421078329,0.33415859794321356,0.5757569685437132,-0.2415983706004996,0.5092592592592593,-0.00018379692876195833,0.08728860989976184,-0.005357159206304751,0.09264576910606659,0.11332041450770736,0.0991791245137299,0.014141289993977457,0.5,0.004888388472582124,-0.1511291893868607,-0.11672348899800278,-0.132919878300771,-0.011264817859845122,-0.036669487479846774,10,6,6,5,10,4,3,5,5,6,False,False,0
2022-05-31,XLC,communication_services,SPY,0.018963916932044134,0.0022570745704741935,0.01670684236156994,0.5714285714285714,0.0008337215529296058,-0.10736828726978365,-0.036669487479846774,-0.07069879978993687,0.4444444444444444,-0.0011416432924155327,-0.22331576203141534,-0.10532054269050861,-0.11799521934090673,0.5079365079365079,-0.0010573397298425332,-0.23047456907903752,-0.003112176143645118,-0.2273623929353924,0.4603174603174603,-0.0009885270242963816,0.3107299275292681,0.5757569685437132,-0.2650270410144451,0.4880952380952381,-0.0002241113621644483,-0.24479619137261066,-0.005357159206304751,-0.2394390321663059,0.018912989251909762,0.0991791245137299,-0.08026613526182014,0.3333333333333333,-0.02082988929282244,-0.23477708824487398,-0.11672348899800278,-0.132919878300771,-0.10736828726978365,-0.036669487479846774,4,10,10,11,11,11,9,10,1,10,False,False,0
2022-06-30,XLK,technology,SPY,-0.09255734578633135,-0.08246046317759337,-0.010096882608737978,0.47619047619047616,-0.0004347190501356272,-0.2099531932281986,-0.17401451101978804,-0.035938682208410566,0.4444444444444444,-0.0005923781719331812,-0.2740173065746869,-0.20403663112616133,-0.0699806754485256,0.42857142857142855,-0.0006241127737573803,-0.132111432461391,-0.10616800141130245,-0.02594343105008856,0.4722222222222222,-4.8989360491179843e-05,0.6537434452099375,0.3395936899510994,0.31414975525883815,0.5383597883597884,0.00034746119446540556,-0.04358852484109277,-0.02583816531308525,-0.01775035952800752,0.15426822096367498,0.0888389430740315,0.06542927788964348,0.3333333333333333,-0.0022504825977099907,-0.19960383380522173,-0.1286551916662123,-0.20441970674817356,-0.2099531932281986,-0.17401451101978804,6,9,9,8,1,8,2,9,3,9,False,False,0
2022-06-30,XLF,financials,SPY,-0.10860853790088398,-0.08246046317759337,-0.026148074723290615,0.3333333333333333,-0.0013918641507033275,-0.1938383166885267,-0.17401451101978804,-0.019823805668738648,0.42857142857142855,-0.000408150672382094,-0.1900646139005654,-0.20403663112616133,0.013972017225595934,0.4603174603174603,0.00014033495072055641,-0.12696895818626452,-0.10616800141130245,-0.020800956774962076,0.4444444444444444,-7.37468973437339e-05,0.1986483832763033,0.3395936899510994,-0.1409453066747961,0.4801587301587302,-6.930283443062989e-05,-0.020597482773891618,-0.02583816531308525,0.005240682539193631,0.06455062830520752,0.0888389430740315,-0.024288314768823982,0.5,-0.0014976295031598381,-0.13906313954006355,-0.1286551916662123,-0.20441970674817356,-0.1938383166885267,-0.17401451101978804,9,8,7,7,8,7,5,5,6,8,False,False,-1
2022-06-30,XLI,industrials,SPY,-0.07366994003739868,-0.08246046317759337,0.008790523140194684,0.5714285714285714,0.00042483503636649356,-0.16126347389116302,-0.17401451101978804,0.01275103712862502,0.5238095238095238,0.00019971866178169158,-0.1676254606084837,-0.20403663112616133,0.036411170517677616,0.5476190476190477,0.0003206478049433062,-0.13444666727736165,-0.10616800141130245,-0.028278665866059205,0.49206349206349204,-0.0001375104529116265,0.18648866304233302,0.3395936899510994,-0.15310502690876637,0.4708994708994709,-0.00012933404353917806,-0.0656102288663899,-0.02583816531308525,-0.03977206355330465,0.012928524763236693,0.0888389430740315,-0.07591041831079481,0.4166666666666667,-0.0025782853621127977,-0.106959578288081,-0.1286551916662123,-0.20441970674817356,-0.16126347389116302,-0.17401451101978804,5,6,5,9,9,9,10,8,8,6,False,False,-1
2022-06-30,XLE,energy,SPY,-0.1707346130727464,-0.08246046317759337,-0.08827414989515303,0.47619047619047616,-0.004494931634263811,-0.06682220291856578,-0.17401451101978804,0.10719230810122227,0.6507936507936508,0.0021258868954602272,0.31065754994591765,-0.20403663112616133,0.514694181072079,0.6507936507936508,0.004099859531842275,0.38940630020649536,-0.10616800141130245,0.4955743016177978,0.5515873015873016,0.0018824554018362903,0.3413095350636275,0.3395936899510994,0.0017158451125280916,0.4748677248677249,0.00025033737605954386,0.6754664093177443,-0.02583816531308525,0.7013045746308295,0.05029019258273859,0.0888389430740315,-0.038548750491292916,0.5833333333333334,0.04268139319060904,-0.17675819638688817,-0.1286551916662123,-0.20441970674817356,-0.06682220291856578,-0.17401451101978804,11,3,1,1,3,1,8,2,4,3,False,False,-2
2022-06-30,XLB,materials,SPY,-0.13856311611585248,-0.08246046317759337,-0.05610265293825911,0.2857142857142857,-0.0029777160176748304,-0.1704789978388418,-0.17401451101978804,0.003535513180946248,0.47619047619047616,5.721804593937485e-05,-0.17830036164921825,-0.20403663112616133,0.025736269476943074,0.5317460317460317,0.00024970536544467053,-0.08768895010657174,-0.10616800141130245,0.01847905130473071,0.49603174603174605,8.754112277339381e-05,0.32698257313236767,0.3395936899510994,-0.012611116818731727,0.4933862433862434,2.0013858640612844e-05,0.059057334276068296,-0.02583816531308525,0.08489549958915354,0.05916025099341371,0.0888389430740315,-0.029678692080617797,0.5833333333333334,0.002117464938211272,-0.1196334000499426,-0.1286551916662123,-0.20441970674817356,-0.1704789978388418,-0.17401451101978804,10,7,6,6,5,5,6,2,7,7,False,False,-1
2022-06-30,XLY,consumer_discretionary,SPY,-0.10833499965715476,-0.08246046317759337,-0.025874536479561394,0.5238095238095238,-0.0012041797072875786,-0.2694416478285818,-0.17401451101978804,-0.09542713680879378,0.4603174603174603,-0.001755275477669549,-0.32897540138941717,-0.20403663112616133,-0.12493877026325584,0.4603174603174603,-0.0012001749295121066,-0.22473783618723198,-0.10616800141130245,-0.11856983477592953,0.49603174603174605,-0.0004729194525554488,0.17534562615715843,0.3395936899510994,-0.16424806379394097,0.4748677248677249,-0.00013376231528884435,-0.13054548119004372,-0.02583816531308525,-0.10470731587695847,0.16241951725570192,0.0888389430740315,0.07358057418167041,0.3333333333333333,-0.011320974286253338,-0.22696840735851365,-0.1286551916662123,-0.20441970674817356,-0.2694416478285818,-0.17401451101978804,8,11,11,10,10,10,1,9,2,11,False,False,0
2022-06-30,XLP,consumer_staples,SPY,-0.023472569353506167,-0.08246046317759337,0.0589878938240872,0.5714285714285714,0.0028691668128226185,-0.04401175856521866,-0.17401451101978804,0.13000275245456938,0.5714285714285714,0.0022584901323325153,-0.04917506028736862,-0.20403663112616133,0.1548615708387927,0.5634920634920635,0.0013581355963925166,0.05775437418279483,-0.10616800141130245,0.16392237559409728,0.5158730158730159,0.0006374959236611733,0.33673195947923396,0.3395936899510994,-0.0028617304718654424,0.5013227513227513,-3.923042512026325e-05,0.08317937723728464,-0.02583816531308525,0.10901754255036988,0.03743930865013345,0.0888389430740315,-0.051399634423898055,0.5,0.015125085793850598,-0.0796187965481423,-0.1286551916662123,-0.20441970674817356,-0.04401175856521866,-0.17401451101978804,1,1,3,3,4,3,9,5,11,1,False,False,2
2022-06-30,XLV,health_care,SPY,-0.026080440729161047,-0.08246046317759337,0.05638002244843232,0.6666666666666666,0.0027792304023726696,-0.06909516571946728,-0.17401451101978804,0.10491934530032077,0.5873015873015873,0.0018367686357059138,-0.08510529476016937,-0.20403663112616133,0.11893133636599196,0.5238095238095238,0.0010589732251412576,0.03323945214779522,-0.10616800141130245,0.13940745355909767,0.49603174603174605,0.000549757551075882,0.4538081547569788,0.3395936899510994,0.11421446480587938,0.4947089947089947,8.55617757295237e-05,0.06090841108209011,-0.02583816531308525,0.08674657639517536,0.05435734489773347,0.0888389430740315,-0.034481598176298034,0.5833333333333334,0.012488937915416434,-0.10559083007099435,-0.1286551916662123,-0.20441970674817356,-0.06909516571946728,-0.17401451101978804,2,4,4,4,2,4,7,2,9,4,False,False,0
2022-06-30,XLU,utilities,SPY,-0.048954467839166904,-0.08246046317759337,0.033505995338426464,0.5238095238095238,0.0016753914545723952,-0.051633723109994256,-0.17401451101978804,0.12238078790979379,0.5079365079365079,0.0021195395066394367,0.0013165356619195823,-0.20403663112616133,0.2053531667880809,0.5238095238095238,0.001767194479522956,0.14290714740246013,-0.10616800141130245,0.24907514881376258,0.49603174603174605,0.0009514438202490929,0.2977449287828975,0.3395936899510994,-0.04184876116820191,0.49867724867724866,-2.5609110275432596e-05,0.20173757065627118,-0.02583816531308525,0.22757573596935643,0.07959829486821568,0.0888389430740315,-0.009240648205815827,0.75,0.021031761108753055,-0.09150632478834164,-0.1286551916662123,-0.20441970674817356,-0.051633723109994256,-0.17401451101978804,3,2,2,2,6,2,4,1,10,2,False,False,0
2022-06-30,XLRE,real_estate,SPY,-0.06854737087443163,-0.08246046317759337,0.013913092303161734,0.5714285714285714,0.0007219621386078044,-0.15700276180211714,-0.17401451101978804,0.017011749217670902,0.5555555555555556,0.0003230838959064346,-0.19516646214289346,-0.20403663112616133,0.008870168983267868,0.5476190476190477,8.649061905243885e-05,-0.05225351214081342,-0.10616800141130245,0.05391448927048903,0.5357142857142857,0.0002375133710746023,0.2251988233268447,0.3395936899510994,-0.11439486662425469,0.5145502645502645,-8.188079668552215e-05,0.017492954793540738,-0.02583816531308525,0.04333112010662599,0.09792801078080182,0.0888389430740315,0.009089067706770315,0.5,0.005423517143184601,-0.1511291893868607,-0.1286551916662123,-0.20441970674817356,-0.15700276180211714,-0.17401451101978804,4,5,8,5,7,6,3,5,5,5,False,False,3
2022-06-30,XLC,communication_services,SPY,-0.09602267608758064,-0.08246046317759337,-0.01356221290998727,0.5238095238095238,-0.000643302452659824,-0.22405710105933996,-0.17401451101978804,-0.050042590039551915,0.5079365079365079,-0.000911812178126409,-0.30469624766899406,-0.20403663112616133,-0.10065961654283273,0.5,-0.0009980332574869141,-0.3238812687362549,-0.10616800141130245,-0.21771326732495244,0.4603174603174603,-0.0010643619671281946,0.12176584262174761,0.3395936899510994,-0.2178278473293518,0.49074074074074076,-0.00021446202877820167,-0.2520622880920297,-0.02583816531308525,-0.22622412277894444,-0.037011857142615456,0.0888389430740315,-0.12585080021664696,0.25,-0.022639422748644982,-0.25787397961544034,-0.1286551916662123,-0.20441970674817356,-0.22405710105933996,-0.17401451101978804,7,10,10,11,11,11,11,11,1,10,False,False,0
2022-07-29,XLK,technology,SPY,0.1193728284351252,0.0832148669492323,0.0361579614858929,0.5714285714285714,0.0016257128301748853,-0.020161611860030737,-0.03281921515522612,0.012657603295195385,0.5079365079365079,0.00030648727168799034,-0.043057738985880833,-0.037531196578651116,-0.005526542407229718,0.46825396825396826,6.090184218214093e-05,-0.052825635209044264,-0.05174704804103547,-0.0010785871680087933,0.4801587301587302,6.759268070335383e-05,0.813746375504689,0.4383373135993267,0.3754090619053623,0.5370370370370371,0.00037697517767780323,-0.15383477182030736,-0.12459385400643064,-0.02924091781387672,0.14900385694093865,0.08947817798190272,0.05952567895903593,0.3333333333333333,-0.00018907046134714056,-0.2070288635753883,-0.1286551916662123,-0.13115677634121903,-0.020161611860030737,-0.03281921515522612,2,5,7,7,1,9,1,10,3,5,False,False,2
2022-07-29,XLF,financials,SPY,0.06240142402837323,0.0832148669492323,-0.02081344292085907,0.38095238095238093,-0.000907904799845546,-0.05177129231785649,-0.03281921515522612,-0.018952077162630365,0.42857142857142855,-0.0003256293074046125,-0.10983003863151986,-0.037531196578651116,-0.07229884205286874,0.4365079365079365,-0.0006190754829098926,-0.06728340069262773,-0.05174704804103547,-0.015536352651592256,0.44047619047619047,-5.03452019875917e-05,0.26396590999648306,0.4383373135993267,-0.17437140360284364,0.47619047619047616,-9.303778854248464e-05,-0.12206763073534577,-0.12459385400643064,0.002526223271084871,0.07575967050558874,0.08947817798190272,-0.01371850747631398,0.5,-0.0006783126839171779,-0.14466257654005488,-0.1286551916662123,-0.13115677634121903,-0.05177129231785649,-0.03281921515522612,7,7,10,9,10,7,8,4,6,7,False,False,3
2022-07-29,XLI,industrials,SPY,0.09842667422338591,0.0832148669492323,0.01521180727415361,0.5714285714285714,0.0006716073418779889,-0.01708899906598904,-0.03281921515522612,0.01573021608923708,0.5396825396825397,0.00022800955934444017,-0.026568093414834792,-0.037531196578651116,0.010963103163816323,0.5476190476190477,5.7970404652752e-05,-0.06280851947932764,-0.05174704804103547,-0.01106147143829217,0.5079365079365079,-5.827568853112458e-05,0.27926600300953197,0.4383373135993267,-0.15907131058979473,0.4748677248677249,-0.00012412494948055284,-0.14678739827281673,-0.12459385400643064,-0.02219354426638609,0.026365340597857445,0.08947817798190272,-0.06311283738404527,0.5,-0.0011303851277291443,-0.106959578288081,-0.1286551916662123,-0.13115677634121903,-0.01708899906598904,-0.03281921515522612,3,4,6,8,9,8,10,4,8,4,False,False,2
2022-07-29,XLE,energy,SPY,0.07351086194814305,0.0832148669492323,-0.009704005001089255,0.5714285714285714,-0.00025167143804805114,0.028126614797864935,-0.03281921515522612,0.06094582995309106,0.6190476190476191,0.0011907204835290418,0.21465555305936412,-0.037531196578651116,0.25218674963801524,0.6190476190476191,0.0019972396902378773,0.6353815793685289,-0.05174704804103547,0.6871286274095644,0.5714285714285714,0.002295347620770795,0.491264827079571,0.4383373135993267,0.05292751348024427,0.4828042328042328,0.0003006084474108533,0.5233954656040802,-0.12459385400643064,0.6479893196105109,0.14516411718519806,0.08947817798190272,0.05568593920329534,0.6666666666666666,0.051778987593970933,-0.17675819638688817,-0.1286551916662123,-0.13115677634121903,0.028126614797864935,-0.03281921515522612,5,1,1,1,3,1,2,1,4,1,False,False,0
2022-07-29,XLB,materials,SPY,0.049006644789469256,0.0832148669492323,-0.034208222159763046,0.47619047619047616,-0.0015256980861521633,-0.09334110669760609,-0.03281921515522612,-0.06052189154237997,0.42857142857142855,-0.0010311332369560876,-0.045600286373421506,-0.037531196578651116,-0.00806908979477039,0.5238095238095238,-7.081361884661001e-05,-0.04739254869440346,-0.05174704804103547,0.0043544993466320125,0.503968253968254,2.2199600807773987e-05,0.40152487462330444,0.4383373135993267,-0.036812438976022266,0.49603174603174605,-2.171182687183829e-06,-0.09189569385732488,-0.12459385400643064,0.03269816014910576,0.08763222831253414,0.08947817798190272,-0.001845949669368574,0.5833333333333334,8.308254844825262e-05,-0.1196334000499426,-0.1286551916662123,-0.13115677634121903,-0.09334110669760609,-0.03281921515522612,8,11,8,6,4,6,5,3,7,11,False,False,-3
2022-07-29,XLY,consumer_discretionary,SPY,0.16698899245156484,0.0832148669492323,0.08377412550233254,0.7142857142857143,0.003682159276113938,-0.04891303795175994,-0.03281921515522612,-0.01609382279653382,0.5555555555555556,-6.202020887841141e-05,-0.06220735365255725,-0.037531196578651116,-0.024676157073906135,0.5396825396825397,-4.35768747271551e-05,-0.11004817592525473,-0.05174704804103547,-0.05830112788421926,0.5119047619047619,-0.00015002555193453318,0.37075142101993674,0.4383373135993267,-0.06758589257938996,0.48544973544973546,-2.086756215712974e-05,-0.23739484276953704,-0.12459385400643064,-0.1128009887631064,0.11754903271869677,0.08947817798190272,0.02807085473679405,0.4166666666666667,-0.0031483149512700668,-0.22696840735851365,-0.1286551916662123,-0.13115677634121903,-0.04891303795175994,-0.03281921515522612,1,6,9,10,5,10,4,8,2,6,False,False,3
2022-07-29,XLP,consumer_staples,SPY,0.032718610776076185,0.0832148669492323,-0.05049625617315612,0.47619047619047616,-0.002326451454201522,-0.059649974218859536,-0.03281921515522612,-0.026830759063633414,0.49206349206349204,-0.0005076299452556557,0.007884484553267956,-0.037531196578651116,0.04541568113191907,0.5396825396825397,0.0003090895287492521,0.06989279090018052,-0.05174704804103547,0.121639838941216,0.5119047619047619,0.0004450256057660455,0.3285700370406335,0.4383373135993267,-0.10976727655869323,0.4947089947089947,-0.0001430339629355428,0.035996427038502254,-0.12459385400643064,0.1605902810449329,0.08536482145289281,0.08947817798190272,-0.004113356529009904,0.5,0.010735742136093693,-0.0796187965481423,-0.1286551916662123,-0.13115677634121903,-0.059649974218859536,-0.03281921515522612,9,8,4,3,7,3,6,4,11,8,False,False,-4
2022-07-29,XLV,health_care,SPY,0.030109602222353038,0.0832148669492323,-0.053105264726879264,0.47619047619047616,-0.002414627963445461,-0.005765907191645159,-0.03281921515522612,0.027053307963580964,0.5555555555555556,0.0003712661658067543,0.043041326610808284,-0.037531196578651116,0.0805725231894594,0.5238095238095238,0.0005904543342457444,0.017632469972416187,-0.05174704804103547,0.06937951801345166,0.48412698412698413,0.0002536378173708488,0.5180897517884062,0.4383373135993267,0.07975243818907951,0.49867724867724866,4.80317966080928e-05,-0.012112431748057428,-0.12459385400643064,0.11248142225837321,0.07124281248954256,0.08947817798190272,-0.018235365492360156,0.5,0.005918869750572764,-0.10559083007099435,-0.1286551916662123,-0.13115677634121903,-0.005765907191645159,-0.03281921515522612,10,3,3,4,2,4,9,4,9,3,False,False,0
2022-07-29,XLU,utilities,SPY,0.0661765280288269,0.0832148669492323,-0.017038338920405405,0.5238095238095238,-0.0007304425088020169,0.014726059907302247,-0.03281921515522612,0.04754527506252837,0.49206349206349204,0.0007124563982996893,0.11749581121416197,-0.037531196578651116,0.1550270077928131,0.5158730158730159,0.0011375278848868805,0.14538312997854663,-0.05174704804103547,0.1971301780195821,0.5,0.0007265338686736076,0.3604278195973778,0.4383373135993267,-0.07790949400194891,0.5,-5.689516783081883e-05,0.07429032610215014,-0.12459385400643064,0.19888418010858078,0.07898852058234551,0.08947817798190272,-0.010489657399557206,0.6666666666666666,0.016622085754257276,-0.09150632478834164,-0.1286551916662123,-0.13115677634121903,0.014726059907302247,-0.03281921515522612,6,2,2,2,6,2,7,1,10,2,False,False,0
2022-07-29,XLRE,real_estate,SPY,0.08596630811810635,0.0832148669492323,0.002751441168874047,0.42857142857142855,0.00012026504497010735,-0.0870743319466486,-0.03281921515522612,-0.054255116791422475,0.47619047619047616,-0.0009076580579020798,-0.006566651808135315,-0.037531196578651116,0.0309645447705158,0.5476190476190477,0.00024810446473239224,-0.013803926120053656,-0.05174704804103547,0.037943121920981815,0.5277777777777778,0.00016000956834357697,0.29910493476256117,0.4383373135993267,-0.13923237883676554,0.5092592592592593,-9.908539749755214e-05,-0.09187231085562308,-0.12459385400643064,0.03272154315080755,0.12237077968158849,0.08947817798190272,0.032892601699685775,0.4166666666666667,0.0031196445083543265,-0.1511291893868607,-0.1286551916662123,-0.13115677634121903,-0.0870743319466486,-0.03281921515522612,4,10,5,5,8,5,3,8,5,10,False,False,-5
2022-07-29,XLC,communication_services,SPY,0.026215175255638767,0.0832148669492323,-0.056999691693593535,0.42857142857142855,-0.002463328425896958,-0.07563477374523409,-0.03281921515522612,-0.04281555859000796,0.5238095238095238,-0.0006467765232895587,-0.1941666806562089,-0.037531196578651116,-0.15663548407755779,0.47619047619047616,-0.0013225488579885834,-0.31224333928498504,-0.05174704804103547,-0.2604962912439496,0.4603174603174603,-0.001223739952972252,0.1294370175475943,0.4383373135993267,-0.3089002960517324,0.4894179894179894,-0.0002973615960976299,-0.3298124240428534,-0.12459385400643064,-0.20521857003642274,-0.04296953468441256,0.08947817798190272,-0.13244771266631528,0.25,-0.02616436092319845,-0.312589517480761,-0.1286551916662123,-0.13115677634121903,-0.07563477374523409,-0.03281921515522612,11,9,11,11,11,11,11,11,1,9,False,False,2
2022-08-31,XLK,technology,SPY,-0.053397550478953004,-0.031564056453551315,-0.02183349402540169,0.38095238095238093,-0.0010253591445864732,-0.0315539087997051,-0.03101371235007344,-0.000540196449631658,0.47619047619047616,6.233170838051574e-05,-0.11926587083281859,-0.0908217702088947,-0.028444100623923885,0.4603174603174603,-0.0001562880063569573,-0.14164357651937698,-0.11241322169071744,-0.029230354828659544,0.47619047619047616,-5.684097542392662e-05,0.7541077629379411,0.41866460834163877,0.33544315459630236,0.5317460317460317,0.00035074098091745695,-0.09322395698962516,-0.08348426736526682,-0.009739689624358339,0.02330264453739961,0.003049754226285728,0.02025289031111388,0.25,-0.002513849520380418,-0.2583548135078323,-0.18220281158406448,-0.1666072137033533,-0.0315539087997051,-0.03101371235007344,11,5,8,9,1,8,5,10,3,5,False,False,3
2022-08-31,XLF,financials,SPY,-0.00030259165005763755,-0.031564056453551315,0.03126146480349368,0.5714285714285714,0.001517818420442312,-0.047960376731123966,-0.03101371235007344,-0.016946664381050525,0.42857142857142855,-0.0002786515177917241,-0.12358979414771776,-0.0908217702088947,-0.032768023938823054,0.4365079365079365,-0.0002930970869852511,-0.12340923350427258,-0.11241322169071744,-0.01099601181355514,0.44047619047619047,-3.643716896161526e-05,0.30688838757195036,0.41866460834163877,-0.1117762207696884,0.4775132275132275,-3.148670113815638e-05,-0.12314390417137278,-0.08348426736526682,-0.03965963680610596,0.026485640415642386,0.003049754226285728,0.02343588618935666,0.5,-0.0005920864113943547,-0.20210519734264953,-0.18220281158406448,-0.1666072137033533,-0.047960376731123966,-0.03101371235007344,3,8,9,8,7,10,3,6,4,8,False,False,1
2022-08-31,XLI,industrials,SPY,-0.01900142108807512,-0.031564056453551315,0.012562635365476194,0.6666666666666666,0.0006129680350463383,-0.008308537275809602,-0.03101371235007344,0.02270517507426384,0.5873015873015873,0.00036131509780891317,-0.06817381459810978,-0.0908217702088947,0.02264795561078492,0.5634920634920635,0.000167532603009275,-0.09764218757351295,-0.11241322169071744,0.014771034117204485,0.5277777777777778,5.2593828362334445e-05,0.2912548701942361,0.41866460834163877,-0.12740973814740264,0.4828042328042328,-9.38208808897793e-05,-0.08016399633591953,-0.08348426736526682,0.003320271029347288,-0.02931169660756794,0.003049754226285728,-0.03236145083385367,0.5833333333333334,0.0014605903434215066,-0.15891125100828518,-0.18220281158406448,-0.1666072137033533,-0.008308537275809602,-0.03101371235007344,5,4,5,6,9,6,10,4,7,4,False,False,1
2022-08-31,XLE,energy,SPY,0.05063968442709421,-0.031564056453551315,0.08220374088064553,0.5714285714285714,0.00400384364732354,-0.08144044682756946,-0.03101371235007344,-0.050426734477496016,0.5396825396825397,-0.0006421763487156336,0.1270075522044385,-0.0908217702088947,0.2178293224133332,0.6111111111111112,0.0018725656544811542,0.7408444167369261,-0.11241322169071744,0.8532576384276436,0.5873015873015873,0.00280484578116352,0.6751653679387448,0.41866460834163877,0.25650075959710605,0.4894179894179894,0.0004748317265453413,0.6569376186148872,-0.08348426736526682,0.740421885980154,0.3963799842029103,0.003049754226285728,0.3933302299766246,0.75,0.0616585614382302,-0.17675819638688817,-0.18220281158406448,-0.1666072137033533,-0.08144044682756946,-0.03101371235007344,1,9,1,1,2,1,1,1,6,9,False,False,-8
2022-08-31,XLB,materials,SPY,-0.016946766414672743,-0.031564056453551315,0.014617290038878572,0.5714285714285714,0.0007323661444780038,-0.10846579965833636,-0.03101371235007344,-0.07745208730826292,0.4444444444444444,-0.0013062202130066087,-0.08446956758516022,-0.0908217702088947,0.006352202623734482,0.5158730158730159,5.286104240239041e-05,-0.10128453560371053,-0.11241322169071744,0.0111286860870069,0.5198412698412699,5.3023115145787453e-05,0.41381874074049874,0.41866460834163877,-0.00484586760114003,0.5013227513227513,2.844789958798546e-05,-0.08579166041847663,-0.08348426736526682,-0.0023073930532098164,-0.004216477962267318,0.003049754226285728,-0.007266232188553046,0.6666666666666666,0.0014801962625094385,-0.1196334000499426,-0.18220281158406448,-0.1666072137033533,-0.10846579965833636,-0.03101371235007344,4,11,7,7,4,7,8,2,9,11,False,False,-4
2022-08-31,XLY,consumer_discretionary,SPY,-0.04313331375937368,-0.031564056453551315,-0.011569257305822367,0.47619047619047616,-0.000510425303021996,0.019221906390646692,-0.03101371235007344,0.050235618740720134,0.5873015873015873,0.0009191246475566921,-0.1249981633173739,-0.0908217702088947,-0.0341763931084792,0.5238095238095238,-0.0001511064235391769,-0.14741770252194053,-0.11241322169071744,-0.035004480831223095,0.5079365079365079,-5.5321637444312214e-05,0.3369370247041261,0.41866460834163877,-0.08172758363751265,0.48677248677248675,-3.43708713753755e-05,-0.10898528526714968,-0.08348426736526682,-0.02550101790188286,0.010095640904430603,0.003049754226285728,0.007045886678144875,0.4166666666666667,-0.0025449912555288354,-0.3461430058455053,-0.18220281158406448,-0.1666072137033533,0.019221906390646692,-0.03101371235007344,9,1,10,10,5,9,6,8,1,1,False,False,9
2022-08-31,XLP,consumer_staples,SPY,-0.022854975722956694,-0.031564056453551315,0.00870908073059462,0.5714285714285714,0.00038138069495425545,0.0021634064243540863,-0.03101371235007344,0.03317711877442753,0.5396825396825397,0.0004700587079870894,-0.016702906780526106,-0.0908217702088947,0.0741188634283686,0.5396825396825397,0.0005690641967344665,0.03742958999836876,-0.11241322169071744,0.1498428116890862,0.5198412698412699,0.0005814417855142396,0.3026684201918137,0.41866460834163877,-0.11599618814982504,0.4947089947089947,-0.0001510101661033027,0.06169459417339618,-0.08348426736526682,0.145178861538663,0.06514716289155653,0.003049754226285728,0.062097408665270803,0.5833333333333334,0.014230615309124534,-0.12436376869523957,-0.18220281158406448,-0.1666072137033533,0.0021634064243540863,-0.03101371235007344,6,3,3,3,8,3,2,4,8,3,False,False,0
2022-08-31,XLV,health_care,SPY,-0.047270030598986046,-0.031564056453551315,-0.01570597414543473,0.47619047619047616,-0.0008104271458374028,-0.03869656439161373,-0.03101371235007344,-0.007682852041540289,0.5396825396825397,-0.00016459944001955855,-0.04201938056665944,-0.0908217702088947,0.04880238964223527,0.5238095238095238,0.0003704087641319361,-0.06364138410724851,-0.11241322169071744,0.048771837583468924,0.47619047619047616,0.00018221032616174676,0.4533839223633749,0.41866460834163877,0.034719314021736114,0.49867724867724866,8.63412932948908e-06,-0.017183623937593984,-0.08348426736526682,0.06630064342767283,-0.022272620257573816,0.003049754226285728,-0.025322374483859544,0.5,0.00498492199446493,-0.11762245186952569,-0.18220281158406448,-0.1666072137033533,-0.03869656439161373,-0.03101371235007344,10,7,4,4,3,4,9,6,10,7,False,False,-3
2022-08-31,XLU,utilities,SPY,0.006226376503745357,-0.031564056453551315,0.03779043295729667,0.5714285714285714,0.0017762713674194454,0.009768517171947488,-0.03101371235007344,0.04078222952202093,0.5396825396825397,0.0006358682742992717,0.10674320955881833,-0.0908217702088947,0.19756497976771303,0.5238095238095238,0.0015122431026012005,0.11765748207632742,-0.11241322169071744,0.23007070376704486,0.503968253968254,0.0008871974363655429,0.30750495897041863,0.41866460834163877,-0.11115964937122014,0.49867724867724866,-9.028352618617349e-05,0.11074158675879953,-0.08348426736526682,0.19422585412406634,0.026011213940284383,0.003049754226285728,0.022961459713998655,0.6666666666666666,0.01988080109779089,-0.09150632478834164,-0.18220281158406448,-0.1666072137033533,0.009768517171947488,-0.03101371235007344,2,2,2,2,6,2,4,2,11,2,False,False,0
2022-08-31,XLRE,real_estate,SPY,-0.03482480154931922,-0.031564056453551315,-0.003260745095767903,0.6190476190476191,-0.0001738890701455096,-0.03550992321071467,-0.03101371235007344,-0.0044962108606412254,0.5238095238095238,-7.492998948688972e-05,-0.07320985429695681,-0.0908217702088947,0.017611915911937892,0.5396825396825397,0.0001460396000631957,-0.09749280058608101,-0.11241322169071744,0.014920421104636428,0.5277777777777778,6.933908112196832e-05,0.17455317501673506,0.41866460834163877,-0.2441114333249037,0.5079365079365079,-0.00021265336896155446,-0.06492914357658353,-0.08348426736526682,0.018555123788683292,0.006982027237850241,0.003049754226285728,0.003932273011564513,0.4166666666666667,0.001925643146203887,-0.1899433601074959,-0.18220281158406448,-0.1666072137033533,-0.03550992321071467,-0.03101371235007344,8,6,6,5,10,5,7,8,5,6,False,False,0
2022-08-31,XLC,communication_services,SPY,-0.03238428996373377,-0.031564056453551315,-0.0008202335101824554,0.5714285714285714,3.3390136325015634e-06,-0.08368432235858703,-0.03101371235007344,-0.052670610008513585,0.5396825396825397,-0.00081525286731684,-0.19832497765341417,-0.0908217702088947,-0.10750320744451947,0.49206349206349204,-0.0009273521747939698,-0.35930517172866383,-0.11241322169071744,-0.2468919500379464,0.4722222222222222,-0.001239612597106517,0.12608175498648633,0.41866460834163877,-0.29258285335515244,0.4933862433862434,-0.00028238088542275827,-0.3378623128728213,-0.08348426736526682,-0.2543780455075545,-0.13304267799470781,0.003049754226285728,-0.13609243222099354,0.25,-0.026440629985920217,-0.33574493996206434,-0.18220281158406448,-0.1666072137033533,-0.08368432235858703,-0.03101371235007344,7,10,11,11,11,11,11,10,2,10,False,False,1
2022-09-30,XLK,technology,SPY,-0.11967125113700605,-0.09244599551502775,-0.027225255621978306,0.42857142857142855,-0.0014154139254165161,-0.06543231310985054,-0.05926142958621117,-0.00617088352363937,0.47619047619047616,-5.1974357420519594e-05,-0.24883463961417407,-0.202469993483397,-0.046364646130777065,0.4523809523809524,-0.00039258511070687307,-0.1974984458000124,-0.15508976390405316,-0.042408681895959255,0.4722222222222222,-0.00012699324900467386,0.5345718221920062,0.27814402264302673,0.25642779954897943,0.5277777777777778,0.00031202077631482756,-0.08840696701490858,-0.06902483827899042,-0.019382128735918158,0.03503770638148196,0.023974322322821484,0.011063384058660475,0.25,-0.003982826586055995,-0.2996424180523104,-0.23009971150168795,-0.2436510394875896,-0.06543231310985054,-0.05926142958621117,10,6,10,9,1,8,6,10,3,6,False,False,4
2022-09-30,XLF,financials,SPY,-0.07655938764842796,-0.09244599551502775,0.01588660786659979,0.5238095238095238,0.0008176898196696282,-0.042669115797821844,-0.05926142958621117,0.016592313788389323,0.47619047619047616,0.00028203715656845087,-0.19931100007151326,-0.202469993483397,0.003158993411883748,0.4603174603174603,2.1479768894120064e-05,-0.17532570093375144,-0.15508976390405316,-0.02023593702969828,0.44047619047619047,-8.660426304657244e-05,0.17924762886428103,0.27814402264302673,-0.0988963937787457,0.4801587301587302,-3.0357486988777748e-05,-0.10695469959222592,-0.06902483827899042,-0.0379298613132355,0.018980945731131404,0.023974322322821484,-0.00499337659169008,0.5,-0.0015964858631212036,-0.2525188077839585,-0.23009971150168795,-0.2436510394875896,-0.042669115797821844,-0.05926142958621117,2,3,6,8,6,9,9,7,4,3,False,False,3
2022-09-30,XLI,industrials,SPY,-0.10430929142410839,-0.09244599551502775,-0.01186329590908064,0.42857142857142855,-0.0006331364756201541,-0.055203970983714656,-0.05926142958621117,0.004057458602496511,0.5555555555555556,6.959281286102203e-05,-0.18817263087283975,-0.202469993483397,0.014297362610557252,0.5396825396825397,0.00011979167546104385,-0.1394466056995216,-0.15508976390405316,0.01564315820453155,0.5238095238095238,5.822418237604198e-05,0.15031597642602845,0.27814402264302673,-0.12782804621699828,0.47883597883597884,-0.00010951164079559482,-0.039229294151415295,-0.06902483827899042,0.029795544127575124,0.031062145387351414,0.023974322322821484,0.00708782306452993,0.5833333333333334,0.001611816125066029,-0.19808819950500278,-0.23009971150168795,-0.2436510394875896,-0.055203970983714656,-0.05926142958621117,7,4,5,6,8,7,8,4,7,4,False,False,1
2022-09-30,XLE,energy,SPY,-0.09558745678741476,-0.09244599551502775,-0.003141461272387014,0.5714285714285714,1.6880401438958336e-05,0.0031029352365201657,-0.05926142958621117,0.06236436482273133,0.5714285714285714,0.0011790127199423858,-0.03686980701924436,-0.202469993483397,0.16560018646415264,0.6111111111111112,0.0016726466605414777,0.4453499639898244,-0.15508976390405316,0.6004397278938776,0.5873015873015873,0.0022637520276916167,0.49222358112422615,0.27814402264302673,0.21407955848119942,0.49206349206349204,0.0004631289148344183,0.598109153656541,-0.06902483827899042,0.6671339919355315,0.41801104218922314,0.023974322322821484,0.39403671986640165,0.6666666666666666,0.049489717540480475,-0.2257002385814998,-0.23009971150168795,-0.2436510394875896,0.0031029352365201657,-0.05926142958621117,6,2,1,1,2,1,1,1,6,2,False,False,-1
2022-09-30,XLB,materials,SPY,-0.09302939996977433,-0.09244599551502775,-0.0005834044547465833,0.47619047619047616,-5.911086306923227e-06,-0.07724409066401783,-0.05926142958621117,-0.01798266107780666,0.5079365079365079,-0.0002901678487852765,-0.21874018788849325,-0.202469993483397,-0.01627019440509625,0.48412698412698413,-0.00016078374808102953,-0.12175817668357103,-0.15508976390405316,0.03333158722048213,0.5277777777777778,0.00015765622048669972,0.27273438678715634,0.27814402264302673,-0.005409635855870398,0.5,2.738841377410143e-05,-0.03167553249558397,-0.06902483827899042,0.03734930578340645,0.05766497018599859,0.023974322322821484,0.0336906478631771,0.6666666666666666,0.003636338249472293,-0.1822307639663019,-0.23009971150168795,-0.2436510394875896,-0.07724409066401783,-0.05926142958621117,5,7,7,5,4,5,4,1,8,7,False,False,0
2022-09-30,XLY,consumer_discretionary,SPY,-0.08206378704270989,-0.09244599551502775,0.010382208472317855,0.6190476190476191,0.0006408157660732481,0.019557538319560752,-0.05926142958621117,0.07881896790577192,0.6031746031746031,0.0013729239020360713,-0.2266033713648783,-0.202469993483397,-0.024133377881481288,0.5396825396825397,-9.889984189410971e-05,-0.2002633077665772,-0.15508976390405316,-0.045173543862524035,0.5119047619047619,-0.00010593574837194786,0.222040772195792,0.27814402264302673,-0.05610325044723474,0.4894179894179894,-1.2866647779745895e-05,-0.1287665951679443,-0.06902483827899042,-0.05974175688895389,-0.0043067702176003975,0.023974322322821484,-0.02828109254042188,0.4166666666666667,-0.003794123029600305,-0.361277303603297,-0.23009971150168795,-0.2436510394875896,0.019557538319560752,-0.05926142958621117,4,1,8,10,5,10,10,8,2,1,False,False,7
2022-09-30,XLP,consumer_staples,SPY,-0.08132833470441414,-0.09244599551502775,0.011117660810613605,0.47619047619047616,0.0005386692137072657,-0.08270844147665635,-0.05926142958621117,-0.02344701189044518,0.49206349206349204,-0.0004459630004954827,-0.10833559320880004,-0.202469993483397,0.09413440027459696,0.5317460317460317,0.0008332955074436217,-0.005790998996351715,-0.15508976390405316,0.14929876490770144,0.5238095238095238,0.0006053412951533836,0.17919922571060942,0.27814402264302673,-0.09894479693241731,0.49206349206349204,-0.00014575268928150535,0.08222451890225435,-0.06902483827899042,0.15124935718124477,0.10060786954924894,0.023974322322821484,0.07663354722642746,0.5833333333333334,0.014795739649024114,-0.14571171764283408,-0.23009971150168795,-0.2436510394875896,-0.08270844147665635,-0.05926142958621117,3,9,3,3,7,3,2,4,11,9,False,False,-6
2022-09-30,XLV,health_care,SPY,-0.025386736301416635,-0.09244599551502775,0.06705925921361111,0.6190476190476191,0.003361807039008796,-0.062363259226050016,-0.05926142958621117,-0.003101829639838849,0.5079365079365079,-8.04492055269562e-05,-0.108649838137999,-0.202469993483397,0.093820155345398,0.5476190476190477,0.0008386319833227078,-0.03411100760034824,-0.15508976390405316,0.12097875630370492,0.49206349206349204,0.0004983317670199718,0.43196546587081164,0.27814402264302673,0.1538214432277849,0.5026455026455027,0.00012603465865097623,-0.008951521207318347,-0.06902483827899042,0.06007331707167207,0.03451829680949192,0.023974322322821484,0.010543974486670438,0.5833333333333334,0.011892254291584201,-0.16061060419996098,-0.23009971150168795,-0.2436510394875896,-0.062363259226050016,-0.05926142958621117,1,5,4,4,3,4,7,4,9,5,False,False,-1
2022-09-30,XLU,utilities,SPY,-0.11280995802697869,-0.09244599551502775,-0.02036396251195094,0.47619047619047616,-0.0010437688117774261,-0.08206375820300937,-0.05926142958621117,-0.022802328616798206,0.5238095238095238,-0.0003891710816402434,-0.10715155865347947,-0.202469993483397,0.09531843482991753,0.5158730158730159,0.0008622526855076249,0.05591385671257054,-0.15508976390405316,0.2110036206166237,0.5119047619047619,0.0008592363904072369,0.11528181536977522,0.27814402264302673,-0.1628622072732515,0.4947089947089947,-0.00016175869016734414,0.19017775984537022,-0.06902483827899042,0.25920259812436064,0.07538745172858263,0.023974322322821484,0.05141312940576115,0.6666666666666666,0.019263222965731287,-0.1570945988143212,-0.23009971150168795,-0.2436510394875896,-0.08206375820300937,-0.05926142958621117,8,8,2,2,9,2,3,1,10,8,False,False,-6
2022-09-30,XLRE,real_estate,SPY,-0.13171316771878328,-0.09244599551502775,-0.03926717220375553,0.38095238095238093,-0.0020734023296769782,-0.12628528386853177,-0.05926142958621117,-0.0670238542823206,0.4444444444444444,-0.0011663300576239288,-0.24192386116580322,-0.202469993483397,-0.03945386768240622,0.5,-0.0003982136253965714,-0.16410402087009224,-0.15508976390405316,-0.00901425696603908,0.5119047619047619,-3.8046230154597455e-05,0.018521990292781343,0.27814402264302673,-0.2596220323502454,0.503968253968254,-0.00026274319806445553,-0.03730432380992088,-0.06902483827899042,0.03172051446906954,0.03874181296975143,0.023974322322821484,0.014767490646929948,0.4166666666666667,-0.0002888208140403026,-0.24584953175646662,-0.23009971150168795,-0.2436510394875896,-0.12628528386853177,-0.05926142958621117,11,11,9,7,10,6,5,8,5,11,False,False,-2
2022-09-30,XLC,communication_services,SPY,-0.11748342602186179,-0.09244599551502775,-0.025037430506834046,0.3333333333333333,-0.0012487537998051262,-0.1245666713055491,-0.05926142958621117,-0.06530524171933794,0.47619047619047616,-0.0010636535768226122,-0.3005611021273866,-0.202469993483397,-0.09809110864398962,0.49206349206349204,-0.0009628405005745458,-0.3967181924702058,-0.15508976390405316,-0.24162842856615263,0.46825396825396826,-0.0012762934279408633,0.0017885528780392512,0.27814402264302673,-0.2763554697649875,0.49206349206349204,-0.00029737247719063744,-0.3164073907299346,-0.06902483827899042,-0.2473825524509442,-0.14729461413289513,0.023974322322821484,-0.1712689364557166,0.25,-0.02732815607885239,-0.379248960627948,-0.23009971150168795,-0.2436510394875896,-0.1245666713055491,-0.05926142958621117,9,10,11,11,11,11,11,10,1,10,False,False,1
2022-10-31,XLK,technology,SPY,0.07652805425042408,0.08127588977309874,-0.004747835522674659,0.6190476190476191,-0.00010007697230015758,-0.10290618845725363,-0.04965805823011238,-0.053248130227141255,0.47619047619047616,-0.000846950014101049,-0.10483517700537037,-0.060336539401480094,-0.04449863760389028,0.49206349206349204,-0.000303111968231855,-0.20138749347436102,-0.14631630393242967,-0.055071189541931354,0.4642857142857143,-0.0001800352850185369,0.5742636269731196,0.332495917068953,0.24176770990416663,0.5277777777777778,0.0002927849998137673,-0.2581591316896009,-0.21048485022013008,-0.047674281469470836,-0.012413368037415218,-0.010049598975892748,-0.0023637690615224694,0.16666666666666666,-0.005252578115413131,-0.2996424180523104,-0.23009971150168795,-0.18217810474298513,-0.10290618845725363,-0.04965805823011238,7,8,7,8,2,9,8,11,3,8,False,False,-1
2022-10-31,XLF,financials,SPY,0.1192356688753553,0.08127588977309874,0.03795977910225656,0.6666666666666666,0.0016884362198134738,0.03323492853666776,-0.04965805823011238,0.08289298676678014,0.5873015873015873,0.001341314819975138,-0.005190076176587621,-0.060336539401480094,0.05514646322489247,0.5,0.0004552533791119819,-0.13958341937455598,-0.14631630393242967,0.006732884557873686,0.4603174603174603,4.240454302984493e-05,0.2544123543135999,0.332495917068953,-0.07808356275535311,0.48412698412698413,-2.9278810386689866e-06,-0.2312462830191797,-0.21048485022013008,-0.02076143279904963,-0.03988475294467475,-0.010049598975892748,-0.029835153968782002,0.5,0.0011282704784451407,-0.2525188077839585,-0.23009971150168795,-0.18217810474298513,0.03323492853666776,-0.04965805823011238,3,2,4,7,6,8,9,7,5,2,False,False,2
2022-10-31,XLI,industrials,SPY,0.1389426615576228,0.08127588977309874,0.05766677178452406,0.5714285714285714,0.0024857337212976305,0.0007562430169598677,-0.04965805823011238,0.050414301247072246,0.5555555555555556,0.0008218550935746049,-0.0012810774548267512,-0.060336539401480094,0.05905546194665334,0.5476190476190477,0.0004734870483476354,-0.0822562714037085,-0.14631630393242967,0.06406003252872117,0.5317460317460317,0.000273091771526041,0.25087676089651767,0.332495917068953,-0.08161915617243531,0.4828042328042328,-5.361712488863625e-05,-0.19421428349941583,-0.21048485022013008,0.016270566720714252,-0.00744204107465829,-0.010049598975892748,0.0026075579012344585,0.6666666666666666,0.006227116024720397,-0.19808819950500278,-0.23009971150168795,-0.18217810474298513,0.0007562430169598677,-0.04965805823011238,2,4,3,5,7,6,7,1,8,4,False,False,-1
2022-10-31,XLE,energy,SPY,0.24965322358750108,0.08127588977309874,0.16837733381440234,0.6190476190476191,0.007011650807822416,0.18743512523341144,-0.04965805823011238,0.23709318346352382,0.5873015873015873,0.003677458285528305,0.20499754544880533,-0.060336539401480094,0.2653340848502854,0.5952380952380952,0.0021588788939851567,0.6371019058254002,-0.14631630393242967,0.7834182097578298,0.5992063492063492,0.0027204754071692115,0.8525886774231737,0.332495917068953,0.5200927603542207,0.4973544973544973,0.0006964616137957778,0.31004495881314376,-0.21048485022013008,0.5205298090332738,0.3601950892627863,-0.010049598975892748,0.37024468823867906,0.6666666666666666,0.059887474876317875,-0.260437205682737,-0.23009971150168795,-0.18217810474298513,0.18743512523341144,-0.04965805823011238,1,1,1,1,1,1,1,1,4,1,False,False,0
2022-10-31,XLB,materials,SPY,0.08925154125977519,0.08127588977309874,0.00797565148667645,0.5238095238095238,0.0004007373481529406,-0.028822910670115776,-0.04965805823011238,0.020835147559996603,0.5238095238095238,0.00037573080210800703,-0.11508035187888377,-0.060336539401480094,-0.054743812477403675,0.46825396825396826,-0.0004588464740189726,-0.11091745945391618,-0.14631630393242967,0.03539884447851349,0.5277777777777778,0.00016842776934039395,0.338743122435772,0.332495917068953,0.0062472053668189975,0.5013227513227513,4.039557523535239e-05,-0.18376747071864186,-0.21048485022013008,0.026717379501488225,0.044764515757351964,-0.010049598975892748,0.05481411473324471,0.6666666666666666,0.0037988504339060794,-0.2112539497162771,-0.23009971150168795,-0.18217810474298513,-0.028822910670115776,-0.04965805823011238,6,6,8,6,4,5,4,1,7,6,False,False,2
2022-10-31,XLY,consumer_discretionary,SPY,0.01109155343392465,0.08127588977309874,-0.07018433633917409,0.47619047619047616,-0.003157669786576595,-0.11191523404271897,-0.04965805823011238,-0.06225717581260659,0.5238095238095238,-0.001009093107841781,-0.12461977252920653,-0.060336539401480094,-0.06428323312772644,0.5396825396825397,-0.00043272616125272247,-0.27862505599456033,-0.14631630393242967,-0.13230875206213066,0.503968253968254,-0.0005546960869796466,0.21718844044726326,0.332495917068953,-0.11530747662168972,0.4947089947089947,-7.199169514040931e-05,-0.28653845286762947,-0.21048485022013008,-0.07605360264749939,-0.07749591772661812,-0.010049598975892748,-0.06744631875072538,0.3333333333333333,-0.01315595994839335,-0.361277303603297,-0.23009971150168795,-0.18217810474298513,-0.11191523404271897,-0.04965805823011238,10,9,9,10,8,10,10,8,2,9,False,False,0
2022-10-31,XLP,consumer_staples,SPY,0.09006399529674658,0.08127588977309874,0.008788105523647838,0.5238095238095238,0.00031513940918483286,-0.021476316103610227,-0.04965805823011238,0.02818174212650215,0.5238095238095238,0.0004117297726154513,-0.03728917182562941,-0.060336539401480094,0.023047367575850686,0.5079365079365079,0.00013839071388256212,0.04709371118999428,-0.14631630393242967,0.19341001512242395,0.5357142857142857,0.0007654816405610847,0.28561212374620837,0.332495917068953,-0.046883793322744616,0.4933862433862434,-8.835614342808529e-05,-0.03941996460038533,-0.21048485022013008,0.17106488561974476,0.077288751332375,-0.010049598975892748,0.08733835030826775,0.6666666666666666,0.018210497916228374,-0.14571171764283408,-0.23009971150168795,-0.18217810474298513,-0.021476316103610227,-0.04965805823011238,5,5,5,2,5,3,3,1,11,5,False,False,0
2022-10-31,XLV,health_care,SPY,0.09611119995520112,0.08127588977309874,0.01483531018210238,0.42857142857142855,0.0005943131472079202,0.01778667230136488,-0.04965805823011238,0.06744473053147726,0.5079365079365079,0.0010485643467931045,0.033687159415710655,-0.060336539401480094,0.09402369881719075,0.5317460317460317,0.0007066176302273317,0.0071386399045592075,-0.14631630393242967,0.15345494383698888,0.5,0.0006180712291444195,0.47676837234878344,0.332495917068953,0.14427245527983046,0.49603174603174605,0.00010982328643221415,-0.08117110750649947,-0.21048485022013008,0.1293137427136306,0.030828210738299777,-0.010049598975892748,0.040877809714192526,0.6666666666666666,0.014510918957595459,-0.16061060419996098,-0.23009971150168795,-0.18217810474298513,0.01778667230136488,-0.04965805823011238,4,3,2,4,3,4,5,1,9,3,False,False,-1
2022-10-31,XLU,utilities,SPY,0.01938625728753407,0.08127588977309874,-0.06188963248556467,0.47619047619047616,-0.0027555043302460143,-0.08997959509601716,-0.04965805823011238,-0.040321536865904783,0.5079365079365079,-0.0006743339248679984,-0.03912736311639642,-0.060336539401480094,0.021209176285083675,0.5079365079365079,0.00016089087578462818,0.027640344248767157,-0.14631630393242967,0.17395664818119683,0.5198412698412699,0.0007136637965021519,0.14917903637454644,0.332495917068953,-0.18331688069440655,0.4933862433862434,-0.0001756205821545391,0.008097114221645718,-0.21048485022013008,0.2185819644417758,0.12907977159182416,-0.010049598975892748,0.1391293705677169,0.6666666666666666,0.016263460548742458,-0.1570945988143212,-0.23009971150168795,-0.18217810474298513,-0.08997959509601716,-0.04965805823011238,9,7,6,3,9,2,2,1,10,7,False,False,-1
2022-10-31,XLRE,real_estate,SPY,0.01999473660992046,0.08127588977309874,-0.06128115316317828,0.42857142857142855,-0.0027334102134463343,-0.1451945170060298,-0.04965805823011238,-0.09553645877591743,0.47619047619047616,-0.0016602338710896075,-0.17685272629133408,-0.060336539401480094,-0.11651618688985399,0.47619047619047616,-0.001041331098463159,-0.2074762645323508,-0.14631630393242967,-0.061159960599921126,0.5079365079365079,-0.0002875279164059176,0.026776634619495532,0.332495917068953,-0.30571928244945745,0.5013227513227513,-0.00030555275211532293,-0.22301193621674886,-0.21048485022013008,-0.01252708599661878,0.02494726318406215,-0.010049598975892748,0.0349968621599549,0.3333333333333333,-0.0054518686334553606,-0.24584953175646662,-0.23009971150168795,-0.18217810474298513,-0.1451945170060298,-0.04965805823011238,8,11,10,9,10,7,6,8,6,11,False,False,-1
2022-10-31,XLC,communication_services,SPY,0.006682010888771295,0.08127588977309874,-0.07459387888432745,0.5238095238095238,-0.0033292747482050545,-0.14035708297823557,-0.04965805823011238,-0.09069902474812319,0.47619047619047616,-0.0015248965114592263,-0.20202885994622577,-0.060336539401480094,-0.14169232054474568,0.5,-0.0012297474350136492,-0.3941241124800846,-0.14631630393242967,-0.24780780854765494,0.4801587301587302,-0.0012963256620455576,-0.020491066797351798,0.332495917068953,-0.3529869838663048,0.49206349206349204,-0.00038058403931362375,-0.3981457094033055,-0.21048485022013008,-0.18766085918317543,-0.1395184162229589,-0.010049598975892748,-0.12946881724706616,0.25,-0.027798154761612893,-0.379248960627948,-0.23009971150168795,-0.18217810474298513,-0.14035708297823557,-0.04965805823011238,11,10,11,11,11,11,11,10,1,10,False,False,1
2022-11-30,XLK,technology,SPY,0.06326758615145334,0.05559122193228605,0.0076763642191672865,0.47619047619047616,0.0005363939718232992,0.007657197626187218,0.035868833918659915,-0.028211636292472697,0.5079365079365079,-0.0003263656419644582,-0.024138325689075812,0.003742695871100654,-0.027881021560176467,0.49206349206349204,-0.00013201696679197123,-0.18704725211541584,-0.09155988336627152,-0.09548736874914432,0.45634920634920634,-0.00034280472521364125,0.5895626128000693,0.3610589175819163,0.22850369521815295,0.5224867724867724,0.000282599204052549,-0.23542036033741554,-0.13940160001443902,-0.09601876032297652,-0.1458783678464861,-0.084141891143238,-0.06173647670324811,0.16666666666666666,-0.009060923892674544,-0.2996424180523104,-0.23009971150168795,-0.13671438626266963,0.007657197626187218,0.035868833918659915,7,7,8,9,2,9,9,11,3,7,False,False,1
2022-11-30,XLF,financials,SPY,0.06856963303765684,0.05559122193228605,0.01297841110537079,0.5714285714285714,0.0005442732712370301,0.1044176559889951,0.035868833918659915,0.06854882207033519,0.5873015873015873,0.001016799770240044,0.051449369139257906,0.003742695871100654,0.04770667326815725,0.5079365079365079,0.00036907412622416,-0.02487753741716059,-0.09155988336627152,0.06668234594911093,0.4880952380952381,0.00028641837828656644,0.28218608835195624,0.3610589175819163,-0.07887282922996008,0.48544973544973546,-3.2583371809422953e-06,-0.08745070753056317,-0.13940160001443902,0.051950892483875855,-0.08268979770308127,-0.084141891143238,0.001452093440156732,0.5833333333333334,0.006277142518283503,-0.2525188077839585,-0.23009971150168795,-0.13671438626266963,0.1044176559889951,0.035868833918659915,4,3,4,7,7,6,8,7,5,3,False,False,1
2022-11-30,XLI,industrials,SPY,0.07811347267521018,0.05559122193228605,0.022522250742924133,0.6666666666666666,0.0009454076825747414,0.09982706565906119,0.035868833918659915,0.06395823174040127,0.5555555555555556,0.000932668309417406,0.09068911148708847,0.003742695871100654,0.08694641561598782,0.5714285714285714,0.0006469917036131596,0.025957398435102252,-0.09155988336627152,0.11751728180137377,0.5515873015873016,0.00046283447467160375,0.3045327165013991,0.3610589175819163,-0.0565262010805172,0.4880952380952381,-2.823831724663044e-05,-0.048377165819743384,-0.13940160001443902,0.09102443419469564,-0.047156499493265946,-0.084141891143238,0.036985391649972055,0.75,0.010320955305943208,-0.19808819950500278,-0.23009971150168795,-0.13671438626266963,0.09982706565906119,0.035868833918659915,2,5,1,5,6,5,7,1,8,5,False,False,-4
2022-11-30,XLE,energy,SPY,0.012777843732707073,0.05559122193228605,-0.04281337819957898,0.47619047619047616,-0.0019260449357921658,0.14464359526086645,0.035868833918659915,0.10877476134220654,0.5555555555555556,0.0017008287578230696,0.05142330940450601,0.003742695871100654,0.04768061353340536,0.5476190476190477,0.000529326204553718,0.7454928648620907,-0.09155988336627152,0.8370527482283622,0.6031746031746031,0.0027208042023274754,0.8545955165105346,0.3610589175819163,0.49353659892861823,0.5013227513227513,0.0006691169782240305,0.7234706265185262,-0.13940160001443902,0.8628722265329652,0.43026899351617676,-0.084141891143238,0.5144108846594148,0.6666666666666666,0.06004252888334119,-0.260437205682737,-0.23009971150168795,-0.13671438626266963,0.14464359526086645,0.035868833918659915,11,1,5,1,1,1,1,4,4,1,False,False,4
2022-11-30,XLB,materials,SPY,0.11703569226103383,0.05559122193228605,0.06144447032874778,0.5714285714285714,0.002724663617292791,0.10354092253082547,0.035868833918659915,0.06767208861216556,0.5238095238095238,0.0010398299597129362,-0.01615552608717863,0.003742695871100654,-0.019898221958279283,0.48412698412698413,-0.0001331951266468363,-0.0013490200419009613,-0.09155988336627152,0.09021086332437056,0.5357142857142857,0.0003846026172781168,0.4657842059508097,0.3610589175819163,0.10472528836889339,0.503968253968254,0.0001327710619023205,-0.10598113661283992,-0.13940160001443902,0.0334204634015991,0.010282532753525864,-0.084141891143238,0.09442442389676386,0.6666666666666666,0.008438430574042977,-0.2112539497162771,-0.23009971150168795,-0.13671438626266963,0.10354092253082547,0.035868833918659915,1,4,6,6,4,7,4,4,7,4,False,False,2
2022-11-30,XLY,consumer_discretionary,SPY,0.014857806050233346,0.05559122193228605,-0.040733415882052704,0.38095238095238093,-0.0017621073137047787,-0.0580926579155735,0.035868833918659915,-0.09396149183423341,0.49206349206349204,-0.001426320444736042,-0.03998740315736371,0.003742695871100654,-0.043730099028464364,0.5396825396825397,-0.00025359789858967494,-0.27968858304382116,-0.09155988336627152,-0.18812869967754964,0.4880952380952381,-0.000801625020176338,0.22568954549093512,0.3610589175819163,-0.1353693720909812,0.4933862433862434,-8.792893569690742e-05,-0.2902341464371365,-0.13940160001443902,-0.1508325464226975,-0.18919135789305408,-0.084141891143238,-0.10504946674981608,0.25,-0.018420693241539738,-0.361277303603297,-0.23009971150168795,-0.13671438626266963,-0.0580926579155735,0.035868833918659915,10,11,9,10,9,10,10,10,2,11,False,False,-2
2022-11-30,XLP,consumer_staples,SPY,0.0611772059039839,0.05559122193228605,0.00558598397169785,0.5238095238095238,0.00015232129791019675,0.06267442701896964,0.035868833918659915,0.02680559310030972,0.5079365079365079,0.00033537664026743176,0.06497342370137904,0.003742695871100654,0.061230727830278386,0.5238095238095238,0.0004027176741272606,0.12632809918307708,-0.09155988336627152,0.2178879825493486,0.5396825396825397,0.0008000289378368063,0.34775967707858424,0.3610589175819163,-0.013299240503332088,0.4947089947089947,-5.6735293008430125e-05,0.06139492340828512,-0.13940160001443902,0.20079652342272414,0.10250647686289494,-0.084141891143238,0.18664836800613294,0.75,0.01910842112111863,-0.14571171764283408,-0.23009971150168795,-0.13671438626266963,0.06267442701896964,0.035868833918659915,8,6,3,2,5,2,2,1,11,6,False,False,-3
2022-11-30,XLV,health_care,SPY,0.04723164388550538,0.05559122193228605,-0.008359578046780669,0.5714285714285714,-0.0004724191412532198,0.11874134769689992,0.035868833918659915,0.08287251377824001,0.5396825396825397,0.0011612336816544987,0.07544990109818617,0.003742695871100654,0.07170720522708551,0.5396825396825397,0.0004983171208174701,0.08795911562376624,-0.09155988336627152,0.17951899899003776,0.5238095238095238,0.0006707536153156918,0.4745478111353614,0.3610589175819163,0.11348889355344505,0.4947089947089947,7.679202569588808e-05,0.03889060455349802,-0.13940160001443902,0.17829220456793704,0.005033868410176057,-0.084141891143238,0.08917575955341406,0.6666666666666666,0.01574356233437439,-0.16061060419996098,-0.23009971150168795,-0.13671438626266963,0.11874134769689992,0.035868833918659915,9,2,2,4,3,4,5,4,9,2,False,False,0
2022-11-30,XLU,utilities,SPY,0.06963176488451084,0.05559122193228605,0.014040542952224788,0.5714285714285714,0.0006011489988697974,-0.03263643797480875,0.035868833918659915,-0.06850527189346867,0.5079365079365079,-0.0010660413810512142,-0.023186730407649403,0.003742695871100654,-0.026929426278750057,0.5238095238095238,-0.0002150865533759713,0.11824917521580258,-0.09155988336627152,0.2098090585820741,0.5277777777777778,0.0007983228129334176,0.24576985878191193,0.3610589175819163,-0.1152890588000044,0.4973544973544973,-9.808571541590255e-05,0.045452474325630154,-0.13940160001443902,0.18485407434006917,0.08802398381989951,-0.084141891143238,0.1721658749631375,0.75,0.018128210618760743,-0.1570945988143212,-0.23009971150168795,-0.13671438626266963,-0.03263643797480875,0.035868833918659915,3,8,7,3,8,3,3,1,10,8,False,False,-1
2022-11-30,XLRE,real_estate,SPY,0.06833649170184053,0.05559122193228605,0.01274526976955448,0.5238095238095238,0.0006506232911297324,-0.05382992408508325,0.035868833918659915,-0.08969875800374316,0.4444444444444444,-0.0013853964173311934,-0.08742835082509803,0.003742695871100654,-0.09117104669619869,0.48412698412698413,-0.0007301632034090415,-0.14563545056682237,-0.09155988336627152,-0.054075567200550845,0.5119047619047619,-0.0002310379224480303,0.11993170491505367,0.3610589175819163,-0.24112721266686266,0.5052910052910053,-0.00021720179632636526,-0.20028515728018392,-0.13940160001443902,-0.0608835572657449,-0.02846687553647065,-0.084141891143238,0.05567501560676735,0.4166666666666667,-0.00436527372584176,-0.24584953175646662,-0.23009971150168795,-0.13671438626266963,-0.05382992408508325,0.035868833918659915,6,10,10,8,10,8,6,8,6,10,False,False,0
2022-11-30,XLC,communication_services,SPY,0.06845037258489528,0.05559122193228605,0.01285915065260923,0.5238095238095238,0.0006445076525772176,-0.05077420151906631,0.035868833918659915,-0.08664303543772622,0.4603174603174603,-0.0013111736318109878,-0.13020951923023194,0.003742695871100654,-0.1339522151013326,0.5,-0.001063213249563914,-0.310308100717841,-0.09155988336627152,-0.21874821735156946,0.503968253968254,-0.0010249707684867224,0.004941207008516857,0.3610589175819163,-0.35611771057339947,0.4894179894179894,-0.0003728990113462179,-0.35449327645083617,-0.13940160001443902,-0.21509167643639715,-0.19106507598048728,-0.084141891143238,-0.10692318483724927,0.3333333333333333,-0.02230029546588345,-0.379248960627948,-0.23009971150168795,-0.13671438626266963,-0.05077420151906631,0.035868833918659915,5,9,11,11,11,11,11,9,1,9,False,False,2
2022-12-30,XLK,technology,SPY,-0.08210284694510084,-0.05762801530160111,-0.024474831643499728,0.47619047619047616,-0.0011867510850286473,0.05065939758409721,0.07560956602369084,-0.024950168439593634,0.5238095238095238,-0.0002501446951685019,-0.018087677090432353,0.011867405464522696,-0.029955082554955048,0.5,-0.00015105952629451073,-0.2807787856159294,-0.18381566414471606,-0.09696312147121333,0.4642857142857143,-0.0004053021170502758,0.3986257728708429,0.2464088613260289,0.15221691154481398,0.5171957671957672,0.00023126443156578882,-0.21644684048709084,-0.13390428715206415,-0.08254255333502669,-0.1970653422103168,-0.13713373316625477,-0.05993160904406203,0.16666666666666666,-0.01012811402125354,-0.32293641596985256,-0.2436510394875896,-0.18646382282077667,0.05065939758409721,0.07560956602369084,10,8,8,9,2,8,9,11,3,8,False,False,0
2022-12-30,XLF,financials,SPY,-0.052204588271124175,-0.05762801530160111,0.005423427030476935,0.5238095238095238,0.0002592533956401307,0.13354553934238989,0.07560956602369084,0.05793597331869904,0.5873015873015873,0.0008306542955635449,0.08517815346208502,0.011867405464522696,0.07331074799756232,0.5317460317460317,0.0005563457260659979,-0.10746487830846518,-0.18381566414471606,0.07635078583625088,0.49603174603174605,0.0003567411737757433,0.184347522248822,0.2464088613260289,-0.0620613390772069,0.48412698412698413,7.39041237033377e-06,-0.058304027803363745,-0.13390428715206415,0.0756002593487004,-0.10438295952611443,-0.13713373316625477,0.03275077364014034,0.6666666666666666,0.007760688093336132,-0.2563386941252357,-0.2436510394875896,-0.18646382282077667,0.13354553934238989,0.07560956602369084,7,4,3,6,8,6,7,5,6,4,False,False,-1
2022-12-30,XLI,industrials,SPY,-0.029898320432222625,-0.05762801530160111,0.027729694869378485,0.6666666666666666,0.0013729408412765085,0.1911969984888522,0.07560956602369084,0.11558743246516134,0.6349206349206349,0.0016013607483829602,0.1254381939483855,0.011867405464522696,0.11357078848386282,0.5952380952380952,0.0008354767806219911,-0.05165400446562751,-0.18381566414471606,0.13216165967908855,0.5714285714285714,0.0005739129600690287,0.26807982850164125,0.2464088613260289,0.021670967175612343,0.49867724867724866,5.020344753013698e-05,-0.022426189431089316,-0.13390428715206415,0.11147809772097483,-0.10370993872300782,-0.13713373316625477,0.033423794443246946,0.75,0.012157520214358572,-0.2164399077352117,-0.2436510394875896,-0.18646382282077667,0.1911969984888522,0.07560956602369084,4,2,2,5,6,5,6,1,8,2,False,False,0
2022-12-30,XLE,energy,SPY,-0.030489402616568406,-0.05762801530160111,0.027138612685032704,0.47619047619047616,0.0014396036675534897,0.22703306600606532,0.07560956602369084,0.15142349998237448,0.5238095238095238,0.0021750698465279133,0.23084047014295117,0.011867405464522696,0.21897306467842848,0.5476190476190477,0.0016770412832351495,0.6474048280424407,-0.18381566414471606,0.8312204921871568,0.6031746031746031,0.0029191087792177963,0.6958543150820053,0.2464088613260289,0.44944545375597644,0.4973544973544973,0.0006687968467292837,0.6992128115861211,-0.13390428715206415,0.8331170987381853,0.6161072294930414,-0.13713373316625477,0.7532409626592962,0.75,0.06374972740333502,-0.260437205682737,-0.2436510394875896,-0.18646382282077667,0.22703306600606532,0.07560956602369084,5,1,1,1,1,1,1,1,5,1,False,False,0
2022-12-30,XLB,materials,SPY,-0.05518738714117288,-0.05762801530160111,0.0024406281604282265,0.42857142857142855,0.00012781104899089747,0.14958454262822074,0.07560956602369084,0.0739749766045299,0.5079365079365079,0.0010844040048122096,0.060785929991493015,0.011867405464522696,0.04891852452697032,0.5079365079365079,0.0003971180780134666,-0.11908028202652432,-0.18381566414471606,0.06473538211819174,0.5198412698412699,0.0003125340865223771,0.3463530115569031,0.2464088613260289,0.09994415023087422,0.5,0.00013667331182634282,-0.0676249385494796,-0.13390428715206415,0.06627934860258455,-0.052314582057470305,-0.13713373316625477,0.08481915110878446,0.6666666666666666,0.0062978695647572525,-0.24716350926099973,-0.2436510394875896,-0.18646382282077667,0.14958454262822074,0.07560956602369084,8,3,4,7,4,7,4,5,7,3,False,False,1
2022-12-30,XLY,consumer_discretionary,SPY,-0.11394933901760473,-0.05762801530160111,-0.056321323716003624,0.38095238095238093,-0.0028976477982960275,-0.09081087415721267,0.07560956602369084,-0.16642044018090352,0.4126984126984127,-0.0026058082995258007,-0.0730293729888144,0.011867405464522696,-0.0848967784533371,0.5079365079365079,-0.0006164421987448646,-0.364245519220728,-0.18381566414471606,-0.18042985507601195,0.4880952380952381,-0.0008739450321371852,0.056821282853821486,0.2464088613260289,-0.18958757847220742,0.49206349206349204,-0.00016666908948168905,-0.2824851797137776,-0.13390428715206415,-0.14858089256171347,-0.2525985360545885,-0.13713373316625477,-0.11546480288833372,0.25,-0.019836795132122026,-0.361277303603297,-0.2436510394875896,-0.18646382282077667,-0.09081087415721267,0.07560956602369084,11,11,9,10,9,10,11,10,2,11,False,False,-2
2022-12-30,XLP,consumer_staples,SPY,-0.027275524490602554,-0.05762801530160111,0.030352490810998556,0.47619047619047616,0.0014710769865375682,0.12520007278844658,0.07560956602369084,0.04959050676475574,0.5079365079365079,0.000646179231210866,0.032136528418693855,0.011867405464522696,0.02026912295417116,0.5,0.00010010811535769164,-0.0013594527764934083,-0.18381566414471606,0.18245621136822265,0.5357142857142857,0.0007457514876146462,0.2801132060366225,0.2464088613260289,0.03370434471059358,0.4947089947089947,-9.375821546195596e-06,0.02664276716234304,-0.13390428715206415,0.1605470543144072,-0.03599212495445714,-0.13713373316625477,0.10114160821179763,0.75,0.01714895654351668,-0.160128721146221,-0.2436510394875896,-0.18646382282077667,0.12520007278844658,0.07560956602369084,3,6,6,3,5,2,3,1,10,6,False,False,0
2022-12-30,XLV,health_care,SPY,-0.018777461721872002,-0.05762801530160111,0.03885055357972911,0.5714285714285714,0.0018947516965617886,0.12632801722606146,0.07560956602369084,0.05071845120237062,0.5238095238095238,0.000672215234172163,0.056086531114229565,0.011867405464522696,0.04421912564970687,0.5158730158730159,0.00029588301432260336,-0.024945445112644182,-0.18381566414471606,0.15887021903207188,0.5198412698412699,0.000660894584356569,0.3982657212099092,0.2464088613260289,0.1518568598838803,0.4973544973544973,0.00012208608211840608,-0.006286018869476884,-0.13390428715206415,0.12761826828258727,-0.07600160628979469,-0.13713373316625477,0.06113212687646008,0.6666666666666666,0.01567843737927756,-0.16061060419996098,-0.2436510394875896,-0.18646382282077667,0.12632801722606146,0.07560956602369084,2,5,5,4,3,4,5,5,9,5,False,False,0
2022-12-30,XLU,utilities,SPY,-0.004944200383512176,-0.05762801530160111,0.052683814918088934,0.5238095238095238,0.002567336351136188,0.08497692398592305,0.07560956602369084,0.009367357962232203,0.5238095238095238,0.00013766033991999052,-0.004060359959902615,0.011867405464522696,-0.01592776542442531,0.5238095238095238,-0.00012575537086012645,0.017984704503742455,-0.18381566414471606,0.20180036864845852,0.5238095238095238,0.0008505840699666145,0.2001202277828682,0.2464088613260289,-0.04628863354316071,0.4947089947089947,-3.1760937580616336e-05,0.0230428332723569,-0.13390428715206415,0.15694712042442105,0.04732692022017582,-0.13713373316625477,0.18446065338643058,0.75,0.018753113638195318,-0.1570945988143212,-0.2436510394875896,-0.18646382282077667,0.08497692398592305,0.07560956602369084,1,7,7,2,7,3,2,1,11,7,False,False,0
2022-12-30,XLRE,real_estate,SPY,-0.048183002492128035,-0.05762801530160111,0.009445012809473075,0.47619047619047616,0.0004876048593423261,0.037192696361719735,0.07560956602369084,-0.03841686966197111,0.47619047619047616,-0.0005317273543247586,-0.09378947772468804,0.011867405464522696,-0.10565688318921074,0.4603174603174603,-0.0008490287059743437,-0.2609236508628876,-0.18381566414471606,-0.07710798671817154,0.503968253968254,-0.00038104713912114085,0.05394796973154481,0.2464088613260289,-0.1924608915944841,0.5026455026455027,-0.00018135102020157786,-0.22351003284011017,-0.13390428715206415,-0.08960574568804602,-0.1491189016643788,-0.13713373316625477,-0.011985168498124033,0.4166666666666667,-0.008021016956451502,-0.2964426523468078,-0.2436510394875896,-0.18646382282077667,0.037192696361719735,0.07560956602369084,6,9,10,8,10,9,8,8,4,9,False,False,1
2022-12-30,XLC,communication_services,SPY,-0.06604262907047531,-0.05762801530160111,-0.008414613768874202,0.5238095238095238,-0.00036777966641436216,0.00455499342235921,0.07560956602369084,-0.07105457260133163,0.5238095238095238,-0.0010175155873473998,-0.12057907825163183,0.011867405464522696,-0.13244648371615453,0.5,-0.0010405845820850058,-0.38492584257753093,-0.18381566414471606,-0.20111017843281487,0.49603174603174605,-0.0010487271043508504,-0.08215085771402686,0.2464088613260289,-0.32855971904005576,0.4947089947089947,-0.00037486793909611665,-0.3414323002662165,-0.13390428715206415,-0.20752801311415237,-0.24284328893672358,-0.13713373316625477,-0.10570955577046881,0.3333333333333333,-0.02197079221714493,-0.41148429275621345,-0.2436510394875896,-0.18646382282077667,0.00455499342235921,0.07560956602369084,9,10,11,11,11,11,10,9,1,10,False,False,1
2023-01-31,XLK,technology,SPY,0.0910841255756536,0.06008775501757646,0.030996370558077135,0.5714285714285714,0.001419613494077942,0.052248828885721244,0.049680094276696396,0.0025687346090248475,0.49206349206349204,0.00014145331797243976,-0.05019090545730287,-0.0018159899989731443,-0.048374915458329726,0.48412698412698413,-0.00030923747073895587,-0.1310412999889078,-0.06533670451434603,-0.06570459547456176,0.47619047619047616,-0.00019592743969748527,0.42910829383872606,0.3012623013954556,0.12784599244327044,0.5119047619047619,0.00020323085934115484,-0.2035823089694102,-0.11831516677583254,-0.08526714219357767,-0.19186175665456062,-0.14004617410511289,-0.051815582549447736,0.25,-0.0064192975874635405,-0.3355907607859878,-0.24496383714802195,-0.1353027612379203,0.052248828885721244,0.049680094276696396,3,6,8,9,3,9,9,11,3,6,False,False,2
2023-01-31,XLF,financials,SPY,0.06620034598849855,0.06008775501757646,0.006112590970922094,0.38095238095238093,0.00027277227663956093,0.07602371054317736,0.049680094276696396,0.026343616266480963,0.49206349206349204,0.00037577758096684645,0.10627527292784911,-0.0018159899989731443,0.10809126292682225,0.5317460317460317,0.0008144863754133993,-0.03601778013689505,-0.06533670451434603,0.029318924377450983,0.48412698412698413,0.0001231347312002089,0.27352198570198016,0.3012623013954556,-0.02774031569347546,0.48412698412698413,4.6092744467463796e-05,-0.0958714058853779,-0.11831516677583254,0.022443760890454634,-0.18023351414556843,-0.14004617410511289,-0.040187340040455544,0.6666666666666666,0.0035780874077348903,-0.2580532732565607,-0.24496383714802195,-0.1353027612379203,0.07602371054317736,0.049680094276696396,6,5,2,7,6,7,8,2,6,5,False,False,-3
2023-01-31,XLI,industrials,SPY,0.03296165629378711,0.06008775501757646,-0.02712609872378935,0.42857142857142855,-0.0012215337990960798,0.0815486158005101,0.049680094276696396,0.0318685215238137,0.6031746031746031,0.00045593929814251023,0.0740128602755894,-0.0018159899989731443,0.07582885027456254,0.5714285714285714,0.000572850195057364,0.03932829585629216,-0.06533670451434603,0.1046650003706382,0.5634920634920635,0.0004022083015938306,0.29037123111861063,0.3012623013954556,-0.010891070276844994,0.49867724867724866,1.6316547942335444e-05,0.006163481019564765,-0.11831516677583254,0.1244786477953973,-0.11719866513103483,-0.14004617410511289,0.022847508974078057,0.6666666666666666,0.00970838571920061,-0.2164399077352117,-0.24496383714802195,-0.1353027612379203,0.0815486158005101,0.049680094276696396,8,4,4,4,5,5,7,2,8,4,False,False,0
2023-01-31,XLE,energy,SPY,0.0346294988232545,0.06008775501757646,-0.02545825619432196,0.3333333333333333,-0.0010916237567339154,0.01799705875614732,0.049680094276696396,-0.031683035520549074,0.42857142857142855,-0.0004202261720199368,0.19592222624343192,-0.0018159899989731443,0.19773821624240506,0.5079365079365079,0.0015383512388514099,0.4286947031210899,-0.06533670451434603,0.49403140763543596,0.5634920634920635,0.001812982081256876,0.8978000001999182,0.3012623013954556,0.5965376988044626,0.4973544973544973,0.0007615889647041755,0.3808756707072716,-0.11831516677583254,0.4991908374831041,0.11235154891530041,-0.14004617410511289,0.2523977230204133,0.6666666666666666,0.03986761302183726,-0.260437205682737,-0.24496383714802195,-0.1353027612379203,0.01799705875614732,0.049680094276696396,7,9,1,1,1,1,1,2,5,9,False,False,-8
2023-01-31,XLB,materials,SPY,0.0820655368259029,0.06008775501757646,0.021977781808326435,0.6666666666666666,0.0010071444685377847,0.13977746103350297,0.049680094276696396,0.09009736675680657,0.5555555555555556,0.0013287045156332529,0.10555162952419828,-0.0018159899989731443,0.10736761952317142,0.5396825396825397,0.0008374855790038214,0.04059318898260855,-0.06533670451434603,0.10592989349695459,0.5317460317460317,0.00043862085264739076,0.5291494431328798,0.3012623013954556,0.2278871417374242,0.5092592592592593,0.0002484250381926659,-0.038327020343839946,-0.11831516677583254,0.07998814643199259,-0.1061224933858923,-0.14004617410511289,0.033923680719220584,0.75,0.009743089116233552,-0.24716350926099973,-0.24496383714802195,-0.1353027612379203,0.13977746103350297,0.049680094276696396,5,1,3,3,2,6,5,1,7,1,False,False,2
2023-01-31,XLY,consumer_discretionary,SPY,0.1481736198547643,0.06008775501757646,0.08808586483718783,0.7142857142857143,0.003863948674311898,0.028611410636776524,0.049680094276696396,-0.021068683639919872,0.5079365079365079,-0.00025136089584269663,-0.08689986275945383,-0.0018159899989731443,-0.08508387276048068,0.5079365079365079,-0.0006385961083811075,-0.15780286377113806,-0.06533670451434603,-0.09246615925679202,0.5277777777777778,-0.0002975559180202564,0.2207906115708378,0.3012623013954556,-0.08047168982461783,0.5013227513227513,-3.115783106903126e-05,-0.2664897349449695,-0.11831516677583254,-0.148174568169137,-0.22510043288235992,-0.14004617410511289,-0.08505425877724704,0.3333333333333333,-0.009159187450633885,-0.361277303603297,-0.24496383714802195,-0.1353027612379203,0.028611410636776524,0.049680094276696396,2,8,11,10,8,10,10,9,2,8,False,False,3
2023-01-31,XLP,consumer_staples,SPY,-0.01575013509793788,0.06008775501757646,-0.07583789011551434,0.38095238095238093,-0.003538061376511951,0.0150170788677777,0.049680094276696396,-0.034663015408918696,0.47619047619047616,-0.0005802703169027421,-0.008858210162871916,-0.0018159899989731443,-0.007042220163898771,0.49206349206349204,-0.0001057332167215801,-0.0003324914559753589,-0.06533670451434603,0.06500421305837067,0.5198412698412699,0.00021484024680213921,0.24797390526389385,0.3012623013954556,-0.05328839613156178,0.49206349206349204,-9.987857333844731e-05,0.01566435941903488,-0.11831516677583254,0.13397952619486742,-0.03472689810159835,-0.14004617410511289,0.10531927600351454,0.6666666666666666,0.008027336896890206,-0.1630235041136473,-0.24496383714802195,-0.1353027612379203,0.0150170788677777,0.049680094276696396,9,10,6,6,7,4,4,2,10,10,False,False,-4
2023-01-31,XLV,health_care,SPY,-0.0218570476063793,0.06008775501757646,-0.08194480262395576,0.3333333333333333,-0.0038553701969173217,0.007898363004677611,0.049680094276696396,-0.041781731272018785,0.5079365079365079,-0.000694253467677655,0.023003387596697067,-0.0018159899989731443,0.02481937759567021,0.5079365079365079,0.00015037141875589956,0.03795102429198671,-0.06533670451434603,0.10328772880633275,0.5158730158730159,0.0003703480658609662,0.38213546081538996,0.3012623013954556,0.08087315941993434,0.4947089947089947,4.9127083165173525e-05,0.06114451037244528,-0.11831516677583254,0.17945967714827782,-0.009939325318774062,-0.14004617410511289,0.13010684878633882,0.6666666666666666,0.010702864150263114,-0.16061060419996098,-0.24496383714802195,-0.1353027612379203,0.007898363004677611,0.049680094276696396,10,11,5,5,4,3,3,2,11,11,False,False,-6
2023-01-31,XLU,utilities,SPY,-0.029362562022459016,0.06008775501757646,-0.08945031704003548,0.2857142857142857,-0.004198342478992423,0.03330774039241202,0.049680094276696396,-0.016372353884284374,0.4603174603174603,-0.0002671477645408656,-0.05272105099332791,-0.0018159899989731443,-0.05090506099435477,0.49206349206349204,-0.0004176165312812014,0.047095227443713306,-0.06533670451434603,0.11243193195805934,0.5079365079365079,0.0004266870983412048,0.09684931613654713,0.3012623013954556,-0.2044129852589085,0.48544973544973546,-0.00020780556729208712,0.07877069900114586,-0.11831516677583254,0.1970858657769784,0.047139238952981666,-0.14004617410511289,0.18718541305809455,0.6666666666666666,0.010478332224738587,-0.2071599964132934,-0.24496383714802195,-0.1353027612379203,0.03330774039241202,0.049680094276696396,11,7,9,2,10,2,2,2,9,7,False,False,2
2023-01-31,XLRE,real_estate,SPY,0.08907979460125492,0.06008775501757646,0.028992039583678464,0.7142857142857143,0.0013473632091814745,0.11490670108080558,0.049680094276696396,0.06522660680410919,0.5873015873015873,0.0010073843297885175,-0.05724721972239388,-0.0018159899989731443,-0.05543122972342074,0.5238095238095238,-0.0004167553684138767,-0.10300866089171734,-0.06533670451434603,-0.03767195637737131,0.5317460317460317,-0.0001475012958047119,0.12551182410786854,0.3012623013954556,-0.17575047728758708,0.5105820105820106,-0.00014986528096441948,-0.17637684258323938,-0.11831516677583254,-0.05806167580740684,-0.11523322797879665,-0.14004617410511289,0.024812946126316238,0.5,-0.0022310815059599274,-0.3331706640420361,-0.24496383714802195,-0.1353027612379203,0.11490670108080558,0.049680094276696396,4,3,10,8,9,8,6,8,4,3,True,False,7
2023-01-31,XLC,communication_services,SPY,0.14821763493394413,0.06008775501757646,0.08812987991636767,0.6666666666666666,0.0038302402248303717,0.12615965608518298,0.049680094276696396,0.07647956180848658,0.5555555555555556,0.0011697553031098748,-0.01701311809406869,-0.0018159899989731443,-0.015197128095095547,0.5238095238095238,-6.249720330161362e-05,-0.2309877768196238,-0.06533670451434603,-0.16565107230527776,0.5,-0.000701308742060875,0.030959667070457053,0.3012623013954556,-0.27030263432499857,0.4973544973544973,-0.0002776743747306846,-0.33025569388279186,-0.11831516677583254,-0.21194052710695932,-0.24575211923565732,-0.14004617410511289,-0.10570594513054443,0.3333333333333333,-0.015733738401912462,-0.4116704232036811,-0.24496383714802195,-0.1353027612379203,0.12615965608518298,0.049680094276696396,1,2,7,11,11,11,11,9,1,2,True,False,5
2023-02-28,XLK,technology,SPY,-0.001316866793480309,-0.02322022970375115,0.02190336291027084,0.5238095238095238,0.0011210637743513043,0.024790205009141753,-0.010564507463533213,0.035354712472674965,0.5238095238095238,0.0006293922174404178,-0.018802041213435428,-0.013804397516004707,-0.00499764369743072,0.5158730158730159,4.5307231562936095e-05,-0.1068289364643854,-0.0800943840551318,-0.026734552409253598,0.49206349206349204,-2.5960168597155993e-05,0.6038559280550342,0.39718598883262657,0.20666993922240762,0.5158730158730159,0.00026106696343576764,-0.1056511982255397,-0.058226179616855944,-0.047425018608683756,-0.07565772836071083,-0.06546876242963162,-0.010188965931079208,0.3333333333333333,-0.002264342275142208,-0.3355907607859878,-0.24496383714802195,-0.15704362431798402,0.024790205009141753,-0.010564507463533213,1,2,6,8,3,9,7,10,3,2,False,False,4
2023-02-28,XLF,financials,SPY,-0.014620786791603946,-0.02322022970375115,0.008599442912147204,0.47619047619047616,0.00039554705689325866,-0.004597468038823216,-0.010564507463533213,0.005967039424709997,0.4444444444444444,7.961222693488056e-05,0.0715619192623691,-0.013804397516004707,0.08536631677837381,0.5238095238095238,0.0006528834184609512,-0.06731941741255287,-0.0800943840551318,0.012774966642578933,0.47619047619047616,5.4391079462809984e-05,0.39313593278074843,0.39718598883262657,-0.004050056051878137,0.48412698412698413,7.010391224482635e-05,-0.05348055846374333,-0.058226179616855944,0.004745621153112611,-0.14199629997402474,-0.06546876242963162,-0.07652753754439312,0.6666666666666666,0.002415873402574764,-0.2580532732565607,-0.24496383714802195,-0.15704362431798402,-0.004597468038823216,-0.010564507463533213,4,7,1,7,6,7,10,1,6,7,False,False,-6
2023-02-28,XLI,industrials,SPY,-0.0016808889093418156,-0.02322022970375115,0.021539340794409334,0.5714285714285714,0.0010271440878566304,0.0014998245625386097,-0.010564507463533213,0.012064332026071822,0.5396825396825397,0.00018529298540150558,0.06718551374729431,-0.013804397516004707,0.08098991126329902,0.5476190476190477,0.0006163491158006338,0.03627287157767767,-0.0800943840551318,0.11636725563280947,0.5634920634920635,0.00045393993471288624,0.4268376001462011,0.39718598883262657,0.029651611313574522,0.5013227513227513,5.471345357445874e-05,0.038017663956723347,-0.058226179616855944,0.09624384357357929,-0.04736650152351152,-0.06546876242963162,0.018102260906120105,0.6666666666666666,0.009309014272075275,-0.2164399077352117,-0.24496383714802195,-0.15704362431798402,0.0014998245625386097,-0.010564507463533213,2,4,2,2,4,3,6,1,8,4,False,False,-2
2023-02-28,XLE,energy,SPY,-0.08264845484616445,-0.02322022970375115,-0.059428225142413305,0.5238095238095238,-0.00288650043204258,-0.07965669967424938,-0.010564507463533213,-0.06909219221071616,0.4444444444444444,-0.0010675002574830163,0.03179406451760847,-0.013804397516004707,0.045598462033613174,0.5,0.0004632727326246977,0.26682788357184495,-0.0800943840551318,0.34692226762697675,0.5634920634920635,0.001404863372381014,1.150054671697672,0.39718598883262657,0.7528686828650455,0.5052910052910053,0.0008310651273269889,0.38096228241421226,-0.058226179616855944,0.4391884620310682,0.11396453445359533,-0.06546876242963162,0.17943329688322696,0.5833333333333334,0.02748075173282241,-0.260437205682737,-0.24496383714802195,-0.15704362431798402,-0.07965669967424938,-0.010564507463533213,11,11,4,1,1,1,1,5,5,11,False,False,-7
2023-02-28,XLB,materials,SPY,-0.018824908025830922,-0.02322022970375115,0.0043953216779202275,0.5714285714285714,0.00021459043716076125,-0.0001202572002123592,-0.010564507463533213,0.010444250263320853,0.5396825396825397,0.00017583612694553673,0.05956170762809765,-0.013804397516004707,0.07336610514410236,0.5238095238095238,0.0005932889341364978,-0.007431051796995658,-0.0800943840551318,0.07266333225813615,0.5238095238095238,0.0003130235979773969,0.6343486097386826,0.39718598883262657,0.237162620906056,0.5105820105820106,0.00024115242539366407,0.011612459714922307,-0.058226179616855944,0.06983863933177825,-0.07604939999425475,-0.06546876242963162,-0.01058063756462313,0.6666666666666666,0.007598040366057397,-0.24716350926099973,-0.24496383714802195,-0.15704362431798402,-0.0001202572002123592,-0.010564507463533213,6,5,3,3,2,5,8,1,7,5,False,False,-2
2023-02-28,XLY,consumer_discretionary,SPY,-0.015890482037381193,-0.02322022970375115,0.007329747666369957,0.6190476190476191,0.00044363326115740936,0.023198753874625444,-0.010564507463533213,0.03376326133815866,0.5873015873015873,0.0005914580024365419,-0.08414073168016922,-0.013804397516004707,-0.07033633416416452,0.5317460317460317,-0.0005160993823289877,-0.166764234222731,-0.0800943840551318,-0.0866698501675992,0.5357142857142857,-0.00028039126950021555,0.2811457855147437,0.39718598883262657,-0.1160402033178829,0.503968253968254,-5.8908241190120867e-05,-0.1533099207268116,-0.058226179616855944,-0.09508374110995566,-0.10690807152405213,-0.06546876242963162,-0.04143930909442051,0.4166666666666667,-0.00786970764855798,-0.3684266408930982,-0.24496383714802195,-0.15704362431798402,0.023198753874625444,-0.010564507463533213,5,3,9,10,8,10,9,9,2,3,False,False,6
2023-02-28,XLP,consumer_staples,SPY,-0.011391593729601301,-0.02322022970375115,0.011828635974149848,0.47619047619047616,0.0005465401474190559,-0.04857017142262776,-0.010564507463533213,-0.03800566395909455,0.4444444444444444,-0.000649086680864347,-0.019228179625412456,-0.013804397516004707,-0.005423782109407749,0.49206349206349204,-8.963002494399852e-05,-0.026473141077160145,-0.0800943840551318,0.05362124297797166,0.5079365079365079,0.00017508057943385217,0.31670535725638316,0.39718598883262657,-0.08048063157624341,0.49206349206349204,-0.00012211134030933553,-0.015255329867621792,-0.058226179616855944,0.04297084974923415,0.0008794753048964044,-0.06546876242963162,0.06634823773452803,0.6666666666666666,0.0068691482384107645,-0.1630235041136473,-0.24496383714802195,-0.15704362431798402,-0.04857017142262776,-0.010564507463533213,3,8,7,6,7,6,4,1,10,8,False,False,-1
2023-02-28,XLV,health_care,SPY,-0.042826975073516405,-0.02322022970375115,-0.019606745369765255,0.38095238095238093,-0.0009855729957560472,-0.06894767253812395,-0.010564507463533213,-0.05838316507459074,0.42857142857142855,-0.000993726730400553,0.0071711835410350755,-0.013804397516004707,0.020975581057039783,0.49206349206349204,0.00012471608517235772,-0.013778923525888498,-0.0800943840551318,0.06631546052924331,0.503968253968254,0.00023244634392745211,0.42109453796034924,0.39718598883262657,0.023908549127722667,0.4933862433862434,-8.206274035401534e-06,0.030347754054037335,-0.058226179616855944,0.08857393367089328,0.0218932309546902,-0.06546876242963162,0.08736199338432182,0.5833333333333334,0.0071807991374273445,-0.16061060419996098,-0.24496383714802195,-0.15704362431798402,-0.06894767253812395,-0.010564507463533213,8,9,5,5,5,4,3,5,11,9,False,False,-4
2023-02-28,XLU,utilities,SPY,-0.05646684673868074,-0.02322022970375115,-0.03324661703492959,0.38095238095238093,-0.0016407967505790908,-0.07623561454475458,-0.010564507463533213,-0.06567110708122137,0.3968253968253968,-0.001097187072691282,-0.12857354695834,-0.013804397516004707,-0.1147691494423353,0.4603174603174603,-0.0009734666246032584,-0.00935159440977995,-0.0800943840551318,0.07074278964535186,0.49206349206349204,0.00027332091170720373,0.11148176473968885,0.39718598883262657,-0.2857042240929377,0.48148148148148145,-0.00028269459677701946,0.049934919791686294,-0.058226179616855944,0.10816109940854224,0.10092580647974736,-0.06546876242963162,0.16639456890937898,0.5833333333333334,0.00666942981465692,-0.2071599964132934,-0.24496383714802195,-0.15704362431798402,-0.07623561454475458,-0.010564507463533213,10,10,11,4,10,2,2,5,9,10,False,False,1
2023-02-28,XLRE,real_estate,SPY,-0.05303603038994298,-0.02322022970375115,-0.02981580068619183,0.38095238095238093,-0.0014585278143815468,-0.004024942535914788,-0.010564507463533213,0.006539564927618424,0.5079365079365079,0.0001371788565942485,-0.09270306559730013,-0.013804397516004707,-0.07889866808129542,0.47619047619047616,-0.0006206093575522677,-0.13792810165191693,-0.0800943840551318,-0.05783371759678513,0.5079365079365079,-0.00024025331650292067,0.11794272235313041,0.39718598883262657,-0.27924326647949615,0.5026455026455027,-0.00025261900254041063,-0.08964656944332428,-0.058226179616855944,-0.03142038982646833,-0.023538509290963683,-0.06546876242963162,0.04193025313866794,0.5,-0.0035112380704823234,-0.3331706640420361,-0.24496383714802195,-0.15704362431798402,-0.004024942535914788,-0.010564507463533213,9,6,10,9,9,8,5,8,4,6,False,False,4
2023-02-28,XLC,communication_services,SPY,-0.032374677577146294,-0.02322022970375115,-0.009154447873395144,0.42857142857142855,-0.00029951837017849227,0.06836075643225636,-0.010564507463533213,0.07892526389578958,0.5714285714285714,0.001302669996575982,-0.025650897934580974,-0.013804397516004707,-0.011846500418576267,0.5079365079365079,-1.936214920071864e-05,-0.21184656821461223,-0.0800943840551318,-0.13175218415948042,0.5,-0.0005399702111510732,0.0842907011498244,0.39718598883262657,-0.31289528768280217,0.49603174603174605,-0.0003006312075514194,-0.18547663695704353,-0.058226179616855944,-0.12725045734018758,-0.17379332894177146,-0.06546876242963162,-0.10832456651213984,0.3333333333333333,-0.012184739445650933,-0.42015854203865033,-0.24496383714802195,-0.15704362431798402,0.06836075643225636,-0.010564507463533213,7,1,8,11,11,11,11,10,1,1,False,False,7
2023-03-31,XLK,technology,SPY,0.10316630312106234,0.03303705614923391,0.07012924697182843,0.7142857142857143,0.0031511352107923022,0.21453609531133666,0.07175179268294318,0.14278430262839348,0.6190476190476191,0.002029969984612138,0.25332715234431546,0.1379576014352044,0.11536955090911105,0.5634920634920635,0.0008505171423469203,-0.054375996571408125,-0.09237829446759249,0.03800229789618437,0.5119047619047619,0.00024591217631376013,0.9300833575986494,0.6627320119892781,0.26735134560937124,0.5171957671957672,0.00026190249806608447,-0.14280920224516835,-0.12140450322694785,-0.021404699018220508,-0.15109721491445294,-0.1281228950923199,-0.02297431982213305,0.4166666666666667,0.0038136748850833104,-0.3326819512117981,-0.24496383714802195,-0.1257885855347095,0.21453609531133666,0.07175179268294318,1,1,1,5,2,8,9,8,4,1,True,False,0
2023-03-31,XLF,financials,SPY,-0.08807300815169095,0.03303705614923391,-0.12111006430092486,0.38095238095238093,-0.00579203827548515,-0.05775519192505996,0.07175179268294318,-0.12950698460800314,0.4126984126984127,-0.0020021747149998144,0.06110186314334043,0.1379576014352044,-0.07685573829186398,0.5,-0.0005356344798724601,-0.1622277888785184,-0.09237829446759249,-0.06984949441092592,0.47619047619047616,-0.00031216011752438006,0.6402313200825402,0.6627320119892781,-0.02250069190673787,0.48412698412698413,2.9774461491875774e-05,-0.08131657620587507,-0.12140450322694785,0.04008792702107278,-0.1464171926253257,-0.1281228950923199,-0.01829429753300582,0.6666666666666666,-0.005112005835240602,-0.2580532732565607,-0.24496383714802195,-0.1257885855347095,-0.05775519192505996,0.07175179268294318,11,11,9,8,5,6,8,2,6,11,False,False,-2
2023-03-31,XLI,industrials,SPY,-0.009407944056875284,0.03303705614923391,-0.042445000206109196,0.3333333333333333,-0.001988675941910455,0.030376678159360404,0.07175179268294318,-0.04137511452358278,0.4444444444444444,-0.0006208661089659891,0.21610688403998513,0.1379576014352044,0.07814928260478071,0.5476190476190477,0.0005194533904210372,-0.01502060397039906,-0.09237829446759249,0.07735769049719343,0.5396825396825397,0.0003102551057549595,0.7971196466993766,0.6627320119892781,0.1343876347100985,0.503968253968254,0.00011662754865134227,-0.005665964995227202,-0.12140450322694785,0.11573853823172064,-0.09999532357832297,-0.1281228950923199,0.02812757151399692,0.6666666666666666,0.007086279772667227,-0.2164399077352117,-0.24496383714802195,-0.1257885855347095,0.030376678159360404,0.07175179268294318,7,5,2,3,4,2,5,2,8,5,False,False,-3
2023-03-31,XLE,energy,SPY,-0.027825723343360198,0.03303705614923391,-0.06086277949259411,0.2857142857142857,-0.0027688586896902293,-0.03710921999110817,0.07175179268294318,-0.10886101267405135,0.4126984126984127,-0.0016019169226552904,0.16468943088495536,0.1379576014352044,0.026731829449750943,0.46825396825396826,0.00027477030679324513,0.11545984125293396,-0.09237829446759249,0.20783813572052645,0.5396825396825397,0.0009513572783224992,2.2791423667919783,0.6627320119892781,1.6164103548027002,0.5052910052910053,0.0010945813591355766,0.1473867063105816,-0.12140450322694785,0.26879120953752944,0.06015042772086665,-0.1281228950923199,0.18827332281318654,0.5,0.020024503792422876,-0.260437205682737,-0.24496383714802195,-0.1257885855347095,-0.03710921999110817,0.07175179268294318,9,8,5,1,1,1,1,6,5,8,False,False,-3
2023-03-31,XLB,materials,SPY,-0.028763569609968398,0.03303705614923391,-0.06180062575920231,0.3333333333333333,-0.0028803864708863555,0.03554683698672778,0.07175179268294318,-0.0362049556962154,0.5238095238095238,-0.0005164354511816576,0.19571262805367717,0.1379576014352044,0.05775502661847276,0.5238095238095238,0.0004206540834890887,-0.07584134006391674,-0.09237829446759249,0.016536954403675752,0.503968253968254,8.72671967392543e-05,0.902006976949784,0.6627320119892781,0.23927496496050593,0.5105820105820106,0.00020757035261012184,-0.048471998146777384,-0.12140450322694785,0.07293250508017046,-0.13948454161440127,-0.1281228950923199,-0.011361646522081381,0.5833333333333334,0.0019189573784799407,-0.24716350926099973,-0.24496383714802195,-0.1257885855347095,0.03554683698672778,0.07175179268294318,10,4,4,7,3,4,7,4,7,4,False,False,0
2023-03-31,XLY,consumer_discretionary,SPY,0.04724107864803795,0.03303705614923391,0.014204022498804036,0.6190476190476191,0.0006912245067382342,0.15818331139996422,0.07175179268294318,0.08643151871702104,0.6349206349206349,0.0012922091772672715,0.03507982122827302,0.1379576014352044,-0.10287778020693139,0.5238095238095238,-0.0006897339803245518,-0.19907289626061042,-0.09237829446759249,-0.10669460179301793,0.5317460317460317,-0.00039265952123531615,0.5618465426075827,0.6627320119892781,-0.1008854693816954,0.5092592592592593,-2.4389809827375968e-05,-0.23520274360000615,-0.12140450322694785,-0.1137982403730583,-0.16539503461753013,-0.1281228950923199,-0.037272139525210246,0.3333333333333333,-0.008924861361027603,-0.3944183171626552,-0.24496383714802195,-0.1257885855347095,0.15818331139996422,0.07175179268294318,3,3,10,10,6,11,10,11,2,3,True,False,7
2023-03-31,XLP,consumer_staples,SPY,0.035722258004516005,0.03303705614923391,0.0026852018552820933,0.6190476190476191,8.262138459217787e-05,0.0019907392923772527,0.07175179268294318,-0.06976105339056593,0.49206349206349204,-0.0010887022379506878,0.11334822701593494,0.1379576014352044,-0.02460937441926947,0.5,-0.00021814723831132404,0.007897265032169143,-0.09237829446759249,0.10027555949976164,0.5198412698412699,0.0003668513634606465,0.48192797654103425,0.6627320119892781,-0.18080403544824386,0.4947089947089947,-0.00018718009089226906,-0.026865303663509144,-0.12140450322694785,0.0945391995634387,-0.025734567901933292,-0.1281228950923199,0.1023883271903866,0.75,0.008868495855204744,-0.1630235041136473,-0.24496383714802195,-0.1257885855347095,0.0019907392923772527,0.07175179268294318,5,7,6,2,8,3,3,1,10,7,False,False,-1
2023-03-31,XLV,health_care,SPY,0.01741786811425694,0.03303705614923391,-0.015619188034976972,0.38095238095238093,-0.0007502752993369057,-0.04675837698482965,0.07175179268294318,-0.11851016966777284,0.36507936507936506,-0.0018823521696035347,0.06270604717017769,0.1379576014352044,-0.07525155426502672,0.4523809523809524,-0.0005839467887682228,-0.048911338730420306,-0.09237829446759249,0.043466955737172186,0.5,0.00014294479952882918,0.5308114936864128,0.6627320119892781,-0.13192051830286533,0.48412698412698413,-0.0001320869928025146,-0.06519367206280324,-0.12140450322694785,0.0562108311641446,-0.08854952335870292,-0.1281228950923199,0.03957337173361697,0.5,0.004377956163499212,-0.16061060419996098,-0.24496383714802195,-0.1257885855347095,-0.04675837698482965,0.07175179268294318,6,10,8,4,7,5,4,6,11,10,False,False,-2
2023-03-31,XLU,utilities,SPY,0.0468059264608951,0.03303705614923391,0.013768870311661185,0.47619047619047616,0.0006551925569516781,-0.04202129035033397,0.07175179268294318,-0.11377308303327716,0.38095238095238093,-0.0017637896649671102,0.029144671794613997,0.1379576014352044,-0.10881292964059042,0.4523809523809524,-0.0007886864946270541,-0.06404133863206374,-0.09237829446759249,0.028336955835528754,0.4880952380952381,0.00010887078001135786,0.3402999078998925,0.6627320119892781,-0.3224321040893856,0.47883597883597884,-0.0002803664759456932,-0.10589094147347633,-0.12140450322694785,0.015513561753471516,0.011924136461144208,-0.1281228950923199,0.1400470315534641,0.5833333333333334,0.002342561034698968,-0.2071599964132934,-0.24496383714802195,-0.1257885855347095,-0.04202129035033397,0.07175179268294318,4,9,11,6,10,7,2,4,9,9,False,False,2
2023-03-31,XLRE,real_estate,SPY,-0.012174991512298172,0.03303705614923391,-0.045212047661532084,0.42857142857142855,-0.0020320525304280148,0.01008891644569987,0.07175179268294318,-0.061662876237243314,0.49206349206349204,-0.0008790269281396741,0.06857851412573668,0.1379576014352044,-0.06937908730946774,0.49206349206349204,-0.00044650880087088353,-0.20734262923817015,-0.09237829446759249,-0.11496433477057766,0.49603174603174605,-0.0005088254515618931,0.3302380181898761,0.6627320119892781,-0.33249399379940203,0.5026455026455027,-0.00026517674795996436,-0.19757308840020305,-0.12140450322694785,-0.0761685851732552,-0.13348305753783307,-0.1281228950923199,-0.0053601624455131835,0.4166666666666667,-0.010942287852739188,-0.3331706640420361,-0.24496383714802195,-0.1257885855347095,0.01008891644569987,0.07175179268294318,8,6,7,11,11,9,6,8,3,6,False,False,1
2023-03-31,XLC,communication_services,SPY,0.08468941641975358,0.03303705614923391,0.05165236027051967,0.5238095238095238,0.002363483185312548,0.21176779024727121,0.07175179268294318,0.14001599756432803,0.5555555555555556,0.0020215083480277633,0.20197210105067298,0.1379576014352044,0.06401449961546857,0.5396825396825397,0.0005039241358968436,-0.16508147161291842,-0.09237829446759249,-0.07270317714532593,0.5119047619047619,-0.00025672934995415526,0.34394194799849864,0.6627320119892781,-0.31879006399077947,0.49867724867724866,-0.00024036224576006338,-0.230269498578767,-0.12140450322694785,-0.10886499535181915,-0.2243432779665825,-0.1281228950923199,-0.0962203828742626,0.4166666666666667,-0.005785683886837654,-0.4194222427422347,-0.24496383714802195,-0.1257885855347095,0.21176779024727121,0.07175179268294318,2,2,3,9,9,10,11,8,1,2,True,False,1
2023-04-28,XLK,technology,SPY,0.024869280071419197,0.036327263832680146,-0.011457983761260948,0.47619047619047616,-0.0005033520581031352,0.10580085374822201,0.02917927736974435,0.07662157637847766,0.5555555555555556,0.0011781904925390373,0.20688643976501764,0.09793920428845304,0.1089472354765646,0.5317460317460317,0.0008261182875611231,0.0738335374985255,0.013676851998293715,0.06015668550023179,0.5158730158730159,0.00030737286253660717,0.7566436913677272,0.523870014536459,0.23277367683126826,0.5171957671957672,0.00025018364137022376,0.047776100210257244,-0.0218564276217319,0.06963252783198914,-0.12844925502772753,-0.12179440770513583,-0.006654847322591695,0.4166666666666667,0.004452362936055693,-0.28460382406676676,-0.22094839134442346,-0.11182309466184526,0.10580085374822201,0.02917927736974435,8,1,1,2,2,3,7,9,4,1,False,False,0
2023-04-28,XLF,financials,SPY,0.04079051796460953,0.036327263832680146,0.004463254131929384,0.47619047619047616,0.00020888257582800978,-0.08042427612880865,0.02917927736974435,-0.109603553498553,0.4603174603174603,-0.0017440675605838413,0.013709675829329804,0.09793920428845304,-0.08422952845912324,0.48412698412698413,-0.0006196500030592273,-0.03939200381143437,0.013676851998293715,-0.05306885580972809,0.48412698412698413,-0.00020667075016420815,0.5507498447150816,0.523870014536459,0.02687983017862261,0.48412698412698413,6.381109923009052e-05,-0.07704001947755101,-0.0218564276217319,-0.055183591855819114,-0.1285593093176376,-0.12179440770513583,-0.006764901612501761,0.75,-0.0027551499375823296,-0.2511834661008193,-0.22094839134442346,-0.11182309466184526,-0.08042427612880865,0.02917927736974435,5,11,10,9,5,9,8,1,6,11,False,False,-1
2023-04-28,XLI,industrials,SPY,0.0035124620576434396,0.036327263832680146,-0.032814801775036706,0.42857142857142855,-0.0015081343458317993,-0.0072148764719423,0.02917927736974435,-0.03639415384168665,0.47619047619047616,-0.0005631720362761151,0.10382420398020731,0.09793920428845304,0.005884999691754267,0.5317460317460317,3.7470654359984836e-05,0.05357557777492761,0.013676851998293715,0.03989872577663389,0.5357142857142857,0.00014309773392475904,0.6305425331464198,0.523870014536459,0.10667251860996085,0.5052910052910053,0.0001023786188178902,0.049887886409135884,-0.0218564276217319,0.07174431403086778,-0.12718568271676334,-0.12179440770513583,-0.0053912750116275054,0.5833333333333334,0.0037562739928799216,-0.20158557214194162,-0.22094839134442346,-0.11182309466184526,-0.0072148764719423,0.02917927736974435,11,7,3,3,4,2,6,3,9,7,False,False,-4
2023-04-28,XLE,energy,SPY,0.039438256971054075,0.036327263832680146,0.0031109931383739298,0.42857142857142855,0.00021568636989953758,-0.0571254738924889,0.02917927736974435,-0.08630475126223325,0.4444444444444444,-0.0012864425589647983,-0.01935914795242788,0.09793920428845304,-0.11729835224088092,0.4444444444444444,-0.0008148523203087028,0.1867100368655401,0.013676851998293715,0.1730331848672464,0.5238095238095238,0.000759414558460753,1.706961928743469,0.523870014536459,1.18309191420701,0.5026455026455027,0.0009421695043161507,0.14168400951840976,-0.0218564276217319,0.16354043714014166,-0.05067984058041963,-0.12179440770513583,0.0711145671247162,0.5,0.014515580662748107,-0.260437205682737,-0.22094839134442346,-0.11182309466184526,-0.0571254738924889,0.02917927736974435,6,9,11,1,1,1,2,5,5,9,False,False,2
2023-04-28,XLB,materials,SPY,0.021819127655119397,0.036327263832680146,-0.014508136177560749,0.5714285714285714,-0.000655825418404984,-0.029971758756780043,0.02917927736974435,-0.05915103612652439,0.49206349206349204,-0.0009147577090062881,0.09736453292866587,0.09793920428845304,-0.0005746713597871711,0.5158730158730159,1.6542526073798624e-05,-0.03474883165119913,0.013676851998293715,-0.048425683649492846,0.49206349206349204,-0.0001770120594705222,0.640766497941123,0.523870014536459,0.11689648340466396,0.5105820105820106,0.00012283867744615522,-0.05536005128043675,-0.0218564276217319,-0.03350362365870485,-0.20017267842312658,-0.12179440770513583,-0.07837827071799075,0.5,-0.004287698241048521,-0.24716350926099973,-0.22094839134442346,-0.11182309466184526,-0.029971758756780043,0.02917927736974435,10,8,4,8,3,8,10,5,7,8,False,False,-4
2023-04-28,XLY,consumer_discretionary,SPY,0.024032170204454584,0.036327263832680146,-0.012295093628225562,0.5238095238095238,-0.0005138871609503654,0.0028480498015726052,0.02917927736974435,-0.026331227568171744,0.5555555555555556,-0.00035395672716150126,0.022887957550311366,0.09793920428845304,-0.07505124673814167,0.5317460317460317,-0.0005019887490752612,-0.1116641844248295,0.013676851998293715,-0.12534103642312322,0.5317460317460317,-0.0004253436808056517,0.3193812461249068,0.523870014536459,-0.20448876841155217,0.503968253968254,-0.0001328611741535518,-0.13251180829816256,-0.0218564276217319,-0.11065538067643066,-0.12461262829174558,-0.12179440770513583,-0.002818220586609743,0.3333333333333333,-0.008251830877999319,-0.3360595384851369,-0.22094839134442346,-0.11182309466184526,0.0028480498015726052,0.02917927736974435,9,6,9,10,8,10,5,10,2,6,False,False,3
2023-04-28,XLP,consumer_staples,SPY,0.04790240553776792,0.036327263832680146,0.011575141705087777,0.47619047619047616,0.0005119768880627252,0.06796989658764807,0.02917927736974435,0.03879061921790372,0.5396825396825397,0.0005616341529344098,0.09547487819938061,0.09793920428845304,-0.0024643260890724328,0.5079365079365079,-5.370746089916171e-05,0.010456123378818072,0.013676851998293715,-0.0032207286194756435,0.503968253968254,-5.909818974162314e-05,0.4131107864602366,0.523870014536459,-0.1107592280762224,0.49603174603174605,-0.00013080311342899035,-0.03573451302436226,-0.0218564276217319,-0.013878085402630358,-0.12028587347656061,-0.12179440770513583,0.0015085342285752201,0.75,0.00043110466586031754,-0.1630235041136473,-0.22094839134442346,-0.11182309466184526,0.06796989658764807,0.02917927736974435,3,3,5,6,6,6,4,1,10,3,False,False,2
2023-04-28,XLV,health_care,SPY,0.048116044432133576,0.036327263832680146,0.01178878059945343,0.47619047619047616,0.0005410843736430648,0.008963168776995989,0.02917927736974435,-0.02021610859274836,0.42857142857142855,-0.0003285847740345714,0.024376110432857923,0.09793920428845304,-0.07356309385559512,0.46825396825396826,-0.0005826666693986835,0.028807942481184234,0.013676851998293715,0.015131090482890519,0.49603174603174605,1.591086636345093e-05,0.4052274855724616,0.523870014536459,-0.1186425289639974,0.48412698412698413,-0.00012854482930983976,-0.01842172157703237,-0.0218564276217319,0.0034347060446995314,-0.07371143398295354,-0.12179440770513583,0.04808297372218229,0.5,0.0020963970186537915,-0.16061060419996098,-0.22094839134442346,-0.11182309466184526,0.008963168776995989,0.02917927736974435,2,4,8,5,7,4,3,5,11,4,False,False,4
2023-04-28,XLU,utilities,SPY,0.030937202333169544,0.036327263832680146,-0.005390061499510601,0.5238095238095238,-0.0002349397235999235,0.00868676371511734,0.02917927736974435,-0.02049251365462701,0.47619047619047616,-0.00029815636135608443,0.07630997949240403,0.09793920428845304,-0.021629224796049007,0.47619047619047616,-0.00015413196287493767,-0.021391305738952315,0.013676851998293715,-0.03506815773724603,0.4880952380952381,-0.00014827603197094935,0.2794816132421363,0.523870014536459,-0.2443884012943227,0.4828042328042328,-0.00023332927488384342,-0.05075819162767081,-0.0218564276217319,-0.028901764005938912,-0.0382518232702711,-0.12179440770513583,0.08354258443486473,0.5833333333333334,-0.0014964688233233454,-0.2071599964132934,-0.22094839134442346,-0.11182309466184526,0.00868676371511734,0.02917927736974435,7,5,6,7,9,7,1,3,8,5,False,False,1
2023-04-28,XLRE,real_estate,SPY,0.04541692671043296,0.036327263832680146,0.009089662877752813,0.6190476190476191,0.0004502001182104452,-0.05777839155981901,0.02917927736974435,-0.08695766892956336,0.4603174603174603,-0.0013514510912391237,0.06954940537815268,0.09793920428845304,-0.028389798910300357,0.5158730158730159,-0.00015836532022263307,-0.18651022755013769,0.013676851998293715,-0.2001870795484314,0.4880952380952381,-0.000840736118245937,0.22235288463078984,0.523870014536459,-0.30151712990566915,0.5052910052910053,-0.00026963010538229635,-0.22185134785445404,-0.0218564276217319,-0.19999492023272214,-0.23898587035723384,-0.12179440770513583,-0.11719146265209801,0.3333333333333333,-0.0162067574650052,-0.3211134334866982,-0.22094839134442346,-0.11182309466184526,-0.05777839155981901,0.02917927736974435,4,10,7,11,11,11,11,10,3,10,False,False,-3
2023-04-28,XLC,communication_services,SPY,0.058116834654040384,0.036327263832680146,0.021789570821360238,0.47619047619047616,0.001080369204210962,0.08634086341294878,0.02917927736974435,0.057161586043204426,0.47619047619047616,0.00095017803446023,0.19943527694487395,0.09793920428845304,0.10149607265642091,0.5238095238095238,0.0007838207545598435,0.029006397691732966,0.013676851998293715,0.01532954569343925,0.5198412698412699,0.00013200608118679383,0.2753887263655128,0.523870014536459,-0.24848128817094617,0.5,-0.0001903707417832807,-0.027511552608295187,-0.0218564276217319,-0.005655124986563287,-0.17883408350329288,-0.12179440770513583,-0.05703967579815705,0.5,0.0005267958983069532,-0.3988944752252811,-0.22094839134442346,-0.11182309466184526,0.08634086341294878,0.02917927736974435,1,2,2,4,10,5,9,5,1,2,True,False,0
2023-05-31,XLK,technology,SPY,0.08852389541973493,0.00563163787651777,0.08289225754321716,0.6190476190476191,0.003841582458620239,0.2148952929127459,0.06258481290704299,0.1523104800057029,0.6031746031746031,0.0021659030139384475,0.2629295355005452,0.06430962692296194,0.19861990857758327,0.5634920634920635,0.0014132145517713715,0.1731455824155237,0.023285273836565645,0.14986030857895805,0.5277777777777778,0.0006125575961938927,0.722487032431385,0.4373861553752645,0.2851008770561205,0.5171957671957672,0.0003027231008803275,0.07773985242938442,0.017554773830828596,0.06018507859855582,-0.1177007240259994,-0.07723104487742938,-0.040469679148570026,0.5,0.012224352272868583,-0.2834774268869087,-0.22094839134442346,-0.10772318836407158,0.2148952929127459,0.06258481290704299,1,1,2,1,2,1,8,4,4,1,False,False,1
2023-05-31,XLF,financials,SPY,-0.03990336717456855,0.00563163787651777,-0.04553500505108632,0.3333333333333333,-0.0021769198279863113,-0.10343728782305672,0.06258481290704299,-0.1660221007300997,0.3968253968253968,-0.0026361518874974117,-0.095019252744869,0.06430962692296194,-0.15932887966783094,0.42857142857142855,-0.0012648671466413668,-0.08746594365318983,0.023285273836565645,-0.11075121748975547,0.46825396825396826,-0.0004415576837211734,0.4410656787663296,0.4373861553752645,0.0036795233910651426,0.48148148148148145,3.789859002107306e-05,-0.049539363906163536,0.017554773830828596,-0.06709413773699213,-0.05217165290858028,-0.07723104487742938,0.0250593919688491,0.6666666666666666,-0.008789428963092169,-0.2254134305021227,-0.22094839134442346,-0.10772318836407158,-0.10343728782305672,0.06258481290704299,6,11,10,7,4,8,5,2,7,11,False,False,-1
2023-05-31,XLI,industrials,SPY,-0.0367019772929732,0.00563163787651777,-0.04233361516949097,0.2857142857142857,-0.0020406398264566097,-0.040669390669307304,0.06258481290704299,-0.10325420357635029,0.38095238095238093,-0.0016077929427394644,-0.0175799200795137,0.06430962692296194,-0.08188954700247564,0.46825396825396826,-0.0006318525970389683,0.032892659966433646,0.023285273836565645,0.009607386129868,0.5198412698412699,3.4040549594873314e-05,0.5000693728237149,0.4373861553752645,0.0626832174484504,0.5066137566137566,6.46167492949324e-05,0.0722462162476305,0.017554773830828596,0.054691442416801905,-0.0225144801617444,-0.07723104487742938,0.05471656471568498,0.5833333333333334,0.0013326122655788937,-0.20158557214194162,-0.22094839134442346,-0.10772318836407158,-0.040669390669307304,0.06258481290704299,5,8,4,3,3,2,3,3,9,8,False,False,-4
2023-05-31,XLE,energy,SPY,-0.0900558370026544,0.00563163787651777,-0.09568747487917217,0.38095238095238093,-0.004663800442334477,-0.09316449636116075,0.06258481290704299,-0.15574930926820374,0.38095238095238093,-0.002415675828787178,-0.12494249717111405,0.06430962692296194,-0.189252124094076,0.42063492063492064,-0.0014636169357115144,-0.09719646205404575,0.023285273836565645,-0.1204817358906114,0.48412698412698413,-0.00036923671281271874,1.273298591770744,0.4373861553752645,0.8359124363954795,0.5026455026455027,0.0007763836195456866,-0.007847322222355069,0.017554773830828596,-0.025402096053183665,0.026973537541069792,-0.07723104487742938,0.10420458241849917,0.4166666666666667,-0.007333038516446122,-0.260437205682737,-0.22094839134442346,-0.10772318836407158,-0.09316449636116075,0.06258481290704299,11,10,11,8,1,6,1,7,5,10,False,False,1
2023-05-31,XLB,materials,SPY,-0.06819025968096692,0.00563163787651777,-0.0738218975574847,0.23809523809523808,-0.0036213560071516326,-0.08637956514952017,0.06258481290704299,-0.14896437805656315,0.38095238095238093,-0.0023702956216593504,-0.058308748560376156,0.06430962692296194,-0.1226183754833381,0.46825396825396826,-0.0009540681770961448,-0.12098020959339528,0.023285273836565645,-0.14426548342996093,0.4722222222222222,-0.0005802385510566313,0.436903539492266,0.4373861553752645,-0.0004826158829984717,0.503968253968254,2.279603029331471e-05,-0.05665314240475117,0.017554773830828596,-0.07420791623557976,-0.14212731263874911,-0.07723104487742938,-0.06489626776131974,0.4166666666666667,-0.011155583848549441,-0.24716350926099973,-0.22094839134442346,-0.10772318836407158,-0.08637956514952017,0.06258481290704299,10,9,8,10,5,10,9,7,6,9,False,False,-1
2023-05-31,XLY,consumer_discretionary,SPY,0.035587334803120596,0.00563163787651777,0.029955696926602826,0.6190476190476191,0.001418089686975152,0.058190783755803555,0.06258481290704299,-0.004394029151239431,0.5555555555555556,-3.1151146776997065e-05,0.07576269426403281,0.06430962692296194,0.011453067341070877,0.5634920634920635,0.000133128000533315,-0.0038887503558041603,0.023285273836565645,-0.027174024192369806,0.5515873015873016,-3.306456398002954e-05,0.25055433865887444,0.4373861553752645,-0.18683181671639004,0.503968253968254,-0.00012673977055587167,-0.03811951327739027,0.017554773830828596,-0.05567428710821887,-0.05392273939368175,-0.07723104487742938,0.023308305483747627,0.4166666666666667,-0.0020859727295056973,-0.3360595384851369,-0.22094839134442346,-0.10772318836407158,0.058190783755803555,0.06258481290704299,3,3,3,4,8,7,6,7,2,3,True,False,0
2023-05-31,XLP,consumer_staples,SPY,-0.06232259622177383,0.00563163787651777,-0.0679542340982916,0.42857142857142855,-0.0033439113648898945,0.021249560020305314,0.06258481290704299,-0.04133525288673767,0.5396825396825397,-0.0006509479633135264,-0.031819768726794484,0.06430962692296194,-0.09612939564975642,0.48412698412698413,-0.000774429755403883,-0.005637548631922562,0.023285273836565645,-0.028922822468488207,0.503968253968254,-0.0001576002941348697,0.3256209759671358,0.4373861553752645,-0.11176517940812869,0.49867724867724866,-0.00013686698261446367,0.06045261127275503,0.017554773830828596,0.042897837441926434,-0.031908373703502746,-0.07723104487742938,0.04532267117392663,0.75,-0.0014787695021358238,-0.1630235041136473,-0.22094839134442346,-0.10772318836407158,0.021249560020305314,0.06258481290704299,9,5,6,5,6,3,4,1,10,5,False,False,1
2023-05-31,XLV,health_care,SPY,-0.04760831776730212,0.00563163787651777,-0.05323995564381989,0.3333333333333333,-0.0026052936324332094,0.010779758086544966,0.06258481290704299,-0.05180505482049802,0.4126984126984127,-0.0008051176455076683,-0.053355674152997135,0.06430962692296194,-0.11766530107595907,0.42063492063492064,-0.0009491237207260614,-0.030614691554091245,0.023285273836565645,-0.05389996539065689,0.4801587301587302,-0.000247653353576477,0.2997959517941049,0.4373861553752645,-0.1375902035811596,0.48148148148148145,-0.00015343688358982803,0.017843106497289707,0.017554773830828596,0.0002883326664611108,-0.016676316837448746,-0.07723104487742938,0.06055472803998063,0.4166666666666667,-0.0028777756859950467,-0.16061060419996098,-0.22094839134442346,-0.10772318836407158,0.010779758086544966,0.06258481290704299,7,6,7,6,7,4,2,7,11,6,False,False,1
2023-05-31,XLU,utilities,SPY,-0.060347337672129964,0.00563163787651777,-0.06597897554864773,0.38095238095238093,-0.0032279782397509615,0.0231280986374911,0.06258481290704299,-0.039456714269551885,0.49206349206349204,-0.0005831667027783294,-0.06076389218928069,0.06430962692296194,-0.12507351911224263,0.4365079365079365,-0.000985355222228695,-0.11209128581537275,0.023285273836565645,-0.1353765596519384,0.48412698412698413,-0.0005585242913662489,0.19346424877362223,0.4373861553752645,-0.24392190660164226,0.4828042328042328,-0.0002493345470010565,-0.05506710108717594,0.017554773830828596,-0.07262187491800454,-0.11658534905585893,-0.07723104487742938,-0.039354304178429556,0.5,-0.010144011899620775,-0.2071599964132934,-0.22094839134442346,-0.10772318836407158,0.0231280986374911,0.06258481290704299,8,4,9,9,9,9,7,4,8,4,False,False,5
2023-05-31,XLRE,real_estate,SPY,-0.036363726303820454,0.00563163787651777,-0.041995364180338224,0.42857142857142855,-0.0019984571040982365,-0.03518176751270474,0.06258481290704299,-0.09776658041974773,0.47619047619047616,-0.001478361644649698,-0.026555761416273138,0.06430962692296194,-0.09086538833923508,0.49206349206349204,-0.0006663781099666964,-0.16687057571974806,0.023285273836565645,-0.1901558495563137,0.48412698412698413,-0.0007813655306596894,0.14744857367353448,0.4373861553752645,-0.28993758170173,0.5052910052910053,-0.0002778639658230897,-0.1354316488267382,0.017554773830828596,-0.1529864226575668,-0.18363327242750116,-0.07723104487742938,-0.10640222755007178,0.3333333333333333,-0.015913007698399446,-0.3211134334866982,-0.22094839134442346,-0.10772318836407158,-0.03518176751270474,0.06258481290704299,4,7,5,11,11,11,10,11,3,7,False,False,-2
2023-05-31,XLC,communication_services,SPY,0.03923872171117182,0.00563163787651777,0.03360708383465405,0.6666666666666666,0.0015874781680009459,0.17555416853337968,0.06258481290704299,0.1129693556263367,0.5714285714285714,0.0016533093244572544,0.26647416692707937,0.06430962692296194,0.20216454000411743,0.5634920634920635,0.0014474461265840126,0.04363728505208431,0.023285273836565645,0.02035201121551866,0.5277777777777778,0.00014710530619759958,0.18170014216021024,0.4373861553752645,-0.25568601321505424,0.5,-0.00021406417169905385,0.004232486000588898,0.017554773830828596,-0.013322287830239699,-0.20230687341976583,-0.07723104487742938,-0.12507582854233645,0.5,0.0019952528172819117,-0.35932369217701843,-0.22094839134442346,-0.10772318836407158,0.17555416853337968,0.06258481290704299,2,2,1,2,10,5,11,4,1,2,True,False,-1
2023-06-30,XLK,technology,SPY,0.06053163564581099,0.0647997530356983,-0.004268117389887305,0.47619047619047616,-0.0001566001198008453,0.17023195508657474,0.1021217471164324,0.06811020797014233,0.5238095238095238,0.0009945463446267523,0.4379374063068988,0.18575017120602633,0.2521872351008725,0.5714285714285714,0.0015755564846703753,0.36248429769242807,0.1845154840153329,0.17796881367709516,0.5277777777777778,0.0006210658805698719,0.7386754849963133,0.5231219281194266,0.2155535568768867,0.5105820105820106,0.00023933506131339232,0.28471820349116017,0.112430276808696,0.17228792668246418,0.017252481138608777,0.04521301759231111,-0.027960536453702334,0.5,0.012807346177075149,-0.2834774268869087,-0.22094839134442346,-0.04990387133058316,0.17023195508657474,0.1021217471164324,6,1,1,1,2,1,9,4,4,1,False,False,0
2023-06-30,XLF,financials,SPY,0.06616046325635727,0.0647997530356983,0.0013607102206589783,0.47619047619047616,7.354785961288273e-05,0.06481948166477403,0.1021217471164324,-0.03730226545165838,0.42857142857142855,-0.0005307269811197585,0.0061889040648879234,0.18575017120602633,-0.1795612671411384,0.42063492063492064,-0.001274509424701182,0.08486695982111536,0.1845154840153329,-0.09964852419421755,0.47619047619047616,-0.0003333270267126485,0.5654540540036723,0.5231219281194266,0.04233212588424573,0.4828042328042328,6.355316645200899e-05,0.017545667101200868,0.112430276808696,-0.09488460970749513,0.12438377301117942,0.04521301759231111,0.07917075541886831,0.75,-0.006308100760927147,-0.2250212616527002,-0.22094839134442346,-0.04990387133058316,0.06481948166477403,0.1021217471164324,5,5,7,7,5,8,3,1,7,5,False,False,2
2023-06-30,XLI,industrials,SPY,0.11253660277099198,0.0647997530356983,0.047736849735293685,0.5238095238095238,0.002118784399074213,0.07900220873160091,0.1021217471164324,-0.023119538384831495,0.42857142857142855,-0.00031543303449055847,0.11079286790181286,0.18575017120602633,-0.07495730330421346,0.4365079365079365,-0.0005062771649209502,0.2544845690265696,0.1845154840153329,0.06996908501123666,0.5198412698412699,0.0002294878132306455,0.6459387808866783,0.5231219281194266,0.12281685276725174,0.5066137566137566,0.00010706173208692034,0.1275894796647843,0.112430276808696,0.015159202856088294,0.14776713415308795,0.04521301759231111,0.10255411656077684,0.5833333333333334,0.0042702142475332565,-0.20158557214194162,-0.22094839134442346,-0.04990387133058316,0.07900220873160091,0.1021217471164324,2,4,4,2,3,3,2,3,9,4,False,False,0
2023-06-30,XLE,energy,SPY,0.06913362514964927,0.0647997530356983,0.004333872113950976,0.47619047619047616,0.0002551775325206367,-0.004559508764607645,0.1021217471164324,-0.10668125588104005,0.42857142857142855,-0.0015374479622047748,-0.03813604163248019,0.18575017120602633,-0.22388621283850652,0.42063492063492064,-0.0015726364036746918,0.1567841120077449,0.1845154840153329,-0.027731372007588018,0.48412698412698413,1.2539649634520904e-05,1.5138345226545598,0.5231219281194266,0.9907125945351332,0.5026455026455027,0.0008188241636380357,0.0819827239516735,0.112430276808696,-0.030447552857022497,0.2364704267477733,0.04521301759231111,0.1912574091554622,0.5,0.0010234273607983568,-0.260437205682737,-0.22094839134442346,-0.04990387133058316,-0.004559508764607645,0.1021217471164324,4,10,10,5,1,5,1,4,5,10,False,False,0
2023-06-30,XLB,materials,SPY,0.11005666637446354,0.0647997530356983,0.04525691333876525,0.5238095238095238,0.0020294924915904566,0.0492180030963254,0.1021217471164324,-0.052903744020107,0.4444444444444444,-0.0007568816736626674,0.08074227282695223,0.18575017120602633,-0.1050078983790741,0.47619047619047616,-0.0007105036164915182,0.13663530009464875,0.1845154840153329,-0.04788018392068416,0.49206349206349204,-0.00013946931234306816,0.5834723945188072,0.5231219281194266,0.060350466399380576,0.5026455026455027,7.342179621893356e-05,0.023943492729063376,0.112430276808696,-0.08848678407963262,0.08734523248856263,0.04521301759231111,0.04213221489625152,0.5,-0.00251829912225777,-0.24716350926099973,-0.22094839134442346,-0.04990387133058316,0.0492180030963254,0.1021217471164324,3,6,5,6,4,7,4,4,6,6,False,False,-1
2023-06-30,XLY,consumer_discretionary,SPY,0.12229799304784672,0.0647997530356983,0.05749824001214843,0.6666666666666666,0.0025464105887854638,0.16822207636737474,0.1021217471164324,0.06610032925094234,0.5873015873015873,0.0009639208420820319,0.3517407747502055,0.18575017120602633,0.16599060354417916,0.6111111111111112,0.0010893921061857412,0.22910387457901038,0.1845154840153329,0.04458839056367747,0.5595238095238095,0.00021102504368925024,0.37902456270204743,0.5231219281194266,-0.14409736541737916,0.5052910052910053,-7.267993010824537e-05,0.09516713225255691,0.112430276808696,-0.017263144556139087,0.01803784244609763,0.04521301759231111,-0.02717517514621348,0.5,0.004763946057819342,-0.3360595384851369,-0.22094839134442346,-0.04990387133058316,0.16822207636737474,0.1021217471164324,1,2,3,3,7,4,8,4,2,2,True,False,1
2023-06-30,XLP,consumer_staples,SPY,0.027882118698785874,0.0647997530356983,-0.03691763433691242,0.38095238095238093,-0.0016883148089854424,0.007909690874321917,0.1021217471164324,-0.09421205624211049,0.4444444444444444,-0.0014305883734448894,0.006103056105259963,0.18575017120602633,-0.17964711510076636,0.46825396825396826,-0.0013208506743778634,0.05483483041541848,0.1845154840153329,-0.12968065359991443,0.49206349206349204,-0.0004966229934183119,0.37573749971023895,0.5231219281194266,-0.14738442840918764,0.49603174603174605,-0.00016240090129016502,0.02622159800848811,0.112430276808696,-0.08620867880020788,0.05994892775176286,0.04521301759231111,0.014735910159451748,0.6666666666666666,-0.009725450871376745,-0.1630235041136473,-0.22094839134442346,-0.04990387133058316,0.007909690874321917,0.1021217471164324,10,9,8,8,8,6,6,2,10,9,False,False,-1
2023-06-30,XLV,health_care,SPY,0.042606102012284985,0.0647997530356983,-0.022193651023413308,0.47619047619047616,-0.0010046752157909459,0.0404899605746194,0.1021217471164324,-0.061631786541813005,0.4444444444444444,-0.0009179374330387099,-0.00796168893525484,0.18575017120602633,-0.19371186014128117,0.40476190476190477,-0.001429524599768712,0.04942688885102453,0.1845154840153329,-0.13508859516430838,0.46825396825396826,-0.0005089577110607601,0.41282389511299145,0.5231219281194266,-0.11029803300643515,0.48677248677248675,-0.0001189998951593078,0.0065420553606725385,0.112430276808696,-0.10588822144802346,0.06327374271226605,0.04521301759231111,0.018060725119954935,0.3333333333333333,-0.009735275339318478,-0.16061060419996098,-0.22094839134442346,-0.04990387133058316,0.0404899605746194,0.1021217471164324,9,7,9,9,6,9,5,10,11,7,False,False,2
2023-06-30,XLU,utilities,SPY,0.015961101352686802,0.0647997530356983,-0.04883865168301149,0.23809523809523808,-0.0022231349997953176,-0.018357737642676564,0.1021217471164324,-0.12047948475910897,0.3968253968253968,-0.0018275668473349985,-0.05967757676473917,0.18575017120602633,-0.2454277479707655,0.3888888888888889,-0.0018272700876333203,-0.02753633214835871,0.1845154840153329,-0.21205181616369162,0.4642857142857143,-0.0007746160409345952,0.276692788403593,0.5231219281194266,-0.24642913971583358,0.47883597883597884,-0.00023541224586293166,-0.04281407373090518,0.112430276808696,-0.15524435053960117,0.019111082196589635,0.04521301759231111,-0.026101935395721476,0.4166666666666667,-0.01700932318149347,-0.2071599964132934,-0.22094839134442346,-0.04990387133058316,-0.018357737642676564,0.1021217471164324,11,11,11,10,9,10,7,9,8,11,False,False,0
2023-06-30,XLRE,real_estate,SPY,0.05583934386344547,0.0647997530356983,-0.008960409172252826,0.47619047619047616,-0.000375907660125989,0.04025284231182602,0.1021217471164324,-0.061868904804606384,0.49206349206349204,-0.0008861885030304518,0.051103789173843284,0.18575017120602633,-0.13464638203218304,0.49206349206349204,-0.0009108576197517123,-0.04209654838975907,0.1845154840153329,-0.22661203240509198,0.4801587301587302,-0.00080684142260477,0.21418193227753024,0.5231219281194266,-0.30893999584189635,0.5079365079365079,-0.0002815913335773864,-0.09275643384801802,0.112430276808696,-0.205186710656714,-0.06800664055299244,0.04521301759231111,-0.11321965814530355,0.25,-0.017877890354277753,-0.3211134334866982,-0.22094839134442346,-0.04990387133058316,0.04025284231182602,0.1021217471164324,7,8,6,11,11,11,10,11,3,8,False,False,-2
2023-06-30,XLC,communication_services,SPY,0.04732796794374461,0.0647997530356983,-0.017471785091953684,0.5238095238095238,-0.0007761967423996934,0.14602139695488026,0.1021217471164324,0.04389964983844785,0.5714285714285714,0.0006611628549096968,0.40025583889066296,0.18575017120602633,0.21450566768463664,0.5634920634920635,0.0013775770797787438,0.19540083700604205,0.1845154840153329,0.01088535299070914,0.5238095238095238,0.00010096112035627559,0.2485371391777691,0.5231219281194266,-0.2745847889416575,0.49867724867724866,-0.00021726443556864238,0.14138156680090752,0.112430276808696,0.028951289992211526,-0.0987723266631575,0.04521301759231111,-0.1439853442554686,0.5,0.001859631923275068,-0.35932369217701843,-0.22094839134442346,-0.04990387133058316,0.14602139695488026,0.1021217471164324,8,3,2,4,10,2,11,4,1,3,False,False,-1
2023-07-31,XLK,technology,SPY,0.04212932726683549,0.04492022487221203,-0.002790897605376541,0.5238095238095238,-9.946194923883214e-05,0.18493397873471729,0.10473027392168932,0.08020370481302797,0.5396825396825397,0.00115571054801438,0.31030100532012805,0.13696550500320392,0.17333550031692413,0.5476190476190477,0.0011669505202767088,0.26778377450342394,0.14577694596334112,0.12200682854008282,0.5238095238095238,0.000464113204631127,0.7335884873814917,0.4911392310792215,0.2424492563022702,0.5119047619047619,0.00026268398794807816,0.21653209571254117,0.0965209770951303,0.12001111861741087,-0.1264432340227568,-0.05256406323195639,-0.07387917079080042,0.4166666666666667,0.009012197045292306,-0.2290327024297718,-0.16680332698589528,-0.018804084074861893,0.18493397873471729,0.10473027392168932,5,1,1,1,2,1,8,7,6,1,False,False,0
2023-07-31,XLF,financials,SPY,0.05715131474995094,0.04492022487221203,0.01223108987773891,0.5238095238095238,0.0005642820697602193,0.06989838219524347,0.10473027392168932,-0.03483189172644585,0.4444444444444444,-0.0004904890260780123,-0.016147420724192618,0.13696550500320392,-0.15311292572739654,0.4523809523809524,-0.0011172782933309268,0.08535148958209704,0.14577694596334112,-0.06042545638124408,0.4880952380952381,-0.0001999940025037865,0.5600517820944098,0.4911392310792215,0.06891255101518823,0.4828042328042328,8.58863656043916e-05,0.02667562764069986,0.0965209770951303,-0.06984534945443044,0.03286634532531574,-0.05256406323195639,0.08543040855727213,0.8333333333333334,-0.003528105319635544,-0.16270284122831136,-0.16680332698589528,-0.018804084074861893,0.06989838219524347,0.10473027392168932,3,5,9,7,4,7,3,1,9,5,False,False,4
2023-07-31,XLI,industrials,SPY,0.03768446903514455,0.04492022487221203,-0.007235755837067481,0.38095238095238093,-0.00032834700257825374,0.1086153931038556,0.10473027392168932,0.0038851191821662745,0.4126984126984127,6.990968200703049e-05,0.10061686998771746,0.13696550500320392,-0.036348635015486463,0.4444444444444444,-0.0002466311771345423,0.19926472680532936,0.14577694596334112,0.05348778084198824,0.5079365079365079,0.00018292695383144894,0.6147648535654784,0.4911392310792215,0.12362562248625686,0.503968253968254,0.0001089442995286416,0.15571232160815174,0.0965209770951303,0.05919134451302144,0.06323450108581086,-0.05256406323195639,0.11579856431776725,0.5,0.0037351024867884517,-0.17202290322027614,-0.16680332698589528,-0.018804084074861893,0.1086153931038556,0.10473027392168932,6,4,4,4,3,2,2,5,8,4,False,False,0
2023-07-31,XLE,energy,SPY,0.08468685612423954,0.04492022487221203,0.03976663125202751,0.6666666666666666,0.001844520959956501,0.03665614969508901,0.10473027392168932,-0.06807412422660031,0.5079365079365079,-0.0009326967249647514,-0.022563324119805883,0.13696550500320392,-0.1595288291230098,0.47619047619047616,-0.0011095696419647749,0.21171109231135277,0.14577694596334112,0.06593414634801165,0.49603174603174605,0.00032273132978893584,1.7158613668207519,0.4911392310792215,1.2247221357415303,0.5092592592592593,0.0009441057069618749,0.1171068271639164,0.0965209770951303,0.020585850068786105,0.1956556720066538,-0.05256406323195639,0.24821973523861018,0.5,0.00430835814890318,-0.260437205682737,-0.16680332698589528,-0.018804084074861893,0.03665614969508901,0.10473027392168932,1,7,10,3,1,4,1,5,4,7,False,False,3
2023-07-31,XLB,materials,SPY,0.044092518673104486,0.04492022487221203,-0.0008277061991075474,0.5238095238095238,-1.1674208298533062e-05,0.06940300125138243,0.10473027392168932,-0.035327272670306886,0.4444444444444444,-0.0004879264405505106,0.0373511124840995,0.13696550500320392,-0.09961439251910442,0.46825396825396826,-0.0007013420747783994,0.1357720969947156,0.14577694596334112,-0.010004848968625524,0.49603174603174605,-8.528990118669743e-06,0.491835244055274,0.4911392310792215,0.0006960129760524847,0.49867724867724866,2.2183960029693e-05,0.08780790656188509,0.0965209770951303,-0.008713070533245215,0.0317314179185324,-0.05256406323195639,0.0842954811504888,0.5833333333333334,-5.425419483033137e-05,-0.2297249091512893,-0.16680332698589528,-0.018804084074861893,0.06940300125138243,0.10473027392168932,4,6,6,5,5,5,4,3,5,6,False,False,0
2023-07-31,XLY,consumer_discretionary,SPY,0.036140206066866076,0.04492022487221203,-0.008780018805345957,0.7142857142857143,-0.00035758042290706936,0.17739383464355796,0.10473027392168932,0.07266356072186864,0.6507936507936508,0.0010472809881927636,0.1807471109206873,0.13696550500320392,0.04378160591748337,0.6031746031746031,0.00034666213051563115,0.11939973150697769,0.14577694596334112,-0.02637721445636343,0.5595238095238095,-3.313215772273708e-05,0.3176293393600109,0.4911392310792215,-0.1735098917192106,0.5105820105820106,-0.00010430963039105941,0.08035546246792258,0.0965209770951303,-0.016165514627207722,-0.18375561682717823,-0.05256406323195639,-0.13119155359522183,0.4166666666666667,-0.0030531821905273315,-0.26651378320951313,-0.16680332698589528,-0.018804084074861893,0.17739383464355796,0.10473027392168932,8,2,3,6,7,6,11,7,3,2,True,False,1
2023-07-31,XLP,consumer_staples,SPY,0.030191691571179735,0.04492022487221203,-0.014728533301032298,0.38095238095238093,-0.0006735513628489253,-0.01488385659679492,0.10473027392168932,-0.11961413051848424,0.4126984126984127,-0.0018244443426814873,0.05207438579714374,0.13696550500320392,-0.08489111920606018,0.47619047619047616,-0.0006314050948735387,0.03511428654377213,0.14577694596334112,-0.11066265941956899,0.48412698412698413,-0.00043510460654372493,0.30505217041875055,0.4911392310792215,-0.18608706066047098,0.49206349206349204,-0.00020374555847398946,0.004778329133177772,0.0965209770951303,-0.09174264796195253,0.020069551614664283,-0.05256406323195639,0.07263361484662068,0.6666666666666666,-0.006063023641194459,-0.15505351892877328,-0.16680332698589528,-0.018804084074861893,-0.01488385659679492,0.10473027392168932,9,10,5,8,8,9,6,2,10,10,False,False,-5
2023-07-31,XLV,health_care,SPY,0.021083889616528628,0.04492022487221203,-0.023836335255683405,0.2857142857142857,-0.0010847004586157292,0.008778776728011639,0.10473027392168932,-0.09595149719367768,0.38095238095238093,-0.0014426263473523927,0.017820631162476452,0.13696550500320392,-0.11914487384072747,0.40476190476190477,-0.000885605560693482,0.026241460048010756,0.14577694596334112,-0.11953548591533036,0.4523809523809524,-0.0004630735865129369,0.328305792900367,0.4911392310792215,-0.16283343817885454,0.4775132275132275,-0.00017224234985339346,0.005051074141830814,0.0965209770951303,-0.09146990295329949,0.030205716619757572,-0.05256406323195639,0.08276977985171396,0.3333333333333333,-0.006961750267844162,-0.11019693912971429,-0.16680332698589528,-0.018804084074861893,0.008778776728011639,0.10473027392168932,10,9,7,9,6,8,5,10,11,9,False,False,-2
2023-07-31,XLU,utilities,SPY,0.03631039063394992,0.04492022487221203,-0.008609834238262115,0.3333333333333333,-0.0003599833891268791,-0.019868539091130955,0.10473027392168932,-0.12459881301282028,0.3333333333333333,-0.0018826634703419034,-0.011354368680462912,0.13696550500320392,-0.14831987368366684,0.40476190476190477,-0.001090409915848994,-0.05714484526349006,0.14577694596334112,-0.20292179122683118,0.44841269841269843,-0.000764818555922466,0.21693117938410844,0.4911392310792215,-0.2742080516951131,0.47354497354497355,-0.0002707593067172451,-0.09018073807044436,0.0965209770951303,-0.18670171516557466,-0.012261248375235012,-0.05256406323195639,0.04030281485672138,0.4166666666666667,-0.014770274319717502,-0.2071599964132934,-0.16680332698589528,-0.018804084074861893,-0.019868539091130955,0.10473027392168932,7,11,8,10,10,10,7,7,7,11,False,False,-3
2023-07-31,XLRE,real_estate,SPY,0.01840004863799405,0.04492022487221203,-0.026520176234217985,0.5714285714285714,-0.001207992240451782,0.021384331924548583,0.10473027392168932,-0.08334594199714074,0.49206349206349204,-0.0012183671579151286,-0.037629611938452046,0.13696550500320392,-0.17459511694165597,0.47619047619047616,-0.0012849091245771263,-0.10278368110366487,0.14577694596334112,-0.248560627067006,0.49206349206349204,-0.000933387225810268,0.175145394675849,0.4911392310792215,-0.31599383640337253,0.5119047619047619,-0.0002970448193020512,-0.1189942301198138,0.0965209770951303,-0.2155152072149441,-0.1439489544163346,-0.05256406323195639,-0.0913848911843782,0.25,-0.01892078279272637,-0.2983729899672495,-0.16680332698589528,-0.018804084074861893,0.021384331924548583,0.10473027392168932,11,8,11,11,11,11,9,11,1,8,False,False,3
2023-07-31,XLC,communication_services,SPY,0.06767026967709078,0.04492022487221203,0.022750044804878744,0.47619047619047616,0.001063872525754181,0.1502789767274244,0.10473027392168932,0.045548702805735086,0.5714285714285714,0.0006656058925246462,0.24959505674383342,0.13696550500320392,0.1126295517406295,0.5238095238095238,0.0008078919634924381,0.23192465482901903,0.14577694596334112,0.08614770886567791,0.5277777777777778,0.00034595055463608536,0.2449322185870415,0.4911392310792215,-0.24620701249218002,0.5,-0.00019269877943543296,0.15384373791882933,0.0965209770951303,0.057322760823699026,-0.15536006770879007,-0.05256406323195639,-0.10279600447683368,0.5833333333333334,0.007892452563813138,-0.2752438528111182,-0.16680332698589528,-0.018804084074861893,0.1502789767274244,0.10473027392168932,2,3,2,2,9,3,10,3,2,3,False,False,-1
2023-08-31,XLK,technology,SPY,0.008207583323681655,0.0004886136993706991,0.007718969624310956,0.5238095238095238,0.0004080141740475451,0.060729076365328094,0.07160124169742166,-0.010872165332093564,0.49206349206349204,-0.0001246462598812839,0.2859289029364036,0.14061485344075564,0.14531404949564797,0.5476190476190477,0.0009898285028467778,0.2984836915724922,0.149404048052868,0.14907964351962422,0.5317460317460317,0.0005458401915945919,0.4641350098627335,0.34384694741695765,0.12028806244577583,0.5079365079365079,0.0001764295032693518,0.28791303799945567,0.1488427077674308,0.13907033023202486,0.0007102314449154434,0.02966796065625421,-0.028957729211338767,0.5,0.01096394937309314,-0.2290327024297718,-0.16680332698589528,-0.034750478261144746,0.060729076365328094,0.07160124169742166,3,7,1,1,2,1,8,4,5,7,False,False,-6
2023-08-31,XLF,financials,SPY,-0.018555489194232444,0.0004886136993706991,-0.019044102893603143,0.38095238095238093,-0.000916480470049272,0.07583365024295019,0.07160124169742166,0.004232408545528532,0.47619047619047616,6.901866568270126e-05,-0.02044419018462018,0.14061485344075564,-0.16105904362537582,0.4444444444444444,-0.0011743855582586563,0.054264070672189746,0.149404048052868,-0.09513997738067825,0.48412698412698413,-0.0003288965098338978,0.43728902472976316,0.34384694741695765,0.09344207731280552,0.48412698412698413,0.0001136421330815131,0.07419630867020399,0.1488427077674308,-0.07464639909722681,0.11059408906427581,0.02966796065625421,0.0809261284080216,0.75,-0.006273035992633412,-0.16270284122831136,-0.16680332698589528,-0.034750478261144746,0.07583365024295019,0.07160124169742166,8,5,11,8,4,8,3,1,9,5,False,False,6
2023-08-31,XLI,industrials,SPY,-0.012409747621331402,0.0004886136993706991,-0.0128983613207021,0.47619047619047616,-0.0006204068769091504,0.10778674434756597,0.07160124169742166,0.03618550265014431,0.47619047619047616,0.0005365675180994392,0.06385150424406838,0.14061485344075564,-0.07676334919668726,0.42857142857142855,-0.000540847869067603,0.17535362490192452,0.149404048052868,0.02594957684905652,0.49206349206349204,8.964811914089461e-05,0.43910932753056,0.34384694741695765,0.09526238011360233,0.5052910052910053,9.320957513826862e-05,0.19012274784103722,0.1488427077674308,0.04128004007360642,0.09716150225904419,0.02966796065625421,0.06749354160278997,0.4166666666666667,0.00234868451646549,-0.17202290322027614,-0.16680332698589528,-0.034750478261144746,0.10778674434756597,0.07160124169742166,6,3,4,3,3,3,4,7,8,3,False,False,1
2023-08-31,XLE,energy,SPY,0.03479592151766986,0.0004886136993706991,0.03430730781829916,0.5714285714285714,0.001617035487135432,0.1568636761898543,0.07160124169742166,0.08526243449243265,0.5714285714285714,0.0012618140256182883,0.052844905459925595,0.14061485344075564,-0.08776994798083004,0.47619047619047616,-0.0005619176924833449,0.13948003674211273,0.149404048052868,-0.009924011310755265,0.49206349206349204,5.2960794651213485e-05,1.7961730485169047,0.34384694741695765,1.452326101099947,0.5145502645502645,0.0011166241399757468,0.1011640199266628,0.1488427077674308,-0.04767868784076801,0.13056171605241418,0.02966796065625421,0.10089375539615997,0.5,0.001230331269338969,-0.260437205682737,-0.16680332698589528,-0.034750478261144746,0.1568636761898543,0.07160124169742166,1,1,5,4,1,5,1,4,2,1,True,False,4
2023-08-31,XLB,materials,SPY,-0.01649281470999886,0.0004886136993706991,-0.01698142840936956,0.47619047619047616,-0.0008205022378403592,0.09571872303339668,0.07160124169742166,0.024117481335975022,0.5079365079365079,0.0003754783425387695,0.0029831405010642964,0.14061485344075564,-0.13763171293969134,0.4444444444444444,-0.0009957571823697216,0.10906379923019816,0.149404048052868,-0.040340248822669844,0.49206349206349204,-0.00011756192318469683,0.37538120086287874,0.34384694741695765,0.03153425344592109,0.4973544973544973,5.15758323249411e-05,0.12766212165819102,0.1488427077674308,-0.021180586109239785,0.12220365737204997,0.02966796065625421,0.09253569671579576,0.5,-0.001994441881636444,-0.2264033928267799,-0.16680332698589528,-0.034750478261144746,0.09571872303339668,0.07160124169742166,7,4,8,5,5,4,2,4,6,4,False,False,4
2023-08-31,XLY,consumer_discretionary,SPY,0.011974670007038002,0.0004886136993706991,0.011486056307667303,0.47619047619047616,0.0005775365805582895,0.1150807226106223,0.07160124169742166,0.04347948091320064,0.5873015873015873,0.0006728317384632798,0.19790103430753336,0.14061485344075564,0.057286180866777725,0.5793650793650794,0.0004273739844955793,0.09770665461746542,0.149404048052868,-0.05169739343540258,0.5515873015873016,-0.00012760931076519783,0.16134090035859283,0.34384694741695765,-0.18250604705836482,0.5079365079365079,-0.00013289876642129993,0.0847175202614816,0.1488427077674308,-0.0641251875059492,-0.04864569423109555,0.02966796065625421,-0.07831365488734976,0.4166666666666667,-0.002793007830033445,-0.26651378320951313,-0.16680332698589528,-0.034750478261144746,0.1150807226106223,0.07160124169742166,2,2,3,6,9,6,10,7,1,2,True,False,1
2023-08-31,XLP,consumer_staples,SPY,-0.03769344572676703,0.0004886136993706991,-0.03818205942613773,0.3333333333333333,-0.0018615643603064203,0.009174951213725802,0.07160124169742166,-0.06242629048369586,0.38095238095238093,-0.0009575402576725492,0.015845074313626473,0.14061485344075564,-0.12476977912712917,0.4523809523809524,-0.0009332576665164192,0.01466608107841183,0.149404048052868,-0.13473796697445617,0.46825396825396826,-0.000524191362025116,0.19445503695128386,0.34384694741695765,-0.1493919104656738,0.4894179894179894,-0.00018351985051679354,0.05441044392004857,0.1488427077674308,-0.09443226384738224,0.016203366435336042,0.02966796065625421,-0.013464594220918169,0.5833333333333334,-0.0099652639157664,-0.13254820423082014,-0.16680332698589528,-0.034750478261144746,0.009174951213725802,0.07160124169742166,10,10,7,9,7,9,7,2,10,10,False,False,-3
2023-08-31,XLV,health_care,SPY,-0.002471355076915871,0.0004886136993706991,-0.00295996877628657,0.38095238095238093,-0.00014910271023742326,0.039545619517621367,0.07160124169742166,-0.03205562217980029,0.3968253968253968,-0.00048133577503248513,0.051198149293125716,0.14061485344075564,-0.08941670414762992,0.40476190476190477,-0.0006535143394727071,0.0781350244022243,0.149404048052868,-0.07126902365064369,0.44841269841269843,-0.00027789736398430395,0.291763390034931,0.34384694741695765,-0.052083557382026635,0.4775132275132275,-7.18722358112979e-05,0.08080607999518197,0.1488427077674308,-0.06803662777224884,0.0707479718260342,0.02966796065625421,0.041080011169779995,0.4166666666666667,-0.004710209285507037,-0.11019693912971429,-0.16680332698589528,-0.034750478261144746,0.039545619517621367,0.07160124169742166,5,8,6,7,6,7,5,7,11,8,False,False,-2
2023-08-31,XLU,utilities,SPY,-0.04966057646773536,0.0004886136993706991,-0.05014919016710606,0.42857142857142855,-0.0024425585285689526,-0.01526125011946744,0.07160124169742166,-0.0868624918168891,0.3492063492063492,-0.0013241809227482792,-0.01851084800597491,0.14061485344075564,-0.15912570144673055,0.4126984126984127,-0.0011762397003929935,-0.13278247842537727,0.149404048052868,-0.28218652647824527,0.4365079365079365,-0.0011045651043001348,0.16904623149693365,0.34384694741695765,-0.174800715920024,0.4775132275132275,-0.00018681726282758574,-0.08746548853954783,0.1488427077674308,-0.23630819630697864,-0.06284830783058382,0.02966796065625421,-0.09251626848683803,0.3333333333333333,-0.02258753483149421,-0.2071599964132934,-0.16680332698589528,-0.034750478261144746,-0.01526125011946744,0.07160124169742166,11,11,10,11,8,11,11,10,7,11,False,False,-1
2023-08-31,XLRE,real_estate,SPY,-0.024762765659352537,0.0004886136993706991,-0.025251379358723236,0.47619047619047616,-0.0012102841194534214,0.036782322401138545,0.07160124169742166,-0.03481891929628311,0.5396825396825397,-0.000507596311903006,-0.012280505073405834,0.14061485344075564,-0.15289535851416147,0.5,-0.0011078265563179137,-0.08533501769878804,0.149404048052868,-0.23473906575165604,0.49206349206349204,-0.0008682777403781505,0.11889643980119691,0.34384694741695765,-0.22495050761576074,0.5171957671957672,-0.00022546125339455197,-0.062110274204602134,0.1488427077674308,-0.21095298197203294,-0.013701122490311413,0.02966796065625421,-0.04336908314656562,0.25,-0.018805243832826234,-0.25497584130985196,-0.16680332698589528,-0.034750478261144746,0.036782322401138545,0.07160124169742166,9,9,9,10,10,10,9,11,3,9,False,False,0
2023-08-31,XLC,communication_services,SPY,0.004747048422571787,0.0004886136993706991,0.004258434723201088,0.6190476190476191,0.0002270936844033392,0.0754596075519578,0.07160124169742166,0.003858365854536139,0.5396825396825397,8.276027601038569e-05,0.2693690020733641,0.14061485344075564,0.12875414863260848,0.5555555555555556,0.0008867218734240063,0.25967069026755074,0.149404048052868,0.11026664221468274,0.5317460317460317,0.0004209373183972279,0.09248997733690101,0.34384694741695765,-0.25135697008005664,0.503968253968254,-0.00022860066201792082,0.2537192244010098,0.1488427077674308,0.104876516633579,0.019951090660309756,0.02966796065625421,-0.009716869995944455,0.5833333333333334,0.007486065377677782,-0.2514580564757314,-0.16680332698589528,-0.034750478261144746,0.0754596075519578,0.07160124169742166,4,6,2,2,11,2,6,2,4,6,False,False,-4
2023-09-29,XLK,technology,SPY,-0.060235959197626365,-0.04882842163006851,-0.011407537567557857,0.5714285714285714,-0.0005493341308977865,-0.05510079904121867,-0.03224165480760377,-0.022859144233614903,0.5238095238095238,-0.00034542507126647396,0.10575123929773689,0.06658751818995112,0.039163721107785765,0.5238095238095238,0.00032456063668013916,0.3307175173022965,0.1718605567044651,0.1588569605978314,0.5396825396825397,0.0005661879122125812,0.4490888893348357,0.3375296126853333,0.11155927664950238,0.5079365079365079,0.00016546627246836112,0.41601238132725915,0.23201805368568618,0.18399432764157297,0.09304467972567765,0.07023084983830463,0.022813829887373016,0.5,0.0119460705832329,-0.2290327024297718,-0.16680332698589528,-0.08053654274518329,-0.05510079904121867,-0.03224165480760377,8,8,4,2,3,1,5,4,4,8,False,False,-4
2023-09-29,XLF,financials,SPY,-0.034532595021923074,-0.04882842163006851,0.014295826608145434,0.6190476190476191,0.0007123072968103983,-0.011620305318059465,-0.03224165480760377,0.020621349489544305,0.5396825396825397,0.0003376194086565775,0.052445954179211496,0.06658751818995112,-0.014141564010739627,0.48412698412698413,-9.655378623159052e-05,0.0907116091285205,0.1718605567044651,-0.0811489475759446,0.49603174603174605,-0.00027082076651894495,0.46073967829361884,0.3375296126853333,0.12321006560828551,0.4880952380952381,0.00014173121058469638,0.12972390730610694,0.23201805368568618,-0.10229414637957923,0.15447059281137188,0.07023084983830463,0.08423974297306724,0.75,-0.006283703540770745,-0.16270284122831136,-0.16680332698589528,-0.08053654274518329,-0.011620305318059465,-0.03224165480760377,3,3,5,6,2,7,4,1,9,3,False,False,2
2023-09-29,XLI,industrials,SPY,-0.06371431226854551,-0.04882842163006851,-0.014885890638477006,0.47619047619047616,-0.0007456163778289578,-0.05150028201041479,-0.03224165480760377,-0.01925862720281102,0.47619047619047616,-0.00031750269050112226,0.023433290692063125,0.06658751818995112,-0.043154227497888,0.4523809523809524,-0.00031646786249584034,0.2070844955064428,0.1718605567044651,0.03522393880197772,0.503968253968254,0.00011910940622568003,0.36420686793635615,0.3375296126853333,0.026677255251022824,0.5013227513227513,2.887605324516268e-05,0.2892266872423441,0.23201805368568618,0.05720863355665795,0.19238871056824425,0.07023084983830463,0.12215786072993962,0.4166666666666667,0.002384620216109736,-0.17202290322027614,-0.16680332698589528,-0.08053654274518329,-0.05150028201041479,-0.03224165480760377,9,7,6,4,4,3,2,7,7,7,False,False,-1
2023-09-29,XLE,energy,SPY,0.024724647823044288,-0.04882842163006851,0.0735530694531128,0.6666666666666666,0.003601411713679585,0.12180650162887319,-0.03224165480760377,0.15404815643647696,0.6349206349206349,0.002389352489727557,0.11669161505250258,0.06658751818995112,0.05010409686255146,0.5317460317460317,0.0004259522637613912,0.29164862969338845,0.1718605567044651,0.11978807298892336,0.503968253968254,0.0004616885673909206,2.3231631453354296,0.3375296126853333,1.9856335326500962,0.5224867724867724,0.0013499142742881879,0.2604836161962194,0.23201805368568618,0.028465562510533227,0.18758835719966482,0.07023084983830463,0.11735750736136019,0.5833333333333334,0.007770980182993881,-0.17350954003786723,-0.16680332698589528,-0.08053654274518329,0.12180650162887319,-0.03224165480760377,1,1,2,3,1,4,3,3,6,1,False,False,1
2023-09-29,XLB,materials,SPY,-0.04824969604925711,-0.04882842163006851,0.0005787255808114011,0.5714285714285714,4.7689684208196946e-05,-0.04756057844285699,-0.03224165480760377,-0.015318923635253223,0.5238095238095238,-0.0002399191161775916,-0.0006834120435952329,0.06658751818995112,-0.06727093023354636,0.48412698412698413,-0.0004984003949201294,0.15845668162691884,0.1718605567044651,-0.013403875077546257,0.503968253968254,-2.30286499197004e-05,0.31378209232480403,0.3375296126853333,-0.023747520360529295,0.49603174603174605,-3.468896372180483e-06,0.21718551264773112,0.23201805368568618,-0.01483254103795506,0.19931007500941145,0.07023084983830463,0.12907922517110682,0.5,-0.001972010443994384,-0.16951967577636673,-0.16680332698589528,-0.08053654274518329,-0.04756057844285699,-0.03224165480760377,5,5,8,5,5,5,1,4,8,5,False,False,3
2023-09-29,XLY,consumer_discretionary,SPY,-0.05237794339950674,-0.04882842163006851,-0.0035495217694382353,0.42857142857142855,-0.0001303896193349014,-0.050313207656519365,-0.03224165480760377,-0.018071552848915595,0.5079365079365079,-0.00025550001465960445,0.10944507645017287,0.06658751818995112,0.04285755826022175,0.5476190476190477,0.00035421041371121376,0.07984860976751995,0.1718605567044651,-0.09201194693694514,0.5317460317460317,-0.00027202092214599605,0.1215857345577962,0.3375296126853333,-0.21594387812753713,0.5052910052910053,-0.00017112817226375612,0.13953511555163378,0.23201805368568618,-0.0924829381340524,-0.04256276280038773,0.07023084983830463,-0.11279361263869236,0.3333333333333333,-0.004436180128464612,-0.26651378320951313,-0.16680332698589528,-0.08053654274518329,-0.050313207656519365,-0.03224165480760377,6,6,3,7,9,6,10,9,1,6,False,False,-3
2023-09-29,XLP,consumer_staples,SPY,-0.0526960600016132,-0.04882842163006851,-0.0038676383715446905,0.42857142857142855,-0.0001977192199242438,-0.06597920669192558,-0.03224165480760377,-0.033737551884321815,0.3968253968253968,-0.0005675144990983641,-0.058591390946669764,0.06658751818995112,-0.1251789091366209,0.42063492063492064,-0.0009990514362716268,0.022533076663926455,0.1718605567044651,-0.14932748004053864,0.4642857142857143,-0.0005674163779967728,0.16635645024319334,0.3375296126853333,-0.17117316244213998,0.48544973544973546,-0.00020718916468060017,0.07941393832444943,0.23201805368568618,-0.15260411536123675,0.04290710753595084,0.07023084983830463,-0.027323742302353793,0.5,-0.011025003189400936,-0.13254820423082014,-0.16680332698589528,-0.08053654274518329,-0.06597920669192558,-0.03224165480760377,7,9,10,9,7,9,7,4,10,9,False,False,1
2023-09-29,XLV,health_care,SPY,-0.04118043339990052,-0.04882842163006851,0.00764798823016799,0.5714285714285714,0.0003741866917434785,-0.026082472419081904,-0.03224165480760377,0.006159182388521867,0.42857142857142855,9.810391572391838e-05,0.01335140987560024,0.06658751818995112,-0.05323610831435088,0.4365079365079365,-0.00040991675865739577,0.05655072445452336,0.1718605567044651,-0.11530983224994173,0.44841269841269843,-0.0004338743574134272,0.29721864163099343,0.3375296126853333,-0.040310971054339895,0.4775132275132275,-5.929283230315529e-05,0.1019286227136258,0.23201805368568618,-0.13008943097206038,0.029417084704743024,0.07023084983830463,-0.04081376513356161,0.4166666666666667,-0.009306793001557132,-0.11019693912971429,-0.16680332698589528,-0.08053654274518329,-0.026082472419081904,-0.03224165480760377,4,4,7,8,6,8,9,7,11,4,False,False,3
2023-09-29,XLU,utilities,SPY,-0.06547852403009857,-0.04882842163006851,-0.016650102400030065,0.5238095238095238,-0.0007959940461583981,-0.0921831734602575,-0.03224165480760377,-0.059941518652653736,0.4444444444444444,-0.0009875364679794935,-0.1088486365894814,0.06658751818995112,-0.17543615477943253,0.42063492063492064,-0.0014075516576572459,-0.12601849225251405,0.1718605567044651,-0.29787904895697914,0.4365079365079365,-0.0011473250904484897,0.09739345021700219,0.3375296126853333,-0.24013616246833114,0.4722222222222222,-0.00026194338382702696,-0.06478178381035438,0.23201805368568618,-0.29679983749604055,-0.07381674857707288,0.07023084983830463,-0.1440475984153775,0.3333333333333333,-0.021504121888044115,-0.2071599964132934,-0.16680332698589528,-0.08053654274518329,-0.0921831734602575,-0.03224165480760377,10,11,11,11,10,11,11,9,5,11,False,False,0
2023-09-29,XLRE,real_estate,SPY,-0.07906613253660277,-0.04882842163006851,-0.030237710906534265,0.38095238095238093,-0.0015004563892489682,-0.08883974858354937,-0.03224165480760377,-0.0565980937759456,0.5079365079365079,-0.0009371469343094189,-0.05216295866247933,0.06658751818995112,-0.11875047685243045,0.5,-0.0009116677186699353,-0.036423516790618726,0.1718605567044651,-0.20828407349508382,0.49206349206349204,-0.0007374900945662929,0.0697628805585635,0.3375296126853333,-0.2677667321267698,0.5119047619047619,-0.000278058932247657,0.04630366767098937,0.23201805368568618,-0.1857143860146968,0.03812125576126402,0.07023084983830463,-0.032109594077040615,0.25,-0.01737929648902255,-0.25497584130985196,-0.16680332698589528,-0.08053654274518329,-0.08883974858354937,-0.03224165480760377,11,10,9,10,11,10,8,11,2,10,False,False,-1
2023-09-29,XLC,communication_services,SPY,-0.028472246845326787,-0.04882842163006851,0.02035617478474172,0.7142857142857143,0.0010187613959783352,0.010042407562129485,-0.03224165480760377,0.042284062369733255,0.6031746031746031,0.0007048421547604188,0.1575302108980221,0.06658751818995112,0.09094269270807098,0.5873015873015873,0.0006830025048350578,0.3319153776360866,0.1718605567044651,0.1600548209316215,0.5595238095238095,0.0005596130184246858,0.1340573907229179,0.3375296126853333,-0.20347222196241543,0.5132275132275133,-0.00017313526379979452,0.3709493869950593,0.23201805368568618,0.13893133330937313,0.07105476507954611,0.07023084983830463,0.0008239152412414796,0.6666666666666666,0.011356079263725588,-0.24017367615847074,-0.16680332698589528,-0.08053654274518329,0.010042407562129485,-0.03224165480760377,2,2,1,1,8,2,6,2,3,2,False,False,-1
2023-10-31,XLK,technology,SPY,-0.01013954520227378,-0.02131942578179069,0.01117988057951691,0.5238095238095238,0.0005589976783550522,-0.056647448472866846,-0.06765811178812653,0.011010663315259683,0.5396825396825397,0.00021554836496721268,0.10162941653889179,0.02529951344702397,0.07632990309186782,0.5317460317460317,0.0006079323026477963,0.277528740247174,0.09193184190790182,0.18559689833927218,0.5357142857142857,0.000676760261734854,0.5097328861325536,0.33865628486675736,0.17107660126579627,0.5092592592592593,0.0002176163151717564,0.2906149892696053,0.11571831573356794,0.17489667353603733,0.1713067342598571,0.0612296175102951,0.110077116749562,0.5833333333333334,0.014202768787588452,-0.2290327024297718,-0.16680332698589528,-0.10049694782030871,-0.056647448472866846,-0.06765811178812653,3,3,2,2,2,2,2,3,4,3,False,False,-1
2023-10-31,XLF,financials,SPY,-0.016114349813107887,-0.02131942578179069,0.005205075968682804,0.47619047619047616,0.0002659715138456536,-0.07209083775237102,-0.06765811178812653,-0.004432725964244488,0.49206349206349204,-7.051129918505653e-05,0.009913269956668413,0.02529951344702397,-0.015386243490355556,0.48412698412698413,-0.00011052444681849475,-0.03427026811065503,0.09193184190790182,-0.12620211001855686,0.47619047619047616,-0.0004751076816925959,0.45162626446602183,0.33865628486675736,0.11296997959926447,0.4894179894179894,0.0001322603381805064,-0.01845328092151599,0.11571831573356794,-0.13417159665508394,-0.04907388330956519,0.0612296175102951,-0.11030350081986029,0.6666666666666666,-0.009440175614553134,-0.16270284122831136,-0.16680332698589528,-0.10049694782030871,-0.07209083775237102,-0.06765811178812653,5,5,5,7,3,8,10,2,9,5,False,False,0
2023-10-31,XLI,industrials,SPY,-0.020221110748967153,-0.02131942578179069,0.001098315032823538,0.5714285714285714,6.673161760925186e-05,-0.09881653311331173,-0.06765811178812653,-0.031158421325185204,0.5079365079365079,-0.0005334754864880476,-0.003360845991050354,0.02529951344702397,-0.028660359438074323,0.4603174603174603,-0.0002152635748949323,0.05725672731700571,0.09193184190790182,-0.03467511459089612,0.5,-0.0001258064573687094,0.37660373619191656,0.33865628486675736,0.0379474513251592,0.5013227513227513,3.9710764369724455e-05,0.0790768600099141,0.11571831573356794,-0.03664145572365385,0.0788420491955164,0.0612296175102951,0.017612431685221308,0.3333333333333333,-0.0027480147769455197,-0.17202290322027614,-0.16680332698589528,-0.10049694782030871,-0.09881653311331173,-0.06765811178812653,7,10,6,4,4,4,4,8,7,10,False,False,-4
2023-10-31,XLE,energy,SPY,-0.038379094298324534,-0.02131942578179069,-0.017059668516533844,0.42857142857142855,-0.0007701780448445986,-0.001295787897838352,-0.06765811178812653,0.06636232389028818,0.5396825396825397,0.0011390310537586679,0.07532645249206582,0.02529951344702397,0.05002693904504185,0.5317460317460317,0.00043255951208259405,-0.009758456319799103,0.09193184190790182,-0.10169029822770093,0.48412698412698413,-0.00031478294319675285,2.4914131409552427,0.33865628486675736,2.1527568560884855,0.5251322751322751,0.0014107998512535138,0.029762911568193884,0.11571831573356794,-0.08595540416537406,-0.052588406702760215,0.0612296175102951,-0.11381802421305531,0.5,-0.008256990478422932,-0.17350954003786723,-0.16680332698589528,-0.10049694782030871,-0.001295787897838352,-0.06765811178812653,10,1,3,6,1,6,11,4,6,1,False,False,2
2023-10-31,XLB,materials,SPY,-0.018707178575498085,-0.02131942578179069,0.002612247206292606,0.47619047619047616,0.00014645679812464425,-0.09318160448612423,-0.06765811178812653,-0.025523492697997696,0.49206349206349204,-0.0004281993261753939,-0.03673025042924638,0.02529951344702397,-0.06202976387627035,0.4603174603174603,-0.00047509360699268853,0.03859851912856627,0.09193184190790182,-0.05333332277933556,0.49206349206349204,-0.0001773824699333997,0.30355935917893806,0.33865628486675736,-0.0350969256878193,0.4933862433862434,-1.4440068388894825e-05,0.058398162559546885,0.11571831573356794,-0.05732015317402106,0.09077768810957743,0.0612296175102951,0.029548070599282328,0.4166666666666667,-0.0034377160000541953,-0.16951967577636673,-0.16680332698589528,-0.10049694782030871,-0.09318160448612423,-0.06765811178812653,6,7,7,5,5,5,3,6,8,7,False,False,0
2023-10-31,XLY,consumer_discretionary,SPY,-0.05592460750309103,-0.02131942578179069,-0.03460518172130034,0.38095238095238093,-0.0016515892911231319,-0.09674241337615075,-0.06765811178812653,-0.02908430158802422,0.42857142857142855,-0.0004550105858618599,0.04180834291770896,0.02529951344702397,0.016508829470684994,0.5317460317460317,0.00016996951211507166,0.05934475950658502,0.09193184190790182,-0.0325870824013168,0.5317460317460317,-6.757939732890009e-05,0.07204687368896545,0.33865628486675736,-0.2666094111777919,0.5013227513227513,-0.00023041151354367587,0.12209762898788146,0.11571831573356794,0.006379313254313512,0.03757876780498037,0.0612296175102951,-0.023650849705314725,0.3333333333333333,-0.0018767579816094115,-0.26651378320951313,-0.16680332698589528,-0.10049694782030871,-0.09674241337615075,-0.06765811178812653,11,9,4,3,10,3,5,8,1,9,False,False,-5
2023-10-31,XLP,consumer_staples,SPY,-0.007023642543621533,-0.02131942578179069,0.014295783238169157,0.5714285714285714,0.00069082136783554,-0.09641740971320634,-0.06765811178812653,-0.028759297925079808,0.4444444444444444,-0.0005011832259919133,-0.10978685241209263,0.02529951344702397,-0.1350863658591166,0.42063492063492064,-0.0011260725960702152,-0.04836529013301827,0.09193184190790182,-0.1402971320409201,0.46825396825396826,-0.0005660840824506959,0.1732583109431547,0.33865628486675736,-0.16539797392360267,0.48544973544973546,-0.00019950811401485275,-0.04163407041764622,0.11571831573356794,-0.15735238615121416,0.033312525118115444,0.0612296175102951,-0.027917092392179654,0.5,-0.011029135751277952,-0.13254820423082014,-0.16680332698589528,-0.10049694782030871,-0.09641740971320634,-0.06765811178812653,2,8,10,9,7,9,7,4,10,8,False,False,2
2023-10-31,XLV,health_care,SPY,-0.03126938857121997,-0.02131942578179069,-0.009949962789429279,0.3333333333333333,-0.0004966268598200934,-0.0635702119334729,-0.06765811178812653,0.004087899854653632,0.42857142857142855,5.993440061949043e-05,-0.06041891446167191,0.02529951344702397,-0.08571842790869588,0.3968253968253968,-0.000698223380788233,-0.047308086835302965,0.09193184190790182,-0.1392399287432048,0.4365079365079365,-0.0005596959616941408,0.27227794810263717,0.33865628486675736,-0.0663783367641202,0.4695767195767196,-8.638435535250555e-05,-0.016556406987518923,0.11571831573356794,-0.13227472272108687,-0.017760472501689883,0.0612296175102951,-0.07899009001198498,0.3333333333333333,-0.011379912856798688,-0.11019693912971429,-0.16680332698589528,-0.10049694782030871,-0.0635702119334729,-0.06765811178812653,9,4,8,8,6,7,9,8,11,4,False,False,4
2023-10-31,XLU,utilities,SPY,0.06228887235751723,-0.02131942578179069,0.08360829813930792,0.5714285714285714,0.003935543091859115,-0.09171798963764766,-0.06765811178812653,-0.024059877849521127,0.5079365079365079,-0.00037030138726576586,-0.11137276884902991,0.02529951344702397,-0.13667228229605388,0.42063492063492064,-0.0011049430739008962,-0.08611868137146217,0.09193184190790182,-0.178050523279364,0.4444444444444444,-0.0006896205168391241,0.04198586214804223,0.33865628486675736,-0.29667042271871513,0.46825396825396826,-0.0003285133172037776,-0.1397054582710835,0.11571831573356794,-0.25542377400465144,0.01983168697335924,0.0612296175102951,-0.041397930536935856,0.4166666666666667,-0.01378654617446363,-0.2071599964132934,-0.16680332698589528,-0.10049694782030871,-0.09171798963764766,-0.06765811178812653,1,6,11,11,11,11,8,6,5,6,False,False,5
2023-10-31,XLRE,real_estate,SPY,-0.010463327544177337,-0.02131942578179069,0.010856098237613354,0.42857142857142855,0.0005888096961432089,-0.12107730345878054,-0.06765811178812653,-0.05341919167065401,0.42857142857142855,-0.0008981456493336699,-0.08365740492566975,0.02529951344702397,-0.10895691837269372,0.47619047619047616,-0.0008608219710809002,-0.06817910507448666,0.09193184190790182,-0.16011094698238848,0.49206349206349204,-0.0005884458866885,0.07876183849893037,0.33865628486675736,-0.259894446367827,0.5105820105820106,-0.00026563890578410994,-0.05832606222371817,0.11571831573356794,-0.1740443779572861,0.0340425992799549,0.0612296175102951,-0.0271870182303402,0.25,-0.01323237594910893,-0.25497584130985196,-0.16680332698589528,-0.10049694782030871,-0.12107730345878054,-0.06765811178812653,4,11,9,10,9,10,6,11,2,11,False,False,-2
2023-10-31,XLC,communication_services,SPY,-0.02028447207426909,-0.02131942578179069,0.001034953707521602,0.6190476190476191,0.00012529558700517343,-0.037509798656835236,-0.06765811178812653,0.030148313131291293,0.6507936507936508,0.0005423345931084492,0.10559421817165537,0.02529951344702397,0.0802947047246314,0.6111111111111112,0.0006288783764532762,0.33234660761649937,0.09193184190790182,0.24041476570859754,0.5674603174603174,0.0008416924065613368,0.13002801155985355,0.33865628486675736,-0.2086282733069038,0.5171957671957672,-0.00017814460700624129,0.35993211257696855,0.11571831573356794,0.2442137968434006,0.18848897317142832,0.0612296175102951,0.12725935566113322,0.75,0.017849976238887233,-0.24017367615847074,-0.16680332698589528,-0.10049694782030871,-0.037509798656835236,-0.06765811178812653,8,2,1,1,8,1,1,1,3,2,False,False,-1
2023-11-30,XLK,technology,SPY,0.12895559059585193,0.09134391620548099,0.03761167439037094,0.6666666666666666,0.0016385726630866672,0.05633319424012173,0.017008723129058545,0.039324471111063186,0.5873015873015873,0.0006257345279802533,0.120483333460361,0.08982781052220834,0.030655522938152657,0.5396825396825397,0.00025054413404948473,0.4436097380846131,0.1729492611598611,0.27066047692475204,0.5555555555555556,0.0008665500006395078,0.5494867058807453,0.3122580163825992,0.23722868949814613,0.5145502645502645,0.0002773475626166145,0.27871259960074246,0.07477509494726053,0.20393750465348193,0.16074659990308904,0.04825475956181946,0.11249184034126958,0.5833333333333334,0.01646872978809087,-0.16178053329703646,-0.1288301931600042,-0.018332816395432494,0.05633319424012173,0.017008723129058545,1,1,2,1,2,2,2,3,7,1,False,False,1
2023-11-30,XLF,financials,SPY,0.1093944687176347,0.09134391620548099,0.018050552512153706,0.5714285714285714,0.0007865486862227698,0.04887976929513882,0.017008723129058545,0.031871046166080275,0.5555555555555556,0.0004971650862389573,0.1284201508667726,0.08982781052220834,0.03859234034456427,0.5158730158730159,0.00028309187596082933,0.02605938531351959,0.1729492611598611,-0.1468898758463415,0.4722222222222222,-0.0005164054505386194,0.33551723445865944,0.3122580163825992,0.02325921807606024,0.4894179894179894,4.305312724891861e-05,-0.0751176301612928,0.07477509494726053,-0.14989272510855334,-0.08419624006090098,0.04825475956181946,-0.13245099962272044,0.6666666666666666,-0.009086440129033377,-0.16270284122831136,-0.1288301931600042,-0.018332816395432494,0.04887976929513882,0.017008723129058545,4,2,1,6,3,8,10,1,6,2,False,False,-1
2023-11-30,XLI,industrials,SPY,0.08834909359839949,0.09134391620548099,-0.0029948226070815043,0.47619047619047616,-0.00013045856043860025,-0.006873339434374404,0.017008723129058545,-0.02388206256343295,0.5079365079365079,-0.0003701593809978642,0.10017255003276437,0.08982781052220834,0.010344739510556034,0.49206349206349204,8.320406855078748e-05,0.08799702007873145,0.1729492611598611,-0.08495224108112964,0.4801587301587302,-0.00029237356914886396,0.2629153369415014,0.3122580163825992,-0.049342679441097825,0.49603174603174605,-5.0063658219558324e-05,-0.000323493189583135,0.07477509494726053,-0.07509858813684367,0.003047595299913164,0.04825475956181946,-0.045207164261906296,0.25,-0.004754707148242897,-0.13168637238161518,-0.1288301931600042,-0.018332816395432494,-0.006873339434374404,0.017008723129058545,5,7,6,4,4,4,5,10,9,7,False,False,-1
2023-11-30,XLE,energy,SPY,-0.007160446595593228,0.09134391620548099,-0.09850436280107422,0.2857142857142857,-0.004465136800774496,-0.04178879786039169,0.017008723129058545,-0.058797520989450236,0.4444444444444444,-0.0008883597088779748,0.10851973387352687,0.08982781052220834,0.01869192335131853,0.5079365079365079,0.00018672715837015678,-0.03256638821881419,0.1729492611598611,-0.20551564937867528,0.4642857142857143,-0.000693697584772281,1.4686280474725857,0.3122580163825992,1.1563700310899865,0.5171957671957672,0.0009562835473895157,-0.025589171519310505,0.07477509494726053,-0.10036426646657104,-0.0938465000814448,0.04825475956181946,-0.14210125964326425,0.5,-0.012398741915480247,-0.17343997972750513,-0.1288301931600042,-0.018332816395432494,-0.04178879786039169,0.017008723129058545,11,11,4,9,1,5,11,4,5,11,False,True,-7
2023-11-30,XLB,materials,SPY,0.08348682897932647,0.09134391620548099,-0.007857087226154524,0.6190476190476191,-0.00032165835618581083,-0.0009978549107008128,0.017008723129058545,-0.018006578039759358,0.5396825396825397,-0.00026191803229054446,0.09462535472487099,0.08982781052220834,0.004797544202662651,0.5238095238095238,5.678015512411251e-05,0.04104894640197165,0.1729492611598611,-0.13190031475788944,0.49603174603174605,-0.0004535714353066986,0.21996088933461655,0.3122580163825992,-0.09229712704798265,0.49074074074074076,-7.769781635869717e-05,-0.03916788044145647,0.07477509494726053,-0.113942975388717,-0.0025305788054658107,0.04825475956181946,-0.05078533836728527,0.3333333333333333,-0.008888386361870254,-0.1408536001305215,-0.1288301931600042,-0.018332816395432494,-0.0009978549107008128,0.017008723129058545,6,6,7,5,6,6,6,7,8,6,False,False,1
2023-11-30,XLY,consumer_discretionary,SPY,0.10966471464681349,0.09134391620548099,0.018320798441332498,0.5238095238095238,0.0008353821885558914,-0.009547272456382427,0.017008723129058545,-0.026555995585440972,0.4444444444444444,-0.0003690620498626592,0.1044347431409991,0.08982781052220834,0.014606932618790758,0.5158730158730159,0.00015188484430031027,0.2059663606306712,0.1729492611598611,0.03301709947081011,0.5436507936507936,0.00015743948871616275,0.09201982511077467,0.3122580163825992,-0.22023819127182453,0.5026455026455027,-0.000178695139782979,0.08678445363968224,0.07477509494726053,0.012009358692421701,0.04317119461340879,0.04825475956181946,-0.005083564948410668,0.4166666666666667,0.0027378771836575424,-0.2384685938915322,-0.1288301931600042,-0.018332816395432494,-0.009547272456382427,0.017008723129058545,3,8,5,3,9,3,3,5,1,8,False,False,-3
2023-11-30,XLP,consumer_staples,SPY,0.041261467709499566,0.09134391620548099,-0.050082448495981424,0.38095238095238093,-0.00224870981053323,-0.022280654765619468,0.017008723129058545,-0.03928937789467801,0.4603174603174603,-0.0006302317094008499,-0.013310127472378142,0.08982781052220834,-0.10313793799458648,0.42063492063492064,-0.0007938859835366995,-0.04183691126602729,0.1729492611598611,-0.21478617242588838,0.4523809523809524,-0.0008168021011164376,0.14097905746079187,0.3122580163825992,-0.17127895892180733,0.48544973544973546,-0.00020971094648819757,-0.07980548743277838,0.07477509494726053,-0.1545805823800389,0.033678861136291705,0.04825475956181946,-0.014575898425527756,0.4166666666666667,-0.015294337884220854,-0.098793677922696,-0.1288301931600042,-0.018332816395432494,-0.022280654765619468,0.017008723129058545,10,10,11,10,7,9,4,5,11,10,False,False,1
2023-11-30,XLV,health_care,SPY,0.05435991724559841,0.09134391620548099,-0.03698399895988258,0.38095238095238093,-0.0016443426657097066,-0.010219867993598641,0.017008723129058545,-0.027228591122657186,0.42857142857142855,-0.0004384789178712707,0.02892160051282744,0.08982781052220834,-0.0609062100093809,0.4126984126984127,-0.0004599073464518779,-0.017121757004446736,0.1729492611598611,-0.19007101816430783,0.4166666666666667,-0.0007130461320225122,0.25674114092537814,0.3122580163825992,-0.05551687545722106,0.4695767195767196,-7.675690685057404e-05,-0.06779627438492108,0.07477509494726053,-0.14257136933218162,-0.007851754400762911,0.04825475956181946,-0.05610651396258237,0.3333333333333333,-0.013544009421026404,-0.11019693912971429,-0.1288301931600042,-0.018332816395432494,-0.010219867993598641,0.017008723129058545,8,9,9,8,5,7,8,7,10,9,False,False,0
2023-11-30,XLU,utilities,SPY,0.05143227756139246,0.09134391620548099,-0.03991163864408853,0.47619047619047616,-0.0017419023848525587,0.004900985033065464,0.017008723129058545,-0.012107738095993081,0.5238095238095238,-0.00013674933936030125,-0.010435060244823324,0.08982781052220834,-0.10026287076703166,0.4365079365079365,-0.0007304651310542903,-0.070552146481215,0.1729492611598611,-0.24350140764107608,0.4365079365079365,-0.0009023745748248886,0.07908225532626978,0.3122580163825992,-0.23317576105632942,0.47354497354497355,-0.0002553305795153077,-0.11601738566132691,0.07477509494726053,-0.19079248060858744,-0.005226732480706375,0.04825475956181946,-0.053481492042525836,0.3333333333333333,-0.017942563629807673,-0.2071599964132934,-0.1288301931600042,-0.018332816395432494,0.004900985033065464,0.017008723129058545,9,5,10,11,11,11,7,7,3,5,False,False,5
2023-11-30,XLRE,real_estate,SPY,0.12477318691952388,0.09134391620548099,0.03342927071404289,0.5238095238095238,0.0015315025755926576,0.013690461801274756,0.017008723129058545,-0.003318261327783789,0.4444444444444444,1.578324901502314e-05,0.05097635118220811,0.08982781052220834,-0.03885145934000023,0.49206349206349204,-0.0002459065314439914,0.00653527834140899,0.1729492611598611,-0.1664139828184521,0.4880952380952381,-0.0005658544029078836,0.11977333936157786,0.3122580163825992,-0.19248467702102134,0.5119047619047619,-0.00018739523748290485,-0.10512155690867708,0.07477509494726053,-0.17989665185593762,-0.023423719576482482,0.04825475956181946,-0.07167847913830194,0.25,-0.011685940056705249,-0.21480623949600808,-0.1288301931600042,-0.018332816395432494,0.013690461801274756,0.017008723129058545,2,4,8,7,8,10,9,10,2,4,True,False,4
2023-11-30,XLC,communication_services,SPY,0.07802834963875149,0.09134391620548099,-0.013315566566729498,0.47619047619047616,-0.0005790877795445869,0.03268949625324602,0.017008723129058545,0.015680773124187475,0.6031746031746031,0.00027360743845914045,0.11061584036354488,0.08982781052220834,0.02078802984133654,0.5714285714285714,0.00017818385723476307,0.4249726929196933,0.1729492611598611,0.2520234317598322,0.5674603174603174,0.0008202464979794537,0.09031261167821425,0.3122580163825992,-0.22194540470438495,0.5145502645502645,-0.00020008251686711557,0.32183230004777075,0.07477509494726053,0.2470572051005102,0.19558539500479033,0.04825475956181946,0.14733063544297087,0.6666666666666666,0.015818058369932598,-0.18608463150347498,-0.1288301931600042,-0.018332816395432494,0.03268949625324602,0.017008723129058545,7,3,3,2,10,1,1,1,4,3,False,False,0
2023-12-29,XLK,technology,SPY,0.043348345630903395,0.049772566037567634,-0.006424220406664238,0.38095238095238093,-0.00028451269837390233,0.17675038012048128,0.1163961474336297,0.06035423268685158,0.5396825396825397,0.0008537409733037688,0.11191049390378494,0.08040168821953597,0.031508805684248964,0.5317460317460317,0.00025415795101864743,0.5988576916494313,0.2810864867775944,0.31777120487183685,0.5515873015873016,0.0009148572178445114,0.5135579415645761,0.3351394677809725,0.17841847378360365,0.5052910052910053,0.00022317792073314304,0.5324294118496125,0.22034670006012402,0.31208271178948843,0.35586469839842794,0.11358982552870023,0.2422748728697277,0.5833333333333334,0.018327920019810966,-0.10739676602219572,-0.0753876272790236,-0.0028949688354659164,0.17675038012048128,0.1163961474336297,7,2,3,1,2,1,1,3,9,2,False,False,1
2023-12-29,XLF,financials,SPY,0.06439846655308212,0.049772566037567634,0.01462590051551449,0.6190476190476191,0.0006708136450724931,0.1391660336509355,0.1163961474336297,0.0227698862173058,0.5396825396825397,0.0003304135139185209,0.1259285765319489,0.08040168821953597,0.045526888312412916,0.5396825396825397,0.0003340164612875492,0.1328968404760209,0.2810864867775944,-0.1481896463015735,0.4801587301587302,-0.0004702464817068164,0.36838384409958724,0.3351394677809725,0.033244376318614766,0.49206349206349204,5.160482618293092e-05,0.06435407046832942,0.22034670006012402,-0.1559926295917946,-0.05625003107721627,0.11358982552870023,-0.1698398566059165,0.6666666666666666,-0.009017460827966626,-0.16270284122831136,-0.0753876272790236,-0.0028949688354659164,0.1391660336509355,0.1163961474336297,3,3,1,6,3,6,9,1,4,3,False,False,-2
2023-12-29,XLI,industrials,SPY,0.08238401226446235,0.049772566037567634,0.032611446226894714,0.5714285714285714,0.0014705386695604945,0.13053514225384366,0.1163961474336297,0.014138994820213968,0.5238095238095238,0.0002088615747704061,0.07231226360508636,0.08040168821953597,-0.008089424614449614,0.5,-5.4320557865358084e-05,0.19111681457617857,0.2810864867775944,-0.08996967220141583,0.46825396825396826,-0.00028029886139315413,0.3574270535161512,0.3351394677809725,0.02228758573517875,0.49867724867724866,2.268575782593658e-05,0.10045677049888746,0.22034670006012402,-0.11988992956123656,-0.0015673505616229377,0.11358982552870023,-0.11515717609032317,0.25,-0.0052144630704146116,-0.08667837232876685,-0.0753876272790236,-0.0028949688354659164,0.13053514225384366,0.1163961474336297,2,4,5,4,4,4,4,7,11,4,False,False,1
2023-12-29,XLE,energy,SPY,0.007442031878137412,0.049772566037567634,-0.04233053415943022,0.5238095238095238,-0.0019145278988810825,-0.06355502399447732,0.1163961474336297,-0.17995117142810702,0.3968253968253968,-0.002736354492935721,0.050510062500689346,0.08040168821953597,-0.029891625718846626,0.5158730158730159,-0.00017350100160408202,0.010447767021823706,0.2810864867775944,-0.2706387197557707,0.46825396825396826,-0.000873068702639387,1.5042156914498825,0.3351394677809725,1.16907622366891,0.5198412698412699,0.0009459537009535242,0.002983531606362444,0.22034670006012402,-0.21736316845376158,-0.1003332644851711,0.11358982552870023,-0.21392309001387133,0.4166666666666667,-0.018375583525517814,-0.17343997972750513,-0.0753876272790236,-0.0028949688354659164,-0.06355502399447732,0.1163961474336297,11,11,7,9,1,8,11,5,2,11,False,True,-4
2023-12-29,XLB,materials,SPY,0.055609117024658206,0.049772566037567634,0.005836550987090572,0.5238095238095238,0.0002845829762171298,0.09659745302238076,0.1163961474336297,-0.01979869441124893,0.5238095238095238,-0.00026244417766810345,0.0444426438376726,0.08040168821953597,-0.03595904438186337,0.5238095238095238,-0.00025118164692284755,0.12877331673851722,0.2810864867775944,-0.15231317003907718,0.5,-0.00048084263170718286,0.2761005805579091,0.3351394677809725,-0.059038887223063385,0.49206349206349204,-4.1254138374181574e-05,0.06930993540495334,0.22034670006012402,-0.15103676465517069,-0.026408015406325758,0.11358982552870023,-0.13999784093502599,0.25,-0.009137809993435322,-0.11575775358574458,-0.0753876272790236,-0.0028949688354659164,0.09659745302238076,0.1163961474336297,6,7,8,7,6,5,7,7,7,7,False,False,1
2023-12-29,XLY,consumer_discretionary,SPY,0.05981463829719491,0.049772566037567634,0.010042072259627277,0.6190476190476191,0.0004697228928002654,0.11274609598463714,0.1163961474336297,-0.003650051448992553,0.5238095238095238,-1.1321844088893781e-05,0.056760270588380735,0.08040168821953597,-0.023641417631155237,0.5158730158730159,-0.00013341092937424912,0.42846594689037465,0.2810864867775944,0.14737946011278025,0.5634920634920635,0.0004779905884057461,0.14626252721261546,0.3351394677809725,-0.18887694056835702,0.5105820105820106,-0.0001370307416775804,0.347845080895931,0.22034670006012402,0.127498380835807,0.20444016038846913,0.11358982552870023,0.0908503348597689,0.5,0.008966864386316498,-0.1588197622848475,-0.0753876272790236,-0.0028949688354659164,0.11274609598463714,0.1163961474336297,4,5,6,3,9,3,3,4,5,5,False,False,1
2023-12-29,XLP,consumer_staples,SPY,0.03739374739835721,0.049772566037567634,-0.01237881863921042,0.5238095238095238,-0.000547039884397902,0.05473117524991333,0.1163961474336297,-0.06166497218371636,0.47619047619047616,-0.0009000727773993464,-0.01485915096631829,0.08040168821953597,-0.09526083918585426,0.4365079365079365,-0.0007337936382488552,-0.008846781093082345,0.2810864867775944,-0.28993326787067675,0.4523809523809524,-0.0010273221563133594,0.1564851544783623,0.3351394677809725,-0.17865431330261017,0.48412698412698413,-0.0002142592769555972,-0.04457374898143007,0.22034670006012402,-0.2649204490415541,-0.021188288226179575,0.11358982552870023,-0.1347781137548798,0.3333333333333333,-0.01945583289026846,-0.09990115137535449,-0.0753876272790236,-0.0028949688354659164,0.05473117524991333,0.1163961474336297,9,10,10,10,8,10,6,6,10,10,False,False,0
2023-12-29,XLV,health_care,SPY,0.05637459848438375,0.049772566037567634,0.0066020324468161196,0.5238095238095238,0.00030674777429489416,0.06408763223110636,0.1163961474336297,-0.05230851520252333,0.3968253968253968,-0.0007643007133671572,0.0363335959119524,0.08040168821953597,-0.04406809230758357,0.4126984126984127,-0.0003330983988216194,0.028082630188147384,0.2810864867775944,-0.253003856589447,0.4087301587301587,-0.0008813114992951657,0.2787346815108591,0.3351394677809725,-0.05640478627011336,0.47354497354497355,-7.662438064534564e-05,-0.02678213612560143,0.22034670006012402,-0.24712883618572545,-0.04850133799326639,0.11358982552870023,-0.16209116352196662,0.25,-0.017170323477924715,-0.11019693912971429,-0.0753876272790236,-0.0028949688354659164,0.06408763223110636,0.1163961474336297,5,9,9,8,5,9,8,7,8,9,False,False,0
2023-12-29,XLU,utilities,SPY,0.022989324489612883,0.049772566037567634,-0.02678324154795475,0.47619047619047616,-0.0011804348881172596,0.0847886366773678,0.1163961474336297,-0.03160751075626189,0.49206349206349204,-0.0004000647168768628,-0.01521062238517834,0.08040168821953597,-0.09561231060471431,0.46825396825396826,-0.0006938005924281781,-0.07398046606488662,0.2810864867775944,-0.355066952842481,0.42857142857142855,-0.0012605353400307491,0.1303498290336964,0.3351394677809725,-0.20478963874727607,0.47619047619047616,-0.00021593756144355108,-0.09479061827246293,0.22034670006012402,-0.31513731833258696,-0.07445036824413653,0.11358982552870023,-0.18804019377283676,0.25,-0.024758455580312828,-0.1644810059565085,-0.0753876272790236,-0.0028949688354659164,0.0847886366773678,0.1163961474336297,10,8,11,11,10,11,10,7,3,8,False,False,3
2023-12-29,XLRE,real_estate,SPY,0.09629341221255716,0.049772566037567634,0.04652084617498953,0.5714285714285714,0.002124643993513806,0.18832179250761194,0.1163961474336297,0.07192564507398225,0.49206349206349204,0.0010660071962712288,0.08275158322488285,0.08040168821953597,0.0023498950053468803,0.5,6.443013098090493e-05,0.1380842918616525,0.2810864867775944,-0.1430021949159419,0.49603174603174605,-0.0004232137443854037,0.2227247869494564,0.3351394677809725,-0.11241468083151607,0.5158730158730159,-9.316101055150592e-05,0.038120159424065436,0.22034670006012402,-0.1822265406360586,-0.004485109138170684,0.11358982552870023,-0.11807493466687091,0.25,-0.00918956870238514,-0.17674113090871346,-0.0753876272790236,-0.0028949688354659164,0.18832179250761194,0.1163961474336297,1,1,4,5,7,7,5,7,1,1,False,False,3
2023-12-29,XLC,communication_services,SPY,0.03788039666036802,0.049772566037567634,-0.011892169377199613,0.42857142857142855,-0.0005308896222587208,0.1108506041329469,0.1163961474336297,-0.005545543300682798,0.5238095238095238,-4.8057029046023905e-05,0.12200621864028749,0.08040168821953597,0.04160453042075152,0.5634920634920635,0.0003283925628571975,0.5710957589226964,0.2810864867775944,0.29000927214510197,0.5634920634920635,0.0008529848213179707,0.1057842500781303,0.3351394677809725,-0.22935521770284217,0.5132275132275133,-0.0002043988437917961,0.5137541512279049,0.22034670006012402,0.2934074511677809,0.3369793242892518,0.11358982552870023,0.22338949876055159,0.6666666666666666,0.016428617889395952,-0.12403549884029963,-0.0753876272790236,-0.0028949688354659164,0.1108506041329469,0.1163961474336297,8,6,2,2,11,2,2,1,6,6,False,False,-4
2024-01-31,XLK,technology,SPY,0.02701565950660889,0.015926419125415148,0.011089240381193743,0.6190476190476191,0.0005735666332154684,0.2165558096843636,0.16662520709796946,0.049930602586394146,0.5714285714285714,0.00069524078303638,0.11133102873387712,0.06586906494438871,0.04546196378948841,0.5476190476190477,0.00036274976242264877,0.4870188542718259,0.2237426787832133,0.2632761754886126,0.5515873015873016,0.0008088562457535985,0.5365535563701838,0.3367914082322505,0.19976214813793325,0.5105820105820106,0.00024222872360696123,0.44790280509082825,0.20455837720678804,0.2433444278840402,0.3021756814322478,0.1149171556662949,0.18725852576595292,0.5833333333333334,0.016909959934086744,-0.10944069182640026,-0.09974318833807849,-0.017078327664165727,0.2165558096843636,0.16662520709796946,4,2,1,1,2,1,1,3,11,2,False,False,-1
2024-01-31,XLF,financials,SPY,0.03085140507627293,0.015926419125415148,0.014924985950857783,0.47619047619047616,0.0006927236410759075,0.2168665598660866,0.16662520709796946,0.05024135276811714,0.5555555555555556,0.0006742122589812485,0.10744459983686627,0.06586906494438871,0.04157553489247756,0.5238095238095238,0.0003079244429094604,0.09499950794279188,0.2237426787832133,-0.12874317084042142,0.4880952380952381,-0.00042340603648205027,0.3891115231733715,0.3367914082322505,0.05232011494112099,0.4947089947089947,6.795181362414347e-05,0.062228273202744155,0.20455837720678804,-0.1423301040040439,-0.05657579411068192,0.1149171556662949,-0.17149294977697682,0.6666666666666666,-0.008272943748224801,-0.16270284122831136,-0.09974318833807849,-0.017078327664165727,0.2168665598660866,0.16662520709796946,2,1,3,5,3,5,10,1,4,1,False,False,2
2024-01-31,XLI,industrials,SPY,-0.009649871821372114,0.015926419125415148,-0.02557629094678726,0.2857142857142857,-0.001210546510975709,0.16251174777092792,0.16662520709796946,-0.0041134593270415465,0.4444444444444444,-5.084593070591223e-05,0.029074830770961846,0.06586906494438871,-0.036794234173426865,0.47619047619047616,-0.0002735674960917904,0.14723187347251065,0.2237426787832133,-0.07651080531070265,0.4603174603174603,-0.0002478297898114351,0.36713686296915937,0.3367914082322505,0.03034545473690886,0.49603174603174605,2.992285175651803e-05,0.1584103852062979,0.20455837720678804,-0.046147992000490135,0.08029202362355892,0.1149171556662949,-0.034625132042735984,0.25,-0.005287750203323421,-0.12566255453897324,-0.09974318833807849,-0.017078327664165727,0.16251174777092792,0.16662520709796946,7,5,5,4,4,4,4,8,8,5,False,False,0
2024-01-31,XLE,energy,SPY,-0.005128750340474997,0.015926419125415148,-0.021055169465890144,0.42857142857142855,-0.0009447733983573015,-0.008230475437721263,0.16662520709796946,-0.17485568253569073,0.3968253968253968,-0.0025321181842874975,-0.025696960005247682,0.06586906494438871,-0.0915660249496364,0.47619047619047616,-0.0006663829147095107,-0.029920077801515843,0.2237426787832133,-0.25366275658472914,0.47619047619047616,-0.0008540989713649693,1.320462781963271,0.3367914082322505,0.9836713737310205,0.5185185185185185,0.0008395406076600265,-0.024919131465026445,0.20455837720678804,-0.2294775086718145,-0.0718024478377296,0.1149171556662949,-0.1867196035040245,0.4166666666666667,-0.0173771281194376,-0.17343997972750513,-0.09974318833807849,-0.017078327664165727,-0.008230475437721263,0.16662520709796946,6,11,10,10,1,10,11,4,3,11,False,False,-1
2024-01-31,XLB,materials,SPY,-0.03892922698110712,0.015926419125415148,-0.05485564610652227,0.47619047619047616,-0.002642696436453762,0.09329687961040611,0.16662520709796946,-0.07332832748756335,0.5238095238095238,-0.0010167322307896097,-0.02526914380611278,0.06586906494438871,-0.09113820875050149,0.5158730158730159,-0.0006964336060271568,0.013582834096344643,0.2237426787832133,-0.21015984468686866,0.4880952380952381,-0.0007277928006800571,0.21382476270996875,0.3367914082322505,-0.12296664552228176,0.4947089947089947,-0.0001110484220544108,0.054639119773148614,0.20455837720678804,-0.14991925743363943,0.009762600173055302,0.1149171556662949,-0.1051545554932396,0.16666666666666666,-0.015741740531716276,-0.1271704108795989,-0.09974318833807849,-0.017078327664165727,0.09329687961040611,0.16662520709796946,9,8,9,8,6,6,7,10,7,8,False,False,1
2024-01-31,XLY,consumer_discretionary,SPY,-0.044125168882733545,0.015926419125415148,-0.06005158800814869,0.3333333333333333,-0.002876914377825747,0.13424581732116847,0.16662520709796946,-0.03237938977680099,0.5079365079365079,-0.00041871445712147814,-0.0013956737944135211,0.06586906494438871,-0.06726473873880223,0.4603174603174603,-0.00047886111147771483,0.18593817446160088,0.2237426787832133,-0.03780450432161242,0.5317460317460317,-8.190876187421322e-05,0.05473113535126317,0.3367914082322505,-0.28206027288098734,0.503968253968254,-0.00024906964354258775,0.24068354543390047,0.20455837720678804,0.036125168227112425,0.17404446397584117,0.1149171556662949,0.05912730830954627,0.4166666666666667,-0.002889609133855072,-0.1619862362297655,-0.09974318833807849,-0.017078327664165727,0.13424581732116847,0.16662520709796946,10,7,7,3,11,3,3,4,5,7,False,False,0
2024-01-31,XLP,consumer_staples,SPY,0.012355996274534986,0.015926419125415148,-0.0035704228508801616,0.5714285714285714,-0.00017156744195711058,0.08655427372419777,0.16662520709796946,-0.08007093337377169,0.47619047619047616,-0.0011287793620503512,-0.018174384694165435,0.06586906494438871,-0.08404344963855415,0.46825396825396826,-0.0006544592508272863,0.026095162256854598,0.2237426787832133,-0.1976475165263587,0.46825396825396826,-0.0007077461143444848,0.20315684119922506,0.3367914082322505,-0.13363456703302545,0.49074074074074076,-0.00016315989411213883,0.013571476864738807,0.20455837720678804,-0.19098690034204924,0.028859454827139253,0.1149171556662949,-0.08605770083915565,0.3333333333333333,-0.013966304018876968,-0.13365492518956357,-0.09974318833807849,-0.017078327664165727,0.08655427372419777,0.16662520709796946,5,9,8,7,7,9,5,6,6,9,False,False,-1
2024-01-31,XLV,health_care,SPY,0.029329678115801894,0.015926419125415148,0.013403258990386746,0.42857142857142855,0.0006163344022449875,0.13872654759085723,0.16662520709796946,-0.027898659507112233,0.42857142857142855,-0.0003861123738752995,0.06097363817366408,0.06586906494438871,-0.004895426770724631,0.4365079365079365,-4.29940980034527e-05,0.08403637254886842,0.2237426787832133,-0.13970630623434488,0.4166666666666667,-0.00048760111585466776,0.2679059661649428,0.3367914082322505,-0.06888544206730773,0.4695767195767196,-9.001701790000173e-05,0.05314788409988114,0.20455837720678804,-0.1514104931069069,0.016224783461866288,0.1149171556662949,-0.09869237220442861,0.3333333333333333,-0.009703322197185662,-0.11019693912971429,-0.09974318833807849,-0.017078327664165727,0.13872654759085723,0.16662520709796946,3,6,4,6,5,7,6,6,10,6,False,False,-2
2024-01-31,XLU,utilities,SPY,-0.029685810134204127,0.015926419125415148,-0.045612229259619275,0.42857142857142855,-0.0021639164196520736,0.048139460703542136,0.16662520709796946,-0.11848574639442733,0.4603174603174603,-0.001664393167371944,-0.056128032562314356,0.06586906494438871,-0.12199709750670307,0.48412698412698413,-0.0009254982797481963,-0.07408728945178922,0.2237426787832133,-0.2978299682350025,0.44047619047619047,-0.0010770467073108743,0.07906744210974037,0.3367914082322505,-0.25772396612251014,0.4748677248677249,-0.0002797740091246252,-0.04575989899078603,0.20455837720678804,-0.2503182761975741,-0.0310211272582962,0.1149171556662949,-0.1459382829245911,0.25,-0.02200126757313457,-0.20197502788188226,-0.09974318833807849,-0.017078327664165727,0.048139460703542136,0.16662520709796946,8,10,11,11,10,11,8,8,2,10,False,False,1
2024-01-31,XLRE,real_estate,SPY,-0.048177721174302635,0.015926419125415148,-0.06410414029971778,0.2857142857142857,-0.003075146369590889,0.18753733524124971,0.16662520709796946,0.02091212814328025,0.4603174603174603,0.000345489490984251,0.018961916193423578,0.06586906494438871,-0.04690714875096513,0.4444444444444444,-0.0003083693581897148,-0.009146048813206242,0.2237426787832133,-0.23288872759641954,0.4603174603174603,-0.0007941573972325435,0.13405547767618686,0.3367914082322505,-0.20273593055606365,0.5079365079365079,-0.00019451126825188346,0.04100731116448686,0.20455837720678804,-0.16355106604230119,-0.0385538776457518,0.1149171556662949,-0.1534710333120467,0.16666666666666666,-0.017287530037691012,-0.21128856625447423,-0.09974318833807849,-0.017078327664165727,0.18753733524124971,0.16662520709796946,11,3,6,9,9,8,9,10,1,3,False,False,3
2024-01-31,XLC,communication_services,SPY,0.04431590600803026,0.015926419125415148,0.02838948688261511,0.5714285714285714,0.0013358346468870029,0.18133800560262636,0.16662520709796946,0.014712798504656899,0.49206349206349204,0.00021218407340002567,0.10998726496366773,0.06586906494438871,0.04411820001927902,0.5714285714285714,0.000347803876332082,0.4073652636597982,0.2237426787832133,0.1836225848765849,0.5515873015873016,0.0005966642376320087,0.14292697126624532,0.3367914082322505,-0.1938644369660052,0.5158730158730159,-0.0001631115827403234,0.34764323282171294,0.20455837720678804,0.1430848556149249,0.2011013935866286,0.1149171556662949,0.0861842379203337,0.6666666666666666,0.012104697624244534,-0.12005394187343366,-0.09974318833807849,-0.017078327664165727,0.18133800560262636,0.16662520709796946,1,4,2,2,8,2,2,1,9,4,False,False,-2
2024-02-29,XLK,technology,SPY,0.02505919127969225,0.0350181127505238,-0.00995892147083155,0.38095238095238093,-0.0004250147576902954,0.12279639970468859,0.12135931446928416,0.0014370852354044228,0.47619047619047616,5.2179890679866364e-05,0.19815431339633882,0.13977088071419574,0.05838343268214308,0.5396825396825397,0.0004244618266087236,0.5292634655891331,0.30167605749458803,0.22758740809454503,0.5396825396825397,0.0006726165056663035,0.6254602277227121,0.39645951145405567,0.22900071626865648,0.5105820105820106,0.0002583494083894565,0.4918782043015373,0.2576360176300976,0.2342421866714397,0.3120287724426485,0.16399370623571796,0.14803506620693052,0.5,0.014001422874014624,-0.10944069182640026,-0.09974318833807849,0.0,0.12279639970468859,0.12135931446928416,6,4,1,1,2,1,1,3,11,4,False,False,-3
2024-02-29,XLF,financials,SPY,0.02803266564231821,0.0350181127505238,-0.006985447108205589,0.5238095238095238,-0.00033193757622015533,0.15006284083187071,0.12135931446928416,0.02870352636258655,0.5396825396825397,0.0004027628912639895,0.18065875740038884,0.13977088071419574,0.04088787668619309,0.5317460317460317,0.00028354339338058546,0.15080232285085815,0.30167605749458803,-0.15087373464372988,0.49206349206349204,-0.000470156083610798,0.3217912168475021,0.39645951145405567,-0.07466829460655355,0.4880952380952381,-5.684020967026199e-05,0.11942194184251242,0.2576360176300976,-0.13821407578758516,-0.001549285708613568,0.16399370623571796,-0.16554299194433153,0.5833333333333334,-0.009362903853416371,-0.16270284122831136,-0.09974318833807849,0.0,0.15006284083187071,0.12135931446928416,5,2,2,6,5,6,11,2,4,2,False,False,0
2024-02-29,XLI,industrials,SPY,0.05945197542148439,0.0350181127505238,0.024433862670960593,0.5714285714285714,0.0011068678068298127,0.15330401791201886,0.12135931446928416,0.0319447034427347,0.47619047619047616,0.00045142622415703587,0.12868557005372838,0.13977088071419574,-0.011085310660467362,0.48412698412698413,-7.165149698923169e-05,0.21966257191913563,0.30167605749458803,-0.0820134855754524,0.4603174603174603,-0.0002491284410341234,0.4011486803314328,0.39645951145405567,0.004689168877377137,0.4973544973544973,4.296818557637651e-06,0.15122025369192826,0.2576360176300976,-0.10641576393816932,0.10246999958289837,0.16399370623571796,-0.06152370665281959,0.25,-0.005141910135481644,-0.12566255453897324,-0.09974318833807849,0.0,0.15330401791201886,0.12135931446928416,1,1,4,4,3,4,4,7,8,1,False,False,3
2024-02-29,XLE,energy,SPY,0.013411932596421261,0.0350181127505238,-0.02160618015410254,0.47619047619047616,-0.0009870112195354672,0.027376080703206407,0.12135931446928416,-0.09398323376607776,0.47619047619047616,-0.0013511594584564742,-0.009170442455788907,0.13977088071419574,-0.14894132316998465,0.46825396825396826,-0.0010641454420396337,0.06707149851069438,0.30167605749458803,-0.23460455898389365,0.4722222222222222,-0.0007274500707916682,1.0241338974043392,0.39645951145405567,0.6276743859502836,0.5158730158730159,0.0005953903702128284,0.05294941196991254,0.2576360176300976,-0.20468660566018504,0.06549847879340809,0.16399370623571796,-0.09849522744230987,0.4166666666666667,-0.015135965967842854,-0.17334311435517258,-0.09974318833807849,0.0,0.027376080703206407,0.12135931446928416,10,10,10,8,1,7,5,4,3,10,False,True,0
2024-02-29,XLB,materials,SPY,0.05114042759544546,0.0350181127505238,0.01612231484492166,0.5714285714285714,0.0007594252356463953,0.08612737660070802,0.12135931446928416,-0.035231937868576146,0.5238095238095238,-0.0004909094610709827,0.07078644209771001,0.13977088071419574,-0.06898443861648573,0.5238095238095238,-0.00047726936383757796,0.09273666303915595,0.30167605749458803,-0.20893939445543208,0.4880952380952381,-0.0006725473726905248,0.26627541119133946,0.39645951145405567,-0.1301841002627162,0.4973544973544973,-0.00011246337064322867,0.0395724818032781,0.2576360176300976,-0.21806353582681948,0.05725381837496668,0.16399370623571796,-0.10673988786075128,0.25,-0.014022372658973029,-0.1271704108795989,-0.09974318833807849,0.0,0.08612737660070802,0.12135931446928416,3,7,8,7,7,10,8,7,7,7,False,False,1
2024-02-29,XLY,consumer_discretionary,SPY,0.05927978843139359,0.0350181127505238,0.024261675680869788,0.6190476190476191,0.0011329344285150892,0.09003953159458566,0.12135931446928416,-0.0313197828746985,0.5238095238095238,-0.0004266414214487208,0.09217163204666545,0.13977088071419574,-0.04759924866753029,0.5,-0.00030154131825382667,0.27804490249208413,0.30167605749458803,-0.0236311550025039,0.5317460317460317,-3.479056616186666e-05,0.1713780533189655,0.39645951145405567,-0.22508145813509017,0.5132275132275133,-0.0001688058142393307,0.20652250373307246,0.2576360176300976,-0.05111351389702512,0.19981271328943473,0.16399370623571796,0.03581900705371677,0.4166666666666667,-0.0011045640307493776,-0.1619862362297655,-0.09974318833807849,0.0,0.09003953159458566,0.12135931446928416,2,6,5,3,8,3,3,4,5,6,False,False,-1
2024-02-29,XLP,consumer_staples,SPY,0.013476715557066754,0.0350181127505238,-0.021541397193457046,0.42857142857142855,-0.001013972735947642,0.06358147580729101,0.12135931446928416,-0.05777783866199315,0.49206349206349204,-0.0008369678324840717,0.03441666933889831,0.13977088071419574,-0.10535421137529744,0.46825396825396826,-0.0007713898421519555,0.061004987846126735,0.30167605749458803,-0.2406710696484613,0.4642857142857143,-0.0008186800165569703,0.2699302323659112,0.39645951145405567,-0.1265292790881445,0.49206349206349204,-0.000149215964063564,0.04689626466942132,0.2576360176300976,-0.21073975296067626,0.06419728896113197,0.16399370623571796,-0.09979641727458599,0.25,-0.016604722124149058,-0.13365492518956357,-0.09974318833807849,0.0,0.06358147580729101,0.12135931446928416,9,9,9,9,6,8,6,7,6,9,False,False,0
2024-02-29,XLV,health_care,SPY,0.0302342585025297,0.0350181127505238,-0.0047838542479941015,0.47619047619047616,-0.00023654799161464455,0.12209522132638373,0.12135931446928416,0.0007359068570995664,0.47619047619047616,7.353562783602855e-06,0.08260550381831067,0.13977088071419574,-0.05716537689588508,0.4365079365079365,-0.00041383499686743785,0.15780817541991388,0.30167605749458803,-0.14386788207467416,0.4246031746031746,-0.0004706208809787922,0.34750086404597,0.39645951145405567,-0.04895864740808564,0.4708994708994709,-6.674164651825524e-05,0.12383000843207825,0.2576360176300976,-0.13380600919801933,0.0633611736401063,0.16399370623571796,-0.10063253259561167,0.3333333333333333,-0.009513068288695045,-0.11019693912971429,-0.09974318833807849,0.0,0.12209522132638373,0.12135931446928416,4,5,6,5,4,5,7,6,10,5,False,False,1
2024-02-29,XLU,utilities,SPY,0.00844431439608484,0.0350181127505238,-0.02657379835443896,0.5238095238095238,-0.001203633068143031,-0.004841988492901073,0.12135931446928416,-0.12620130296218524,0.4603174603174603,-0.001856324225246667,-0.010445327999078047,0.13977088071419574,-0.1502162087132738,0.48412698412698413,-0.0010754361840168186,-0.012757516389638845,0.30167605749458803,-0.3144335738842269,0.4523809523809524,-0.001065059082223868,0.1676522039689221,0.39645951145405567,-0.22880730748513356,0.4775132275132275,-0.00023194022245327713,-0.021024295028546747,0.2576360176300976,-0.2786603126586443,0.04781228714887931,0.16399370623571796,-0.11618141908683866,0.25,-0.022385627462643526,-0.20197502788188226,-0.09974318833807849,0.0,-0.004841988492901073,0.12135931446928416,11,11,11,11,9,11,9,7,2,11,False,False,0
2024-02-29,XLRE,real_estate,SPY,0.01822442446663719,0.0350181127505238,-0.01679368828388661,0.47619047619047616,-0.0007511769097163409,0.07847232620286926,0.12135931446928416,-0.042886988266414905,0.4444444444444444,-0.0005780882792386415,0.07215133346376268,0.13977088071419574,-0.06761954725043307,0.42857142857142855,-0.000431365223177748,0.06020771918842427,0.30167605749458803,-0.24146833830616377,0.46825396825396826,-0.0007694358121774923,0.1572841464130177,0.39645951145405567,-0.23917536504103798,0.5066137566137566,-0.00022427998491630056,0.04123186766392739,0.2576360176300976,-0.2164041499661702,0.016269276282850464,0.16399370623571796,-0.1477244299528675,0.16666666666666666,-0.016522155635478413,-0.21128856625447423,-0.09974318833807849,0.0,0.07847232620286926,0.12135931446928416,8,8,7,10,10,9,10,11,1,8,False,False,-1
2024-02-29,XLC,communication_services,SPY,0.02005135650583756,0.0350181127505238,-0.014966756244686241,0.38095238095238093,-0.0006351942297511602,0.1254053701362008,0.12135931446928416,0.004046055666916626,0.4603174603174603,8.595459726784813e-05,0.17891176669552822,0.13977088071419574,0.039140885981332474,0.5396825396825397,0.00029738172099317564,0.4972207938471971,0.30167605749458803,0.19554473635260905,0.5476190476190477,0.0005892184532447946,0.1382240361270295,0.39645951145405567,-0.2582354753270262,0.5092592592592593,-0.00022509644848698964,0.4677896208832979,0.2576360176300976,0.21015360325320032,0.291403839675207,0.16399370623571796,0.12741013343948904,0.6666666666666666,0.011906591772807238,-0.12005394187343366,-0.09974318833807849,0.0,0.1254053701362008,0.12135931446928416,7,3,3,2,11,2,2,1,9,3,False,False,0
2024-03-28,XLK,technology,SPY,0.019120240640902564,0.03641446207113752,-0.017294221430234957,0.42857142857142855,-0.000757052460172436,0.08179798766467083,0.10112095660325204,-0.01932296893858121,0.47619047619047616,-0.00023787443805130194,0.2888308898392733,0.23652742198913668,0.05230346785013662,0.5158730158730159,0.0003594562537285184,0.45653564235047805,0.34136665163492896,0.11516899071554909,0.5198412698412699,0.0003619812820690817,0.6104423608716942,0.38071706180959053,0.2297252990621037,0.5092592592592593,0.0002590529837292853,0.4292088256774238,0.29423768262977035,0.13497114304765345,0.18242297745614544,0.123368803346118,0.059054174110027446,0.4166666666666667,0.006254076080231347,-0.10944069182640026,-0.09974318833807849,-0.00019109301179098814,0.08179798766467083,0.10112095660325204,9,6,1,2,2,1,2,4,10,6,False,False,-5
2024-03-28,XLF,financials,SPY,0.04753647166439423,0.03641446207113752,0.01112200959325671,0.5714285714285714,0.0005081410805242265,0.1241312100998968,0.10112095660325204,0.02301025349664476,0.5238095238095238,0.00032561223636327707,0.2782156476716393,0.23652742198913668,0.04168822568250263,0.5317460317460317,0.0002671396221647236,0.3648299529401826,0.34136665163492896,0.023463301305253648,0.5079365079365079,7.524404990266654e-05,0.2965345874805356,0.38071706180959053,-0.0841824743290549,0.4880952380952381,-6.81228039403659e-05,0.30289492524460915,0.29423768262977035,0.0086572426148388,0.09307135045718984,0.123368803346118,-0.030297452888928156,0.6666666666666666,0.002527371674350789,-0.16270284122831136,-0.09974318833807849,-0.00019109301179098814,0.1241312100998968,0.10112095660325204,4,1,2,3,5,3,6,1,4,1,False,False,1
2024-03-28,XLI,industrials,SPY,0.047411889610389224,0.03641446207113752,0.010997427539251703,0.5238095238095238,0.0005059203704840677,0.10735578361269882,0.10112095660325204,0.006234827009446775,0.4603174603174603,9.156505608466669e-05,0.25175444963544,0.23652742198913668,0.015227027646303348,0.48412698412698413,0.0001027082410444955,0.3038909251862858,0.34136665163492896,-0.037475726448643165,0.4722222222222222,-0.00010406950806068595,0.34422305974743694,0.38071706180959053,-0.036494002062153585,0.4947089947089947,-3.612381717087804e-05,0.2448693184791899,0.29423768262977035,-0.049368364150580435,0.09793828868987964,0.123368803346118,-0.025430514656238357,0.3333333333333333,-0.0017314944973012651,-0.12566255453897324,-0.09974318833807849,-0.00019109301179098814,0.10735578361269882,0.10112095660325204,5,4,4,5,3,5,5,6,8,4,False,False,0
2024-03-28,XLE,energy,SPY,0.11027733863987854,0.03641446207113752,0.07386287656874102,0.6190476190476191,0.003293671309458092,0.11535168381493444,0.10112095660325204,0.014230727211682392,0.5079365079365079,0.0002334033995047456,0.04272494252242742,0.23652742198913668,-0.19380247946670925,0.4444444444444444,-0.0013107527918121914,0.20882331683656719,0.34136665163492896,-0.13254333479836178,0.4880952380952381,-0.00036177266202035835,1.1128645733006524,0.38071706180959053,0.7321475114910618,0.5158730158730159,0.0006635572749992024,0.08875798394427314,0.29423768262977035,-0.2054796986854972,0.10122156259776371,0.123368803346118,-0.02214724074835428,0.5,-0.0063378599985725315,-0.17334311435517258,-0.09974318833807849,-0.00019109301179098814,0.11535168381493444,0.10112095660325204,1,3,11,7,1,9,4,3,3,3,False,False,8
2024-03-28,XLB,materials,SPY,0.07276942350451132,0.03641446207113752,0.0363549614333738,0.7142857142857143,0.0016474615663857803,0.08135584858980227,0.10112095660325204,-0.019765108013449773,0.5555555555555556,-0.0002770345959363942,0.20600026076626254,0.23652742198913668,-0.030527161222874133,0.5555555555555556,-0.00018213987695479453,0.21916726745729687,0.34136665163492896,-0.1221993841776321,0.5158730158730159,-0.00036176826084822263,0.23907480483971266,0.38071706180959053,-0.14164225696987787,0.5,-0.00012693055327138723,0.13646720417751546,0.29423768262977035,-0.1577704784522549,0.051951126600490616,0.123368803346118,-0.07141767674562738,0.3333333333333333,-0.007657901792026328,-0.1271704108795989,-0.09974318833807849,-0.00019109301179098814,0.08135584858980227,0.10112095660325204,2,7,5,6,6,7,8,6,7,7,False,False,-2
2024-03-28,XLY,consumer_discretionary,SPY,0.006117624873765992,0.03641446207113752,-0.03029683719737153,0.38095238095238093,-0.0013997495132383438,0.018967860893662092,0.10112095660325204,-0.08215309570958995,0.42857142857142855,-0.0012087454264194735,0.1658260288725002,0.23652742198913668,-0.07070139311663648,0.49206349206349204,-0.00043571460835781185,0.3078378848294925,0.34136665163492896,-0.03352876680543648,0.5198412698412699,-6.374597354603873e-05,0.1342051354399636,0.38071706180959053,-0.24651192636962693,0.5119047619047619,-0.00019786932635683572,0.29988567190996385,0.29423768262977035,0.0056479892801934994,0.1690370232631122,0.123368803346118,0.04566821991699421,0.4166666666666667,-0.003276746162490398,-0.1619862362297655,-0.09974318833807849,-0.00019109301179098814,0.018967860893662092,0.10112095660325204,11,10,7,4,10,4,3,4,5,10,False,True,-3
2024-03-28,XLP,consumer_staples,SPY,0.031543205620428116,0.03641446207113752,-0.004871256450709405,0.47619047619047616,-0.00023084408579214575,0.0705938742320098,0.10112095660325204,-0.030527082371242242,0.5079365079365079,-0.0004521371154692547,0.12653068785229427,0.23652742198913668,-0.10999673413684241,0.47619047619047616,-0.0007414862477111552,0.06931748910964619,0.34136665163492896,-0.2720491625252828,0.44841269841269843,-0.0009050035415801158,0.204566949621394,0.38071706180959053,-0.17615011218819654,0.48544973544973546,-0.0002036958903229439,0.03661919663994917,0.29423768262977035,-0.2576184859898212,-0.0030466616254334333,0.123368803346118,-0.12641546497155143,0.25,-0.01697505265183537,-0.13365492518956357,-0.09974318833807849,-0.00019109301179098814,0.0705938742320098,0.10112095660325204,7,8,9,10,7,10,10,9,6,8,False,False,1
2024-03-28,XLV,health_care,SPY,0.015433299151102364,0.03641446207113752,-0.020981162920035157,0.5714285714285714,-0.00097778726255751,0.09105454437766625,0.10112095660325204,-0.010066412225585797,0.5079365079365079,-0.00015330433691372052,0.15358064335163157,0.23652742198913668,-0.0829467786375051,0.4365079365079365,-0.000555971738634381,0.1818471647508333,0.34136665163492896,-0.15951948688409567,0.4365079365079365,-0.0005071372345633671,0.32295965855946807,0.38071706180959053,-0.05775740325012246,0.4708994708994709,-7.570705454432844e-05,0.1638845857614204,0.29423768262977035,-0.13035309686834995,0.056831451679066,0.123368803346118,-0.06653735166705199,0.3333333333333333,-0.009019927678793884,-0.09244657912137322,-0.09974318833807849,-0.00019109301179098814,0.09105454437766625,0.10112095660325204,10,5,8,8,4,6,7,6,11,5,False,False,3
2024-03-28,XLU,utilities,SPY,0.06624324481577193,0.03641446207113752,0.029828782744634408,0.5714285714285714,0.0013747075746758004,0.05134040454351996,0.10112095660325204,-0.049780552059732086,0.5238095238095238,-0.0007044409010224508,0.11119155870127528,0.23652742198913668,-0.1253358632878614,0.5,-0.000803790392113125,0.029555084704905976,0.34136665163492896,-0.311811566930023,0.4603174603174603,-0.0010191993942999565,0.13591519593613643,0.38071706180959053,-0.2448018658734541,0.47619047619047616,-0.00025267804133729003,-0.034408808955413206,0.29423768262977035,-0.32864649158518355,-0.027570475358742352,0.123368803346118,-0.15093927870486035,0.25,-0.020669562260760898,-0.2019727583874581,-0.09974318833807849,-0.00019109301179098814,0.05134040454351996,0.10112095660325204,3,9,10,11,9,11,11,9,2,9,False,False,1
2024-03-28,XLRE,real_estate,SPY,0.025751026687957035,0.03641446207113752,-0.010663435383180486,0.42857142857142855,-0.0004683037147305584,-0.011201685210383117,0.10112095660325204,-0.11232264181363516,0.38095238095238093,-0.0016784965915282385,0.1970976157350639,0.23652742198913668,-0.039429806254072775,0.4444444444444444,-0.00020532125426012083,0.16056302703425374,0.34136665163492896,-0.18080362460067523,0.4722222222222222,-0.000535235225164961,0.09094643155693793,0.38071706180959053,-0.2897706302526526,0.4973544973544973,-0.0002866700948202296,0.13142760459289105,0.29423768262977035,-0.1628100780368793,0.05169628383688529,0.123368803346118,-0.0716725195092327,0.16666666666666666,-0.013573759046187165,-0.21128856625447423,-0.09974318833807849,-0.00019109301179098814,-0.011201685210383117,0.10112095660325204,8,11,6,9,11,8,9,11,1,11,False,False,-5
2024-03-28,XLC,communication_services,SPY,0.04094821239877611,0.03641446207113752,0.004533750327638586,0.38095238095238093,0.00022371301732927926,0.12319603516801991,0.10112095660325204,0.02207507856476787,0.4444444444444444,0.00034461249936078097,0.2585418787622431,0.23652742198913668,0.022014456773106428,0.48412698412698413,0.0001706268271598697,0.4752192432262865,0.34136665163492896,0.13385259159135754,0.5317460317460317,0.00040922141812860556,0.16063417619978737,0.38071706180959053,-0.22008288560980316,0.5052910052910053,-0.0001846927051763457,0.4171879308258477,0.29423768262977035,0.12295024819607736,0.18645913805909098,0.123368803346118,0.06309033471297298,0.5833333333333334,0.007858727093567155,-0.12005394187343366,-0.09974318833807849,-0.00019109301179098814,0.12319603516801991,0.10112095660325204,6,2,3,1,8,2,1,2,9,2,False,False,1
2024-04-30,XLK,technology,SPY,-0.06023459818978494,-0.038647108998670965,-0.021587489191113973,0.47619047619047616,-0.0010363751750778246,-0.026376405672834946,0.025768938006780706,-0.05214534367961565,0.42857142857142855,-0.000787394447672292,0.222864097945646,0.23108336319771605,-0.008219265252070063,0.5,-1.8593616644947354e-05,0.3118230366717629,0.22436282266932817,0.08746021400243476,0.5198412698412699,0.00031006014828360455,0.4204373217420274,0.25704897633264157,0.16338834540938585,0.5092592592592593,0.00021715145575295,0.39590480150139085,0.27358312866158063,0.12232167283981021,0.08772705550871529,0.037743948932322136,0.049983106576393155,0.4166666666666667,0.006160098800852988,-0.10944069182640026,-0.09974318833807849,-0.040502950561379314,-0.026376405672834946,0.025768938006780706,10,10,4,2,2,1,3,4,10,10,False,True,-6
2024-04-30,XLF,financials,SPY,-0.036524154946420806,-0.038647108998670965,0.002122954052250159,0.5238095238095238,0.0001009616007234339,0.03241472361750963,0.025768938006780706,0.006645785610728927,0.5396825396825397,9.825760308974499e-05,0.2945158925631395,0.23108336319771605,0.06343252936542343,0.5476190476190477,0.00040024452411330767,0.23840844134835515,0.22436282266932817,0.014045618679026983,0.5079365079365079,5.104892673371641e-05,0.18808717181412016,0.25704897633264157,-0.06896180451852141,0.48544973544973546,-6.0212756549560614e-05,0.2853549445025132,0.27358312866158063,0.011771815840932565,0.01840703975699598,0.037743948932322136,-0.019336909175326156,0.5833333333333334,0.0011081517707133004,-0.16270284122831136,-0.09974318833807849,-0.040502950561379314,0.03241472361750963,0.025768938006780706,5,6,1,3,5,3,6,1,3,6,False,False,-5
2024-04-30,XLI,industrials,SPY,-0.027762157291061684,-0.038647108998670965,0.01088495170760928,0.5714285714285714,0.0005293348334605575,0.0672931696927046,0.025768938006780706,0.041524231685923896,0.5555555555555556,0.0006277923462519981,0.27086754067533936,0.23108336319771605,0.039784177477623306,0.5,0.00025456335684252246,0.23553848051414183,0.22436282266932817,0.011175657844813669,0.4801587301587302,4.196901135013969e-05,0.25140143175339635,0.25704897633264157,-0.005647544579245212,0.4973544973544973,-6.792953052689851e-06,0.27081916197745515,0.27358312866158063,-0.002763966684125485,0.027444058664561677,0.037743948932322136,-0.010299890267760459,0.4166666666666667,0.0009756715131292356,-0.12566255453897324,-0.09974318833807849,-0.040502950561379314,0.0672931696927046,0.025768938006780706,4,4,2,4,3,4,5,4,8,4,False,False,-2
2024-04-30,XLE,energy,SPY,-0.016717372631047778,-0.038647108998670965,0.021929736367623187,0.5238095238095238,0.0010884642626021867,0.10912674619828455,0.025768938006780706,0.08335780819150385,0.5396825396825397,0.001256298213037826,0.12467565415464454,0.23108336319771605,-0.10640770904307151,0.46825396825396826,-0.0006875821877224571,0.136241321195681,0.22436282266932817,-0.08812150147364717,0.5,-0.0002500556454999382,1.1063118964976923,0.25704897633264157,0.8492629201650508,0.5211640211640212,0.0007812407873076493,0.1555592355333406,0.27358312866158063,-0.11802389312824002,0.10124847028674377,0.037743948932322136,0.06350452135442164,0.5,-0.004622570351202236,-0.15630815095080586,-0.09974318833807849,-0.040502950561379314,0.10912674619828455,0.025768938006780706,3,1,11,6,1,7,2,2,5,1,False,False,10
2024-04-30,XLB,materials,SPY,-0.04359535892122768,-0.038647108998670965,-0.004948249922556713,0.5714285714285714,-0.0002472568739739355,0.06780769311909474,0.025768938006780706,0.04203875511231403,0.6031746031746031,0.000646407764888104,0.19506219238158007,0.23108336319771605,-0.03602117081613598,0.5555555555555556,-0.00022416538324227406,0.12281952642762839,0.22436282266932817,-0.10154329624169978,0.5158730158730159,-0.0003276589040907296,0.12952301743319428,0.25704897633264157,-0.1275259588994473,0.5013227513227513,-0.00012603121366062755,0.17400049958054287,0.27358312866158063,-0.09958262908103777,-0.013692984053737534,0.037743948932322136,-0.05143693298605967,0.3333333333333333,-0.006716870663124199,-0.1271704108795989,-0.09974318833807849,-0.040502950561379314,0.06780769311909474,0.025768938006780706,8,3,5,7,7,6,7,7,7,3,False,False,2
2024-04-30,XLY,consumer_discretionary,SPY,-0.03780420114594096,-0.038647108998670965,0.0008429078527300016,0.42857142857142855,7.668594930361945e-05,0.010985831203642604,0.025768938006780706,-0.014783106803138102,0.4603174603174603,-0.00020441065599358189,0.1786709042704433,0.23108336319771605,-0.052412458927272754,0.48412698412698413,-0.0003187513434535582,0.19698523574749172,0.22436282266932817,-0.02737758692183645,0.5079365079365079,-5.484581231636013e-05,0.009516567472312998,0.25704897633264157,-0.24753240886032857,0.5105820105820106,-0.0002274758939908197,0.2440141987452642,0.27358312866158063,-0.029568929916316433,0.08709246972677764,0.037743948932322136,0.04934852079445551,0.4166666666666667,-0.001448993007143758,-0.1619862362297655,-0.09974318833807849,-0.040502950561379314,0.010985831203642604,0.025768938006780706,6,7,6,5,10,5,4,4,4,7,False,False,-1
2024-04-30,XLP,consumer_staples,SPY,-0.0033004920169941165,-0.038647108998670965,0.03534661698167685,0.6666666666666666,0.001698821678649479,0.03533679881494001,0.025768938006780706,0.0095678608081593,0.5238095238095238,0.0001347572892319694,0.15098228302769878,0.23108336319771605,-0.08010108017001727,0.5,-0.0005390915750285463,0.003345687608256931,0.22436282266932817,-0.22101713506107123,0.4642857142857143,-0.0007953564922020222,0.1873649198582994,0.25704897633264157,-0.06968405647434217,0.49206349206349204,-9.907514796848437e-05,0.006668187926269553,0.27358312866158063,-0.2669149407353111,-0.09645419740878791,0.037743948932322136,-0.13419814634111005,0.25,-0.01613881848614418,-0.13365492518956357,-0.09974318833807849,-0.040502950561379314,0.03533679881494001,0.025768938006780706,2,5,8,9,6,10,10,8,6,5,False,False,3
2024-04-30,XLV,health_care,SPY,-0.04191980598530631,-0.038647108998670965,-0.0032726969866353484,0.38095238095238093,-0.00016986054058953397,0.0018975295421821414,0.025768938006780706,-0.023871408464598565,0.47619047619047616,-0.00038273469016222465,0.14883316109044564,0.23108336319771605,-0.08225020210727041,0.4444444444444444,-0.0005536141121105161,0.06816678161804268,0.22436282266932817,-0.15619604105128548,0.42857142857142855,-0.0005465771103558224,0.2036173479355443,0.25704897633264157,-0.05343162839709725,0.4669312169312169,-7.680050438441712e-05,0.11490331215599747,0.27358312866158063,-0.15867981650558316,-0.020532643233461823,0.037743948932322136,-0.05827659216578396,0.25,-0.011136786855501596,-0.09244657912137322,-0.09974318833807849,-0.040502950561379314,0.0018975295421821414,0.025768938006780706,7,9,9,8,4,8,8,8,11,9,False,False,0
2024-04-30,XLU,utilities,SPY,0.02283517329424689,-0.038647108998670965,0.061482282292917856,0.6190476190476191,0.0029609241121831727,0.09274746249104049,0.025768938006780706,0.06697852448425978,0.5714285714285714,0.00102685291489602,0.15656901479002272,0.23108336319771605,-0.07451434840769333,0.5079365079365079,-0.0004655967310387148,0.0006738795853080681,0.22436282266932817,-0.2236889430840201,0.4642857142857143,-0.0007702370700305135,0.11728010965834423,0.25704897633264157,-0.13976886667429733,0.4801587301587302,-0.00015030740651191234,-0.02166653463584356,0.27358312866158063,-0.2952496632974242,-0.1333179034472214,0.037743948932322136,-0.17106185237954352,0.25,-0.015979549293494388,-0.18392247283485896,-0.09974318833807849,-0.040502950561379314,0.09274746249104049,0.025768938006780706,1,2,7,10,8,11,11,8,2,2,False,False,5
2024-04-30,XLRE,real_estate,SPY,-0.06822875463547629,-0.038647108998670965,-0.02958164563680532,0.38095238095238093,-0.0014388590119898655,-0.05138283097415919,0.025768938006780706,-0.0771517689809399,0.4126984126984127,-0.0012053243344471469,0.13829862519424507,0.23108336319771605,-0.09278473800347098,0.42857142857142855,-0.0005719187541949359,-0.007298158626504847,0.22436282266932817,-0.231660981295833,0.44841269841269843,-0.0007918500317015986,-0.05498145324773229,0.25704897633264157,-0.31203042958037386,0.4933862433862434,-0.00035098151895220846,0.06539222616290807,0.27358312866158063,-0.20819090249867256,-0.08477461917571427,0.037743948932322136,-0.12251856810803641,0.16666666666666666,-0.016911102773496445,-0.21128856625447423,-0.09974318833807849,-0.040502950561379314,-0.05138283097415919,0.025768938006780706,11,11,10,11,11,9,9,11,1,11,False,False,-1
2024-04-30,XLC,communication_services,SPY,-0.05383403263554609,-0.038647108998670965,-0.015186923636875127,0.42857142857142855,-0.0007045649269440455,0.003479430106229975,0.025768938006780706,-0.02228950790055073,0.3968253968253968,-0.00030613210402285335,0.24048893474829858,0.23108336319771605,0.009405571550582525,0.4523809523809524,8.803465727772482e-05,0.3119382550751417,0.22436282266932817,0.08757543240581356,0.5317460317460317,0.0003031139069217462,0.03893359413129116,0.25704897633264157,-0.2181153822013504,0.5026455026455027,-0.00020597527633666013,0.38658364423056435,0.27358312866158063,0.11300051556898372,0.10537320973439002,0.037743948932322136,0.06762926080206788,0.5,0.00589856825453669,-0.12005394187343366,-0.09974318833807849,-0.040502950561379314,0.003479430106229975,0.025768938006780706,9,8,3,1,9,2,1,2,9,8,False,True,-5
2024-05-31,XLK,technology,SPY,0.08184886022397708,0.05400213924320707,0.027846720980770012,0.6190476190476191,0.0012840379342490484,-0.001200277466165467,0.03150722569470199,-0.03270750316086746,0.49206349206349204,-0.0004695842159054742,0.1410647450746365,0.1683715744995533,-0.0273068294249168,0.48412698412698413,-0.00014986806209461615,0.2896575729440649,0.28038022860674405,0.009277344337320859,0.5158730158730159,6.28043260097704e-05,0.5577771958078415,0.31232939880280797,0.2454477970050335,0.5119047619047619,0.0002821457044524066,0.19208664015883414,0.21477953500747216,-0.022692894848638012,-0.004506369559944101,0.0018070744715299458,-0.006313444031474047,0.4166666666666667,0.000747563298281767,-0.10944069182640026,-0.09974318833807849,-0.007509112328742518,-0.001200277466165467,0.03150722569470199,1,8,5,4,2,6,7,4,9,8,False,False,-3
2024-05-31,XLF,financials,SPY,0.031714541543551356,0.05400213924320707,-0.022287597699655715,0.5238095238095238,-0.001006079553040773,0.03739805349186276,0.03150722569470199,0.005890827797160769,0.5555555555555556,9.378059845011408e-05,0.18320289128253098,0.1683715744995533,0.014831316782977666,0.5396825396825397,0.00010205502034255605,0.334407263572049,0.28038022860674405,0.05402703496530492,0.5277777777777778,0.00016826359202675177,0.1596224888822595,0.31232939880280797,-0.15270690992054847,0.4828042328042328,-0.00014939477587467808,0.29338805438919,0.21477953500747216,0.07860851938171787,0.016919384326547382,0.0018070744715299458,0.015112309855017436,0.5833333333333334,0.0035207334631145357,-0.1399223810290937,-0.09974318833807849,-0.007509112328742518,0.03739805349186276,0.03150722569470199,5,6,3,2,7,1,4,1,4,6,False,False,-3
2024-05-31,XLI,industrials,SPY,0.018891173664600025,0.05400213924320707,-0.035110965578607045,0.2857142857142857,-0.0016070063346142868,0.01951694518919589,0.03150722569470199,-0.011990280505506101,0.47619047619047616,-0.00018366694886213998,0.17640516960362485,0.1683715744995533,0.008033595104071534,0.46825396825396826,5.7798008504228623e-05,0.2966152844344683,0.28038022860674405,0.01623505582772422,0.4801587301587302,5.575920277891185e-05,0.23281319221009378,0.31232939880280797,-0.07951620659271419,0.4933862433862434,-8.378791835217656e-05,0.27257485190591124,0.21477953500747216,0.057795316898439086,0.016311858300005033,0.0018070744715299458,0.014504783828475087,0.4166666666666667,0.0012584599941429613,-0.12566255453897324,-0.09974318833807849,-0.007509112328742518,0.01951694518919589,0.03150722569470199,9,7,4,3,3,3,5,4,8,7,False,False,-3
2024-05-31,XLE,energy,SPY,0.01271326103414716,0.05400213924320707,-0.04128887820905991,0.23809523809523808,-0.0018735627852004978,0.07818657935872153,0.03150722569470199,0.04667935366401954,0.4444444444444444,0.0007241802531458396,0.12896464081570258,0.1683715744995533,-0.03940693368385073,0.46825396825396826,-0.00024238187287045897,0.2586137708604632,0.28038022860674405,-0.021766457746280832,0.4880952380952381,-2.713265128712722e-05,1.0146737253743043,0.31232939880280797,0.7023443265714964,0.5105820105820106,0.0006628784477951104,0.24281355768483892,0.21477953500747216,0.028034022677366766,0.12664819945831396,0.0018070744715299458,0.12484112498678401,0.5,-0.00020177961446119866,-0.12946781551121134,-0.09974318833807849,-0.007509112328742518,0.07818657935872153,0.03150722569470199,10,2,7,5,1,4,1,2,6,2,False,False,5
2024-05-31,XLB,materials,SPY,0.027387917886415147,0.05400213924320707,-0.026614221356791923,0.3333333333333333,-0.0012080191240150568,0.044324664873804265,0.03150722569470199,0.012817439179102275,0.5396825396825397,0.00020102821337760564,0.13358627594081063,0.1683715744995533,-0.03478529855874268,0.5238095238095238,-0.00022984054162457555,0.24503394305171833,0.28038022860674405,-0.035346285555025725,0.5238095238095238,-9.510196799260098e-05,0.11501514854142014,0.31232939880280797,-0.19731425026138782,0.4973544973544973,-0.00020040138379819058,0.21184405751340085,0.21477953500747216,-0.0029354774940713035,0.019170879865589407,0.0018070744715299458,0.01736380539405946,0.3333333333333333,-0.0020557829400870142,-0.1271704108795989,-0.09974318833807849,-0.007509112328742518,0.044324664873804265,0.03150722569470199,7,4,6,6,8,5,3,6,7,4,False,False,2
2024-05-31,XLY,consumer_discretionary,SPY,0.008308478281578768,0.05400213924320707,-0.0456936609616283,0.38095238095238093,-0.002101273346094736,-0.04684175790045797,0.03150722569470199,-0.07834898359515996,0.38095238095238093,-0.0012338359168959962,0.045253770275989647,0.1683715744995533,-0.12311780422356366,0.4523809523809524,-0.0008625401275251851,0.16970539416422636,0.28038022860674405,-0.11067483444251769,0.4880952380952381,-0.00032491822045095057,0.042780659292443124,0.31232939880280797,-0.26954873951036484,0.5105820105820106,-0.0002419836820886645,0.16006700266738805,0.21477953500747216,-0.05471253234008411,-0.0005098839602292182,0.0018070744715299458,-0.002316958431759164,0.3333333333333333,-0.007023781192425925,-0.1619862362297655,-0.09974318833807849,-0.007509112328742518,-0.04684175790045797,0.03150722569470199,11,11,11,7,10,7,6,6,3,11,False,False,0
2024-05-31,XLP,consumer_staples,SPY,0.030925205407990264,0.05400213924320707,-0.023076933835216806,0.3333333333333333,-0.0010472732782167214,0.04632567930515785,0.03150722569470199,0.014818453610455862,0.49206349206349204,0.0002211770307343878,0.12207017607362758,0.1683715744995533,-0.04630139842592573,0.49206349206349204,-0.0003227838318154985,0.09526202926503036,0.28038022860674405,-0.1851181993417137,0.4523809523809524,-0.0006233949787478052,0.18160442608891159,0.31232939880280797,-0.13072497271389638,0.4828042328042328,-0.0001618850119775601,0.06240687832593905,0.21477953500747216,-0.1523726566815331,-0.056540039664175534,0.0018070744715299458,-0.05834711413570548,0.25,-0.012725392577758917,-0.13365492518956357,-0.09974318833807849,-0.007509112328742518,0.04632567930515785,0.03150722569470199,6,3,8,10,6,10,9,9,5,3,False,False,5
2024-05-31,XLV,health_care,SPY,0.02219388263290001,0.05400213924320707,-0.03180825661030706,0.42857142857142855,-0.0014559688723990503,-0.014494181735445366,0.03150722569470199,-0.046001407430147356,0.4603174603174603,-0.000726962916176263,0.11709325948546634,0.1683715744995533,-0.05127831501408697,0.46825396825396826,-0.000359047507340476,0.14259237469872654,0.28038022860674405,-0.1377878539080175,0.4365079365079365,-0.0004553582022548677,0.21836197439549143,0.31232939880280797,-0.09396742440731654,0.4656084656084656,-0.00011695863667243366,0.11778439893977066,0.21477953500747216,-0.09699513606770149,-0.02331416570195899,0.0018070744715299458,-0.025121240173488935,0.25,-0.009320132229151965,-0.09244657912137322,-0.09974318833807849,-0.007509112328742518,-0.014494181735445366,0.03150722569470199,8,9,9,9,5,8,8,9,10,9,False,False,0
2024-05-31,XLU,utilities,SPY,0.0771738129949977,0.05400213924320707,0.023171673751790633,0.38095238095238093,0.0010652106831865195,0.1879587379802823,0.03150722569470199,0.1564515122855803,0.5396825396825397,0.002263962998866266,0.18437388973396884,0.1683715744995533,0.01600231523441553,0.5,0.00013815930229229363,0.15834561397472258,0.28038022860674405,-0.12203461463202148,0.4642857142857143,-0.0003647123210411137,0.22561063268266923,0.31232939880280797,-0.08671876612013873,0.4801587301587302,-8.427476805386271e-05,0.07535627026991398,0.21477953500747216,-0.13942326473755817,-0.0737808703527939,0.0018070744715299458,-0.07558794482432385,0.3333333333333333,-0.007631110186221951,-0.18392247283485896,-0.09974318833807849,-0.007509112328742518,0.1879587379802823,0.03150722569470199,2,1,2,8,4,9,10,6,1,1,False,False,1
2024-05-31,XLRE,real_estate,SPY,0.0508148576199452,0.05400213924320707,-0.003187281623261873,0.42857142857142855,-0.00010091509618882446,-0.031131733021634744,0.03150722569470199,-0.06263895871633673,0.3968253968253968,-0.0009537537910295222,0.048376642035607764,0.1683715744995533,-0.11999493246394555,0.42063492063492064,-0.0008193881216587036,0.0932442465268215,0.28038022860674405,-0.18713598207992255,0.4523809523809524,-0.0005858582998088822,-0.03121670262113585,0.31232939880280797,-0.3435461014239438,0.4894179894179894,-0.00037407858286086663,0.040377606577601366,0.21477953500747216,-0.1744019284298708,-0.08370511531658209,0.0018070744715299458,-0.08551218978811204,0.25,-0.012705970569037476,-0.16739445063810499,-0.09974318833807849,-0.007509112328742518,-0.031131733021634744,0.03150722569470199,4,10,10,11,11,11,11,9,2,10,False,False,0
2024-05-31,XLC,communication_services,SPY,0.059557317265958476,0.05400213924320707,0.005555178022751406,0.6190476190476191,0.00025276612866834006,0.04330593032026542,0.03150722569470199,0.011798704625563428,0.49206349206349204,0.00020519540999621263,0.19251016977592217,0.1683715744995533,0.024138595276368857,0.47619047619047616,0.00018874272269899954,0.3501833477039267,0.28038022860674405,0.06980311909718262,0.5277777777777778,0.00023812538276635076,0.08574912601734108,0.31232939880280797,-0.22658027278546689,0.5052910052910053,-0.00020563700355819665,0.27429005085622804,0.21477953500747216,0.059510515848755885,0.03880894772981791,0.0018070744715299458,0.037001873258287965,0.5,0.004530338959652241,-0.08085659492763642,-0.09974318833807849,-0.007509112328742518,0.04330593032026542,0.03150722569470199,3,5,1,1,9,2,2,2,11,5,False,False,-4
2024-06-28,XLK,technology,SPY,0.055403929973506516,0.037779413041657994,0.017624516931848522,0.5238095238095238,0.0008679962338358374,0.0881398122197361,0.04379094801631034,0.044348864203425764,0.5555555555555556,0.0007092189204721403,0.17714745915712338,0.14934008717353486,0.027807371983588514,0.5158730158730159,0.00023567224121041918,0.3345109781003497,0.264538988822538,0.06997198927781167,0.5238095238095238,0.00024988691929015534,0.5979048255391899,0.33334346148203675,0.26456136405715314,0.5092592592592593,0.0002959420722658752,0.26445519123076355,0.218504600237023,0.04595059099374055,0.08167796775739111,0.045127323168087985,0.03655064458930313,0.5,0.004548755876518549,-0.10944069182640026,-0.09974318833807849,-0.004583940809744003,0.0881398122197361,0.04379094801631034,1,1,2,2,2,2,2,1,9,1,False,False,1
2024-06-28,XLF,financials,SPY,0.011091828953665228,0.037779413041657994,-0.026687584087992766,0.38095238095238093,-0.0012314994732353726,-0.020114463594865684,0.04379094801631034,-0.06390541161117602,0.4603174603174603,-0.000998054686665076,0.10151991379849012,0.14934008717353486,-0.04782017337504474,0.49206349206349204,-0.00033622122515089954,0.27304031730945355,0.264538988822538,0.008501328486915538,0.5158730158730159,3.074883757978835e-05,0.17772172413157694,0.33334346148203675,-0.1556217373504598,0.47883597883597884,-0.00015118274912480996,0.2590748741653539,0.218504600237023,0.0405702739283309,0.07816185553543531,0.045127323168087985,0.033034532367347325,0.5,-0.0001354705453191866,-0.11262409604183721,-0.09974318833807849,-0.004583940809744003,-0.020114463594865684,0.04379094801631034,8,8,3,3,6,3,3,1,8,8,False,True,-5
2024-06-28,XLI,industrials,SPY,0.008982447253023329,0.037779413041657994,-0.028796965788634665,0.47619047619047616,-0.0013272576967400833,-0.029146799162269588,0.04379094801631034,-0.07293774717857993,0.42857142857142855,-0.0011458434898441907,0.07507990698656175,0.14934008717353486,-0.07426018018697311,0.4444444444444444,-0.000527139216879762,0.17506567731191613,0.264538988822538,-0.08947331151062188,0.4722222222222222,-0.0002870215146108277,0.24970568735755405,0.33334346148203675,-0.0836377741244827,0.4933862433862434,-8.693850193209359e-05,0.16460467722809047,0.218504600237023,-0.05389992300893254,0.007408261327412902,0.045127323168087985,-0.03771906184067508,0.3333333333333333,-0.006113309631974123,-0.12566255453897324,-0.09974318833807849,-0.004583940809744003,-0.029146799162269588,0.04379094801631034,9,10,8,5,3,5,6,5,7,10,False,True,-2
2024-06-28,XLE,energy,SPY,0.013255214727717402,0.037779413041657994,-0.024524198313940593,0.42857142857142855,-0.0010810803017797218,-0.026777024782394854,0.04379094801631034,-0.07056797279870519,0.38095238095238093,-0.0010788146313128162,0.08548588413633595,0.14934008717353486,-0.06385420303719891,0.4444444444444444,-0.0004227056159040353,0.1815407674007028,0.264538988822538,-0.08299822142183522,0.4801587301587302,-0.00022975642144744027,0.8548890745629047,0.33334346148203675,0.521545613080868,0.5052910052910053,0.0005300360622999887,0.16608407262745484,0.218504600237023,-0.05242052760956817,0.06929010067695485,0.045127323168087985,0.02416277750886686,0.4166666666666667,-0.0045191057231110665,-0.12946781551121134,-0.09974318833807849,-0.004583940809744003,-0.026777024782394854,0.04379094801631034,7,9,5,4,1,4,4,4,5,9,False,False,-4
2024-06-28,XLB,materials,SPY,-0.010916443453899527,0.037779413041657994,-0.04869585649555752,0.3333333333333333,-0.0022790698159319395,-0.04477671294509811,0.04379094801631034,-0.08856766096140845,0.3968253968253968,-0.0014020283079710927,0.03293628816599359,0.14934008717353486,-0.11640379900754128,0.47619047619047616,-0.0008395314519537434,0.11129657118176817,0.264538988822538,-0.15324241764076985,0.503968253968254,-0.0004997765548206937,0.14346575145844298,0.33334346148203675,-0.18987771002359377,0.4973544973544973,-0.000188833825295164,0.12356187081143899,0.218504600237023,-0.09494272942558402,0.004076816920367321,0.045127323168087985,-0.041050506247720664,0.25,-0.010899287721709477,-0.1271704108795989,-0.09974318833807849,-0.004583940809744003,-0.04477671294509811,0.04379094801631034,10,11,9,7,8,6,7,8,6,11,False,False,-2
2024-06-28,XLY,consumer_discretionary,SPY,0.05077259371418674,0.037779413041657994,0.012993180672528748,0.42857142857142855,0.0006084835161257885,-0.005968750802302747,0.04379094801631034,-0.049759698818613085,0.3968253968253968,-0.0007541514358341308,0.012885895656432389,0.14934008717353486,-0.13645419151710247,0.4126984126984127,-0.000981448431126802,0.0975801641665579,0.264538988822538,-0.1669588246559801,0.46825396825396826,-0.0005301081351481264,0.050663712890999024,0.33334346148203675,-0.2826797485910377,0.5079365079365079,-0.00025260075965649934,0.04454586152358586,0.218504600237023,-0.17395873871343714,0.00781931293671212,0.045127323168087985,-0.037308010231375865,0.3333333333333333,-0.011242793863024578,-0.1619862362297655,-0.09974318833807849,-0.004583940809744003,-0.005968750802302747,0.04379094801631034,3,5,10,8,10,10,5,5,3,5,False,False,5
2024-06-28,XLP,consumer_staples,SPY,0.015907656069399145,0.037779413041657994,-0.02187175697225885,0.42857142857142855,-0.0010071351897832476,0.01045266739216233,0.04379094801631034,-0.03333828062414801,0.4444444444444444,-0.000517661772360997,0.08178443591144346,0.14934008717353486,-0.0675556512620914,0.47619047619047616,-0.00048489944391512586,0.07127981609678402,0.264538988822538,-0.193259172725754,0.44841269841269843,-0.0006609764568434093,0.1902125956602494,0.33334346148203675,-0.14313086582178736,0.48544973544973546,-0.00017340830902429788,0.05450511146025083,0.218504600237023,-0.16399948877677217,-0.03959461507801254,0.045127323168087985,-0.08472193824610053,0.25,-0.012865225048934429,-0.13365492518956357,-0.09974318833807849,-0.004583940809744003,0.01045266739216233,0.04379094801631034,6,4,6,10,5,9,11,8,4,4,False,False,2
2024-06-28,XLV,health_care,SPY,0.03363311036552452,0.037779413041657994,-0.004146302676133473,0.5238095238095238,-0.00019209852907555618,-0.009536892597052149,0.04379094801631034,-0.05332784061336249,0.42857142857142855,-0.0008344897332192595,0.0806492743704108,0.14934008717353486,-0.06869081280312406,0.46825396825396826,-0.00049389703506649,0.13469681281827173,0.264538988822538,-0.12984217600426629,0.4365079365079365,-0.000433637706968689,0.215117390731552,0.33334346148203675,-0.11822607075048475,0.4656084656084656,-0.00014195161834586653,0.09777521776272047,0.218504600237023,-0.12072938247430254,0.0024092686694261456,0.045127323168087985,-0.04271805449866184,0.25,-0.008954845289255489,-0.09244657912137322,-0.09974318833807849,-0.004583940809744003,-0.009536892597052149,0.04379094801631034,5,6,7,6,4,8,8,8,10,6,False,False,1
2024-06-28,XLU,utilities,SPY,-0.025820451340522133,0.037779413041657994,-0.06359986438218013,0.3333333333333333,-0.002980780208959876,0.046297023555841976,0.04379094801631034,0.002506075539531638,0.42857142857142855,5.956585335509422e-05,0.10001433601787979,0.14934008717353486,-0.04932575115565507,0.47619047619047616,-0.00032243752383367833,0.08893418567064049,0.264538988822538,-0.17560480315189753,0.4642857142857143,-0.0005597874856199366,0.16994449434209513,0.33334346148203675,-0.16339896713994162,0.4748677248677249,-0.00016686271912040842,0.11779618774492961,0.218504600237023,-0.10070841249209339,-0.02195905498139661,0.045127323168087985,-0.0670863781494846,0.3333333333333333,-0.01111020040670164,-0.18392247283485896,-0.09974318833807849,-0.004583940809744003,0.046297023555841976,0.04379094801631034,11,3,4,9,7,7,10,5,1,3,False,False,1
2024-06-28,XLRE,real_estate,SPY,0.05492693764171297,0.037779413041657994,0.017147524600054975,0.6190476190476191,0.0008004922475746293,-0.01846158373984763,0.04379094801631034,-0.06225253175615797,0.4603174603174603,-0.000939839732291445,-0.029456468100691913,0.14934008717353486,-0.17879655527422678,0.42063492063492064,-0.0013091681619098417,0.07090063420292059,0.264538988822538,-0.19363835461961743,0.4603174603174603,-0.0006199488831621583,-0.04987428207699518,0.33334346148203675,-0.38321774355903193,0.4894179894179894,-0.0004212750411715107,0.015141993242600016,0.218504600237023,-0.203362606994423,-0.011286224807974254,0.045127323168087985,-0.05641354797606224,0.25,-0.013257492700301235,-0.16739445063810499,-0.09974318833807849,-0.004583940809744003,-0.01846158373984763,0.04379094801631034,2,7,11,11,11,11,9,8,2,7,False,False,4
2024-06-28,XLC,communication_services,SPY,0.03915913061045018,0.037779413041657994,0.0013797175687921825,0.5714285714285714,7.128566153500961e-05,0.05175716950038578,0.04379094801631034,0.007966221484075442,0.5396825396825397,0.00014312895052196655,0.18132948274237237,0.14934008717353486,0.03198939556883751,0.49206349206349204,0.00024387072494137378,0.33599572169846526,0.264538988822538,0.07145673287592724,0.5238095238095238,0.0002452663830016918,0.09220593667718857,0.33334346148203675,-0.24113752480484818,0.503968253968254,-0.00021875521837396185,0.28565075583143784,0.218504600237023,0.06714615559441484,0.09132341650806697,0.045127323168087985,0.04619609333997898,0.5,0.00559709013555984,-0.08085659492763642,-0.09974318833807849,-0.004583940809744003,0.05175716950038578,0.04379094801631034,4,2,1,1,9,1,1,1,11,2,False,False,-1
2024-07-31,XLK,technology,SPY,-0.040098270504779765,0.010030202361333895,-0.05012847286611366,0.38095238095238093,-0.002274332460961283,0.11674651109419787,0.10081448249276659,0.01593202860143128,0.5238095238095238,0.0003120596046218291,0.08729075208385417,0.12918130264908934,-0.04189055056523516,0.47619047619047616,-0.00023766742152523144,0.23633369087828737,0.2200229855524538,0.016310705325833563,0.5158730158730159,9.914741243546678e-05,0.46895806163594234,0.3119097368194137,0.15704832481652864,0.5066137566137566,0.0002099278792212005,0.2879794388207151,0.2079074295998089,0.08007200922090618,0.08724006602684864,0.04919488135831207,0.03804518466853657,0.5,0.0014049947097020583,-0.10944069182640026,-0.09974318833807849,-0.02487345657382678,0.11674651109419787,0.10081448249276659,11,2,8,3,2,1,1,1,9,2,False,False,6
2024-07-31,XLF,financials,SPY,0.06165050859100352,0.010030202361333895,0.05162030622966962,0.5238095238095238,0.0023698130273358277,0.08803733716230266,0.10081448249276659,-0.012777145330463924,0.47619047619047616,-0.00018062787268913546,0.12330576673194993,0.12918130264908934,-0.005875535917139407,0.5079365079365079,-4.1185134799695236e-05,0.2594042997609578,0.2200229855524538,0.03938131420850399,0.5158730158730159,0.00012851421508093563,0.27096247786892214,0.3119097368194137,-0.04094725895049156,0.4828042328042328,-3.098139460033774e-05,0.1862701421698636,0.2079074295998089,-0.021637287429945307,0.07772957696486671,0.04919488135831207,0.02853469560655464,0.5,0.0028984742875597567,-0.11262409604183721,-0.09974318833807849,-0.02487345657382678,0.08803733716230266,0.10081448249276659,3,5,3,2,4,3,3,1,8,5,False,False,-2
2024-07-31,XLI,industrials,SPY,0.06055071497283793,0.010030202361333895,0.05052051261150403,0.47619047619047616,0.0023386718349117284,0.055787111170364945,0.10081448249276659,-0.045027371322401644,0.3968253968253968,-0.0006513966826712589,0.12683437240172268,0.12918130264908934,-0.002346930247366652,0.47619047619047616,-1.1802168209630439e-05,0.1766619976560666,0.2200229855524538,-0.043360987896387204,0.47619047619047616,-0.00013835757981943265,0.3060251577902049,0.3119097368194137,-0.005884579029208803,0.4973544973544973,-7.586172457286449e-06,0.10948206534960692,0.2079074295998089,-0.09842536425020199,0.043487699557523074,0.04919488135831207,-0.005707181800788996,0.4166666666666667,-0.00275294580747019,-0.12566255453897324,-0.09974318833807849,-0.02487345657382678,0.055787111170364945,0.10081448249276659,4,8,2,4,3,4,5,3,7,8,False,False,-6
2024-07-31,XLE,energy,SPY,0.022039695241113932,0.010030202361333895,0.012009492879780037,0.3333333333333333,0.000567992306689215,0.0046891470688557035,0.10081448249276659,-0.09612533542391088,0.30158730158730157,-0.0014215707935846626,0.11432760462920966,0.12918130264908934,-0.01485369801987968,0.42063492063492064,-8.263629027341831e-05,0.10120344551300597,0.2200229855524538,-0.11881954003944784,0.44841269841269843,-0.00037227416265491603,1.1116365932496932,0.3119097368194137,0.7997268564302795,0.5052910052910053,0.000717799335398768,0.07745662975763024,0.2079074295998089,-0.13045079984217867,-0.023055012775610728,0.04919488135831207,-0.0722498941339228,0.4166666666666667,-0.007286828625725929,-0.12946781551121134,-0.09974318833807849,-0.02487345657382678,0.0046891470688557035,0.10081448249276659,9,11,5,8,1,6,9,3,5,11,False,True,-6
2024-07-31,XLB,materials,SPY,0.05968939676821816,0.010030202361333895,0.049659194406884266,0.6190476190476191,0.0022867177276224507,0.04455510257252482,0.10081448249276659,-0.05625937992024177,0.4126984126984127,-0.0008245061808342276,0.11538397441374704,0.12918130264908934,-0.013797328235342299,0.5079365079365079,-8.904920797306182e-05,0.0967304788051051,0.2200229855524538,-0.1232925067473487,0.5079365079365079,-0.00041180383916165886,0.18383298233474088,0.3119097368194137,-0.12807675448467282,0.503968253968254,-0.00012204083809493112,0.0349546594972574,0.2079074295998089,-0.1729527701025515,0.013730496233559375,0.04919488135831207,-0.035464385124752695,0.25,-0.008459150272351973,-0.1271704108795989,-0.09974318833807849,-0.02487345657382678,0.04455510257252482,0.10081448249276659,5,9,4,9,8,9,8,11,6,9,False,False,-5
2024-07-31,XLY,consumer_discretionary,SPY,0.024423428916963363,0.010030202361333895,0.014393226555629468,0.42857142857142855,0.0007329197170916148,0.0698858914958671,0.10081448249276659,-0.030928590996899485,0.4126984126984127,-0.00042347844622700427,0.0816394773069995,0.12918130264908934,-0.04754182534208984,0.4365079365079365,-0.00031394455111029306,0.08768839989959165,0.2200229855524538,-0.13233458565286216,0.44841269841269843,-0.0004225356709213021,0.05484652594931716,0.3119097368194137,-0.25706321087009654,0.5066137566137566,-0.00022452094914205252,0.06175666154913406,0.2079074295998089,-0.14615076805067484,0.039267870226395996,0.04919488135831207,-0.009927011131916075,0.4166666666666667,-0.009168321906756463,-0.1619862362297655,-0.09974318833807849,-0.02487345657382678,0.0698858914958671,0.10081448249276659,7,7,9,10,10,7,6,3,3,7,False,False,2
2024-07-31,XLP,consumer_staples,SPY,0.023803209546824577,0.010030202361333895,0.013773007185490682,0.42857142857142855,0.0006218717056535951,0.03891071257329326,0.10081448249276659,-0.06190376991947333,0.36507936507936506,-0.0009220543190999477,0.07562249141018151,0.12918130264908934,-0.05355881123890782,0.4444444444444444,-0.00039364851493398913,0.05813572364105446,0.2200229855524538,-0.16188726191139935,0.4523809523809524,-0.0005697589863066373,0.18678780954082175,0.3119097368194137,-0.12512192727859195,0.48412698412698413,-0.00015607695414569103,0.03353429035393107,0.2079074295998089,-0.17437313924587783,-0.037416017988901706,0.04919488135831207,-0.08661089934721378,0.3333333333333333,-0.011574377792148566,-0.13365492518956357,-0.09974318833807849,-0.02487345657382678,0.03891071257329326,0.10081448249276659,8,10,10,11,7,10,10,8,4,10,False,False,0
2024-07-31,XLV,health_care,SPY,0.032429529326449824,0.010030202361333895,0.02239932696511593,0.5238095238095238,0.001034175409798639,0.07045025960968565,0.10081448249276659,-0.030364222883080938,0.47619047619047616,-0.00044735096875152676,0.07248147060073173,0.12918130264908934,-0.0566998320483576,0.47619047619047616,-0.0004150428294568757,0.13346893795503245,0.2200229855524538,-0.08655404759742136,0.4523809523809524,-0.0002977582657056059,0.19054238915808086,0.3119097368194137,-0.12136734766133284,0.46296296296296297,-0.0001476715153138382,0.09786567098143739,0.2079074295998089,-0.11004175861837151,0.024311039534112178,0.04919488135831207,-0.024883841824199893,0.3333333333333333,-0.005981959250398895,-0.09244657912137322,-0.09974318833807849,-0.02487345657382678,0.07045025960968565,0.10081448249276659,6,6,11,5,6,5,7,8,10,6,False,False,5
2024-07-31,XLU,utilities,SPY,0.07566135213508618,0.010030202361333895,0.06563114977375228,0.5238095238095238,0.0030001687567204048,0.09944407519816778,0.10081448249276659,-0.0013704072945988077,0.3968253968253968,-4.073285293680595e-07,0.20141472332360655,0.12918130264908934,0.07223342067451721,0.48412698412698413,0.000513222793183326,0.12248714789283244,0.2200229855524538,-0.09753583765962137,0.4801587301587302,-0.0002996730345773796,0.20514189877084554,0.3119097368194137,-0.10676783804856815,0.47619047619047616,-0.00010663104995294495,0.04353209833634142,0.2079074295998089,-0.16437533126346748,-0.03793038734304388,0.04919488135831207,-0.08712526870135595,0.4166666666666667,-0.005857016524108971,-0.17674525722134304,-0.09974318833807849,-0.02487345657382678,0.09944407519816778,0.10081448249276659,2,4,1,6,5,8,11,3,1,4,False,False,-3
2024-07-31,XLRE,real_estate,SPY,0.08280775449016331,0.010030202361333895,0.07277755212882941,0.5238095238095238,0.0033147242277994583,0.14972284602914354,0.10081448249276659,0.04890836353637695,0.5079365079365079,0.0007085682992496659,0.09064683136449903,0.12918130264908934,-0.03853447128459031,0.4603174603174603,-0.0002483780175987405,0.11743635637306649,0.2200229855524538,-0.10258662917938732,0.4523809523809524,-0.0003101161674104,-0.018021883884248302,0.3119097368194137,-0.329931620703662,0.49074074074074076,-0.0003564507694060209,0.031980378547628696,0.2079074295998089,-0.1759270510521802,0.0803122649699497,0.04919488135831207,0.031117383611637628,0.3333333333333333,-0.006724387488175952,-0.16739445063810499,-0.09974318833807849,-0.02487345657382678,0.14972284602914354,0.10081448249276659,1,1,7,7,11,11,2,8,2,1,False,False,6
2024-07-31,XLC,communication_services,SPY,0.005744407799209261,0.010030202361333895,-0.004285794562124634,0.47619047619047616,-0.00018450162611820318,0.1047629023865777,0.10081448249276659,0.003948419893811117,0.5396825396825397,6.703447635355557e-05,0.10860684768938755,0.12918130264908934,-0.020574454959701782,0.46825396825396826,-0.00011954881383464888,0.26002538840823153,0.2200229855524538,0.04000240285577772,0.5238095238095238,0.00015347105287897352,0.055516822562277746,0.3119097368194137,-0.25639291425713595,0.503968253968254,-0.00024258911311531576,0.2528286298558151,0.2079074295998089,0.04492120025600621,0.06792210645751595,0.04919488135831207,0.01872722509920388,0.4166666666666667,0.002766376198148124,-0.08085659492763642,-0.09974318833807849,-0.02487345657382678,0.1047629023865777,0.10081448249276659,10,3,6,1,9,2,4,3,11,3,False,False,3
2024-08-30,XLK,technology,SPY,0.046002533087296626,0.03806547277465988,0.007937060312636746,0.5714285714285714,0.00046956089657601563,0.05023093215873109,0.07229940371478394,-0.02206847155605285,0.5079365079365079,-0.0002156215400844446,0.04897036363659102,0.10608458303991997,-0.05711421940332895,0.5,-0.0003426028779949594,0.2701907079087913,0.26729879450156235,0.002891913407228941,0.5198412698412699,6.25273745471993e-05,0.4304530842058176,0.30851128254217364,0.12194180166364399,0.5092592592592593,0.00018170775740002757,0.2143285199891427,0.22082742152494617,-0.0064989015358034585,0.135743437270607,0.07879629983635983,0.056947137434247175,0.4166666666666667,-2.7328987834372247e-05,-0.10944069182640026,-0.09974318833807849,-0.0020888757993792195,0.05023093215873109,0.07229940371478394,4,9,10,3,2,3,1,4,9,9,False,False,1
2024-08-30,XLF,financials,SPY,0.060760931704773924,0.03806547277465988,0.022695458930114043,0.47619047619047616,0.001026923339850687,0.10281253576714677,0.07229940371478394,0.030513132052362835,0.4444444444444444,0.0004452731649203278,0.14405557797126356,0.10608458303991997,0.037970994931343593,0.5,0.00026952688168522095,0.3482838098218062,0.26729879450156235,0.08098501532024382,0.5158730158730159,0.0002484069841924823,0.24081261266661813,0.30851128254217364,-0.0676986698755555,0.4801587301587302,-6.029369302891665e-05,0.27105341978889386,0.22082742152494617,0.05022599826394769,0.1337589034435469,0.07879629983635983,0.05496260360718708,0.5833333333333334,0.005620290566349708,-0.11262409604183721,-0.09974318833807849,-0.0020888757993792195,0.10281253576714677,0.07229940371478394,1,2,2,1,5,2,2,1,8,2,False,False,0
2024-08-30,XLI,industrials,SPY,0.04757340142481992,0.03806547277465988,0.009507928650160036,0.47619047619047616,0.0004172748210936077,0.06802369107923956,0.07229940371478394,-0.004275712635544382,0.4444444444444444,-5.844226108771917e-05,0.08886825091879569,0.10608458303991997,-0.017216332121124278,0.4603174603174603,-0.00012105460497492956,0.22870858709663455,0.26729879450156235,-0.0385902074049278,0.46825396825396826,-0.0001181757546096683,0.3150250508333332,0.30851128254217364,0.006513768291159572,0.49603174603174605,4.1032262005290705e-06,0.172909302035972,0.22082742152494617,-0.047918119488974176,0.048289446471204034,0.07879629983635983,-0.030506853365155795,0.5,-0.002059521174458475,-0.12566255453897324,-0.09974318833807849,-0.0020888757993792195,0.06802369107923956,0.07229940371478394,3,5,6,5,3,5,5,2,6,5,False,False,1
2024-08-30,XLE,energy,SPY,0.00595126285278802,0.03806547277465988,-0.03211420992187186,0.38095238095238093,-0.0014850269501426687,-0.01273562709428866,0.07229940371478394,-0.0850350308090726,0.3492063492063492,-0.0012865585861044193,0.06445519714594217,0.10608458303991997,-0.0416293858939778,0.3968253968253968,-0.0002811891664792898,0.06165445203395481,0.26729879450156235,-0.20564434246760754,0.43253968253968256,-0.000667257571815209,1.08468760361932,0.30851128254217364,0.7761763210771464,0.5026455026455027,0.0007009642672569093,0.055373646058356485,0.22082742152494617,-0.16545377546658968,-0.04532329159947668,0.07879629983635983,-0.12411959143583651,0.3333333333333333,-0.013646732012652013,-0.12946781551121134,-0.09974318833807849,-0.0020888757993792195,-0.01273562709428866,0.07229940371478394,11,11,9,11,1,11,11,8,4,11,False,True,-2
2024-08-30,XLB,materials,SPY,0.027350851729533998,0.03806547277465988,-0.010714621045125883,0.38095238095238093,-0.0005098282687790683,0.03495177587884579,0.07229940371478394,-0.037347627835938146,0.42857142857142855,-0.0005646649998279326,0.08082566650522427,0.10608458303991997,-0.025258916534695697,0.48412698412698413,-0.00018181839322516344,0.15995680756652786,0.26729879450156235,-0.1073419869350345,0.503968253968254,-0.0003414386728537078,0.1665108049670947,0.30851128254217364,-0.14200047757507894,0.503968253968254,-0.00013949672786660647,0.12907562748768164,0.22082742152494617,-0.09175179403726452,0.003057032692744155,0.07879629983635983,-0.07573926714361567,0.25,-0.007050608682400761,-0.1271704108795989,-0.09974318833807849,-0.0020888757993792195,0.03495177587884579,0.07229940371478394,8,10,8,9,8,8,9,11,5,10,False,False,-2
2024-08-30,XLY,consumer_discretionary,SPY,0.02312863001401011,0.03806547277465988,-0.014936842760649771,0.5238095238095238,-0.0006123501184757553,0.06565059869394085,0.07229940371478394,-0.006648805020843085,0.4603174603174603,-4.396116738953586e-05,0.01573365134344118,0.10608458303991997,-0.09035093169647879,0.42063492063492064,-0.0006388985421427661,0.10825041401339597,0.26729879450156235,-0.15904838048816639,0.45634920634920634,-0.0004951001926434638,0.05467572701457568,0.30851128254217364,-0.25383555552759796,0.5066137566137566,-0.00021979066138194404,0.08319753890399895,0.22082742152494617,-0.13762988262094722,0.00793439729373735,0.07879629983635983,-0.07086190254262248,0.4166666666666667,-0.011131089487007287,-0.1619862362297655,-0.09974318833807849,-0.0020888757993792195,0.06565059869394085,0.07229940371478394,9,6,11,10,10,10,8,4,3,6,False,False,5
2024-08-30,XLP,consumer_staples,SPY,0.0501463381274343,0.03806547277465988,0.012080865352774417,0.5238095238095238,0.0005071752424524522,0.07490215058399707,0.07229940371478394,0.002602746869213135,0.4444444444444444,1.7042413161401657e-05,0.12469772289637593,0.10608458303991997,0.018613139856455962,0.46825396825396826,0.00011910972194789472,0.16165308855825056,0.26729879450156235,-0.1056457059433118,0.46825396825396826,-0.0003530394515944306,0.24485979984819362,0.30851128254217364,-0.06365148269398002,0.48677248677248675,-9.083765109847158e-05,0.10618210660968375,0.22082742152494617,-0.11464531491526242,0.01149650396178159,0.07879629983635983,-0.06729979587457824,0.4166666666666667,-0.0066357821041482705,-0.12393193834441518,-0.09974318833807849,-0.0020888757993792195,0.07490215058399707,0.07229940371478394,2,4,3,8,4,9,7,4,7,4,False,False,-1
2024-08-30,XLV,health_care,SPY,0.039957752126234425,0.03806547277465988,0.001892279351574544,0.47619047619047616,5.889664089250978e-05,0.09823216561013837,0.07229940371478394,0.025932761895354428,0.49206349206349204,0.00036486300235339183,0.08231418901407328,0.10608458303991997,-0.023770394025846686,0.47619047619047616,-0.0001810499569114356,0.18489515759453368,0.26729879450156235,-0.08240363690702868,0.4603174603174603,-0.0002737632716362973,0.22364587021722593,0.30851128254217364,-0.08486541232494771,0.46296296296296297,-0.00010907509135935841,0.13936855143583382,0.22082742152494617,-0.08145887008911235,0.05019217563462419,0.07879629983635983,-0.028604124201735637,0.3333333333333333,-0.004548063358494364,-0.09244657912137322,-0.09974318833807849,-0.0020888757993792195,0.09823216561013837,0.07229940371478394,6,3,7,7,6,7,4,8,10,3,False,False,4
2024-08-30,XLU,utilities,SPY,0.029554900245722937,0.03806547277465988,-0.008510572528936944,0.47619047619047616,-0.00043232282026303296,0.05755097554582944,0.07229940371478394,-0.014748428168954497,0.42857142857142855,-0.00022382622260043824,0.2563269222592399,0.10608458303991997,0.15024233921931995,0.48412698412698413,0.0010200683881329139,0.2412333805991802,0.26729879450156235,-0.02606541390238215,0.48412698412698413,-5.485634689327332e-05,0.22308795193587772,0.30851128254217364,-0.08542333060629592,0.4748677248677249,-8.485609110497967e-05,0.20560193565485063,0.22082742152494617,-0.015225485870095534,-0.016335957895511233,0.07879629983635983,-0.09513225773187106,0.5,-2.994736380640406e-05,-0.1725778748645468,-0.09974318833807849,-0.0020888757993792195,0.05755097554582944,0.07229940371478394,7,7,1,4,7,4,10,2,1,7,False,False,-6
2024-08-30,XLRE,real_estate,SPY,0.04111877750590098,0.03806547277465988,0.003053304731241102,0.5714285714285714,0.00012307783902137142,0.15617441399036913,0.07229940371478394,0.0838750102755852,0.5555555555555556,0.0011943207717666075,0.12018070080757592,0.10608458303991997,0.014096117767655958,0.47619047619047616,0.00012028349036854263,0.20997498636638112,0.26729879450156235,-0.05732380813518123,0.45634920634920634,-0.00014670376738345727,0.02804275799163558,0.30851128254217364,-0.28046852455053806,0.4933862433862434,-0.00029285580896704517,0.16218726672569606,0.22082742152494617,-0.05864015479925011,0.0416417345528699,0.07879629983635983,-0.037154565283489926,0.4166666666666667,-0.0027429845796864325,-0.16739445063810499,-0.09974318833807849,-0.0020888757993792195,0.15617441399036913,0.07229940371478394,5,1,4,6,11,6,6,4,2,1,False,False,3
2024-08-30,XLC,communication_services,SPY,0.013698645091773765,0.03806547277465988,-0.024366827682886116,0.5238095238095238,-0.0011417185806483078,0.05153572689430952,0.07229940371478394,-0.02076367682047442,0.5079365079365079,-0.00030659136109299567,0.09707345981246407,0.10608458303991997,-0.009011123227455897,0.5,-5.0697975548391525e-05,0.30391620288439625,0.26729879450156235,0.036617408382833894,0.5198412698412699,0.00013484684866783286,0.059884866794000624,0.30851128254217364,-0.248626415748173,0.5079365079365079,-0.00023432059559514177,0.2862956946798998,0.22082742152494617,0.06546827315495363,0.12704890072514208,0.07879629983635983,0.04825260088878225,0.3333333333333333,0.0022445512581642144,-0.08085659492763642,-0.09974318833807849,-0.0020888757993792195,0.05153572689430952,0.07229940371478394,10,8,5,2,9,1,3,8,11,8,False,True,-3
2024-09-30,XLK,technology,SPY,0.04012847335035574,0.030751219976233646,0.009377253374122096,0.42857142857142855,0.0005398987859672056,-0.0077847567433951825,0.0553413248150485,-0.06312608155844368,0.4444444444444444,-0.0008482659716144861,0.08480874373677993,0.10574645391009763,-0.020937710173317692,0.5,-6.177696918241878e-05,0.3921596658130839,0.3570399805521891,0.03511968526089482,0.5079365079365079,0.0001616686044561198,0.49230143903513257,0.3546248024845593,0.13767663655057327,0.5066137566137566,0.0001944884270122674,0.3384497218202298,0.3165543287772956,0.021895393042934197,0.26973524976217567,0.19046965695467488,0.07926559280750078,0.5,0.0019377669774810295,-0.10944069182640026,-0.09974318833807849,0.0,-0.0077847567433951825,0.0553413248150485,6,10,8,2,2,2,1,3,9,10,False,False,-2
2024-09-30,XLF,financials,SPY,0.003848252718911205,0.030751219976233646,-0.02690296725732244,0.42857142857142855,-0.0012637958473856788,0.10398957704989464,0.0553413248150485,0.048648252234846145,0.47619047619047616,0.0007116436823737491,0.09010424542858164,0.10574645391009763,-0.015642208481515985,0.47619047619047616,-0.00011263399959309215,0.37584563655328296,0.3570399805521891,0.01880565600109385,0.5,5.6840744181218653e-05,0.23680415193027793,0.3546248024845593,-0.11782065055428137,0.4775132275132275,-0.00011155867777472625,0.3705713316996082,0.3165543287772956,0.054017002922312596,0.21086363325205282,0.19046965695467488,0.020393976297377936,0.5,0.0020016840939038327,-0.11262409604183721,-0.09974318833807849,0.0,0.10398957704989464,0.0553413248150485,9,5,7,4,8,1,2,3,8,5,False,False,2
2024-09-30,XLI,industrials,SPY,0.044666014586885794,0.030751219976233646,0.013914794610652148,0.6666666666666666,0.0006456826008566494,0.12707121874581473,0.0553413248150485,0.07172989393076623,0.5238095238095238,0.0010463281801544506,0.09085944370172183,0.10574645391009763,-0.014887010208375795,0.47619047619047616,-0.00010409041816693255,0.34925602264133326,0.3570399805521891,-0.007783957910855843,0.4801587301587302,-1.8154553889855e-05,0.408142835276458,0.3546248024845593,0.053518032791898706,0.5013227513227513,4.860318363234193e-05,0.2915668776445244,0.3165543287772956,-0.024987451132771232,0.19370121467140766,0.19046965695467488,0.0032315577167327802,0.5833333333333334,2.3528846473469534e-05,-0.12566255453897324,-0.09974318833807849,0.0,0.12707121874581473,0.0553413248150485,4,3,6,6,3,6,4,1,6,3,False,False,3
2024-09-30,XLE,energy,SPY,-0.026555208527353047,0.030751219976233646,-0.05730642850358669,0.42857142857142855,-0.002677685343393299,-0.029330147512149907,0.0553413248150485,-0.0846714723271984,0.38095238095238093,-0.0013019132830966848,-0.061760193856956636,0.10574645391009763,-0.16750664776705426,0.373015873015873,-0.0012749967123551783,-0.015488600087405935,0.3570399805521891,-0.37252858063959504,0.4126984126984127,-0.0012378499873369842,0.8686550876382244,0.3546248024845593,0.5140302851536651,0.5,0.0005069121573276149,0.011368501364320105,0.3165543287772956,-0.3051858274129755,-0.05726399006623273,0.19046965695467488,-0.2477336470209076,0.25,-0.02407665131868117,-0.12946781551121134,-0.09974318833807849,0.0,-0.029330147512149907,0.0553413248150485,11,11,11,11,1,11,11,10,4,11,False,True,0
2024-09-30,XLB,materials,SPY,0.038067583549356465,0.030751219976233646,0.007316363573122819,0.42857142857142855,0.00035528517427547914,0.11340065602096927,0.0553413248150485,0.05805933120592077,0.47619047619047616,0.0008496810071879282,0.049653392768150395,0.10574645391009763,-0.05609306114194723,0.4365079365079365,-0.00040974168708921406,0.2494016442881717,0.3570399805521891,-0.10763833626401742,0.49206349206349204,-0.0003182525780308938,0.25464165485992063,0.3546248024845593,-0.09998314762463867,0.5052910052910053,-8.907256655259144e-05,0.20358410578261443,0.3165543287772956,-0.11297022299468118,0.12063847340188838,0.19046965695467488,-0.0698311835527865,0.3333333333333333,-0.006543442945414026,-0.1271704108795989,-0.09974318833807849,0.0,0.11340065602096927,0.0553413248150485,7,4,10,8,6,9,8,8,5,4,False,False,6
2024-09-30,XLY,consumer_discretionary,SPY,0.08920178963113079,0.030751219976233646,0.058450569654897144,0.7142857142857143,0.0026528490555460965,0.0970571729688614,0.0553413248150485,0.04171584815381291,0.5396825396825397,0.0006719520920319424,0.102429118830204,0.10574645391009763,-0.003317335079893624,0.47619047619047616,1.4864528271136506e-05,0.26156469217351064,0.3570399805521891,-0.09547528837867847,0.4801587301587302,-0.00025443398708781506,0.10537750506150201,0.3546248024845593,-0.2492472974230573,0.5079365079365079,-0.0002029859464679618,0.15824698800830306,0.3165543287772956,-0.15830734076899255,0.15368679819186726,0.19046965695467488,-0.036782858762807624,0.5,-0.006195823800409034,-0.1619862362297655,-0.09974318833807849,0.0,0.0970571729688614,0.0553413248150485,1,7,5,7,10,10,6,3,3,7,False,False,-2
2024-09-30,XLP,consumer_staples,SPY,0.01931409364379677,0.030751219976233646,-0.011437126332436875,0.38095238095238093,-0.000552679477895237,0.0973311314293206,0.0553413248150485,0.041989806614272096,0.4603174603174603,0.0005891878631935817,0.10984845549373046,0.10574645391009763,0.0041020015836328305,0.4523809523809524,1.3058434212797648e-05,0.23651632309127746,0.3570399805521891,-0.12052365746091165,0.4642857142857143,-0.0003781177392821947,0.27744844536234514,0.3546248024845593,-0.07717635712221416,0.48544973544973546,-0.00010283799774938732,0.21308665386057424,0.3165543287772956,-0.10346767491672137,0.08700750012036829,0.19046965695467488,-0.1034621568343066,0.4166666666666667,-0.007390252816337123,-0.12393193834441518,-0.09974318833807849,0.0,0.0973311314293206,0.0553413248150485,8,6,3,9,5,8,9,7,7,6,False,False,-3
2024-09-30,XLV,health_care,SPY,-0.009771486961655307,0.030751219976233646,-0.04052270693788895,0.38095238095238093,-0.0019294228735612321,0.06668375623265188,0.0553413248150485,0.011342431417603382,0.47619047619047616,0.0001500114553029595,0.059604070623642924,0.10574645391009763,-0.0461423832864547,0.4523809523809524,-0.0003493424151223125,0.20612093884601013,0.3570399805521891,-0.15091904170617898,0.4444444444444444,-0.0004756514123890301,0.24089181239864366,0.3546248024845593,-0.11373299008591564,0.46164021164021163,-0.00013689925324899218,0.2180228330784344,0.3165543287772956,-0.09853149569886122,0.12140317927938438,0.19046965695467488,-0.0690664776752905,0.25,-0.009176179964435047,-0.09244657912137322,-0.09974318833807849,0.0,0.06668375623265188,0.0553413248150485,10,8,9,10,7,7,7,10,10,8,False,False,1
2024-09-30,XLU,utilities,SPY,0.07405441613283248,0.030751219976233646,0.04330319615659883,0.5238095238095238,0.001964965966670163,0.2018236530504578,0.0553413248150485,0.1464823282354093,0.5238095238095238,0.0020534104652509787,0.2564464381882501,0.10574645391009763,0.15069998427815245,0.47619047619047616,0.0010199607942712665,0.4183096694928734,0.3570399805521891,0.0612696889406843,0.4880952380952381,0.00019960871720869116,0.3774780481643567,0.3546248024845593,0.022853245679797407,0.48148148148148145,2.6286241531783694e-05,0.320519377965544,0.3165543287772956,0.00396504918824836,0.06552796777405367,0.19046965695467488,-0.12494168918062121,0.5833333333333334,0.004431388642931485,-0.1725778748645468,-0.09974318833807849,0.0,0.2018236530504578,0.0553413248150485,2,1,1,1,4,4,10,1,1,1,False,False,0
2024-09-30,XLRE,real_estate,SPY,0.04296550823074119,0.030751219976233646,0.012214288254507544,0.5714285714285714,0.0005492827495186034,0.18252136412038822,0.0553413248150485,0.12718003930533972,0.5555555555555556,0.001797387436785061,0.16993060893295664,0.10574645391009763,0.06418415502285901,0.5079365079365079,0.00046071399471914274,0.3618885599355033,0.3570399805521891,0.004848579383314178,0.4722222222222222,4.700282771571709e-05,0.09524851071236529,0.3546248024845593,-0.259376291772194,0.49206349206349204,-0.0002559597624530549,0.3057848502063838,0.3165543287772956,-0.010769478570911817,0.1642421055961123,0.19046965695467488,-0.026227551358562584,0.5,0.0004081260299038196,-0.16739445063810499,-0.09974318833807849,0.0,0.18252136412038822,0.0553413248150485,5,2,2,5,11,5,5,3,2,2,False,False,0
2024-09-30,XLC,communication_services,SPY,0.045358126108258956,0.030751219976233646,0.01460690613202531,0.5238095238095238,0.0006756038487537586,0.06300547908482312,0.0553413248150485,0.007664154269774626,0.5238095238095238,0.00011804705732918581,0.10480156752673686,0.10574645391009763,-0.0009448863833607657,0.5238095238095238,5.863550037063646e-06,0.385866574440467,0.3570399805521891,0.028826593888277907,0.503968253968254,0.00010496022097981828,0.1291067112585016,0.3546248024845593,-0.2255180912260577,0.5105820105820106,-0.00019639200535790882,0.32573377470157494,0.3165543287772956,0.009179445924279328,0.20647415944652292,0.19046965695467488,0.01600450249184804,0.3333333333333333,0.0020945154264166064,-0.08085659492763642,-0.09974318833807849,0.0,0.06300547908482312,0.0553413248150485,3,9,4,3,9,3,3,8,11,9,False,False,-5
2024-10-31,XLK,technology,SPY,0.0015773227235262866,-0.00038671920837496376,0.0019640419319012503,0.5714285714285714,0.00014341750273505482,0.08753022651304776,0.07034021658694556,0.0171900099261022,0.5238095238095238,0.00034168529178493117,0.13178603071517214,0.13305023810184413,-0.0012642073866719894,0.5158730158730159,8.33307652355192e-05,0.36510538255357305,0.3781194675416626,-0.013014084988089536,0.5079365079365079,2.618590405579407e-05,0.4174295101513179,0.29660621473387083,0.12082329541744707,0.503968253968254,0.00018519557774051033,0.362955561774829,0.3786526189911028,-0.01569705721627379,0.26937863012160945,0.25092372688147946,0.018454903240129994,0.4166666666666667,-0.0005137180570012981,-0.1386738849610677,-0.08657424334933939,-0.02728395754055679,0.08753022651304776,0.07034021658694556,3,5,5,5,2,6,4,6,4,5,False,False,0
2024-10-31,XLF,financials,SPY,0.029913443873730516,-0.00038671920837496376,0.03030016308210548,0.47619047619047616,0.0014398248478204431,0.10909576042059732,0.07034021658694556,0.03875554383365176,0.49206349206349204,0.0005655772741893367,0.15752033714422242,0.13305023810184413,0.02447009904237829,0.47619047619047616,0.0001738295828378416,0.4598990765759243,0.3781194675416626,0.08177960903426174,0.5079365079365079,0.00023095487516489749,0.21573924355067597,0.29660621473387083,-0.08086697118319486,0.4801587301587302,-7.659927948913387e-05,0.41749686370237415,0.3786526189911028,0.03884424471127135,0.29832477835358473,0.25092372688147946,0.04740105147210527,0.5833333333333334,0.0051351107064581125,-0.10761075301299072,-0.08657424334933939,-0.02728395754055679,0.10909576042059732,0.07034021658694556,1,2,4,1,5,1,1,1,9,2,False,False,2
2024-10-31,XLI,industrials,SPY,-0.010572330375360872,-0.00038671920837496376,-0.010185611166985908,0.38095238095238093,-0.0004866843274262889,0.0939827204845105,0.07034021658694556,0.023642503897564948,0.5079365079365079,0.0003419835888417274,0.10503406258001968,0.13305023810184413,-0.02801617552182445,0.4444444444444444,-0.00019399190418314816,0.3814712598422969,0.3781194675416626,0.0033517923006343153,0.46825396825396826,1.2899891612642702e-05,0.344650526081939,0.29660621473387083,0.04804431134806819,0.49867724867724866,4.531078320439322e-05,0.3962326931552138,0.3786526189911028,0.017580074164111004,0.282256605428405,0.25092372688147946,0.03133287854692557,0.5833333333333334,0.00046262778142690714,-0.11640767471388191,-0.08657424334933939,-0.02728395754055679,0.0939827204845105,0.07034021658694556,5,3,7,4,3,4,3,1,7,3,False,False,4
2024-10-31,XLE,energy,SPY,-0.023478889590965446,-0.00038671920837496376,-0.023092170382590482,0.5714285714285714,-0.0010726686799409886,0.010425401818526803,0.07034021658694556,-0.059914814768418756,0.49206349206349204,-0.0008794605599581093,-0.027237434454431497,0.13305023810184413,-0.16028767255627563,0.3968253968253968,-0.0011761370474053217,0.07569377286679835,0.3781194675416626,-0.30242569467486424,0.43253968253968256,-0.0009503115367654416,0.7179442731818313,0.29660621473387083,0.42133805844796046,0.503968253968254,0.0004530841909091439,0.10155711064579398,0.3786526189911028,-0.2770955083453088,0.16005259972786523,0.25092372688147946,-0.09087112715361423,0.3333333333333333,-0.019518541673674793,-0.12946781551121134,-0.08657424334933939,-0.02728395754055679,0.010425401818526803,0.07034021658694556,8,10,11,11,1,11,9,7,5,10,False,True,1
2024-10-31,XLB,materials,SPY,-0.02485120011488562,-0.00038671920837496376,-0.024464480906510655,0.5238095238095238,-0.00117923104068794,0.041835100476093956,0.07034021658694556,-0.028505116110851603,0.4444444444444444,-0.00042809301447204324,0.06345135420234804,0.13305023810184413,-0.06959888389949609,0.42857142857142855,-0.0004993810987478113,0.25234344240890816,0.3781194675416626,-0.12577602513275443,0.49603174603174605,-0.00037211906741624866,0.16127898410736918,0.29660621473387083,-0.13532723062650165,0.5052910052910053,-0.00013374785362202848,0.28425881522538,0.3786526189911028,-0.09439380376572282,0.23409118289421427,0.25092372688147946,-0.01683254398726519,0.3333333333333333,-0.007550638259027742,-0.11225743962290913,-0.08657424334933939,-0.02728395754055679,0.041835100476093956,0.07034021658694556,10,7,9,8,9,8,5,7,8,7,False,False,2
2024-10-31,XLY,consumer_discretionary,SPY,-0.004952647561021206,-0.00038671920837496376,-0.004565928352646242,0.47619047619047616,-0.00018505078649803478,0.11998323416311973,0.07034021658694556,0.049643017576174175,0.5714285714285714,0.0007560950452200102,0.11883597675536706,0.13305023810184413,-0.014214261346477075,0.48412698412698413,-6.218091630523437e-05,0.30510091903901726,0.3781194675416626,-0.07301854850264533,0.48412698412698413,-0.00018347277470689717,0.006379481607638793,0.29660621473387083,-0.29022673312623204,0.5066137566137566,-0.0002689069423170313,0.3115967957103354,0.3786526189911028,-0.06705582328076742,0.18786721218591906,0.25092372688147946,-0.0630565146955604,0.5,-0.004056205652985062,-0.15148586216533588,-0.08657424334933939,-0.02728395754055679,0.11998323416311973,0.07034021658694556,4,1,6,7,10,7,6,3,1,1,False,False,5
2024-10-31,XLP,consumer_staples,SPY,-0.023164984552816792,-0.00038671920837496376,-0.022778265344441828,0.23809523809523808,-0.0011051971682542012,0.016221948534865582,0.07034021658694556,-0.054118268052079976,0.38095238095238093,-0.0008453838115167068,0.07275422857925617,0.13305023810184413,-0.06029600952258796,0.3888888888888889,-0.000448195851435353,0.21383852545516424,0.3781194675416626,-0.16428094208649835,0.44047619047619047,-0.000513482212243192,0.215486911269686,0.29660621473387083,-0.08111930346418483,0.4801587301587302,-0.00011045743340226016,0.24262388864048212,0.3786526189911028,-0.13602873035062069,0.11476383242487187,0.25092372688147946,-0.1361598944566076,0.3333333333333333,-0.010230695995346345,-0.1182546474247016,-0.08657424334933939,-0.02728395754055679,0.016221948534865582,0.07034021658694556,7,9,8,9,6,10,10,7,6,9,False,False,-1
2024-10-31,XLV,health_care,SPY,-0.0394376260029502,-0.00038671920837496376,-0.039050906794575235,0.3333333333333333,-0.0019008267705123507,-0.02281732106760581,0.07034021658694556,-0.09315753765455137,0.3968253968253968,-0.0014595304507618167,0.053498126039303706,0.13305023810184413,-0.07955211206254043,0.4444444444444444,-0.0005879157648493678,0.19796713974062774,0.3781194675416626,-0.18015232780103485,0.44841269841269843,-0.0005633731053494622,0.16159025082375567,0.29660621473387083,-0.13501596391011517,0.46164021164021163,-0.0001666014543383107,0.24715184788646227,0.3786526189911028,-0.13150077110464053,0.16586860726274533,0.25092372688147946,-0.08505511961873413,0.25,-0.011399472749395881,-0.09137958298426574,-0.08657424334933939,-0.02728395754055679,-0.02281732106760581,0.07034021658694556,11,11,10,10,8,9,8,11,10,11,False,False,-1
2024-10-31,XLU,utilities,SPY,-0.019148134135391737,-0.00038671920837496376,-0.018761414927016773,0.47619047619047616,-0.0008690929910983065,0.08395985951905449,0.07034021658694556,0.013619642932108933,0.5079365079365079,0.00020299294914320995,0.1949335032722337,0.13305023810184413,0.061883265170389556,0.4603174603174603,0.0004317033251036444,0.3828195184203884,0.3781194675416626,0.0047000508787258255,0.48412698412698413,3.352960832936523e-05,0.30312413165784413,0.29660621473387083,0.006517916923973299,0.4828042328042328,1.145394906028337e-05,0.4098148421234342,0.3786526189911028,0.031162223132331413,0.11000459173083055,0.25092372688147946,-0.1409191351506489,0.5,0.0013283413149537588,-0.14497644285153855,-0.08657424334933939,-0.02728395754055679,0.08395985951905449,0.07034021658694556,6,6,2,3,4,2,11,3,3,6,False,False,-4
2024-10-31,XLRE,real_estate,SPY,-0.023508296877593815,-0.00038671920837496376,-0.02312157766921885,0.5238095238095238,-0.0010959861885600417,0.03924523792983137,0.07034021658694556,-0.03109497865711419,0.5396825396825397,-0.00046881251276588984,0.19642700588523088,0.13305023810184413,0.06337676778338674,0.5238095238095238,0.0004391401236041861,0.3508933427375238,0.3781194675416626,-0.027226124804138774,0.4801587301587302,-5.082927559983531e-05,-0.011918553050757175,0.29660621473387083,-0.308524767784628,0.49206349206349204,-0.0003337910868364714,0.3834150750261778,0.3786526189911028,0.004762456035074969,0.1813657806853224,0.25092372688147946,-0.06955794619615707,0.5,-0.0010325878233336527,-0.14524120171789456,-0.08657424334933939,-0.02728395754055679,0.03924523792983137,0.07034021658694556,9,8,1,6,11,5,7,3,2,8,False,False,-7
2024-10-31,XLC,communication_services,SPY,0.02051235761479364,-0.00038671920837496376,0.020899076823168605,0.5714285714285714,0.000983624812977593,0.08944246608393835,0.07034021658694556,0.019102249496992796,0.5396825396825397,0.0002789968435645423,0.1662271414812415,0.13305023810184413,0.03317690337939738,0.5396825396825397,0.0002318394329986951,0.43760661408995816,0.3781194675416626,0.059487146548295566,0.5,0.00018255678854005682,0.18391323717563157,0.29660621473387083,-0.11269297755823926,0.5171957671957672,-7.66774666816748e-05,0.40871063771341665,0.3786526189911028,0.03005801872231384,0.28612526361217516,0.25092372688147946,0.035201536730695704,0.3333333333333333,0.0036252657530645993,-0.08085659492763642,-0.08657424334933939,-0.02728395754055679,0.08944246608393835,0.07034021658694556,2,4,3,2,7,3,2,7,11,4,False,False,-1
2024-11-29,XLK,technology,SPY,0.017943545080286727,0.03886137406687329,-0.020917828986586562,0.47619047619047616,-0.0009222652922194406,0.06272334853143158,0.07223629104574636,-0.009512942514314782,0.49206349206349204,-7.450076150735127e-05,0.11610493295501345,0.1497583355297054,-0.03365340257469196,0.5,-0.00014506115079589794,0.2735479907988567,0.34334495677682764,-0.06979696597797092,0.49206349206349204,-0.00014746460644525703,0.4444605540228139,0.3719814469945206,0.0724791070282933,0.5026455026455027,0.00013550015740638162,0.2510988423217617,0.2930935640796617,-0.04199472175789998,0.05473582034222413,0.10850968038685926,-0.053773860044635136,0.3333333333333333,-0.004009529323367345,-0.1697240959236539,-0.08657424334933939,0.0,0.06272334853143158,0.07223629104574636,9,6,7,6,3,5,9,8,1,6,False,False,1
2024-11-29,XLF,financials,SPY,0.0893272566946055,0.03886137406687329,0.05046588262773222,0.5714285714285714,0.00233661860689308,0.1265016835005215,0.07223629104574636,0.05426539245477513,0.5079365079365079,0.0008152379723194987,0.24232017812717022,0.1497583355297054,0.0925618425974648,0.47619047619047616,0.0006302555686199132,0.4699168266586966,0.34334495677682764,0.12657186988186897,0.5079365079365079,0.00036615529448123465,0.40000825574806465,0.3719814469945206,0.02802680875354402,0.4880952380952381,3.6733228941097554e-05,0.34938037915156106,0.2930935640796617,0.056286815071899365,0.14683165123594888,0.10850968038685926,0.038321970849089615,0.5833333333333334,0.007290072922154796,-0.097669558740757,-0.08657424334933939,0.0,0.1265016835005215,0.07223629104574636,2,3,2,1,4,1,2,2,8,3,False,False,-1
2024-11-29,XLI,industrials,SPY,0.06352018887292799,0.03886137406687329,0.024658814806054696,0.5714285714285714,0.0011489044482047915,0.098870268481277,0.07223629104574636,0.026633977435530642,0.5238095238095238,0.0004040203208050286,0.17361948016060835,0.1497583355297054,0.023861144630902942,0.48412698412698413,0.0001727890298586547,0.3806520236084585,0.34334495677682764,0.037307066831630875,0.47619047619047616,0.00011529351918144166,0.46425466301724727,0.3719814469945206,0.09227321602272665,0.5013227513227513,8.412576150216982e-05,0.2981907048437067,0.2930935640796617,0.005097140764044994,0.1545935424805982,0.10850968038685926,0.046083862093738936,0.6666666666666666,0.0019719257613023864,-0.10999196165262681,-0.08657424334933939,0.0,0.098870268481277,0.07223629104574636,4,4,5,3,2,4,1,1,6,4,False,False,1
2024-11-29,XLE,energy,SPY,0.08507500445043514,0.03886137406687329,0.046213630383561854,0.5714285714285714,0.0021009467431499203,0.05520277968064713,0.07223629104574636,-0.01703351136509923,0.5396825396825397,-0.00020825286722145475,0.04176411056977747,0.1497583355297054,-0.10799422495992794,0.4444444444444444,-0.000747405726662937,0.1761148449040988,0.34334495677682764,-0.16723011187272885,0.45634920634920634,-0.000494893799766698,0.9281861521923933,0.3719814469945206,0.5562047051978727,0.5066137566137566,0.0005283630919685088,0.08390188704030943,0.2930935640796617,-0.20919167703935226,0.11479199913195925,0.10850968038685926,0.006282318745099991,0.4166666666666667,-0.01052586844497048,-0.12946781551121134,-0.08657424334933939,0.0,0.05520277968064713,0.07223629104574636,3,7,10,10,1,11,4,5,5,7,False,False,3
2024-11-29,XLB,materials,SPY,0.0014792501906717437,0.03886137406687329,-0.037382123876201545,0.47619047619047616,-0.0017495305882599742,0.009790255357267741,0.07223629104574636,-0.06244603568847862,0.4603174603174603,-0.0009465340737800991,0.045084218047157565,0.1497583355297054,-0.10467411748254785,0.4444444444444444,-0.0007555995368040158,0.18469312678059158,0.34334495677682764,-0.15865182999623606,0.48412698412698413,-0.0004927200392142956,0.1666959065838769,0.3719814469945206,-0.20528554041064373,0.503968253968254,-0.00020253495151392376,0.18294325774102416,0.2930935640796617,-0.11015030633863754,0.10336734178543883,0.10850968038685926,-0.0051423386014204375,0.3333333333333333,-0.010469949620327176,-0.10738551225313342,-0.08657424334933939,0.0,0.009790255357267741,0.07223629104574636,10,10,9,9,9,8,5,8,7,10,False,False,-1
2024-11-29,XLY,consumer_discretionary,SPY,0.11177805375285388,0.03886137406687329,0.07291667968598059,0.6190476190476191,0.0032792824505795707,0.1904590263996906,0.07223629104574636,0.11822273535394423,0.5873015873015873,0.001696502781268845,0.26861337420343623,0.1497583355297054,0.11885503867373082,0.5238095238095238,0.0008262708069396547,0.32602291240868664,0.34334495677682764,-0.017322044368141,0.4880952380952381,-1.8134660292765247e-05,0.11710559083891026,0.3719814469945206,-0.25487585615561037,0.5079365079365079,-0.0002054212863321398,0.19270470210546087,0.2930935640796617,-0.10038886197420083,0.03664086218671425,0.10850968038685926,-0.07186881820014501,0.5,4.557861358768974e-06,-0.15148586216533588,-0.08657424334933939,0.0,0.1904590263996906,0.07223629104574636,1,1,1,5,10,7,10,3,2,1,False,False,0
2024-11-29,XLP,consumer_staples,SPY,0.03662182871310837,0.03886137406687329,-0.0022395453537649157,0.5714285714285714,-0.00011880332231542898,0.013964739200247323,0.07223629104574636,-0.05827155184549904,0.3968253968253968,-0.0008986347853727814,0.0899128787826875,0.1497583355297054,-0.05984545674701791,0.42063492063492064,-0.00044079618610568986,0.22295873580060444,0.34334495677682764,-0.1203862209762232,0.45634920634920634,-0.00038179000896059416,0.2512875342598637,0.3719814469945206,-0.1206939127346569,0.48148148148148145,-0.0001468858381123331,0.17975398735218606,0.2930935640796617,-0.11333957672747563,0.08841084706001201,0.10850968038685926,-0.020098833326847254,0.3333333333333333,-0.008053385305537128,-0.08835249398338729,-0.08657424334933939,0.0,0.013964739200247323,0.07223629104574636,7,9,8,8,7,9,8,8,9,9,False,False,-1
2024-11-29,XLV,health_care,SPY,-0.004793551796510531,0.03886137406687329,-0.04365492586338382,0.38095238095238093,-0.002046711087488836,-0.05878025155354438,0.07223629104574636,-0.13101654259929074,0.36507936507936506,-0.002074573479132759,0.03367780265138065,0.1497583355297054,-0.11608053287832476,0.42857142857142855,-0.0008548552383896837,0.15471450582160529,0.34334495677682764,-0.18863045095522235,0.44841269841269843,-0.0006069513728650798,0.17080840594235158,0.3719814469945206,-0.20117304105216904,0.46164021164021163,-0.0002305978224498768,0.16027635060650391,0.2930935640796617,-0.13281721347315778,0.09283892074185629,0.10850968038685926,-0.015670759645002974,0.25,-0.012976077625956825,-0.08288765932800879,-0.08657424334933939,0.0,-0.05878025155354438,0.07223629104574636,11,11,11,11,8,10,7,11,10,11,False,False,0
2024-11-29,XLU,utilities,SPY,0.04855239321192184,0.03886137406687329,0.009691019145048552,0.5714285714285714,0.00046385370948722116,0.09440240583525061,0.07223629104574636,0.022166114789504254,0.5396825396825397,0.0003472304624117596,0.157386331930772,0.1497583355297054,0.007627996401066595,0.48412698412698413,6.170211990566069e-05,0.3707781518737785,0.34334495677682764,0.027433195096950858,0.49206349206349204,9.993071109897716e-05,0.3635141560176689,0.3719814469945206,-0.008467290976851727,0.48544973544973546,-2.7696778976680965e-06,0.30730534854325775,0.2930935640796617,0.014211784463596056,0.09951975757831466,0.10850968038685926,-0.008989922808544604,0.5,0.002658296048478559,-0.13147316333360415,-0.08657424334933939,0.0,0.09440240583525061,0.07223629104574636,6,5,6,4,5,3,6,3,3,5,False,False,1
2024-11-29,XLRE,real_estate,SPY,0.023425060049667268,0.03886137406687329,-0.015436314017206021,0.6190476190476191,-0.0006857549278888888,0.040537887052823685,0.07223629104574636,-0.031698403992922675,0.5555555555555556,-0.00046469572784219303,0.2030432817980754,0.1497583355297054,0.05328494626836999,0.5555555555555556,0.00036481252196220724,0.26124247599496364,0.34334495677682764,-0.082102480781864,0.4880952380952381,-0.00022728779984824822,0.04217145390169885,0.3719814469945206,-0.3298099930928218,0.49603174603174605,-0.0003378003849416383,0.2323740401019252,0.2930935640796617,-0.0607195239777365,-0.0023203093929027307,0.10850968038685926,-0.110829989779762,0.4166666666666667,-0.004998154188519168,-0.12988364683418918,-0.08657424334933939,0.0,0.040537887052823685,0.07223629104574636,8,8,3,7,11,6,11,5,4,8,False,False,-5
2024-11-29,XLC,communication_services,SPY,0.05977388367465242,0.03886137406687329,0.02091250960777913,0.47619047619047616,0.0009519041440014702,0.13030984117548017,0.07223629104574636,0.05807355012973381,0.5238095238095238,0.0008417404362835736,0.18856118045625014,0.1497583355297054,0.03880284492654473,0.5158730158730159,0.00026757453759528895,0.4173712950949533,0.34334495677682764,0.07402633831812566,0.49603174603174605,0.00022815863014714424,0.3127890415619461,0.3719814469945206,-0.059192405432574535,0.5211640211640212,-1.4674797652088207e-05,0.3374280277415125,0.2930935640796617,0.04433446366185079,0.12547962280420122,0.10850968038685926,0.016969942417341954,0.4166666666666667,0.005386539143056655,-0.08085659492763642,-0.08657424334933939,0.0,0.13030984117548017,0.07223629104574636,5,2,4,2,6,2,3,5,11,2,False,False,2
2024-12-31,XLK,technology,SPY,-0.003546898273383281,-0.024060018069341216,0.020513119795957935,0.5238095238095238,0.0010226325703804303,0.05739121904047839,0.03417501956100977,0.023216199479468624,0.5396825396825397,0.0003903586233618267,0.018505837843872275,0.07440004764297337,-0.05589420979910109,0.49206349206349204,-0.0003374903050279758,0.21630599304956966,0.24886484487964955,-0.032558851830079893,0.503968253968254,-3.853583404906265e-05,0.35699381955874143,0.28419948787897287,0.07279433167976856,0.503968253968254,0.00013886675131627888,0.22063546286523672,0.2796533270509891,-0.05901786418575239,0.09365654323690409,0.11297590763839938,-0.019319364401495287,0.4166666666666667,-0.001952856886180752,-0.1697240959236539,-0.08405612708809962,-0.032505932206262966,0.05739121904047839,0.03417501956100977,2,4,8,5,2,6,5,6,1,4,False,False,4
2024-12-31,XLF,financials,SPY,-0.05461405524395435,-0.024060018069341216,-0.030554037174613136,0.47619047619047616,-0.0015094273010596028,0.07666608521215812,0.03417501956100977,0.04249106565114835,0.5079365079365079,0.0006743348748482587,0.16871745427148221,0.07440004764297337,0.09431740662850885,0.49206349206349204,0.0006830043824812472,0.3055624858082584,0.24886484487964955,0.05669764092860885,0.49603174603174605,0.00018446854897022667,0.3014598958011008,0.28419948787897287,0.017260407922127907,0.49074074074074076,2.6986808690041305e-05,0.3809836004544742,0.2796533270509891,0.1013302734034851,0.1116164936935522,0.11297590763839938,-0.0013594139448471765,0.5,0.0041325626137822076,-0.0686432697848991,-0.08405612708809962,-0.032505932206262966,0.07666608521215812,0.03417501956100977,5,2,2,2,4,1,4,2,8,2,False,False,0
2024-12-31,XLI,industrials,SPY,-0.08033179920097422,-0.024060018069341216,-0.056271781131633,0.2857142857142857,-0.002828234565644939,-0.02278057741725914,0.03417501956100977,-0.05695559697826891,0.3968253968253968,-0.0008862553641885557,0.09596548645078617,0.07440004764297337,0.02156543880781281,0.46825396825396826,0.00016519969306910334,0.17309730012095303,0.24886484487964955,-0.07576754475869651,0.4523809523809524,-0.00024293758375234446,0.31182503589045596,0.28419948787897287,0.027625548011483092,0.49867724867724866,2.5745537747570904e-05,0.27556579547030435,0.2796533270509891,-0.004087531580684756,0.08686487999989989,0.11297590763839938,-0.026111027638499484,0.5833333333333334,-0.004825358547280584,-0.06911197397424862,-0.08405612708809962,-0.032505932206262966,-0.02278057741725914,0.03417501956100977,8,5,5,6,3,4,6,1,7,5,False,False,0
2024-12-31,XLE,energy,SPY,-0.09579576100540865,-0.024060018069341216,-0.07173574293606744,0.2857142857142857,-0.0036029089112671383,-0.03809992107849003,0.03417501956100977,-0.0722749406394998,0.47619047619047616,-0.0011126122955111574,-0.044310680977270644,0.07440004764297337,-0.11871072862024401,0.4365079365079365,-0.000895877935324125,0.055592276931512474,0.24886484487964955,-0.19327256794813708,0.4365079365079365,-0.000635592217465536,0.7064503754129536,0.28419948787897287,0.42225088753398077,0.5013227513227513,0.0004536619825123442,0.16742681731425368,0.2796533270509891,-0.11222650973673542,0.12062491447871704,0.11297590763839938,0.0076490068403176625,0.4166666666666667,-0.013074231186443361,-0.13308133340951023,-0.08405612708809962,-0.032505932206262966,-0.03809992107849003,0.03417501956100977,10,6,11,8,1,8,3,6,2,6,False,False,5
2024-12-31,XLB,materials,SPY,-0.10763016914323698,-0.024060018069341216,-0.08357015107389576,0.23809523809523808,-0.004255054952117072,-0.12025382900863402,0.03417501956100977,-0.15442884856964378,0.3968253968253968,-0.0025639053578454247,-0.02472387055435632,0.07440004764297337,-0.09912391819732969,0.4444444444444444,-0.0007669718503078144,0.0014923025126460931,0.24886484487964955,-0.24737254236700346,0.4603174603174603,-0.0008710231999088124,-0.007325152433000359,0.28419948787897287,-0.2915246403119732,0.4947089947089947,-0.00032845819413825474,0.12228390952113966,0.2796533270509891,-0.15736941752984945,0.07386934960919911,0.11297590763839938,-0.03910655802920027,0.3333333333333333,-0.01757221750624613,-0.0612054928836987,-0.08405612708809962,-0.032505932206262966,-0.12025382900863402,0.03417501956100977,11,11,9,11,10,10,8,8,10,11,False,False,-2
2024-12-31,XLY,consumer_discretionary,SPY,0.011134340273674992,-0.024060018069341216,0.03519435834301621,0.5238095238095238,0.0017545100877141642,0.12635385517167785,0.03417501956100977,0.09217883561066809,0.5238095238095238,0.0014068809020300866,0.20719774353661724,0.07440004764297337,0.13279769589364387,0.5317460317460317,0.0009774656340729335,0.265114911868342,0.24886484487964955,0.01625006698869247,0.4801587301587302,8.893093928339298e-05,0.1213164433823446,0.28419948787897287,-0.16288304449662827,0.5105820105820106,-0.00011264126319132504,0.251183805631529,0.2796533270509891,-0.02846952141946013,-0.013739070489345306,0.11297590763839938,-0.12671497812774468,0.5,0.00176119576575313,-0.12660502413590247,-0.08405612708809962,-0.032505932206262966,0.12635385517167785,0.03417501956100977,1,1,1,3,7,5,10,2,3,1,False,False,0
2024-12-31,XLP,consumer_staples,SPY,-0.04822781332941273,-0.024060018069341216,-0.024167795260071512,0.42857142857142855,-0.001215830566214411,-0.042474867961190044,0.03417501956100977,-0.07664988752219981,0.3968253968253968,-0.0012338249886882976,0.039929251207778016,0.07440004764297337,-0.03447079643519535,0.42857142857142855,-0.0002799013648966662,0.12202152085448525,0.24886484487964955,-0.1268433240251643,0.44841269841269843,-0.0004375225657786366,0.112926522982711,0.28419948787897287,-0.17127296489626187,0.4801587301587302,-0.00021462715121695227,0.17887613923606072,0.2796533270509891,-0.10077718781492839,0.08162419417663491,0.11297590763839938,-0.03135171346176446,0.3333333333333333,-0.008639575061455518,-0.04295432879984007,-0.08405612708809962,-0.032505932206262966,-0.042474867961190044,0.03417501956100977,4,7,7,7,8,7,7,8,11,7,False,False,0
2024-12-31,XLV,health_care,SPY,-0.06252677384381178,-0.024060018069341216,-0.03846675577447056,0.42857142857142855,-0.001923994165598107,-0.09801657129375996,0.03417501956100977,-0.13219159085476972,0.36507936507936506,-0.0021732012015126217,-0.03941598644734856,0.07440004764297337,-0.11381603409032193,0.42857142857142855,-0.0008998014898197878,0.024744380085481188,0.24886484487964955,-0.22412046479416836,0.44047619047619047,-0.0007928465345228299,0.027748636930593262,0.28419948787897287,-0.2564508509483796,0.458994708994709,-0.0003148729617055879,0.09309188944746793,0.2796533270509891,-0.18656143760352117,0.057478342519971415,0.11297590763839938,-0.05549756511842796,0.25,-0.016069882692035187,-0.06295256025223761,-0.08405612708809962,-0.032505932206262966,-0.09801657129375996,0.03417501956100977,6,10,10,10,9,11,9,11,9,10,False,False,0
2024-12-31,XLU,utilities,SPY,-0.0797410253907791,-0.024060018069341216,-0.05568100732143788,0.42857142857142855,-0.002790695734297043,-0.06278919843743191,0.03417501956100977,-0.09696421799844168,0.49206349206349204,-0.0015399463778313035,0.1295830103565192,0.07440004764297337,0.055182962713545836,0.5158730158730159,0.0004040525733293747,0.233122248943757,0.24886484487964955,-0.015742595935892556,0.4880952380952381,-3.425769274933811e-05,0.17578445619841498,0.28419948787897287,-0.10841503168055788,0.4828042328042328,-0.00011073853276827452,0.3399730760217694,0.2796533270509891,0.060319748970780296,0.15775781954017298,0.11297590763839938,0.04478191190177361,0.5,6.091623868923849e-05,-0.08255373335827743,-0.08405612708809962,-0.032505932206262966,-0.06278919843743191,0.03417501956100977,7,8,4,4,6,3,1,2,5,8,False,False,-4
2024-12-31,XLRE,real_estate,SPY,-0.08650272133826564,-0.024060018069341216,-0.06244270326892443,0.3333333333333333,-0.0031160489809795022,-0.07415819872341711,0.03417501956100977,-0.10833321828442688,0.47619047619047616,-0.0017296866553021257,0.08365234158806678,0.07440004764297337,0.009252293945093415,0.5238095238095238,7.700657542022585e-05,0.05094270997097072,0.24886484487964955,-0.19792213490867883,0.46825396825396826,-0.0006640122143893572,-0.11805769831226076,0.28419948787897287,-0.40225718619123363,0.49074074074074076,-0.0004705269143618182,0.15046069049115562,0.2796533270509891,-0.12919263655983348,-0.0437079796732911,0.11297590763839938,-0.15668388731169047,0.3333333333333333,-0.013661584639644925,-0.11177121202543283,-0.08405612708809962,-0.032505932206262966,-0.07415819872341711,0.03417501956100977,9,9,6,9,11,9,11,8,4,9,False,False,-3
2024-12-31,XLC,communication_services,SPY,-0.013600904006191739,-0.024060018069341216,0.010459114063149477,0.47619047619047616,0.0005298320385508264,0.0728602996369827,0.03417501956100977,0.03868528007597294,0.49206349206349204,0.000593271409318662,0.1312602965553642,0.07440004764297337,0.05686024891239083,0.5079365079365079,0.0004156011621873861,0.3470663562660412,0.24886484487964955,0.09820151138639166,0.5,0.00031655210188127317,0.2652269052128755,0.28419948787897287,-0.01897258266609736,0.5185185185185185,2.4475439557179153e-05,0.3656402988780687,0.2796533270509891,0.0859869718270796,0.14898611980061793,0.11297590763839938,0.03601021216221856,0.5,0.00641315874010522,-0.08085659492763642,-0.08405612708809962,-0.032505932206262966,0.0728602996369827,0.03417501956100977,3,3,3,1,5,2,2,2,6,3,False,False,0
2025-01-31,XLK,technology,SPY,-0.015609801363795639,0.02312067908967186,-0.0387304804534675,0.38095238095238093,-0.0017282027608059752,-0.009137046771111046,0.03794556750373568,-0.047082614274846724,0.4603174603174603,-0.0006727251583588376,0.05851665073216861,0.09964926955891062,-0.04113261882674202,0.49206349206349204,-0.00022305182613271043,0.1509153652678621,0.24170339465765034,-0.09078802938978825,0.48412698412698413,-0.00023035962382897092,0.552914712523344,0.45102007009136846,0.10189464243197555,0.5052910052910053,0.00015713127444536116,0.16916581134428732,0.21364314106373428,-0.044477329719446956,0.13271048345295067,0.11796785879193883,0.014742624661011838,0.3333333333333333,-0.005638793830974311,-0.1697240959236539,-0.08405612708809962,-0.013005344947530362,-0.009137046771111046,0.03794556750373568,11,7,6,6,1,6,1,8,1,7,False,False,-1
2025-01-31,XLF,financials,SPY,0.06607297930227696,0.02312067908967186,0.0429523002126051,0.5714285714285714,0.0019704818835229957,0.10165184031009256,0.03794556750373568,0.06370627280635688,0.5396825396825397,0.0009774363570670126,0.18603035034458526,0.09964926955891062,0.08638108078567464,0.5,0.0006184108650728313,0.3322747320611876,0.24170339465765034,0.09057133740353729,0.503968253968254,0.000288612865136568,0.4100922260826141,0.45102007009136846,-0.04092784400875438,0.49074074074074076,-2.8828508532601973e-05,0.24970312345139267,0.21364314106373428,0.036059982387658396,0.05807491037966317,0.11796785879193883,-0.05989294841227566,0.5,0.006001380025434405,-0.0686432697848991,-0.08405612708809962,-0.013005344947530362,0.10165184031009256,0.03794556750373568,2,3,3,2,5,4,6,4,6,3,False,False,0
2025-01-31,XLI,industrials,SPY,0.04874180441652909,0.02312067908967186,0.02562112532685723,0.5714285714285714,0.0011828316847136964,0.025263332308439912,0.03794556750373568,-0.012682235195295766,0.47619047619047616,-0.00018289221090805004,0.0910184775443803,0.09964926955891062,-0.00863079201453032,0.47619047619047616,-5.664888672106383e-05,0.22939712142240465,0.24170339465765034,-0.01230627323524569,0.47619047619047616,-3.4225527465347135e-05,0.45533937723619244,0.45102007009136846,0.004319307144823981,0.4973544973544973,1.8648814332130244e-06,0.17225909775417403,0.21364314106373428,-0.04138404330956025,0.06249928126311488,0.11796785879193883,-0.05546857752882395,0.6666666666666666,-0.0008479814868213217,-0.05920895821757877,-0.08405612708809962,-0.013005344947530362,0.025263332308439912,0.03794556750373568,5,4,4,5,4,5,5,1,10,4,False,False,0
2025-01-31,XLE,energy,SPY,0.03654632371869759,0.02312067908967186,0.013425644629025735,0.42857142857142855,0.0006541166154182384,0.006093325706599817,0.03794556750373568,-0.03185224179713586,0.42857142857142855,-0.0004645866783318207,-0.04403973872947453,0.09964926955891062,-0.14368900828838516,0.4444444444444444,-0.001074089389650212,0.06525290806229811,0.24170339465765034,-0.17645048659535223,0.43253968253968256,-0.0005783628399618151,0.501147500028233,0.45102007009136846,0.05012742993686459,0.49206349206349204,0.00012019092052443889,0.02769445386735181,0.21364314106373428,-0.18594868719638247,0.09029777396887084,0.11796785879193883,-0.027670084823067986,0.4166666666666667,-0.011650807197308646,-0.13308133340951023,-0.08405612708809962,-0.013005344947530362,0.006093325706599817,0.03794556750373568,6,5,11,10,3,9,4,6,2,5,False,False,6
2025-01-31,XLB,materials,SPY,0.059546369979853075,0.02312067908967186,0.03642569089018122,0.6666666666666666,0.0016675825761911247,-0.0518108589254056,0.03794556750373568,-0.08975642642914128,0.4603174603174603,-0.0014337949393200032,-0.027008617134516633,0.09964926955891062,-0.12665788669342726,0.4444444444444444,-0.0009700381984074812,0.08525899569083073,0.24170339465765034,-0.1564443989668196,0.47619047619047616,-0.0005295437031902715,0.1453523056389885,0.45102007009136846,-0.30566776445238,0.4973544973544973,-0.0003009503565962424,0.024267579446727305,0.21364314106373428,-0.18937556161700697,0.05255745486874108,0.11796785879193883,-0.06541040392319775,0.4166666666666667,-0.010767106360465822,-0.0612054928836987,-0.08405612708809962,-0.013005344947530362,-0.0518108589254056,0.03794556750373568,3,11,10,9,10,10,8,6,9,11,False,False,-1
2025-01-31,XLY,consumer_discretionary,SPY,0.02707371322378349,0.02312067908967186,0.003953034134111633,0.5238095238095238,0.00020305089401724476,0.16171395330401794,0.03794556750373568,0.12376838580028227,0.5714285714285714,0.001833061528205527,0.24321273084609718,0.09964926955891062,0.14356346128718656,0.5555555555555556,0.001020933479480738,0.3447079683737797,0.24170339465765034,0.10300457371612937,0.49603174603174605,0.0003534944641852225,0.3333926870261692,0.45102007009136846,-0.11762738306519926,0.5171957671957672,-4.655130175157748e-05,0.30926140067688457,0.21364314106373428,0.09561825961315029,0.05585195220547212,0.11796785879193883,-0.06211590658646671,0.5833333333333334,0.007336264872375477,-0.12660502413590247,-0.08405612708809962,-0.013005344947530362,0.16171395330401794,0.03794556750373568,8,1,1,1,6,1,7,2,3,1,False,False,0
2025-01-31,XLP,consumer_staples,SPY,0.007783699633475694,0.02312067908967186,-0.015336979456196165,0.47619047619047616,-0.0007154250469258676,-0.010330799818129899,0.03794556750373568,-0.048276367321865576,0.49206349206349204,-0.0007673503781859507,0.02764524674056812,0.09964926955891062,-0.0720040228183425,0.4365079365079365,-0.0005540537635919169,0.10535834058492055,0.24170339465765034,-0.1363450540727298,0.44047619047619047,-0.000473851139262953,0.15097220917343734,0.45102007009136846,-0.3000478609179311,0.47619047619047616,-0.0003308453652685474,0.09682101525052667,0.21364314106373428,-0.11682212581320761,0.05061449444595323,0.11796785879193883,-0.0673533643459856,0.3333333333333333,-0.010144217127312607,-0.04295432879984007,-0.08405612708809962,-0.013005344947530362,-0.010330799818129899,0.03794556750373568,10,9,7,8,9,7,9,8,11,9,False,False,-2
2025-01-31,XLV,health_care,SPY,0.07016891574967477,0.02312067908967186,0.04704823666000291,0.6190476190476191,0.002145703231670092,-0.00582889755850069,0.03794556750373568,-0.04377446506223637,0.47619047619047616,-0.0006861777633270157,-0.01032390602378086,0.09964926955891062,-0.10997317558269148,0.4365079365079365,-0.0008449373177587564,0.06140927268600338,0.24170339465765034,-0.18029412197164696,0.45634920634920634,-0.0006299900736078161,0.20786091540419216,0.45102007009136846,-0.2431591546871763,0.46296296296296297,-0.0002624050646071742,-0.008185290130142575,0.21364314106373428,-0.22182843119387685,0.03879387419343927,0.11796785879193883,-0.07917398459849956,0.25,-0.01386267188570367,-0.06295256025223761,-0.08405612708809962,-0.013005344947530362,-0.00582889755850069,0.03794556750373568,1,6,9,11,8,11,10,11,8,6,False,False,3
2025-01-31,XLU,utilities,SPY,0.0279829934932887,0.02312067908967186,0.004862314403616841,0.47619047619047616,0.0002735347903062661,-0.009520601581713417,0.03794556750373568,-0.047466169085449095,0.49206349206349204,-0.0007175393727957579,0.08610153903492912,0.09964926955891062,-0.013547730523981505,0.5,-8.428673018344237e-05,0.30485838002099275,0.24170339465765034,0.06315498536334241,0.49206349206349204,0.00021446803149994184,0.2848719675547915,0.45102007009136846,-0.16614810253657697,0.4801587301587302,-0.00015311485362148395,0.2693384893332009,0.21364314106373428,0.05569534826946665,0.11690795708046209,0.11796785879193883,-0.0010599017114767406,0.5833333333333334,0.003970934062057295,-0.08255373335827743,-0.08405612708809962,-0.013005344947530362,-0.009520601581713417,0.03794556750373568,7,8,5,4,7,2,2,2,5,8,False,False,-3
2025-01-31,XLRE,real_estate,SPY,0.026517859414162626,0.02312067908967186,0.0033971803244907672,0.6190476190476191,0.0001981317407685479,-0.04438633047250118,0.03794556750373568,-0.08233189797623686,0.5238095238095238,-0.0012788641143951101,0.023522374586081085,0.09964926955891062,-0.07612689497282954,0.5317460317460317,-0.0005542675169903005,0.11630143467297716,0.24170339465765034,-0.12540195998467318,0.49603174603174605,-0.00040132276729452053,-0.0027730817069621105,0.45102007009136846,-0.4537931517983306,0.4947089947089947,-0.0004686289483854271,0.08746421159204609,0.21364314106373428,-0.12617892947168818,0.007239583242573566,0.11796785879193883,-0.11072827554936526,0.3333333333333333,-0.009086266605102736,-0.11177121202543283,-0.08405612708809962,-0.013005344947530362,-0.04438633047250118,0.03794556750373568,9,10,8,7,11,8,11,8,4,10,False,False,-2
2025-01-31,XLC,communication_services,SPY,0.05405126339708621,0.02312067908967186,0.030930584307414355,0.47619047619047616,0.0014134948129402964,0.11221327129766978,0.03794556750373568,0.0742677037939341,0.47619047619047616,0.001103961077392807,0.20011301340394527,0.09964926955891062,0.10046374384503465,0.5079365079365079,0.0006965112562986668,0.3304535046607595,0.24170339465765034,0.08875011000310917,0.4880952380952381,0.00028848122123200894,0.5020833295223184,0.45102007009136846,0.051063259430949914,0.5158730158730159,8.875215135130817e-05,0.26222846161472324,0.21364314106373428,0.048585320550988964,0.10227493097899898,0.11796785879193883,-0.01569292781293985,0.5,0.006574179748593488,-0.06413018707196827,-0.08405612708809962,-0.013005344947530362,0.11221327129766978,0.03794556750373568,4,2,2,3,2,3,3,4,7,2,False,False,0
2025-02-28,XLK,technology,SPY,-0.026797252112202408,-0.012678281875641129,-0.014118970236561279,0.47619047619047616,-0.000621796496342044,-0.032922892644801194,-0.0022595641680901446,-0.03066332847671105,0.47619047619047616,-0.000425472242351881,0.017148244881643127,0.0649056768765468,-0.047757431994903676,0.48412698412698413,-0.00029526346700121085,0.10408268921757635,0.18714963625086978,-0.08306694703329343,0.49603174603174605,-0.00021423354898380964,0.5707692768351504,0.4714064934048179,0.09936278343033256,0.5092592592592593,0.0001527270863806126,0.1344837359058384,0.20239392536217005,-0.06791018945633165,0.050488345643089794,0.08144217938126586,-0.030953833738176062,0.3333333333333333,-0.00609092210122338,-0.1697240959236539,-0.08405612708809962,-0.03059055460693072,-0.032922892644801194,-0.0022595641680901446,10,8,8,8,2,6,9,10,1,8,False,True,0
2025-02-28,XLF,financials,SPY,0.01755068404294735,-0.012678281875641129,0.03022896591858848,0.6190476190476191,0.001438490212668429,0.026293132224991966,-0.0022595641680901446,0.02855269639308211,0.5396825396825397,0.00045352012368896473,0.17394160489430677,0.0649056768765468,0.10903592801775996,0.5317460317460317,0.0007927287056335604,0.3180707268428542,0.18714963625086978,0.13092109059198442,0.5119047619047619,0.00042522224001953404,0.4381195995200038,0.4714064934048179,-0.033286893884814095,0.4933862433862434,-2.0479916570986713e-05,0.29533668200769725,0.20239392536217005,0.0929427566455272,0.08643405145127936,0.08144217938126586,0.004991872070013503,0.5833333333333334,0.00914194220462731,-0.0686432697848991,-0.08405612708809962,-0.03059055460693072,0.026293132224991966,-0.0022595641680901446,5,3,1,2,5,2,3,2,7,3,False,False,-2
2025-02-28,XLI,industrials,SPY,-0.010595901343002923,-0.012678281875641129,0.002082380532638206,0.42857142857142855,9.932209323435103e-05,-0.04545088823932375,-0.0022595641680901446,-0.043191324071233606,0.3968253968253968,-0.0007022311794921137,0.06377364647146555,0.0649056768765468,-0.0011320304050812524,0.48412698412698413,-7.915335449445432e-07,0.15088466652609078,0.18714963625086978,-0.036264969724778995,0.4642857142857143,-0.00011776375418057426,0.49859471064116456,0.4714064934048179,0.02718821723634668,0.49603174603174605,2.2802707454563965e-05,0.16320992412330337,0.20239392536217005,-0.03918400123886667,0.055599167391263915,0.08144217938126586,-0.02584301199000194,0.5833333333333334,-0.0025653700092870177,-0.05920895821757877,-0.08405612708809962,-0.03059055460693072,-0.04545088823932375,-0.0022595641680901446,9,10,5,6,4,5,8,2,10,10,False,True,-5
2025-02-28,XLE,energy,SPY,0.014492869242646922,-0.012678281875641129,0.02717115111828805,0.5238095238095238,0.0013600463748903262,-0.037614814328549295,-0.0022595641680901446,-0.03535525016045915,0.4126984126984127,-0.0005360214151609571,0.02403121571643463,0.0649056768765468,-0.040874461160112174,0.47619047619047616,-0.0002687323900631387,0.09463179065884075,0.18714963625086978,-0.09251784559202902,0.44047619047619047,-0.00028946335164495296,0.5024722769906058,0.4714064934048179,0.03106578358578793,0.49206349206349204,0.00010389186389791204,0.07899407067890007,0.20239392536217005,-0.12339985468326997,0.08136647614755144,0.08144217938126586,-7.570323371441923e-05,0.5,-0.005802333889079682,-0.13308133340951023,-0.08405612708809962,-0.03059055460693072,-0.037614814328549295,-0.0022595641680901446,6,9,6,9,3,9,4,5,2,9,False,False,-3
2025-02-28,XLB,materials,SPY,0.0018059316430589778,-0.012678281875641129,0.014484213518700106,0.47619047619047616,0.0006996776955783638,-0.06140438165663409,-0.0022595641680901446,-0.059144817488543944,0.4444444444444444,-0.0009653850932680435,-0.037883839851667545,0.0649056768765468,-0.10278951672821435,0.46825396825396826,-0.0008002156776070799,0.04318974082135463,0.18714963625086978,-0.14395989542951515,0.4722222222222222,-0.0005096413162608722,0.1568909679740913,0.4714064934048179,-0.3145155254307266,0.4933862433862434,-0.0003055840457585927,0.041309207573189566,0.20239392536217005,-0.16108471778898048,0.0649433292756103,0.08144217938126586,-0.01649885010565555,0.4166666666666667,-0.010745023007539628,-0.0650414295486691,-0.08405612708809962,-0.03059055460693072,-0.06140438165663409,-0.0022595641680901446,7,11,11,10,10,10,7,7,8,11,False,False,0
2025-02-28,XLY,consumer_discretionary,SPY,-0.06486541293212322,-0.012678281875641129,-0.052187131056482094,0.42857142857142855,-0.0025536771274802146,-0.017976483645098518,-0.0022595641680901446,-0.015716919477008373,0.47619047619047616,-0.00021255470376416923,0.1661774651295993,0.0649056768765468,0.1012717882530525,0.5396825396825397,0.0007593943775067927,0.19350734703634398,0.18714963625086978,0.006357710785474202,0.4801587301587302,5.8652540959586954e-05,0.3116695400371705,0.4714064934048179,-0.15973695336764737,0.5145502645502645,-8.935649437108083e-05,0.27629473184025577,0.20239392536217005,0.07390080647808572,0.022004349672148482,0.08144217938126586,-0.059437829709117374,0.5,0.0003969274564253518,-0.12660502413590247,-0.08405612708809962,-0.03059055460693072,-0.017976483645098518,-0.0022595641680901446,11,5,3,4,7,4,11,5,3,5,False,False,-2
2025-02-28,XLP,consumer_staples,SPY,0.05231159567599142,-0.012678281875641129,0.06498987755163255,0.7142857142857143,0.00304433732439919,0.017260705040200497,-0.0022595641680901446,0.01952026920829064,0.5238095238095238,0.00030324584991708604,0.018581769010032056,0.0649056768765468,-0.046323907866514746,0.4603174603174603,-0.00036092973917775884,0.14666152558480272,0.18714963625086978,-0.040488110666067056,0.4642857142857143,-0.0001485023342680679,0.20214585115676154,0.4714064934048179,-0.26926064224805635,0.47883597883597884,-0.00028958433557409684,0.08965968853379591,0.20239392536217005,-0.11273423682837413,0.06987850500367876,0.08144217938126586,-0.011563674377587096,0.4166666666666667,-0.0022196523670756454,-0.0507620160748945,-0.08405612708809962,-0.03059055460693072,0.017260705040200497,-0.0022595641680901446,2,4,7,7,9,8,6,7,11,4,False,False,3
2025-02-28,XLV,health_care,SPY,0.02244973305321496,-0.012678281875641129,0.03512801492885609,0.5714285714285714,0.0016593903393237609,0.028986395018863576,-0.0022595641680901446,0.03124595918695372,0.5238095238095238,0.00048555108299566354,-0.03500872750732875,0.0649056768765468,-0.09991440438387555,0.4444444444444444,-0.0007870920983647879,0.03104148673873075,0.18714963625086978,-0.15610814951213903,0.45634920634920634,-0.000566029601861881,0.23438420786633474,0.4714064934048179,-0.23702228553848315,0.46296296296296297,-0.0002509640054621001,0.008403106194628585,0.20239392536217005,-0.19399081916754146,0.030270444747033,0.08144217938126586,-0.05117173463423286,0.3333333333333333,-0.009979065896165549,-0.09859666453306992,-0.08405612708809962,-0.03059055460693072,0.028986395018863576,-0.0022595641680901446,4,2,10,11,8,11,10,10,5,2,False,False,8
2025-02-28,XLU,utilities,SPY,0.03231685464550682,-0.012678281875641129,0.04499513652114795,0.5714285714285714,0.002133020156480309,-0.021123537847365648,-0.0022595641680901446,-0.018863973679275503,0.49206349206349204,-0.0002829134039904215,0.06782103821522423,0.0649056768765468,0.0029153613386774246,0.5158730158730159,4.209630313938073e-05,0.32066139443813757,0.18714963625086978,0.1335117581872678,0.49603174603174605,0.0004377065324067318,0.3377294144225189,0.4714064934048179,-0.13367707898229897,0.4801587301587302,-0.00011704045634095788,0.27931786495111255,0.20239392536217005,0.0769239395889425,0.17404771315401457,0.08144217938126586,0.09260553377274872,0.6666666666666666,0.009790179739100985,-0.08255373335827743,-0.08405612708809962,-0.03059055460693072,-0.021123537847365648,-0.0022595641680901446,3,6,4,1,6,3,1,1,6,6,False,False,-2
2025-02-28,XLRE,real_estate,SPY,0.053209619577043066,-0.012678281875641129,0.0658879014526842,0.5714285714285714,0.0030687442110914316,-0.023857486056568344,-0.0022595641680901446,-0.0215979218884782,0.47619047619047616,-0.00032679914799397267,0.010811678153563875,0.0649056768765468,-0.05409399872298293,0.5238095238095238,-0.0003977311968697964,0.16596206092266308,0.18714963625086978,-0.021187575328206698,0.503968253968254,-5.307523783662064e-05,0.08848412366055936,0.4714064934048179,-0.38292236974425853,0.4933862433862434,-0.0003718547400935058,0.10705603067972369,0.20239392536217005,-0.09533789468244636,0.08818422248041013,0.08144217938126586,0.006742043099144279,0.4166666666666667,-0.0023917285276878106,-0.11177121202543283,-0.08405612708809962,-0.03059055460693072,-0.023857486056568344,-0.0022595641680901446,1,7,9,5,11,7,2,7,4,7,False,False,2
2025-02-28,XLC,communication_services,SPY,0.0012761004109420604,-0.012678281875641129,0.013954382286583189,0.5714285714285714,0.0006654497779495254,0.05016595729317519,-0.0022595641680901446,0.052425521461265334,0.49206349206349204,0.0008178183285948508,0.17229197477498026,0.0649056768765468,0.10738629789843346,0.5,0.0007672258775908626,0.30208469699544027,0.18714963625086978,0.1149350607445705,0.503968253968254,0.00037643383938347816,0.6019018461744441,0.4714064934048179,0.1304953527696262,0.5171957671957672,0.00015153663348779737,0.3004252238329077,0.20239392536217005,0.09803129847073766,0.07187373042643341,0.08144217938126586,-0.009568448954832443,0.5833333333333334,0.007833348757115555,-0.06413018707196827,-0.08405612708809962,-0.03059055460693072,0.05016595729317519,-0.0022595641680901446,8,1,2,3,1,1,5,2,9,1,False,False,1
2025-03-31,XLK,technology,SPY,-0.08286027153388587,-0.05571931022636345,-0.027140961307522415,0.47619047619047616,-0.0012932631330779926,-0.14062678658748706,-0.06696259333348442,-0.07366419325400264,0.4444444444444444,-0.0012148266361918104,-0.08819007241677512,-0.016318280111453753,-0.07187179230532137,0.49206349206349204,-0.0005360966954367744,-0.003843908106574201,0.08284050213382188,-0.08668441024039608,0.5,-0.0002532447430072857,0.3374983235549842,0.2973660328154206,0.04013229073956359,0.5092592592592593,0.00010577953514857287,0.08615520729808956,0.1467358316872931,-0.06058062438920353,0.06784356436113836,0.07684263178196282,-0.008999067420824458,0.3333333333333333,-0.006484286516566694,-0.1697240959236539,-0.08405612708809962,-0.08460538023115405,-0.14062678658748706,-0.06696259333348442,10,10,10,10,4,8,6,11,1,10,False,False,0
2025-03-31,XLF,financials,SPY,-0.04195241151129192,-0.05571931022636345,0.01376689871507153,0.6666666666666666,0.0006988289097894665,0.01793770663687022,-0.06696259333348442,0.08490029997035464,0.6349206349206349,0.0013891290521771157,0.11515129813872904,-0.016318280111453753,0.1314695782501828,0.5634920634920635,0.001016800135354339,0.2075841819168649,0.08284050213382188,0.12474367978304302,0.5198412698412699,0.000443609796330976,0.3485003250658052,0.2973660328154206,0.05113429225038457,0.5,5.881965634972215e-05,0.26046367260502534,0.1467358316872931,0.11372784091773225,0.07370219042412107,0.07684263178196282,-0.00314044135784175,0.5833333333333334,0.009117901148095945,-0.07226317821757455,-0.08405612708809962,-0.08460538023115405,0.01793770663687022,-0.06696259333348442,8,6,1,2,3,1,4,3,9,6,False,False,-5
2025-03-31,XLI,industrials,SPY,-0.03562930155223576,-0.05571931022636345,0.02009000867412769,0.5714285714285714,0.0009970762233944472,-0.020760702385492547,-0.06696259333348442,0.046201890947991875,0.5396825396825397,0.000765091213463618,-0.018611100086673438,-0.016318280111453753,-0.0022928199752196843,0.46825396825396826,-1.3009082159912364e-05,0.05620612771500855,0.08284050213382188,-0.026634374418813334,0.46825396825396826,-9.422368111966594e-05,0.3358854012405408,0.2973660328154206,0.03851936842512016,0.4933862433862434,3.81967160928902e-05,0.09522834882380948,0.1467358316872931,-0.05150748286348361,0.029568980634817388,0.07684263178196282,-0.047273651147145435,0.5833333333333334,-0.0017209695781048862,-0.08139440986691249,-0.08405612708809962,-0.08460538023115405,-0.020760702385492547,-0.06696259333348442,7,8,7,7,5,7,8,3,8,8,False,False,-1
2025-03-31,XLE,energy,SPY,0.03493229776560147,-0.05571931022636345,0.09065160799196492,0.7142857142857143,0.004373043822683791,0.113620086371794,-0.06696259333348442,0.18058267970527841,0.5873015873015873,0.0028365155416010326,0.11139771719440716,-0.016318280111453753,0.12771599730586092,0.5317460317460317,0.0010053774925273483,0.03342777318695167,0.08284050213382188,-0.04941272894687021,0.4523809523809524,-0.0001532359302810284,0.351943979807652,0.2973660328154206,0.054577946992231396,0.4947089947089947,0.00012730339554806386,-0.0014537420292108916,0.1467358316872931,-0.148189573716504,-0.02488689539392186,0.07684263178196282,-0.10172952717588468,0.5,-0.0036253340763923634,-0.14341521657424383,-0.08405612708809962,-0.08460538023115405,0.113620086371794,-0.06696259333348442,1,1,2,8,2,10,11,5,2,1,False,False,1
2025-03-31,XLB,materials,SPY,-0.026702817269711798,-0.05571931022636345,0.02901649295665165,0.5238095238095238,0.0014263745779321123,0.01159091188047956,-0.06696259333348442,0.07855350521396398,0.5555555555555556,0.0012798238475112745,-0.10556796166057925,-0.016318280111453753,-0.08924968154912549,0.46825396825396826,-0.0007550299392286839,-0.05393432285712252,0.08284050213382188,-0.1367748249909444,0.45634920634920634,-0.000534211295950275,0.03678386488135854,0.2973660328154206,-0.2605821679340621,0.49074074074074076,-0.0002851376802344653,-0.02797861338817509,0.1467358316872931,-0.17471444507546818,0.010295250068313333,0.07684263178196282,-0.06654738171364949,0.4166666666666667,-0.01076502503540606,-0.13418004711388887,-0.08405612708809962,-0.08460538023115405,0.01159091188047956,-0.06696259333348442,6,7,11,11,10,11,9,8,3,7,False,False,4
2025-03-31,XLY,consumer_discretionary,SPY,-0.08314716224199281,-0.05571931022636345,-0.02742785201562936,0.42857142857142855,-0.0013132894966763381,-0.1523822044074572,-0.06696259333348442,-0.08541961107397278,0.42857142857142855,-0.0014748216564260388,-0.010777062308924279,-0.016318280111453753,0.0055412178025294745,0.49206349206349204,9.337015470378773e-05,0.07999425605331756,0.08284050213382188,-0.002846246080504322,0.4801587301587302,3.34492569922782e-05,0.10420791249775019,0.2973660328154206,-0.19315812031767043,0.5092592592592593,-0.0001516598287022697,0.1779363182146465,0.1467358316872931,0.03120048652735341,0.010083244991996532,0.07684263178196282,-0.06675938678996629,0.5,0.0006675400241404986,-0.12660502413590247,-0.08405612708809962,-0.08460538023115405,-0.1523822044074572,-0.06696259333348442,11,11,6,6,9,4,10,5,5,11,False,False,-5
2025-03-31,XLP,consumer_staples,SPY,-0.011764436640270381,-0.05571931022636345,0.04395487358609307,0.42857142857142855,0.002133937253135635,0.030274924289882765,-0.06696259333348442,0.09723751762336719,0.5396825396825397,0.0015652163784983374,-0.001742760675890409,-0.016318280111453753,0.014575519435563344,0.46825396825396826,0.0001068087982266009,0.09878154051955645,0.08284050213382188,0.015941038385734574,0.4603174603174603,4.5019072874506014e-05,0.18915465821814337,0.2973660328154206,-0.10821137459727725,0.4775132275132275,-0.00013754632389043373,0.1118619702209469,0.1467358316872931,-0.03487386146634619,0.09157851048283994,0.07684263178196282,0.014735878700877114,0.4166666666666667,0.0016187141000250094,-0.05125334813604021,-0.08405612708809962,-0.08460538023115405,0.030274924289882765,-0.06696259333348442,3,5,5,5,7,6,3,8,11,5,False,False,0
2025-03-31,XLV,health_care,SPY,-0.01581353373935257,-0.05571931022636345,0.03990577648701088,0.5714285714285714,0.0019136881307925389,0.049963538401112784,-0.06696259333348442,0.1169261317345972,0.5714285714285714,0.001853513666811307,-0.03828518337525322,-0.016318280111453753,-0.021966903263799464,0.47619047619047616,-0.00019050187992116405,0.004446296813769068,0.08284050213382188,-0.07839420532005281,0.4603174603174603,-0.0003092823917086049,0.12992449522865446,0.2973660328154206,-0.16744153758676616,0.4669312169312169,-0.0002021823270743246,0.020585357803280635,0.1467358316872931,-0.12615047388401246,0.057610972135534455,0.07684263178196282,-0.019231659646428367,0.4166666666666667,-0.00573718139374324,-0.13006698149818807,-0.08405612708809962,-0.08460538023115405,0.049963538401112784,-0.06696259333348442,4,2,9,9,8,9,7,8,4,2,False,False,7
2025-03-31,XLU,utilities,SPY,0.002393932499051843,-0.05571931022636345,0.05811324272541529,0.47619047619047616,0.0028140870764732425,0.04075551510212283,-0.06696259333348442,0.10771810843560725,0.5238095238095238,0.0017388861618508936,0.005494582408896775,-0.016318280111453753,0.02181286252035053,0.5079365079365079,0.00018901625681743016,0.24631977613974088,0.08284050213382188,0.163479274005919,0.4880952380952381,0.0005683738066174393,0.20744388083091048,0.2973660328154206,-0.08992215198451015,0.47883597883597884,-8.553801759910641e-05,0.24334329621545225,0.1467358316872931,0.09660746452815916,0.16437422725216133,0.07684263178196282,0.08753159547019851,0.6666666666666666,0.012239804362286453,-0.09694911694960762,-0.08405612708809962,-0.08460538023115405,0.04075551510212283,-0.06696259333348442,2,3,4,1,6,3,1,1,7,3,False,False,1
2025-03-31,XLRE,real_estate,SPY,-0.023919771441286874,-0.05571931022636345,0.031799538785076575,0.5238095238095238,0.0015634016172981927,0.03053257059008785,-0.06696259333348442,0.09749516392357227,0.5714285714285714,0.0015816854285098355,-0.03751279148446607,-0.016318280111453753,-0.021194511373012315,0.5238095238095238,-0.00015695305967395738,0.10246263846913584,0.08284050213382188,0.019622136335313956,0.5119047619047619,8.624904376059335e-05,-0.002569399531099914,0.2973660328154206,-0.29993543234652054,0.4933862433862434,-0.00032005310835869446,0.1294795306908736,0.1467358316872931,-0.017256300996419505,0.11739857690809297,0.07684263178196282,0.040555945126130144,0.5,0.0016315927175810097,-0.11391266574861914,-0.08405612708809962,-0.08460538023115405,0.03053257059008785,-0.06696259333348442,5,4,8,4,11,5,2,5,6,4,False,False,4
2025-03-31,XLC,communication_services,SPY,-0.051613296060200375,-0.05571931022636345,0.0041060141661630745,0.5238095238095238,0.0002211132046983353,-0.023268940949090267,-0.06696259333348442,0.043693652384394155,0.5396825396825397,0.0007286331643570277,0.08401607528298638,-0.016318280111453753,0.10033435539444013,0.5158730158730159,0.0007771520016061646,0.192548021869414,0.08284050213382188,0.10970751973559212,0.5158730158730159,0.0003924787909669131,0.4438391812535616,0.2973660328154206,0.14647314843814097,0.5198412698412699,0.00018012261497754177,0.2574491153400995,0.1467358316872931,0.11071328365280642,0.07264157939959026,0.07684263178196282,-0.004201052382372561,0.6666666666666666,0.008271181593098384,-0.06413018707196827,-0.08405612708809962,-0.08460538023115405,-0.023268940949090267,-0.06696259333348442,9,9,3,3,1,2,5,1,10,9,False,False,-6
2025-04-30,XLK,technology,SPY,0.016902486878962897,-0.008670178174235654,0.02557266505319855,0.47619047619047616,0.0015143113926686183,-0.09235056328720936,-0.07577445067672661,-0.01657611261048275,0.47619047619047616,-0.00013358274558380616,-0.08513906542644856,-0.03619747839802334,-0.048941587028425215,0.47619047619047616,-0.0003039523577895914,0.05805950232010426,0.10494207214925866,-0.0468825698291544,0.5,-7.235493517663213e-05,0.48260175946148265,0.3520877224991248,0.13051403696235786,0.5119047619047619,0.00019376025428045302,0.04047292240130007,0.11460590393039016,-0.07413298152909009,0.14110725374431898,0.13309608320939215,0.008011170534926837,0.4166666666666667,-0.0028325352725104003,-0.1697240959236539,-0.08405612708809962,-0.09254201468428658,-0.09235056328720936,-0.07577445067672661,1,9,9,8,2,9,4,7,1,9,False,False,0
2025-04-30,XLF,financials,SPY,-0.021080215369554622,-0.008670178174235654,-0.012410037195318968,0.6190476190476191,-0.0007089730696002293,-0.04568832146079005,-0.07577445067672661,0.030086129215936563,0.6349206349206349,0.0004761153509525554,0.05395244964025703,-0.03619747839802334,0.09014992803828037,0.5873015873015873,0.0007098755229182476,0.21311457590376892,0.10494207214925866,0.10817250375451026,0.5277777777777778,0.0003723673340433926,0.42172957708158987,0.3520877224991248,0.06964185458246508,0.5066137566137566,7.11450414619015e-05,0.23923797940373115,0.11460590393039016,0.12463207547334099,0.11127340431034982,0.13309608320939215,-0.021822678899042325,0.5833333333333334,0.00820195387347906,-0.07437075564768714,-0.08405612708809962,-0.09254201468428658,-0.04568832146079005,-0.07577445067672661,8,6,2,2,3,1,6,3,10,6,False,False,-4
2025-04-30,XLI,industrials,SPY,0.001144196782871587,-0.008670178174235654,0.009814374957107241,0.5714285714285714,0.0003770302325418539,-0.04475594031424812,-0.07577445067672661,0.03101851036247849,0.5238095238095238,0.0004911428497235507,-0.023002782239957775,-0.03619747839802334,0.013194696158065566,0.49206349206349204,9.715222407511455e-05,0.08569054073710447,0.10494207214925866,-0.019251531412154188,0.46825396825396826,-7.229968273694644e-05,0.40059554350292226,0.3520877224991248,0.04850782100379747,0.49603174603174605,4.411478134311969e-05,0.08444971685988745,0.11460590393039016,-0.030156187070502716,0.1050152665835764,0.13309608320939215,-0.02808081662581574,0.5833333333333334,-0.001336219355604601,-0.08354259421092669,-0.08405612708809962,-0.09254201468428658,-0.04475594031424812,-0.07577445067672661,3,5,6,7,4,7,8,3,9,5,False,False,1
2025-04-30,XLE,energy,SPY,-0.1385769321890281,-0.008670178174235654,-0.12990675401479246,0.2857142857142857,-0.006490978020597113,-0.09556484120975561,-0.07577445067672661,-0.019790390533029,0.5079365079365079,-0.0002526292743409986,-0.08868844879617777,-0.03619747839802334,-0.052490970398154424,0.46825396825396826,-0.0003858980974731002,-0.1315394289232914,0.10494207214925866,-0.23648150107255006,0.42857142857142855,-0.0009072555997959392,0.2180199701467853,0.3520877224991248,-0.13406775235233948,0.48544973544973546,-6.275101896864624e-05,0.00816962480888761,0.11460590393039016,-0.10643627912150255,-0.09288132482951894,0.13309608320939215,-0.2259774080389111,0.4166666666666667,-0.017228115565814096,-0.14341521657424383,-0.08405612708809962,-0.09254201468428658,-0.09556484120975561,-0.07577445067672661,11,10,10,11,5,10,11,7,3,10,False,False,0
2025-04-30,XLB,materials,SPY,-0.024308086529712503,-0.008670178174235654,-0.01563790835547685,0.6190476190476191,-0.0008349031154975513,-0.04864682774879525,-0.07577445067672661,0.02712762292793136,0.5396825396825397,0.00043038305267097495,-0.09823892493181963,-0.03619747839802334,-0.062041446533796285,0.5,-0.0005415078861726689,-0.04475996105786839,0.10494207214925866,-0.14970203320712705,0.4603174603174603,-0.0005821922304121276,0.04470921573471354,0.3520877224991248,-0.30737850676441125,0.49074074074074076,-0.00033195659411834486,-0.02096140620394582,0.11460590393039016,-0.13556731013433598,0.09459249202847397,0.13309608320939215,-0.03850359118091817,0.4166666666666667,-0.011598437032972428,-0.14346146698984785,-0.08405612708809962,-0.09254201468428658,-0.04864682774879525,-0.07577445067672661,9,7,11,10,10,11,10,7,2,7,False,False,4
2025-04-30,XLY,consumer_discretionary,SPY,-0.0010128609089344875,-0.008670178174235654,0.007657317265301167,0.47619047619047616,0.0004088305458498682,-0.14348760765738278,-0.07577445067672661,-0.06771315698065616,0.4444444444444444,-0.0011527120261022282,-0.013107757068703707,-0.03619747839802334,0.023089721329319635,0.49206349206349204,0.00023771597480430682,0.13133960730626604,0.10494207214925866,0.02639753515700738,0.4880952380952381,0.000139803334696484,0.14413825382215717,0.3520877224991248,-0.20794946867696762,0.5079365079365079,-0.00016047840297726785,0.13248665877282684,0.11460590393039016,0.017880754842436675,0.14482450378287814,0.13309608320939215,0.011728420573485998,0.5833333333333334,0.001715273687548637,-0.12660502413590247,-0.08405612708809962,-0.09254201468428658,-0.14348760765738278,-0.07577445067672661,5,11,5,5,7,5,3,3,5,11,False,False,-6
2025-04-30,XLP,consumer_staples,SPY,0.001959090485382342,-0.008670178174235654,0.010629268659617996,0.47619047619047616,0.0001234211234810024,0.04196906296518055,-0.07577445067672661,0.11774351364190716,0.5396825396825397,0.0017672319003386092,0.022546899803759457,-0.03619747839802334,0.0587443782017828,0.5079365079365079,0.00039566973583304854,0.11069246293054436,0.10494207214925866,0.005750390781285697,0.4444444444444444,-2.3291167691774726e-05,0.1140880418632646,0.3520877224991248,-0.2379996806358602,0.4722222222222222,-0.00028825284832462703,0.10852077043633401,0.11460590393039016,-0.00608513349405615,0.11045602953691636,0.13309608320939215,-0.02264005367247579,0.4166666666666667,-1.0916516407869873e-05,-0.08359146833952624,-0.08405612708809962,-0.09254201468428658,0.04196906296518055,-0.07577445067672661,2,1,3,6,8,6,7,7,8,1,False,False,2
2025-04-30,XLV,health_care,SPY,-0.03794255020842896,-0.008670178174235654,-0.029272372034193306,0.47619047619047616,-0.0017503812522223297,-0.031899684861309785,-0.07577445067672661,0.04387476581541683,0.5396825396825397,0.00060756573929799,-0.04669259335814058,-0.03619747839802334,-0.010495114960117236,0.49206349206349204,-0.00015266313900368948,0.01984390994580676,0.10494207214925866,-0.0850981622034519,0.46825396825396826,-0.0003560371693336538,0.09569575291650323,0.3520877224991248,-0.25639196958262156,0.4642857142857143,-0.0003069461046327418,0.06006549834082686,0.11460590393039016,-0.0545404055895633,0.1022659524590186,0.13309608320939215,-0.030830130750373552,0.4166666666666667,-0.007349363433335689,-0.13006698149818807,-0.08405612708809962,-0.09254201468428658,-0.031899684861309785,-0.07577445067672661,10,4,7,9,9,8,9,7,4,4,False,False,3
2025-04-30,XLU,utilities,SPY,0.0006342546116120396,-0.008670178174235654,0.009304432785847694,0.5714285714285714,0.00010230025695283429,0.03544447067030054,-0.07577445067672661,0.11121892134702716,0.5396825396825397,0.0016831358299687952,-0.0032555175273984993,-0.03619747839802334,0.03294196087062484,0.5158730158730159,0.00021962645949887027,0.2284573232359668,0.10494207214925866,0.12351525108670813,0.4880952380952381,0.00040134699797473103,0.1754400622400616,0.3520877224991248,-0.1766476602590632,0.47883597883597884,-0.00018477044006718864,0.2276786623827729,0.11460590393039016,0.11307275845238274,0.2209699424153857,0.13309608320939215,0.08787385920599355,0.6666666666666666,0.00807910348363767,-0.09694911694960762,-0.08405612708809962,-0.09254201468428658,0.03544447067030054,-0.07577445067672661,4,2,4,1,6,2,2,1,7,2,False,False,2
2025-04-30,XLRE,real_estate,SPY,-0.013142222349300292,-0.008670178174235654,-0.004472044175064638,0.5238095238095238,-0.0004951989240018971,0.014506657071314821,-0.07577445067672661,0.09028110774804143,0.5396825396825397,0.0013789823014625758,-0.04671341660086081,-0.03619747839802334,-0.010515938202837471,0.5238095238095238,-0.00012095103684279566,0.17212330292325584,0.10494207214925866,0.06718123077399718,0.5238095238095238,0.00022148058395918225,-0.06695705475502178,0.3520877224991248,-0.41904477725414657,0.48677248677248675,-0.00047118555604335166,0.18773275082615926,0.11460590393039016,0.0731268468957691,0.2340244528111981,0.13309608320939215,0.10092836960180596,0.5,0.005091436453368255,-0.12405765665879265,-0.08405612708809962,-0.09254201468428658,0.014506657071314821,-0.07577445067672661,7,3,8,4,11,4,1,6,6,3,False,False,5
2025-04-30,XLC,communication_services,SPY,-0.010471543704241415,-0.008670178174235654,-0.0018013655300057607,0.5714285714285714,-0.00019331671333950546,-0.06034680526250302,-0.07577445067672661,0.01542764541422359,0.5555555555555556,0.00023108208976945174,0.05637107905316796,-0.03619747839802334,0.0925685574511913,0.5238095238095238,0.0007161186655423974,0.20480734308125337,0.10494207214925866,0.09986527093199471,0.5238095238095238,0.00033969977247179703,0.5824868280121913,0.3520877224991248,0.23039910551306653,0.5251322751322751,0.00024110679208843428,0.21755704488921768,0.11460590393039016,0.10295114095882751,0.12319094951739529,0.13309608320939215,-0.009905133691996859,0.6666666666666666,0.00865942208884927,-0.06413018707196827,-0.08405612708809962,-0.09254201468428658,-0.06034680526250302,-0.07577445067672661,6,8,1,3,1,3,5,1,11,8,False,False,-7
2025-05-30,XLK,technology,SPY,0.0997285163607391,0.06284502035562056,0.03688349600511853,0.5714285714285714,0.0016725326182231517,0.02565264080707097,-0.005077570207007498,0.030730211014078468,0.5079365079365079,0.0006311936259379258,-0.008114810977077114,-0.007325661279396933,-0.0007891496976801804,0.49206349206349204,0.00010286069179302238,0.07597330618221854,0.12661440049870376,-0.050641094316485225,0.49603174603174605,-8.221874649037644e-05,0.7927894025492346,0.5633665715299305,0.22942283101930405,0.5158730158730159,0.0002495844684515011,-0.021600976809378447,0.05999875703585311,-0.08159973384523156,0.06945108946715206,0.0998090721675895,-0.030357982700437436,0.4166666666666667,-0.0015421658508408358,-0.1697240959236539,-0.08405612708809962,-0.03551279912525018,0.02565264080707097,-0.005077570207007498,1,3,6,8,2,9,8,6,1,3,False,False,3
2025-05-30,XLF,financials,SPY,0.04511902878032248,0.06284502035562056,-0.017725991575298083,0.42857142857142855,-0.0008123097089511496,-0.01983330140779238,-0.005077570207007498,-0.014755731200784883,0.5714285714285714,-0.00027415128958730415,0.005938351200826197,-0.007325661279396933,0.01326401248022313,0.5555555555555556,8.96844170508303e-05,0.25768180788924,0.12661440049870376,0.13106740739053624,0.5198412698412699,0.00043714387236837824,0.5870672172916576,0.5633665715299305,0.023700645761727035,0.503968253968254,2.5581225894026566e-05,0.20338619167329042,0.05999875703585311,0.1433874346374373,0.1417841403414728,0.0998090721675895,0.0419750681738833,0.5833333333333334,0.00830853072146225,-0.07437075564768714,-0.08405612708809962,-0.03551279912525018,-0.01983330140779238,-0.005077570207007498,5,7,4,1,5,1,4,3,10,7,False,False,-3
2025-05-30,XLI,industrials,SPY,0.08840131043701294,0.06284502035562056,0.025556290081392374,0.6190476190476191,0.0011346730431260094,0.05082330643303723,-0.005077570207007498,0.05590087664004473,0.5873015873015873,0.0008362598330207702,0.003062453773072571,-0.007325661279396933,0.010388115052469504,0.49206349206349204,6.701432676432828e-05,0.17897562101665443,0.12661440049870376,0.05236122051795067,0.49603174603174605,0.0001778426972213965,0.6459815452833488,0.5633665715299305,0.08261497375341831,0.4973544973544973,6.792735033084924e-05,0.08321775223081485,0.05999875703585311,0.023218995194961733,0.10872142984634503,0.0998090721675895,0.008912357678755534,0.6666666666666666,0.003380620507175839,-0.08354259421092669,-0.08405612708809962,-0.03551279912525018,0.05082330643303723,-0.005077570207007498,2,1,5,5,3,7,5,1,9,1,False,False,4
2025-05-30,XLE,energy,SPY,0.012795254032418324,0.06284502035562056,-0.05004976632320224,0.2857142857142857,-0.0022896276507449083,-0.09707828987832445,-0.005077570207007498,-0.09200071967131696,0.42857142857142855,-0.0014691872828860766,-0.13104152235776745,-0.007325661279396933,-0.12371586107837051,0.42063492063492064,-0.001002604349023517,-0.08774456959358057,0.12661440049870376,-0.21435897009228433,0.4365079365079365,-0.0007912923409728724,0.07883677950359025,0.5633665715299305,-0.4845297920263403,0.46825396825396826,-0.0004196502948625843,-0.09926964332198651,0.05999875703585311,-0.15926840035783962,-0.011610951832917271,0.0998090721675895,-0.11142002400050677,0.4166666666666667,-0.0168688549173046,-0.14341521657424383,-0.08405612708809962,-0.03551279912525018,-0.09707828987832445,-0.005077570207007498,8,10,11,11,9,11,11,6,3,10,False,False,1
2025-05-30,XLB,materials,SPY,0.02920486961946489,0.06284502035562056,-0.03364015073615567,0.5238095238095238,-0.0015380805462333839,-0.02262774986470162,-0.005077570207007498,-0.01755017965769412,0.5555555555555556,-0.00031553636126627427,-0.0826426885326127,-0.007325661279396933,-0.07531702725321576,0.5,-0.0006404607272671589,-0.0329582706857412,0.12661440049870376,-0.15957267118444496,0.47619047619047616,-0.000611738131321504,0.10163336821858149,0.5633665715299305,-0.46173320331134904,0.4880952380952381,-0.0004522563331299605,-0.06039918984078463,0.05999875703585311,-0.12039794687663774,0.04196204087449007,0.0998090721675895,-0.05784703129309943,0.4166666666666667,-0.012819390342679158,-0.14346146698984785,-0.08405612708809962,-0.03551279912525018,-0.02262774986470162,-0.005077570207007498,7,8,10,9,8,10,10,6,2,8,False,False,2
2025-05-30,XLY,consumer_discretionary,SPY,0.08384868064615758,0.06284502035562056,0.02100366029053702,0.47619047619047616,0.0009897978013784067,-0.007276771455521969,-0.005077570207007498,-0.0021992012485144707,0.4603174603174603,2.8446283517312233e-05,-0.025122444337561167,-0.007325661279396933,-0.017796783058164234,0.46825396825396826,-9.20542101234285e-05,0.23180295328404088,0.12661440049870376,0.10518855278533712,0.5,0.000402477311758699,0.5934149831560698,0.5633665715299305,0.03004841162613925,0.5145502645502645,7.928632569388499e-05,0.13650823706283188,0.05999875703585311,0.07650948002697877,0.151603171676719,0.0998090721675895,0.0517940995091295,0.6666666666666666,0.007216024879085237,-0.12660502413590247,-0.08405612708809962,-0.03551279912525018,-0.007276771455521969,-0.005077570207007498,3,6,7,3,4,5,2,1,5,6,False,False,1
2025-05-30,XLP,consumer_staples,SPY,0.012220520382327349,0.06284502035562056,-0.05062449997329321,0.47619047619047616,-0.0023507513758925687,0.002272018545394605,-0.005077570207007498,0.007349588752402103,0.4603174603174603,-3.1130999758643624e-05,0.019571940227553153,-0.007325661279396933,0.026897601506950086,0.49206349206349204,0.00013605742507922123,0.11089190206297261,0.12661440049870376,-0.015722498435731147,0.4603174603174603,-0.00010181001693842752,0.22380511527779334,0.5633665715299305,-0.3395614562521372,0.4695767195767196,-0.00035572239744475695,0.09748012384038196,0.05999875703585311,0.03748136680452885,0.07328096545107421,0.0998090721675895,-0.026528106716515287,0.4166666666666667,-0.0019012761614573548,-0.08359146833952624,-0.08405612708809962,-0.03551279912525018,0.002272018545394605,-0.005077570207007498,9,4,2,7,6,6,7,6,8,4,False,False,-2
2025-05-30,XLV,health_care,SPY,-0.055741523265050996,0.06284502035562056,-0.11858654362067156,0.47619047619047616,-0.005557762304658537,-0.10593460064808269,-0.005077570207007498,-0.10085703044107519,0.5079365079365079,-0.0017981518086961092,-0.08001886780977008,-0.007325661279396933,-0.07269320653037314,0.5158730158730159,-0.0006563003628502228,-0.05529552514599456,0.12661440049870376,-0.18190992564469832,0.4722222222222222,-0.0007300605940133942,0.060306337855389636,0.5633665715299305,-0.5030602336745409,0.4603174603174603,-0.0005367512817149524,0.0004723263068799888,0.05999875703585311,-0.05952643072897312,0.04947503747103443,0.0998090721675895,-0.05033403469655506,0.4166666666666667,-0.01454010256098287,-0.13006698149818807,-0.08405612708809962,-0.03551279912525018,-0.10593460064808269,-0.005077570207007498,11,11,9,10,11,8,9,6,4,11,False,False,-2
2025-05-30,XLU,utilities,SPY,0.03827614679731561,0.06284502035562056,-0.02456887355830495,0.47619047619047616,-0.0011209402039849415,0.04142181772215925,-0.005077570207007498,0.04649938792916675,0.5079365079365079,0.0005984823764803785,0.01942330454043284,-0.007325661279396933,0.026748965819829773,0.5,0.00015778448624497845,0.181910673492236,0.12661440049870376,0.055296272993532236,0.49206349206349204,0.00016872804571792883,0.21532224916681142,0.5633665715299305,-0.3480443223631191,0.4775132275132275,-0.0003286524525954335,0.1383394264984108,0.05999875703585311,0.07834066946255769,0.14205741442837772,0.0998090721675895,0.04224834226078822,0.5833333333333334,0.003057475152191791,-0.09694911694960762,-0.08405612708809962,-0.03551279912525018,0.04142181772215925,-0.005077570207007498,6,2,3,4,7,4,3,3,7,2,False,False,1
2025-05-30,XLRE,real_estate,SPY,0.010411738523490977,0.06284502035562056,-0.052433281832129586,0.47619047619047616,-0.0024165320462853517,-0.026718503077537203,-0.005077570207007498,-0.021640932870529705,0.5079365079365079,-0.00044944311766301865,-0.049938552819480786,-0.007325661279396933,-0.04261289154008385,0.49206349206349204,-0.00038812113282849566,0.16295617574998933,0.12661440049870376,0.03634177525128557,0.5277777777777778,0.00010963933324110843,0.06744486879009304,0.5633665715299305,-0.4959217027398375,0.48677248677248675,-0.00048547685090322834,0.15097255050640124,0.05999875703585311,0.09097379347054813,0.20737307180215647,0.0998090721675895,0.10756399963456698,0.4166666666666667,0.0009156260380693004,-0.12405765665879265,-0.08405612708809962,-0.03551279912525018,-0.026718503077537203,-0.005077570207007498,10,9,8,6,10,3,1,6,6,9,False,False,-1
2025-05-30,XLC,communication_services,SPY,0.0624475577362511,0.06284502035562056,-0.0003974626193694597,0.5238095238095238,-4.3776580404045594e-05,-0.0029401066716906454,-0.005077570207007498,0.0021374635353168525,0.5396825396825397,-5.326696348405247e-06,0.04707835735575516,-0.007325661279396933,0.054404018635152096,0.5158730158730159,0.0004062458161232228,0.2341364067316547,0.12661440049870376,0.10752200623295094,0.5238095238095238,0.000355201955186632,0.8399678836932907,0.5633665715299305,0.27660131216336015,0.5251322751322751,0.0002455670729740277,0.16159748097235016,0.05999875703585311,0.10159872393649705,0.0996112104976381,0.0998090721675895,-0.00019786166995139354,0.5833333333333334,0.007138929487864709,-0.06413018707196827,-0.08405612708809962,-0.03551279912525018,-0.0029401066716906454,-0.005077570207007498,4,5,1,2,1,2,6,3,11,5,False,False,-4
2025-06-30,XLK,technology,SPY,0.09506400989859665,0.05021011315046908,0.044853896748127564,0.6666666666666666,0.0020124201082927654,0.2290419690551917,0.11520798768472962,0.11383398137046208,0.5714285714285714,0.0016658133977473873,0.05639636938578385,0.0336613369273866,0.022735032458397253,0.5158730158730159,0.0002796738291874512,0.1269824780440758,0.14671655653365234,-0.019734078489576534,0.5079365079365079,2.760075712062301e-05,1.013944261669402,0.7051604610964393,0.30878380057296284,0.5198412698412699,0.0002867135202886408,0.029147582111144876,0.0918925100556105,-0.06274492794446562,0.03438644039624883,0.09500595741319318,-0.060619517016944346,0.4166666666666667,-0.001276761966210599,-0.1697240959236539,-0.10035386184188277,0.0,0.2290419690551917,0.11520798768472962,1,1,5,7,2,8,10,6,2,1,True,False,4
2025-06-30,XLF,financials,SPY,0.03342142199151965,0.05021011315046908,-0.01678869115894943,0.47619047619047616,-0.0007560751871009263,0.06786167291626644,0.11520798768472962,-0.04734631476846318,0.5079365079365079,-0.0007242277330360231,0.07655333497481398,0.0336613369273866,0.04289199804742738,0.5714285714285714,0.0003078719190400902,0.2958884653812137,0.14671655653365234,0.14917190884756137,0.5277777777777778,0.0004858559784383909,0.7703774753935031,0.7051604610964393,0.06521701429706384,0.5079365079365079,5.623734505720928e-05,0.2539787136247771,0.0918925100556105,0.1620862035691666,0.24119876935437645,0.09500595741319318,0.14619281194118328,0.5833333333333334,0.010257550041091154,-0.09139667622398984,-0.10035386184188277,0.0,0.06786167291626644,0.11520798768472962,5,5,4,1,4,1,1,3,10,5,False,False,-1
2025-06-30,XLI,industrials,SPY,0.03670577334448244,0.05021011315046908,-0.013504339805986643,0.5714285714285714,-0.0006153569721832474,0.13691132962889374,0.11520798768472962,0.021703341944164123,0.5873015873015873,0.000276672522744308,0.10631715693885702,0.0336613369273866,0.07265582001147042,0.5634920634920635,0.0005234390959128274,0.22980263523368682,0.14671655653365234,0.08308607870003448,0.503968253968254,0.0002738299591808416,0.8035153418471299,0.7051604610964393,0.09835488075069065,0.5,7.48675083682886e-05,0.1862600429688559,0.0918925100556105,0.0943675329132454,0.17604699444092042,0.09500595741319318,0.08104103702772725,0.6666666666666666,0.005801038551190685,-0.10113188060539646,-0.10035386184188277,0.0,0.13691132962889374,0.11520798768472962,4,2,1,3,3,3,4,1,7,2,False,False,-1
2025-06-30,XLE,energy,SPY,0.039386199428447455,0.05021011315046908,-0.010823913722021627,0.5238095238095238,-0.00043529478815749833,-0.07497659951103264,0.11520798768472962,-0.19018458719576226,0.38095238095238093,-0.002880244278177972,0.018038185479166913,0.0336613369273866,-0.015623151448219685,0.47619047619047616,-6.326364590311441e-05,-0.032926465334372046,0.14671655653365234,-0.1796430218680244,0.4523809523809524,-0.0006305617541398506,0.33400390742915653,0.7051604610964393,-0.37115655366728273,0.4708994708994709,-0.00025978020379083884,-0.06957246960040808,0.0918925100556105,-0.16146497965601858,0.08260610653034561,0.09500595741319318,-0.012399850882847563,0.4166666666666667,-0.013104184474661532,-0.14341521657424383,-0.10035386184188277,0.0,-0.07497659951103264,0.11520798768472962,3,11,9,10,6,10,7,6,4,11,False,False,-2
2025-06-30,XLB,materials,SPY,0.022324937604675466,0.05021011315046908,-0.027885175545793617,0.42857142857142855,-0.0012745875717903733,0.03771074948007214,0.11520798768472962,-0.07749723820465748,0.5238095238095238,-0.0011684324190078263,0.03680598198798557,0.0336613369273866,0.0031446450605989718,0.5317460317460317,9.596142139359088e-06,0.010704896596643643,0.14671655653365234,-0.1360116599370087,0.48412698412698413,-0.0005072200921807565,0.26906211204433195,0.7051604610964393,-0.4360983490521073,0.4933862433862434,-0.000380242312061421,-0.011366289308424538,0.0918925100556105,-0.10325879936403504,0.06682419843973131,0.09500595741319318,-0.028181758973461868,0.4166666666666667,-0.009830562266202178,-0.14346146698984785,-0.10035386184188277,0.0,0.03771074948007214,0.11520798768472962,7,7,6,9,8,9,8,6,3,7,False,False,-1
2025-06-30,XLY,consumer_discretionary,SPY,0.013127848509495,0.05021011315046908,-0.03708226464097408,0.47619047619047616,-0.0016699689167482626,0.10531933979962527,0.11520798768472962,-0.009888647885104351,0.47619047619047616,-9.452340997720807e-05,-0.06857349873301666,0.0336613369273866,-0.10223483566040326,0.4523809523809524,-0.0007782917756782797,0.19596856676170837,0.14671655653365234,0.04925201022805603,0.503968253968254,0.00021753726964541932,0.5763037441996914,0.7051604610964393,-0.12885671689674782,0.5105820105820106,-5.3937545354074e-05,0.18047151553597818,0.0918925100556105,0.08857900548036768,0.19211251647395455,0.09500595741319318,0.09710655906076138,0.5833333333333334,0.00434219206849402,-0.1940650089178969,-0.10035386184188277,0.0,0.10531933979962527,0.11520798768472962,9,4,11,5,5,5,2,3,1,4,False,False,7
2025-06-30,XLP,consumer_staples,SPY,-0.007119223869104574,0.05021011315046908,-0.057329337019573656,0.2857142857142857,-0.0026715506611900168,0.01387179314105036,0.11520798768472962,-0.10133619454367926,0.4126984126984127,-0.0016477280262296296,0.03168788984229054,0.0336613369273866,-0.0019734470850960584,0.47619047619047616,-8.789346862789426e-05,0.07466632950090113,0.14671655653365234,-0.07205022703275121,0.4444444444444444,-0.00030413628138487774,0.2271778446835222,0.7051604610964393,-0.47798261641291706,0.4656084656084656,-0.0004642678302987806,0.08237197792136897,0.0918925100556105,-0.009520532134241533,0.06504704887073909,0.09500595741319318,-0.029958908542454088,0.4166666666666667,-0.004193419245519035,-0.08359146833952624,-0.10035386184188277,0.0,0.01387179314105036,0.11520798768472962,11,8,7,8,9,7,9,6,11,8,False,False,-1
2025-06-30,XLV,health_care,SPY,0.023220473171281064,0.05021011315046908,-0.026989639979188018,0.47619047619047616,-0.0012405650878704309,-0.06287397218090673,0.11520798768472962,-0.17808195986563635,0.47619047619047616,-0.0028438020378562887,-0.024135582969874503,0.0336613369273866,-0.0577969198972611,0.5238095238095238,-0.0005082723729890762,-0.06178633454937554,0.14671655653365234,-0.20850289108302789,0.46825396825396826,-0.0008276030749114024,0.1138830645568949,0.7051604610964393,-0.5912773965395444,0.458994708994709,-0.0005848599629111245,-0.0830777041209837,0.0918925100556105,-0.1749702141765942,-0.009666071120570385,0.09500595741319318,-0.10467202853376356,0.4166666666666667,-0.015572087879292937,-0.13006698149818807,-0.10035386184188277,0.0,-0.06287397218090673,0.11520798768472962,6,10,10,11,11,11,11,6,5,10,False,False,0
2025-06-30,XLU,utilities,SPY,0.014021262273619772,0.05021011315046908,-0.03618885087684931,0.47619047619047616,-0.0016612336206083531,0.05446231347904429,0.11520798768472962,-0.06074567420568533,0.5079365079365079,-0.0010029761075625702,0.08277422379688626,0.0336613369273866,0.04911288686949966,0.5079365079365079,0.00031347688408303115,0.2220158000996344,0.14671655653365234,0.07529924356598205,0.503968253968254,0.00022889757617335104,0.3211662846530605,0.7051604610964393,-0.38399417644337874,0.4801587301587302,-0.000332183844628626,0.20511851729780606,0.0918925100556105,0.11322600724219556,0.19206178934603346,0.09500595741319318,0.09705583193284029,0.5833333333333334,0.006582907124236824,-0.09694911694960762,-0.10035386184188277,0.0,0.05446231347904429,0.11520798768472962,8,6,3,4,7,2,3,3,9,6,False,False,-3
2025-06-30,XLRE,real_estate,SPY,0.002510970688101244,0.05021011315046908,-0.04769914246236784,0.5238095238095238,-0.0022056012249699383,0.009289508702320592,0.11520798768472962,-0.10591847898240903,0.5079365079365079,-0.001676655689984546,0.030683414255056718,0.0336613369273866,-0.00297792267232988,0.5396825396825397,-6.739835573712828e-05,0.13380672460039844,0.14671655653365234,-0.012909831933253901,0.5238095238095238,-6.211887011741848e-05,0.12484036812296906,0.7051604610964393,-0.5803200929734702,0.48677248677248675,-0.0005314198450894573,0.13096689986562304,0.0918925100556105,0.039074389810012544,0.17582218753867052,0.09500595741319318,0.08081623012547734,0.4166666666666667,-0.0017816281409240298,-0.12405765665879265,-0.10035386184188277,0.0,0.009289508702320592,0.11520798768472962,10,9,8,6,10,6,5,6,6,9,False,False,-1
2025-06-30,XLC,communication_services,SPY,0.07737585771244881,0.05021011315046908,0.027165744561979732,0.6666666666666666,0.0012348692470997014,0.13634223771600884,0.11520798768472962,0.021134250031279223,0.5873015873015873,0.000259977401874415,0.1002863629609474,0.0336613369273866,0.0666250260335608,0.5555555555555556,0.0004777937056728206,0.2765367373542347,0.14671655653365234,0.12982018082058233,0.5277777777777778,0.0004201668787860814,1.039373059288906,0.7051604610964393,0.33421259819246685,0.5264550264550265,0.0002661203657961016,0.18485738121574058,0.0918925100556105,0.09296487116013008,0.13045649187847963,0.09500595741319318,0.035450534465286454,0.6666666666666666,0.009145818410178336,-0.09942073756841185,-0.10035386184188277,0.0,0.13634223771600884,0.11520798768472962,2,3,2,2,1,4,6,1,8,3,False,False,-1
2025-07-31,XLK,technology,SPY,0.04689807614832198,0.023362844551425788,0.02353523159689619,0.5238095238095238,0.0010945560316033766,0.2533953769687105,0.1431974967929477,0.11019788017576282,0.5873015873015873,0.0014882286758560155,0.13764360788406593,0.05657233445845322,0.08107127342561271,0.5317460317460317,0.0006773229651361047,0.22860779536931153,0.1747425621824965,0.05386523318681502,0.5158730158730159,0.00026715792769498324,1.006704705034147,0.6871764445168089,0.3195282605173382,0.5198412698412699,0.0002949172410614118,0.1735696371604043,0.14792379695730062,0.025645840203103676,0.12166729201487181,0.11097481150277733,0.010692480512094482,0.5,0.0036073995235682645,-0.2565631100651936,-0.18755225912218987,-0.007879275397585705,0.2533953769687105,0.1431974967929477,1,1,1,3,2,6,4,4,2,1,False,False,0
2025-07-31,XLF,financials,SPY,-0.005507098278121014,0.023362844551425788,-0.028869942829546802,0.38095238095238093,-0.0013430139523461504,0.07771699885644168,0.1431974967929477,-0.06548049793650601,0.42857142857142855,-0.0009295234927606691,0.02847791816893075,0.05657233445845322,-0.028094416289522472,0.5317460317460317,-0.00022670407090405684,0.22623657851989698,0.1747425621824965,0.05149401633740047,0.5158730158730159,0.00017252859562683605,0.6990177211766964,0.6871764445168089,0.011841276659887434,0.5052910052910053,1.557649864143262e-05,0.23302697927433558,0.14792379695730062,0.08510318231703495,0.1418294129935811,0.11097481150277733,0.030854601490803768,0.5,0.004111002016689476,-0.1554027357384502,-0.18755225912218987,-0.007879275397585705,0.07771699885644168,0.1431974967929477,7,7,5,4,4,2,3,4,8,7,False,False,-2
2025-07-31,XLI,industrials,SPY,0.027025218791036698,0.023362844551425788,0.0036623742396109105,0.5714285714285714,0.00018441331911065028,0.1619620022545052,0.1431974967929477,0.0187645054615575,0.5873015873015873,0.0002646678405395081,0.10995730023417827,0.05657233445845322,0.053384965775725046,0.5555555555555556,0.0003779053451315294,0.22310947836030892,0.1747425621824965,0.048366916177812413,0.5158730158730159,0.00015586478783830325,0.7644493727702126,0.6871764445168089,0.0772729282534037,0.5,6.0197617559986764e-05,0.190924483626695,0.14792379695730062,0.04300068666939438,0.07371232276992812,0.11097481150277733,-0.03726248873284921,0.6666666666666666,0.0033543307577274897,-0.18490698891789792,-0.18755225912218987,-0.007879275397585705,0.1619620022545052,0.1431974967929477,3,2,3,5,3,3,6,1,5,2,False,False,1
2025-07-31,XLE,energy,SPY,0.02047747973583225,0.023362844551425788,-0.0028853648155935385,0.47619047619047616,-8.142680051555151e-05,0.09216719708088661,0.1431974967929477,-0.05103029971206108,0.4444444444444444,-0.0006855514844610562,-0.01220558768265223,0.05657233445845322,-0.06877792214110545,0.47619047619047616,-0.0004690903794010274,-0.014372705784957085,0.1747425621824965,-0.1891152679674536,0.4642857142857143,-0.0006469192575454746,0.32614790295011775,0.6871764445168089,-0.3610285415666912,0.46825396825396826,-0.00025710601535945817,-0.03415086193750283,0.14792379695730062,-0.18207465889480345,-0.05925906977705142,0.11097481150277733,-0.17023388127982875,0.4166666666666667,-0.013538970317837296,-0.2013728737282422,-0.18755225912218987,-0.007879275397585705,0.09216719708088661,0.1431974967929477,4,6,9,9,7,10,10,7,4,6,False,False,3
2025-07-31,XLB,materials,SPY,-0.026087938139489175,0.023362844551425788,-0.04945078269091496,0.42857142857142855,-0.002312660632297942,0.05110143906061193,0.1431974967929477,-0.09209605773233576,0.4603174603174603,-0.0013125617595670183,-3.131159188041188e-05,0.05657233445845322,-0.056603646050333634,0.5,-0.00044108935344802164,-0.022223461193421556,0.1747425621824965,-0.19696602337591806,0.4722222222222222,-0.0007302360238177459,0.24554875100439522,0.6871764445168089,-0.4416276935124137,0.49206349206349204,-0.00038980514575444374,0.0039679937207937055,0.14792379695730062,-0.14395580323650692,-0.057508684443951186,0.11097481150277733,-0.1684834959467285,0.3333333333333333,-0.014354798302370362,-0.23165832611802162,-0.18755225912218987,-0.007879275397585705,0.05110143906061193,0.1431974967929477,9,8,8,10,8,9,9,8,3,8,False,False,0
2025-07-31,XLY,consumer_discretionary,SPY,0.014523861673903404,0.023362844551425788,-0.008838982877522383,0.42857142857142855,-0.0003880787026992434,0.12491528751823444,0.1431974967929477,-0.018282209274713246,0.47619047619047616,-0.0002143857402671636,-0.036496115904973925,0.05657233445845322,-0.09306845036342715,0.4603174603174603,-0.0006835488831846959,0.20323845174689303,0.1747425621824965,0.028495889564396526,0.5,0.00014262310742382912,0.5315149292239418,0.6871764445168089,-0.1556615152928671,0.5052910052910053,-8.082488201565634e-05,0.18601296352125418,0.14792379695730062,0.03808916656395356,0.26319942719324696,0.11097481150277733,0.15222461569046963,0.5,0.0027021517461446507,-0.26007403510092997,-0.18755225912218987,-0.007879275397585705,0.12491528751823444,0.1431974967929477,5,4,10,6,5,4,1,4,1,4,False,False,6
2025-07-31,XLP,consumer_staples,SPY,-0.026835862842346292,0.023362844551425788,-0.05019870739377208,0.2857142857142857,-0.00238566324938624,-0.018363944439308333,0.1431974967929477,-0.16156144123225602,0.3492063492063492,-0.002423129616690508,0.022834400985409786,0.05657233445845322,-0.033737933473043435,0.4444444444444444,-0.00032794885817594946,0.04174577728859141,0.1747425621824965,-0.1329967848939051,0.4365079365079365,-0.0005210049546040197,0.17717963502052392,0.6871764445168089,-0.509996809496285,0.458994708994709,-0.0005033221954029001,0.07047283958823836,0.14792379695730062,-0.07745095736906227,0.028035536785086634,0.11097481150277733,-0.08293927471769069,0.3333333333333333,-0.007635140062076422,-0.08359146833952624,-0.18755225912218987,-0.007879275397585705,-0.018363944439308333,0.1431974967929477,10,10,7,8,9,7,7,8,11,10,False,False,-3
2025-07-31,XLV,health_care,SPY,-0.04593689324372763,0.023362844551425788,-0.06929973779515342,0.2857142857142857,-0.00328329212946006,-0.06704190426970913,0.1431974967929477,-0.21023940106265682,0.4126984126984127,-0.0031806324447897745,-0.09680297351231304,0.05657233445845322,-0.15337530797076626,0.47619047619047616,-0.0012865333527458923,-0.11597319746509327,0.1747425621824965,-0.2907157596475898,0.4523809523809524,-0.0011541579846428157,0.04424672316565004,0.6871764445168089,-0.6429297213511589,0.45105820105820105,-0.0006540841489036908,-0.07340846085064823,0.14792379695730062,-0.22133225780794885,-0.0619455023573956,0.11097481150277733,-0.17292031386017293,0.3333333333333333,-0.021277925681596088,-0.1466289003240715,-0.18755225912218987,-0.007879275397585705,-0.06704190426970913,0.1431974967929477,11,11,11,11,11,11,11,8,9,11,False,False,0
2025-07-31,XLU,utilities,SPY,0.04552111638633116,0.023362844551425788,0.022158271834905374,0.5238095238095238,0.001043400136875343,0.09334359004346338,0.1431974967929477,-0.04985390674948431,0.49206349206349204,-0.0007002527236498226,0.13209657485331983,0.05657233445845322,0.0755242403948666,0.5158730158730159,0.0004914415531594863,0.2336052077210795,0.1747425621824965,0.058862645538583,0.5079365079365079,0.00017181909278955501,0.3294022122914466,0.6871764445168089,-0.3577742322253623,0.47883597883597884,-0.0003090700689371162,0.17989506705022795,0.14792379695730062,0.03197127009292733,0.0834164965389963,0.11097481150277733,-0.027558314963781028,0.5833333333333334,0.004085065336173634,-0.10504521468134465,-0.18755225912218987,-0.007879275397585705,0.09334359004346338,0.1431974967929477,2,5,2,2,6,5,5,3,10,5,False,False,-3
2025-07-31,XLRE,real_estate,SPY,-0.006954469244927375,0.023362844551425788,-0.030317313796353162,0.38095238095238093,-0.0013972669089606978,0.011733623300173468,0.1431974967929477,-0.13146387349277422,0.4603174603174603,-0.00192701101923281,0.026410496020907726,0.05657233445845322,-0.030161838437545496,0.5,-0.00027401435888511704,0.044210994883606025,0.1747425621824965,-0.13053156729889048,0.5119047619047619,-0.00048262415829204643,0.08608390798239474,0.6871764445168089,-0.6010925365344142,0.48544973544973546,-0.0005620616274274459,0.05152378470464414,0.14792379695730062,-0.09640001225265649,0.014859187528228901,0.11097481150277733,-0.09611562397454843,0.3333333333333333,-0.008639647489811941,-0.16570091588517888,-0.18755225912218987,-0.007879275397585705,0.011733623300173468,0.1431974967929477,8,9,6,7,10,8,8,8,7,9,False,False,-3
2025-07-31,XLC,communication_services,SPY,-0.0032478431207257907,0.023362844551425788,-0.02661068767215158,0.2857142857142857,-0.0012416036150098432,0.12815071818069845,0.1431974967929477,-0.015046778612249234,0.47619047619047616,-0.0002080903736584951,0.060070426483894934,0.05657233445845322,0.0034980920254417125,0.5158730158730159,1.1495858055478337e-05,0.2861051470032079,0.1747425621824965,0.11136258482071137,0.5119047619047619,0.0003531881841312044,1.0246024696264002,0.6871764445168089,0.3374260251095913,0.5211640211640212,0.00026777459451670217,0.29029582542351084,0.14792379695730062,0.14237202846621022,0.17952205570154534,0.11097481150277733,0.06854724419876801,0.6666666666666666,0.007301156971300478,-0.1797083960271959,-0.18755225912218987,-0.007879275397585705,0.12815071818069845,0.1431974967929477,6,3,4,1,1,1,2,1,6,3,False,False,1
2025-08-29,XLK,technology,SPY,-0.0011038589473302274,0.02051934499471919,-0.021623203942049418,0.5238095238095238,-0.0009894911732685038,0.1384735292765742,0.09767194490537001,0.04080158437120418,0.5714285714285714,0.0006008874120254637,0.16767838179146444,0.09209843854085054,0.0755799432506139,0.5396825396825397,0.0006160405189816947,0.18770201662542507,0.16298182691016416,0.02472018971526091,0.5119047619047619,0.00016038852599024195,0.8712659530822069,0.6269804309767957,0.2442855221054112,0.5211640211640212,0.00024951361740083974,0.18901452094287352,0.13959802194262405,0.04941649900024947,0.04515554142158251,0.07858022094315542,-0.03342467952157291,0.5,0.0031749674039048825,-0.2565631100651936,-0.18755225912218987,-0.005963766656904346,0.1384735292765742,0.09767194490537001,10,1,1,5,2,4,5,4,2,1,False,False,0
2025-08-29,XLF,financials,SPY,0.030933904594547146,0.02051934499471919,0.010414559599827955,0.6190476190476191,0.0004898547109337258,0.06308943104367248,0.09767194490537001,-0.03458251386169753,0.49206349206349204,-0.0004954686861323774,0.04200485793434483,0.09209843854085054,-0.050093580606505705,0.5317460317460317,-0.00038480998785984076,0.22325285523110905,0.16298182691016416,0.060271028320944886,0.5317460317460317,0.00020395935888685985,0.6630494898217318,0.6269804309767957,0.036069058844936164,0.5119047619047619,3.5433555079771445e-05,0.18654828382251942,0.13959802194262405,0.04695026187989537,0.15369349488320783,0.07858022094315542,0.0751132739400524,0.5,0.003140713663449516,-0.1554027357384502,-0.18755225912218987,-0.005963766656904346,0.06308943104367248,0.09767194490537001,6,7,7,3,3,5,3,4,9,7,False,False,0
2025-08-29,XLI,industrials,SPY,0.0,0.02051934499471919,-0.02051934499471919,0.42857142857142855,-0.0009675945084549028,0.06758600078123411,0.09767194490537001,-0.0300859441241359,0.5238095238095238,-0.00043608800998746263,0.12184425124255949,0.09209843854085054,0.02974581270170895,0.5555555555555556,0.0002000859115166538,0.19338834991734855,0.16298182691016416,0.030406523007184383,0.5198412698412699,9.964718898585462e-05,0.6364516475611237,0.6269804309767957,0.009471216584328035,0.49206349206349204,8.684521841027899e-06,0.19338834991734855,0.13959802194262405,0.053790327974724494,0.07516599932769297,0.07858022094315542,-0.003414221615462454,0.5833333333333334,0.0012887144269171369,-0.18490698891789792,-0.18755225912218987,-0.005963766656904346,0.06758600078123411,0.09767194490537001,9,6,2,4,4,3,4,2,5,6,False,False,-4
2025-08-29,XLE,energy,SPY,0.0364637629184803,0.02051934499471919,0.01594441792376111,0.5238095238095238,0.0007465077057309784,0.1176905878217629,0.09767194490537001,0.02001864291639288,0.5238095238095238,0.00032649363436423927,0.009187096942926853,0.09209843854085054,-0.08291134159792368,0.47619047619047616,-0.0005713468242609187,0.03343908976780474,0.16298182691016416,-0.12954273714235942,0.47619047619047616,-0.0004200396071620287,0.20777211649736405,0.6269804309767957,-0.41920831447943163,0.4669312169312169,-0.0003370277368390196,-0.0029182623251184925,0.13959802194262405,-0.14251628426774254,0.00940208330977077,0.07858022094315542,-0.06917813763338465,0.5,-0.00864820150299365,-0.2013728737282422,-0.18755225912218987,-0.005963766656904346,0.1176905878217629,0.09767194490537001,5,2,8,7,8,7,7,4,4,2,True,False,6
2025-08-29,XLB,materials,SPY,0.051863671820757684,0.02051934499471919,0.03134432682603849,0.5714285714285714,0.0014527030327718272,0.07424231247095103,0.09767194490537001,-0.02342963243441898,0.47619047619047616,-0.0003156338998986145,0.04993462613027977,0.09209843854085054,-0.04216381241057077,0.5158730158730159,-0.0003155851305824444,0.010159070899239842,0.16298182691016416,-0.15282275601092432,0.49206349206349204,-0.0005579004040947622,0.24385107426846986,0.6269804309767957,-0.3831293567083258,0.4933862433862434,-0.00034332800928935857,-0.03964829477315046,0.13959802194262405,-0.1792463167157745,-0.03961822369092116,0.07858022094315542,-0.11819844463407658,0.4166666666666667,-0.011783878796452207,-0.23165832611802162,-0.18755225912218987,-0.005963766656904346,0.07424231247095103,0.09767194490537001,2,5,6,8,6,10,9,8,3,5,False,False,1
2025-08-29,XLY,consumer_discretionary,SPY,0.0465609571084189,0.02051934499471919,0.026041612113699708,0.47619047619047616,0.0012356988981963076,0.08621474657247319,0.09767194490537001,-0.011457198332896823,0.47619047619047616,-0.00013241870799452995,0.0783106101100477,0.09209843854085054,-0.01378782843080284,0.46825396825396826,-5.198621223860886e-05,0.2575015339204869,0.16298182691016416,0.09451970701032275,0.503968253968254,0.0003537040826340919,0.450787835927132,0.6269804309767957,-0.17619259504966367,0.5013227513227513,-0.00010635018560912807,0.2015559393643762,0.13959802194262405,0.06195791742175216,0.24706911845294877,0.07858022094315542,0.16848889750979335,0.5833333333333334,0.006892036257250341,-0.26007403510092997,-0.18755225912218987,-0.005963766656904346,0.08621474657247319,0.09767194490537001,3,4,5,2,5,2,1,2,1,4,False,False,1
2025-08-29,XLP,consumer_staples,SPY,0.012534412478042656,0.02051934499471919,-0.007984932516676535,0.47619047619047616,-0.0003764362491201939,-0.018059536662045295,0.09767194490537001,-0.1157314815674153,0.3492063492063492,-0.00176502457443305,-0.015828549718868046,0.09209843854085054,-0.10792698825971858,0.40476190476190477,-0.0008980777870958468,0.0024590968365243437,0.16298182691016416,-0.16052273007363982,0.43253968253968256,-0.0006295037631368028,0.15115285648055354,0.6269804309767957,-0.47582757449624213,0.458994708994709,-0.00048385258728676165,-0.00995059083163452,0.13959802194262405,-0.14954861277425857,-0.03205307895927123,0.07858022094315542,-0.11063329990242665,0.25,-0.011258815454806744,-0.08359146833952624,-0.18755225912218987,-0.005963766656904346,-0.018059536662045295,0.09767194490537001,8,11,10,10,9,8,8,11,11,11,False,False,-1
2025-08-29,XLV,health_care,SPY,0.05366864637096369,0.02051934499471919,0.0331493013762445,0.5714285714285714,0.0015366146083306182,0.041058902905566574,0.09767194490537001,-0.05661304199980344,0.4444444444444444,-0.0008158401404600561,-0.06922525622486564,0.09209843854085054,-0.16132369476571617,0.47619047619047616,-0.0013069959745780825,-0.10181049560039312,0.16298182691016416,-0.2647923225105573,0.4603174603174603,-0.0010470440364714353,0.11447798447800905,0.6269804309767957,-0.5125024464987866,0.45634920634920634,-0.0005183958444317044,-0.1475598068774815,0.13959802194262405,-0.28715782882010554,-0.056196856141731866,0.07858022094315542,-0.1347770770848873,0.3333333333333333,-0.020788046331040016,-0.17109009994304814,-0.18755225912218987,-0.005963766656904346,0.041058902905566574,0.09767194490537001,1,8,11,11,10,11,11,9,7,8,False,False,3
2025-08-29,XLU,utilities,SPY,-0.015758318596295062,0.02051934499471919,-0.03627766359101425,0.2857142857142857,-0.0017242820036681692,0.03644327834723171,0.09767194490537001,-0.0612286665581383,0.42857142857142855,-0.0009013666568775652,0.0793746429022879,0.09209843854085054,-0.01272379563856263,0.46825396825396826,-0.00015144214019859335,0.1525789518071079,0.16298182691016416,-0.010402875103056264,0.49206349206349204,-5.467291852960631e-05,0.21085854417667615,0.6269804309767957,-0.4161218868001195,0.4708994708994709,-0.0003841465133014999,0.17103245430870584,0.13959802194262405,0.03143443236608179,0.03439271906677277,0.07858022094315542,-0.04418750187638265,0.5,-0.0008900778071616507,-0.10504521468134465,-0.18755225912218987,-0.005963766656904346,0.03644327834723171,0.09767194490537001,11,9,4,6,7,6,6,4,10,9,False,False,-5
2025-08-29,XLRE,real_estate,SPY,0.02173381159596599,0.02051934499471919,0.0012144666012467997,0.5238095238095238,5.7290143478671586e-05,0.023070508627360597,0.09767194490537001,-0.07460143627800941,0.47619047619047616,-0.001102403622644802,-0.004264403905936964,0.09209843854085054,-0.0963628424467875,0.49206349206349204,-0.0007759233701539104,0.006501168885079123,0.16298182691016416,-0.15648065802508504,0.5079365079365079,-0.0005868272835118534,0.08260436151028783,0.6269804309767957,-0.5443760694665079,0.48544973544973546,-0.000518493009801515,-0.014908621539198474,0.13959802194262405,-0.15450664348182253,-0.04025593826279872,0.07858022094315542,-0.11883615920595414,0.3333333333333333,-0.011303393273533116,-0.16570091588517888,-0.18755225912218987,-0.005963766656904346,0.023070508627360597,0.09767194490537001,7,10,9,9,11,9,10,9,8,10,False,False,-1
2025-08-29,XLC,communication_services,SPY,0.03705405097648873,0.02051934499471919,0.016534705981769537,0.5238095238095238,0.0007711030839440929,0.10118684341854856,0.09767194490537001,0.0035148985131785437,0.47619047619047616,6.353618112421775e-05,0.0979492366334358,0.09209843854085054,0.005850798092585263,0.5079365079365079,2.9104742387906254e-05,0.2871170788156927,0.16298182691016416,0.12413525190552854,0.503968253968254,0.0003981653099893844,1.0541660603874146,0.6269804309767957,0.4271856294106189,0.5211640211640212,0.00033340936060324226,0.24112824939427702,0.13959802194262405,0.10153022745165297,0.17079791906932584,0.07858022094315542,0.09221769812617042,0.75,0.009101780790129613,-0.1797083960271959,-0.18755225912218987,-0.005963766656904346,0.10118684341854856,0.09767194490537001,4,3,3,1,1,1,2,1,6,3,False,False,0
2025-09-30,XLK,technology,SPY,0.07533728133061635,0.03562036554306092,0.03971691578755543,0.5238095238095238,0.001815702059245115,0.12452584136998257,0.08156212104564076,0.042963720324341814,0.5238095238095238,0.0006402556391933293,0.36909138004979547,0.19773643195203472,0.17135494809776075,0.5476190476190477,0.0011342013843688794,0.24835111209802152,0.17819143335574816,0.07015967874227336,0.5198412698412699,0.00029905234446605253,1.3309114034315592,0.8865476353018471,0.4443637681297121,0.5238095238095238,0.0003433437667051245,0.16089261831722101,0.13766730797914128,0.02322531033807973,-0.005811329198227133,0.04172597252238086,-0.047537301720607994,0.5,0.0059235286597398296,-0.2565631100651936,-0.18755225912218987,-0.0009900179435547996,0.12452584136998257,0.08156212104564076,1,1,1,2,2,4,8,3,2,1,False,False,0
2025-09-30,XLF,financials,SPY,0.001061873137878866,0.03562036554306092,-0.03455849240518205,0.47619047619047616,-0.0016018753958709617,0.026345142547669953,0.08156212104564076,-0.0552169784979708,0.49206349206349204,-0.0008183448790944621,0.08878864415075882,0.19773643195203472,-0.1089477878012759,0.5,-0.0007682607054699121,0.2141640699234253,0.17819143335574816,0.03597263656767713,0.5317460317460317,0.0001242697149422135,0.8257141476375254,0.8865476353018471,-0.06083348766432173,0.5092592592592593,-3.626856593229876e-05,0.2128761493208875,0.13766730797914128,0.07520884134174621,0.1639832003521322,0.04172597252238086,0.12225722782975135,0.5,0.0025304286365688267,-0.1554027357384502,-0.18755225912218987,-0.0009900179435547996,0.026345142547669953,0.08156212104564076,8,7,6,3,4,2,1,3,9,7,False,False,-1
2025-09-30,XLI,industrials,SPY,0.018796088371414443,0.03562036554306092,-0.016824277171646473,0.38095238095238093,-0.0007692038102354648,0.0463292755631044,0.08156212104564076,-0.03523284548253636,0.4603174603174603,-0.0005174616665265724,0.1851568455652175,0.19773643195203472,-0.01257958638681722,0.5238095238095238,-9.429409408833154e-05,0.16309977289399713,0.17819143335574816,-0.015091660461751033,0.49603174603174605,-5.365158812412195e-05,0.9081094911137757,0.8865476353018471,0.0215618558119286,0.49206349206349204,1.6345390441503703e-05,0.1416413806154848,0.13766730797914128,0.003974072636343529,0.017646949967428993,0.04172597252238086,-0.024079022554951868,0.5,-0.0010947611575259086,-0.18490698891789792,-0.18755225912218987,-0.0009900179435547996,0.0463292755631044,0.08156212104564076,5,6,4,5,3,5,5,3,5,6,False,False,-2
2025-09-30,XLE,energy,SPY,-0.003182101295271522,0.03562036554306092,-0.03880246683833244,0.42857142857142855,-0.0017613847649118066,0.05432225849291128,0.08156212104564076,-0.027239862552729477,0.47619047619047616,-0.00036543461989879325,-0.027979160041236018,0.19773643195203472,-0.22571559199327074,0.42857142857142855,-0.001593751588860185,0.08030174259556055,0.17819143335574816,-0.09788969076018761,0.4801587301587302,-0.0002941870481664184,0.4055441287050865,0.8865476353018471,-0.4810035065967606,0.4656084656084656,-0.0003347451361548924,0.08375034597523934,0.13766730797914128,-0.05391696200390195,0.0738844652871431,0.04172597252238086,0.032158492764762237,0.5,-0.00759279686538103,-0.2013728737282422,-0.18755225912218987,-0.0009900179435547996,0.05432225849291128,0.08156212104564076,9,5,10,7,6,6,4,3,4,5,False,False,5
2025-09-30,XLB,materials,SPY,-0.02421655144278212,0.03562036554306092,-0.059836916985843036,0.3333333333333333,-0.0028080723736471185,-0.00038526801641303177,0.08156212104564076,-0.08194738906205379,0.4444444444444444,-0.0012226766577244112,0.05261666058776715,0.19773643195203472,-0.14511977136426757,0.48412698412698413,-0.001021326289178983,-0.05850593468044929,0.17819143335574816,-0.23669736803619745,0.47619047619047616,-0.0008881781142038333,0.39068078974290743,0.8865476353018471,-0.4958668455589397,0.49206349206349204,-0.00039173752545782923,-0.03514036161237122,0.13766730797914128,-0.1728076695915125,-0.08102884277301148,0.04172597252238086,-0.12275481529539234,0.3333333333333333,-0.017074807873138576,-0.23165832611802162,-0.18755225912218987,-0.0009900179435547996,-0.00038526801641303177,0.08156212104564076,11,10,7,10,7,10,11,8,3,10,False,False,-3
2025-09-30,XLY,consumer_discretionary,SPY,0.03591389671841072,0.03562036554306092,0.0002935311753498038,0.47619047619047616,4.343738175928094e-05,0.09989304086350237,0.08156212104564076,0.018330919817861613,0.4603174603174603,0.00029701919241878174,0.21833831994610176,0.19773643195203472,0.020601887994067036,0.47619047619047616,0.00017413493416732766,0.20520821195869243,0.17819143335574816,0.02701677860294427,0.48412698412698413,0.0001337525444355577,0.6802296188167569,0.8865476353018471,-0.20631801648509018,0.5,-0.00010927148078334259,0.16342508366436226,0.13766730797914128,0.025757775685220974,0.07893316893694324,0.04172597252238086,0.03720719641456238,0.5833333333333334,0.0026702483504051724,-0.26007403510092997,-0.18755225912218987,-0.0009900179435547996,0.09989304086350237,0.08156212104564076,4,3,3,4,5,3,3,2,1,3,False,False,0
2025-09-30,XLP,consumer_staples,SPY,-0.023176657479521356,0.03562036554306092,-0.05879702302258227,0.2857142857142857,-0.002776847821782399,-0.03747522382794799,0.08156212104564076,-0.11903734487358875,0.3492063492063492,-0.001846315773429611,-0.027193837865461257,0.19773643195203472,-0.22493026981749598,0.38095238095238093,-0.0017165419662488524,-0.028889206190093164,0.17819143335574816,-0.20708063954584133,0.4246031746031746,-0.0008048665840111258,0.22364421408625024,0.8865476353018471,-0.6629034212155969,0.45105820105820105,-0.0005971132348135727,-0.005848087839334215,0.13766730797914128,-0.1435153958184755,0.010140978867739792,0.04172597252238086,-0.03158499365464107,0.25,-0.015196674202248092,-0.08359146833952624,-0.18755225912218987,-0.0009900179435547996,-0.03747522382794799,0.08156212104564076,10,11,9,9,10,8,6,10,11,11,False,False,-2
2025-09-30,XLV,health_care,SPY,0.017292314021836397,0.03562036554306092,-0.01832805152122452,0.47619047619047616,-0.0008219190464247916,0.022649764205791678,0.08156212104564076,-0.05891235683984908,0.4444444444444444,-0.0008561988558514112,-0.03791606023027405,0.19773643195203472,-0.23565249218230877,0.4603174603174603,-0.0017629305041143043,-0.07474962028674415,0.17819143335574816,-0.2529410536424923,0.46825396825396826,-0.0009767161920177343,0.19163208628775896,0.8865476353018471,-0.6949155490140881,0.4537037037037037,-0.0006238124219699684,-0.0904773711940231,0.13766730797914128,-0.2281446791731644,-0.022832715553669725,0.04172597252238086,-0.06455868807605059,0.3333333333333333,-0.01919565917359058,-0.17109009994304814,-0.18755225912218987,-0.0009900179435547996,0.022649764205791678,0.08156212104564076,6,8,11,11,11,11,10,8,7,8,False,False,3
2025-09-30,XLU,utilities,SPY,0.041236347474241875,0.03562036554306092,0.005615981931180958,0.5238095238095238,0.00028096481112849236,0.07147953775381688,0.08156212104564076,-0.010082583291823877,0.4444444444444444,-0.00013330568522144462,0.12120003353367803,0.19773643195203472,-0.07653639841835669,0.47619047619047616,-0.0005736291844227184,0.12736055951478664,0.17819143335574816,-0.05083087384096152,0.49206349206349204,-0.0001923064638026441,0.3336308074730929,0.8865476353018471,-0.5529168278287542,0.46825396825396826,-0.00045065402735183384,0.0827134130012448,0.13766730797914128,-0.05495389497789649,0.003093244890374214,0.04172597252238086,-0.03863272763200665,0.5,-0.004113067427203697,-0.10504521468134465,-0.18755225912218987,-0.0009900179435547996,0.07147953775381688,0.08156212104564076,3,4,5,6,8,7,7,3,10,4,False,False,1
2025-09-30,XLRE,real_estate,SPY,0.0033457923883764007,0.03562036554306092,-0.032274573154684516,0.3333333333333333,-0.0014917232145021096,0.018022930519341118,0.08156212104564076,-0.06353919052629964,0.4126984126984127,-0.0009438999933280452,0.02355020769915539,0.19773643195203472,-0.17418622425287933,0.4603174603174603,-0.0012851108421206275,-0.014846017816144919,0.17819143335574816,-0.19303745117189308,0.49206349206349204,-0.0007210319508972925,0.24797795136975687,0.8865476353018471,-0.6385696839320902,0.48148148148148145,-0.0005257943309720497,-0.01813114715039299,0.13766730797914128,-0.15579845512953427,-0.013926129887141259,0.04172597252238086,-0.05565210240952212,0.25,-0.014871905095254804,-0.16570091588517888,-0.18755225912218987,-0.0009900179435547996,0.018022930519341118,0.08156212104564076,7,9,8,8,9,9,9,10,8,9,False,False,-1
2025-09-30,XLC,communication_services,SPY,0.06636892274314077,0.03562036554306092,0.03074855720007985,0.6190476190476191,0.001411137216729559,0.1022904792343391,0.08156212104564076,0.020728358188698337,0.47619047619047616,0.0003135455618879363,0.23453749386365308,0.19773643195203472,0.03680106191161836,0.5238095238095238,0.00022744207772644354,0.3382584888877711,0.17819143335574816,0.16006705553202294,0.5198412698412699,0.0005022970396663041,1.4876538295062578,0.8865476353018471,0.6011061942044107,0.5264550264550265,0.0003897519535677852,0.2549676386341213,0.13766730797914128,0.11730033065498002,0.1430106208572448,0.04172597252238086,0.10128464833486395,0.75,0.010155033396208305,-0.1797083960271959,-0.18755225912218987,-0.0009900179435547996,0.1022904792343391,0.08156212104564076,2,2,2,1,1,1,2,1,6,2,False,False,0
2025-10-31,XLK,technology,SPY,0.05074069786387447,0.01918668769645704,0.031554010167417434,0.6190476190476191,0.001514506116792264,0.14783783948353402,0.0836240157735002,0.06421382371003381,0.5714285714285714,0.0009505136075607983,0.39220441528853867,0.21034113139282673,0.18186328389571194,0.5714285714285714,0.0011437289413143614,0.2968876370080724,0.186641126903756,0.11024651010431641,0.5277777777777778,0.00042383841997878943,1.4495297493083337,0.8603796013095828,0.5891501479987509,0.5251322751322751,0.00042720932990725566,0.23426040282308214,0.16430202751742717,0.06995837530565496,-0.09891227051209894,-0.02345612412273257,-0.07545614638936637,0.5833333333333334,0.009978692370307842,-0.2565631100651936,-0.18755225912218987,-0.007754000160294483,0.14783783948353402,0.0836240157735002,1,1,1,1,1,2,11,2,2,1,False,False,0
2025-10-31,XLF,financials,SPY,-0.018369263649735013,0.01918668769645704,-0.03755595134619205,0.38095238095238093,-0.0017729962405749252,0.012182565787502764,0.0836240157735002,-0.07144144998599744,0.49206349206349204,-0.0010697640999582148,0.05953520758304509,0.21034113139282673,-0.15080592380978164,0.4523809523809524,-0.0010471902269453095,0.1325581695462128,0.186641126903756,-0.054082957357543204,0.5198412698412699,-0.00018057809809179617,0.6654563315731599,0.8603796013095828,-0.19492326973642293,0.5013227513227513,-0.00013988826593010494,0.15375173943422027,0.16430202751742717,-0.010550288083206905,0.07751252401018371,-0.02345612412273257,0.10096864813291628,0.4166666666666667,-0.0045786522299270755,-0.1554027357384502,-0.18755225912218987,-0.007754000160294483,0.012182565787502764,0.0836240157735002,8,8,7,6,5,5,2,6,9,8,False,False,-1
2025-10-31,XLI,industrials,SPY,0.005577075649878971,0.01918668769645704,-0.013609612046578068,0.5238095238095238,-0.0006369199102003123,0.030311091157647407,0.0836240157735002,-0.0533129246158528,0.4444444444444444,-0.0007947317911032244,0.16045846099578376,0.21034113139282673,-0.04988267039704297,0.5079365079365079,-0.0003290481008824296,0.16090952756807142,0.186641126903756,-0.025731599335684585,0.5079365079365079,-8.967573696840234e-05,0.7788019648836055,0.8603796013095828,-0.08157763642597726,0.49074074074074076,-5.814065324653479e-05,0.15447095571247482,0.16430202751742717,-0.009831071804952352,-0.010984384068558506,-0.02345612412273257,0.012471740054174063,0.5,-0.0023477580177872215,-0.18490698891789792,-0.18755225912218987,-0.007754000160294483,0.030311091157647407,0.0836240157735002,4,6,4,4,3,4,7,4,5,6,False,False,-2
2025-10-31,XLE,energy,SPY,-0.0035052957408620022,0.01918668769645704,-0.02269198343731904,0.5238095238095238,-0.0010559617657510678,0.04077355909837288,0.0836240157735002,-0.042850456675127324,0.49206349206349204,-0.000611358096129504,0.09301177888707013,0.21034113139282673,-0.1173293525057566,0.46825396825396826,-0.0007754768525645276,0.03667524135759681,0.186641126903756,-0.1499658855461592,0.46825396825396826,-0.0004905855516747105,0.10269795493619682,0.8603796013095828,-0.757681646373386,0.4603174603174603,-0.0006414526936557722,0.040321877202881495,0.16430202751742717,-0.12398015031454568,0.08902537710379366,-0.02345612412273257,0.11248150122652623,0.4166666666666667,-0.012142250895534612,-0.2013728737282422,-0.18755225912218987,-0.007754000160294483,0.04077355909837288,0.0836240157735002,6,5,6,7,11,7,1,6,4,5,False,False,1
2025-10-31,XLB,materials,SPY,-0.04503394617755496,0.01918668769645704,-0.064220633874012,0.3333333333333333,-0.0030905675151806328,-0.020410180621932006,0.0836240157735002,-0.10403419639543221,0.4126984126984127,-0.00158312877276179,0.018662855401267997,0.21034113139282673,-0.19167827599155873,0.4365079365079365,-0.0013494431046893942,-0.0717012031432952,0.186641126903756,-0.2583423300470512,0.46825396825396826,-0.0009717157672702966,0.2260100645194565,0.8603796013095828,-0.6343695367901263,0.48412698412698413,-0.0005412667726354746,-0.027924821891834983,0.16430202751742717,-0.19222684940926216,-0.06639019305908389,-0.02345612412273257,-0.04293406893635132,0.3333333333333333,-0.020744191967696213,-0.23165832611802162,-0.18755225912218987,-0.007754000160294483,-0.020410180621932006,0.0836240157735002,11,10,9,11,8,11,10,9,3,10,False,False,-1
2025-10-31,XLY,consumer_discretionary,SPY,0.0022137906110086814,0.01918668769645704,-0.016972897085448357,0.3333333333333333,-0.0007517426625169854,0.0993603321936054,0.0836240157735002,0.0157363164201052,0.4444444444444444,0.0002655619939844888,0.1957712800561664,0.21034113139282673,-0.014569851336660333,0.4523809523809524,-5.610583379996588e-05,0.20853469451360218,0.186641126903756,0.021893567609846176,0.47619047619047616,0.00011742586322080385,0.6941805267582533,0.8603796013095828,-0.16619907455132954,0.49603174603174605,-8.069419250031689e-05,0.20586516154084045,0.16430202751742717,0.04156313402341327,0.020106658884597062,-0.02345612412273257,0.04356278300732963,0.5833333333333334,0.0015385560635477376,-0.26007403510092997,-0.18755225912218987,-0.007754000160294483,0.0993603321936054,0.0836240157735002,5,2,2,3,4,3,5,2,1,2,False,False,0
2025-10-31,XLP,consumer_staples,SPY,-0.021298544507097894,0.01918668769645704,-0.04048523220355493,0.38095238095238093,-0.0019354910534934908,-0.0465123160692833,0.0836240157735002,-0.1301363318427835,0.36507936507936506,-0.002027548732067967,-0.051860031241182214,0.21034113139282673,-0.26220116263400894,0.36507936507936506,-0.0019396034687296218,-0.025869944439917525,0.186641126903756,-0.21251107134367353,0.4365079365079365,-0.0008214636401420679,0.15505148232000776,0.8603796013095828,-0.705328118989575,0.4470899470899471,-0.0006531255766060429,-0.004670882941026577,0.16430202751742717,-0.16897291045845375,0.027285624391739205,-0.02345612412273257,0.050741748514471774,0.25,-0.017140228247424883,-0.08359146833952624,-0.18755225912218987,-0.007754000160294483,-0.0465123160692833,0.0836240157735002,9,11,11,9,9,8,4,10,11,11,False,False,0
2025-10-31,XLV,health_care,SPY,0.007402816834265691,0.01918668769645704,-0.011783870862191348,0.5238095238095238,-0.0005758826508412074,0.08946466770783501,0.0836240157735002,0.005840651934334806,0.5238095238095238,0.00010169625440790248,0.05104636185293687,0.21034113139282673,-0.15929476953988986,0.47619047619047616,-0.0010929654644943544,-0.010602445329944143,0.186641126903756,-0.19724357223370015,0.48412698412698413,-0.0007394026095095615,0.15363328668274634,0.8603796013095828,-0.7067463146268365,0.455026455026455,-0.0006466916716000772,-0.017872951974455376,0.16430202751742717,-0.18217497949188255,-0.01944618716316704,-0.02345612412273257,0.00400993695956553,0.4166666666666667,-0.015011783639267093,-0.17109009994304814,-0.18755225912218987,-0.007754000160294483,0.08946466770783501,0.0836240157735002,3,3,8,8,10,10,8,6,7,3,False,False,5
2025-10-31,XLU,utilities,SPY,0.013767195043491887,0.01918668769645704,-0.005419492652965152,0.5238095238095238,-0.0002612903817333394,0.027253370042327196,0.0836240157735002,-0.05637064573117301,0.42857142857142855,-0.0008407139296681256,0.13257119499710934,0.21034113139282673,-0.07776993639571739,0.47619047619047616,-0.0005196530987445637,0.15687729077121926,0.186641126903756,-0.029763836132536747,0.49206349206349204,-0.00012205178856413418,0.5021570911083502,0.8603796013095828,-0.35822251020123264,0.47354497354497355,-0.0002774050646857467,0.14116662723692475,0.16430202751742717,-0.023135400280502427,0.017234261368858084,-0.02345612412273257,0.04069038549159065,0.5,-0.00413407142161477,-0.10504521468134465,-0.18755225912218987,-0.007754000160294483,0.027253370042327196,0.0836240157735002,2,7,5,5,6,6,6,4,10,7,False,False,-2
2025-10-31,XLRE,real_estate,SPY,-0.024099168245535818,0.01918668769645704,-0.04328585594199286,0.47619047619047616,-0.0020556138957646647,-0.01027438040160189,0.0836240157735002,-0.0938983961751021,0.42857142857142855,-0.0014260588334166849,-0.008228527124864105,0.21034113139282673,-0.21856965851769083,0.4523809523809524,-0.001569534948735201,-0.03443907031609317,0.186641126903756,-0.22108019721984917,0.48412698412698413,-0.0008298936829521785,0.2624305947413095,0.8603796013095828,-0.5979490065682733,0.48412698412698413,-0.0004937340099496832,-0.01059523850591293,0.16430202751742717,-0.1748972660233401,-0.02294505320741358,-0.02345612412273257,0.0005110709153189896,0.25,-0.017171715503699725,-0.16570091588517888,-0.18755225912218987,-0.007754000160294483,-0.01027438040160189,0.0836240157735002,10,9,10,10,7,9,9,10,8,9,False,False,1
2025-10-31,XLC,communication_services,SPY,-0.01408324120959814,0.01918668769645704,-0.03326992890605518,0.38095238095238093,-0.0015839355709368658,0.06518486520759592,0.0836240157735002,-0.018439150565904283,0.47619047619047616,-0.00026429708993636763,0.18548593684900916,0.21034113139282673,-0.02485519454381757,0.48412698412698413,-0.000159454962380037,0.25834831738420805,0.186641126903756,0.07170719048045204,0.5,0.0002293422624118168,1.360446931881016,0.8603796013095828,0.5000673305714332,0.5211640211640212,0.00033779684150100176,0.2763230832266672,0.16430202751742717,0.11202105570924004,0.05525152888112328,-0.02345612412273257,0.07870765300385585,0.6666666666666666,0.003491167294832287,-0.1797083960271959,-0.18755225912218987,-0.007754000160294483,0.06518486520759592,0.0836240157735002,7,4,3,2,2,1,3,1,6,4,False,False,-1
2025-11-28,XLK,technology,SPY,-0.058889295124749386,-0.0058190677052243345,-0.05307022741952505,0.42857142857142855,-0.0025349461775416647,0.09197127427065732,0.06237462581957165,0.029596648451085672,0.5555555555555556,0.0004913987460314932,0.24318039048755313,0.1661388217414841,0.07704156874606904,0.5634920634920635,0.0005461430790284784,0.2330922166083378,0.15759608372865075,0.07549613287968704,0.5277777777777778,0.0003245018854107504,1.1988627459759567,0.7806653505970418,0.41819739537891487,0.5251322751322751,0.00033937979645070184,0.3102520354093634,0.16437164114250225,0.14588039426686117,-0.0980635909075952,-0.06602155562768586,-0.03204203527990934,0.5833333333333334,0.006440565329840202,-0.2565631100651936,-0.18755225912218987,-0.0058190677052243345,0.09197127427065732,0.06237462581957165,11,2,1,1,2,1,8,2,2,2,False,False,-1
2025-11-28,XLF,financials,SPY,0.023805005647136168,-0.0058190677052243345,0.029624073352360503,0.6190476190476191,0.001387634583681381,-0.008972889220212665,0.06237462581957165,-0.07134751503978431,0.47619047619047616,-0.0010958242183625566,0.05355044734773884,0.1661388217414841,-0.11258837439374525,0.48412698412698413,-0.0007956464522474669,0.059806799911877206,0.15759608372865075,-0.09778928381677354,0.5198412698412699,-0.0003529810175983183,0.5658529598116122,0.7806653505970418,-0.21481239078542957,0.5,-0.0001631629675423141,0.035164698420266705,0.16437164114250225,-0.12920694272223554,-0.03748920123023769,-0.06602155562768586,0.028532354397448167,0.4166666666666667,-0.006749492468988001,-0.1554027357384502,-0.18755225912218987,-0.0058190677052243345,-0.008972889220212665,0.06237462581957165,5,9,8,7,5,6,5,6,9,9,False,False,-1
2025-11-28,XLI,industrials,SPY,-0.008963266698558847,-0.0058190677052243345,-0.0031441989933345127,0.5714285714285714,-0.0001634068377599073,0.015228959418836396,0.06237462581957165,-0.04714566640073525,0.49206349206349204,-0.0007190718132977463,0.08384422466324915,0.1661388217414841,-0.08229459707823494,0.5079365079365079,-0.0005775799116426044,0.08716344749849214,0.15759608372865075,-0.07043263623015861,0.5,-0.0002552827924391381,0.6029646763592493,0.7806653505970418,-0.17770067423779246,0.48677248677248675,-0.00013692053779419802,0.09699611625577576,0.16437164114250225,-0.06737552488672649,-0.07840752840482645,-0.06602155562768586,-0.012385972777140597,0.4166666666666667,-0.0045254088589463766,-0.18490698891789792,-0.18755225912218987,-0.0058190677052243345,0.015228959418836396,0.06237462581957165,9,6,7,5,4,4,7,6,5,6,False,False,1
2025-11-28,XLE,energy,SPY,0.02772403940062751,-0.0058190677052243345,0.033543107105851844,0.5714285714285714,0.0015908042204116426,0.00920292236758491,0.06237462581957165,-0.05317170345198674,0.47619047619047616,-0.0007859515049292165,0.12797660753246687,0.1661388217414841,-0.03816221420901722,0.5,-0.00022972893528248862,-0.01983516430253751,0.15759608372865075,-0.17743124803118826,0.4603174603174603,-0.0006161666421530028,0.07588065079946138,0.7806653505970418,-0.7047846997975804,0.458994708994709,-0.0006167540204034095,-0.04627623941822134,0.16437164114250225,-0.2106478805607236,-0.14201959953653354,-0.06602155562768586,-0.07599804390884768,0.4166666666666667,-0.011586014279012772,-0.2013728737282422,-0.18755225912218987,-0.0058190677052243345,0.00920292236758491,0.06237462581957165,3,7,4,9,11,9,11,6,4,7,False,False,-3
2025-11-28,XLB,materials,SPY,0.023586020238821614,-0.0058190677052243345,0.02940508794404595,0.6190476190476191,0.0013975870718813228,-0.0266119137561317,0.06237462581957165,-0.08898653957570335,0.4444444444444444,-0.0013726188842326792,0.045654668698286605,0.1661388217414841,-0.12048415304319748,0.4603174603174603,-0.0008441263920656468,-0.04076104439961825,0.15759608372865075,-0.198357128128269,0.4801587301587302,-0.0007422935596664028,0.1565629815414653,0.7806653505970418,-0.6241023690555765,0.48544973544973546,-0.0005609181582729123,-0.06286434492669846,0.16437164114250225,-0.2272359860692007,-0.10867375529755485,-0.06602155562768586,-0.042652199669868995,0.4166666666666667,-0.013765915862302728,-0.23165832611802162,-0.18755225912218987,-0.0058190677052243345,-0.0266119137561317,0.06237462581957165,6,11,9,11,9,11,10,6,3,11,False,False,-2
2025-11-28,XLY,consumer_discretionary,SPY,-0.011248227277013911,-0.0058190677052243345,-0.005429159571789577,0.42857142857142855,-0.000187516531502206,0.022167366801479904,0.06237462581957165,-0.040207259018091746,0.4126984126984127,-0.0005699096020645013,0.11029326728492173,0.1661388217414841,-0.05584555445656236,0.4444444444444444,-0.0003511641550295156,0.08239998647918734,0.15759608372865075,-0.07519609724946341,0.45634920634920634,-0.00022160918257647206,0.7275445265594833,0.7806653505970418,-0.05312082403755847,0.49867724867724866,1.7293027223548166e-06,0.09471357355779753,0.16437164114250225,-0.06965806758470472,-0.10054090292267881,-0.06602155562768586,-0.03451934729499295,0.5,-0.005286205785955807,-0.26007403510092997,-0.18755225912218987,-0.0058190677052243345,0.022167366801479904,0.06237462581957165,10,5,6,6,3,5,9,4,1,5,False,False,1
2025-11-28,XLP,consumer_staples,SPY,0.03643247290081297,-0.0058190677052243345,0.04225154060603731,0.6190476190476191,0.0019688682624904993,-0.010712408742863833,0.06237462581957165,-0.07308703456243548,0.4126984126984127,-0.0011343238897603507,-0.028578484266478466,0.1661388217414841,-0.19471730600796255,0.38095238095238093,-0.0014496742320967003,-0.009565880424782902,0.15759608372865075,-0.16716196415343365,0.4365079365079365,-0.0006568084035087396,0.1322059332471952,0.7806653505970418,-0.6484594173498466,0.44841269841269843,-0.0006196188640809889,-0.04438142814731927,0.16437164114250225,-0.2087530692898215,0.007262666283873731,-0.06602155562768586,0.07328422191155959,0.3333333333333333,-0.012286352963461524,-0.08359146833952624,-0.18755225912218987,-0.0058190677052243345,-0.010712408742863833,0.06237462581957165,2,10,11,8,10,8,1,10,11,10,False,False,1
2025-11-28,XLV,health_care,SPY,0.09494388784054619,-0.0058190677052243345,0.10076295554577053,0.6190476190476191,0.00459977599234815,0.1523757596884554,0.06237462581957165,0.09000113386888375,0.5396825396825397,0.0013021239225171075,0.19969104411623206,0.1661388217414841,0.033552222374747975,0.49206349206349204,0.00024314189102852572,0.10369312504453032,0.15759608372865075,-0.05390295868412043,0.503968253968254,-0.00020657923591084856,0.21994864108853385,0.7806653505970418,-0.5607167095085079,0.455026455026455,-0.0005122365081561772,0.007990580431696204,0.16437164114250225,-0.15638106071080604,-0.025710486209946648,-0.06602155562768586,0.04031106941773921,0.5,-0.0030472009850539827,-0.17109009994304814,-0.18755225912218987,-0.0058190677052243345,0.1523757596884554,0.06237462581957165,1,1,2,4,7,7,4,4,7,1,False,False,1
2025-11-28,XLU,utilities,SPY,0.005882372408815062,-0.0058190677052243345,0.011701440114039396,0.5714285714285714,0.0005389386649769486,0.08206908479242281,0.06237462581957165,0.01969445897285116,0.5396825396825397,0.0002920039158772692,0.12150322964044746,0.1661388217414841,-0.044635592101036625,0.48412698412698413,-0.000304681370500148,0.14328652841283285,0.15759608372865075,-0.014309555315817901,0.49206349206349204,-7.344844212758475e-05,0.4258691248831954,0.7806653505970418,-0.3547962257138464,0.47354497354497355,-0.0002884945410533909,0.1366006202842307,0.16437164114250225,-0.027771020858271545,-0.01815783047220776,-0.06602155562768586,0.0478637251554781,0.5833333333333334,-0.0011504326403862415,-0.10504521468134465,-0.18755225912218987,-0.0058190677052243345,0.08206908479242281,0.06237462581957165,7,3,5,3,6,3,3,2,10,3,False,False,2
2025-11-28,XLRE,real_estate,SPY,0.025092145308327485,-0.0058190677052243345,0.03091121301355182,0.5238095238095238,0.0014390050997733282,-0.007609460354246034,0.06237462581957165,-0.06998408617381768,0.42857142857142855,-0.001078120467993493,0.015285494152362356,0.1661388217414841,-0.15085332758912173,0.4523809523809524,-0.0010902620453191476,-0.03541639412421793,0.15759608372865075,-0.19301247785286868,0.4722222222222222,-0.0007391915890738217,0.20069622994364567,0.7806653505970418,-0.5799691206533961,0.4828042328042328,-0.000504473295384232,-0.05902741495921393,0.16437164114250225,-0.22339905610171618,-0.0597284147066236,-0.06602155562768586,0.006293140921062257,0.3333333333333333,-0.01435514400868588,-0.16570091588517888,-0.18755225912218987,-0.0058190677052243345,-0.007609460354246034,0.06237462581957165,4,8,10,10,8,10,6,10,8,8,False,False,2
2025-11-28,XLC,communication_services,SPY,-0.007739342571332353,-0.0058190677052243345,-0.0019202748661080182,0.5714285714285714,-9.222268843611658e-05,0.03952270514862488,0.06237462581957165,-0.022851920670946768,0.5079365079365079,-0.000340319480329789,0.1447087263445248,0.1661388217414841,-0.02143009539695928,0.49206349206349204,-0.00013839164960278565,0.19859973283162358,0.15759608372865075,0.04100364910297283,0.503968253968254,0.00013392708326021856,1.3890278501501956,0.7806653505970418,0.6083624995531538,0.5251322751322751,0.0004085250204344996,0.2079484597702992,0.16437164114250225,0.04357681862779694,-0.014465843766672926,-0.06602155562768586,0.05155571186101293,0.6666666666666666,0.0030046283446447477,-0.1797083960271959,-0.18755225912218987,-0.0058190677052243345,0.03952270514862488,0.06237462581957165,8,4,3,2,1,2,2,1,6,4,False,False,-1
2025-12-31,XLK,technology,SPY,0.007077916534059758,0.005387526252468744,0.0016903902815910143,0.47619047619047616,0.0001281328380404311,0.013199289177852513,0.023165503613755023,-0.00996621443590251,0.5396825396825397,-9.278552140876272e-05,0.13850397397693315,0.10537695778115519,0.03312701619577796,0.5317460317460317,0.00027658155334056003,0.21998287719562337,0.15952320387715857,0.0604596733184648,0.5238095238095238,0.000276518615176055,1.3615624738600074,0.8526501482155147,0.5089123256444927,0.5264550264550265,0.00037999549993161607,0.21140862803773253,0.1533097174969167,0.05809891054081584,-0.01739440748056975,-0.0008687542987962926,-0.01652565318177346,0.5833333333333334,0.005250040966684115,-0.2565631100651936,-0.18755225912218987,-0.012254173667216595,0.013199289177852513,0.023165503613755023,6,4,2,1,2,1,9,2,2,4,False,False,-2
2025-12-31,XLF,financials,SPY,0.039164790415160855,0.005387526252468744,0.03377726416269211,0.42857142857142855,0.0015834534055718082,0.02943297621172203,0.023165503613755023,0.006267472597967005,0.4603174603174603,0.00010298306790168169,0.04793525738107829,0.10537695778115519,-0.0574417004000769,0.47619047619047616,-0.0004134354897851127,0.13912423207840274,0.15952320387715857,-0.020398971798755827,0.5198412698412699,-7.266609790839821e-05,0.6929763945837935,0.8526501482155147,-0.1596737536317212,0.49867724867724866,-0.00011141600358998265,0.09619209829396436,0.1533097174969167,-0.05711761920295233,0.04954194544849466,-0.0008687542987962926,0.050410699747290955,0.5,-0.001659726091726275,-0.1554027357384502,-0.18755225912218987,-0.012254173667216595,0.02943297621172203,0.023165503613755023,1,2,7,5,4,7,4,4,9,2,False,False,5
2025-12-31,XLI,industrials,SPY,0.027808325234053743,0.005387526252468744,0.022420798981585,0.47619047619047616,0.0010685894430448502,0.012036904450234864,0.023165503613755023,-0.011128599163520159,0.5238095238095238,-0.0001680413848386536,0.054902346354690934,0.10537695778115519,-0.050474611426464255,0.49206349206349204,-0.00036398859203786436,0.1800361751585311,0.15952320387715857,0.020512971281372527,0.5238095238095238,6.531397849605781e-05,0.6508511305753815,0.8526501482155147,-0.2017990176401332,0.4801587301587302,-0.00014924387952380326,0.14810918163151854,0.1533097174969167,-0.005200535865398148,0.07367678634297081,-0.0008687542987962926,0.0745455406417671,0.5,0.0012757177941746152,-0.18490698891789792,-0.18755225912218987,-0.012254173667216595,0.012036904450234864,0.023165503613755023,3,5,6,3,5,4,2,4,5,5,False,False,1
2025-12-31,XLE,energy,SPY,-0.012458924380301717,0.005387526252468744,-0.01784645063277046,0.5238095238095238,-0.0007962262892425959,0.009427551346014695,0.023165503613755023,-0.013737952267740328,0.5238095238095238,-0.0001849992941581243,0.04626495244386386,0.10537695778115519,-0.05911200533729133,0.49206349206349204,-0.00040280008582542644,0.09279593791823082,0.15952320387715857,-0.06672726595892775,0.4880952380952381,-0.00018882238326237673,0.1368857134321544,0.8526501482155147,-0.7157644347833603,0.46296296296296297,-0.0005967733063719268,0.10658276895721364,0.1533097174969167,-0.04672694853970305,-0.015560283451913737,-0.0008687542987962926,-0.014691529153117444,0.4166666666666667,-0.0057735463824031,-0.2013728737282422,-0.18755225912218987,-0.012254173667216595,0.009427551346014695,0.023165503613755023,10,7,8,7,10,6,8,9,4,7,False,False,1
2025-12-31,XLB,materials,SPY,0.02229408649725828,0.005387526252468744,0.016906560244789537,0.47619047619047616,0.0008154614953008362,0.028058060389342554,0.023165503613755023,0.004892556775587531,0.5079365079365079,8.921040072660364e-05,0.001868448905732567,0.10537695778115519,-0.10350850887542262,0.46825396825396826,-0.000759984689361056,0.08907828222493763,0.15952320387715857,-0.07044492165222094,0.503968253968254,-0.00024394665994092923,0.22497666671850114,0.8526501482155147,-0.6276734814970135,0.4880952380952381,-0.0005368206040939889,0.06532777271216128,0.1533097174969167,-0.0879819447847554,0.02736026777384226,-0.0008687542987962926,0.028229022072638554,0.5,-0.005049553135748184,-0.23165832611802162,-0.18755225912218987,-0.012254173667216595,0.028058060389342554,0.023165503613755023,4,3,9,8,7,8,7,4,3,3,True,False,6
2025-12-31,XLY,consumer_discretionary,SPY,0.01138337185421312,0.005387526252468744,0.005995845601744376,0.42857142857142855,0.0003000600462189693,-0.007658162403391788,0.023165503613755023,-0.03082366601714681,0.3968253968253968,-0.0004477674862834431,0.08956574652610327,0.10537695778115519,-0.015811211255051916,0.42857142857142855,-8.039676738225231e-05,0.04851684558298741,0.15952320387715857,-0.11100635829417116,0.44841269841269843,-0.0003584641333897544,0.8928524860117972,0.8526501482155147,0.04020233779628257,0.49867724867724866,6.985074023082862e-05,0.03671552722949745,0.1533097174969167,-0.11659419026741924,-0.06463886298145693,-0.0008687542987962926,-0.06377010868266064,0.5,-0.007360048026024006,-0.26007403510092997,-0.18755225912218987,-0.012254173667216595,-0.007658162403391788,0.023165503613755023,5,9,4,9,3,10,11,4,1,9,False,False,-5
2025-12-31,XLP,consumer_staples,SPY,-0.012445543087186373,0.005387526252468744,-0.017833069339655117,0.42857142857142855,-0.0008544061679763055,0.0006798944385495442,0.023165503613755023,-0.02248560917520548,0.47619047619047616,-0.0003586448454634934,-0.041102850575824856,0.10537695778115519,-0.14647980835698005,0.4126984126984127,-0.0011289331262930328,0.006328274837146486,0.15952320387715857,-0.15319492904001208,0.44047619047619047,-0.0005985787569465341,0.12024637478322275,0.8526501482155147,-0.7324037734322919,0.4470899470899471,-0.0006847233499551045,0.019010412836393265,0.1533097174969167,-0.13429930466052342,0.05068110278024207,-0.0008687542987962926,0.051549857079038364,0.3333333333333333,-0.011408296623065306,-0.0818847904574771,-0.18755225912218987,-0.012254173667216595,0.0006798944385495442,0.023165503613755023,9,8,11,11,11,11,3,10,11,8,False,False,3
2025-12-31,XLV,health_care,SPY,0.0010896303099248161,0.005387526252468744,-0.004297895942543928,0.5714285714285714,-0.00019022361685690678,0.08356598942918247,0.023165503613755023,0.06040048581542745,0.5555555555555556,0.0009111941207655418,0.15373927284215694,0.10537695778115519,0.04836231506100175,0.5079365079365079,0.00036002166210518684,0.13366532318553692,0.15952320387715857,-0.02585788069162165,0.5119047619047619,-0.00010449696165144344,0.19541920304583216,0.8526501482155147,-0.6572309451696825,0.455026455026455,-0.0005900156616104209,0.13243139161732032,0.1533097174969167,-0.02087832587959637,-0.04114059307907725,-0.0008687542987962926,-0.040271838780280955,0.5,-0.0009861403076489676,-0.160827832106889,-0.18755225912218987,-0.012254173667216595,0.08356598942918247,0.023165503613755023,7,1,1,6,9,5,10,4,8,1,False,False,0
2025-12-31,XLU,utilities,SPY,-0.028136236115933078,0.005387526252468744,-0.03352376236840182,0.47619047619047616,-0.0016076901162527034,-0.02305902508685631,0.023165503613755023,-0.046224528700611334,0.5079365079365079,-0.0007351771198984664,0.06609216417765285,0.10537695778115519,-0.039284793603502344,0.48412698412698413,-0.0002800952507030743,0.15429603836915096,0.15952320387715857,-0.005227165508007614,0.49603174603174605,-4.1518229578492106e-05,0.3203923699893185,0.8526501482155147,-0.5322577782261961,0.4708994708994709,-0.00044130173027710795,0.18771383527665542,0.1533097174969167,0.03440411777973873,0.08784531119758698,-0.0008687542987962926,0.08871406549638328,0.5833333333333334,-0.0006981397365135958,-0.10504521468134465,-0.18755225912218987,-0.012254173667216595,-0.02305902508685631,0.023165503613755023,11,10,5,4,6,2,1,2,10,10,False,True,-5
2025-12-31,XLRE,real_estate,SPY,-0.007277309252484154,0.005387526252468744,-0.012664835504952898,0.42857142857142855,-0.0006066764292027465,-0.03178313517970499,0.023165503613755023,-0.054948638793460014,0.4603174603174603,-0.0008774793821471131,-0.016220343774478563,0.10537695778115519,-0.12159730155563375,0.4365079365079365,-0.0009169812262019824,0.02959019959957465,0.15952320387715857,-0.12993300427758392,0.48412698412698413,-0.0004897570325608005,0.20699151316846587,0.8526501482155147,-0.6456586350470488,0.48148148148148145,-0.000550338052526272,0.037137771903146266,0.1533097174969167,-0.11617194559377042,0.03743193543354728,-0.0008687542987962926,0.038300689732343574,0.3333333333333333,-0.010846193308194843,-0.16570091588517888,-0.18755225912218987,-0.012254173667216595,-0.03178313517970499,0.023165503613755023,8,11,10,10,8,9,6,10,7,11,False,False,-1
2025-12-31,XLC,communication_services,SPY,0.028307488358883415,0.005387526252468744,0.02291996210641467,0.6190476190476191,0.0010707015770251836,0.011919348291159704,0.023165503613755023,-0.01124615532259532,0.5079365079365079,-0.00017892240717874334,0.10295939350261119,0.10537695778115519,-0.0024175642785440044,0.49206349206349204,-1.222334867948908e-05,0.21385724088853553,0.15952320387715857,0.05433403701137696,0.5198412698412699,0.00017546286840042666,1.5437617998302926,0.8526501482155147,0.6911116516147779,0.5251322751322751,0.00043715243880116284,0.1804418956685594,0.1533097174969167,0.027132178171642707,0.04117334368114167,-0.0008687542987962926,0.042042097979937965,0.6666666666666666,0.004001521673048254,-0.1797083960271959,-0.18755225912218987,-0.012254173667216595,0.011919348291159704,0.023165503613755023,2,6,3,2,1,3,5,1,6,6,False,False,-3
2026-01-30,XLK,technology,SPY,-0.010522003424837889,0.007219706867455766,-0.017741710292293655,0.6190476190476191,-0.0007996300463912806,-0.052390473909151636,0.009637415790409554,-0.06202788969956119,0.5238095238095238,-0.0009495465217071709,0.09829815413695786,0.10102945648483397,-0.002731302347876108,0.5555555555555556,2.850194620768804e-05,0.2494718746047786,0.16331726314570294,0.08615461145907566,0.5436507936507936,0.00035291245567189636,1.194691402435891,0.7980598728277024,0.3966315296081886,0.5291005291005291,0.00032244484974162414,0.2627586251837051,0.1549786558125683,0.10777996937113676,0.08668038828537061,0.03245133442536163,0.05422905386000898,0.5833333333333334,0.006764712141400305,-0.2565631100651936,-0.18755225912218987,-0.005061204981587686,-0.052390473909151636,0.009637415790409554,10,11,6,1,2,1,1,2,2,11,False,True,-5
2026-01-30,XLF,financials,SPY,-0.031533168121241295,0.007219706867455766,-0.03875287498869706,0.47619047619047616,-0.001835421641587073,0.029502279125115383,0.009637415790409554,0.01986486333470583,0.5079365079365079,0.0003204003090431705,0.027368916307104474,0.10102945648483397,-0.0736605401777295,0.49206349206349204,-0.0005373419334509689,0.05662624423500118,0.16331726314570294,-0.10669101891070176,0.5119047619047619,-0.0003820230021775129,0.5552084603382315,0.7980598728277024,-0.24285141248947095,0.5,-0.0001831688198377835,0.0910298726340677,0.1549786558125683,-0.06394878317850061,0.03417321168226506,0.03245133442536163,0.0017218772569034257,0.4166666666666667,-0.007957332127610703,-0.1554027357384502,-0.18755225912218987,-0.005061204981587686,0.029502279125115383,0.009637415790409554,11,8,9,10,5,5,6,8,8,8,False,False,1
2026-01-30,XLI,industrials,SPY,0.05766521442092998,0.007219706867455766,0.05044550755347421,0.7142857142857143,0.002364654384774422,0.07045798175779616,0.009637415790409554,0.06082056596738661,0.5873015873015873,0.000944355608624774,0.0965889622488878,0.10102945648483397,-0.0044404942359461685,0.5158730158730159,-2.1389380785652092e-05,0.21716692400437454,0.16331726314570294,0.0538496608586716,0.5357142857142857,0.00017825798217293865,0.7293939874566313,0.7980598728277024,-0.0686658853710711,0.49074074074074076,-4.7464681799004676e-05,0.1508054792846445,0.1549786558125683,-0.0041731765279238164,0.08074980041947266,0.03245133442536163,0.04829846599411103,0.5,0.0036495486861351048,-0.18490698891789792,-0.18755225912218987,-0.005061204981587686,0.07045798175779616,0.009637415790409554,4,5,7,2,4,4,3,3,5,5,False,False,2
2026-01-30,XLE,energy,SPY,0.13545362133545247,0.007219706867455766,0.1282339144679967,0.6666666666666666,0.0058007990051460205,0.1699843489515116,0.009637415790409554,0.16034693316110205,0.5873015873015873,0.0023942638663738674,0.1907926879731452,0.10102945648483397,0.08976323148831122,0.5238095238095238,0.0006634400949422147,0.17625836340822798,0.16331726314570294,0.01294110026252504,0.5,9.717485777059366e-05,0.2520774795982783,0.7980598728277024,-0.5459823932294241,0.4708994708994709,-0.00042791322367962737,0.0359369518103112,0.1549786558125683,-0.11904170400225711,-0.032027230455830336,0.03245133442536163,-0.06447856488119197,0.5,0.004965072372868667,-0.2013728737282422,-0.18755225912218987,-0.005061204981587686,0.1699843489515116,0.009637415790409554,1,1,2,4,8,9,9,3,4,1,True,False,1
2026-01-30,XLB,materials,SPY,0.07741087812672065,0.007219706867455766,0.07019117125926488,0.6666666666666666,0.003251666838682467,0.1340586041671279,0.009637415790409554,0.12442118837671834,0.6031746031746031,0.001869280090304425,0.13437496858735187,0.10102945648483397,0.033345512102517905,0.5158730158730159,0.0002575165965176236,0.13433944950129617,0.16331726314570294,-0.02897781364440677,0.5079365079365079,-9.1786378465199e-05,0.25494550482460654,0.7980598728277024,-0.5431143680030959,0.4894179894179894,-0.00046478586927963786,0.052838311298245344,0.1549786558125683,-0.10214034451432297,0.02675459886781928,0.03245133442536163,-0.005696735557542354,0.5,-0.0014667101696288949,-0.21320322272868308,-0.18755225912218987,-0.005061204981587686,0.1340586041671279,0.009637415790409554,2,2,3,6,7,7,8,3,3,2,True,False,1
2026-01-30,XLY,consumer_discretionary,SPY,0.00672985058319564,0.007219706867455766,-0.0004898562842601262,0.47619047619047616,1.4749280025411998e-05,0.015347152649541451,0.009637415790409554,0.0057097368591318975,0.4603174603174603,0.00013198103228066814,0.09853480391402902,0.10102945648483397,-0.002494652570804945,0.4444444444444444,1.8238286724502394e-05,0.05844255038473478,0.16331726314570294,-0.10487471276096816,0.4523809523809524,-0.00033265529823009677,0.754306778588745,0.7980598728277024,-0.04375309423895746,0.4933862433862434,8.65475398181091e-06,0.05136700751605017,0.1549786558125683,-0.10361164829651814,-0.05028957869428263,0.03245133442536163,-0.08274091311964427,0.5,-0.008009161612270888,-0.26007403510092997,-0.18755225912218987,-0.005061204981587686,0.015347152649541451,0.009637415790409554,8,9,5,9,3,8,10,3,1,9,False,False,-4
2026-01-30,XLP,consumer_staples,SPY,0.0685860019144926,0.007219706867455766,0.061366295047036834,0.47619047619047616,0.0028385297745517585,0.09924233746859712,0.009637415790409554,0.08960492167818757,0.5079365079365079,0.0013519971296286066,0.062391994184553434,0.10102945648483397,-0.038637462300280534,0.4365079365079365,-0.0002820474653343209,0.0866510789834527,0.16331726314570294,-0.07666618416225024,0.44047619047619047,-0.0003049981617551352,0.2347058795123873,0.7980598728277024,-0.5633539933153151,0.44841269841269843,-0.0005157965355440191,0.016905590225395395,0.1549786558125683,-0.13807306558717292,0.05103996533701838,0.03245133442536163,0.018588630911656745,0.4166666666666667,-0.004657630599183458,-0.0818847904574771,-0.18755225912218987,-0.005061204981587686,0.09924233746859712,0.009637415790409554,3,3,8,7,9,11,5,8,11,3,False,False,5
2026-01-30,XLV,health_care,SPY,-0.0060379914482378005,0.007219706867455766,-0.013257698315693567,0.38095238095238093,-0.0006137298866627399,0.07930933012469743,0.009637415790409554,0.06967191433428788,0.5079365079365079,0.0010722461894735504,0.19688448990004304,0.10102945648483397,0.09585503341520907,0.5158730158730159,0.0006766581586590737,0.08102251232695079,0.16331726314570294,-0.08229475081875215,0.49603174603174605,-0.00030493759704340926,0.2180459237521717,0.7980598728277024,-0.5800139490755307,0.4537037037037037,-0.0005243982236079415,0.08758936762788228,0.1549786558125683,-0.06738928818468604,-0.053315215637596,0.03245133442536163,-0.08576655006295764,0.4166666666666667,-0.005534922137393455,-0.1363694650879892,-0.18755225912218987,-0.005061204981587686,0.07930933012469743,0.009637415790409554,9,4,1,8,10,6,11,8,9,4,False,False,-3
2026-01-30,XLU,utilities,SPY,0.006750520897307544,0.007219706867455766,-0.0004691859701482226,0.6190476190476191,-2.3136793852965166e-06,-0.032763077701278065,0.009637415790409554,-0.04240049349168762,0.5396825396825397,-0.0006736949003267636,0.024100106246838227,0.10102945648483397,-0.07692935023799574,0.49206349206349204,-0.0005680489369989334,0.15938022258896667,0.16331726314570294,-0.003937040556736271,0.503968253968254,-3.830369191972357e-05,0.38155000526202265,0.7980598728277024,-0.41650986756567976,0.4775132275132275,-0.00034133937318147354,0.15160628032814083,0.1549786558125683,-0.003372375484427481,0.08280603529675457,0.03245133442536163,0.05035470087139293,0.5,-0.0009997634519367526,-0.10504521468134465,-0.18755225912218987,-0.005061204981587686,-0.032763077701278065,0.009637415790409554,7,10,10,5,6,3,2,3,10,10,False,False,0
2026-01-30,XLRE,real_estate,SPY,0.01743607071479225,0.007219706867455766,0.010216363847336485,0.5238095238095238,0.0004962807249951272,0.03032677993607691,0.009637415790409554,0.020689364145667355,0.49206349206349204,0.00032103622353543915,0.019136751708005217,0.10102945648483397,-0.08189270477682875,0.4603174603174603,-0.0006088279482781364,0.046052658833750426,0.16331726314570294,-0.11726460431195251,0.4801587301587302,-0.00044142115358162675,0.16219434842110148,0.7980598728277024,-0.6358655244066009,0.47883597883597884,-0.0005621631537109201,0.028126178088863973,0.1549786558125683,-0.12685247772370434,0.03359862587616269,0.03245133442536163,0.0011472914508010579,0.4166666666666667,-0.00917546364024537,-0.16570091588517888,-0.18755225912218987,-0.005061204981587686,0.03032677993607691,0.009637415790409554,5,7,11,11,11,10,7,8,7,7,False,False,4
2026-01-30,XLC,communication_services,SPY,0.015132337662396633,0.007219706867455766,0.007912630794940867,0.5238095238095238,0.0003911174915847508,0.03593381478261404,0.009637415790409554,0.026296398992204484,0.5555555555555556,0.00041360269937076736,0.12548991847115842,0.10102945648483397,0.024460461986324455,0.5238095238095238,0.00018052923825052407,0.1930985778770451,0.16331726314570294,0.029781314731342157,0.5198412698412699,9.60125481530012e-05,1.2938680405899983,0.7980598728277024,0.49580816776229586,0.5211640211640212,0.00033946456624993446,0.1753133395636488,0.1549786558125683,0.020334683751080496,0.0635245874991266,0.03245133442536163,0.03107325307376496,0.6666666666666666,0.0019478551177630383,-0.1797083960271959,-0.18755225912218987,-0.005061204981587686,0.03593381478261404,0.009637415790409554,6,6,4,3,1,2,4,1,6,6,False,False,-2
2026-02-27,XLK,technology,SPY,-0.07016017897569238,-0.013560264431569213,-0.056599914544123164,0.38095238095238093,-0.0026925218929958576,-0.008981960940435019,0.019254152361781962,-0.02823611330221698,0.5396825396825397,-0.0003785879544524015,0.05236560958080938,0.06695398383977236,-0.014588374258962977,0.5396825396825397,-4.750992851180649e-05,0.2088692569864663,0.16736585185606212,0.04150340513040418,0.5357142857142857,0.00021353893716446408,1.0807203936910326,0.7906160769973618,0.29010431669367076,0.5264550264550265,0.0002587267191147994,0.30008333656304487,0.18341324843668594,0.11667008812635893,0.14715203816364975,0.07487253308110531,0.07227950508254444,0.5833333333333334,0.005359199789303548,-0.2565631100651936,-0.18755225912218987,-0.013659548815576295,-0.008981960940435019,0.019254152361781962,11,10,9,5,2,1,1,1,2,10,False,True,-1
2026-02-27,XLF,financials,SPY,-0.029439502272071483,-0.013560264431569213,-0.01587923784050227,0.42857142857142855,-0.0007104242427063608,-0.01770557637081327,0.019254152361781962,-0.03695972873259523,0.4444444444444444,-0.0005513757291800174,-0.037195102424853244,0.06695398383977236,-0.1041490862646256,0.4523809523809524,-0.0007941891916536231,0.02548317596842109,0.16736585185606212,-0.14188267588764103,0.49603174603174605,-0.0005098386030426168,0.516053254171829,0.7906160769973618,-0.2745628228255328,0.49867724867724866,-0.00020918223198762283,0.05658861901866574,0.18341324843668594,-0.1268246294180202,0.045691015759948383,0.07487253308110531,-0.029181517321156925,0.3333333333333333,-0.012628377812642644,-0.1554027357384502,-0.18755225912218987,-0.013659548815576295,-0.01770557637081327,0.019254152361781962,9,11,11,11,6,9,6,11,8,11,False,False,0
2026-02-27,XLI,industrials,SPY,0.07920058313731282,-0.013560264431569213,0.09276084756888203,0.7619047619047619,0.00429619279150561,0.17000209880388506,0.019254152361781962,0.1507479464421031,0.6349206349206349,0.002214089087034624,0.16540026219894988,0.06695398383977236,0.09844627835917752,0.5555555555555556,0.0007136966676590039,0.3301792282267306,0.16736585185606212,0.1628133763706685,0.5595238095238095,0.0005174458463149516,0.8470873395196654,0.7906160769973618,0.05647126252230361,0.49603174603174605,4.5853087002082957e-05,0.23255977527347604,0.18341324843668594,0.049146526836790105,0.13841142407568374,0.07487253308110531,0.06353889099457843,0.5833333333333334,0.010481620950949696,-0.18490698891789792,-0.18755225912218987,-0.013659548815576295,0.17000209880388506,0.019254152361781962,4,3,4,1,3,2,2,1,5,3,False,False,1
2026-02-27,XLE,energy,SPY,0.11728261388316863,-0.013560264431569213,0.13084287831473784,0.7142857142857143,0.006010114521697514,0.27291902003520274,0.019254152361781962,0.2536648676734208,0.6349206349206349,0.0036047543747233153,0.2750043352517839,0.06695398383977236,0.20805035141201156,0.5555555555555556,0.0014664691558258596,0.2967093715581759,0.16736585185606212,0.12934351970211377,0.5119047619047619,0.00047041351700738995,0.48237944863194415,0.7906160769973618,-0.30823662836541765,0.4748677248677249,-0.00020051623027494647,0.1605920967940253,0.18341324843668594,-0.02282115164266063,0.013945868286636243,0.07487253308110531,-0.060926664794469065,0.5,0.009403063517581087,-0.2013728737282422,-0.18755225912218987,-0.013659548815576295,0.27291902003520274,0.019254152361781962,1,1,1,2,7,4,9,4,4,1,True,False,0
2026-02-27,XLB,materials,SPY,0.06926923236682891,-0.013560264431569213,0.08282949679839813,0.7142857142857143,0.0038934453329681827,0.22276968224536486,0.019254152361781962,0.2035155298835829,0.6507936507936508,0.0029283226210809945,0.1707102168742205,0.06695398383977236,0.10375623303444814,0.5396825396825397,0.00076323622405007,0.22951545799775008,0.16736585185606212,0.06214960614168796,0.5277777777777778,0.00021697514386501227,0.4061574968659556,0.7906160769973618,-0.3844585801314062,0.4947089947089947,-0.00030746703707444596,0.1498651796762318,0.18341324843668594,-0.03354806876045413,0.033476852316334016,0.07487253308110531,-0.04139568076477129,0.5,0.005280017942452725,-0.21088576883342613,-0.18755225912218987,-0.013659548815576295,0.22276968224536486,0.019254152361781962,6,2,3,4,8,5,7,4,3,2,True,False,1
2026-02-27,XLY,consumer_discretionary,SPY,-0.040321898350185625,-0.013560264431569213,-0.026761633918616412,0.47619047619047616,-0.0012962943308781946,0.003355627504650238,0.019254152361781962,-0.015898524857131724,0.47619047619047616,-0.00022702323336921805,0.0036202337242934313,0.06695398383977236,-0.06333375011547893,0.4365079365079365,-0.0004529506068246483,0.09372795785352994,0.16736585185606212,-0.07363789400253218,0.4603174603174603,-0.00021793069098898185,0.6390487417202,0.7906160769973618,-0.15156733527716182,0.4880952380952381,-7.818699419223361e-05,0.13968210379424728,0.18341324843668594,-0.04373114464243866,0.04721712029345726,0.07487253308110531,-0.027655412787648048,0.5,-0.005451101877178825,-0.26007403510092997,-0.18755225912218987,-0.013659548815576295,0.003355627504650238,0.019254152361781962,10,9,10,9,4,6,5,4,1,9,False,True,1
2026-02-27,XLP,consumer_staples,SPY,0.0934159677888482,-0.013560264431569213,0.10697623222041741,0.5714285714285714,0.004920486935801435,0.16233837179713517,0.019254152361781962,0.1430842194353532,0.5079365079365079,0.002096107782988972,0.13104797909101573,0.06695398383977236,0.06409399525124337,0.4523809523809524,0.0004668482622750336,0.12766641904645915,0.16736585185606212,-0.039699432809602975,0.42857142857142855,-0.00017219611165548746,0.33153541171645773,0.7906160769973618,-0.4590806652809041,0.45105820105820105,-0.00040935613880185926,0.03132426475065464,0.18341324843668594,-0.1520889836860313,0.0021947756195579426,0.07487253308110531,-0.07267775746154737,0.4166666666666667,-0.0028414829024862496,-0.08533080806763593,-0.18755225912218987,-0.013659548815576295,0.16233837179713517,0.019254152361781962,3,4,6,7,9,10,10,8,11,4,False,False,2
2026-02-27,XLV,health_care,SPY,0.03816976765954161,-0.013560264431569213,0.05173003209111082,0.5238095238095238,0.0024384651554422523,0.01330332265501677,0.019254152361781962,-0.005950829706765193,0.4603174603174603,-7.992863562510794e-05,0.17995131951822896,0.06695398383977236,0.1129973356784566,0.5079365079365079,0.0008113872027144196,0.10281226468175797,0.16736585185606212,-0.06455358717430415,0.49206349206349204,-0.0002394595787485778,0.29676550242727373,0.7906160769973618,-0.4938505745700881,0.45634920634920634,-0.0004353163134402263,0.06226582495071775,0.18341324843668594,-0.12114742348596819,-0.08270674852706272,0.07487253308110531,-0.15757928160816803,0.4166666666666667,-0.004097809764484604,-0.1363694650879892,-0.18755225912218987,-0.013659548815576295,0.01330332265501677,0.019254152361781962,7,8,2,8,10,8,11,8,9,8,False,False,-6
2026-02-27,XLU,utilities,SPY,0.10154617067644889,-0.013560264431569213,0.1151064351080181,0.6666666666666666,0.005285894954317051,0.08293172080424771,0.019254152361781962,0.06367756844246575,0.5714285714285714,0.0009866562589557776,0.1353488114010788,0.06695398383977236,0.06839482756130644,0.5476190476190477,0.0005052078331716776,0.23041064535721278,0.16736585185606212,0.06304479350115066,0.503968253968254,0.00018596612918570573,0.563831902716663,0.7906160769973618,-0.22678417428069886,0.48412698412698413,-0.0001710823710453277,0.11698508706324096,0.18341324843668594,-0.06642816137344498,0.07483362864729481,0.07487253308110531,-3.89044338104938e-05,0.5,0.005910139490442538,-0.10504521468134465,-0.18755225912218987,-0.013659548815576295,0.08293172080424771,0.019254152361781962,2,5,5,3,5,7,3,4,10,5,False,False,0
2026-02-27,XLRE,real_estate,SPY,0.0731946352317967,-0.013560264431569213,0.08675489966336591,0.6666666666666666,0.0040267385672256425,0.07336215771997345,0.019254152361781962,0.05410800535819149,0.5079365079365079,0.0008292215742675867,0.05848290568462344,0.06695398383977236,-0.008471078155148914,0.47619047619047616,-5.729961940823553e-05,0.06305155904831561,0.16736585185606212,-0.10431429280774651,0.48412698412698413,-0.0003906974011652538,0.2636769286656804,0.7906160769973618,-0.5269391483316814,0.48412698412698413,-0.0004460495518659601,-0.009451292291719593,0.18341324843668594,-0.19286454072840553,0.017646858221142647,0.07487253308110531,-0.05722567485996266,0.4166666666666667,-0.00815610435556254,-0.16570091588517888,-0.18755225912218987,-0.013659548815576295,0.07336215771997345,0.019254152361781962,5,6,8,10,11,11,8,8,7,6,False,False,2
2026-02-27,XLC,communication_services,SPY,0.011135012821790191,-0.013560264431569213,0.024695277253359404,0.42857142857142855,0.0011974720437792432,0.03615195217176481,0.019254152361781962,0.01689779980998285,0.49206349206349204,0.00026788663647520875,0.06884811496648413,0.06695398383977236,0.0018941311267117733,0.5079365079365079,1.9860389811264688e-05,0.17708849431026508,0.16736585185606212,0.009722642454202957,0.503968253968254,2.8831661475495515e-05,1.24802154414304,0.7906160769973618,0.4574054671456782,0.5171957671957672,0.0003141649364762313,0.16412593707475898,0.18341324843668594,-0.019287311361926962,0.05105308110994522,0.07487253308110531,-0.02381945197116009,0.5833333333333334,0.0004950292726375594,-0.1797083960271959,-0.18755225912218987,-0.013659548815576295,0.03615195217176481,0.019254152361781962,8,7,7,6,1,3,4,1,6,7,False,False,0
2026-03-31,XLK,technology,SPY,-0.04640066286034117,-0.04991981445526483,0.003519151594923664,0.5238095238095238,0.00025901830625820637,-0.08778202817777936,-0.05195015520829538,-0.03583187296948398,0.5238095238095238,-0.0005328561655980049,-0.04921284397726833,-0.01452052079669286,-0.03469232318057547,0.5476190476190477,-0.00021359907950594146,0.2952756956023015,0.18380882744752713,0.11146686815477436,0.5436507936507936,0.0004288752801794978,0.8591673243338571,0.7076792664437057,0.1514880578901514,0.5211640211640212,0.00017408626993648582,0.3583017994617195,0.24600938474343814,0.11229241471828133,0.29364162366706203,0.17128887576705232,0.12235274790000972,0.6666666666666666,0.008485438117879126,-0.2565631100651936,-0.18755225912218987,-0.06236457020309205,-0.08778202817777936,-0.05195015520829538,4,9,8,2,2,2,1,1,1,9,False,False,-1
2026-03-31,XLF,financials,SPY,-0.03267489569447568,-0.04991981445526483,0.017244918760789152,0.5238095238095238,0.0008420484957730892,-0.10296857413582816,-0.05195015520829538,-0.05101841892753278,0.4444444444444444,-0.0008518492986665268,-0.08004412447913567,-0.01452052079669286,-0.06552360368244281,0.4523809523809524,-0.0005296496217120184,0.01874340910512373,0.18380882744752713,-0.1650654183424034,0.4801587301587302,-0.0005932012628373555,0.6721148302648461,0.7076792664437057,-0.035564436178859626,0.5026455026455027,-2.1117246379239416e-05,0.05315514357142059,0.24600938474343814,-0.19285424117201755,0.0980399353433361,0.17128887576705232,-0.07324894042371621,0.3333333333333333,-0.012593297224560355,-0.1554027357384502,-0.18755225912218987,-0.06236457020309205,-0.10296857413582816,-0.05195015520829538,3,11,10,11,5,11,5,8,7,11,False,False,-1
2026-03-31,XLI,industrials,SPY,-0.09343526156327986,-0.04991981445526483,-0.043515447108015026,0.42857142857142855,-0.002194511632754811,0.03387786989126851,-0.05195015520829538,0.08582802509956389,0.6190476190476191,0.0014063348501279242,0.06331208413255651,-0.01452052079669286,0.07783260492924937,0.5793650793650794,0.0006215043138798933,0.2593903696634623,0.18380882744752713,0.07558154221593516,0.5515873015873016,0.00024937249573814225,0.7452328055240196,0.7076792664437057,0.03755353908031389,0.4973544973544973,3.4412049233606736e-05,0.3891896698245232,0.24600938474343814,0.14318028508108505,0.18238169175377328,0.17128887576705232,0.01109281598672096,0.5,0.0056362530886401585,-0.17570678039896392,-0.18755225912218987,-0.06236457020309205,0.03387786989126851,-0.05195015520829538,11,5,6,3,3,1,3,2,6,5,False,False,1
2026-03-31,XLE,energy,SPY,0.08100019969837913,-0.04991981445526483,0.13092001415364396,0.6190476190476191,0.006145472384667243,0.381897205253386,-0.05195015520829538,0.4338473604616814,0.6666666666666666,0.006040264090102685,0.3773170580800884,-0.01452052079669286,0.3918375788767813,0.5793650793650794,0.0027014793969111113,0.3680996178927165,0.18380882744752713,0.18429079044518937,0.5079365079365079,0.0006281529239527168,0.7343843542674144,0.7076792664437057,0.02670508782370873,0.4828042328042328,6.657932997925265e-05,0.2655868317826804,0.24600938474343814,0.019577447039242246,-0.019459781024594447,0.17128887576705232,-0.19074865679164676,0.5,0.014730339234369403,-0.1879314708399663,-0.18755225912218987,-0.06236457020309205,0.381897205253386,-0.05195015520829538,1,1,1,1,4,4,10,2,3,1,False,False,0
2026-03-31,XLB,materials,SPY,-0.05742303696899953,-0.04991981445526483,-0.0075032225137346975,0.38095238095238093,-0.0003511327272082725,0.09733756103321456,-0.05195015520829538,0.14928771624150994,0.5873015873015873,0.002361012392978269,0.13144905900960846,-0.01452052079669286,0.14596957980630132,0.5476190476190477,0.0011232776444769384,0.19809413576688795,0.18380882744752713,0.014285308319360812,0.5158730158730159,6.309904671646831e-05,0.3799542017800692,0.7076792664437057,-0.3277250646636365,0.49603174603174605,-0.00027039682911548574,0.2710836173146358,0.24600938474343814,0.025074232571197674,0.08899947891928783,0.17128887576705232,-0.08228939684776448,0.4166666666666667,0.0017666567395355954,-0.1798656641513704,-0.18755225912218987,-0.06236457020309205,0.09733756103321456,-0.05195015520829538,7,2,2,5,8,3,7,7,4,2,False,False,0
2026-03-31,XLY,consumer_discretionary,SPY,-0.05389940086576128,-0.04991981445526483,-0.00397958641049645,0.47619047619047616,-0.00014153790072238666,-0.096409361216375,-0.05195015520829538,-0.04445920600807962,0.4603174603174603,-0.0007245748342776767,-0.09108375894180343,-0.01452052079669286,-0.07656323814511057,0.4365079365079365,-0.0006040246855785773,0.11491453178693933,0.18380882744752713,-0.0688942956605878,0.45634920634920634,-0.0001997159887767895,0.577626317767159,0.7076792664437057,-0.1300529486765467,0.4880952380952381,-6.515637370033839e-05,0.17843127126986236,0.24600938474343814,-0.06757811347357578,0.19086413004671687,0.17128887576705232,0.019575254279664556,0.5,-0.004448789102532778,-0.2458508239106305,-0.18755225912218987,-0.06236457020309205,-0.096409361216375,-0.05195015520829538,5,10,11,7,6,7,2,2,2,10,False,False,1
2026-03-31,XLP,consumer_staples,SPY,-0.07066339972669133,-0.04991981445526483,-0.0207435852714265,0.38095238095238093,-0.0010772091017901843,0.05316113763284824,-0.05195015520829538,0.10511129284114362,0.4603174603174603,0.0016731027376271502,0.0639207520482814,-0.01452052079669286,0.07844127284497426,0.4603174603174603,0.0006069721927562036,0.04771905142013333,0.18380882744752713,-0.1360897760273938,0.4246031746031746,-0.0005175029500311841,0.21906010797258246,0.7076792664437057,-0.48861915847112325,0.4444444444444444,-0.0004630880273482637,0.1273838253136803,0.24600938474343814,-0.11862555942975783,0.00498158699425022,0.17128887576705232,-0.1663072887728021,0.3333333333333333,-0.009762945549426147,-0.08533080806763593,-0.18755225912218987,-0.06236457020309205,0.05316113763284824,-0.05195015520829538,9,4,5,8,10,8,9,8,10,4,False,False,1
2026-03-31,XLV,health_care,SPY,-0.07138893211665864,-0.04991981445526483,-0.02146911766139381,0.42857142857142855,-0.001098302387731834,-0.05517808906411348,-0.05195015520829538,-0.0032279338558180992,0.4444444444444444,-4.958301760125938e-05,0.08785589064971644,-0.01452052079669286,0.1023764114464093,0.5,0.0007930421667237534,0.032553884554002765,0.18380882744752713,-0.15125494289352437,0.4801587301587302,-0.0005512058332888404,0.21069209716766668,0.7076792664437057,-0.49698716927603903,0.4576719576719577,-0.00046313408203684864,0.11193363967498993,0.24600938474343814,-0.13407574506844822,-0.05147192113145238,0.17128887576705232,-0.2227607968985047,0.3333333333333333,-0.010397495489806499,-0.1363694650879892,-0.18755225912218987,-0.06236457020309205,-0.05517808906411348,-0.05195015520829538,10,7,3,9,11,9,11,8,9,7,False,False,-4
2026-03-31,XLU,utilities,SPY,-0.024470433447006057,-0.04991981445526483,0.025449381008258776,0.42857142857142855,0.0012508325240518185,0.0781809209662534,-0.05195015520829538,0.13013107617454878,0.5555555555555556,0.002056274589331928,0.06953910306486177,-0.01452052079669286,0.08405962386155463,0.5238095238095238,0.0006565969932580151,0.21046033205570436,0.18380882744752713,0.026651504608177223,0.503968253968254,6.722882225708635e-05,0.5315796283861292,0.7076792664437057,-0.17609963805757656,0.4828042328042328,-0.00013739900532411473,0.2408238289822744,0.24600938474343814,-0.0051855557611637515,0.09281332123642283,0.17128887576705232,-0.07847555453062949,0.5,0.002320189830079885,-0.08298533965387411,-0.18755225912218987,-0.06236457020309205,0.0781809209662534,-0.05195015520829538,2,3,4,4,7,6,6,2,11,3,False,False,1
2026-03-31,XLRE,real_estate,SPY,-0.0641065519402817,-0.04991981445526483,-0.014186737485016865,0.47619047619047616,-0.0007300786400592349,0.011677007501572412,-0.05195015520829538,0.06362716270986779,0.5555555555555556,0.0010348791409627274,-0.009683862657211662,-0.01452052079669286,0.004836658139481198,0.5079365079365079,3.995751392546531e-05,0.020274886065339448,0.18380882744752713,-0.1635339413821877,0.48412698412698413,-0.0006081801918269437,0.27484977941719024,0.7076792664437057,-0.43282948702651547,0.48677248677248675,-0.0003746950832116025,0.09016137272951275,0.24600938474343814,-0.1558480120139254,0.025371994885146076,0.17128887576705232,-0.14591688088190624,0.3333333333333333,-0.012103730314780644,-0.1425243833090729,-0.18755225912218987,-0.06236457020309205,0.011677007501572412,-0.05195015520829538,8,6,7,10,9,10,8,8,8,6,False,False,1
2026-03-31,XLC,communication_services,SPY,-0.05647093311031426,-0.04991981445526483,-0.006551118655049426,0.38095238095238093,-0.00033304165888997916,-0.05663101734191922,-0.05195015520829538,-0.004680862133623842,0.42857142857142855,-7.205291032844108e-05,-0.05884602629698088,-0.01452052079669286,-0.04432550550028802,0.4523809523809524,-0.0003629566389809024,0.17228608580548577,0.18380882744752713,-0.011522741642041368,0.49206349206349204,-4.399468898203194e-05,1.0222131788170974,0.7076792664437057,0.3145339123733917,0.5119047619047619,0.00023571067280390247,0.2424483006865814,0.24600938474343814,-0.0035610840568567337,0.1685907706470815,0.17128887576705232,-0.0026981051199708173,0.5,-0.0006150996023888133,-0.1797083960271959,-0.18755225912218987,-0.06236457020309205,-0.05663101734191922,-0.05195015520829538,6,8,9,6,1,5,4,2,5,8,False,False,1
2026-04-30,XLK,technology,SPY,0.2001505083136912,0.10505274506872397,0.09509776324496722,0.8095238095238095,0.003999684538681138,0.08734471118725917,0.03830134884950609,0.04904336233775308,0.5873015873015873,0.0008217835716038076,0.0593492711545589,0.05194896737714716,0.007400303777411743,0.5634920634920635,0.00012724222010969773,0.5343043724124343,0.3113334878030489,0.2229708846093854,0.5753968253968254,0.0006756413750676002,1.2621224101110737,0.8390718095218361,0.4230506005892376,0.533068783068783,0.00033670712282793066,0.2784266321465434,0.1866704948291822,0.09175613731736121,0.3445981301371075,0.2041554592171968,0.1404426709199107,0.6666666666666666,0.013507179172030703,-0.2565631100651936,-0.18755225912218987,0.0,0.08734471118725917,0.03830134884950609,1,3,6,1,1,2,1,1,1,3,False,False,3
2026-04-30,XLF,financials,SPY,0.05590446728400078,0.10505274506872397,-0.04914827778472319,0.42857142857142855,-0.002166563271564715,-0.021513194190415752,0.03830134884950609,-0.05981454303992184,0.4444444444444444,-0.0009267079060684806,-0.007716503926330609,0.05194896737714716,-0.05966547130347777,0.46825396825396826,-0.000449130544878232,0.08763082884309537,0.3113334878030489,-0.22370265895995356,0.4642857142857143,-0.0007306494095233111,0.6799426014822174,0.8390718095218361,-0.15912920803961872,0.49867724867724866,-0.00011322825826392427,0.030046621206841984,0.1866704948291822,-0.1566238736223402,0.11966959352658746,0.2041554592171968,-0.08448586569060934,0.3333333333333333,-0.015256412307310951,-0.1554027357384502,-0.18755225912218987,0.0,-0.021513194190415752,0.03830134884950609,5,9,10,9,4,10,5,8,7,9,False,False,1
2026-04-30,XLI,industrials,SPY,0.0794535079574421,0.10505274506872397,-0.02559923711128187,0.38095238095238093,-0.001061145150903006,0.05553212525726181,0.03830134884950609,0.01723077640775572,0.5238095238095238,0.000297699059714916,0.13570065785732122,0.05194896737714716,0.08375169048017406,0.5555555555555556,0.000634165234276722,0.3580966225847546,0.3113334878030489,0.046763134781705684,0.5357142857142857,0.0001551673875088955,0.844313033435274,0.8390718095218361,0.0052412239134378424,0.4933862433862434,1.0439960136264534e-05,0.2581335023446867,0.1866704948291822,0.0714630075155045,0.18322129609865612,0.2041554592171968,-0.020934163118540683,0.4166666666666667,0.0028807667381595126,-0.16186305499049125,-0.18755225912218987,0.0,0.05553212525726181,0.03830134884950609,4,5,3,3,3,3,4,4,6,5,False,False,-2
2026-04-30,XLE,energy,SPY,-0.026281367537372535,0.10505274506872397,-0.1313341126060965,0.5238095238095238,-0.005924532141308873,0.1886704402546726,0.03830134884950609,0.15036909140516652,0.6190476190476191,0.002208524894061251,0.38625308283183,0.05194896737714716,0.33430411545468286,0.6031746031746031,0.0022481132343355136,0.4883362878523845,0.3113334878030489,0.17700280004933555,0.5238095238095238,0.000549662588719104,0.5537541575466676,0.8390718095218361,-0.28531765197516856,0.48412698412698413,-0.0001766473965650955,0.5285075567345772,0.1866704948291822,0.341837061905395,0.1097717462856671,0.2041554592171968,-0.0943837129315297,0.5,0.015746521896375848,-0.1879314708399663,-0.18755225912218987,0.0,0.1886704402546726,0.03830134884950609,11,1,1,2,6,1,7,2,3,1,False,False,0
2026-04-30,XLB,materials,SPY,0.03001803975211592,0.10505274506872397,-0.07503470531660805,0.3333333333333333,-0.0033416002715432615,0.03397788919623235,0.03830134884950609,-0.004323459653273742,0.4603174603174603,-3.706094013738915e-05,0.16659035118952747,0.05194896737714716,0.11464138381238032,0.5317460317460317,0.0008486010096394902,0.25756881274997934,0.3113334878030489,-0.05376467505306959,0.49206349206349204,-0.0001436759742107919,0.37345609885730013,0.8390718095218361,-0.465615710664536,0.4880952380952381,-0.00037498007670978687,0.22091921133014858,0.1866704948291822,0.03424871650096639,0.07907572294846066,0.2041554592171968,-0.12507973626873614,0.4166666666666667,-0.0025772425875852747,-0.1798656641513704,-0.18755225912218987,0.0,0.03397788919623235,0.03830134884950609,7,6,2,4,8,4,8,4,4,6,False,False,-4
2026-04-30,XLY,consumer_discretionary,SPY,0.08597896402760585,0.10505274506872397,-0.01907378104111812,0.42857142857142855,-0.000784169144776943,-0.02147255935682657,0.03830134884950609,-0.05977390820633266,0.4603174603174603,-0.0009011831927430916,-0.01449155349453457,0.05194896737714716,-0.06644052087168173,0.4523809523809524,-0.00047627102473471504,0.19842675774840535,0.3113334878030489,-0.11290673005464358,0.4523809523809524,-0.00031860914715005595,0.6794614154901648,0.8390718095218361,-0.15961039403167132,0.4828042328042328,-8.066959381775393e-05,0.10354509382369681,0.1866704948291822,-0.08312540100548538,0.21413288042791012,0.2041554592171968,0.009977421210713322,0.4166666666666667,-0.006530856155140753,-0.24174374935583642,-0.18755225912218987,0.0,-0.02147255935682657,0.03830134884950609,3,8,11,7,5,7,3,4,2,8,False,False,3
2026-04-30,XLP,consumer_staples,SPY,0.028421501226805646,0.10505274506872397,-0.07663124384191833,0.42857142857142855,-0.0034081399523104056,0.03232146297885752,0.03830134884950609,-0.005979885870648571,0.4603174603174603,-8.809520252338663e-05,0.08969480965019372,0.05194896737714716,0.03774584227304656,0.47619047619047616,0.00028390737268177554,0.06648859294928644,0.3113334878030489,-0.24484489485376248,0.42063492063492064,-0.0008200980357059185,0.19149599542584173,0.8390718095218361,-0.6475758140959944,0.44047619047619047,-0.000590601023670001,0.037015067924066614,0.1866704948291822,-0.14965542690511557,-0.025289180676676848,0.2041554592171968,-0.22944463989387365,0.25,-0.016435317562133622,-0.08533080806763593,-0.18755225912218987,0.0,0.03232146297885752,0.03830134884950609,8,7,4,11,10,9,11,11,11,7,False,False,-3
2026-04-30,XLV,health_care,SPY,-0.004228835856548874,0.10505274506872397,-0.10928158092527285,0.2857142857142857,-0.004945776375033974,-0.047001964189840484,0.03830134884950609,-0.08530331303934657,0.4126984126984127,-0.0013574605663403071,0.012130712016436007,0.05194896737714716,-0.03981825536071115,0.4523809523809524,-0.0002977698308396975,0.06686998334588612,0.3113334878030489,-0.2444635044571628,0.4642857142857143,-0.0007994332372732974,0.1486365947787871,0.8390718095218361,-0.690435214743049,0.45105820105820105,-0.0006305075484064457,0.07140076130201378,0.1866704948291822,-0.1152697335271684,-0.015126203285873663,0.2041554592171968,-0.21928166250307046,0.3333333333333333,-0.016177849608875656,-0.1363694650879892,-0.18755225912218987,0.0,-0.047001964189840484,0.03830134884950609,10,11,8,10,11,8,10,8,9,11,False,False,-3
2026-04-30,XLU,utilities,SPY,0.02091965689460351,0.10505274506872397,-0.08413308817412046,0.3333333333333333,-0.0037484014303048544,0.08879637864923007,0.03830134884950609,0.05049502979972398,0.4603174603174603,0.0007691956216973544,0.05472088665040031,0.05194896737714716,0.002771919273253154,0.49206349206349204,3.2278517687666327e-05,0.2152125094279833,0.3113334878030489,-0.09612097837506561,0.4801587301587302,-0.0002928877982906127,0.4694444948163472,0.8390718095218361,-0.36962731470548893,0.4748677248677249,-0.0002898303818089902,0.19031159917556373,0.1866704948291822,0.0036411043463815407,0.11292013145159197,0.2041554592171968,-0.09123532776560483,0.4166666666666667,-0.004806536553691287,-0.0918475973371573,-0.18755225912218987,0.0,0.08879637864923007,0.03830134884950609,9,2,7,6,7,5,6,4,10,2,False,False,5
2026-04-30,XLRE,real_estate,SPY,0.0874357215373267,0.10505274506872397,-0.01761702353139727,0.42857142857142855,-0.0007516633215308975,0.08045524286821548,0.03830134884950609,0.04215389401870939,0.5238095238095238,0.0006347148763631664,0.08128587995000025,0.05194896737714716,0.02933691257285309,0.5,0.0002223793623104815,0.11757972603628164,0.3113334878030489,-0.19375376176676729,0.47619047619047616,-0.0006283137899824743,0.3399052258132891,0.8390718095218361,-0.49916658370854705,0.4828042328042328,-0.00040753503704755214,0.02772026327803534,0.1866704948291822,-0.15895023155114685,0.03776988430745942,0.2041554592171968,-0.16638557490973738,0.3333333333333333,-0.013056321151486527,-0.1425243833090729,-0.18755225912218987,0.0,0.08045524286821548,0.03830134884950609,2,4,5,8,9,11,9,8,8,4,False,False,1
2026-04-30,XLC,communication_services,SPY,0.05096519082637774,0.10505274506872397,-0.054087554242346236,0.3333333333333333,-0.0023913233431494354,-0.024277474553930034,0.03830134884950609,-0.06257882340343612,0.36507936507936506,-0.0009870049054510248,0.005834507571350622,0.05194896737714716,-0.04611445980579654,0.4523809523809524,-0.0003531410224818483,0.23629335586557665,0.3113334878030489,-0.07504013193747228,0.46825396825396826,-0.00023027784104880122,1.1222785201194116,0.8390718095218361,0.2832067105975755,0.5105820105820106,0.00020093156011326957,0.1763409165754335,0.1866704948291822,-0.010329578253748695,0.24989209995794748,0.2041554592171968,0.04573664074075068,0.5,-0.00454247929186985,-0.1797083960271959,-0.18755225912218987,0.0,-0.024277474553930034,0.03830134884950609,6,10,9,5,2,6,2,2,5,10,False,False,-1
2026-05-29,XLK,technology,SPY,0.2005531356046415,0.06309904235982722,0.13745409324481428,0.7619047619047619,0.00590548352435729,0.37833324927428724,0.10576836598278372,0.2725648832915035,0.7142857142857143,0.00358728487869601,0.3659531138664025,0.1270589985782551,0.2388941152881474,0.626984126984127,0.0016043484621218044,0.6615779092623448,0.30187673526672176,0.35970117399562307,0.5873015873015873,0.0010263384256505154,1.5090855687936626,0.8984080507280847,0.6106775180655779,0.5357142857142857,0.00043424589930888066,0.3840103032386941,0.22460531276264217,0.15940499047605194,0.29683642118512665,0.1725983285697681,0.12423809261535856,0.6666666666666666,0.022093879929008815,-0.2205820698379476,-0.1624220959896111,0.0,0.37833324927428724,0.10576836598278372,1,1,1,1,1,2,1,1,1,1,False,False,0
2026-05-29,XLF,financials,SPY,-0.00654849183210604,0.06309904235982722,-0.06964753419193326,0.2857142857142857,-0.003225973317513408,0.00807198233341655,0.10576836598278372,-0.09769638364936717,0.4126984126984127,-0.001472248730689046,-0.009776513137064957,0.1270589985782551,-0.13683551171532005,0.42857142857142855,-0.0010118122299345317,0.03531316894218328,0.30187673526672176,-0.2665635663245385,0.45634920634920634,-0.0008963668828201361,0.6771516523729899,0.8984080507280847,-0.2212563983550948,0.49603174603174605,-0.0001581744137635451,0.042137598493851014,0.22460531276264217,-0.18246771426879116,0.06125570151463866,0.1725983285697681,-0.11134262705512943,0.3333333333333333,-0.018868072881959148,-0.1552408870213261,-0.1624220959896111,0.0,0.00807198233341655,0.10576836598278372,9,5,10,11,4,10,8,6,5,5,False,False,5
2026-05-29,XLI,industrials,SPY,0.018831397522361737,0.06309904235982722,-0.04426764483746548,0.38095238095238093,-0.0019753791962118026,-0.01989111544242883,0.10576836598278372,-0.12565948142521255,0.3968253968253968,-0.0018714187396106491,0.1467294519886928,0.1270589985782551,0.019670453410437716,0.5158730158730159,0.00017133517371198745,0.2304578699157782,0.30187673526672176,-0.07141886535094355,0.5119047619047619,-0.00020527214710982448,0.8369746199320232,0.8984080507280847,-0.06143343079606156,0.49206349206349204,-3.626587154602235e-05,0.2077149103453808,0.22460531276264217,-0.016890402417261363,0.10034890393064133,0.1725983285697681,-0.07224942463912676,0.3333333333333333,-0.003946760440392559,-0.14341946140088457,-0.1624220959896111,0.0,-0.01989111544242883,0.10576836598278372,4,7,4,3,3,4,6,6,7,7,False,False,-3
2026-05-29,XLE,energy,SPY,-0.04641702427455907,0.06309904235982722,-0.10951606663438629,0.38095238095238093,-0.005051402427843014,0.013193695321358057,0.10576836598278372,-0.09257467066142566,0.5079365079365079,-0.0013100494270832145,0.28971352575430886,0.1270589985782551,0.16265452717605378,0.5714285714285714,0.0011473524738200504,0.4230782985748758,0.30187673526672176,0.12120156330815401,0.5317460317460317,0.00040906431927195235,0.548544191022655,0.8984080507280847,-0.34986385970542977,0.4828042328042328,-0.00022207537299195215,0.4923486836499624,0.22460531276264217,0.26774337088732025,0.09929718969683177,0.1725983285697681,-0.07330113887293632,0.5,0.011045119976739487,-0.1879314708399663,-0.1624220959896111,0.0,0.013193695321358057,0.10576836598278372,11,3,2,2,6,1,7,2,2,3,False,False,-1
2026-05-29,XLB,materials,SPY,0.0037284518580211756,0.06309904235982722,-0.05937059050180604,0.42857142857142855,-0.002681216393883798,-0.03805519264908219,0.10576836598278372,-0.1438235586318659,0.36507936507936506,-0.0021821510462493965,0.17623694642206056,0.1270589985782551,0.04917794784380547,0.5079365079365079,0.00037308578741579885,0.21269789128152072,0.30187673526672176,-0.08917884398520104,0.4801587301587302,-0.0002540418285434951,0.40887195384565,0.8984080507280847,-0.4895360968824347,0.4894179894179894,-0.00038202187830352135,0.20819320109604544,0.22460531276264217,-0.01641211166659673,0.04461781860092784,0.1725983285697681,-0.12798050996884025,0.4166666666666667,-0.00459808429233761,-0.15926069145797717,-0.1624220959896111,0.0,-0.03805519264908219,0.10576836598278372,6,8,3,4,8,3,10,4,4,8,False,False,-5
2026-05-29,XLY,consumer_discretionary,SPY,0.034491667370473156,0.06309904235982722,-0.028607374989354062,0.3333333333333333,-0.0012694481802718964,0.03639239414918993,0.10576836598278372,-0.06937597183359379,0.3968253968253968,-0.0009835445953530714,0.039870140972607215,0.1270589985782551,-0.08718885760564787,0.4365079365079365,-0.0006052839143611447,0.13389175919959828,0.30187673526672176,-0.16798497606712348,0.4365079365079365,-0.0005121879601995097,0.6548397792500826,0.8984080507280847,-0.24356827147800209,0.47619047619047616,-0.00014196686013067213,0.09608592796284743,0.22460531276264217,-0.12851938479979474,0.1262969134686669,0.1725983285697681,-0.046301415101101195,0.3333333333333333,-0.010658198293925827,-0.18121236928523354,-0.1624220959896111,0.0,0.03639239414918993,0.10576836598278372,3,2,7,8,5,8,4,6,3,2,True,False,5
2026-05-29,XLP,consumer_staples,SPY,-0.00012058108331802764,0.06309904235982722,-0.06321962344314525,0.2857142857142857,-0.0029012601282320714,-0.07369541272926661,0.10576836598278372,-0.17946377871205033,0.3492063492063492,-0.002808632191212846,0.07667936575648149,0.1270589985782551,-0.0503796328217736,0.42857142857142855,-0.0003562622041119368,0.04185389630865077,0.30187673526672176,-0.260022838958071,0.40476190476190477,-0.000880672755260103,0.21212561774781524,0.8984080507280847,-0.6862824329802695,0.4365079365079365,-0.0006090464531876121,0.04197953933029841,0.22460531276264217,-0.18262577343234376,-0.017965494519952774,0.1725983285697681,-0.19056382308972086,0.25,-0.017946881173003942,-0.08533080806763593,-0.1624220959896111,0.0,-0.07369541272926661,0.10576836598278372,8,11,6,10,10,11,11,11,11,11,False,False,-5
2026-05-29,XLV,health_care,SPY,0.046415621693085996,0.06309904235982722,-0.016683420666741222,0.5238095238095238,-0.0007314322077747076,-0.0631430212656684,0.10576836598278372,-0.16891138724845212,0.3968253968253968,-0.0026251086268283745,-0.050679710595961436,0.1270589985782551,-0.17773870917421652,0.42857142857142855,-0.001352518631226741,0.15710163872885308,0.30187673526672176,-0.14477509653786869,0.46825396825396826,-0.000453868766474277,0.2086741389330482,0.8984080507280847,-0.6897339117950365,0.45634920634920634,-0.0006042837627614425,0.10577634234538524,0.22460531276264217,-0.11882897041725693,0.12367928296769581,0.1725983285697681,-0.048919045602072275,0.3333333333333333,-0.009159067139635777,-0.1363694650879892,-0.1624220959896111,0.0,-0.0631430212656684,0.10576836598278372,2,10,11,5,11,7,5,6,9,10,False,False,1
2026-05-29,XLU,utilities,SPY,-0.027583268307141307,0.06309904235982722,-0.09068231066696852,0.3333333333333333,-0.004211458368088143,-0.06284185976115964,0.10576836598278372,-0.16861022574394335,0.3492063492063492,-0.0026137133179362504,0.014878277474555723,0.1270589985782551,-0.11218072110369937,0.4603174603174603,-0.0008135285294902364,0.13458398622073786,0.30187673526672176,-0.1672927490459839,0.4722222222222222,-0.0005340102279992241,0.47779406534134194,0.8984080507280847,-0.4206139853867428,0.47354497354497355,-0.00032399666457738033,0.16676724005516208,0.22460531276264217,-0.05783807270748009,0.15357521850634637,0.1725983285697681,-0.019023110063421722,0.4166666666666667,-0.011152639298316966,-0.0918475973371573,-0.1624220959896111,0.0,-0.06284185976115964,0.10576836598278372,10,9,9,7,7,5,3,4,10,9,False,False,0
2026-05-29,XLRE,real_estate,SPY,0.00802023630241977,0.06309904235982722,-0.05507880605740745,0.2857142857142857,-0.0025237648555340984,0.010165976952497102,0.10576836598278372,-0.09560238903028662,0.3968253968253968,-0.001433733427676764,0.0842739326770372,0.1270589985782551,-0.04278506590121789,0.4523809523809524,-0.0003022559267045887,0.10189898604231074,0.30187673526672176,-0.19997774922441103,0.4603174603174603,-0.0006545562704944206,0.354820154237,0.8984080507280847,-0.5435878964910847,0.4775132275132275,-0.0004356906651090051,0.09313181061151421,0.22460531276264217,-0.13147350215112796,0.05194353392744788,0.1725983285697681,-0.1206547946423202,0.3333333333333333,-0.013842517083000458,-0.1425243833090729,-0.1624220959896111,0.0,0.010165976952497102,0.10576836598278372,5,4,5,9,9,9,9,6,8,4,False,False,1
2026-05-29,XLC,communication_services,SPY,0.0034695128729635982,0.06309904235982722,-0.05962952948686362,0.38095238095238093,-0.002747748633300253,-0.016864238070470883,0.10576836598278372,-0.1226326040532546,0.3492063492063492,-0.0018673054785594125,0.018678038973156896,0.1270589985782551,-0.10838095960509819,0.42063492063492064,-0.0007997094210421018,0.15053609975455506,0.30187673526672176,-0.1513406355121667,0.45634920634920634,-0.0004844771187694492,0.9534232159680949,0.8984080507280847,0.055015165240010155,0.5026455026455027,4.6788371973992454e-05,0.1465581016612405,0.22460531276264217,-0.07804721110140167,0.1577010146066513,0.1725983285697681,-0.014897313963116776,0.5,-0.00923472376742803,-0.15308914801615758,-0.1624220959896111,0.0,-0.016864238070470883,0.10576836598278372,7,6,8,6,2,6,2,2,6,6,False,False,2
2026-06-30,XLK,technology,SPY,-0.0014282736856787714,-0.010292580956815511,0.00886430727113674,0.5714285714285714,0.0007253347296580463,0.49605633769025537,0.18469845878589886,0.3113578789043565,0.7301587301587301,0.0038734003146100016,0.3033804965388427,0.08753825501441992,0.21584224152442277,0.6190476190476191,0.0015573704068927944,0.5274541155606287,0.22789414902837613,0.2995599665322526,0.5833333333333334,0.0009480083613079335,1.3045729956890537,0.7892969464247701,0.5152760492642836,0.5383597883597884,0.00040637500310688465,0.5296388584908027,0.24066378143902623,0.2889750770517765,0.11983262306938114,0.10079754742571545,0.01903507564366569,0.6666666666666666,0.019107689160788033,-0.15922691914925802,-0.12449756221387742,-0.014318849756139285,0.49605633769025537,0.18469845878589886,7,1,1,1,1,1,2,1,2,1,False,False,0
2026-06-30,XLF,financials,SPY,0.04299718716533496,-0.010292580956815511,0.05328976812215047,0.47619047619047616,0.002475719554860637,0.11244409371808084,0.18469845878589886,-0.07225436506781802,0.3968253968253968,-0.0010084292540456542,-0.027789612619649406,0.08753825501441992,-0.11532786763406933,0.42063492063492064,-0.0008797197634589778,0.04817024994154373,0.22789414902837613,-0.1797238990868324,0.45634920634920634,-0.0006178997772436718,0.7169825027266212,0.7892969464247701,-0.07231444369814888,0.49867724867724866,-4.969839613179667e-05,0.004959805107689785,0.24066378143902623,-0.23570397633133644,0.014881810460222411,0.10079754742571545,-0.08591573696549304,0.4166666666666667,-0.012780383276702908,-0.14794754937793486,-0.12449756221387742,-0.014318849756139285,0.11244409371808084,0.18469845878589886,3,3,9,10,4,11,8,5,4,3,True,False,6
2026-06-30,XLI,industrials,SPY,0.07252191983691092,-0.010292580956815511,0.08281450079372643,0.6190476190476191,0.0038763097482594927,0.18565688240870593,0.18469845878589886,0.0009584236228070697,0.4603174603174603,6.10417970057231e-05,0.18445061953112107,0.08753825501441992,0.09691236451670115,0.5396825396825397,0.0007160396289212659,0.2781333398929009,0.22789414902837613,0.050239190864524774,0.5198412698412699,0.0001818431024613748,0.8726671794318515,0.7892969464247701,0.08337023300708135,0.49867724867724866,6.801434858086609e-05,0.1917083616223485,0.24066378143902623,-0.048955419816677725,0.0392236456085191,0.10079754742571545,-0.06157390181719635,0.4166666666666667,0.0042415892693628,-0.12499068286045867,-0.12449756221387742,-0.014318849756139285,0.18565688240870593,0.18469845878589886,1,2,3,3,2,3,7,5,7,2,False,False,1
2026-06-30,XLE,energy,SPY,-0.04968887718869641,-0.010292580956815511,-0.0393962962318809,0.6190476190476191,-0.001890378874429967,-0.1366524033401585,0.18469845878589886,-0.32135086212605735,0.49206349206349204,-0.004938277919782027,0.21815662485387177,0.08753825501441992,0.13061836983945185,0.5873015873015873,0.0009750515989679151,0.2840534566699484,0.22789414902837613,0.05615930764157229,0.5357142857142857,0.00023205704859227902,0.5115488738687575,0.7892969464247701,-0.27774807255601264,0.4894179894179894,-0.0001763498122088727,0.35119270504941125,0.24066378143902623,0.11052892361038502,0.04766886449387697,0.10079754742571545,-0.05312868293183848,0.5,0.007941431350066067,-0.1879314708399663,-0.12449756221387742,-0.014318849756139285,-0.1366524033401585,0.18469845878589886,10,11,2,2,6,2,6,2,1,11,False,True,-9
2026-06-30,XLB,materials,SPY,-0.00254039831935593,-0.010292580956815511,0.0077521826374595815,0.5238095238095238,0.00040478105013686514,0.03931670169388268,0.18469845878589886,-0.14538175709201617,0.4126984126984127,-0.002050453702942688,0.11140652744596968,0.08753825501441992,0.023868272431549764,0.5,0.00020830414626126807,0.17774358410629443,0.22789414902837613,-0.0501505649220817,0.4880952380952381,-0.0001357776777423742,0.35174379794865995,0.7892969464247701,-0.43755314847611015,0.4933862433862434,-0.00035865962307743947,0.18074314199982178,0.24066378143902623,-0.05992063943920445,0.003831027065990922,0.10079754742571545,-0.09696652035972453,0.5,-0.0016325695464304384,-0.14642009547517898,-0.12449756221387742,-0.014318849756139285,0.03931670169388268,0.18469845878589886,8,7,4,5,9,4,10,2,5,7,False,False,-3
2026-06-30,XLY,consumer_discretionary,SPY,-0.02776789664575352,-0.010292580956815511,-0.01747531568893801,0.5238095238095238,-0.0007985222128425953,0.11218722788257507,0.18469845878589886,-0.07251123090332379,0.42857142857142855,-0.0009605565762568266,-0.035233447480362945,0.08753825501441992,-0.12277170249478286,0.4365079365079365,-0.0009109959465542168,0.08139635063308037,0.22789414902837613,-0.14649779839529575,0.44047619047619047,-0.0004674104609045395,0.4528079068571802,0.7892969464247701,-0.3364890395675899,0.4722222222222222,-0.000235599649414414,0.11228208459915279,0.24066378143902623,-0.12838169683987344,0.06963556387802172,0.10079754742571545,-0.031161983547693728,0.3333333333333333,-0.00953669975335475,-0.1497570289774257,-0.12449756221387742,-0.014318849756139285,0.11218722788257507,0.18469845878589886,9,4,10,8,7,7,4,10,3,4,True,False,6
2026-06-30,XLP,consumer_staples,SPY,0.00888173253289426,-0.010292580956815511,0.01917431348970977,0.42857142857142855,0.0009078801936540913,0.02157295267931514,0.18469845878589886,-0.16312550610658372,0.36507936507936506,-0.0023506627441794727,0.07525506096055357,0.08753825501441992,-0.012283194053866353,0.42063492063492064,-8.442231337323323e-05,0.059887144708608675,0.22789414902837613,-0.16800700431976745,0.4166666666666667,-0.0005810162834862749,0.22151858209569575,0.7892969464247701,-0.5677783643290744,0.4365079365079365,-0.0005205294355493243,0.05055638389611872,0.24066378143902623,-0.1901073975429075,-0.024262545276892644,0.10079754742571545,-0.1250600927026081,0.3333333333333333,-0.01101118199547623,-0.09687820713134254,-0.12449756221387742,-0.014318849756139285,0.02157295267931514,0.18469845878589886,6,8,6,9,11,10,11,10,10,8,False,False,-2
2026-06-30,XLV,health_care,SPY,0.06616528769780827,-0.010292580956815511,0.07645786865462378,0.5238095238095238,0.003567390215367074,0.1080498169438584,0.18469845878589886,-0.07664864184204045,0.42857142857142855,-0.0010488548390400793,0.025407555069517862,0.08753825501441992,-0.06213069994490206,0.4444444444444444,-0.0004564066218373929,0.2053399977704531,0.22789414902837613,-0.02255415125792304,0.4722222222222222,-5.759200833260802e-05,0.26391845752710474,0.7892969464247701,-0.5253784888976654,0.45634920634920634,-0.0004661858831871932,0.13053764897295372,0.24066378143902623,-0.1101261324660725,0.1908916954494666,0.10079754742571545,0.09009414802375115,0.4166666666666667,-0.0003176996457970223,-0.1180740906457024,-0.12449756221387742,-0.014318849756139285,0.1080498169438584,0.18469845878589886,2,5,8,4,10,5,1,5,9,5,False,False,3
2026-06-30,XLU,utilities,SPY,0.027229182134643537,-0.010292580956815511,0.03752176309145905,0.6190476190476191,0.00177791701168525,-0.0063257723936359644,0.18469845878589886,-0.19102423117953482,0.4126984126984127,-0.0027810347301038332,0.07406576324706715,0.08753825501441992,-0.013472491767352768,0.49206349206349204,-8.33733659803795e-05,0.14605624108684667,0.22789414902837613,-0.08183790794152945,0.4801587301587302,-0.0002622157603662558,0.5260673437502728,0.7892969464247701,-0.26322960267449735,0.4828042328042328,-0.0002032677448916552,0.11567726172388659,0.24066378143902623,-0.12498651971513963,0.0993212550574647,0.10079754742571545,-0.0014762923682507534,0.5,-0.004217440371963264,-0.0918475973371573,-0.12449756221387742,-0.014318849756139285,-0.0063257723936359644,0.18469845878589886,4,10,7,6,5,6,3,2,11,10,False,False,-3
2026-06-30,XLRE,real_estate,SPY,0.009680029054024875,-0.010292580956815511,0.019972610010840386,0.5714285714285714,0.000968604529172732,0.10459654362926174,0.18469845878589886,-0.08010191515663712,0.4126984126984127,-0.0011040893763136878,0.10351337363852364,0.08753825501441992,0.015975118624103724,0.49206349206349204,0.00012354631344265273,0.10768612741762573,0.22789414902837613,-0.12020802161075039,0.4642857142857143,-0.00040089842586990906,0.3601949645062634,0.7892969464247701,-0.4291019819185067,0.48148148148148145,-0.00035236088558914593,0.09706649190181893,0.24066378143902623,-0.1435972895372073,0.011798272409996535,0.10079754742571545,-0.08899927501571891,0.4166666666666667,-0.008210788309709125,-0.11882123744437512,-0.12449756221387742,-0.014318849756139285,0.10459654362926174,0.18469845878589886,5,6,5,7,8,8,9,5,8,6,False,False,-1
2026-06-30,XLC,communication_services,SPY,-0.07158183209194813,-0.010292580956815511,-0.061289251135132616,0.3333333333333333,-0.0030414819399254833,-0.00510653918658921,0.18469845878589886,-0.18980499797248807,0.3333333333333333,-0.002771904667826413,-0.08661986128850574,0.08753825501441992,-0.17415811630292566,0.3888888888888889,-0.0013815694163139504,0.007404220560476293,0.22789414902837613,-0.22048992846789983,0.43253968253968256,-0.0007808590875478774,0.7298153690440721,0.7892969464247701,-0.059481577380698036,0.4947089947089947,-3.587949278718435e-05,0.08507594463645507,0.24066378143902623,-0.15558783680257116,0.0651804624454535,0.10079754742571545,-0.03561708498026195,0.4166666666666667,-0.016101540434162388,-0.12691346978926754,-0.12449756221387742,-0.014318849756139285,-0.00510653918658921,0.18469845878589886,11,9,11,11,3,9,5,5,6,9,False,True,2
2026-07-31,XLK,technology,SPY,-0.05532799500140406,0.0017030314238299926,-0.057031026425234055,0.38095238095238093,-0.0026077319274409464,0.10068397054842593,0.0421542890769564,0.05852968147146953,0.5714285714285714,0.0010732808680263422,0.19682289406442388,0.08207020405790177,0.1147526900065221,0.5793650793650794,0.000947532219815075,0.33194970815878944,0.19047274520703739,0.14147696295175205,0.5674603174603174,0.000542767098831877,1.0318013970828113,0.7022923668037857,0.32950903027902556,0.5357142857142857,0.00031029658757929273,0.4099599661162492,0.18844877958978357,0.22151118652646562,0.10532717546445114,0.09036840230550913,0.014958773158942007,0.5833333333333334,0.011262632990469293,-0.15922691914925802,-0.08884972983911343,-0.013975611509222663,0.10068397054842593,0.0421542890769564,11,2,1,2,1,1,3,1,1,2,False,False,-1
2026-07-31,XLF,financials,SPY,0.03943044126168682,0.0017030314238299926,0.03772740983785683,0.6190476190476191,0.0017708441602534153,0.0960954729157415,0.0421542890769564,0.0539411838387851,0.47619047619047616,0.0008018111309905197,0.07251495815566944,0.08207020405790177,-0.009555245902232334,0.4603174603174603,-6.244838753898041e-05,0.09722270684116285,0.19047274520703739,-0.09325003836587453,0.4722222222222222,-0.0003135422580829232,0.6780708811592693,0.7022923668037857,-0.024221485644516427,0.5013227513227513,-1.389241052878622e-05,0.05559993558522902,0.18844877958978357,-0.13284884400455454,0.05685186306741641,0.09036840230550913,-0.033516539238092724,0.5,-0.005758822327018039,-0.14794754937793486,-0.08884972983911343,-0.013975611509222663,0.0960954729157415,0.0421542890769564,2,3,5,7,3,10,5,2,3,3,False,False,2
2026-07-31,XLI,industrials,SPY,-0.01919717607894411,0.0017030314238299926,-0.020900207502774104,0.47619047619047616,-0.0009798915988378548,0.03266388189063618,0.0421542890769564,-0.009490407186320216,0.47619047619047616,-0.00010818885500780906,0.09000990192843727,0.08207020405790177,0.0079396978705355,0.5,9.475510235355349e-05,0.19840607465220494,0.19047274520703739,0.007933329445167558,0.5079365079365079,5.004229867613203e-05,0.7004530552385984,0.7022923668037857,-0.0018393115651873515,0.49867724867724866,6.894912241576898e-06,0.2218623819425951,0.18844877958978357,0.033413602352811544,0.03985272161595965,0.09036840230550913,-0.05051568068954948,0.3333333333333333,0.001185339217025581,-0.1221349664959619,-0.08884972983911343,-0.013975611509222663,0.03266388189063618,0.0421542890769564,10,4,4,4,2,3,6,10,5,4,False,False,0
2026-07-31,XLE,energy,SPY,0.12762731176949793,0.0017030314238299926,0.12592428034566794,0.7142857142857143,0.005704055136437421,0.005523160372581382,0.0421542890769564,-0.036631128704375016,0.5555555555555556,-0.0004895535542854153,0.19523565772634588,0.08207020405790177,0.1131654536684441,0.5873015873015873,0.0008594856698879178,0.4006741424968816,0.19047274520703739,0.21020139728984422,0.5515873015873016,0.0007008173660788661,0.522086210173859,0.7022923668037857,-0.18020615662992667,0.4894179894179894,-0.00010131772041249563,0.24214279654056314,0.18844877958978357,0.05369401695077958,0.035227533246805276,0.09036840230550913,-0.055140869058703856,0.5,0.017584698334138966,-0.1205243216800792,-0.08884972983911343,-0.013975611509222663,0.005523160372581382,0.0421542890769564,1,7,2,1,5,2,8,2,6,7,False,False,-5
2026-07-31,XLB,materials,SPY,-0.011564058519141662,0.0017030314238299926,-0.013267089942971655,0.5238095238095238,-0.0005855777302881062,-0.016542393259790678,0.0421542890769564,-0.058696682336747075,0.49206349206349204,-0.0008741278824642732,0.016873420331219968,0.08207020405790177,-0.0651967837266818,0.47619047619047616,-0.0004555944113008312,0.15585043660499043,0.19047274520703739,-0.03462230860204696,0.49603174603174605,-8.807460150242298e-05,0.2536186654183221,0.7022923668037857,-0.4486737013854636,0.4933862433862434,-0.0003920081630615181,0.16937313598017734,0.18844877958978357,-0.01907564360960623,0.039826596474924925,0.09036840230550913,-0.05054180583058421,0.5,-0.00036681249165584906,-0.12383430038423593,-0.08884972983911343,-0.013975611509222663,-0.016542393259790678,0.0421542890769564,7,8,9,5,10,5,7,2,4,8,False,False,1
2026-07-31,XLY,consumer_discretionary,SPY,-0.016936241172053612,0.0017030314238299926,-0.018639272595883605,0.38095238095238093,-0.0008035689393732252,-0.0171412224814661,0.0421542890769564,-0.0592955115584225,0.4126984126984127,-0.0008732885319032395,-0.03824571592111081,0.08207020405790177,-0.12031591997901259,0.4365079365079365,-0.0008872358623231656,0.04831518580246219,0.19047274520703739,-0.1421575594045752,0.4365079365079365,-0.0004622628408744101,0.3860433359780311,0.7022923668037857,-0.3162490308257546,0.4642857142857143,-0.00023070325464243113,0.06637557980197695,0.18844877958978357,-0.12207319978780662,0.0869451290419736,0.09036840230550913,-0.003423273263535531,0.3333333333333333,-0.010071575538966907,-0.1497570289774257,-0.08884972983911343,-0.013975611509222663,-0.0171412224814661,0.0421542890769564,9,9,10,10,7,8,4,10,2,9,False,False,1
2026-07-31,XLP,consumer_staples,SPY,0.021008374696689147,0.0017030314238299926,0.019305343272859155,0.5238095238095238,0.0009644931346724849,0.015776642149783804,0.0421542890769564,-0.026377646927172593,0.4126984126984127,-0.0003856944231915831,0.048608029283816245,0.08207020405790177,-0.03346217477408553,0.4365079365079365,-0.00023689481285748485,0.08622870261582438,0.19047274520703739,-0.104244042591213,0.43253968253968256,-0.0003571251726636929,0.21426174978625379,0.7022923668037857,-0.4880306170175319,0.4417989417989418,-0.00046089428174013686,0.06387834765656075,0.18844877958978357,-0.12457043193322281,-0.012681943533519147,0.09036840230550913,-0.10305034583902828,0.4166666666666667,-0.005981338764663113,-0.09687820713134254,-0.08884972983911343,-0.013975611509222663,0.015776642149783804,0.0421542890769564,3,6,7,8,11,9,10,8,9,6,False,False,1
2026-07-31,XLV,health_care,SPY,0.018866812279480616,0.0017030314238299926,0.017163780855650623,0.47619047619047616,0.0008630979474548981,0.11834287849628966,0.0421542890769564,0.07618858941933326,0.5079365079365079,0.0011504130334936665,0.06577856656924386,0.08207020405790177,-0.016291637488657917,0.4603174603174603,-0.0001035237664233203,0.23249936500905477,0.19047274520703739,0.042026619802017384,0.48412698412698413,0.00015469193749660328,0.25876508609671833,0.7022923668037857,-0.4435272807070674,0.46164021164021163,-0.0004044994691744861,0.20967662323951886,0.18844877958978357,0.02122784364973529,0.1713919245411255,0.09036840230550913,0.08102352223561637,0.5,0.0062067097615878435,-0.10469897494600677,-0.08884972983911343,-0.013975611509222663,0.11834287849628966,0.0421542890769564,5,1,6,3,9,4,1,2,8,1,False,False,5
2026-07-31,XLU,utilities,SPY,-0.009381382224762258,0.0017030314238299926,-0.01108441364859225,0.47619047619047616,-0.0005108135352042131,-0.047317149072862996,0.0421542890769564,-0.0894714381498194,0.4603174603174603,-0.001408156793113364,0.03727763809069096,0.08207020405790177,-0.04479256596721082,0.4603174603174603,-0.00031948058570800485,0.06998637534478824,0.19047274520703739,-0.12048636986224914,0.47619047619047616,-0.00041196553536660996,0.4191995739409715,0.7022923668037857,-0.2830927928628142,0.48544973544973546,-0.00023366751559286073,0.08011938817362152,0.18844877958978357,-0.10832939141616205,0.020344180151020907,0.09036840230550913,-0.07002422215448822,0.4166666666666667,-0.008189346238639567,-0.0918475973371573,-0.08884972983911343,-0.013975611509222663,-0.047317149072862996,0.0421542890769564,6,10,8,9,6,7,9,8,10,10,False,False,-2
2026-07-31,XLRE,real_estate,SPY,0.020144797699160444,0.0017030314238299926,0.01844176627533045,0.47619047619047616,0.0008863523067572707,0.0239850813409348,0.0421542890769564,-0.018169207736021598,0.4444444444444444,-0.0002658926776591188,0.10637004975364928,0.08207020405790177,0.024299845695747502,0.48412698412698413,0.0001844110993520238,0.1061425493350896,0.19047274520703739,-0.08433019587194779,0.46825396825396826,-0.0002845819255910683,0.2861592393662147,0.7022923668037857,-0.416133127437571,0.4775132275132275,-0.00036052054098240874,0.08429955417102453,0.18844877958978357,-0.10414922541875904,-0.018089296837958346,0.09036840230550913,-0.10845769914346748,0.5,-0.004376372688711744,-0.08331990088229202,-0.08884972983911343,-0.013975611509222663,0.0239850813409348,0.0421542890769564,4,5,3,6,8,6,11,2,11,5,False,False,-2
2026-07-31,XLC,communication_services,SPY,-0.01366866084133933,0.0017030314238299926,-0.015371692265169323,0.5714285714285714,-0.000668869249003567,-0.06856419497390875,0.0421542890769564,-0.11071848405086515,0.42857142857142855,-0.0017545556400627574,-0.0911771040290491,0.08207020405790177,-0.17324730808695088,0.3968253968253968,-0.0013707802727568911,0.02960312239834706,0.19047274520703739,-0.16086962280869033,0.4603174603174603,-0.000565894940334178,0.6730445002942487,0.7022923668037857,-0.029247866509537035,0.49867724867724866,-1.2864850693948557e-05,0.043871447171695,0.18844877958978357,-0.14457733241808857,0.1149284501346941,0.09036840230550913,0.024560047829184972,0.5,-0.012550704455976919,-0.1057496701117212,-0.08884972983911343,-0.013975611509222663,-0.06856419497390875,0.0421542890769564,8,11,11,11,4,11,2,2,7,11,False,True,0
2026-08-31,XLK,technology,SPY,0.06358705259112751,0.026799359784972054,0.03678769280615546,0.5714285714285714,0.0017915104422449775,-0.04616687470193248,0.013824030982236613,-0.059990905684169094,0.49206349206349204,-0.0007677187980913788,0.3397918684375867,0.1234684426528847,0.21632342578470198,0.6031746031746031,0.001545009315210558,0.40675877500314295,0.19513832323546643,0.21162045176767652,0.5714285714285714,0.0007514911717458403,1.2780984821561612,0.8224079907776354,0.4556904913785258,0.5383597883597884,0.0003733933197654003,0.32265503944973295,0.16394533347366624,0.1587097059760667,0.10513848457392205,0.07566526562576259,0.029473218948159463,0.6666666666666666,0.01601396373583348,-0.15922691914925802,-0.08884972983911343,-0.013922518588332156,-0.04616687470193248,0.013824030982236613,2,11,1,2,1,2,3,1,1,11,False,False,-10
2026-08-31,XLF,financials,SPY,0.013523005965239143,0.026799359784972054,-0.013276353819732911,0.38095238095238093,-0.0006209625306133205,0.1260383564729901,0.013824030982236613,0.1122143254907535,0.5079365079365079,0.001665803072927605,0.13469484377316898,0.1234684426528847,0.01122640112028428,0.4603174603174603,7.665934776110218e-05,0.08831170218779505,0.19513832323546643,-0.10682662104767138,0.45634920634920634,-0.00036216406364977626,0.7887425921322497,0.8224079907776354,-0.03366539864538565,0.4973544973544973,-1.964429225927104e-05,0.07379082248984581,0.16394533347366624,-0.09015451098382044,0.0011896005034468526,0.07566526562576259,-0.07447566512231574,0.4166666666666667,-0.0076867388934156455,-0.14794754937793486,-0.08884972983911343,-0.013922518588332156,0.1260383564729901,0.013824030982236613,6,2,3,6,2,9,11,6,3,2,False,False,1
2026-08-31,XLI,industrials,SPY,-0.02618993070086162,0.026799359784972054,-0.05298929048583367,0.2857142857142857,-0.0025032931448625865,0.018334558519677246,0.013824030982236613,0.004510527537440634,0.4603174603174603,0.00010241574750586529,-0.015907293100173914,0.1234684426528847,-0.13937573575305862,0.42063492063492064,-0.0010139194155906384,0.1562183617264452,0.19513832323546643,-0.03891996150902122,0.49206349206349204,-0.0001058834658030916,0.7308383717270412,0.8224079907776354,-0.09156961905059413,0.4933862433862434,-5.922709549219296e-05,0.18731403399698676,0.16394533347366624,0.023368700523320518,0.089269034984361,0.07566526562576259,0.013603769358598417,0.3333333333333333,-0.0014396197868007203,-0.1221349664959619,-0.08884972983911343,-0.013922518588332156,0.018334558519677246,0.013824030982236613,10,7,8,5,4,4,5,10,5,7,False,False,1
2026-08-31,XLE,energy,SPY,0.07405541526003301,0.026799359784972054,0.047256055475060954,0.47619047619047616,0.0022337286839499504,0.12428032066257,0.013824030982236613,0.11045628968033339,0.5873015873015873,0.0017060280637106,0.13678418225150657,0.1234684426528847,0.013315739598621867,0.5476190476190477,0.00016433471074201253,0.46725148422742624,0.19513832323546643,0.2721131609919598,0.5515873015873016,0.0008764325710620087,0.6233096993484422,0.8224079907776354,-0.19909829142919322,0.4880952380952381,-0.00010439455969716194,0.3660854583300983,0.16394533347366624,0.20214012485643207,0.14294235575999603,0.07566526562576259,0.06727709013423344,0.5,0.020117935831465667,-0.1205243216800792,-0.08884972983911343,-0.013922518588332156,0.12428032066257,0.013824030982236613,1,3,2,1,5,1,1,2,6,3,False,False,-1
2026-08-31,XLB,materials,SPY,0.04481455523341049,0.026799359784972054,0.018015195448438437,0.5714285714285714,0.0008567675767868025,0.03862951698580863,0.013824030982236613,0.02480548600357202,0.5555555555555556,0.00042072381098403857,-0.002399839967134443,0.1234684426528847,-0.12586828262001915,0.4603174603174603,-0.0009097248448929253,0.16440204480778808,0.19513832323546643,-0.030736278427678343,0.5,-7.333536522034756e-05,0.38572749742691226,0.8224079907776354,-0.4366804933507231,0.49603174603174605,-0.0003486778462111434,0.11445810069870421,0.16394533347366624,-0.04948723277496203,0.09596541557325633,0.07566526562576259,0.02030014994749374,0.5,-0.001464236914751088,-0.12383430038423593,-0.08884972983911343,-0.013922518588332156,0.03862951698580863,0.013824030982236613,4,5,7,4,8,5,4,2,4,5,False,False,2
2026-08-31,XLY,consumer_discretionary,SPY,0.004307004764432909,0.026799359784972054,-0.022492355020539145,0.38095238095238093,-0.0010276295186193492,-0.011571819222817137,0.013824030982236613,-0.02539585020505375,0.4444444444444444,-0.00035030618634350014,0.014183037674907695,0.1234684426528847,-0.10928540497797701,0.42063492063492064,-0.0007622003599713996,0.0035947647030794005,0.19513832323546643,-0.19154355853238703,0.42857142857142855,-0.0006514681645477809,0.4674095859666991,0.8224079907776354,-0.35499840481093625,0.4642857142857143,-0.000245670528711004,-0.0007091855956145032,0.16394533347366624,-0.16465451906928075,0.03902923121517099,0.07566526562576259,-0.0366360344105916,0.25,-0.014023517730686894,-0.1497570289774257,-0.08884972983911343,-0.013922518588332156,-0.011571819222817137,0.013824030982236613,7,8,6,11,6,10,7,11,2,8,False,False,-2
2026-08-31,XLP,consumer_staples,SPY,-0.0008230369440200835,0.026799359784972054,-0.027622396728992138,0.47619047619047616,-0.001280771631794789,0.043150525707905674,0.013824030982236613,0.02932649472566906,0.49206349206349204,0.000474317122518299,-0.029970764270925265,0.1234684426528847,-0.15343920692380997,0.42063492063492064,-0.001153867325911688,0.08817443483032372,0.19513832323546643,-0.1069638884051427,0.4365079365079365,-0.0003639700864926768,0.2801417561820507,0.8224079907776354,-0.5422662345955847,0.44312169312169314,-0.00048054348077575764,0.08907078031717752,0.16394533347366624,-0.07487455315648872,0.03858710776895036,0.07566526562576259,-0.03707815785681223,0.4166666666666667,-0.007571094899842469,-0.09687820713134254,-0.08884972983911343,-0.013922518588332156,0.043150525707905674,0.013824030982236613,8,4,9,7,11,7,9,6,9,4,False,False,5
2026-08-31,XLV,health_care,SPY,0.04915408232476737,0.026799359784972054,0.022354722539795313,0.5714285714285714,0.0010712224134425646,0.15863170315529707,0.013824030982236613,0.14480767217306045,0.5396825396825397,0.0021597321836965056,0.08494482507077694,0.1234684426528847,-0.03852361758210776,0.46825396825396826,-0.0002536028748070408,0.2718512767977659,0.19513832323546643,0.07671295356229946,0.4880952380952381,0.0002649670688761134,0.35404363711322406,0.8224079907776354,-0.4683643536644113,0.4669312169312169,-0.0003965769810733083,0.21226357331568968,0.16394533347366624,0.048318239842023436,0.13744412896009273,0.07566526562576259,0.061778863334330136,0.5,0.005314083965556844,-0.10469897494600677,-0.08884972983911343,-0.013922518588332156,0.15863170315529707,0.013824030982236613,3,1,4,3,9,3,2,2,8,1,False,False,3
2026-08-31,XLU,utilities,SPY,-0.04780151567979274,0.026799359784972054,-0.0746008754647648,0.38095238095238093,-0.003575237673186957,-0.01392895376674852,0.013824030982236613,-0.027752984748985132,0.49206349206349204,-0.0004325468603637495,-0.09654227444028263,0.1234684426528847,-0.22001071709316733,0.42063492063492064,-0.0017162128264633476,0.025821933689713417,0.19513832323546643,-0.169316389545753,0.48412698412698413,-0.0005933900548329002,0.46370530199353355,0.8224079907776354,-0.35870268878410183,0.48412698412698413,-0.00028289449954188556,0.07731943558182341,0.16394533347366624,-0.08662589789184283,0.03860277713576954,0.07566526562576259,-0.03706248848999305,0.4166666666666667,-0.011281476495655038,-0.0918475973371573,-0.08884972983911343,-0.013922518588332156,-0.01392895376674852,0.013824030982236613,11,9,11,9,7,8,8,6,10,9,False,False,2
2026-08-31,XLRE,real_estate,SPY,-0.021300145584609242,0.026799359784972054,-0.0480995053695813,0.38095238095238093,-0.0022806084334458443,0.028345969447329145,0.013824030982236613,0.014521938465092532,0.49206349206349204,0.00023668570742556712,0.01993654979574422,0.1234684426528847,-0.10353189285714048,0.4365079365079365,-0.0007600047380022222,0.08438248242470969,0.19513832323546643,-0.11075584081075673,0.4603174603174603,-0.0003792688691911217,0.3442975771666741,0.8224079907776354,-0.4781104136109613,0.4722222222222222,-0.0003924766966550215,0.10798267470106704,0.16394533347366624,-0.055962658772599205,0.001457581889329873,0.07566526562576259,-0.07420768373643272,0.4166666666666667,-0.008379219416374808,-0.08331990088229202,-0.08884972983911343,-0.013922518588332156,0.028345969447329145,0.013824030982236613,9,6,5,8,10,6,10,6,11,6,False,False,-1
2026-08-31,XLC,communication_services,SPY,0.02974874738598965,0.026799359784972054,0.0029493876010175946,0.5714285714285714,0.00017972368332437,-0.03338841511505353,0.013824030982236613,-0.04721244609729014,0.5079365079365079,-0.000714494062514404,-0.04889641953105639,0.1234684426528847,-0.1723648621839411,0.42857142857142855,-0.0013013847064838862,0.011215437441991272,0.19513832323546643,-0.18392288579347515,0.4642857142857143,-0.0006500059862975747,0.7652855465188355,0.8224079907776354,-0.057122444258799865,0.4973544973544973,-3.16521470140005e-05,-0.017997895108923467,0.16394533347366624,-0.1819432285825897,0.08052086852625329,0.07566526562576259,0.004855602900490696,0.5,-0.013661524257167166,-0.1057496701117212,-0.08884972983911343,-0.013922518588332156,-0.03338841511505353,0.013824030982236613,5,10,10,10,3,11,6,2,7,10,False,False,0
2026-09-25,XLK,technology,SPY,0.07470492666874695,0.00937943976708655,0.0653254869016604,0.7142857142857143,0.003058281102209245,0.08497071796035383,0.06073523942506531,0.024235478535288513,0.5555555555555556,0.00048593245894249003,0.48478010330751165,0.20178191408177515,0.2829981892257365,0.626984126984127,0.0018245503440081972,0.41675996815064553,0.1793554072975252,0.23740456085312034,0.5912698412698413,0.0008336411570685416,1.401015864221912,0.8234132134211014,0.5776026508008105,0.541005291005291,0.0004425487339387409,0.31827809940553964,0.16839650267659545,0.1498815967289442,0.02859645967266622,0.051577979987032396,-0.022981520314366177,0.6666666666666666,0.016580176794268348,-0.15922691914925802,-0.08884972983911343,-0.005932330109680306,0.08497071796035383,0.06073523942506531,1,2,1,1,1,2,8,1,1,2,False,False,-1
2026-09-25,XLF,financials,SPY,-0.055370950165875454,0.00937943976708655,-0.064750389932962,0.47619047619047616,-0.003141586877232237,0.027330346762421298,0.06073523942506531,-0.033404892662644015,0.49206349206349204,-0.0004988946164979772,0.12593011170817237,0.20178191408177515,-0.07585180237360278,0.4523809523809524,-0.0005145504302651875,0.03907427123380125,0.1793554072975252,-0.14028113606372394,0.4603174603174603,-0.0004929990497503865,0.6657136921397908,0.8234132134211014,-0.1576995212813106,0.49603174603174605,-0.00011409874280978019,0.09998127986457872,0.16839650267659545,-0.06841522281201673,-0.029075044613913636,0.051577979987032396,-0.08065302460094603,0.4166666666666667,-0.009408701690571139,-0.14794754937793486,-0.08884972983911343,-0.005932330109680306,0.027330346762421298,0.06073523942506531,8,5,3,7,4,8,11,6,3,5,False,False,-2
2026-09-25,XLI,industrials,SPY,-0.052411864750591786,0.00937943976708655,-0.061791304517678336,0.38095238095238093,-0.002995445135674201,-0.05690925657247525,0.06073523942506531,-0.11764449599754057,0.3968253968253968,-0.0018486887879615342,0.06224640487420019,0.20178191408177515,-0.13953550920757496,0.42857142857142855,-0.0009459808335630877,0.13220503095462122,0.1793554072975252,-0.04715037634290398,0.503968253968254,-0.00013657527553453158,0.7113818083115397,0.8234132134211014,-0.11203140510956167,0.49074074074074076,-7.474174221727971e-05,0.1948282052482868,0.16839650267659545,0.026431702571691362,0.15731641873167646,0.051577979987032396,0.10573843874464406,0.3333333333333333,-0.0027578998475802827,-0.1221349664959619,-0.08884972983911343,-0.005932330109680306,-0.05690925657247525,0.06073523942506531,6,9,4,5,3,5,4,9,6,9,False,False,-5
2026-09-25,XLE,energy,SPY,-0.00034009576649307593,0.00937943976708655,-0.009719535533579626,0.47619047619047616,-0.0004039856318723569,0.15915243118603017,0.06073523942506531,0.09841719176096486,0.5238095238095238,0.0014746832121524892,0.02176274748985607,0.20178191408177515,-0.18001916659191908,0.5158730158730159,-0.001211382688202648,0.412638444902119,0.1793554072975252,0.2332830376045938,0.5515873015873016,0.0007789375796220191,0.5088513687029348,0.8234132134211014,-0.3145618447181666,0.4828042328042328,-0.00020138631144730082,0.4131190407054135,0.16839650267659545,0.24472253802881805,0.22509915708551342,0.051577979987032396,0.17352117709848103,0.5,0.0205655842762666,-0.14050511506976293,-0.08884972983911343,-0.005932330109680306,0.15915243118603017,0.06073523942506531,3,1,9,2,5,1,1,2,4,1,False,False,8
2026-09-25,XLB,materials,SPY,-0.06783715432788917,0.00937943976708655,-0.07721659409497572,0.2857142857142857,-0.003767491609228058,-0.030442270161027518,0.06073523942506531,-0.09117750958609283,0.4603174603174603,-0.0013938017434108696,0.022942362945063133,0.20178191408177515,-0.17883955113671202,0.4523809523809524,-0.0012496535293646028,0.1395803041104784,0.1793554072975252,-0.0397751031870468,0.5,-0.000105997643657433,0.3176143041627957,0.8234132134211014,-0.5057989092583057,0.49074074074074076,-0.00041589976830709737,0.22251204218380405,0.16839650267659545,0.0541155395072086,0.19878391423850905,0.051577979987032396,0.14720593425147666,0.5,-0.001493628086759587,-0.12383430038423593,-0.08884972983911343,-0.005932330109680306,-0.030442270161027518,0.06073523942506531,9,7,8,4,9,4,2,2,5,7,False,False,1
2026-09-25,XLY,consumer_discretionary,SPY,-0.054254852033408296,0.00937943976708655,-0.06363429180049485,0.2857142857142857,-0.003070637611974717,-0.03118387838928538,0.06073523942506531,-0.09191911781435069,0.36507936507936506,-0.0013888723276339909,0.020162602908064597,0.20178191408177515,-0.18161931117371055,0.3968253968253968,-0.0012531862548324176,-0.0695510482295919,0.1793554072975252,-0.2489064555271171,0.4166666666666667,-0.0008988191823796449,0.35669532756058553,0.8234132134211014,-0.4667178858605159,0.458994708994709,-0.0003505445838005264,-0.01617369777584521,0.16839650267659545,-0.18457020045244066,-0.020684198435062084,0.051577979987032396,-0.07226217842209448,0.16666666666666666,-0.018819646220290736,-0.1497570289774257,-0.08884972983911343,-0.005932330109680306,-0.03118387838928538,0.06073523942506531,7,8,10,11,7,10,10,11,2,8,False,False,2
2026-09-25,XLP,consumer_staples,SPY,-0.04254448667847632,0.00937943976708655,-0.051923926445562874,0.2857142857142857,-0.0025112465518927524,-0.024912146370044796,0.06073523942506531,-0.08564738579511011,0.42857142857142855,-0.0013127170948603166,0.025053159816439408,0.20178191408177515,-0.17672875426533574,0.4126984126984127,-0.0012508230627882029,0.0737647146675271,0.1793554072975252,-0.1055906926299981,0.42857142857142855,-0.0003646621199387839,0.24594292378698368,0.8234132134211014,-0.5774702896341177,0.44047619047619047,-0.0005169831883809806,0.12147739474862229,0.16839650267659545,-0.04691910792797316,0.14269109450890682,0.051577979987032396,0.09111311452187443,0.4166666666666667,-0.005825121850300707,-0.09687820713134254,-0.08884972983911343,-0.005932330109680306,-0.024912146370044796,0.06073523942506531,5,6,7,6,11,6,5,6,9,6,False,False,1
2026-09-25,XLV,health_care,SPY,-0.012600536145703445,0.00937943976708655,-0.021979975912789995,0.47619047619047616,-0.0010347545651801225,0.06868708193939987,0.06073523942506531,0.007951842514334562,0.5238095238095238,0.00015461637453220226,0.18093189470774007,0.20178191408177515,-0.020850019374035078,0.49206349206349204,-0.00011382654281116227,0.27247201714829417,0.1793554072975252,0.09311660985076897,0.49603174603174605,0.000319967358441989,0.3639026726323058,0.8234132134211014,-0.4595105407887956,0.46825396825396826,-0.00038725412024680927,0.28871045987934996,0.16839650267659545,0.1203139572027545,0.1621240635178458,0.051577979987032396,0.11054608353081341,0.5,0.006513283994199297,-0.10469897494600677,-0.08884972983911343,-0.005932330109680306,0.06868708193939987,0.06073523942506531,4,3,2,3,6,3,3,2,8,3,False,False,-1
2026-09-25,XLU,utilities,SPY,-0.08525597981599864,0.00937943976708655,-0.09463541958308519,0.19047619047619047,-0.004665041920961727,-0.13851703754854072,0.06073523942506531,-0.19925227697360604,0.3492063492063492,-0.0032845215058203824,-0.11637649240854664,0.20178191408177515,-0.3181584064903218,0.3968253968253968,-0.0024271973629765922,-0.057695654693653786,0.1793554072975252,-0.23705106199117898,0.4603174603174603,-0.0008775422253876448,0.34854999720064117,0.8234132134211014,-0.47486321622046024,0.4775132275132275,-0.0003917665599044174,0.03012900277478825,0.16839650267659545,-0.1382674999018072,0.1064303597635583,0.051577979987032396,0.054852379776525906,0.3333333333333333,-0.017158824940816553,-0.0918475973371573,-0.08884972983911343,-0.005932330109680306,-0.13851703754854072,0.06073523942506531,11,11,11,10,8,9,6,9,10,11,False,False,0
2026-09-25,XLRE,real_estate,SPY,-0.07052948408084014,0.00937943976708655,-0.0799089238479267,0.23809523809523808,-0.003919573608871947,-0.07361133171955658,0.06073523942506531,-0.1343465711446219,0.38095238095238093,-0.002139684491038506,0.04931924353350947,0.20178191408177515,-0.15246267054826568,0.4126984126984127,-0.0010695658142327808,0.03503441737004853,0.1793554072975252,-0.14432098992747666,0.4603174603174603,-0.0005121472051670666,0.2773328193380411,0.8234132134211014,-0.5460803940830603,0.4695767195767196,-0.0004608241051216191,0.11357423354789886,0.16839650267659545,-0.05482226912869659,0.05640487044618858,0.051577979987032396,0.004826890459156186,0.4166666666666667,-0.0105752022175358,-0.08331990088229202,-0.08884972983911343,-0.005932330109680306,-0.07361133171955658,0.06073523942506531,10,10,5,8,10,7,7,6,11,10,False,False,-5
2026-09-25,XLC,communication_services,SPY,0.006414083862917863,0.00937943976708655,-0.0029653559041686872,0.42857142857142855,-6.920041554914214e-05,0.06736001594058849,0.06073523942506531,0.006624776515523179,0.5238095238095238,0.00016025491256726237,0.04427096227238847,0.20178191408177515,-0.15751095180938668,0.4444444444444444,-0.0010841851529381228,-0.02615393469606553,0.1793554072975252,-0.20550934199359072,0.4523809523809524,-0.000742986706922804,0.7579032903993874,0.8234132134211014,-0.06550992302171399,0.49206349206349204,-3.6824249746693166e-05,-0.03236045588111969,0.16839650267659545,-0.20075695855771514,-0.0047079213537649656,0.051577979987032396,-0.05628590134079736,0.5,-0.015417026415494852,-0.11565237735308065,-0.08884972983911343,-0.005932330109680306,0.06736001594058849,0.06073523942506531,2,4,6,9,2,11,9,2,7,4,False,False,2
