date,pair_id,rs_return_21,freq_21,magnitude_21,upday_freq_21,upday_magnitude_21,downday_freq_21,downday_magnitude_21,rs_return_63,freq_63,magnitude_63,upday_freq_63,upday_magnitude_63,downday_freq_63,downday_magnitude_63,rs_return_126,freq_126,magnitude_126,upday_freq_126,upday_magnitude_126,downday_freq_126,downday_magnitude_126
2026-03-02,growth_value,-0.05920972452180773,0.38095238095238093,-0.0028635689943430354,0.6190476190476191,0.0010469736500295342,0.09523809523809523,-0.006567919838122115,-0.12251237696658512,0.4126984126984127,-0.0020545723970196153,0.6507936507936508,0.001919733123768004,0.25396825396825395,-0.0045578386911615905,-0.11010068506573945,0.48412698412698413,-0.000900360775546778,0.7063492063492064,0.0027173906699748227,0.2857142857142857,-0.004601970789747305
2026-03-02,large_small,-0.010624427378731927,0.5714285714285714,-0.0005586511167982879,0.3333333333333333,-0.0023975030609347274,0.5238095238095238,-0.0002709313993008629,-0.05233625176305201,0.49206349206349204,-0.0008874783608638051,0.4126984126984127,-0.0016434985145474723,0.6031746031746031,0.0009246389453362613,-0.05505088412403336,0.5079365079365079,-0.0004903892907377956,0.4365079365079365,-0.001562987419322445,0.6031746031746031,0.0011139817143060854
2026-03-02,cap_equal,-0.040378359021194576,0.3333333333333333,-0.0019582857110022373,0.5714285714285714,0.0003772887190660601,0.2857142857142857,-0.0031314608418990544,-0.06064779125953901,0.4444444444444444,-0.000994533142854123,0.6031746031746031,0.0011544712247352207,0.3492063492063492,-0.0020176958302763953,-0.026641150447626605,0.5,-0.00021327064563900783,0.6428571428571429,0.0012818988812188484,0.3412698412698413,-0.0019094895679057195
2026-03-02,small_value_large_growth,0.056207738826254516,0.5714285714285714,0.0026027240825302715,0.47619047619047616,0.0010529844075201607,0.6190476190476191,0.005482622799549681,0.15755769811506615,0.5238095238095238,0.002329824400696313,0.4603174603174603,-0.0003801407934683983,0.6031746031746031,0.0029548501290320257,0.15119312446407251,0.5158730158730159,0.0011280571534760051,0.4365079365079365,-0.0005735866190948061,0.5634920634920635,0.002419480182663426
2026-03-02,us_developed_ex_us,-0.037112689864109205,0.3333333333333333,-0.0018114569053874737,0.38095238095238093,-0.0012004654858205131,0.23809523809523808,-0.003267692887481606,-0.11205559940751697,0.31746031746031744,-0.0018924255638548746,0.4603174603174603,8.414607305771431e-05,0.38095238095238093,-0.00214055943547481,-0.10842956919055247,0.42857142857142855,-0.0009114787059568318,0.5714285714285714,0.0011261360294532307,0.3412698412698413,-0.0033031520875324693
2026-03-02,developed_em,0.03611513587904347,0.6190476190476191,0.0016801838709396264,0.5238095238095238,-0.0004091454706182689,0.6190476190476191,0.0018280998963395643,0.061701995910776075,0.5873015873015873,0.0009456914438632396,0.5079365079365079,0.00016252075279841465,0.4603174603174603,0.00032588992182329657,0.05261457381965018,0.48412698412698413,0.00039890263293092276,0.5158730158730159,0.0003458141221434768,0.4365079365079365,8.634055168251493e-05
2026-03-02,cyclical_defensive,-0.030822418504033555,0.6190476190476191,-0.0014856788910531601,0.7619047619047619,0.0038833789802359066,0.38095238095238093,-0.0037927550916551497,0.0504085123234963,0.6031746031746031,0.0007910362098864324,0.7142857142857143,0.002575836959918646,0.30158730158730157,-0.003402689543543168,-0.028300689778187116,0.5317460317460317,-0.00021722928113617837,0.7063492063492064,0.00292811062184566,0.2698412698412698,-0.004245682264159461
2026-03-03,growth_value,-0.047547410413224855,0.42857142857142855,-0.002281148818489292,0.6190476190476191,0.0010469736500295342,0.14285714285714285,-0.006179010853497527,-0.11377401388507202,0.42857142857142855,-0.0018979970074740422,0.6507936507936508,0.001919733123768004,0.2698412698412698,-0.004428670173355449,-0.09329000332792226,0.49206349206349204,-0.0007528977698113542,0.7063492063492064,0.0027173906699748227,0.29365079365079366,-0.004547728048795924
2026-03-03,large_small,-0.012471266297064854,0.5714285714285714,-0.0006483914301762645,0.3333333333333333,-0.0023975030609347274,0.5238095238095238,-0.00017531327618398808,-0.044147810760195805,0.5079365079365079,-0.0007525740058935129,0.4126984126984127,-0.0016434985145474723,0.6031746031746031,0.001008172910321606,-0.04623797973513777,0.5158730158730159,-0.0004176170006774887,0.4365079365079365,-0.001562987419322445,0.6111111111111112,0.001198582321878702
2026-03-03,cap_equal,-0.036282685780924084,0.38095238095238093,-0.0017573272529207336,0.5714285714285714,0.0003772887190660601,0.2857142857142857,-0.0029851124439617656,-0.05741138598352047,0.4444444444444444,-0.0009405274987744993,0.6031746031746031,0.0011544712247352207,0.36507936507936506,-0.001959124111813907,-0.018106063818768225,0.5079365079365079,-0.0001444127734448499,0.6428571428571429,0.0012818988812188484,0.3412698412698413,-0.0018856757855530682
2026-03-03,small_value_large_growth,0.050214305602374054,0.5714285714285714,0.0023347608127838155,0.47619047619047616,0.0010529844075201607,0.6190476190476191,0.005255669592225702,0.1479351996353082,0.5238095238095238,0.0021987092882809886,0.4603174603174603,-0.0003801407934683983,0.6031746031746031,0.002833275782386103,0.12809660261196143,0.5079365079365079,0.0009684612377796556,0.4365079365079365,-0.0005735866190948061,0.5555555555555556,0.0023476928945466006
2026-03-03,us_developed_ex_us,-0.02027923791997477,0.3333333333333333,-0.0010098106557649448,0.38095238095238093,-0.0012004654858205131,0.2857142857142857,-0.0019585022711062984,-0.09003651557130543,0.31746031746031744,-0.00151270975099901,0.4603174603174603,8.414607305771431e-05,0.3968253968253968,-0.0016245323509589704,-0.08475582184287833,0.4365079365079365,-0.0007080429953244361,0.5714285714285714,0.0011261360294532307,0.3412698412698413,-0.003108012003901154
2026-03-03,developed_em,0.02878401983618528,0.6190476190476191,0.0013473749957760533,0.5238095238095238,-0.0004091454706182689,0.6666666666666666,0.0019686868201151423,0.06078291403374436,0.5873015873015873,0.0009316709959963683,0.5079365079365079,0.00016252075279841465,0.47619047619047616,0.0003343283470304345,0.05529170269378492,0.49206349206349204,0.00041889553842995873,0.5158730158730159,0.0003458141221434768,0.4365079365079365,8.399299440595628e-05
2026-03-03,cyclical_defensive,-0.025601966903921913,0.6190476190476191,-0.001227022954669624,0.7619047619047619,0.0038833789802359066,0.38095238095238093,-0.0039319421018712926,0.04182098900230358,0.5873015873015873,0.0006609219399567908,0.7142857142857143,0.002575836959918646,0.30158730158730157,-0.003378247696556862,-0.026291089209819263,0.5317460317460317,-0.00020050941772446851,0.7063492063492064,0.00292811062184566,0.2698412698412698,-0.0042293770194656586
2026-03-04,growth_value,-0.03770530160650498,0.47619047619047616,-0.0017884430991413373,0.6666666666666666,0.0018800487570390075,0.14285714285714285,-0.006179010853497527,-0.1120785558101246,0.42857142857142855,-0.0018667755550786493,0.6507936507936508,0.001824261211332462,0.2698412698412698,-0.004428670173355449,-0.08506598414688926,0.5,-0.0006811363450733863,0.7063492063492064,0.0027402798629360477,0.29365079365079366,-0.004547728048795924
2026-03-04,large_small,-0.011317971121508563,0.5714285714285714,-0.0005924657427500384,0.3333333333333333,-0.0021467338583055283,0.5238095238095238,-0.00017531327618398808,-0.05475820065897663,0.49206349206349204,-0.0009290356100153332,0.3968253968253968,-0.001878015061694259,0.6031746031746031,0.001008172910321606,-0.04721772889026643,0.5158730158730159,-0.00042606586587351064,0.4365079365079365,-0.0015855823525701483,0.6111111111111112,0.001198582321878702
2026-03-04,cap_equal,-0.03318661429393566,0.42857142857142855,-0.0016037490528286577,0.6190476190476191,0.0007582487757817468,0.2857142857142857,-0.0029851124439617656,-0.05671078889287806,0.4444444444444444,-0.000928260882596458,0.6031746031746031,0.001096582736924461,0.36507936507936506,-0.001959124111813907,-0.015611725404912513,0.5079365079365079,-0.00012411398892160047,0.6428571428571429,0.0012952780646543402,0.3412698412698413,-0.0018856757855530682
2026-03-04,small_value_large_growth,0.04352165266771757,0.5714285714285714,0.002028354708385947,0.47619047619047616,0.000492729881063155,0.6190476190476191,0.005255669592225702,0.1523799843061282,0.5396825396825397,0.002259899138145101,0.47619047619047616,-3.42948243976339e-05,0.6031746031746031,0.002833275782386103,0.12488724416753283,0.5079365079365079,0.00094609642169028,0.4444444444444444,-0.0005598236722143907,0.5555555555555556,0.0023476928945466006
2026-03-04,us_developed_ex_us,-0.02600910410876267,0.2857142857142857,-0.0012913917412852463,0.38095238095238093,-0.0009932717547080335,0.2857142857142857,-0.0019585022711062984,-0.0939611598381287,0.30158730158730157,-0.0015819358342334645,0.4444444444444444,-0.00011501787463738488,0.3968253968253968,-0.0016245323509589704,-0.09033980754257409,0.42857142857142855,-0.0007568060170309451,0.5634920634920635,0.0010460753279678838,0.3412698412698413,-0.003108012003901154
2026-03-04,developed_em,0.03573218072860995,0.6666666666666666,0.0016704552353929293,0.5714285714285714,0.0003194525209841875,0.6666666666666666,0.0019686868201151423,0.07069721066460954,0.6031746031746031,0.0010798744310892808,0.5238095238095238,0.00029715332441581494,0.47619047619047616,0.0003343283470304345,0.06879380220888875,0.5,0.0005198580518714411,0.5158730158730159,0.0003562012755132811,0.4365079365079365,8.399299440595628e-05
2026-03-04,cyclical_defensive,-0.024011905163297875,0.6190476190476191,-0.0011492826023247705,0.7619047619047619,0.003858176798813756,0.38095238095238093,-0.0039319421018712926,0.03557275750674149,0.5873015873015873,0.0005668734447144708,0.7301587301587301,0.0026750729600358556,0.30158730158730157,-0.003378247696556862,-0.017545094203045064,0.5396825396825397,-0.0001296169910676741,0.7063492063492064,0.0029125457559019026,0.2698412698412698,-0.0042293770194656586
2026-03-05,growth_value,-0.007511548335911944,0.5238095238095238,-0.00032824479983932574,0.6666666666666666,0.0018800487570390075,0.19047619047619047,-0.005610909802662413,-0.10590323056528383,0.42857142857142855,-0.0017580501987986843,0.6507936507936508,0.001824261211332462,0.2698412698412698,-0.004253131423524913,-0.0839945137723882,0.5,-0.000672809565173312,0.7063492063492064,0.0027402798629360477,0.30158730158730157,-0.004308399646587152
2026-03-05,large_small,0.01297585094363285,0.6190476190476191,0.0005538765597170011,0.3333333333333333,-0.0021467338583055283,0.5238095238095238,0.00044448110331021145,-0.04523522433572691,0.49206349206349204,-0.0007725700645000849,0.3968253968253968,-0.001878015061694259,0.6190476190476191,0.0012497922264060244,-0.04009845559852121,0.5158730158730159,-0.00036840661047072524,0.4365079365079365,-0.0015855823525701483,0.6190476190476191,0.0013277988590656097
2026-03-05,cap_equal,-0.021627437003770233,0.47619047619047616,-0.0010418135257643155,0.6190476190476191,0.0007582487757817468,0.2857142857142857,-0.0027529115486457484,-0.05362879757328909,0.4444444444444444,-0.0008773292972277617,0.6031746031746031,0.001096582736924461,0.36507936507936506,-0.001875733500400752,-0.016493924468363508,0.5079365079365079,-0.00013174909679181023,0.6428571428571429,0.0012952780646543402,0.3492063492063492,-0.001774861788118311
2026-03-05,small_value_large_growth,-0.0029236907996328387,0.5238095238095238,-0.00012502591503449345,0.47619047619047616,0.000492729881063155,0.6190476190476191,0.004362290837742015,0.14012829096306567,0.5396825396825397,0.002093186302122339,0.47619047619047616,-3.42948243976339e-05,0.5873015873015873,0.0025252946500765963,0.11549134937336047,0.5079365079365079,0.0008813836187798661,0.4444444444444444,-0.0005598236722143907,0.5476190476190477,0.0020919018954027838
2026-03-05,us_developed_ex_us,0.0026470131157989574,0.3333333333333333,7.589471427738026e-05,0.38095238095238093,-0.0009932717547080335,0.3333333333333333,-0.00102222466854537,-0.07616761711946907,0.31746031746031744,-0.0012773126200510392,0.4444444444444444,-0.00011501787463738488,0.3968253968253968,-0.001379172885281757,-0.0762378810377159,0.42857142857142855,-0.0006368442332372529,0.5634920634920635,0.0010460753279678838,0.3492063492063492,-0.002909720310017108
2026-03-05,developed_em,0.020218453393794578,0.6190476190476191,0.0009607667971518463,0.5714285714285714,0.0003194525209841875,0.6666666666666666,0.0016688785641101216,0.05356248987905321,0.5873015873015873,0.0008268621286360265,0.5238095238095238,0.00029715332441581494,0.47619047619047616,0.0002123829798888098,0.05797540851369187,0.5,0.00044067889214629104,0.5158730158730159,0.0003562012755132811,0.42857142857142855,-2.320693193108129e-05
2026-03-05,cyclical_defensive,-0.018518616651255537,0.6190476190476191,-0.0008872401344488769,0.7619047619047619,0.003858176798813756,0.42857142857142855,-0.003498645610169358,0.039812309947564906,0.5873015873015873,0.000630511473983921,0.7301587301587301,0.0026750729600358556,0.31746031746031744,-0.0032377639091630906,-0.006268638358596257,0.5476190476190477,-3.991782369283034e-05,0.7063492063492064,0.0029125457559019026,0.2777777777777778,-0.004150902464527101
2026-03-06,growth_value,0.007053720698303012,0.5238095238095238,0.000362728149336292,0.6666666666666666,0.0018800487570390075,0.14285714285714285,-0.006228097470764053,-0.09703404710928909,0.42857142857142855,-0.0016006911611262805,0.6507936507936508,0.001824261211332462,0.2698412698412698,-0.004234970537640754,-0.0847402431660641,0.49206349206349204,-0.000679303148013736,0.7063492063492064,0.0027402798629360477,0.30158730158730157,-0.0043006443211533575
2026-03-06,large_small,0.018648625990516088,0.6190476190476191,0.000812633621277629,0.3333333333333333,-0.0021467338583055283,0.5714285714285714,0.0009511142014258855,-0.021635034467292646,0.5079365079365079,-0.0003853243214158718,0.3968253968253968,-0.001878015061694259,0.6190476190476191,0.0013617372584463848,-0.026584808096400514,0.5238095238095238,-0.00025853479159093905,0.4365079365079365,-0.0015855823525701483,0.6190476190476191,0.001348364938239632
2026-03-06,cap_equal,-0.00949380043891146,0.47619047619047616,-0.000452926972339076,0.6190476190476191,0.0007582487757817468,0.23809523809523808,-0.0031902545042824314,-0.05084273832582431,0.4444444444444444,-0.0008300647827079186,0.6031746031746031,0.001096582736924461,0.3492063492063492,-0.0018966404219826548,-0.018624258021988083,0.5,-0.00014889930624700258,0.6428571428571429,0.0012952780646543402,0.3492063492063492,-0.0017791405194933435
2026-03-06,small_value_large_growth,-0.022645303595951072,0.47619047619047616,-0.0010676008354703957,0.47619047619047616,0.000492729881063155,0.6190476190476191,0.004309948422684438,0.11038428914212917,0.5238095238095238,0.0016727930676710386,0.47619047619047616,-3.42948243976339e-05,0.5873015873015873,0.0024727041691086594,0.10333731022796688,0.5,0.0007950522058032306,0.4444444444444444,-0.0005598236722143907,0.5476190476190477,0.002090542437791706
2026-03-06,us_developed_ex_us,0.0025918205064159316,0.3333333333333333,7.582397855385831e-05,0.38095238095238093,-0.0009932717547080335,0.2857142857142857,-0.0013347200605573907,-0.08085285446302504,0.31746031746031744,-0.0013569331315196578,0.4444444444444444,-0.00011501787463738488,0.3968253968253968,-0.0013665167604677516,-0.08418017006748801,0.42063492063492064,-0.0007050266116553984,0.5634920634920635,0.0010460753279678838,0.3492063492063492,-0.0029558639272859034
2026-03-06,developed_em,0.01205088241394292,0.5714285714285714,0.0005791224963740722,0.5714285714285714,0.0003194525209841875,0.6190476190476191,0.001531410986160143,0.04571198537489396,0.5714285714285714,0.0007080252631488494,0.5238095238095238,0.00029715332441581494,0.4603174603174603,0.00017538114286700925,0.04613268726018904,0.49206349206349204,0.0003513086870892232,0.5158730158730159,0.0003562012755132811,0.42063492063492064,-4.9755084826418026e-05
2026-03-06,cyclical_defensive,-0.030671324428740987,0.5714285714285714,-0.0014781559481004901,0.7619047619047619,0.003858176798813756,0.42857142857142855,-0.0037718372822248924,0.018207244276364776,0.5714285714285714,0.0002972604288826448,0.7301587301587301,0.0026750729600358556,0.31746031746031744,-0.0032571457734324265,-0.024873490549195076,0.5396825396825397,-0.00018974324947232006,0.7063492063492064,0.0029125457559019026,0.2777777777777778,-0.004213026083032846
2026-03-09,growth_value,0.023973291542274566,0.5714285714285714,0.0011534503945036048,0.7142857142857143,0.0025947498780924316,0.14285714285714285,-0.006228097470764053,-0.09254412646513444,0.42857142857142855,-0.0015210162589496573,0.6507936507936508,0.0017831790051244642,0.2698412698412698,-0.004234970537640754,-0.07864529880147964,0.49206349206349204,-0.000626128085679045,0.7063492063492064,0.0026743294182618167,0.30158730158730157,-0.0043006443211533575
2026-03-09,large_small,0.010508221310328691,0.5714285714285714,0.00043354576499083074,0.3333333333333333,-0.0018517110228026981,0.5714285714285714,0.0009511142014258855,-0.01638138565915892,0.5079365079365079,-0.0003000847892020303,0.3968253968253968,-0.0018947290042442995,0.6190476190476191,0.0013617372584463848,-0.021901990730225362,0.5238095238095238,-0.0002205508587111235,0.42857142857142855,-0.0016167994223058406,0.6190476190476191,0.001348364938239632
2026-03-09,cap_equal,0.00020363328438688377,0.5238095238095238,1.0703171134041595e-05,0.6666666666666666,0.0011656411455332552,0.23809523809523808,-0.0031902545042824314,-0.04562471823365655,0.4444444444444444,-0.0007425026153012352,0.6031746031746031,0.0011232561192320582,0.3492063492063492,-0.0018966404219826548,-0.008792562744402321,0.5079365079365079,-6.954161134832834e-05,0.6428571428571429,0.0012961709090831327,0.3492063492063492,-0.0017791405194933435
2026-03-09,small_value_large_growth,-0.03160366304531148,0.42857142857142855,-0.0015073060673008096,0.42857142857142855,-0.0002691790564490019,0.6190476190476191,0.004309948422684438,0.10269567522819512,0.5238095238095238,0.0015615543318892985,0.47619047619047616,-6.154581931710594e-05,0.5873015873015873,0.0024727041691086594,0.08873462690263434,0.49206349206349204,0.0006887668585340739,0.4444444444444444,-0.0005060016459403287,0.5476190476190477,0.002090542437791706
2026-03-09,us_developed_ex_us,0.0009861640521753312,0.2857142857142857,-5.380499045299067e-07,0.38095238095238093,-0.0008335826347001305,0.2857142857142857,-0.0013347200605573907,-0.08082456934448845,0.31746031746031744,-0.0013565538944074822,0.4444444444444444,-0.0001142182150878445,0.3968253968253968,-0.0013665167604677516,-0.07901595027460717,0.42063492063492064,-0.0006603938878286993,0.5555555555555556,0.0009262082208866483,0.3492063492063492,-0.0029558639272859034
2026-03-09,developed_em,0.016660723633928898,0.5714285714285714,0.0007909357706837291,0.5238095238095238,-5.098626643113795e-05,0.6190476190476191,0.001531410986160143,0.042779579892586295,0.5555555555555556,0.0006630158410804095,0.5079365079365079,0.00021701533211616555,0.4603174603174603,0.00017538114286700925,0.05055462240296449,0.49206349206349204,0.00038500361279143595,0.5158730158730159,0.00039102239790249766,0.42063492063492064,-4.9755084826418026e-05
2026-03-09,cyclical_defensive,-0.0225122501799212,0.5714285714285714,-0.0010853551695917474,0.7142857142857143,0.0025042832517601942,0.42857142857142855,-0.0037718372822248924,0.00802942554528796,0.5555555555555556,0.00013779049171402648,0.7142857142857143,0.0025985091009719237,0.31746031746031744,-0.0032571457734324265,-0.021753153848027673,0.5396825396825397,-0.0001646691567894528,0.6984126984126984,0.002810429532897838,0.2777777777777778,-0.004213026083032846
2026-03-10,growth_value,0.01747655321646535,0.5714285714285714,0.0008434808770117565,0.7142857142857143,0.0025947498780924316,0.19047619047619047,-0.005435122041077592,-0.09359922535646736,0.42857142857142855,-0.0015395640619812088,0.6507936507936508,0.0017831790051244642,0.2698412698412698,-0.004229035727881372,-0.0836307255550488,0.49206349206349204,-0.0006693275456970492,0.7063492063492064,0.0026743294182618167,0.30952380952380953,-0.0041908236485221064
2026-03-10,large_small,0.02477167105467215,0.5714285714285714,0.0011214165552031633,0.3333333333333333,-0.0018517110228026981,0.5714285714285714,0.0014186802597951857,-0.02356760246472922,0.49206349206349204,-0.000416339257169227,0.3968253968253968,-0.0018947290042442995,0.6190476190476191,0.0014000957246573938,-0.024183306961843787,0.5158730158730159,-0.000239092163335264,0.42857142857142855,-0.0016167994223058406,0.6190476190476191,0.0013651383775778406
2026-03-10,cap_equal,0.0055970161726919265,0.5238095238095238,0.0002650184365954798,0.6666666666666666,0.0011656411455332552,0.2857142857142857,-0.0024966362812106624,-0.039528949858711804,0.4603174603174603,-0.0006418540043493532,0.6031746031746031,0.0011232561192320582,0.36507936507936506,-0.0018030886820868354,-0.006144420517335325,0.5079365079365079,-4.8601817864277155e-05,0.6428571428571429,0.0012961709090831327,0.35714285714285715,-0.001654619549261994
2026-03-10,small_value_large_growth,-0.03461937038893137,0.42857142857142855,-0.0016609135062454154,0.42857142857142855,-0.0002691790564490019,0.6190476190476191,0.003312804806979005,0.10806393775766443,0.5396825396825397,0.001638669970171311,0.47619047619047616,-6.154581931710594e-05,0.5873015873015873,0.0024418241694208194,0.0961906860035977,0.5,0.0007430460504387619,0.4444444444444444,-0.0005060016459403287,0.5476190476190477,0.002046129065119888
2026-03-10,us_developed_ex_us,-0.0010918146896129466,0.2857142857142857,-9.821074414202646e-05,0.38095238095238093,-0.0008335826347001305,0.2857142857142857,-0.0014556390102349168,-0.08372233432625642,0.31746031746031744,-0.0014066368135092027,0.4444444444444444,-0.0001142182150878445,0.38095238095238093,-0.0014397234788656379,-0.07604729997887782,0.42063492063492064,-0.0006345069645032015,0.5555555555555556,0.0009262082208866483,0.3492063492063492,-0.002949064274491114
2026-03-10,developed_em,0.010089841519104858,0.5238095238095238,0.0004805082137212165,0.5238095238095238,-5.098626643113795e-05,0.6190476190476191,0.0012535215366396753,0.03928311989255984,0.5555555555555556,0.0006094488894562469,0.5079365079365079,0.00021701533211616555,0.4603174603174603,0.00021712960706929012,0.044463594101364246,0.49206349206349204,0.00033868126915815726,0.5158730158730159,0.00039102239790249766,0.4126984126984127,-0.00012724832024630522
2026-03-10,cyclical_defensive,-0.028375943944988546,0.5714285714285714,-0.0013762148566661765,0.7142857142857143,0.0025042832517601942,0.42857142857142855,-0.004248939083724663,0.004401790125243332,0.5555555555555556,8.071591463075082e-05,0.7142857142857143,0.0025985091009719237,0.31746031746031744,-0.0032895307376483666,-0.027440384963084874,0.5396825396825397,-0.0002108601046610981,0.6984126984126984,0.002810429532897838,0.2857142857142857,-0.0041615421281822025
2026-03-11,growth_value,0.010722509517246515,0.5714285714285714,0.0005242676840638045,0.7142857142857143,0.0025947498780924316,0.23809523809523808,-0.005235655412794376,-0.09693254476792068,0.42857142857142855,-0.0015977646877635232,0.6507936507936508,0.0017831790051244642,0.2857142857142857,-0.0039237383282020736,-0.08354147656039457,0.49206349206349204,-0.0006686096872167587,0.7063492063492064,0.0026743294182618167,0.31746031746031744,-0.004146749441270538
2026-03-11,large_small,0.02790429132355432,0.6190476190476191,0.0012673151618730403,0.3333333333333333,-0.0018517110228026981,0.6190476190476191,0.001528198367275405,-0.01921088310519603,0.5079365079365079,-0.0003457747447392383,0.3968253968253968,-0.0018947290042442995,0.6190476190476191,0.0013825483991608668,-0.030688824253335634,0.5158730158730159,-0.0002920639849232578,0.42857142857142855,-0.0016167994223058406,0.6190476190476191,0.0013696031001371478
2026-03-11,cap_equal,0.0034156645177794154,0.5238095238095238,0.0001608454212562145,0.6666666666666666,0.0011656411455332552,0.3333333333333333,-0.00230424846013556,-0.04044418886993495,0.4603174603174603,-0.0006568465123272072,0.6031746031746031,0.0011232561192320582,0.38095238095238093,-0.0016102671067412862,-0.009466844356042725,0.5079365079365079,-7.519812315447194e-05,0.6428571428571429,0.0012961709090831327,0.36507936507936506,-0.001622219377706454
2026-03-11,small_value_large_growth,-0.03176300954272271,0.42857142857142855,-0.001518313510665432,0.42857142857142855,-0.0002691790564490019,0.5714285714285714,0.0029702007450245257,0.10576181135022811,0.5396825396825397,0.0016057162110213869,0.47619047619047616,-6.154581931710594e-05,0.5714285714285714,0.0021827113889073845,0.10430742915587166,0.5,0.0008014729681435827,0.4444444444444444,-0.0005060016459403287,0.5396825396825397,0.0019858864417265833
2026-03-11,us_developed_ex_us,0.009631411203572249,0.3333333333333333,0.00041482048803016217,0.38095238095238093,-0.0008335826347001305,0.2857142857142857,-0.0015830746266507225,-0.08216492425599053,0.3333333333333333,-0.0013797305136804337,0.4444444444444444,-0.0001142182150878445,0.3968253968253968,-0.0013487365712464296,-0.07891690783361971,0.42063492063492064,-0.0006591806992254068,0.5555555555555556,0.0009262082208866483,0.35714285714285715,-0.0028744678409056298
2026-03-11,developed_em,0.0012577948409751016,0.47619047619047616,5.889091010990999e-05,0.5238095238095238,-5.098626643113795e-05,0.5714285714285714,0.0011161241272237435,0.0349740875696809,0.5396825396825397,0.0005435883356796636,0.5079365079365079,0.00021701533211616555,0.4444444444444444,8.17692953352171e-05,0.04857212041617043,0.49206349206349204,0.0003698758573915485,0.5158730158730159,0.00039102239790249766,0.40476190476190477,-0.0001493468979523306
2026-03-11,cyclical_defensive,-0.025233137656422544,0.5714285714285714,-0.0012236339587431953,0.7142857142857143,0.0025042832517601942,0.47619047619047616,-0.003580843578734857,0.011920281711691683,0.5555555555555556,0.00019901230913827836,0.7142857142857143,0.0025985091009719237,0.3333333333333333,-0.0030257940796910706,-0.010124067443338713,0.5476190476190477,-7.097223564632886e-05,0.6984126984126984,0.002810429532897838,0.29365079365079366,-0.004007746968104333
2026-03-12,growth_value,0.008158136068039168,0.5714285714285714,0.00040640582234382653,0.7142857142857143,0.0025947498780924316,0.23809523809523808,-0.004700187820501068,-0.10298742584871456,0.4126984126984127,-0.0017034009427739545,0.6507936507936508,0.0017831790051244642,0.2857142857142857,-0.003883661194543261,-0.09585539979960722,0.48412698412698413,-0.0007755631547249985,0.7063492063492064,0.0026743294182618167,0.31746031746031744,-0.003928443817711157
2026-03-12,large_small,0.03346469564699728,0.6190476190476191,0.0015190503098989245,0.3333333333333333,-0.0018517110228026981,0.6666666666666666,0.0023600366248340355,-0.010266780036358503,0.5238095238095238,-0.00020339641138713101,0.3968253968253968,-0.0018947290042442995,0.6190476190476191,0.0014655419712147272,-0.02949040436646988,0.5158730158730159,-0.00028314817190998564,0.42857142857142855,-0.0016167994223058406,0.626984126984127,0.0014528644888204742
2026-03-12,cap_equal,0.009935296527108228,0.5714285714285714,0.00046917361303152233,0.6666666666666666,0.0011656411455332552,0.38095238095238093,-0.001840156262687737,-0.04115418177342578,0.4603174603174603,-0.0006686424416148291,0.6031746031746031,0.0011232561192320582,0.3968253968253968,-0.0015780963115166985,-0.013041245748497299,0.5079365079365079,-0.00010395294649170134,0.6428571428571429,0.0012961709090831327,0.373015873015873,-0.0015025020795598391
2026-03-12,small_value_large_growth,-0.033662630903643964,0.42857142857142855,-0.001612069188838489,0.42857142857142855,-0.0002691790564490019,0.5714285714285714,0.0019698443938497767,0.10274480887219006,0.5396825396825397,0.0015621107951031836,0.47619047619047616,-6.154581931710594e-05,0.5714285714285714,0.002166929166308913,0.11254946120056841,0.5079365079365079,0.0008605785973769405,0.4444444444444444,-0.0005060016459403287,0.5396825396825397,0.0017475950475996406
2026-03-12,us_developed_ex_us,0.018378293545621593,0.38095238095238093,0.0008224700604393716,0.38095238095238093,-0.0008335826347001305,0.3333333333333333,-0.000995518635588116,-0.0788846832682698,0.3333333333333333,-0.0013241418874778788,0.4444444444444444,-0.0001142182150878445,0.4126984126984127,-0.001208831156098177,-0.07724787299682956,0.42063492063492064,-0.0006453568829996468,0.5555555555555556,0.0009262082208866483,0.36507936507936506,-0.002749367268460188
2026-03-12,developed_em,0.006258851372396013,0.5238095238095238,0.0002934996431963546,0.5238095238095238,-5.098626643113795e-05,0.5714285714285714,0.0011282047810897858,0.037505737150473006,0.5396825396825397,0.0005813863810144364,0.5079365079365079,0.00021701533211616555,0.4444444444444444,8.126475730790574e-05,0.055774766715008806,0.5,0.00042378905503978294,0.5158730158730159,0.00039102239790249766,0.40476190476190477,-0.00024014405685600612
2026-03-12,cyclical_defensive,-0.03226429076580439,0.5238095238095238,-0.001565703651889475,0.7142857142857143,0.0025042832517601942,0.47619047619047616,-0.003524290763711605,0.004151835116111835,0.5396825396825397,7.761036134184074e-05,0.7142857142857143,0.0025985091009719237,0.3333333333333333,-0.0030809222069826795,-0.019702546544315136,0.5396825396825397,-0.00014771243116369593,0.6984126984126984,0.002810429532897838,0.29365079365079366,-0.003981750104205711
2026-03-13,growth_value,0.002104977539150177,0.5714285714285714,0.00012251661878039837,0.7142857142857143,0.0025947498780924316,0.19047619047619047,-0.005290392403081215,-0.1027661553402861,0.4126984126984127,-0.0016970189281913983,0.6507936507936508,0.0017831790051244642,0.2857142857142857,-0.00405943509858134,-0.09942297802929223,0.48412698412698413,-0.0008058681708111674,0.7063492063492064,0.0026743294182618167,0.31746031746031744,-0.003976894729375196
2026-03-13,large_small,0.027205723245291358,0.5714285714285714,0.0012306993209363032,0.3333333333333333,-0.0018517110228026981,0.6666666666666666,0.0023367588897369083,-0.0059188941408363505,0.5238095238095238,-0.00013261157498394962,0.3968253968253968,-0.0018947290042442995,0.6190476190476191,0.001527116595421247,-0.02196527953695049,0.5158730158730159,-0.00022072275216102782,0.42857142857142855,-0.0016167994223058406,0.626984126984127,0.0014402540270395123
2026-03-13,cap_equal,0.006283622940865374,0.5714285714285714,0.0002975220460799016,0.6666666666666666,0.0011656411455332552,0.3333333333333333,-0.0021890150300034605,-0.03948800709954203,0.4603174603174603,-0.0006396200676207162,0.6031746031746031,0.0011232561192320582,0.3968253968253968,-0.0016587541548311845,-0.012079660546537974,0.5079365079365079,-9.548688862819485e-05,0.6428571428571429,0.0012961709090831327,0.373015873015873,-0.0015376845247819194
2026-03-13,small_value_large_growth,-0.02757370486811117,0.42857142857142855,-0.001315573250462472,0.42857142857142855,-0.0002691790564490019,0.6190476190476191,0.0023833667368042344,0.09269820421838815,0.5396825396825397,0.0014129585170517605,0.47619047619047616,-6.154581931710594e-05,0.5714285714285714,0.0022328688289647036,0.10987858901205394,0.5079365079365079,0.0008401049469842276,0.4444444444444444,-0.0005060016459403287,0.5396825396825397,0.001789540704146537
2026-03-13,us_developed_ex_us,0.03334444274102144,0.42857142857142855,0.0015159542643166102,0.38095238095238093,-0.0008335826347001305,0.38095238095238093,-0.0005425474989759072,-0.06957346689464294,0.3492063492063492,-0.001164762037889123,0.4444444444444444,-0.0001142182150878445,0.4126984126984127,-0.0011319547602290996,-0.0697990353829695,0.42857142857142855,-0.0005818202602681969,0.5555555555555556,0.0009262082208866483,0.373015873015873,-0.0026666016113816634
2026-03-13,developed_em,0.001079659544082734,0.5238095238095238,5.077559054087043e-05,0.5238095238095238,-5.098626643113795e-05,0.5238095238095238,0.0004100503059024863,0.027898395418380684,0.5238095238095238,0.0004341054789388263,0.5079365079365079,0.00021701533211616555,0.4444444444444444,2.930859630888448e-05,0.050527212978878966,0.5,0.0003847956037881565,0.5158730158730159,0.00039102239790249766,0.40476190476190477,-0.0002845538633327523
2026-03-13,cyclical_defensive,-0.03487525789490031,0.5238095238095238,-0.0016929741541304247,0.7142857142857143,0.0025042832517601942,0.42857142857142855,-0.004136302326329946,-0.012282409767288116,0.5238095238095238,-0.00018589486131372808,0.7142857142857143,0.0025985091009719237,0.31746031746031744,-0.0032906222396989313,-0.029800753963102222,0.5317460317460317,-0.00023021290777545388,0.6984126984126984,0.002810429532897838,0.29365079365079366,-0.004033459036015443
2026-03-16,growth_value,0.013514169035806711,0.6190476190476191,0.0006572492230293119,0.7619047619047619,0.0029681103927257832,0.19047619047619047,-0.005290392403081215,-0.09351749125995368,0.42857142857142855,-0.0015333736105966871,0.6666666666666666,0.0019015187873067056,0.2857142857142857,-0.00405943509858134,-0.10484177397672423,0.48412698412698413,-0.000853393933653045,0.7063492063492064,0.0025799074481512438,0.31746031746031744,-0.003976894729375196
2026-03-16,large_small,0.023112004654606277,0.5714285714285714,0.0010448769497515276,0.38095238095238093,-0.0014916212406472626,0.6666666666666666,0.0023367588897369083,0.0035122919349237502,0.5396825396825397,1.8392631620495997e-05,0.4126984126984127,-0.001844265788356628,0.6190476190476191,0.001527116595421247,-0.030347875041087713,0.5158730158730159,-0.00028857387470628633,0.42857142857142855,-0.0016201230586456066,0.626984126984127,0.0014402540270395123
2026-03-16,cap_equal,0.01139974896768603,0.6190476190476191,0.0005385447352720714,0.7142857142857143,0.0015876149946640777,0.3333333333333333,-0.0021890150300034605,-0.031355631731274314,0.47619047619047616,-0.000504942505658133,0.6190476190476191,0.0012330102619948773,0.3968253968253968,-0.0016587541548311845,-0.016198196128280218,0.5079365079365079,-0.0001282467825639716,0.6428571428571429,0.001285108792270782,0.373015873015873,-0.0015376845247819194
2026-03-16,small_value_large_growth,-0.034181439237373934,0.38095238095238093,-0.0016397833915005467,0.38095238095238093,-0.0009566879451107711,0.6190476190476191,0.0023833667368042344,0.07750146943094904,0.5238095238095238,0.001189313603935463,0.4603174603174603,-0.00020040795891264362,0.5714285714285714,0.0022328688289647036,0.12119476127086415,0.5079365079365079,0.0009198634351824981,0.4444444444444444,-0.00043919804854306683,0.5396825396825397,0.001789540704146537
2026-03-16,us_developed_ex_us,0.030291386113065144,0.42857142857142855,0.0013620673631915864,0.3333333333333333,-0.0015611811154175553,0.38095238095238093,-0.0005425474989759072,-0.07910028218484877,0.3492063492063492,-0.0013308635449622416,0.42857142857142855,-0.000298411551516828,0.4126984126984127,-0.0011319547602290996,-0.08255051223702825,0.42063492063492064,-0.0006927002782494599,0.5476190476190477,0.0007710890263858158,0.373015873015873,-0.0026666016113816634
2026-03-16,developed_em,-0.0009274096905672602,0.5238095238095238,-3.960698204308333e-05,0.5714285714285714,0.0002066349974584378,0.5238095238095238,0.0004100503059024863,0.02435479334462265,0.5238095238095238,0.00038011080078015347,0.5079365079365079,0.0001402690822108437,0.4444444444444444,2.930859630888448e-05,0.056003919164183236,0.5079365079365079,0.00042646798922286327,0.5158730158730159,0.0004130264372516491,0.40476190476190477,-0.0002845538633327523
2026-03-16,cyclical_defensive,-0.010608103070929964,0.5714285714285714,-0.0005145898958486953,0.7619047619047619,0.0028235306520879608,0.42857142857142855,-0.004136302326329946,-0.01225653496885959,0.5238095238095238,-0.00018553082225519372,0.7142857142857143,0.002611698363705386,0.31746031746031744,-0.0032906222396989313,-0.026985075360439814,0.5396825396825397,-0.00020717405322231094,0.6984126984126984,0.0026914496670957418,0.29365079365079366,-0.004033459036015443
2026-03-17,growth_value,0.02071697122229832,0.6190476190476191,0.0009946424782837889,0.7619047619047619,0.0028218847853055447,0.19047619047619047,-0.005290392403081215,-0.08674361225881277,0.42857142857142855,-0.001417219340733019,0.6507936507936508,0.0018035850466216307,0.2857142857142857,-0.00405943509858134,-0.11692979190278818,0.47619047619047616,-0.0009617481226629807,0.6984126984126984,0.0024147662344833403,0.31746031746031744,-0.003976894729375196
2026-03-17,large_small,0.03183513279275907,0.5714285714285714,0.0014524759552270912,0.38095238095238093,-0.0015936496087790787,0.6666666666666666,0.0023367588897369083,-0.004385133905502991,0.5238095238095238,-0.00010633104627886706,0.3968253968253968,-0.00191930140551343,0.6190476190476191,0.001527116595421247,-0.034162563205910046,0.5079365079365079,-0.0003200023539764002,0.42063492063492064,-0.001699194050747245,0.626984126984127,0.0014402540270395123
2026-03-17,cap_equal,0.018151422008439777,0.6190476190476191,0.0008573215286281421,0.6666666666666666,0.001408041541294163,0.3333333333333333,-0.0021890150300034605,-0.030328044209133376,0.47619047619047616,-0.0004888626464422296,0.6190476190476191,0.0011944419430884338,0.3968253968253968,-0.0016587541548311845,-0.025993133468683927,0.5,-0.00020785644710525944,0.6349206349206349,0.0011929109551996084,0.373015873015873,-0.0015376845247819194
2026-03-17,small_value_large_growth,-0.04807124352904424,0.38095238095238093,-0.0023334397834689252,0.42857142857142855,-0.0007807384441921464,0.6190476190476191,0.0023833667368042344,0.07561907990661498,0.5238095238095238,0.0011628648022749236,0.47619047619047616,-7.521133766360173e-05,0.5714285714285714,0.0022328688289647036,0.13167534763677757,0.5158730158730159,0.0009940980913531081,0.4523809523809524,-0.0002756486228589985,0.5396825396825397,0.001789540704146537
2026-03-17,us_developed_ex_us,0.03223004402692409,0.42857142857142855,0.001451840991627212,0.3333333333333333,-0.0014384446914391456,0.38095238095238093,-0.0005425474989759072,-0.07321763836505346,0.3492063492063492,-0.0012306261217451449,0.42857142857142855,-0.00025858317852332405,0.4126984126984127,-0.0011319547602290996,-0.07967779407382747,0.42063492063492064,-0.0006677282011027999,0.5396825396825397,0.0007405665951500367,0.373015873015873,-0.0026666016113816634
2026-03-17,developed_em,-0.005855645935629483,0.47619047619047616,-0.000275606603562792,0.5238095238095238,-0.0001764601770856715,0.5238095238095238,0.0004100503059024863,0.01914207992741379,0.5079365079365079,0.00029953677807763025,0.5079365079365079,0.00016004760550007073,0.4444444444444444,2.930859630888448e-05,0.053613071414929214,0.5,0.0004083736252520078,0.5079365079365079,0.0003605396509367323,0.40476190476190477,-0.0002845538633327523
2026-03-17,cyclical_defensive,0.009387773899014018,0.6190476190476191,0.00044245148256823197,0.7619047619047619,0.003256716695163575,0.42857142857142855,-0.004136302326329946,0.002591541283705867,0.5396825396825397,5.138056380837447e-05,0.7301587301587301,0.002833336120761718,0.31746031746031744,-0.0032906222396989313,-0.02197643947193184,0.5396825396825397,-0.00016624968431200096,0.6984126984126984,0.002770082669914978,0.29365079365079366,-0.004033459036015443
2026-03-18,growth_value,0.010423564176758493,0.5714285714285714,0.0005134814575759832,0.7619047619047619,0.0028218847853055447,0.19047619047619047,-0.004887860999106975,-0.08397862435088055,0.42857142857142855,-0.0013687381724954825,0.6507936507936508,0.0018035850466216307,0.2698412698412698,-0.004187578056960601,-0.11879608745093295,0.47619047619047616,-0.0009782257401567825,0.6984126984126984,0.0024147662344833403,0.30952380952380953,-0.004027031081421925
2026-03-18,large_small,0.03325424865680815,0.5714285714285714,0.0015160367047603199,0.38095238095238093,-0.0015936496087790787,0.7142857142857143,0.002848714661931357,-0.007516754720339636,0.5238095238095238,-0.000156518727967373,0.3968253968253968,-0.00191930140551343,0.6190476190476191,0.0014665419185137995,-0.032211843053416955,0.5079365079365079,-0.0003042883093358708,0.42063492063492064,-0.001699194050747245,0.626984126984127,0.0014269165591868718
2026-03-18,cap_equal,0.013941520619523473,0.5714285714285714,0.0006605442456616957,0.6666666666666666,0.001408041541294163,0.3333333333333333,-0.001967956956256321,-0.028437784588507875,0.47619047619047616,-0.00045778300382378603,0.6190476190476191,0.0011944419430884338,0.38095238095238093,-0.001722960170704634,-0.028018092912909798,0.49206349206349204,-0.000224266642467946,0.6349206349206349,0.0011929109551996084,0.36507936507936506,-0.0015668942015752807
2026-03-18,small_value_large_growth,-0.04207935368998161,0.38095238095238093,-0.0020340350126187103,0.42857142857142855,-0.0007807384441921464,0.5714285714285714,0.0017945643220083022,0.07494466042022907,0.5079365079365079,0.0011529759840687688,0.47619047619047616,-7.521133766360173e-05,0.5714285714285714,0.002333096651899568,0.13237270683829294,0.5158730158730159,0.0009989917726239456,0.4523809523809524,-0.0002756486228589985,0.5396825396825397,0.001834255489307662
2026-03-18,us_developed_ex_us,0.031919347379807395,0.42857142857142855,0.0014349957754962754,0.3333333333333333,-0.0014384446914391456,0.42857142857142855,-7.24532516587799e-05,-0.06270562057788698,0.36507936507936506,-0.0010522469980069346,0.42857142857142855,-0.00025858317852332405,0.4126984126984127,-0.001197099021849045,-0.0762140925795054,0.42857142857142855,-0.000638355909292046,0.5396825396825397,0.0007405665951500367,0.373015873015873,-0.0026709380256082008
2026-03-18,developed_em,-0.0008016974054521064,0.5238095238095238,-3.580785696234381e-05,0.5238095238095238,-0.0001764601770856715,0.5714285714285714,0.0007370447743110242,0.012074584264633703,0.5079365079365079,0.0001883795202532025,0.5079365079365079,0.00016004760550007073,0.4603174603174603,0.00018696915022378734,0.0633657789127886,0.5079365079365079,0.00048139880817552885,0.5079365079365079,0.0003605396509367323,0.4126984126984127,-0.0002696759621063277
2026-03-18,cyclical_defensive,0.008051252887446125,0.6190476190476191,0.0003778043267439905,0.7619047619047619,0.003256716695163575,0.47619047619047616,-0.0033448250384303883,0.013893945869462687,0.5555555555555556,0.0002290469593181285,0.7301587301587301,0.002833336120761718,0.31746031746031744,-0.003395600007057703,-0.025867313349643206,0.5396825396825397,-0.00019824886988659222,0.6984126984126984,0.002770082669914978,0.30158730158730157,-0.003971641314091142
2026-03-19,growth_value,0.006643793903536199,0.5238095238095238,0.00033495831950035635,0.7619047619047619,0.0028218847853055447,0.19047619047619047,-0.0048466274667031736,-0.09585949324758991,0.4126984126984127,-0.0015753463128035878,0.6507936507936508,0.0018035850466216307,0.2698412698412698,-0.004035724777565559,-0.11480277882319379,0.47619047619047616,-0.0009423214603232099,0.6984126984126984,0.0024147662344833403,0.30952380952380953,-0.003993586635331366
2026-03-19,large_small,0.022383628506553066,0.5238095238095238,0.0010111695570390758,0.38095238095238093,-0.0015936496087790787,0.6666666666666666,0.002205230729536082,-0.01803977226939768,0.5079365079365079,-0.0003259006052507091,0.3968253968253968,-0.00191930140551343,0.6190476190476191,0.0013437953914165266,-0.037111702176994665,0.5079365079365079,-0.0003446994088175604,0.42063492063492064,-0.001699194050747245,0.6190476190476191,0.0013179735538815902
2026-03-19,cap_equal,0.012375555824867934,0.5714285714285714,0.0005871090703051833,0.6666666666666666,0.001408041541294163,0.2857142857142857,-0.0022039744594525607,-0.03425312883460152,0.4603174603174603,-0.0005526999392202892,0.6190476190476191,0.0011944419430884338,0.38095238095238093,-0.0016668820119017918,-0.027524401320700886,0.49206349206349204,-0.00022021728239770714,0.6349206349206349,0.0011929109551996084,0.36507936507936506,-0.0015702423920072876
2026-03-19,small_value_large_growth,-0.0275002068632747,0.42857142857142855,-0.0013134077605417636,0.42857142857142855,-0.0007807384441921464,0.6190476190476191,0.002389095668669046,0.0944447211109809,0.5238095238095238,0.0014381884745277688,0.47619047619047616,-7.521133766360173e-05,0.5714285714285714,0.00229343348086238,0.13786874837978158,0.5158730158730159,0.0010375509076896914,0.4523809523809524,-0.0002756486228589985,0.5476190476190477,0.0019333859140407152
2026-03-19,us_developed_ex_us,0.030092497599908397,0.42857142857142855,0.0013502317687461732,0.3333333333333333,-0.0014384446914391456,0.42857142857142855,-0.00035390150171721844,-0.06558883762901513,0.36507936507936506,-0.0011009270116947476,0.42857142857142855,-0.00025858317852332405,0.42857142857142855,-0.001182185876848982,-0.0785329867456962,0.42857142857142855,-0.0006582593061532136,0.5396825396825397,0.0007405665951500367,0.373015873015873,-0.002710828269362909
2026-03-19,developed_em,0.0004424742783921687,0.5238095238095238,2.312220965744196e-05,0.5238095238095238,-0.0001764601770856715,0.6190476190476191,0.0013175751898074999,0.014404475390223936,0.5238095238095238,0.00022475457651884397,0.5079365079365079,0.00016004760550007073,0.47619047619047616,0.00025052443337295104,0.075746994750719,0.5158730158730159,0.000573340036302882,0.5079365079365079,0.0003605396509367323,0.42063492063492064,-0.0002031573251086601
2026-03-19,cyclical_defensive,-0.0030948603235029237,0.6190476190476191,-0.00015300340610562463,0.7619047619047619,0.003256716695163575,0.47619047619047616,-0.003477968457728073,0.01806174920305792,0.5714285714285714,0.00029380378361164647,0.7301587301587301,0.002833336120761718,0.3333333333333333,-0.0032697725863588658,-0.021394438975962715,0.5476190476190477,-0.00016193146777370283,0.6984126984126984,0.002770082669914978,0.30952380952380953,-0.003884944508036858
2026-03-20,growth_value,0.0021937999706382882,0.5238095238095238,0.00012824290836719427,0.7619047619047619,0.0028218847853055447,0.19047619047619047,-0.0045403008217622135,-0.08784978340954885,0.4126984126984127,-0.0014363723593430594,0.6507936507936508,0.0018035850466216307,0.2698412698412698,-0.004072929591996865,-0.12072029146725305,0.46825396825396826,-0.0009948413455240003,0.6984126984126984,0.0024147662344833403,0.30952380952380953,-0.003996773511254775
2026-03-20,large_small,0.03319089000382047,0.5714285714285714,0.0015063975329958836,0.38095238095238093,-0.0015936496087790787,0.7142857142857143,0.002614370613231633,-0.012021091628430347,0.5079365079365079,-0.00023074035025865276,0.3968253968253968,-0.00191930140551343,0.6349206349206349,0.0014703355526356576,-0.012280463890737447,0.5158730158730159,-0.000141235311451256,0.42063492063492064,-0.001699194050747245,0.6190476190476191,0.0013429973941147832
2026-03-20,cap_equal,0.01327319643700231,0.6190476190476191,0.0006290042923539021,0.6666666666666666,0.001408041541294163,0.3333333333333333,-0.0020301349069089536,-0.025798178474395583,0.47619047619047616,-0.000415332002848139,0.6190476190476191,0.0011944419430884338,0.38095238095238093,-0.0016690164229450372,-0.025373669800301757,0.5,-0.00020264350661896606,0.6349206349206349,0.0011929109551996084,0.373015873015873,-0.0015337801613548312
2026-03-20,small_value_large_growth,-0.03213791808983968,0.42857142857142855,-0.001541753046001634,0.42857142857142855,-0.0007807384441921464,0.6190476190476191,0.0017273915068430688,0.08026581422498658,0.5238095238095238,0.001233389918893932,0.47619047619047616,-7.521133766360173e-05,0.5714285714285714,0.002253012695009404,0.12062941016630613,0.5158730158730159,0.0009144717895714369,0.4523809523809524,-0.0002756486228589985,0.5555555555555556,0.0019414813091788578
2026-03-20,us_developed_ex_us,0.04849294986614283,0.47619047619047616,0.0021751908855502772,0.3333333333333333,-0.0014384446914391456,0.47619047619047616,0.000754395719869672,-0.046700769408344,0.38095238095238093,-0.0007898503140658864,0.42857142857142855,-0.00025858317852332405,0.42857142857142855,-0.0009629127514238103,-0.06649349058120713,0.42857142857142855,-0.0005583640269869822,0.5396825396825397,0.0007405665951500367,0.38095238095238093,-0.0025777472047412626
2026-03-20,developed_em,-0.010133626456414246,0.47619047619047616,-0.0004755383323680037,0.5238095238095238,-0.0001764601770856715,0.5714285714285714,0.0006700397361830754,0.01016979250812966,0.5238095238095238,0.00016046542513467027,0.5079365079365079,0.00016004760550007073,0.47619047619047616,0.0002973253047321522,0.0624443223799902,0.5079365079365079,0.0004757127034359817,0.5079365079365079,0.0003605396509367323,0.42063492063492064,-0.00017300290315397105
2026-03-20,cyclical_defensive,0.008985756480424989,0.6666666666666666,0.000413860106070548,0.7619047619047619,0.003256716695163575,0.47619047619047616,-0.0033533353692358995,0.02724694626762858,0.5714285714285714,0.0004341318201052534,0.7301587301587301,0.002833336120761718,0.3492063492063492,-0.0030395710972942226,-0.014446351779017874,0.5476190476190477,-0.00010689326989085132,0.6984126984126984,0.002770082669914978,0.31746031746031744,-0.0037653098027116455
2026-03-23,growth_value,0.007811788710145651,0.5238095238095238,0.0003979274810860879,0.7619047619047619,0.003066240118948917,0.19047619047619047,-0.0045403008217622135,-0.09153061762590764,0.4126984126984127,-0.0015005350294448226,0.6507936507936508,0.0018771805426722355,0.2698412698412698,-0.004072929591996865,-0.12481376986888093,0.46825396825396826,-0.0010316006195996831,0.7063492063492064,0.002502381881370242,0.30952380952380953,-0.003996773511254775
2026-03-23,large_small,0.01724077179852701,0.5238095238095238,0.0007572105869785771,0.38095238095238093,-0.0018740508272176517,0.7142857142857143,0.002614370613231633,-0.022312440843888615,0.49206349206349204,-0.000399534715391562,0.38095238095238093,-0.002085150013062591,0.6349206349206349,0.0014703355526356576,-0.032600450558525784,0.5079365079365079,-0.00030726568410441784,0.42063492063492064,-0.0017408285240930364,0.6190476190476191,0.0013429973941147832
2026-03-23,cap_equal,0.010542017665801762,0.5714285714285714,0.0004996783050756692,0.6190476190476191,0.0013689922365864966,0.3333333333333333,-0.0020301349069089536,-0.031186419002469545,0.4603174603174603,-0.0005038089714530827,0.6031746031746031,0.0011740513508923297,0.38095238095238093,-0.0016690164229450372,-0.032019442060325476,0.49206349206349204,-0.00025704457060367623,0.6349206349206349,0.0012108868889358201,0.373015873015873,-0.0015337801613548312
2026-03-23,small_value_large_growth,-0.02313420575184555,0.47619047619047616,-0.0010950217892434725,0.42857142857142855,-0.0005217731404659066,0.6190476190476191,0.0017273915068430688,0.09568755984808641,0.5396825396825397,0.0014611757050988388,0.49206349206349204,5.660358271513968e-05,0.5714285714285714,0.002253012695009404,0.15107912162940584,0.5238095238095238,0.00112791820988902,0.4523809523809524,-0.0002721636560552321,0.5555555555555556,0.0019414813091788578
2026-03-23,us_developed_ex_us,0.03867740367440353,0.47619047619047616,0.0017165219482023764,0.3333333333333333,-0.0019093854600070524,0.47619047619047616,0.000754395719869672,-0.05958882027514767,0.38095238095238093,-0.0010100628102523038,0.42857142857142855,-0.0004783869933579021,0.42857142857142855,-0.0009629127514238103,-0.08694181828398384,0.42063492063492064,-0.0007362086494973943,0.5396825396825397,0.0006717713226557857,0.38095238095238093,-0.0025777472047412626
2026-03-23,developed_em,-0.00208961895292592,0.5238095238095238,-8.361014476082882e-05,0.5714285714285714,0.0003945576823805876,0.5714285714285714,0.0006700397361830754,0.013228748771925147,0.5396825396825397,0.0002095021964293647,0.5238095238095238,0.00021484942448589373,0.47619047619047616,0.0002973253047321522,0.06854721788180629,0.5158730158730159,0.0005215802481939393,0.5079365079365079,0.0003472728891618578,0.42063492063492064,-0.00017300290315397105
2026-03-23,cyclical_defensive,0.01650373640097702,0.6666666666666666,0.0007715623918887572,0.8095238095238095,0.00395356801210026,0.47619047619047616,-0.0033533353692358995,0.03791293609292712,0.5873015873015873,0.0005996043578261652,0.746031746031746,0.0031668380942989857,0.3492063492063492,-0.0030395710972942226,-0.00274292389175812,0.5555555555555556,-1.2453424907930185e-05,0.6984126984126984,0.0028410737246471617,0.31746031746031744,-0.0037653098027116455
2026-03-24,growth_value,-0.002942609814698849,0.5238095238095238,-0.00011221408878011226,0.7619047619047619,0.003066240118948917,0.19047619047619047,-0.004929466577047847,-0.11239879421544852,0.3968253968253968,-0.0018698685439215977,0.6507936507936508,0.0018771805426722355,0.25396825396825395,-0.004304312794886064,-0.1454664864932318,0.4603174603174603,-0.0012210083864829721,0.7063492063492064,0.002502381881370242,0.30158730158730157,-0.004137534134443462
2026-03-24,large_small,0.0034015584566966517,0.47619047619047616,0.00010746443138030077,0.38095238095238093,-0.0018740508272176517,0.6666666666666666,0.0017098250661761712,-0.03178687868375685,0.47619047619047616,-0.0005542999129130368,0.38095238095238093,-0.002085150013062591,0.6349206349206349,0.0014392601019370288,-0.04011339380964629,0.5079365079365079,-0.00036914431360856795,0.42063492063492064,-0.0017408285240930364,0.6111111111111112,0.001224761788068643
2026-03-24,cap_equal,0.005166178464319771,0.5238095238095238,0.0002463045449470651,0.6190476190476191,0.0013689922365864966,0.3333333333333333,-0.0022106395216526693,-0.04077675346582432,0.4444444444444444,-0.0006621844127585914,0.6031746031746031,0.0011740513508923297,0.38095238095238093,-0.0016768188899270145,-0.040504221925131256,0.48412698412698413,-0.00032696680783954037,0.6349206349206349,0.0012108868889358201,0.36507936507936506,-0.0015904807741995994
2026-03-24,small_value_large_growth,0.001230779703180085,0.5238095238095238,7.334994811104503e-05,0.42857142857142855,-0.0005217731404659066,0.6666666666666666,0.0027763293225505584,0.13185365425894613,0.5555555555555556,0.001977755332428635,0.49206349206349204,5.660358271513968e-05,0.5714285714285714,0.002461123320089508,0.17995073515819726,0.5317460317460317,0.0013246333722384924,0.4523809523809524,-0.0002721636560552321,0.5634920634920635,0.002185081524931166
2026-03-24,us_developed_ex_us,0.050460600046402515,0.5238095238095238,0.002249950505475321,0.3333333333333333,-0.0019093854600070524,0.47619047619047616,0.0006091218431328025,-0.05765752306972127,0.38095238095238093,-0.0009782734169039016,0.42857142857142855,-0.0004783869933579021,0.4444444444444444,-0.0007802096457445997,-0.08148435719714764,0.42857142857142855,-0.0006890899907097179,0.5396825396825397,0.0006717713226557857,0.3888888888888889,-0.0024970352067642983
2026-03-24,developed_em,-0.004136928611529589,0.5238095238095238,-0.00018088422292342066,0.5714285714285714,0.0003945576823805876,0.5714285714285714,0.00037336305758097133,0.019083912511617118,0.5555555555555556,0.0003014318095326095,0.5238095238095238,0.00021484942448589373,0.49206349206349204,0.0004212630102840873,0.06698162433483335,0.5158730158730159,0.0005097851791178694,0.5079365079365079,0.0003472728891618578,0.42857142857142855,-0.00014126483700388669
2026-03-24,cyclical_defensive,0.0464875157086484,0.7142857142857143,0.0021560433469248606,0.8095238095238095,0.00395356801210026,0.5238095238095238,-0.002644013425320121,0.03739733579376425,0.5873015873015873,0.0005922651331309964,0.746031746031746,0.0031668380942989857,0.36507936507936506,-0.0028150546947257357,0.00338898034896995,0.5555555555555556,3.6448754161480045e-05,0.6984126984126984,0.0028410737246471617,0.3253968253968254,-0.0036613351114570844
2026-03-25,growth_value,-0.005801327417104707,0.5238095238095238,-0.0002502464385215725,0.8095238095238095,0.0032789325215887605,0.19047619047619047,-0.004929466577047847,-0.10952566889750215,0.4126984126984127,-0.0018182503626157365,0.6507936507936508,0.0018299586165164907,0.25396825396825395,-0.004304312794886064,-0.1344572648196699,0.46825396825396826,-0.0011197770044674695,0.7063492063492064,0.0025107254871196147,0.30158730158730157,-0.004137534134443462
2026-03-25,large_small,0.00010196351817715055,0.47619047619047616,-5.073950022004334e-05,0.38095238095238093,-0.0018930402942432983,0.6666666666666666,0.0017098250661761712,-0.03392692657816776,0.47619047619047616,-0.000589736439575565,0.36507936507936506,-0.002213820841698661,0.6349206349206349,0.0014392601019370288,-0.04345821958053597,0.5079365079365079,-0.00039739326170049977,0.4126984126984127,-0.0017946165670599372,0.6111111111111112,0.001224761788068643
2026-03-25,cap_equal,0.006600173080810512,0.5714285714285714,0.0003146249744962127,0.6666666666666666,0.001484849074552475,0.3333333333333333,-0.0022106395216526693,-0.0389548984870528,0.4603174603174603,-0.0006318784110943236,0.6031746031746031,0.0011674799287306606,0.38095238095238093,-0.0016768188899270145,-0.03337635682062723,0.49206349206349204,-0.0002683085121088282,0.6349206349206349,0.0012129800655831767,0.36507936507936506,-0.0015904807741995994
2026-03-25,small_value_large_growth,0.008888491959205158,0.5714285714285714,0.0004394859075908504,0.42857142857142855,-0.0006496306134796946,0.6666666666666666,0.0027763293225505584,0.13664835204606374,0.5555555555555556,0.0020455072244758552,0.5079365079365079,0.00016774128915744216,0.5714285714285714,0.002461123320089508,0.17446480633370132,0.5317460317460317,0.0012884609372683733,0.4603174603174603,-0.00021376329941481126,0.5634920634920635,0.002185081524931166
2026-03-25,us_developed_ex_us,0.03904686740900898,0.47619047619047616,0.0017254245901161113,0.2857142857142857,-0.0023180064742384945,0.47619047619047616,0.0006091218431328025,-0.06616984456182129,0.36507936507936506,-0.0011235491508133967,0.42857142857142855,-0.0005236721301742317,0.4444444444444444,-0.0007802096457445997,-0.08418593147097042,0.42857142857142855,-0.0007130897660836878,0.5317460317460317,0.0005934180622371474,0.3888888888888889,-0.0024970352067642983
2026-03-25,developed_em,-0.0037909638267820123,0.5238095238095238,-0.00016683246193354467,0.5714285714285714,0.0002475478719281237,0.5714285714285714,0.00037336305758097133,0.014475411602967503,0.5555555555555556,0.00022803956411627133,0.5079365079365079,9.467797549070918e-05,0.49206349206349204,0.0004212630102840873,0.06174652418780413,0.5158730158730159,0.0004699411857010605,0.5079365079365079,0.000301155492231447,0.42857142857142855,-0.00014126483700388669
2026-03-25,cyclical_defensive,0.044183240226941756,0.7142857142857143,0.002050389472966378,0.8095238095238095,0.00395826002197613,0.5238095238095238,-0.002644013425320121,0.029563569676535506,0.5873015873015873,0.0004711919269441374,0.7619047619047619,0.0034302507093015872,0.36507936507936506,-0.0028150546947257357,0.007873837547981655,0.5634920634920635,7.193216294847504e-05,0.7063492063492064,0.0028531544018328523,0.3253968253968254,-0.0036613351114570844
2026-03-26,growth_value,-0.027372919942274088,0.47619047619047616,-0.001288898506340085,0.8095238095238095,0.0032789325215887605,0.19047619047619047,-0.004594673935540678,-0.12510741822630123,0.3968253968253968,-0.0020955462674472364,0.6507936507936508,0.0018299586165164907,0.23809523809523808,-0.004639408069885602,-0.14185518944023312,0.46825396825396826,-0.001186392477451312,0.7063492063492064,0.0025107254871196147,0.29365079365079366,-0.004250223518769331
2026-03-26,large_small,-0.002391246286873705,0.47619047619047616,-0.00017091941394645072,0.38095238095238093,-0.0018930402942432983,0.7142857142857143,0.002250874471654116,-0.04256203091727995,0.47619047619047616,-0.000732215426381119,0.36507936507936506,-0.002213820841698661,0.6349206349206349,0.0013009468829258553,-0.04817896459858917,0.5079365079365079,-0.00043644812034286906,0.4126984126984127,-0.0017946165670599372,0.6111111111111112,0.0012223510961935273
2026-03-26,cap_equal,-0.009984310399786978,0.5238095238095238,-0.0004724794420920606,0.6666666666666666,0.001484849074552475,0.3333333333333333,-0.0023481217615185248,-0.053913596011118003,0.4444444444444444,-0.0008791185904116848,0.6031746031746031,0.0011674799287306606,0.36507936507936506,-0.0019235500351234734,-0.04102791081624757,0.49206349206349204,-0.0003304560177964602,0.6349206349206349,0.0012129800655831767,0.35714285714285715,-0.0016668666019529633
2026-03-26,small_value_large_growth,0.030735432915396377,0.6190476190476191,0.00145287198338087,0.42857142857142855,-0.0006496306134796946,0.6666666666666666,0.0021418725382568804,0.1659195602979351,0.5714285714285714,0.002445714193162753,0.5079365079365079,0.00016774128915744216,0.5873015873015873,0.0028904923816125802,0.1868432592124607,0.5317460317460317,0.0013700538419545677,0.4603174603174603,-0.00021376329941481126,0.5714285714285714,0.0023000976553848216
2026-03-26,us_developed_ex_us,0.04943934435769348,0.5238095238095238,0.002195085494945393,0.2857142857142857,-0.0023180064742384945,0.5238095238095238,0.001450104165478062,-0.057293746346815166,0.38095238095238093,-0.0009751232118365,0.42857142857142855,-0.0005236721301742317,0.4444444444444444,-0.0007269629540483688,-0.08159959040686082,0.42857142857142855,-0.0006915611253700002,0.5317460317460317,0.0005934180622371474,0.3968253968253968,-0.002444733217034514
2026-03-26,developed_em,-0.005392101486823564,0.5238095238095238,-0.0002509269883006641,0.5714285714285714,0.0002475478719281237,0.5714285714285714,0.00035847787137328294,0.016835940869461163,0.5555555555555556,0.0002630550558040877,0.5079365079365079,9.467797549070918e-05,0.5079365079365079,0.0005232216798470522,0.07179802743810249,0.5238095238095238,0.0005436874204605623,0.5079365079365079,0.000301155492231447,0.4365079365079365,-6.285343477839259e-05
2026-03-26,cyclical_defensive,0.036270312713418074,0.6666666666666666,0.0016894221983822049,0.8095238095238095,0.00395826002197613,0.47619047619047616,-0.0029974056084477833,0.021213132068548468,0.5714285714285714,0.00034231601462723677,0.7619047619047619,0.0034302507093015872,0.36507936507936506,-0.0028786260320118203,0.004260920559071568,0.5634920634920635,4.36451500007006e-05,0.7063492063492064,0.0028531544018328523,0.31746031746031744,-0.0037691433108146878
2026-03-27,growth_value,-0.027529538417964794,0.47619047619047616,-0.0012895508395139442,0.8095238095238095,0.0032789325215887605,0.19047619047619047,-0.004421148023145247,-0.13312751253129884,0.3968253968253968,-0.0022385759023800483,0.6507936507936508,0.0018299586165164907,0.23809523809523808,-0.004800338449535544,-0.15107175892038782,0.46825396825396826,-0.0012705883054013613,0.7063492063492064,0.0025107254871196147,0.29365079365079366,-0.004332506067290672
2026-03-27,large_small,0.007527460936260999,0.5238095238095238,0.00030005221671320595,0.38095238095238093,-0.0018930402942432983,0.7142857142857143,0.0020698161260757075,-0.04305337133257625,0.47619047619047616,-0.0007405532966245134,0.36507936507936506,-0.002213820841698661,0.6349206349206349,0.0012998187435085873,-0.05212378087961256,0.5079365079365079,-0.0004692113343220042,0.4126984126984127,-0.0017946165670599372,0.6111111111111112,0.0011919131812231823
2026-03-27,cap_equal,-0.002221670464820802,0.5238095238095238,-9.80535404196641e-05,0.6666666666666666,0.001484849074552475,0.3333333333333333,-0.0018616626042941326,-0.05701674387060929,0.4444444444444444,-0.0009304329550209587,0.6031746031746031,0.0011674799287306606,0.3492063492063492,-0.0019967940446243677,-0.0477510079284329,0.48412698412698413,-0.000385692796013666,0.6349206349206349,0.0012129800655831767,0.35714285714285715,-0.0016803247682476527
2026-03-27,small_value_large_growth,0.023559294105561346,0.6190476190476191,0.0011146723360901732,0.42857142857142855,-0.0006496306134796946,0.6666666666666666,0.0018996507648324872,0.17459107055674217,0.5714285714285714,0.00256098201943296,0.5079365079365079,0.00016774128915744216,0.6031746031746031,0.00302455813880231,0.2021033137752446,0.5396825396825397,0.0014699881881369353,0.4603174603174603,-0.00021376329941481126,0.5793650793650794,0.002385625417211436
2026-03-27,us_developed_ex_us,0.04342259196884579,0.5238095238095238,0.0019268787069613039,0.2857142857142857,-0.0023180064742384945,0.5238095238095238,0.001242630117952009,-0.06813961951690095,0.36507936507936506,-0.0011568720309834215,0.42857142857142855,-0.0005236721301742317,0.4444444444444444,-0.0008868809356421942,-0.09234677685720294,0.42063492063492064,-0.0007839247916025985,0.5317460317460317,0.0005934180622371474,0.3968253968253968,-0.002452641460298353
2026-03-27,developed_em,-0.018632845796189734,0.47619047619047616,-0.0008853273402603033,0.5714285714285714,0.0002475478719281237,0.5238095238095238,1.2718351869355268e-05,0.01411476016996005,0.5396825396825397,0.00022048904139267773,0.5079365079365079,9.467797549070918e-05,0.5079365079365079,0.0006407667237186951,0.0727817828544215,0.5238095238095238,0.0005509235826109792,0.5079365079365079,0.000301155492231447,0.4365079365079365,-9.691563799866965e-06
2026-03-27,cyclical_defensive,0.019389082640059563,0.6190476190476191,0.0009098354282451186,0.8095238095238095,0.00395826002197613,0.42857142857142855,-0.003578197691907329,0.015019931956795185,0.5714285714285714,0.00024690761713065483,0.7619047619047619,0.0034302507093015872,0.3492063492063492,-0.0031503346829481484,-0.011829079906660156,0.5555555555555556,-8.36361292616965e-05,0.7063492063492064,0.0028531544018328523,0.31746031746031744,-0.0038038515910779206
2026-03-30,growth_value,-0.0199445964353121,0.47619047619047616,-0.0009210996367642755,0.8095238095238095,0.0032789325215887605,0.19047619047619047,-0.004061114161884361,-0.1346766382690061,0.38095238095238093,-0.002266868617725,0.6507936507936508,0.0018299586165164907,0.23809523809523808,-0.004715148601915947,-0.14894322314815112,0.46825396825396826,-0.0012504588032654033,0.7063492063492064,0.0025107254871196147,0.29365079365079366,-0.004273246593261184
2026-03-30,large_small,0.005774341571782582,0.5238095238095238,0.00021907164865203344,0.38095238095238093,-0.0018930402942432983,0.7142857142857143,0.002314217245621631,-0.03736978479354236,0.47619047619047616,-0.0006478946097957675,0.36507936507936506,-0.002213820841698661,0.6507936507936508,0.0015305588822731005,-0.03946724904494192,0.5158730158730159,-0.00036456774323673403,0.4126984126984127,-0.0017946165670599372,0.6111111111111112,0.0011908065417909526
2026-03-30,cap_equal,0.0024866003033205963,0.5238095238095238,0.0001257671105738082,0.6666666666666666,0.001484849074552475,0.3333333333333333,-0.0017412735127793702,-0.057882035246827335,0.4444444444444444,-0.0009449495562472679,0.6031746031746031,0.0011674799287306606,0.3492063492063492,-0.0019821079237136155,-0.045015239015282815,0.48412698412698413,-0.00036263956749167154,0.6349206349206349,0.0012129800655831767,0.35714285714285715,-0.0016660930264028825
2026-03-30,small_value_large_growth,0.02691947819795648,0.6190476190476191,0.0012675954866281528,0.42857142857142855,-0.0006496306134796946,0.6190476190476191,0.0015931779095347052,0.17304269115501025,0.5714285714285714,0.002540427039982812,0.5079365079365079,0.00016774128915744216,0.5873015873015873,0.0028848442496220666,0.19132739283998812,0.5317460317460317,0.001398517140187445,0.4603174603174603,-0.00021376329941481126,0.5714285714285714,0.002347509833791882
2026-03-30,us_developed_ex_us,0.043294212784354746,0.5238095238095238,0.001920915330440846,0.2857142857142857,-0.0023180064742384945,0.47619047619047616,0.0010143496497159177,-0.06953759160662587,0.36507936507936506,-0.0011805108435477781,0.42857142857142855,-0.0005236721301742317,0.42857142857142855,-0.0009944466331713142,-0.0964556055221214,0.4126984126984127,-0.0008198703379830916,0.5317460317460317,0.0005934180622371474,0.3968253968253968,-0.0023960977802316916
2026-03-30,developed_em,-0.019528928271879242,0.47619047619047616,-0.0009286884372974525,0.5714285714285714,0.0002475478719281237,0.5714285714285714,0.0003901168615620583,0.019457143453780024,0.5555555555555556,0.00030415868190022206,0.5079365079365079,9.467797549070918e-05,0.5238095238095238,0.0008117709976563051,0.06555189562588493,0.5238095238095238,0.0004971237039291633,0.5079365079365079,0.000301155492231447,0.4444444444444444,4.498374979861493e-05
2026-03-30,cyclical_defensive,0.026439971356531755,0.6190476190476191,0.0012424459021523997,0.8095238095238095,0.00395826002197613,0.42857142857142855,-0.0032566174266212894,0.010677933191639566,0.5714285714285714,0.000178756827000667,0.7619047619047619,0.0034302507093015872,0.3492063492063492,-0.0032179739583640264,-0.018739869440020707,0.5476190476190477,-0.00013944156763262856,0.7063492063492064,0.0028531544018328523,0.31746031746031744,-0.003678118164915032
2026-03-31,growth_value,-0.007685144969364344,0.47619047619047616,-0.00030592661098912305,0.8571428571428571,0.004420715502965517,0.19047619047619047,-0.004061114161884361,-0.1172233348798859,0.3968253968253968,-0.0019422909330272348,0.6507936507936508,0.002102789728929749,0.23809523809523808,-0.004715148601915947,-0.13659853776533892,0.46825396825396826,-0.0011323256600356576,0.7142857142857143,0.0026560431705179733,0.29365079365079366,-0.004273246593261184
2026-03-31,large_small,0.007522099273387761,0.5238095238095238,0.0002942026260777479,0.38095238095238093,-0.0018116794392380373,0.7142857142857143,0.002314217245621631,-0.045855506314426586,0.4603174603174603,-0.0007914106113859475,0.36507936507936506,-0.0022408650304992363,0.6507936507936508,0.0015305588822731005,-0.04673945306033478,0.5079365079365079,-0.000426487842759432,0.40476190476190477,-0.0019050086931411757,0.6111111111111112,0.0011908065417909526
2026-03-31,cap_equal,0.008484317865105062,0.5238095238095238,0.0004197822905710786,0.7142857142857143,0.0021509340470764154,0.3333333333333333,-0.0017412735127793702,-0.04812151413755805,0.4603174603174603,-0.0007781299440873052,0.6190476190476191,0.0013232269200437626,0.3492063492063492,-0.0019821079237136155,-0.0364605340580797,0.49206349206349204,-0.00029019959535481286,0.6428571428571429,0.001289337542106313,0.35714285714285715,-0.0016660930264028825
2026-03-31,small_value_large_growth,0.010877661865883015,0.5714285714285714,0.0004994391245672596,0.38095238095238093,-0.0020108260569902748,0.6190476190476191,0.0015931779095347052,0.15911146809120802,0.5555555555555556,0.0023450154438790336,0.49206349206349204,-4.6569119393783936e-05,0.5873015873015873,0.0028848442496220666,0.18270669207140822,0.5317460317460317,0.001338028390415275,0.4603174603174603,-0.0002472985047980242,0.5714285714285714,0.002347509833791882
2026-03-31,us_developed_ex_us,0.02024402171365214,0.47619047619047616,0.0008589962358312468,0.23809523809523808,-0.002512692014639582,0.47619047619047616,0.0010143496497159177,-0.0707469710271551,0.36507936507936506,-0.001203054045823624,0.42857142857142855,-0.0005722420565209393,0.42857142857142855,-0.0009944466331713142,-0.0974821729914146,0.4126984126984127,-0.0008297181699554444,0.5238095238095238,0.0005469636746580842,0.3968253968253968,-0.0023960977802316916
2026-03-31,developed_em,-0.01496215310296789,0.5238095238095238,-0.0007066345720880564,0.5714285714285714,0.0002809927707780351,0.5714285714285714,0.0003901168615620583,0.015091102674337442,0.5555555555555556,0.0002374399512110797,0.5238095238095238,0.00013517665671924036,0.5238095238095238,0.0008117709976563051,0.0699430235174947,0.5317460317460317,0.0005303531827538493,0.5158730158730159,0.00034623022061903833,0.4444444444444444,4.498374979861493e-05
2026-03-31,cyclical_defensive,0.024638275754311767,0.6190476190476191,0.0011682962072939076,0.8095238095238095,0.0040124306596688915,0.42857142857142855,-0.0032566174266212894,0.025990155456359743,0.5873015873015873,0.00041964003195822127,0.7619047619047619,0.003586720928316666,0.3492063492063492,-0.0032179739583640264,-0.004385917675026274,0.5555555555555556,-2.3019264812128525e-05,0.7142857142857143,0.003008896024120847,0.31746031746031744,-0.003678118164915032
2026-04-01,growth_value,-0.011541100674387517,0.47619047619047616,-0.0004873687697263474,0.8571428571428571,0.00431143597229147,0.19047619047619047,-0.004061114161884361,-0.1133848209470335,0.4126984126984127,-0.0018731353243981136,0.6507936507936508,0.002066709370113503,0.23809523809523808,-0.004715148601915947,-0.1360815037071028,0.46825396825396826,-0.001127464482388136,0.7142857142857143,0.002566447946403828,0.29365079365079366,-0.004273246593261184
2026-04-01,large_small,0.0009865406142091082,0.5238095238095238,-1.005036996192836e-05,0.42857142857142855,-0.001631054838807153,0.7142857142857143,0.002314217245621631,-0.05006235854480323,0.4603174603174603,-0.0008609555690268813,0.38095238095238093,-0.0022119660395606123,0.6507936507936508,0.0015305588822731005,-0.04650575899191767,0.5079365079365079,-0.0004244767340198096,0.40476190476190477,-0.0018933409605248377,0.6111111111111112,0.0011908065417909526
2026-04-01,cap_equal,0.009281399393982648,0.5238095238095238,0.0004602537622955472,0.7142857142857143,0.0021692495387839036,0.3333333333333333,-0.0017412735127793702,-0.044402279984129156,0.4603174603174603,-0.0007158566542000528,0.6190476190476191,0.0013296381655818286,0.3492063492063492,-0.0019821079237136155,-0.033410410136488156,0.49206349206349204,-0.0002649616083552842,0.6428571428571429,0.0012564578580327745,0.35714285714285715,-0.0016660930264028825
2026-04-01,small_value_large_growth,0.016837383874192646,0.5714285714285714,0.0007743211117096136,0.38095238095238093,-0.0020996348769208545,0.6190476190476191,0.0015931779095347052,0.16031618717002383,0.5555555555555556,0.002360991703818492,0.49206349206349204,-1.8589867371463967e-05,0.5873015873015873,0.0028848442496220666,0.18274398619300336,0.5317460317460317,0.0013381847527543904,0.4603174603174603,-0.00020616433314021545,0.5714285714285714,0.002347509833791882
2026-04-01,us_developed_ex_us,-0.014068666440496314,0.42857142857142855,-0.0007480681007868853,0.23809523809523808,-0.0029347164146147405,0.47619047619047616,0.0010143496497159177,-0.07644241270719332,0.36507936507936506,-0.0013023452859045655,0.4126984126984127,-0.0007430318283817061,0.42857142857142855,-0.0009944466331713142,-0.10522431275945077,0.4126984126984127,-0.0008989351173562431,0.5158730158730159,0.0003933155570017612,0.3968253968253968,-0.0023960977802316916
2026-04-01,developed_em,-0.001972801203286134,0.5238095238095238,-7.598457894432089e-05,0.6190476190476191,0.001044773710065796,0.5714285714285714,0.0003901168615620583,0.03152374077866815,0.5714285714285714,0.0004945189235175176,0.5396825396825397,0.00037460199835867173,0.5238095238095238,0.0008117709976563051,0.08543906841441862,0.5396825396825397,0.0006455423047247717,0.5238095238095238,0.0004835356396650437,0.4444444444444444,4.498374979861493e-05
2026-04-01,cyclical_defensive,0.025561481685618004,0.6190476190476191,0.0012093249894526757,0.7619047619047619,0.0035589425349986216,0.42857142857142855,-0.0032566174266212894,0.023879551616903694,0.5873015873015873,0.000386920622605763,0.746031746031746,0.0034815626931440622,0.3492063492063492,-0.0032179739583640264,0.00434526288519077,0.5555555555555556,4.662445091687444e-05,0.7063492063492064,0.002882996001119722,0.31746031746031744,-0.003678118164915032
2026-04-02,growth_value,-0.019630384385005084,0.42857142857142855,-0.0008806597172282615,0.8095238095238095,0.003675609973282693,0.19047619047619047,-0.004061114161884361,-0.115822495848381,0.4126984126984127,-0.0019169070367975388,0.6349206349206349,0.0018944704881292275,0.23809523809523808,-0.004715148601915947,-0.14243313525323897,0.4603174603174603,-0.0011861896563826306,0.7142857142857143,0.0025519278769618944,0.29365079365079366,-0.004273246593261184
2026-04-02,large_small,-0.0015884692460654826,0.5238095238095238,-0.00013263867560920324,0.38095238095238093,-0.002776466723375699,0.7142857142857143,0.002314217245621631,-0.05550876209246425,0.4444444444444444,-0.0009525650925961789,0.38095238095238093,-0.0022303172930420697,0.6507936507936508,0.0015305588822731005,-0.05330218900866601,0.5,-0.000481470785085239,0.40476190476190477,-0.0018770707019220515,0.6111111111111112,0.0011908065417909526
2026-04-02,cap_equal,0.004265133375384256,0.47619047619047616,0.00022201779581230258,0.6666666666666666,0.0018465675269143244,0.3333333333333333,-0.0017412735127793702,-0.04735280054024793,0.4444444444444444,-0.0007648561792729314,0.6031746031746031,0.0012556394536019926,0.3492063492063492,-0.0019821079237136155,-0.03639268348406821,0.48412698412698413,-0.00028954113882833493,0.6428571428571429,0.0012631449469115861,0.35714285714285715,-0.0016660930264028825
2026-04-02,small_value_large_growth,0.023968576720802437,0.5714285714285714,0.0011081338875364786,0.42857142857142855,-0.0006931143509381013,0.6190476190476191,0.0015931779095347052,0.16947687159052616,0.5714285714285714,0.0024862317680182824,0.5079365079365079,0.00014018954867808578,0.5873015873015873,0.0028848442496220666,0.19385548149289455,0.5396825396825397,0.0014126883049669129,0.4603174603174603,-0.00019878564292626804,0.5714285714285714,0.002347509833791882
2026-04-02,us_developed_ex_us,-0.0006627099512155343,0.47619047619047616,-0.00010440564632034699,0.2857142857142857,-0.002143299045835973,0.47619047619047616,0.0010143496497159177,-0.06541522378114462,0.38095238095238093,-0.0011146533501337455,0.4126984126984127,-0.0006513970344085754,0.42857142857142855,-0.0009944466331713142,-0.09321988734039999,0.42063492063492064,-0.0007932156536949929,0.5238095238095238,0.00048797470064587765,0.3968253968253968,-0.0023960977802316916
2026-04-02,developed_em,-0.007607020986034718,0.47619047619047616,-0.00034760625996140454,0.5714285714285714,0.0009011138595789804,0.5714285714285714,0.0003901168615620583,0.03534197235771219,0.5714285714285714,0.0005530223873954658,0.5396825396825397,0.00040722562983470164,0.5238095238095238,0.0008117709976563051,0.0835832049991807,0.5317460317460317,0.0006319225356799668,0.5238095238095238,0.0005473230692443218,0.4444444444444444,4.498374979861493e-05
2026-04-02,cyclical_defensive,0.01718249397352989,0.5714285714285714,0.0008184145751947665,0.7619047619047619,0.0033770699037519716,0.42857142857142855,-0.0032566174266212894,0.02130818241693766,0.5873015873015873,0.00034688683705275325,0.746031746031746,0.0034174535915880433,0.3492063492063492,-0.0032179739583640264,0.016535522742398667,0.5555555555555556,0.0001430201570117937,0.6984126984126984,0.0027866449598190845,0.31746031746031744,-0.003678118164915032
2026-04-06,growth_value,-0.032290374285243395,0.38095238095238093,-0.0014964214448920906,0.7619047619047619,0.003463384948209583,0.19047619047619047,-0.004061114161884361,-0.1060753931590045,0.4126984126984127,-0.0017424274968384985,0.6190476190476191,0.0017317434303924719,0.23809523809523808,-0.004715148601915947,-0.14355877378697868,0.4523809523809524,-0.0011966550017206842,0.7142857142857143,0.002558313361704661,0.29365079365079366,-0.004273246593261184
2026-04-06,large_small,-0.014652262620017953,0.5238095238095238,-0.0007518090689037347,0.38095238095238093,-0.0031257564389897447,0.7142857142857143,0.002314217245621631,-0.0475207086432442,0.4603174603174603,-0.0008180206079663506,0.3968253968253968,-0.002035227717729208,0.6507936507936508,0.0015305588822731005,-0.048576499445403876,0.5079365079365079,-0.0004417966587905032,0.40476190476190477,-0.0018791161257577683,0.6111111111111112,0.0011908065417909526
2026-04-06,cap_equal,-0.0013759614438906276,0.47619047619047616,-4.365119008101611e-05,0.6666666666666666,0.0017377287388358727,0.3333333333333333,-0.0017412735127793702,-0.042234648218090864,0.4603174603174603,-0.0006794379876483393,0.6031746031746031,0.0011732209806757518,0.3492063492063492,-0.0019821079237136155,-0.034811851054231346,0.49206349206349204,-0.0002764994822015641,0.6507936507936508,0.001285438251793277,0.35714285714285715,-0.0016660930264028825
2026-04-06,small_value_large_growth,0.043470842638506424,0.5714285714285714,0.0019977108280362947,0.42857142857142855,-0.00023813741620231933,0.6190476190476191,0.0015931779095347052,0.15473267462266316,0.5555555555555556,0.002284243848947155,0.49206349206349204,0.00010458469356580018,0.5873015873015873,0.0028848442496220666,0.1915651769081439,0.5317460317460317,0.0013974139099508377,0.4603174603174603,-0.00019330286296633168,0.5714285714285714,0.002347509833791882
2026-04-06,us_developed_ex_us,-0.020757559043812268,0.42857142857142855,-0.0010600586680678088,0.2857142857142857,-0.0022720053368882,0.47619047619047616,0.0010143496497159177,-0.06017533337568115,0.38095238095238093,-0.001025185030440404,0.3968253968253968,-0.0007849227251893038,0.42857142857142855,-0.0009944466331713142,-0.09524438309708638,0.42063492063492064,-0.0008110830968584216,0.5158730158730159,0.00040360055676894974,0.3968253968253968,-0.0023960977802316916
2026-04-06,developed_em,0.006920855054680208,0.5238095238095238,0.000336130727256573,0.5714285714285714,0.0010036423053567454,0.5714285714285714,0.0003901168615620583,0.04971443064203718,0.5873015873015873,0.0007748206041169607,0.5555555555555556,0.0007438489090061131,0.5238095238095238,0.0008117709976563051,0.08843827884887667,0.5396825396825397,0.0006675832146165775,0.5238095238095238,0.0005074967050911782,0.4444444444444444,4.498374979861493e-05
2026-04-06,cyclical_defensive,0.013514738123581393,0.5714285714285714,0.0006513824380223258,0.8095238095238095,0.0036994300278308445,0.42857142857142855,-0.0032566174266212894,0.020695871271229294,0.5873015873015873,0.00033697120888890816,0.746031746031746,0.003270990165672671,0.3492063492063492,-0.0032179739583640264,0.018823467319249554,0.5555555555555556,0.00016097556803581784,0.7063492063492064,0.0028293612940268583,0.31746031746031744,-0.003678118164915032
2026-04-07,growth_value,-0.031944716877084556,0.42857142857142855,-0.001479503039831898,0.7619047619047619,0.003145058916348679,0.19047619047619047,-0.004061114161884361,-0.09914766569400568,0.42857142857142855,-0.001618979865136275,0.6190476190476191,0.001726785070475091,0.23809523809523808,-0.004715148601915947,-0.13634221811724612,0.4603174603174603,-0.0011300394440558227,0.7142857142857143,0.002548486393257258,0.29365079365079366,-0.004273246593261184
2026-04-07,large_small,-0.02639168837483008,0.47619047619047616,-0.001314159409568292,0.3333333333333333,-0.0032783141699688953,0.7142857142857143,0.002314217245621631,-0.04136095009786367,0.4603174603174603,-0.0007141738555548409,0.3968253968253968,-0.0019796887789354134,0.6507936507936508,0.0015305588822731005,-0.043601825384283255,0.5079365079365079,-0.0004002089941022368,0.40476190476190477,-0.0018020472639957712,0.6111111111111112,0.0011908065417909526
2026-04-07,cap_equal,0.002490523072676165,0.5238095238095238,0.00013953449513719779,0.6666666666666666,0.0016004551750607417,0.3333333333333333,-0.0017412735127793702,-0.03718313142016738,0.47619047619047616,-0.0005956479065746944,0.6031746031746031,0.0011769379750497778,0.3492063492063492,-0.0019821079237136155,-0.028824595296936817,0.5,-0.0002273896398279131,0.6587301587301587,0.0013179984310285834,0.35714285714285715,-0.0016660930264028825
2026-04-07,small_value_large_growth,0.053486511764466504,0.6190476190476191,0.002447136566348524,0.47619047619047616,2.4449526862863324e-05,0.6190476190476191,0.0015931779095347052,0.14741254232767176,0.5555555555555556,0.0021822173942884823,0.49206349206349204,9.143372235079084e-05,0.5873015873015873,0.0028848442496220666,0.180658751850713,0.5317460317460317,0.0013242823750407148,0.4603174603174603,-0.00024393029054758665,0.5714285714285714,0.002347509833791882
2026-04-07,us_developed_ex_us,-0.013770706717684766,0.47619047619047616,-0.0007245451702682886,0.3333333333333333,-0.0016122168886714985,0.47619047619047616,0.0010143496497159177,-0.055049108510011546,0.3968253968253968,-0.0009381777957632246,0.4126984126984127,-0.0007310040930144355,0.42857142857142855,-0.0009944466331713142,-0.08632963113451053,0.42857142857142855,-0.0007329280311784606,0.5158730158730159,0.0003235536427481036,0.3968253968253968,-0.0023960977802316916
2026-04-07,developed_em,0.005803104172048323,0.5238095238095238,0.00028290364812813947,0.5238095238095238,0.0007267668480941191,0.5714285714285714,0.0003901168615620583,0.04217765699393161,0.5714285714285714,0.0006596586959484033,0.5555555555555556,0.0008421080882743527,0.5238095238095238,0.0008117709976563051,0.07872747165865013,0.5317460317460317,0.0005961310130609083,0.5238095238095238,0.0005049781869441276,0.4444444444444444,4.498374979861493e-05
2026-04-07,cyclical_defensive,0.02627219325163943,0.6190476190476191,0.0012432503902722579,0.8095238095238095,0.0037639522778836134,0.42857142857142855,-0.0032566174266212894,-0.0004236099021348583,0.5873015873015873,2.8829448008625763e-06,0.7619047619047619,0.0034235225570735427,0.3492063492063492,-0.0032179739583640264,0.027867916505972756,0.5634920634920635,0.0002313019280892531,0.7063492063492064,0.002705635093006716,0.31746031746031744,-0.003678118164915032
2026-04-08,growth_value,-0.037599236727685836,0.42857142857142855,-0.0017595679660017828,0.8095238095238095,0.0034549965903861828,0.19047619047619047,-0.004061114161884361,-0.09371205562560592,0.4444444444444444,-0.0015223993189233018,0.6190476190476191,0.0017499272732973603,0.23809523809523808,-0.004715148601915947,-0.13935069195298022,0.4603174603174603,-0.0011575810761133283,0.7142857142857143,0.0023894906645183993,0.29365079365079366,-0.004273246593261184
2026-04-08,large_small,-0.0281908723895824,0.47619047619047616,-0.0014067342849538747,0.3333333333333333,-0.003287405765584675,0.7142857142857143,0.002314217245621631,-0.0388834167619353,0.4603174603174603,-0.0006740079122929284,0.38095238095238093,-0.0022393584825425553,0.6507936507936508,0.0015305588822731005,-0.04740524729211748,0.5079365079365079,-0.0004327590259076935,0.40476190476190477,-0.0018216245622898132,0.6111111111111112,0.0011908065417909526
2026-04-08,cap_equal,-0.0011002848765914175,0.5238095238095238,-3.0291386990674706e-05,0.7142857142857143,0.001721685296922737,0.3333333333333333,-0.0017412735127793702,-0.029078350603337966,0.49206349206349204,-0.0004608325859730894,0.6031746031746031,0.0012050304363950932,0.3492063492063492,-0.0019821079237136155,-0.030359978628195283,0.5,-0.00023955182644881074,0.6587301587301587,0.001292039358561228,0.35714285714285715,-0.0016660930264028825
2026-04-08,small_value_large_growth,0.0607844957216761,0.6190476190476191,0.0027785036231484173,0.42857142857142855,-0.0003219803536870976,0.6190476190476191,0.0015931779095347052,0.1355078072872531,0.5396825396825397,0.0020150127018535367,0.49206349206349204,0.00019558495686060218,0.5873015873015873,0.0028848442496220666,0.18549510224173993,0.5317460317460317,0.0013568290337612472,0.4603174603174603,-0.00015834779092171924,0.5714285714285714,0.002347509833791882
2026-04-08,us_developed_ex_us,-0.02846279242573202,0.47619047619047616,-0.0014644740519908785,0.2857142857142857,-0.002479361751611326,0.47619047619047616,0.0010143496497159177,-0.07375540395336777,0.38095238095238093,-0.0012644118596493311,0.3968253968253968,-0.0010548411068752983,0.42857142857142855,-0.0009944466331713142,-0.10242978265035241,0.42063492063492064,-0.0008783391913657262,0.5079365079365079,-3.47206401285009e-05,0.3968253968253968,-0.0023960977802316916
2026-04-08,developed_em,0.005737056390771933,0.5238095238095238,0.00027588178191452153,0.5238095238095238,0.0006767006910361922,0.5714285714285714,0.0003901168615620583,0.042114714281915155,0.5714285714285714,0.0006571432425877306,0.5396825396825397,0.0007496876023913227,0.5238095238095238,0.0008117709976563051,0.07764197466245704,0.5317460317460317,0.0005873131463408885,0.5238095238095238,0.0006242605456769613,0.4444444444444444,4.498374979861493e-05
2026-04-08,cyclical_defensive,0.032362247208395756,0.6666666666666666,0.0015265115856837037,0.8095238095238095,0.0036977738427132457,0.42857142857142855,-0.0032566174266212894,0.005827973847023271,0.6031746031746031,0.00010265917497950804,0.7777777777777778,0.0034535140196584905,0.3492063492063492,-0.0032179739583640264,0.02471341201360122,0.5634920634920635,0.00020702177203239499,0.7063492063492064,0.0025301415777502882,0.31746031746031744,-0.003678118164915032
2026-04-09,growth_value,-0.03899615283214786,0.38095238095238093,-0.0018288633256150117,0.7619047619047619,0.0030757317132811056,0.19047619047619047,-0.004061114161884361,-0.10605148129526121,0.42857142857142855,-0.0017392810501467024,0.6031746031746031,0.0017098552236830104,0.23809523809523808,-0.004715148601915947,-0.13811466026069386,0.4603174603174603,-0.0011463055828090302,0.7063492063492064,0.0022484502981367145,0.29365079365079366,-0.004273246593261184
2026-04-09,large_small,-0.027668691973744663,0.47619047619047616,-0.0013814110589958654,0.3333333333333333,-0.002574211749414333,0.7142857142857143,0.002314217245621631,-0.038638039725650164,0.4603174603174603,-0.0006700512321235254,0.38095238095238093,-0.0021062327849781077,0.6507936507936508,0.0015305588822731005,-0.05411278499651895,0.5,-0.0004884830186438482,0.3968253968253968,-0.0018527219614354541,0.6111111111111112,0.0011908065417909526
2026-04-09,cap_equal,-0.0018707283541538056,0.5238095238095238,-6.49692385280882e-05,0.7142857142857143,0.0019413227108467618,0.3333333333333333,-0.0017412735127793702,-0.031896211985850575,0.49206349206349204,-0.0005057831833228141,0.6031746031746031,0.0012806155281014735,0.3492063492063492,-0.0019821079237136155,-0.026027875952910118,0.5,-0.00020402027014872754,0.6587301587301587,0.0012985076618474392,0.35714285714285715,-0.0016660930264028825
2026-04-09,small_value_large_growth,0.061727926424041124,0.6190476190476191,0.002821391769165547,0.42857142857142855,-0.0004326996466145734,0.6190476190476191,0.0015931779095347052,0.14429776658770943,0.5555555555555556,0.0021375330977500173,0.49206349206349204,9.088206199154706e-05,0.5873015873015873,0.0028848442496220666,0.19447803007627962,0.5396825396825397,0.001416433532093513,0.46825396825396826,-4.21541317470724e-05,0.5714285714285714,0.002347509833791882
2026-04-09,us_developed_ex_us,-0.01630577107530351,0.5238095238095238,-0.0008721381770080945,0.3333333333333333,-0.0019846985708660385,0.47619047619047616,0.0010143496497159177,-0.06578955195597946,0.38095238095238093,-0.0011283548316963325,0.3968253968253968,-0.0009468504450480336,0.42857142857142855,-0.0009944466331713142,-0.09763202215412414,0.42063492063492064,-0.0008357758563561058,0.5079365079365079,-2.135317498282626e-06,0.3968253968253968,-0.0023960977802316916
2026-04-09,developed_em,0.00879177444624446,0.5238095238095238,0.0004217533640734099,0.47619047619047616,0.000512144716232568,0.5714285714285714,0.0003901168615620583,0.036917412070946565,0.5555555555555556,0.0005780667528879483,0.5396825396825397,0.0007545081431886367,0.5238095238095238,0.0008117709976563051,0.07796830388718545,0.5317460317460317,0.0005895937226302364,0.5238095238095238,0.0006012764636532012,0.4444444444444444,4.498374979861493e-05
2026-04-09,cyclical_defensive,0.030960468336367786,0.6190476190476191,0.0014615663852969095,0.7619047619047619,0.003341968955252022,0.42857142857142855,-0.0032566174266212894,0.008665288686092953,0.6031746031746031,0.00014659827843758167,0.7619047619047619,0.00331070704617617,0.3492063492063492,-0.0032179739583640264,0.03336112958904369,0.5634920634920635,0.0002736765957664134,0.6984126984126984,0.002347606821546915,0.31746031746031744,-0.003678118164915032
2026-04-10,growth_value,-0.0330684548392689,0.38095238095238093,-0.001536623926153042,0.7619047619047619,0.0030757317132811056,0.23809523809523808,-0.003575691709493366,-0.08403623777339142,0.4444444444444444,-0.0013532691703044082,0.6031746031746031,0.0017098552236830104,0.25396825396825395,-0.004406177845971688,-0.1378166243049258,0.4603174603174603,-0.0011440568169279195,0.7063492063492064,0.0022484502981367145,0.30158730158730157,-0.004116958121232782
2026-04-10,large_small,-0.027535438257821232,0.47619047619047616,-0.0013749165799763802,0.3333333333333333,-0.002574211749414333,0.7142857142857143,0.002338043744887595,-0.027097844772730473,0.47619047619047616,-0.00047973825471363317,0.38095238095238093,-0.0021062327849781077,0.6666666666666666,0.001592843796155118,-0.04902164621435012,0.5079365079365079,-0.0004456086036042419,0.3968253968253968,-0.0018527219614354541,0.6111111111111112,0.0011818886286248157
2026-04-10,cap_equal,0.0026691756978167724,0.5238095238095238,0.0001501159246459507,0.7142857142857143,0.0019413227108467618,0.38095238095238093,-0.0011340192097568382,-0.017047144841998207,0.5079365079365079,-0.0002639986030450846,0.6031746031746031,0.0012806155281014735,0.36507936507936506,-0.0017722421405304265,-0.022231663814290648,0.5,-0.00017345121088554707,0.6587301587301587,0.0012985076618474392,0.36507936507936506,-0.0015713151430224977
2026-04-10,small_value_large_growth,0.06031347709064416,0.6190476190476191,0.002757648235902056,0.42857142857142855,-0.0004326996466145734,0.5714285714285714,0.001272621506088909,0.11494897423723738,0.5396825396825397,0.0017239943802876915,0.49206349206349204,9.088206199154706e-05,0.5714285714285714,0.0026619498264957055,0.1922264973767267,0.5396825396825397,0.001401613764533855,0.46825396825396826,-4.21541317470724e-05,0.5634920634920635,0.00227451624761534
2026-04-10,us_developed_ex_us,-0.02107563279401281,0.47619047619047616,-0.0011037045553647822,0.3333333333333333,-0.0019846985708660385,0.47619047619047616,0.0010587726154589843,-0.06889337817439811,0.38095238095238093,-0.0011812241624758126,0.3968253968253968,-0.0009468504450480336,0.42857142857142855,-0.000996667688351104,-0.10437112040260677,0.4126984126984127,-0.0008954312436548806,0.5079365079365079,-2.135317498282626e-06,0.3968253968253968,-0.0023951287822369257
2026-04-10,developed_em,0.008691136041964587,0.5238095238095238,0.00041642792468394544,0.47619047619047616,0.000512144716232568,0.5714285714285714,0.00035847959594226264,0.03430525298117759,0.5555555555555556,0.0005378561204448759,0.5396825396825397,0.0007545081431886367,0.5238095238095238,0.0007901153788872553,0.07781371870855702,0.5317460317460317,0.0005884557669477479,0.5238095238095238,0.0006012764636532012,0.4365079365079365,-8.998670217066509e-05
2026-04-10,cyclical_defensive,0.028320331321065595,0.6190476190476191,0.0013385699915120005,0.7619047619047619,0.003341968955252022,0.42857142857142855,-0.0029290832303271687,0.005991332030831575,0.6031746031746031,0.00010202275400154716,0.7619047619047619,0.00331070704617617,0.36507936507936506,-0.0030386881286431485,0.04091361561591267,0.5714285714285714,0.00033109215246822924,0.6984126984126984,0.002347606821546915,0.3253968253968254,-0.0035966271874673474
2026-04-13,growth_value,-0.023521045469476642,0.42857142857142855,-0.001069223627428937,0.7619047619047619,0.0029128739044082556,0.23809523809523808,-0.003575691709493366,-0.07858125150843254,0.4603174603174603,-0.0012580158935615998,0.6031746031746031,0.0017211762402305037,0.25396825396825395,-0.004406177845971688,-0.13781603468740422,0.4603174603174603,-0.0011434336144514911,0.7063492063492064,0.002179423881847986,0.30158730158730157,-0.004116958121232782
2026-04-13,large_small,-0.03666881562194013,0.42857142857142855,-0.0018211819430296462,0.3333333333333333,-0.002640175378018316,0.7142857142857143,0.002338043744887595,-0.02932340990046789,0.47619047619047616,-0.0005166628580957507,0.38095238095238093,-0.0020620637221996398,0.6666666666666666,0.001592843796155118,-0.05550851595601547,0.5,-0.0005001613232226328,0.3888888888888889,-0.001962455946485066,0.6111111111111112,0.0011818886286248157
2026-04-13,cap_equal,0.0010818539875492306,0.47619047619047616,7.423275945137164e-05,0.6666666666666666,0.0016774255822397323,0.38095238095238093,-0.0011340192097568382,-0.019114643925849828,0.49206349206349204,-0.0002977149255693047,0.5873015873015873,0.0012408941703426152,0.36507936507936506,-0.0017722421405304265,-0.028767223678010878,0.49206349206349204,-0.00022654600041078284,0.6507936507936508,0.0012301523219544915,0.36507936507936506,-0.0015713151430224977
2026-04-13,small_value_large_growth,0.05320773806640622,0.5714285714285714,0.0024347845579867516,0.42857142857142855,-0.00044990613694064656,0.5714285714285714,0.001272621506088909,0.10818024201884957,0.5396825396825397,0.00162629911179762,0.47619047619047616,-9.350535325714653e-06,0.5714285714285714,0.0026619498264957055,0.1935989276488186,0.5396825396825397,0.0014099664013729144,0.46825396825396826,4.303209034809425e-05,0.5634920634920635,0.00227451624761534
2026-04-13,us_developed_ex_us,-0.020934755993869625,0.47619047619047616,-0.0010921114847852794,0.38095238095238093,-0.0013284140398048922,0.47619047619047616,0.0010587726154589843,-0.06292001294851557,0.3968253968253968,-0.0010788562853905025,0.3968253968253968,-0.0009062646580322421,0.42857142857142855,-0.000996667688351104,-0.10551660467605573,0.4126984126984127,-0.0009050747701809732,0.5079365079365079,-8.981351221550577e-06,0.3968253968253968,-0.0023951287822369257
2026-04-13,developed_em,0.005058607269972537,0.47619047619047616,0.0002473919555359509,0.42857142857142855,0.00018241200279004284,0.5714285714285714,0.00035847959594226264,0.02642117312843051,0.5396825396825397,0.0004156918604203789,0.5396825396825397,0.0007827103755366489,0.5238095238095238,0.0007901153788872553,0.07693292355237369,0.5238095238095238,0.0005819434179413078,0.5238095238095238,0.0006938648751715656,0.4365079365079365,-8.998670217066509e-05
2026-04-13,cyclical_defensive,0.050104484787726555,0.6666666666666666,0.002334881450107192,0.7619047619047619,0.0036982610285448856,0.42857142857142855,-0.0029290832303271687,0.018364422555059434,0.6031746031746031,0.0002961197209261291,0.7619047619047619,0.0033663174569178544,0.36507936507936506,-0.0030386881286431485,0.06592080599758798,0.5793650793650794,0.0005192280427794471,0.6984126984126984,0.002401486463298584,0.3253968253968254,-0.0035966271874673474
2026-04-14,growth_value,0.001106279663291243,0.47619047619047616,0.00012091997504286367,0.8095238095238095,0.004060617256512898,0.23809523809523808,-0.003575691709493366,-0.06785986779136977,0.4603174603174603,-0.0010720511674472482,0.6031746031746031,0.001883995156642606,0.25396825396825395,-0.004406177845971688,-0.11644954495340476,0.46825396825396826,-0.0009503236925183274,0.7142857142857143,0.0023737262913341123,0.30158730158730157,-0.004116958121232782
2026-04-14,large_small,-0.03699659354736573,0.42857142857142855,-0.0018392783520226198,0.3333333333333333,-0.0021876664787382114,0.7142857142857143,0.002338043744887595,-0.02854451563298155,0.47619047619047616,-0.0005042488772289155,0.38095238095238093,-0.0020348328042996996,0.6666666666666666,0.001592843796155118,-0.060773716027059055,0.49206349206349204,-0.0005440601296813518,0.3888888888888889,-0.0019646119103805836,0.6111111111111112,0.0011818886286248157
2026-04-14,cap_equal,0.014759063380222814,0.5238095238095238,0.0007227475882757242,0.7142857142857143,0.0025186220603338827,0.38095238095238093,-0.0011340192097568382,-0.011940865213043717,0.49206349206349204,-0.00018103090446841024,0.5873015873015873,0.001281594434907473,0.36507936507936506,-0.0017722421405304265,-0.0165101705635029,0.5,-0.00012740187331488742,0.6587301587301587,0.001327305207262698,0.36507936507936506,-0.0015713151430224977
2026-04-14,small_value_large_growth,0.03222599448278474,0.5238095238095238,0.0014726799566391494,0.38095238095238093,-0.0018798319990137907,0.5714285714285714,0.001272621506088909,0.09494498048333466,0.5238095238095238,0.001433326943462557,0.4603174603174603,-0.0002490657414894552,0.5714285714285714,0.0026619498264957055,0.17756219461758227,0.5317460317460317,0.0013019394311807875,0.4603174603174603,-0.00011995231617364977,0.5634920634920635,0.00227451624761534
2026-04-14,us_developed_ex_us,-0.025278299812294347,0.47619047619047616,-0.0013004021951401549,0.42857142857142855,-0.0011534832243873315,0.47619047619047616,0.0010587726154589843,-0.05732698498987221,0.4126984126984127,-0.000983832775685894,0.3968253968253968,-0.0009554151715058466,0.42857142857142855,-0.000996667688351104,-0.09666792409253255,0.42063492063492064,-0.0008282621589847771,0.5158730158730159,5.687743362369266e-05,0.3968253968253968,-0.0023951287822369257
2026-04-14,developed_em,0.00742835720984214,0.47619047619047616,0.0003547140821666485,0.38095238095238093,-0.00019808713400696183,0.5714285714285714,0.00035847959594226264,0.03197484422843777,0.5396825396825397,0.0005021912324340264,0.5396825396825397,0.0007419915257446418,0.5238095238095238,0.0007901153788872553,0.05381158836281319,0.5158730158730159,0.0004131919091373198,0.5158730158730159,0.0005645811350035247,0.4365079365079365,-8.998670217066509e-05
2026-04-14,cyclical_defensive,0.05647128858843398,0.6666666666666666,0.0026228818980845664,0.7619047619047619,0.004069854252761361,0.42857142857142855,-0.0029290832303271687,0.02191157906658714,0.6031746031746031,0.00035144806601547523,0.7619047619047619,0.0034071892342550426,0.36507936507936506,-0.0030386881286431485,0.08441936572893183,0.5793650793650794,0.0006535482110965091,0.6984126984126984,0.0024886872614684314,0.3253968253968254,-0.0035966271874673474
2026-04-15,growth_value,0.019205278000758996,0.47619047619047616,0.000979977615653557,0.8095238095238095,0.004736866060040449,0.23809523809523808,-0.003575691709493366,-0.04592797626953782,0.47619047619047616,-0.0007004857656798205,0.6031746031746031,0.0020548558101712907,0.25396825396825395,-0.004406177845971688,-0.10561377615694267,0.46825396825396826,-0.0008534297283155339,0.7222222222222222,0.002577813625190419,0.30158730158730157,-0.004116958121232782
2026-04-15,large_small,-0.032458307826619626,0.42857142857142855,-0.001614378230342294,0.3333333333333333,-0.001988909571892741,0.7142857142857143,0.002338043744887595,-0.021901125580181646,0.49206349206349204,-0.0003956570664045863,0.38095238095238093,-0.002079235758886533,0.6666666666666666,0.001592843796155118,-0.04449447004732032,0.5,-0.00040541358540029874,0.3968253968253968,-0.001907549595821917,0.6111111111111112,0.0011818886286248157
2026-04-15,cap_equal,0.019639276570939668,0.5238095238095238,0.0009515442176495041,0.7142857142857143,0.0027187077635624224,0.38095238095238093,-0.0011340192097568382,-0.002498738747862661,0.5079365079365079,-2.960593857390952e-05,0.5873015873015873,0.0012845611498142164,0.36507936507936506,-0.0017722421405304265,-0.014582014107316743,0.5,-0.00011216412305940496,0.6666666666666666,0.0014148004641362374,0.36507936507936506,-0.0015713151430224977
2026-04-15,small_value_large_growth,0.017180308067134442,0.5238095238095238,0.0007677051274378296,0.38095238095238093,-0.00247385161021319,0.5714285714285714,0.001272621506088909,0.0699804238818984,0.5079365079365079,0.0010647279653796958,0.4603174603174603,-0.0002667458754360926,0.5714285714285714,0.0026619498264957055,0.15351688119485885,0.5238095238095238,0.00113660630596565,0.4523809523809524,-0.0002752056797982694,0.5634920634920635,0.00227451624761534
2026-04-15,us_developed_ex_us,-0.004221521602599809,0.5238095238095238,-0.0002731245857585134,0.42857142857142855,-0.0008462794719859055,0.47619047619047616,0.0010587726154589843,-0.05094738635205054,0.4126984126984127,-0.000876169509227221,0.3968253968253968,-0.0008519291811771914,0.42857142857142855,-0.000996667688351104,-0.09223233731215463,0.42063492063492064,-0.0007897572852192304,0.5158730158730159,0.00010191969877058431,0.3968253968253968,-0.0023951287822369257
2026-04-15,developed_em,-0.00015353351515312585,0.42857142857142855,-7.683355158930435e-06,0.38095238095238093,-0.00026212095621224753,0.5714285714285714,0.00035847959594226264,0.02685230151245288,0.5238095238095238,0.00042326498266933297,0.5396825396825397,0.0006837482900436231,0.5238095238095238,0.0007901153788872553,0.0668855553131742,0.5158730158730159,0.0005136414039578895,0.5079365079365079,0.0005184449271749336,0.4365079365079365,-8.998670217066509e-05
2026-04-15,cyclical_defensive,0.06138397351122338,0.6666666666666666,0.0028420761299281045,0.7619047619047619,0.004134565861890934,0.42857142857142855,-0.0029290832303271687,0.03259231069337587,0.6190476190476191,0.0005162424109168088,0.7619047619047619,0.003457591025961945,0.36507936507936506,-0.0030386881286431485,0.07684953389013982,0.5793650793650794,0.0005969396410037453,0.7063492063492064,0.0026036712909389506,0.3253968253968254,-0.0035966271874673474
2026-04-16,growth_value,0.01943438290798949,0.47619047619047616,0.0009908188533339422,0.7619047619047619,0.004511768367251603,0.23809523809523808,-0.003575691709493366,-0.034131020092523,0.47619047619047616,-0.000506577868663442,0.5873015873015873,0.0017464634825075768,0.25396825396825395,-0.004406177845971688,-0.09503109495303663,0.46825396825396826,-0.0007601287325204307,0.7222222222222222,0.002552834316665649,0.30158730158730157,-0.004116958121232782
2026-04-16,large_small,-0.02885526421729878,0.47619047619047616,-0.001436596967534282,0.3333333333333333,-0.002052254339042669,0.7142857142857143,0.002338043744887595,-0.010093665722743062,0.5079365079365079,-0.00020495719996194855,0.38095238095238093,-0.0021857151416274593,0.6666666666666666,0.001592843796155118,-0.029526761763258302,0.5079365079365079,-0.0002812513934842901,0.3968253968253968,-0.0019492134852143951,0.6111111111111112,0.0011818886286248157
2026-04-16,cap_equal,0.020513148009186466,0.5238095238095238,0.000992565936850471,0.7142857142857143,0.0026257605205745526,0.38095238095238093,-0.0011340192097568382,0.004886095418487502,0.5079365079365079,8.732948331174267e-05,0.5714285714285714,0.0010727588760588542,0.36507936507936506,-0.0017722421405304265,-0.007273793828118769,0.5,-5.3314027051017586e-05,0.6587301587301587,0.0013885807387907939,0.36507936507936506,-0.0015713151430224977
2026-04-16,small_value_large_growth,0.014478685805515479,0.5238095238095238,0.0006405929796772712,0.42857142857142855,-0.002151146251346111,0.5714285714285714,0.001272621506088909,0.04812896757234242,0.5079365079365079,0.0007376290085591047,0.47619047619047616,-1.9753419607143342e-05,0.5714285714285714,0.0026619498264957055,0.12419519075328167,0.5238095238095238,0.0009310201391583359,0.4603174603174603,-0.000225788063111065,0.5634920634920635,0.00227451624761534
2026-04-16,us_developed_ex_us,-0.0009192048324929702,0.5714285714285714,-0.00011536537157793727,0.42857142857142855,-0.0007777294217785243,0.47619047619047616,0.0010587726154589843,-0.03947338217955121,0.42857142857142855,-0.0006853224863788329,0.3968253968253968,-0.0008264662230192743,0.42857142857142855,-0.000996667688351104,-0.08620604565390089,0.42857142857142855,-0.0007371920915301717,0.5238095238095238,0.00018600386270123216,0.3968253968253968,-0.0023951287822369257
2026-04-16,developed_em,-0.002250581033687471,0.42857142857142855,-0.00010755853115087955,0.3333333333333333,-0.00043687399191003724,0.5714285714285714,0.00035847959594226264,0.020983952659931138,0.5079365079365079,0.0003321206874211598,0.5238095238095238,0.0006288000045083116,0.5238095238095238,0.0007901153788872553,0.050983546810626335,0.5079365079365079,0.00039472345948486794,0.5,0.0004631436964017943,0.4365079365079365,-8.998670217066509e-05
2026-04-16,cyclical_defensive,0.050471816103894174,0.6666666666666666,0.0023497896349439235,0.7619047619047619,0.0035125628333592417,0.42857142857142855,-0.0029290832303271687,0.04150714299029312,0.6349206349206349,0.0006534000512288524,0.7619047619047619,0.0033651917422205936,0.36507936507936506,-0.0030386881286431485,0.07997873753231666,0.5873015873015873,0.0006201229829583154,0.7142857142857143,0.002667071391569694,0.3253968253968254,-0.0035966271874673474
2026-04-17,growth_value,0.028032728877269486,0.5238095238095238,0.0013920786796598314,0.7619047619047619,0.004719351320503173,0.23809523809523808,-0.003575691709493366,-0.02607628940003659,0.49206349206349204,-0.00037355901598769834,0.5873015873015873,0.0016565477074206585,0.25396825396825395,-0.004406177845971688,-0.09059590955026231,0.46825396825396826,-0.000720804609400367,0.7222222222222222,0.0025546720695811646,0.30158730158730157,-0.004116958121232782
2026-04-17,large_small,-0.04037369031481941,0.42857142857142855,-0.0020104222404445436,0.2857142857142857,-0.0028183553297958493,0.7142857142857143,0.002338043744887595,-0.01333283722015044,0.5079365079365079,-0.00025892374032102317,0.36507936507936506,-0.002455993185724325,0.6666666666666666,0.001592843796155118,-0.0332159085106275,0.5079365079365079,-0.000312418866302353,0.3968253968253968,-0.0020219854859354677,0.6111111111111112,0.0011818886286248157
2026-04-17,cap_equal,0.02085641940736327,0.5238095238095238,0.0010077867219287734,0.6666666666666666,0.0024815096911253243,0.38095238095238093,-0.0011340192097568382,0.006124513959696154,0.5079365079365079,0.00010688419179472581,0.5555555555555556,0.0008800922955846078,0.36507936507936506,-0.0017722421405304265,-0.010132506757493887,0.49206349206349204,-7.630910319970379e-05,0.6507936507936508,0.0013563749050387853,0.36507936507936506,-0.0015713151430224977
2026-04-17,small_value_large_growth,0.02003137747499939,0.5714285714285714,0.0009049822440577462,0.47619047619047616,-0.0017206353795614108,0.5714285714285714,0.001272621506088909,0.045408045983970746,0.5079365079365079,0.0006972484001682111,0.49206349206349204,0.00033914358681487656,0.5714285714285714,0.0026619498264957055,0.1265435009188416,0.5238095238095238,0.0009481915684067629,0.46825396825396826,-0.00014986587272368908,0.5634920634920635,0.00227451624761534
2026-04-17,us_developed_ex_us,-0.006013529761529468,0.5238095238095238,-0.0003571746663799722,0.42857142857142855,-0.0006398631875806386,0.47619047619047616,0.0010587726154589843,-0.042573865169763025,0.4126984126984127,-0.0007370398186164588,0.38095238095238093,-0.0009301541086205689,0.42857142857142855,-0.000996667688351104,-0.08556481442615294,0.42857142857142855,-0.0007316891769024187,0.5158730158730159,0.0001662848884970438,0.3968253968253968,-0.0023951287822369257
2026-04-17,developed_em,-0.006052516887938397,0.38095238095238093,-0.00028937279091274207,0.3333333333333333,-0.00026461125898332344,0.5714285714285714,0.00035847959594226264,0.022187863510317207,0.5079365079365079,0.00035047058818663565,0.5238095238095238,0.0007313494477601872,0.5238095238095238,0.0007901153788872553,0.057290018954604394,0.5079365079365079,0.00044265531021342366,0.49206349206349204,0.0004369083942721118,0.4365079365079365,-8.998670217066509e-05
2026-04-17,cyclical_defensive,0.04384430566166353,0.6190476190476191,0.002050010077967833,0.7142857142857143,0.003267389881821795,0.42857142857142855,-0.0029290832303271687,0.038246586503054125,0.6190476190476191,0.0006033316005240958,0.746031746031746,0.0032506754178094855,0.36507936507936506,-0.0030386881286431485,0.08451085939176073,0.5873015873015873,0.0006533236887133318,0.7063492063492064,0.002578276597194356,0.3253968253968254,-0.0035966271874673474
2026-04-20,growth_value,0.026290311537589206,0.5238095238095238,0.0013112980867811621,0.7619047619047619,0.004719351320503173,0.23809523809523808,-0.003503152207920222,-0.030852132466899107,0.47619047619047616,-0.00045148430846889,0.5873015873015873,0.0016565477074206585,0.25396825396825395,-0.004417753972779257,-0.09901871019830477,0.4603174603174603,-0.0007943033932410594,0.7222222222222222,0.0025546720695811646,0.30158730158730157,-0.004060345107271094
2026-04-20,large_small,-0.03816071917528219,0.42857142857142855,-0.0019006055969003912,0.2857142857142857,-0.0028183553297958493,0.6666666666666666,0.0018327619789083064,-0.018282245628502225,0.5079365079365079,-0.00033899324435895456,0.36507936507936506,-0.002455993185724325,0.6507936507936508,0.0014012122291940632,-0.05323693188875056,0.5,-0.0004770343939879063,0.3968253968253968,-0.0020219854859354677,0.6111111111111112,0.0011375243184060448
2026-04-20,cap_equal,0.017335177502545873,0.5238095238095238,0.0008429793516958236,0.6666666666666666,0.0024815096911253243,0.38095238095238093,-0.0012838492160228117,-0.000761626287656747,0.49206349206349204,-2.1282104152996527e-06,0.5555555555555556,0.0008800922955846078,0.36507936507936506,-0.0018404966711475397,-0.017860067595125817,0.48412698412698413,-0.0001383593545561293,0.6507936507936508,0.0013563749050387853,0.36507936507936506,-0.0015647795994958712
2026-04-20,small_value_large_growth,0.019765952237083884,0.5714285714285714,0.0008925997888813907,0.47619047619047616,-0.0017206353795614108,0.5714285714285714,0.0016017096034950436,0.055238537859961134,0.5238095238095238,0.0008459532341630697,0.49206349206349204,0.00033914358681487656,0.5714285714285714,0.0027639082686910696,0.15692559486994972,0.5317460317460317,0.001157582047216126,0.46825396825396826,-0.00014986587272368908,0.5634920634920635,0.0022583532924014783
2026-04-20,us_developed_ex_us,-0.0027114324906379883,0.5238095238095238,-0.0001996585847067771,0.42857142857142855,-0.0006398631875806386,0.5238095238095238,0.0016207701608957005,-0.03608320515272989,0.42857142857142855,-0.0006298783258925633,0.38095238095238093,-0.0009301541086205689,0.42857142857142855,-0.0009960506265499721,-0.07111362148203315,0.4365079365079365,-0.0006074953162372016,0.5158730158730159,0.0001662848884970438,0.40476190476190477,-0.0022714583543997835
2026-04-20,developed_em,-0.0076145305334720526,0.38095238095238093,-0.00036407823350887147,0.3333333333333333,-0.00026461125898332344,0.6190476190476191,0.00042667966892426907,0.013470052086883122,0.5079365079365079,0.00021472713833669933,0.5238095238095238,0.0007313494477601872,0.5396825396825397,0.0008761168103727839,0.05651551245005604,0.5079365079365079,0.00043680053973057766,0.49206349206349204,0.0004369083942721118,0.4365079365079365,-0.00014881077927999072
2026-04-20,cyclical_defensive,0.04975770082956665,0.6190476190476191,0.0023186175311161565,0.7142857142857143,0.003267389881821795,0.47619047619047616,-0.002315388876544073,0.04106639611451057,0.6190476190476191,0.0006463160316593306,0.746031746031746,0.0032506754178094855,0.38095238095238093,-0.0028806033502638893,0.10031077730388249,0.5952380952380952,0.0007674903243151121,0.7063492063492064,0.002578276597194356,0.3333333333333333,-0.003473571218731798
2026-04-21,growth_value,0.031447087028860565,0.5238095238095238,0.0015458732444781434,0.7619047619047619,0.004719351320503173,0.23809523809523808,-0.003176878268380037,-0.020561633647485866,0.47619047619047616,-0.0002873426675054979,0.5873015873015873,0.0016565477074206585,0.25396825396825395,-0.004428205977711705,-0.1000726165415442,0.4523809523809524,-0.0008035389232823073,0.7222222222222222,0.0025546720695811646,0.30158730158730157,-0.003883660590926571
2026-04-21,large_small,-0.04073888062500586,0.42857142857142855,-0.00202430504477408,0.2857142857142857,-0.0028183553297958493,0.6666666666666666,0.0017789791653556742,-0.006625824408589609,0.5238095238095238,-0.00015422945587278527,0.36507936507936506,-0.002455993185724325,0.6507936507936508,0.0013823538943554725,-0.06128249475563219,0.5,-0.0005449306607911704,0.3968253968253968,-0.0020219854859354677,0.6190476190476191,0.001165617577412701
2026-04-21,cap_equal,0.016545942982242545,0.47619047619047616,0.0008063972544721375,0.6666666666666666,0.0024815096911253243,0.38095238095238093,-0.0011927843734194882,0.004365061833023098,0.49206349206349204,7.759398424453345e-05,0.5555555555555556,0.0008800922955846078,0.3492063492063492,-0.0019045104387289769,-0.01885216055203054,0.47619047619047616,-0.00014638478376061137,0.6507936507936508,0.0013563749050387853,0.36507936507936506,-0.001510691063372204
2026-04-21,small_value_large_growth,0.015336850889568376,0.5238095238095238,0.0006875894194903356,0.47619047619047616,-0.0017206353795614108,0.5238095238095238,0.0013113342195522652,0.03861137353432431,0.5079365079365079,0.0005981474973134263,0.49206349206349204,0.00033914358681487656,0.5714285714285714,0.0027879603011567505,0.16078018987358877,0.5317460317460317,0.0011843143220940924,0.46825396825396826,-0.00014986587272368908,0.5555555555555556,0.002095108886695477
2026-04-21,us_developed_ex_us,-0.003583614421653336,0.5238095238095238,-0.00023362321124524642,0.42857142857142855,-0.0006398631875806386,0.5714285714285714,0.002717776206225407,-0.0149399974628035,0.4444444444444444,-0.00029062547491837034,0.38095238095238093,-0.0009301541086205689,0.42857142857142855,-0.000779560625264685,-0.06049328993817693,0.4365079365079365,-0.0005190810469350288,0.5158730158730159,0.0001662848884970438,0.4126984126984127,-0.0021231084816337653
2026-04-21,developed_em,-0.012769881380644943,0.38095238095238093,-0.0006106246234002878,0.3333333333333333,-0.00026461125898332344,0.5714285714285714,-0.0002676429874191826,0.008720549575307546,0.5079365079365079,0.000141933556059661,0.5238095238095238,0.0007313494477601872,0.5396825396825397,0.0007373027182357994,0.04275844623441949,0.5,0.00033412822015774533,0.49206349206349204,0.0004369083942721118,0.42857142857142855,-0.00027168263480335775
2026-04-21,cyclical_defensive,0.04680024653133463,0.6190476190476191,0.0021883529611889997,0.7142857142857143,0.003267389881821795,0.5238095238095238,-0.0008780192032129466,0.062476708697307703,0.6349206349206349,0.000966525110345741,0.746031746031746,0.0032506754178094855,0.38095238095238093,-0.0028710723129483132,0.10892539551000247,0.6031746031746031,0.0008289700764144575,0.7063492063492064,0.002578276597194356,0.3333333333333333,-0.003465828757187233
2026-04-22,growth_value,0.037978634992460236,0.5238095238095238,0.001848564374737381,0.7619047619047619,0.005132475875875662,0.23809523809523808,-0.003176878268380037,-0.0012618849818077926,0.49206349206349204,2.555242661209497e-05,0.6031746031746031,0.0018798123894203868,0.25396825396825395,-0.004428205977711705,-0.08979565320936744,0.4523809523809524,-0.000712576864951509,0.7222222222222222,0.0025960662584693216,0.30158730158730157,-0.003883660590926571
2026-04-22,large_small,-0.029562145042459687,0.47619047619047616,-0.0014643528775520834,0.3333333333333333,-0.0025426032034899,0.6666666666666666,0.0017789791653556742,0.004026049746743254,0.5396825396825397,1.7435044346715402e-05,0.38095238095238093,-0.0023820715103490416,0.6507936507936508,0.0013823538943554725,-0.05042471109677227,0.5079365079365079,-0.00045242493274044374,0.40476190476190477,-0.001958337692712454,0.6190476190476191,0.001165617577412701
2026-04-22,cap_equal,0.027459982713367914,0.5238095238095238,0.001317429841031194,0.7142857142857143,0.0030185948368874945,0.38095238095238093,-0.0011927843734194882,0.020396202933879115,0.5079365079365079,0.00033095767966794833,0.5555555555555556,0.0010305248462016193,0.3492063492063492,-0.0019045104387289769,-0.008869342815666093,0.47619047619047616,-6.567048618299425e-05,0.6507936507936508,0.0014232251879689108,0.36507936507936506,-0.001510691063372204
2026-04-22,small_value_large_growth,-0.00226910511402334,0.47619047619047616,-0.0001560113341592646,0.47619047619047616,-0.0021751641409166376,0.5238095238095238,0.0013113342195522652,0.009664782205829336,0.49206349206349204,0.00014326033192896888,0.49206349206349204,0.0001595043794189459,0.5714285714285714,0.0027879603011567505,0.13767451959183385,0.5238095238095238,0.001022733417330342,0.4603174603174603,-0.00025449755332799796,0.5555555555555556,0.002095108886695477
2026-04-22,us_developed_ex_us,0.012199657605984848,0.5714285714285714,0.000528085089650415,0.42857142857142855,-0.0007457469560714094,0.5714285714285714,0.002717776206225407,-0.01340519499058257,0.4444444444444444,-0.00026571188804856856,0.38095238095238093,-0.0009766325047292851,0.42857142857142855,-0.000779560625264685,-0.06097453512778206,0.4365079365079365,-0.0005232054256013479,0.5158730158730159,0.00012927078607634918,0.4126984126984127,-0.0021231084816337653
2026-04-22,developed_em,-0.016957263100881192,0.3333333333333333,-0.0008166863465841453,0.3333333333333333,-3.489625374795241e-05,0.5714285714285714,-0.0002676429874191826,0.005669456185426247,0.49206349206349204,9.338758963754107e-05,0.5079365079365079,0.0006523972157140193,0.5396825396825397,0.0007373027182357994,0.044217578378401345,0.5,0.00034536384223709464,0.48412698412698413,0.00028328895654960025,0.42857142857142855,-0.00027168263480335775
2026-04-22,cyclical_defensive,0.036873123198178925,0.6190476190476191,0.0017301309143545583,0.7142857142857143,0.0031514918363943884,0.5238095238095238,-0.0008780192032129466,0.051683062948815195,0.6349206349206349,0.0008024405012032451,0.746031746031746,0.003095320769947317,0.38095238095238093,-0.0028710723129483132,0.10073999838393655,0.6031746031746031,0.0007697531264514434,0.7063492063492064,0.0025164058664405393,0.3333333333333333,-0.003465828757187233
2026-04-23,growth_value,0.03540622305166896,0.5238095238095238,0.0017310964741827969,0.7619047619047619,0.005132475875875662,0.23809523809523808,-0.003874781690162363,-0.022402537201630435,0.47619047619047616,-0.0003134113079314993,0.6031746031746031,0.0018798123894203868,0.25396825396825395,-0.004557078081476506,-0.1036027836700556,0.4523809523809524,-0.000833365014720139,0.7222222222222222,0.0025960662584693216,0.30158730158730157,-0.003895138731534718
2026-04-23,large_small,-0.021590787724545257,0.47619047619047616,-0.0010742723821367487,0.3333333333333333,-0.0025426032034899,0.6666666666666666,0.0019404016048630898,0.005277127531805315,0.5396825396825397,3.748599708285215e-05,0.38095238095238093,-0.0023820715103490416,0.6507936507936508,0.0014830069318349575,-0.056382541306591705,0.5,-0.0005022595124285207,0.40476190476190477,-0.001958337692712454,0.6111111111111112,0.0010831492448583762
2026-04-23,cap_equal,0.028202827778479156,0.5238095238095238,0.0013519703777197139,0.7142857142857143,0.0030185948368874945,0.38095238095238093,-0.0013502284408532014,0.012523301637100914,0.49206349206349204,0.00020793150761672186,0.5555555555555556,0.0010305248462016193,0.3492063492063492,-0.0019092877230213027,-0.00812854692815601,0.47619047619047616,-5.959780712775558e-05,0.6507936507936508,0.0014232251879689108,0.36507936507936506,-0.001486620763156909
2026-04-23,small_value_large_growth,-0.007833444408611445,0.47619047619047616,-0.00042493472981181793,0.47619047619047616,-0.0021751641409166376,0.5238095238095238,0.0016917921253657802,0.02434849789591942,0.5079365079365079,0.00037135595950512176,0.49206349206349204,0.0001595043794189459,0.5714285714285714,0.002820794227892024,0.15811685038584633,0.5317460317460317,0.0011634207785190885,0.4603174603174603,-0.00025449755332799796,0.5555555555555556,0.0021744973732901554
2026-04-23,us_developed_ex_us,0.012937510997637292,0.5714285714285714,0.0005622453805315013,0.42857142857142855,-0.0007457469560714094,0.6190476190476191,0.0030611761857765305,-0.007709926335842998,0.4603174603174603,-0.0001749518543270147,0.38095238095238093,-0.0009766325047292851,0.4444444444444444,-0.0005522036002598002,-0.06402032730193263,0.4365079365079365,-0.0005489752769211704,0.5158730158730159,0.00012927078607634918,0.42063492063492064,-0.0018772793225711962
2026-04-23,developed_em,-0.01342231166269281,0.3333333333333333,-0.0006479861169949242,0.3333333333333333,-3.489625374795241e-05,0.5714285714285714,-0.00032871180130277286,0.012872923300038197,0.5079365079365079,0.0002060420470691129,0.5079365079365079,0.0006523972157140193,0.5396825396825397,0.0006988618914984936,0.04921358839254797,0.5079365079365079,0.00038279328329135276,0.48412698412698413,0.00028328895654960025,0.42857142857142855,-0.0003702137713527288
2026-04-23,cyclical_defensive,0.017452116610686685,0.5714285714285714,0.0008234628662238791,0.7142857142857143,0.0031514918363943884,0.5238095238095238,-0.0013871489777390253,0.03100589686439581,0.6190476190476191,0.0004856008520607537,0.746031746031746,0.003095320769947317,0.38095238095238093,-0.002975483643278725,0.07929153354782192,0.5952380952380952,0.0006128219294509469,0.7063492063492064,0.0025164058664405393,0.3333333333333333,-0.0033861010059881556
2026-04-24,growth_value,0.04637130569776371,0.5238095238095238,0.0022362162118426464,0.7619047619047619,0.005235618280978183,0.23809523809523808,-0.003874781690162363,-0.020843159056409877,0.47619047619047616,-0.0002867516398812313,0.6031746031746031,0.001955625685337819,0.25396825396825395,-0.004557078081476506,-0.08913648591278334,0.4603174603174603,-0.0007058455351932613,0.7301587301587301,0.0026937514864867106,0.30158730158730157,-0.003895138731534718
2026-04-24,large_small,-0.012292999906007407,0.5238095238095238,-0.0006203292224109007,0.3333333333333333,-0.00254221819021909,0.6666666666666666,0.0019404016048630898,-0.010318470550462644,0.5396825396825397,-0.0002076863043699249,0.38095238095238093,-0.002400471475080853,0.6507936507936508,0.0014830069318349575,-0.06165847394747159,0.5,-0.0005459035351115134,0.40476190476190477,-0.0019460590920471511,0.6111111111111112,0.0010831492448583762
2026-04-24,cap_equal,0.03757404875392911,0.5238095238095238,0.001785153270335735,0.7142857142857143,0.003112654525664084,0.38095238095238093,-0.0013502284408532014,0.017563921513670033,0.49206349206349204,0.0002873527733166347,0.5555555555555556,0.001117816932020776,0.3492063492063492,-0.0019092877230213027,0.0020144686577843185,0.48412698412698413,2.13547936219423e-05,0.6507936507936508,0.0014892450889960394,0.36507936507936506,-0.001486620763156909
2026-04-24,small_value_large_growth,-0.023615481887394818,0.42857142857142855,-0.0011945683173516044,0.47619047619047616,-0.002294844738658338,0.5238095238095238,0.0016917921253657802,0.035888817626510194,0.5079365079365079,0.0005457822076700346,0.49206349206349204,5.9087482356085404e-05,0.5714285714285714,0.002820794227892024,0.1468773746725882,0.5317460317460317,0.0010853128046625566,0.4523809523809524,-0.0003566045349768435,0.5555555555555556,0.0021744973732901554
2026-04-24,us_developed_ex_us,0.019654950259030413,0.5714285714285714,0.0008800275283110036,0.42857142857142855,-0.0005753737579102168,0.6190476190476191,0.0030611761857765305,-0.0006387661093196773,0.4603174603174603,-6.194274627975494e-05,0.38095238095238093,-0.0009589936787897648,0.4444444444444444,-0.0005522036002598002,-0.05819185393194459,0.4365079365079365,-0.0004998645037427845,0.5158730158730159,0.00013361541420726952,0.42063492063492064,-0.0018772793225711962
2026-04-24,developed_em,-0.019277298314080094,0.3333333333333333,-0.0009340678367731363,0.2857142857142857,-0.0009033528370045372,0.5714285714285714,-0.00032871180130277286,-0.0019175687807302388,0.49206349206349204,-3.0137053924804403e-05,0.49206349206349204,0.0004520670635237352,0.5396825396825397,0.0006988618914984936,0.03559229259613139,0.5,0.00027784575325259575,0.48412698412698413,0.00018894871377909058,0.42857142857142855,-0.0003702137713527288
2026-04-24,cyclical_defensive,0.020502434131828062,0.5714285714285714,0.000965345051948595,0.7142857142857143,0.0032063071586158143,0.5238095238095238,-0.0013871489777390253,0.03474574268457964,0.6349206349206349,0.0005428919063662061,0.746031746031746,0.0031341670835195036,0.38095238095238093,-0.002975483643278725,0.08989171083330083,0.6031746031746031,0.0006902907626789771,0.7142857142857143,0.0025620514695017605,0.3333333333333333,-0.0033861010059881556
2026-04-27,growth_value,0.060688827252990185,0.5714285714285714,0.002873772931515388,0.7619047619047619,0.005097418687026966,0.23809523809523808,-0.003874781690162363,-0.022561765403877887,0.47619047619047616,-0.00031485571839169195,0.6190476190476191,0.0020651394561893416,0.25396825396825395,-0.004557078081476506,-0.09195161187065126,0.4603174603174603,-0.0007306446895764038,0.7301587301587301,0.002668435536204805,0.30158730158730157,-0.003895138731534718
2026-04-27,large_small,-0.013438544300726774,0.47619047619047616,-0.0006752130499538188,0.3333333333333333,-0.0021889162198607155,0.6666666666666666,0.0019404016048630898,-0.01839133260041148,0.5238095238095238,-0.0003377849866537672,0.38095238095238093,-0.002241816880320199,0.6507936507936508,0.0014830069318349575,-0.056318872013794485,0.5,-0.0005004018888420436,0.3968253968253968,-0.001957513761796803,0.6111111111111112,0.0010831492448583762
2026-04-27,cap_equal,0.04979517968011882,0.5714285714285714,0.0023371294027113737,0.7142857142857143,0.003135906022821433,0.38095238095238093,-0.0013502284408532014,0.017774012100147285,0.49206349206349204,0.00029048229440340395,0.5714285714285714,0.001201919966274291,0.3492063492063492,-0.0019092877230213027,0.0037468214918041642,0.48412698412698413,3.502021822639752e-05,0.6507936507936508,0.0014739411294271954,0.36507936507936506,-0.001486620763156909
2026-04-27,small_value_large_growth,-0.034043476885771806,0.42857142857142855,-0.0016953444695396776,0.47619047619047616,-0.0023831454987231306,0.5238095238095238,0.0016917921253657802,0.04864068322991644,0.5238095238095238,0.0007402981013949197,0.49206349206349204,-7.47544670936068e-05,0.5714285714285714,0.002820794227892024,0.1495148118773042,0.5317460317460317,0.0011035912636713915,0.4603174603174603,-0.0002812566479557045,0.5555555555555556,0.0021744973732901554
2026-04-27,us_developed_ex_us,0.015783320735101247,0.5714285714285714,0.0007048696390724479,0.42857142857142855,-0.0013445967331687262,0.6190476190476191,0.0030611761857765305,0.0019967197455696972,0.47619047619047616,-2.01145101999842e-05,0.3968253968253968,-0.0008889920016138336,0.4444444444444444,-0.0005522036002598002,-0.057165764909685834,0.4365079365079365,-0.0004912788100250653,0.5238095238095238,0.00020346087632040964,0.42063492063492064,-0.0018772793225711962
2026-04-27,developed_em,-0.01960822981049326,0.3333333333333333,-0.0009455765190270365,0.3333333333333333,-0.0005892733592995544,0.5714285714285714,-0.00032871180130277286,0.00024241366531185804,0.49206349206349204,3.8916221882895605e-06,0.5079365079365079,0.0005540187900377196,0.5396825396825397,0.0006988618914984936,0.04213495626686137,0.5079365079365079,0.0003278576229441691,0.48412698412698413,0.00018412775204365968,0.42857142857142855,-0.0003702137713527288
2026-04-27,cyclical_defensive,0.03052906308721126,0.6190476190476191,0.0014290954372415965,0.7142857142857143,0.002785827144318115,0.5238095238095238,-0.0013871489777390253,0.042118468012808385,0.6507936507936508,0.000655461238213125,0.746031746031746,0.0031331476942283725,0.38095238095238093,-0.002975483643278725,0.08321615328069232,0.6031746031746031,0.0006411268628192634,0.7142857142857143,0.0025759935146990594,0.3333333333333333,-0.0033861010059881556
2026-04-28,growth_value,0.067247221406874,0.5714285714285714,0.003159407182004745,0.7619047619047619,0.005097418687026966,0.23809523809523808,-0.0039648126946505964,-0.03413394172889461,0.4603174603174603,-0.0005038747927956671,0.6190476190476191,0.0020651394561893416,0.25396825396825395,-0.004600645515108667,-0.09929883997954048,0.4523809523809524,-0.0007951004770354448,0.7301587301587301,0.002668435536204805,0.29365079365079366,-0.004038427911171882
2026-04-28,large_small,-0.007597137926341313,0.47619047619047616,-0.00039626086191658585,0.3333333333333333,-0.0021889162198607155,0.6666666666666666,0.0020297899419340452,-0.013189038619962234,0.5238095238095238,-0.0002548085231258994,0.38095238095238093,-0.002241816880320199,0.6507936507936508,0.001482858892531202,-0.0463011793015331,0.5079365079365079,-0.00041669450171247983,0.3968253968253968,-0.001957513761796803,0.6190476190476191,0.0011397537137983142
2026-04-28,cap_equal,0.05361509440157075,0.6190476190476191,0.0025075455331311134,0.7142857142857143,0.003135906022821433,0.38095238095238093,-0.0013752677081737236,0.012400171790771353,0.49206349206349204,0.00020632545614525312,0.5714285714285714,0.001201919966274291,0.3492063492063492,-0.0019163920868773417,-0.0014364677060532127,0.48412698412698413,-6.313269685585446e-06,0.6507936507936508,0.0014739411294271954,0.36507936507936506,-0.001519010406480201
2026-04-28,small_value_large_growth,-0.03860973689372926,0.42857142857142855,-0.0019148801729182456,0.47619047619047616,-0.0023831454987231306,0.5714285714285714,0.0020853411827218985,0.05513688430700103,0.5396825396825397,0.0008382909841902178,0.49206349206349204,-7.47544670936068e-05,0.5873015873015873,0.0029603078381851963,0.14936892442911764,0.5317460317460317,0.0011021622672467027,0.4603174603174603,-0.0002812566479557045,0.5634920634920635,0.002264554393199922
2026-04-28,us_developed_ex_us,0.025984066915063497,0.5714285714285714,0.0011748367819753751,0.42857142857142855,-0.0013445967331687262,0.6190476190476191,0.003342674686296549,0.01429188167750639,0.47619047619047616,0.0001754984169725417,0.3968253968253968,-0.0008889920016138336,0.42857142857142855,-0.0006197778118307661,-0.0621010334065254,0.42857142857142855,-0.0005331352974413646,0.5238095238095238,0.00020346087632040964,0.42063492063492064,-0.0018029778362032144
2026-04-28,developed_em,-0.017577299862998164,0.38095238095238093,-0.0008476263553701257,0.3333333333333333,-0.0005892733592995544,0.5714285714285714,-0.0003836143549390494,-0.00157549268706203,0.49206349206349204,-2.604618887952228e-05,0.5079365079365079,0.0005540187900377196,0.5555555555555556,0.0007812886561038978,0.045735512247461196,0.5158730158730159,0.0003551819890877375,0.48412698412698413,0.00018412775204365968,0.4365079365079365,-0.0002647742428539973
2026-04-28,cyclical_defensive,0.03487011713872712,0.6190476190476191,0.0016261108189346955,0.7142857142857143,0.002785827144318115,0.5238095238095238,-0.0005588727598865189,0.03514444418528706,0.6349206349206349,0.0005487257081091268,0.746031746031746,0.0031331476942283725,0.38095238095238093,-0.0029081306193255506,0.08150057138460398,0.6031746031746031,0.0006285052754246473,0.7142857142857143,0.0025759935146990594,0.3333333333333333,-0.0033906186625161628
2026-04-29,growth_value,0.06656682647241774,0.5714285714285714,0.003128872778040182,0.7619047619047619,0.005097418687026966,0.23809523809523808,-0.003547964147908314,-0.033102136593030296,0.4603174603174603,-0.0004869271286968031,0.6190476190476191,0.0020651394561893416,0.23809523809523808,-0.004721052505276565,-0.11068552117904273,0.4444444444444444,-0.0008969758799888076,0.7301587301587301,0.002668435536204805,0.29365079365079366,-0.0039137439194452716
2026-04-29,large_small,-0.012137569329895848,0.47619047619047616,-0.0006110564698186589,0.3333333333333333,-0.0021889162198607155,0.7142857142857143,0.0027704025852671307,-0.011596469726880332,0.5238095238095238,-0.00022933936549712322,0.38095238095238093,-0.002241816880320199,0.6507936507936508,0.001528718696472032,-0.04815068764911712,0.5079365079365079,-0.00043276661746152875,0.3968253968253968,-0.001957513761796803,0.626984126984127,0.0012159237493430106
2026-04-29,cap_equal,0.05664090793380616,0.6666666666666666,0.002643867276232062,0.7142857142857143,0.003135906022821433,0.42857142857142855,-0.0007661259074090987,0.010697962942178174,0.49206349206349204,0.0001796809368837641,0.5714285714285714,0.001201919966274291,0.3492063492063492,-0.0019765172504455325,-0.007116219505463817,0.48412698412698413,-5.20662361371007e-05,0.6507936507936508,0.0014739411294271954,0.373015873015873,-0.0014534003515852202
2026-04-29,small_value_large_growth,-0.044898743652219464,0.42857142857142855,-0.002224793780218321,0.47619047619047616,-0.0023831454987231306,0.5238095238095238,0.0008637033224283394,0.046985760371546226,0.5396825396825397,0.0007163314046653721,0.49206349206349204,-7.47544670936068e-05,0.5873015873015873,0.002903491434064271,0.1571054949825812,0.5317460317460317,0.0011571257591052033,0.4603174603174603,-0.0002812566479557045,0.5555555555555556,0.0020435928300786307
2026-04-29,us_developed_ex_us,0.039030446694966914,0.6190476190476191,0.0017738868069590336,0.42857142857142855,-0.0013445967331687262,0.6666666666666666,0.003963183709096831,0.016754577037797036,0.47619047619047616,0.00021360677147416344,0.3968253968253968,-0.0008889920016138336,0.42857142857142855,-0.0005671144437133261,-0.0576992112454654,0.42857142857142855,-0.0004966124445093688,0.5238095238095238,0.00020346087632040964,0.42857142857142855,-0.0016628777487547681
2026-04-29,developed_em,-0.023973344564148236,0.3333333333333333,-0.0011568202923875747,0.3333333333333333,-0.0005892733592995544,0.5238095238095238,-0.0012756883318450246,0.003291846238759444,0.49206349206349204,5.152112162972363e-05,0.5079365079365079,0.0005540187900377196,0.5396825396825397,0.0006913896407197744,0.040997228578221856,0.5158730158730159,0.00031950086755942807,0.48412698412698413,0.00018412775204365968,0.4365079365079365,-0.0002756331853851728
2026-04-29,cyclical_defensive,0.050505191849979925,0.6666666666666666,0.00233932877635296,0.7142857142857143,0.002785827144318115,0.5238095238095238,-0.00046634661855960585,0.03861500717284061,0.6349206349206349,0.000601809807840997,0.746031746031746,0.0031331476942283725,0.3968253968253968,-0.0026177922848720963,0.08770701061595454,0.6031746031746031,0.0006736433891362233,0.7142857142857143,0.0025759935146990594,0.3412698412698413,-0.0032955197129070557
2026-04-30,growth_value,0.03379837022219734,0.5238095238095238,0.0016119817988929919,0.7142857142857143,0.004152176630015521,0.23809523809523808,-0.003547964147908314,-0.03488702206536398,0.4603174603174603,-0.0005191712688130555,0.6190476190476191,0.0019637794402889894,0.23809523809523808,-0.004721052505276565,-0.13720792714594776,0.4365079365079365,-0.001138694066386311,0.7222222222222222,0.0025436769413426027,0.29365079365079366,-0.0039137439194452716
2026-04-30,large_small,-0.017062880923541246,0.47619047619047616,-0.0008481069987411446,0.3333333333333333,-0.0025922798216930563,0.7142857142857143,0.0027704025852671307,-0.02019082874002942,0.5238095238095238,-0.00037085182982056155,0.38095238095238093,-0.0023652368328312017,0.6507936507936508,0.001528718696472032,-0.06543713687018649,0.5,-0.0005795472317313716,0.3968253968253968,-0.001975788364273008,0.626984126984127,0.0012159237493430106
2026-04-30,cap_equal,0.042477825225152754,0.6190476190476191,0.0019883318585229423,0.6666666666666666,0.0027446561574490844,0.42857142857142855,-0.0007661259074090987,0.008871859556606854,0.49206349206349204,0.00014994281269726126,0.5714285714285714,0.0012373685180373359,0.3492063492063492,-0.0019765172504455325,-0.02325069558698345,0.47619047619047616,-0.00018233609757638248,0.6507936507936508,0.0014537277973932148,0.373015873015873,-0.0014534003515852202
2026-04-30,small_value_large_growth,-0.020619249674737716,0.47619047619047616,-0.0010050039317338346,0.47619047619047616,-0.0017603497365522474,0.5238095238095238,0.0008637033224283394,0.045681702377966316,0.5396825396825397,0.0006990530917878989,0.49206349206349204,6.423417379884291e-06,0.5873015873015873,0.002903491434064271,0.190154542944172,0.5396825396825397,0.001382018592663828,0.4603174603174603,-0.00023715388615615693,0.5555555555555556,0.0020435928300786307
2026-04-30,us_developed_ex_us,0.02827708003079188,0.6190476190476191,0.0012715404652448555,0.42857142857142855,-0.0018242369669749104,0.6666666666666666,0.003963183709096831,0.010158860245759849,0.47619047619047616,0.00010635993189620955,0.3968253968253968,-0.001100837891962503,0.42857142857142855,-0.0005671144437133261,-0.07242181617612575,0.42063492063492064,-0.0006236605765486407,0.5158730158730159,-2.2703030397093594e-05,0.42857142857142855,-0.0016628777487547681
2026-04-30,developed_em,-0.015251858387196338,0.3333333333333333,-0.0007257502779340315,0.3333333333333333,-0.0003138747162180528,0.5238095238095238,-0.0012756883318450246,0.0050463833958867,0.49206349206349204,8.259967363917949e-05,0.5079365079365079,0.0006642648479276399,0.5396825396825397,0.0006913896407197744,0.051892381033203705,0.5158730158730159,0.0004038578070460935,0.49206349206349204,0.0003478011836877928,0.4365079365079365,-0.0002756331853851728
2026-04-30,cyclical_defensive,0.029817579209124867,0.6190476190476191,0.0013785033515852584,0.6666666666666666,0.00218213520738212,0.5238095238095238,-0.00046634661855960585,0.02266698524161037,0.6190476190476191,0.0003537068892753352,0.746031746031746,0.003029957509995815,0.3968253968253968,-0.0026177922848720963,0.07166273230141673,0.5952380952380952,0.0005549573499272946,0.7063492063492064,0.0024602848114976903,0.3412698412698413,-0.0032955197129070557
2026-05-01,growth_value,0.03946821279928581,0.5238095238095238,0.00187242562957171,0.7142857142857143,0.00418956425042065,0.23809523809523808,-0.003547964147908314,-0.021382008607458647,0.47619047619047616,-0.00029869731954797657,0.6190476190476191,0.0018545539709368983,0.23809523809523808,-0.004721052505276565,-0.1397470372902847,0.4365079365079365,-0.0011618309492832106,0.7222222222222222,0.0026078246148349637,0.29365079365079366,-0.0039137439194452716
2026-05-01,large_small,-0.02055414424327695,0.42857142857142855,-0.0010184211573132783,0.3333333333333333,-0.0025731716920021604,0.7142857142857143,0.0027704025852671307,-0.03181486174248693,0.5079365079365079,-0.0005589543191504904,0.36507936507936506,-0.0024778712566259024,0.6507936507936508,0.001528718696472032,-0.0743434296819977,0.49206349206349204,-0.0006553175269049783,0.3968253968253968,-0.0019443046943680205,0.626984126984127,0.0012159237493430106
2026-05-01,cap_equal,0.04408089808533866,0.6190476190476191,0.0020603656393169915,0.6666666666666666,0.002739070912454844,0.42857142857142855,-0.0007661259074090987,0.015537772224116564,0.5079365079365079,0.00025443071623060167,0.5714285714285714,0.0011734094519990352,0.3492063492063492,-0.0019765172504455325,-0.029005611669187692,0.47619047619047616,-0.0002287430008884176,0.6507936507936508,0.00148693407371641,0.373015873015873,-0.0014534003515852202
2026-05-01,small_value_large_growth,-0.022282603574318993,0.47619047619047616,-0.001085945545342058,0.47619047619047616,-0.0016212664896168123,0.5238095238095238,0.0008637033224283394,0.04410163778521481,0.5396825396825397,0.000674378793050457,0.49206349206349204,0.0001673317512832418,0.5873015873015873,0.002903491434064271,0.2057958561829758,0.5396825396825397,0.0014849291265854555,0.4523809523809524,-0.00031490486266272025,0.5555555555555556,0.0020435928300786307
2026-05-01,us_developed_ex_us,0.041891594926680265,0.6666666666666666,0.0019031711929700947,0.47619047619047616,-0.0015724374754309677,0.6666666666666666,0.003963183709096831,0.006402055652983796,0.47619047619047616,4.843081213942151e-05,0.3968253968253968,-0.001071095250213845,0.42857142857142855,-0.0005671144437133261,-0.0730608532458552,0.42063492063492064,-0.0006289702999695557,0.5158730158730159,-5.563608955438948e-05,0.42857142857142855,-0.0016628777487547681
2026-05-01,developed_em,-0.030525459779760955,0.2857142857142857,-0.0014763452375028037,0.3333333333333333,-0.00030030831676202974,0.5238095238095238,-0.0012756883318450246,-0.004587717679074177,0.47619047619047616,-6.831827355702379e-05,0.5079365079365079,0.000648302671658808,0.5396825396825397,0.0006913896407197744,0.058629451021659174,0.5158730158730159,0.00045443249033532367,0.49206349206349204,0.00033972825445970144,0.4365079365079365,-0.0002756331853851728
2026-05-01,cyclical_defensive,0.0315266661289193,0.6190476190476191,0.0014577398790342286,0.6666666666666666,0.002374839161065872,0.5238095238095238,-0.00046634661855960585,0.030809848525007677,0.6190476190476191,0.0004800139712724265,0.7301587301587301,0.002908334414204841,0.3968253968253968,-0.0026177922848720963,0.06613667977047388,0.5873015873015873,0.0005142772108162146,0.6984126984126984,0.002412023599710211,0.3412698412698413,-0.0032955197129070557
2026-05-04,growth_value,0.046155294633033694,0.5714285714285714,0.002177334293027012,0.7142857142857143,0.00418956425042065,0.2857142857142857,-0.0029345037261582644,-0.013052404530213724,0.49206349206349204,-0.0001639228411141957,0.6190476190476191,0.0018545539709368983,0.25396825396825395,-0.004490759735276513,-0.1272757118453398,0.4444444444444444,-0.0010485563670126164,0.7222222222222222,0.0026078246148349637,0.30158730158730157,-0.003688353560556146
2026-05-04,large_small,-0.013915078354976296,0.47619047619047616,-0.0006958891855197395,0.3333333333333333,-0.0025731716920021604,0.7142857142857143,0.0022383191151759234,-0.02662419651324177,0.5238095238095238,-0.0004736645346263271,0.36507936507936506,-0.0024778712566259024,0.6507936507936508,0.0014992321167498596,-0.07131284525340698,0.5,-0.0006295667186939661,0.3968253968253968,-0.0019443046943680205,0.6349206349206349,0.0012431296576117736
2026-05-04,cap_equal,0.04838844842525791,0.6666666666666666,0.002256108612907878,0.6666666666666666,0.002739070912454844,0.47619047619047616,-0.0003790350012474213,0.017919107423453484,0.5238095238095238,0.00029145911863050764,0.5714285714285714,0.0011734094519990352,0.36507936507936506,-0.0018711801430626503,-0.020311697030505615,0.48412698412698413,-0.000158490156702543,0.6507936507936508,0.00148693407371641,0.38095238095238093,-0.001336753498469287
2026-05-04,small_value_large_growth,-0.03564936732863444,0.42857142857142855,-0.0017413342411337416,0.47619047619047616,-0.0016212664896168123,0.5238095238095238,0.000933209009420854,0.030440842440944582,0.5238095238095238,0.00046505145159622804,0.49206349206349204,0.0001673317512832418,0.5714285714285714,0.002778492585037819,0.18853090365614578,0.5317460317460317,0.0013714478468476784,0.4523809523809524,-0.00031490486266272025,0.5476190476190477,0.0018841538877427395
2026-05-04,us_developed_ex_us,0.04069431832658821,0.6666666666666666,0.0018467577178839908,0.47619047619047616,-0.0015724374754309677,0.7142857142857143,0.004542022647431447,0.012955050894317699,0.47619047619047616,0.00015032011009279915,0.3968253968253968,-0.001071095250213845,0.4444444444444444,-0.0003132180300956416,-0.05962336474676022,0.42857142857142855,-0.0005156240687695247,0.5158730158730159,-5.563608955438948e-05,0.4365079365079365,-0.0015649925872511055
2026-05-04,developed_em,-0.03724440719002553,0.2857142857142857,-0.0018048196902683397,0.3333333333333333,-0.00030030831676202974,0.47619047619047616,-0.0017186062675866548,-0.01042844419261546,0.47619047619047616,-0.00016065690494560498,0.5079365079365079,0.000648302671658808,0.5238095238095238,0.0003005919750941826,0.04462559913872077,0.5079365079365079,0.0003495730686507014,0.49206349206349204,0.00033972825445970144,0.4365079365079365,-0.000329423089650954
2026-05-04,cyclical_defensive,0.034400141786984806,0.6190476190476191,0.0015903997009280963,0.6666666666666666,0.002374839161065872,0.5238095238095238,0.0001064137591330047,0.02690902050580446,0.6031746031746031,0.00041984389126603064,0.7301587301587301,0.002908334414204841,0.3968253968253968,-0.002347923741651736,0.07266372054124592,0.5873015873015873,0.000562497864113624,0.6984126984126984,0.002412023599710211,0.3412698412698413,-0.003172351063650867
2026-05-05,growth_value,0.04144097574266992,0.5714285714285714,0.0019604252849084523,0.6666666666666666,0.0037621679244857565,0.2857142857142857,-0.0029345037261582644,0.00024222485686276052,0.49206349206349204,4.525301339234538e-05,0.6190476190476191,0.001902651807686648,0.25396825396825395,-0.004490759735276513,-0.13135997989131254,0.4444444444444444,-0.0010861068124065321,0.7142857142857143,0.002559590211331132,0.30158730158730157,-0.003688353560556146
2026-05-05,large_small,-0.022993891692782653,0.42857142857142855,-0.0011416651891782848,0.2857142857142857,-0.003040658113728112,0.7142857142857143,0.0022383191151759234,-0.024817509989496056,0.5238095238095238,-0.00044653256612167284,0.3492063492063492,-0.0026514881961447316,0.6507936507936508,0.0014992321167498596,-0.0777968328361196,0.5,-0.0006859777685299318,0.3968253968253968,-0.0019665384809693983,0.6349206349206349,0.0012431296576117736
2026-05-05,cap_equal,0.04803251248943896,0.6666666666666666,0.002239880163868758,0.6666666666666666,0.002612957172477887,0.47619047619047616,-0.0003790350012474213,0.02395539091444565,0.5396825396825397,0.00038480514934114215,0.5873015873015873,0.0012301734655899353,0.36507936507936506,-0.0018711801430626503,-0.02129500284991115,0.48412698412698413,-0.0001664781475547214,0.6507936507936508,0.0014818079348059689,0.38095238095238093,-0.001336753498469287
2026-05-05,small_value_large_growth,-0.025903481124340266,0.47619047619047616,-0.0012578826818050184,0.5238095238095238,-0.0009576055735354403,0.5238095238095238,0.000933209009420854,0.013469555240328557,0.5238095238095238,0.0002049340770655943,0.49206349206349204,0.00023263834120257167,0.5714285714285714,0.002778492585037819,0.20094110190462122,0.5396825396825397,0.0014546619877378367,0.4523809523809524,-0.0002978238072448516,0.5476190476190477,0.0018841538877427395
2026-05-05,us_developed_ex_us,0.03629490955043635,0.6666666666666666,0.0016417199359253073,0.47619047619047616,-0.0013818039629434752,0.7142857142857143,0.004542022647431447,0.01747010322193643,0.47619047619047616,0.00021918532737829296,0.3968253968253968,-0.0011267648169957097,0.4444444444444444,-0.0003132180300956416,-0.07082994795056274,0.42063492063492064,-0.0006115230939754871,0.5079365079365079,-0.00011683259367790107,0.4365079365079365,-0.0015649925872511055
2026-05-05,developed_em,-0.03619528253851789,0.2857142857142857,-0.0017508382174419353,0.3333333333333333,-0.00020155141267038816,0.47619047619047616,-0.0017186062675866548,-0.009903424811028128,0.47619047619047616,-0.00015131356434450535,0.5079365079365079,0.0006470430523311929,0.5238095238095238,0.0003005919750941826,0.046495945774147396,0.5079365079365079,0.00036435233610707503,0.5,0.0004344035473217218,0.4365079365079365,-0.000329423089650954
2026-05-05,cyclical_defensive,0.03287015617435651,0.6190476190476191,0.0015199593482299305,0.6666666666666666,0.002423854183021713,0.5238095238095238,0.0001064137591330047,0.027443298569717278,0.6031746031746031,0.00042803388393445967,0.746031746031746,0.0030463644092517494,0.3968253968253968,-0.002347923741651736,0.06477338384588083,0.5873015873015873,0.0005038715271027053,0.6984126984126984,0.002391245894773387,0.3412698412698413,-0.003172351063650867
2026-05-06,growth_value,0.04771397370690744,0.5714285714285714,0.0022504445717595177,0.7142857142857143,0.004236077025547455,0.2857142857142857,-0.0029345037261582644,0.02139924873301524,0.5079365079365079,0.00037788989375463715,0.6349206349206349,0.002089241593449532,0.25396825396825395,-0.004490759735276513,-0.132376354274354,0.4444444444444444,-0.001094792850096803,0.7142857142857143,0.0025887509719255985,0.30158730158730157,-0.003688353560556146
2026-05-06,large_small,-0.02185943027593784,0.42857142857142855,-0.0010869186536972446,0.2857142857142857,-0.002921937236927722,0.7142857142857143,0.0022383191151759234,-0.02991464392575538,0.5079365079365079,-0.0005294814806626358,0.3333333333333333,-0.0027156769445574255,0.6507936507936508,0.0014992321167498596,-0.08249624162784153,0.49206349206349204,-0.0007265919383969417,0.3888888888888889,-0.0019746309966594887,0.6349206349206349,0.0012431296576117736
2026-05-06,cap_equal,0.05144771424321459,0.6666666666666666,0.0023979871092016775,0.7142857142857143,0.0030385790323817366,0.47619047619047616,-0.0003790350012474213,0.0440592732782612,0.5555555555555556,0.0006948648773332665,0.6031746031746031,0.0013538733226528975,0.36507936507936506,-0.0018711801430626503,-0.019740007447917485,0.48412698412698413,-0.00015335664127613227,0.6507936507936508,0.0015237734911616413,0.38095238095238093,-0.001336753498469287
2026-05-06,small_value_large_growth,-0.030005997881088042,0.42857142857142855,-0.001460428330641274,0.47619047619047616,-0.001217240757854084,0.5238095238095238,0.000933209009420854,-0.0012650854230629172,0.5079365079365079,-2.6964199921048542e-05,0.47619047619047616,0.00018768538686516606,0.5714285714285714,0.002778492585037819,0.20424621327326875,0.5396825396825397,0.0014763405554412477,0.4444444444444444,-0.0003343764761444779,0.5476190476190477,0.0018841538877427395
2026-05-06,us_developed_ex_us,0.02125637200517949,0.6190476190476191,0.0009324478816768165,0.47619047619047616,-0.0020366565475878895,0.7142857142857143,0.004542022647431447,0.009803413364515734,0.47619047619047616,9.45755633207954e-05,0.3968253968253968,-0.0012479584529982144,0.4444444444444444,-0.0003132180300956416,-0.08205700930262316,0.42063492063492064,-0.0007101781436309507,0.5,-0.0002496110849441052,0.4365079365079365,-0.0015649925872511055
2026-05-06,developed_em,-0.03056451406311178,0.3333333333333333,-0.0014686998132689038,0.38095238095238093,3.5128198403587884e-05,0.47619047619047616,-0.0017186062675866548,-0.013188430828872444,0.47619047619047616,-0.00020222455625556405,0.5079365079365079,0.0006045419981842326,0.5238095238095238,0.0003005919750941826,0.0502784626167212,0.5079365079365079,0.00039376493836751965,0.5079365079365079,0.0005064885574033006,0.4365079365079365,-0.000329423089650954
2026-05-06,cyclical_defensive,0.038642521602712865,0.6190476190476191,0.0017858194928371794,0.6666666666666666,0.0022906501574140167,0.5238095238095238,0.0001064137591330047,0.03323645568299849,0.6031746031746031,0.0005169713116696489,0.7619047619047619,0.0032687170464392114,0.3968253968253968,-0.002347923741651736,0.0724894980030708,0.5873015873015873,0.00056120693998295,0.6984126984126984,0.0024461593802808422,0.3412698412698413,-0.003172351063650867
2026-05-07,growth_value,0.05980284479885212,0.5714285714285714,0.0027924280331465467,0.7142857142857143,0.004236077025547455,0.2857142857142857,-0.0026309711394047553,0.04440674692786484,0.5238095238095238,0.0007287701538827895,0.6349206349206349,0.002089241593449532,0.2698412698412698,-0.004044382631121592,-0.11055156493069807,0.4523809523809524,-0.0008991384605447615,0.7142857142857143,0.0025887509719255985,0.30158730158730157,-0.0036602878304093913
2026-05-07,large_small,-0.0058096173604084145,0.47619047619047616,-0.00031196937453003057,0.2857142857142857,-0.002921937236927722,0.7142857142857143,0.002427018234654849,-0.023684053911596448,0.5079365079365079,-0.00042838596483102485,0.3333333333333333,-0.0027156769445574255,0.6666666666666666,0.0019315731874356334,-0.07646938764339273,0.49206349206349204,-0.00067493888449027,0.3888888888888889,-0.0019746309966594887,0.6428571428571429,0.0013965532689850905
2026-05-07,cap_equal,0.05253468907278136,0.6666666666666666,0.0024437630180078394,0.7142857142857143,0.0030385790323817366,0.47619047619047616,-0.00038499447705637416,0.05159069634271063,0.5714285714285714,0.0008080582673837354,0.6031746031746031,0.0013538733226528975,0.38095238095238093,-0.0016673248348529337,-0.011241067618242284,0.49206349206349204,-8.535623491857164e-05,0.6507936507936508,0.0015237734911616413,0.38095238095238093,-0.0013500543873025859
2026-05-07,small_value_large_growth,-0.04429598288681502,0.42857142857142855,-0.002163333144133401,0.47619047619047616,-0.001217240757854084,0.5238095238095238,0.0006165283793273154,-0.018243663449850622,0.49206349206349204,-0.0002973785294285978,0.47619047619047616,0.00018768538686516606,0.5555555555555556,0.0021148720121064563,0.18107070952879178,0.5317460317460317,0.0013232541939358791,0.4444444444444444,-0.0003343764761444779,0.5396825396825397,0.0017605174064211193
2026-05-07,us_developed_ex_us,0.05075021027142612,0.6666666666666666,0.002307425704973527,0.47619047619047616,-0.0020366565475878895,0.7142857142857143,0.003949838488568732,0.02184964374087195,0.47619047619047616,0.0002808045343593729,0.3968253968253968,-0.0012479584529982144,0.4603174603174603,-6.462877172619573e-05,-0.0716208520358409,0.42063492063492064,-0.0006214053586463313,0.5,-0.0002496110849441052,0.4444444444444444,-0.0014330695707236282
2026-05-07,developed_em,-0.03602048820195147,0.3333333333333333,-0.0017272853291909593,0.38095238095238093,3.5128198403587884e-05,0.42857142857142855,-0.002117725015603388,-0.0143373466021115,0.47619047619047616,-0.0002201559255309029,0.5079365079365079,0.0006045419981842326,0.5079365079365079,-1.5958601236004764e-05,0.04098745878495991,0.5,0.0003241593219881348,0.5079365079365079,0.0005064885574033006,0.4365079365079365,-0.00031510824213308125
2026-05-07,cyclical_defensive,0.03225276363464391,0.5714285714285714,0.0014932742114340367,0.6666666666666666,0.0022906501574140167,0.5238095238095238,2.4691029065293664e-05,0.0416684056291734,0.6031746031746031,0.0006448102091753311,0.7619047619047619,0.0032687170464392114,0.3968253968253968,-0.0023907872297465574,0.07721876267867955,0.5873015873015873,0.0005962745270771935,0.6984126984126984,0.0024461593802808422,0.3333333333333333,-0.0032260144346683227
2026-05-08,growth_value,0.05903006001271316,0.5714285714285714,0.0027573487687353776,0.6666666666666666,0.003837700392567684,0.2857142857142857,-0.0026309711394047553,0.03551840873153678,0.5079365079365079,0.0005906554400440407,0.6190476190476191,0.0019270203858201375,0.2698412698412698,-0.004044382631121592,-0.10723321856351709,0.4523809523809524,-0.0008695137155417694,0.7063492063492064,0.00256339328552592,0.30158730158730157,-0.0036602878304093913
2026-05-08,large_small,-0.00462991675149349,0.5238095238095238,-0.00025515142699816275,0.3333333333333333,-0.0024608243977848757,0.7142857142857143,0.002427018234654849,-0.008195751097250459,0.5238095238095238,-0.00017171531026362164,0.3333333333333333,-0.0027703808487508736,0.6666666666666666,0.0019315731874356334,-0.06617550212887213,0.5,-0.0005861745330030378,0.3888888888888889,-0.002026620213851348,0.6428571428571429,0.0013965532689850905
2026-05-08,cap_equal,0.0528799883708575,0.6666666666666666,0.002460036040202253,0.7619047619047619,0.0033083541307886446,0.47619047619047616,-0.00038499447705637416,0.05679229806930164,0.5714285714285714,0.0008866950794232149,0.6031746031746031,0.0013318761772591102,0.38095238095238093,-0.0016673248348529337,-0.003447707470674244,0.5,-2.2719333052801355e-05,0.6507936507936508,0.001554531142844544,0.38095238095238093,-0.0013500543873025859
2026-05-08,small_value_large_growth,-0.04528285801984022,0.42857142857142855,-0.0022127549185596723,0.47619047619047616,-0.001454886541954618,0.5238095238095238,0.0006165283793273154,-0.02144206817685379,0.49206349206349204,-0.00035075888521318005,0.49206349206349204,0.00036349206765999104,0.5555555555555556,0.0021148720121064563,0.16932922244620774,0.5317460317460317,0.0012434387716960622,0.4523809523809524,-0.0002754868603403178,0.5396825396825397,0.0017605174064211193
2026-05-08,us_developed_ex_us,0.031647492158604296,0.6190476190476191,0.0014282411584307917,0.47619047619047616,-0.0018054145357552548,0.7142857142857143,0.003949838488568732,0.013717682731516856,0.47619047619047616,0.00015263074576022357,0.38095238095238093,-0.0014994685251698938,0.4603174603174603,-6.462877172619573e-05,-0.07820671936364676,0.42063492063492064,-0.0006786938712923029,0.5,-0.0002864895482260395,0.4444444444444444,-0.0014330695707236282
2026-05-08,developed_em,-0.02245571371188737,0.38095238095238093,-0.0010564138772327224,0.38095238095238093,0.0004469858170938135,0.42857142857142855,-0.002117725015603388,-0.003911382290952337,0.47619047619047616,-5.138409981269867e-05,0.5238095238095238,0.0007995738672730519,0.5079365079365079,-1.5958601236004764e-05,0.05520446164868553,0.5079365079365079,0.0004329370071221645,0.5079365079365079,0.0005348525559380567,0.4365079365079365,-0.00031510824213308125
2026-05-08,cyclical_defensive,0.03700988020887075,0.6190476190476191,0.0017119465015504609,0.6666666666666666,0.001977981180027123,0.5238095238095238,2.4691029065293664e-05,0.03877901064124467,0.6031746031746031,0.0005990993433937311,0.7619047619047619,0.0032368431804748465,0.3968253968253968,-0.0023907872297465574,0.07594451722913398,0.5873015873015873,0.0005866746530593791,0.7063492063492064,0.0025397087346030376,0.3333333333333333,-0.0032260144346683227
2026-05-11,growth_value,0.04685176699248461,0.5238095238095238,0.002207054900853547,0.6190476190476191,0.003606930500425614,0.2857142857142857,-0.0026309711394047553,0.023087685274640668,0.49206349206349204,0.00039823288625476987,0.6190476190476191,0.002028558480781055,0.2698412698412698,-0.004044382631121592,-0.10028391598934383,0.4523809523809524,-0.0008089595531241855,0.6984126984126984,0.002496080014842059,0.30158730158730157,-0.0036602878304093913
2026-05-11,large_small,-0.007689859521762821,0.47619047619047616,-0.0004019722355931764,0.3333333333333333,-0.002251296776182246,0.7142857142857143,0.002427018234654849,-0.008086291218604158,0.5238095238095238,-0.00016985788456550538,0.3333333333333333,-0.002522916485888025,0.6666666666666666,0.0019315731874356334,-0.07461248493807504,0.49206349206349204,-0.000657465278813378,0.3888888888888889,-0.002026797758755079,0.6428571428571429,0.0013965532689850905
2026-05-11,cap_equal,0.048918627912251544,0.6666666666666666,0.0022818889468857726,0.7619047619047619,0.0034078546126374578,0.47619047619047616,-0.00038499447705637416,0.05531069316254,0.5714285714285714,0.0008642834309293126,0.6190476190476191,0.0015303863040108253,0.38095238095238093,-0.0016673248348529337,0.003080686593902593,0.5079365079365079,2.8860282862401092e-05,0.6587301587301587,0.0015778961372162068,0.38095238095238093,-0.0013500543873025859
2026-05-11,small_value_large_growth,-0.0430479810135187,0.42857142857142855,-0.0021012665617580143,0.42857142857142855,-0.0017950468447113285,0.5238095238095238,0.0006165283793273154,-0.01755982236530229,0.49206349206349204,-0.0002873106121737967,0.47619047619047616,-4.3765222881733196e-05,0.5555555555555556,0.0021148720121064563,0.16389531740446572,0.5238095238095238,0.0012068169175670897,0.4523809523809524,-0.00026632521476330527,0.5396825396825397,0.0017605174064211193
2026-05-11,us_developed_ex_us,0.038100362349013706,0.6666666666666666,0.001725424663497444,0.5238095238095238,-0.0013708955439841529,0.7142857142857143,0.003949838488568732,0.026009389763738344,0.49206349206349204,0.00034551353205427464,0.3968253968253968,-0.0014129985193070853,0.4603174603174603,-6.462877172619573e-05,-0.06982559263685906,0.42857142857142855,-0.0006072751096288357,0.5,-0.0003075828751078515,0.4444444444444444,-0.0014330695707236282
2026-05-11,developed_em,-0.017547343046982466,0.42857142857142855,-0.0008175292746332309,0.42857142857142855,0.000859967523887009,0.42857142857142855,-0.002117725015603388,-0.007762249622815243,0.47619047619047616,-0.00011407014661312515,0.5238095238095238,0.0005396412468695053,0.5079365079365079,-1.5958601236004764e-05,0.058505673715184336,0.5158730158730159,0.00045767705245419466,0.5158730158730159,0.0005876543889530743,0.4365079365079365,-0.00031510824213308125
2026-05-11,cyclical_defensive,0.03928463889030609,0.6190476190476191,0.0018201952853364816,0.6666666666666666,0.0024111870002538065,0.5238095238095238,2.4691029065293664e-05,0.04175042779658944,0.6031746031746031,0.0006450437727017624,0.7619047619047619,0.0033379287251003847,0.3968253968253968,-0.0023907872297465574,0.08931493198197993,0.5952380952380952,0.0006848781790019929,0.7063492063492064,0.0025476372210385158,0.3333333333333333,-0.0032260144346683227
2026-05-12,growth_value,0.041687097086905656,0.5238095238095238,0.0019686813729106506,0.6190476190476191,0.003606930500425614,0.2857142857142857,-0.003174435629528418,0.025483865451235266,0.5079365079365079,0.0004352878559418468,0.6190476190476191,0.002028558480781055,0.2698412698412698,-0.004119054628739366,-0.09263899966586098,0.4603174603174603,-0.0007416557598378186,0.6984126984126984,0.002496080014842059,0.30952380952380953,-0.003537279983564558
2026-05-12,large_small,0.0037707712228871593,0.5238095238095238,0.00014481886383454516,0.3333333333333333,-0.002251296776182246,0.7142857142857143,0.0021731299202691423,-0.0006771686638963326,0.5238095238095238,-5.243758976539214e-05,0.3333333333333333,-0.002522916485888025,0.6666666666666666,0.001832998842608639,-0.0638068263297793,0.5,-0.0005655902664019704,0.3888888888888889,-0.002026797758755079,0.6428571428571429,0.0014512895689701817
2026-05-12,cap_equal,0.04961813608181309,0.6666666666666666,0.0023143164595667326,0.7619047619047619,0.0034078546126374578,0.42857142857142855,-0.0007011652198332795,0.06119321893263452,0.5714285714285714,0.0009525742773498756,0.6190476190476191,0.0015303863040108253,0.36507936507936506,-0.0017197168102728382,0.009859138123711197,0.5079365079365079,8.259166318506553e-05,0.6587301587301587,0.0015778961372162068,0.38095238095238093,-0.0013253608302438756
2026-05-12,small_value_large_growth,-0.04292718180227406,0.42857142857142855,-0.0020908595390983563,0.42857142857142855,-0.0017950468447113285,0.5238095238095238,0.0012347145429208689,-0.025935316046107104,0.47619047619047616,-0.00042271472331669796,0.47619047619047616,-4.3765222881733196e-05,0.5555555555555556,0.0022946344450578047,0.1469953917209188,0.5158730158730159,0.0010907565648315815,0.4523809523809524,-0.00026632521476330527,0.5317460317460317,0.0016510042500421968
2026-05-12,us_developed_ex_us,0.04427464403702808,0.6666666666666666,0.002002859354813147,0.5238095238095238,-0.0013708955439841529,0.7142857142857143,0.003596054356169572,0.04120321558098139,0.5079365079365079,0.0005777393101557463,0.3968253968253968,-0.0014129985193070853,0.47619047619047616,0.00028370583616988386,-0.0598021543039059,0.4365079365079365,-0.0005227446629494987,0.5,-0.0003075828751078515,0.4523809523809524,-0.0013047379530869729
2026-05-12,developed_em,-0.01236914626022978,0.47619047619047616,-0.0005701283766011978,0.42857142857142855,0.000859967523887009,0.47619047619047616,-0.0014024940688972638,-0.001160405468467296,0.49206349206349204,-9.745592622964086e-06,0.5238095238095238,0.0005396412468695053,0.5079365079365079,4.063212738935468e-05,0.05910577540838835,0.5158730158730159,0.0004616154105606004,0.5158730158730159,0.0005876543889530743,0.4444444444444444,-0.00024343815516701474
2026-05-12,cyclical_defensive,0.013313713916488501,0.5714285714285714,0.0006113715165370582,0.6666666666666666,0.0024111870002538065,0.47619047619047616,-0.000874002374061351,0.029753318752894664,0.5873015873015873,0.0004601831049182583,0.7619047619047619,0.0033379287251003847,0.3968253968253968,-0.002471532346858834,0.07929662937724746,0.5952380952380952,0.0006111974148711148,0.7063492063492064,0.0025476372210385158,0.3333333333333333,-0.003259007134065465
2026-05-13,growth_value,0.03389280097960112,0.5238095238095238,0.0016052509171673075,0.6190476190476191,0.003051250060098738,0.2857142857142857,-0.003174435629528418,0.037215304303099606,0.5238095238095238,0.0006162291703301899,0.6190476190476191,0.001880752940242165,0.2698412698412698,-0.004119054628739366,-0.10093575900718676,0.4603174603174603,-0.0008160544977564797,0.6984126984126984,0.002510511552639184,0.30952380952380953,-0.003537279983564558
2026-05-13,large_small,0.010664659704808122,0.5714285714285714,0.00047274093776324594,0.38095238095238093,-0.001732051062783222,0.7142857142857143,0.0021731299202691423,-0.00024788016584864625,0.5238095238095238,-4.5279364441023574e-05,0.3492063492063492,-0.002395805893055406,0.6666666666666666,0.001832998842608639,-0.06438019802504913,0.5,-0.000570862991890205,0.3968253968253968,-0.0019814573287856136,0.6428571428571429,0.0014512895689701817
2026-05-13,cap_equal,0.051730079900664805,0.6666666666666666,0.002407229133762213,0.7619047619047619,0.003472842182030536,0.42857142857142855,-0.0007011652198332795,0.07395884392345464,0.5873015873015873,0.001142499589372613,0.6190476190476191,0.0015206780732262004,0.36507936507936506,-0.0017197168102728382,0.01007478651324778,0.5079365079365079,8.350889063696475e-05,0.6587301587301587,0.0016486298518301825,0.38095238095238093,-0.0013253608302438756
2026-05-13,small_value_large_growth,-0.040975910944312854,0.42857142857142855,-0.0019884898961284895,0.42857142857142855,-0.0016904243094660824,0.5238095238095238,0.0012347145429208689,-0.0373664324083236,0.4603174603174603,-0.0006104610633172707,0.47619047619047616,-3.7026370198948185e-05,0.5555555555555556,0.0022946344450578047,0.15216070077262467,0.5158730158730159,0.0011278667376079592,0.4444444444444444,-0.0003629529145098181,0.5317460317460317,0.0016510042500421968
2026-05-13,us_developed_ex_us,0.03815905429490174,0.6190476190476191,0.0017208152923096393,0.5238095238095238,-0.001389210308691097,0.7142857142857143,0.003596054356169572,0.045657938872324166,0.5079365079365079,0.0006454557871620316,0.38095238095238093,-0.0016389667180180226,0.47619047619047616,0.00028370583616988386,-0.06589465722082932,0.42857142857142855,-0.0005748355508494958,0.49206349206349204,-0.0003561088277971576,0.4523809523809524,-0.0013047379530869729
2026-05-13,developed_em,-0.008267502727028697,0.5238095238095238,-0.0003704326894857409,0.42857142857142855,0.0007751223926447352,0.47619047619047616,-0.0014024940688972638,0.000178127765768199,0.5079365079365079,1.1685661073926016e-05,0.5396825396825397,0.0006268646686046262,0.5079365079365079,4.063212738935468e-05,0.06051618675302861,0.5238095238095238,0.0004723079271579922,0.5238095238095238,0.0005934924563957656,0.4444444444444444,-0.00024343815516701474
2026-05-13,cyclical_defensive,0.012902525965353018,0.5714285714285714,0.0005922753307013825,0.6190476190476191,0.0017730221144636755,0.47619047619047616,-0.000874002374061351,0.032782338362999264,0.5873015873015873,0.0005073943582185084,0.746031746031746,0.0032704656468381336,0.3968253968253968,-0.002471532346858834,0.07004347958892443,0.5873015873015873,0.0005426266388563763,0.7063492063492064,0.0025513919162074043,0.3333333333333333,-0.003259007134065465
2026-05-14,growth_value,0.022978767619725282,0.5238095238095238,0.001096152463425241,0.6190476190476191,0.0034278194070655015,0.2857142857142857,-0.003174435629528418,0.05671557458653398,0.5396825396825397,0.0009111264340360366,0.6349206349206349,0.002154186944072034,0.2698412698412698,-0.004119054628739366,-0.08345618330029392,0.46825396825396826,-0.0006624463272476848,0.6984126984126984,0.0025458736045364124,0.30952380952380953,-0.003537279983564558
2026-05-14,large_small,0.006944695906834886,0.5714285714285714,0.000296390899545632,0.38095238095238093,-0.0017259061905994244,0.7142857142857143,0.0021731299202691423,-0.0032219008082270406,0.5238095238095238,-9.103679368171143e-05,0.36507936507936506,-0.002181159391025707,0.6666666666666666,0.001832998842608639,-0.06448306643509216,0.5,-0.000571665377451509,0.40476190476190477,-0.0019544250635685698,0.6428571428571429,0.0014512895689701817
2026-05-14,cap_equal,0.04827931795307139,0.6666666666666666,0.0022504207975084893,0.7619047619047619,0.0034701515061370167,0.42857142857142855,-0.0007011652198332795,0.08105157820743258,0.6031746031746031,0.0012468365834766883,0.6349206349206349,0.0016643016650716674,0.36507936507936506,-0.0017197168102728382,0.01788024523128051,0.5158730158730159,0.00014490790294858374,0.6587301587301587,0.0016698076253259333,0.38095238095238093,-0.0013253608302438756
2026-05-14,small_value_large_growth,-0.03168788086421581,0.42857142857142855,-0.0015253420550041504,0.42857142857142855,-0.002006803912643761,0.5238095238095238,0.0012347145429208689,-0.04871892123788213,0.4444444444444444,-0.0007991401063556225,0.4603174603174603,-0.0004508068523699218,0.5555555555555556,0.0022946344450578047,0.13520986803639312,0.5079365079365079,0.0010096053818745654,0.4444444444444444,-0.00038923988646821783,0.5317460317460317,0.0016510042500421968
2026-05-14,us_developed_ex_us,0.03613476784025038,0.6190476190476191,0.0016279666452147592,0.5714285714285714,-0.0005637752810047345,0.7142857142857143,0.003596054356169572,0.06301416435137108,0.5238095238095238,0.0009056364742159441,0.38095238095238093,-0.0015255277983554374,0.47619047619047616,0.00028370583616988386,-0.05455184550270842,0.4365079365079365,-0.00047870442594055,0.5,-0.00027785684079458173,0.4523809523809524,-0.0013047379530869729
2026-05-14,developed_em,-0.004957564248089907,0.5238095238095238,-0.00021184234068286992,0.38095238095238093,6.529970285520803e-05,0.47619047619047616,-0.0014024940688972638,-0.006033006925849627,0.49206349206349204,-8.637755929496123e-05,0.5238095238095238,0.0005262540518585574,0.5079365079365079,4.063212738935468e-05,0.05373462290929343,0.5158730158730159,0.00042125078539179307,0.5238095238095238,0.0006505746070580228,0.4444444444444444,-0.00024343815516701474
2026-05-14,cyclical_defensive,0.006234103390269974,0.5238095238095238,0.0002789323486659847,0.6190476190476191,0.0018685858432403088,0.47619047619047616,-0.000874002374061351,0.05667128889307782,0.5873015873015873,0.0008688061942484649,0.7301587301587301,0.003260480569553371,0.3968253968253968,-0.002471532346858834,0.07609005329322627,0.5873015873015873,0.0005877810076885475,0.7063492063492064,0.002551411106091284,0.3333333333333333,-0.003259007134065465
2026-05-15,growth_value,0.0271451400116145,0.5714285714285714,0.001289707472625515,0.6190476190476191,0.0034278194070655015,0.3333333333333333,-0.0031370107917981995,0.06879995904123803,0.5555555555555556,0.0010917229347477489,0.6349206349206349,0.002154186944072034,0.2857142857142857,-0.004091692231625426,-0.07784973245614779,0.47619047619047616,-0.000614070243396416,0.6984126984126984,0.0025458736045364124,0.31746031746031744,-0.003421116159437237
2026-05-15,large_small,0.018579357558198506,0.5714285714285714,0.0008331241062803839,0.38095238095238093,-0.0017259061905994244,0.7142857142857143,0.0022613197078279997,0.02067891180392123,0.5396825396825397,0.0002830010313243978,0.36507936507936506,-0.002181159391025707,0.6666666666666666,0.0019326986845373377,-0.056326456733744035,0.5,-0.0005044608195341268,0.40476190476190477,-0.0019544250635685698,0.6507936507936508,0.0015646208342857972
2026-05-15,cap_equal,0.04865064179890677,0.6666666666666666,0.0022685589192467685,0.7619047619047619,0.0034701515061370167,0.42857142857142855,-0.0007263346082467497,0.08958672548549829,0.6031746031746031,0.0013728154615751272,0.6349206349206349,0.0016643016650716674,0.36507936507936506,-0.0016740261743332942,0.01795692278568839,0.5158730158730159,0.0001456808283192975,0.6587301587301587,0.0016698076253259333,0.38095238095238093,-0.0012944871464763798
2026-05-15,small_value_large_growth,-0.03948509345904794,0.38095238095238093,-0.0019050968540470503,0.42857142857142855,-0.002006803912643761,0.5238095238095238,0.0012343628699120282,-0.07241977237471253,0.42857142857142855,-0.0011993145526129016,0.4603174603174603,-0.0004508068523699218,0.5555555555555556,0.0022469863671060884,0.1260108041696355,0.5,0.0009459236109583935,0.4444444444444444,-0.00038923988646821783,0.5238095238095238,0.001495258036992589
2026-05-15,us_developed_ex_us,0.04146173595017166,0.6190476190476191,0.001865297696638769,0.5714285714285714,-0.0005637752810047345,0.7619047619047619,0.004272238649969602,0.07403992253354352,0.5396825396825397,0.001067257772229348,0.38095238095238093,-0.0015255277983554374,0.47619047619047616,0.00027467617188544605,-0.04070965388612868,0.4444444444444444,-0.0003643107689003023,0.5,-0.00027785684079458173,0.4603174603174603,-0.0011639147164182533
2026-05-15,developed_em,0.0025955631935761225,0.5714285714285714,0.0001433934562713404,0.38095238095238093,6.529970285520803e-05,0.5238095238095238,-0.0011549017339643804,-0.005518491188514663,0.49206349206349204,-7.992389281411039e-05,0.5238095238095238,0.0005262540518585574,0.5238095238095238,0.00011130057114427762,0.051460356213186786,0.5158730158730159,0.0004031137599663605,0.5238095238095238,0.0006505746070580228,0.4444444444444444,-0.0002185844377212645
2026-05-15,cyclical_defensive,0.009640278539943203,0.5238095238095238,0.00043780822228807643,0.6190476190476191,0.0018685858432403088,0.5238095238095238,-0.00021648087295856352,0.0705553173990987,0.6031746031746031,0.0010766831132667438,0.7301587301587301,0.003260480569553371,0.3968253968253968,-0.0025184461741382595,0.08672397693193057,0.5952380952380952,0.0006655895603232126,0.7063492063492064,0.002551411106091284,0.3333333333333333,-0.0032318412113663
2026-05-18,growth_value,0.017239574368431043,0.5238095238095238,0.0008250222350547039,0.6190476190476191,0.0034278194070655015,0.2857142857142857,-0.0033697956398809612,0.05665607591498234,0.5396825396825397,0.0009101941240968395,0.6349206349206349,0.002154186944072034,0.2857142857142857,-0.004097800212519429,-0.0733918708611695,0.47619047619047616,-0.0005770011365107562,0.6984126984126984,0.0025458736045364124,0.30952380952380953,-0.003457243764025937
2026-05-18,large_small,0.0339246686901542,0.6190476190476191,0.0015518402602699671,0.38095238095238093,-0.0017259061905994244,0.7619047619047619,0.0025841501514287392,0.02517555844622943,0.5396825396825397,0.00035248490819524776,0.36507936507936506,-0.002181159391025707,0.6666666666666666,0.0018860315859087382,-0.06178000666420613,0.5,-0.0005485543361490539,0.40476190476190477,-0.0019544250635685698,0.6507936507936508,0.0015775892881733336
2026-05-18,cap_equal,0.04199338869392455,0.6666666666666666,0.001964679661881482,0.7619047619047619,0.0034701515061370167,0.38095238095238093,-0.0013333186355329399,0.07855559276940571,0.5873015873015873,0.0012110035431573169,0.6349206349206349,0.0016643016650716674,0.36507936507936506,-0.0017768725936666775,0.01645842578030532,0.5158730158730159,0.0001332476453731336,0.6587301587301587,0.0016698076253259333,0.373015873015873,-0.0013589813501067019
2026-05-18,small_value_large_growth,-0.04198994383723709,0.38095238095238093,-0.0020341070005487137,0.42857142857142855,-0.002006803912643761,0.5238095238095238,0.001320244494128296,-0.06391964055176769,0.4444444444444444,-0.001054386589703226,0.4603174603174603,-0.0004508068523699218,0.5714285714285714,0.0023065501156861014,0.12595296301983105,0.5,0.0009459320918669288,0.4444444444444444,-0.00038923988646821783,0.5317460317460317,0.0015380814391591489
2026-05-18,us_developed_ex_us,0.03538452039253337,0.6190476190476191,0.0015866922720237772,0.5714285714285714,-0.0005637752810047345,0.7619047619047619,0.0040720777135078105,0.062008263011183784,0.5238095238095238,0.0008881711270466935,0.38095238095238093,-0.0015255277983554374,0.47619047619047616,0.00025859153328357454,-0.041996130148837296,0.4444444444444444,-0.0003758254617271493,0.5,-0.00027785684079458173,0.4523809523809524,-0.0012651563045890473
2026-05-18,developed_em,0.010371207103249125,0.6190476190476191,0.000513762062440021,0.38095238095238093,6.529970285520803e-05,0.5714285714285714,-0.0005993131670492614,0.0034508089450515644,0.5079365079365079,6.286047152164504e-05,0.5238095238095238,0.0005262540518585574,0.5238095238095238,0.00018757545729869164,0.0605281240619957,0.5238095238095238,0.0004711840470584737,0.5238095238095238,0.0006505746070580228,0.4444444444444444,-0.00018349859503865567
2026-05-18,cyclical_defensive,0.010470509790938332,0.5238095238095238,0.00047724757634550944,0.6190476190476191,0.0018685858432403088,0.47619047619047616,-0.00031352068914026435,0.06326613899313038,0.5873015873015873,0.0009683539936857776,0.7301587301587301,0.003260480569553371,0.3968253968253968,-0.002449288572234673,0.09189525811149002,0.5952380952380952,0.0007027375359167709,0.7063492063492064,0.002551411106091284,0.3333333333333333,-0.003234724370520657
2026-05-19,growth_value,0.017143666050676964,0.5238095238095238,0.0008214959026284721,0.6190476190476191,0.0034278194070655015,0.23809523809523808,-0.003672316826365818,0.050820044648451246,0.5238095238095238,0.0008225841029699968,0.6349206349206349,0.002154186944072034,0.2857142857142857,-0.0039944043840324525,-0.08234107264491042,0.46825396825396826,-0.0006537908564547173,0.6984126984126984,0.0025458736045364124,0.30952380952380953,-0.003321242524160593
2026-05-19,large_small,0.04553464477601943,0.6666666666666666,0.0020824837829988376,0.38095238095238093,-0.0017259061905994244,0.7619047619047619,0.0027577524066791344,0.02814607995486318,0.5396825396825397,0.0003976825810458408,0.36507936507936506,-0.002181159391025707,0.6825396825396826,0.00198982522070389,-0.054355588752812656,0.5079365079365079,-0.0004862712872662665,0.40476190476190477,-0.0019544250635685698,0.6587301587301587,0.0016272878522168555
2026-05-19,cap_equal,0.046483051003817666,0.6666666666666666,0.0021698085676607496,0.7619047619047619,0.0034701515061370167,0.3333333333333333,-0.0014706119122193159,0.0777993344439043,0.5873015873015873,0.0011999656632205855,0.6349206349206349,0.0016643016650716674,0.36507936507936506,-0.001683937212605832,0.01203613477352694,0.5079365079365079,9.873850037446089e-05,0.6587301587301587,0.0016698076253259333,0.373015873015873,-0.0012858614254057214
2026-05-19,small_value_large_growth,-0.0512590812458118,0.3333333333333333,-0.0024972294894964886,0.42857142857142855,-0.002006803912643761,0.5238095238095238,0.0014247781159362576,-0.059112590076351945,0.4444444444444444,-0.0009726791537189539,0.4603174603174603,-0.0004508068523699218,0.5555555555555556,0.0021657238886627276,0.12592373899584364,0.5,0.0009457824442010921,0.4444444444444444,-0.00038923988646821783,0.5238095238095238,0.0013959022195516757
2026-05-19,us_developed_ex_us,0.033192958537499484,0.6190476190476191,0.0014857876591738745,0.5714285714285714,-0.0005637752810047345,0.7619047619047619,0.004092020431165633,0.06139858009112342,0.5238095238095238,0.0008787869477377569,0.38095238095238093,-0.0015255277983554374,0.49206349206349204,0.0003769792841464942,-0.041868371570414786,0.4444444444444444,-0.0003748317451667956,0.5,-0.00027785684079458173,0.4523809523809524,-0.0012575464644354363
2026-05-19,developed_em,0.012979076827696057,0.6190476190476191,0.0006353493051368094,0.38095238095238093,6.529970285520803e-05,0.6190476190476191,-0.0003433412449248129,0.005710520940020336,0.5079365079365079,9.813109376179328e-05,0.5238095238095238,0.0005262540518585574,0.5238095238095238,0.00013954767584825655,0.06531256761078486,0.5317460317460317,0.0005066989295821673,0.5238095238095238,0.0006505746070580228,0.4523809523809524,-0.00011403485820835631
2026-05-19,cyclical_defensive,-0.014527750439774056,0.47619047619047616,-0.0007139401185743578,0.6190476190476191,0.0018685858432403088,0.42857142857142855,-0.0015825858125421619,0.031305428004341884,0.5714285714285714,0.00048389133547872473,0.7301587301587301,0.003260480569553371,0.3968253968253968,-0.0026001499011838224,0.07303102701323883,0.5873015873015873,0.0005645659041191394,0.7063492063492064,0.002551411106091284,0.3333333333333333,-0.0032957519552078434
2026-05-20,growth_value,0.022210980925361445,0.5714285714285714,0.001059828685390552,0.6666666666666666,0.0037518353033047487,0.23809523809523808,-0.003672316826365818,0.0566695859478108,0.5396825396825397,0.0009113149460786298,0.6349206349206349,0.0021895668377281715,0.2857142857142857,-0.0039944043840324525,-0.08002269570386511,0.46825396825396826,-0.000633315944868051,0.6984126984126984,0.0025046399193588966,0.30952380952380953,-0.003321242524160593
2026-05-20,large_small,0.027084629460118803,0.6190476190476191,0.0012238980136714723,0.38095238095238093,-0.002155289427319679,0.7619047619047619,0.0027577524066791344,0.01794342185948694,0.5396825396825397,0.0002353301672977586,0.36507936507936506,-0.002387634003356733,0.6825396825396826,0.00198982522070389,-0.07700415340366595,0.5,-0.0006795175495441023,0.3968253968253968,-0.0021617443607664984,0.6587301587301587,0.0016272878522168555
2026-05-20,cap_equal,0.046180999193025096,0.6666666666666666,0.0021555805516819946,0.7619047619047619,0.0035293814191485868,0.3333333333333333,-0.0014706119122193159,0.07760697597513144,0.5873015873015873,0.0011969940328360113,0.6349206349206349,0.0016541725917483307,0.36507936507936506,-0.001683937212605832,0.007428803957933772,0.5,6.280917108164321e-05,0.6507936507936508,0.0016024488068534753,0.373015873015873,-0.0012858614254057214
2026-05-20,small_value_large_growth,-0.03986111762830702,0.38095238095238093,-0.001923013956531822,0.42857142857142855,-0.0019584849859196883,0.5238095238095238,0.0014247781159362576,-0.05646572264631766,0.4444444444444444,-0.0009257258610143734,0.4603174603174603,-0.00031407464461311263,0.5555555555555556,0.0021657238886627276,0.1496729568347197,0.5079365079365079,0.0011110935551072111,0.4523809523809524,-0.00020926928928339752,0.5238095238095238,0.0013959022195516757
2026-05-20,us_developed_ex_us,0.011507674995345107,0.5714285714285714,0.00048192747403729195,0.5238095238095238,-0.0012948650406317567,0.7619047619047619,0.004092020431165633,0.056758032637740374,0.5238095238095238,0.0008078317161141076,0.38095238095238093,-0.0015606378471860714,0.49206349206349204,0.0003769792841464942,-0.04997405260351906,0.4365079365079365,-0.00044271544528097,0.49206349206349204,-0.00035632946945318093,0.4523809523809524,-0.0012575464644354363
2026-05-20,developed_em,0.026800833157696324,0.6666666666666666,0.0012754585003141809,0.42857142857142855,0.0002651117225869563,0.6190476190476191,-0.0003433412449248129,0.0034163656035584022,0.5079365079365079,6.309851484862975e-05,0.5238095238095238,0.0004916856188789596,0.5238095238095238,0.00013954767584825655,0.07072953789137326,0.5396825396825397,0.0005472710817450966,0.5317460317460317,0.0007390739040950283,0.4523809523809524,-0.00011403485820835631
2026-05-20,cyclical_defensive,-0.012760262569906478,0.47619047619047616,-0.0006246415101488544,0.6666666666666666,0.0024837802032497275,0.42857142857142855,-0.0015825858125421619,0.04272906586933933,0.5873015873015873,0.0006591905190368979,0.7301587301587301,0.003389709558009545,0.3968253968253968,-0.0026001499011838224,0.09899467143422647,0.5952380952380952,0.0007537082349119968,0.7063492063492064,0.0026135278265932327,0.3333333333333333,-0.0032957519552078434
2026-05-21,growth_value,0.005287174559527097,0.5238095238095238,0.00025856618716228806,0.6666666666666666,0.0036287605153206043,0.23809523809523808,-0.003672316826365818,0.051617949902080795,0.5238095238095238,0.000835019347661919,0.6349206349206349,0.002183344192460556,0.2857142857142857,-0.0039944043840324525,-0.07335094479796067,0.46825396825396826,-0.0005766026398156961,0.6904761904761905,0.00245760842061227,0.30952380952380953,-0.003321242524160593
2026-05-21,large_small,0.017129542332057435,0.5714285714285714,0.0007570853646222199,0.3333333333333333,-0.002507646754885832,0.7619047619047619,0.0027577524066791344,0.004078704921276266,0.5238095238095238,1.664769134957121e-05,0.36507936507936506,-0.002492971632703824,0.6825396825396826,0.00198982522070389,-0.07365493594182448,0.5,-0.0006512967375636182,0.3968253968253968,-0.0021558861236885174,0.6587301587301587,0.0016272878522168555
2026-05-21,cap_equal,0.032826526844211834,0.6190476190476191,0.0015410421091133113,0.7142857142857143,0.003397840124504889,0.3333333333333333,-0.0014706119122193159,0.07237498727374603,0.5714285714285714,0.001119383418406725,0.6190476190476191,0.001616300208204407,0.36507936507936506,-0.001683937212605832,0.014202302794983135,0.5,0.0001156539120820038,0.6428571428571429,0.001581724529939019,0.373015873015873,-0.0012858614254057214
2026-05-21,small_value_large_growth,-0.02322664997142354,0.42857142857142855,-0.0010986296798187693,0.47619047619047616,-0.0016888516174066541,0.5238095238095238,0.0014247781159362576,-0.047988652341591664,0.4603174603174603,-0.0007832209344071688,0.47619047619047616,-0.00022846572459265705,0.5555555555555556,0.0021657238886627276,0.13655452555736503,0.5079365079365079,0.0010206288214694582,0.4523809523809524,-0.00022108556408587771,0.5238095238095238,0.0013959022195516757
2026-05-21,us_developed_ex_us,0.00508142012910473,0.5238095238095238,0.000176635013142806,0.5238095238095238,-0.0013692363205753003,0.7619047619047619,0.004092020431165633,0.056691257888294766,0.5238095238095238,0.0008070806836651992,0.36507936507936506,-0.001645841453235506,0.49206349206349204,0.0003769792841464942,-0.05753475397279273,0.42857142857142855,-0.0005060619080424431,0.49206349206349204,-0.0003738617046386314,0.4523809523809524,-0.0012575464644354363
2026-05-21,developed_em,0.035292640945874254,0.7142857142857143,0.001669548340521407,0.42857142857142855,0.00038765073474384114,0.6190476190476191,-0.0003433412449248129,0.015610228908115031,0.5238095238095238,0.0002564172830588109,0.5238095238095238,0.000574981449445101,0.5238095238095238,0.00013954767584825655,0.0851901480700481,0.5476190476190477,0.0006535553446961011,0.5317460317460317,0.0007570902741047583,0.4523809523809524,-0.00011403485820835631
2026-05-21,cyclical_defensive,-0.015253001858351989,0.42857142857142855,-0.0007452071914181968,0.6190476190476191,0.002178468247761227,0.42857142857142855,-0.0015825858125421619,0.037908962580265326,0.5714285714285714,0.0005854953716083731,0.7142857142857143,0.003274556848177493,0.3968253968253968,-0.0026001499011838224,0.10221465253071549,0.5952380952380952,0.0007768794592726599,0.6984126984126984,0.0025371856628409067,0.3333333333333333,-0.0032957519552078434
2026-05-22,growth_value,0.01747743365466703,0.5238095238095238,0.0008284191464771647,0.6190476190476191,0.0034123038173519086,0.23809523809523808,-0.003672316826365818,0.05040241992259631,0.5238095238095238,0.0008157671772932831,0.6190476190476191,0.0020355217875446903,0.2857142857142857,-0.0039944043840324525,-0.08524996096342818,0.4603174603174603,-0.0006795468274518557,0.6825396825396826,0.002399962653150765,0.30952380952380953,-0.003321242524160593
2026-05-22,large_small,0.012911527304737547,0.5714285714285714,0.0005573741879009111,0.3333333333333333,-0.002654924807298284,0.7619047619047619,0.0027577524066791344,-0.005586943272631095,0.5079365079365079,-0.00013647792095184557,0.3492063492063492,-0.002628251981485907,0.6825396825396826,0.00198982522070389,-0.08205556665289437,0.49206349206349204,-0.0007239292368272444,0.3888888888888889,-0.002223541590533435,0.6587301587301587,0.0016272878522168555
2026-05-22,cap_equal,0.03145311495241665,0.6190476190476191,0.001475710894065153,0.6666666666666666,0.003023518002337847,0.3333333333333333,-0.0014706119122193159,0.06602196397123672,0.5555555555555556,0.001024661938910644,0.6031746031746031,0.0014892884772893594,0.36507936507936506,-0.001683937212605832,0.002047368327925847,0.49206349206349204,1.9671902263318497e-05,0.6349206349206349,0.001530061632355255,0.373015873015873,-0.0012858614254057214
2026-05-22,small_value_large_growth,-0.032096923512605735,0.42857142857142855,-0.001528467491686352,0.47619047619047616,-0.0015813984396076794,0.5238095238095238,0.0014247781159362576,-0.03849699478410795,0.47619047619047616,-0.0006266840911290417,0.49206349206349204,-1.9452530735645956e-05,0.5555555555555556,0.0021657238886627276,0.15366712595290322,0.5158730158730159,0.0011395983431652802,0.4603174603174603,-0.00014142370193138019,0.5238095238095238,0.0013959022195516757
2026-05-22,us_developed_ex_us,0.007348151469793729,0.5238095238095238,0.0002860141850706662,0.5238095238095238,-0.0010467164677125517,0.7619047619047619,0.004092020431165633,0.07186975313202226,0.5396825396825397,0.0010327366903591629,0.38095238095238093,-0.0014874338085616005,0.49206349206349204,0.0003769792841464942,-0.056311876098758096,0.42857142857142855,-0.0004957250405726182,0.5,-0.0002979115487509758,0.4523809523809524,-0.0012575464644354363
2026-05-22,developed_em,0.02221413664139682,0.6666666666666666,0.0010665517145580083,0.42857142857142855,9.80448379025392e-05,0.6190476190476191,-0.0003433412449248129,0.004321593637143684,0.5079365079365079,7.92271248798878e-05,0.5079365079365079,0.00036069013507955197,0.5238095238095238,0.00013954767584825655,0.07773173719801552,0.5476190476190477,0.0005987475231107435,0.5238095238095238,0.0006362018240524975,0.4523809523809524,-0.00011403485820835631
2026-05-22,cyclical_defensive,-0.004282183108811233,0.42857142857142855,-0.0002133478589265247,0.5714285714285714,0.001975135428941053,0.42857142857142855,-0.0015825858125421619,0.06019147938320968,0.5714285714285714,0.0009220527847407383,0.6984126984126984,0.0031910710504267866,0.3968253968253968,-0.0026001499011838224,0.0945774434970248,0.5873015873015873,0.000721751503104407,0.6904761904761905,0.0024953175119318276,0.3333333333333333,-0.0032957519552078434
2026-05-26,growth_value,0.002162624901611343,0.47619047619047616,0.0001013190440751607,0.5714285714285714,0.003190485815918023,0.23809523809523808,-0.003672316826365818,0.042550743921633716,0.5079365079365079,0.0006957629391320783,0.6190476190476191,0.0021460120596848192,0.2857142857142857,-0.0039944043840324525,-0.07923398820000149,0.4603174603174603,-0.000628861707132899,0.6746031746031746,0.002356467758326673,0.30952380952380953,-0.003321242524160593
2026-05-26,large_small,-0.001959404841319845,0.5238095238095238,-0.0001549775702237524,0.3333333333333333,-0.0030149526078180017,0.7619047619047619,0.0027577524066791344,-0.014127805034958918,0.5079365079365079,-0.0002753487642848988,0.3492063492063492,-0.002584829717835546,0.6825396825396826,0.00198982522070389,-0.09534350909613254,0.48412698412698413,-0.0008404813314019902,0.38095238095238093,-0.002356114451162502,0.6587301587301587,0.0016272878522168555
2026-05-26,cap_equal,0.02293002225145524,0.6190476190476191,0.0010796910624011758,0.6666666666666666,0.002982556091390024,0.3333333333333333,-0.0014706119122193159,0.06837084173695929,0.5714285714285714,0.0010598231024110411,0.6190476190476191,0.0015793596647002328,0.36507936507936506,-0.001683937212605832,0.006650631297957732,0.5,5.578165268756791e-05,0.6349206349206349,0.001541372427362406,0.373015873015873,-0.0012858614254057214
2026-05-26,small_value_large_growth,-0.011149191946457804,0.47619047619047616,-0.0004996864501122298,0.5238095238095238,-0.0010620226275426142,0.5238095238095238,0.0014247781159362576,-0.025919553575496024,0.49206349206349204,-0.0004182562866243279,0.49206349206349204,-0.00015839942063992983,0.5555555555555556,0.0021657238886627276,0.15845974104020732,0.5158730158730159,0.001174260879434855,0.46825396825396826,-5.7002341552613355e-06,0.5238095238095238,0.0013959022195516757
2026-05-26,us_developed_ex_us,-0.00376505013654449,0.5238095238095238,-0.0002491760250085605,0.5238095238095238,-0.000805070490542702,0.7619047619047619,0.004092020431165633,0.05548032694023419,0.5238095238095238,0.0007854253644728515,0.38095238095238093,-0.0016550883169558375,0.49206349206349204,0.0003769792841464942,-0.0646858808001941,0.42857142857142855,-0.0005679120943946995,0.49206349206349204,-0.0004039188054753518,0.4523809523809524,-0.0012575464644354363
2026-05-26,developed_em,0.03225657838302198,0.6666666666666666,0.0015372285338719166,0.42857142857142855,0.00010536892037923036,0.6190476190476191,-0.0003433412449248129,0.008519649872768875,0.5079365079365079,0.00014544274505507853,0.49206349206349204,0.0002158939610007037,0.5238095238095238,0.00013954767584825655,0.07698450466064433,0.5476190476190477,0.0005926874699897544,0.5158730158730159,0.0006027929078640152,0.4523809523809524,-0.00011403485820835631
2026-05-26,cyclical_defensive,0.00047604036937887173,0.42857142857142855,1.2749764586105799e-05,0.5714285714285714,0.002307987219874002,0.42857142857142855,-0.0015825858125421619,0.06609880292076742,0.5714285714285714,0.0010094947631670262,0.6984126984126984,0.0031432707332604767,0.3968253968253968,-0.0026001499011838224,0.11702889476472111,0.5952380952380952,0.00088194548843033,0.6984126984126984,0.002600095045518564,0.3333333333333333,-0.0032957519552078434
2026-05-27,growth_value,0.002534835783758238,0.47619047619047616,0.0001188820307008361,0.5714285714285714,0.003190485815918023,0.2857142857142857,-0.003370111516957372,0.03426975209241956,0.5079365079365079,0.0005679188186253797,0.6190476190476191,0.0021460120596848192,0.30158730158730157,-0.0037775543139422114,-0.06855661076519126,0.46825396825396826,-0.0005365568491225564,0.6746031746031746,0.002356467758326673,0.31746031746031744,-0.0032830239983402247
2026-05-27,large_small,-0.0012982981355796896,0.5714285714285714,-0.00012340089409919783,0.3333333333333333,-0.0030149526078180017,0.7619047619047619,0.002483566409031838,-0.01707544378705439,0.5079365079365079,-0.0003231777859998224,0.3492063492063492,-0.002584829717835546,0.6825396825396826,0.00190429886185795,-0.07949776289897348,0.49206349206349204,-0.0006999919066859595,0.38095238095238093,-0.002356114451162502,0.6587301587301587,0.001620585242309807
2026-05-27,cap_equal,0.020517978973225715,0.6190476190476191,0.00096722526811166,0.6666666666666666,0.002982556091390024,0.3333333333333333,-0.0014578042508001047,0.06063831536753006,0.5714285714285714,0.000943958409576991,0.6190476190476191,0.0015793596647002328,0.38095238095238093,-0.00159206031834696,0.0168669666037069,0.5079365079365079,0.00013704148997817003,0.6349206349206349,0.001541372427362406,0.38095238095238093,-0.0012808422679055848
2026-05-27,small_value_large_growth,-0.013297334693459728,0.47619047619047616,-0.0006035647332504427,0.5238095238095238,-0.0010620226275426142,0.5238095238095238,0.0014084047008875338,-0.017593817949529078,0.5079365079365079,-0.0002820124064697502,0.49206349206349204,-0.00015839942063992983,0.5555555555555556,0.0021001884397148247,0.131930731841424,0.5158730158730159,0.0009871220597343858,0.46825396825396826,-5.7002341552613355e-06,0.5238095238095238,0.0013673349994702945
2026-05-27,us_developed_ex_us,-0.0012646550800193834,0.5238095238095238,-0.00013046148455094406,0.5238095238095238,-0.000805070490542702,0.7619047619047619,0.004152084843461692,0.06465485603506949,0.5396825396825397,0.0009231645498222989,0.38095238095238093,-0.0016550883169558375,0.49206349206349204,0.0004360924280622381,-0.05710978062475036,0.4365079365079365,-0.0005036591724807037,0.49206349206349204,-0.0004039188054753518,0.4603174603174603,-0.001176017572728303
2026-05-27,developed_em,0.021922720105894022,0.6190476190476191,0.0010592776965360207,0.42857142857142855,0.00010536892037923036,0.5714285714285714,-0.0007748635303033,-0.0035176390122303447,0.49206349206349204,-4.5741936930559966e-05,0.49206349206349204,0.0002158939610007037,0.5079365079365079,3.0381548550989425e-05,0.050629260381114705,0.5396825396825397,0.0003953610115760247,0.5158730158730159,0.0006027929078640152,0.4523809523809524,-0.00012005325861218373
2026-05-27,cyclical_defensive,-0.0072910912479564605,0.38095238095238093,-0.0003579716910357001,0.5714285714285714,0.002307987219874002,0.42857142857142855,-0.0014188104409521111,0.06012046945781946,0.5555555555555556,0.0009201819815293672,0.6984126984126984,0.0031432707332604767,0.3968253968253968,-0.0025044994664323163,0.10981024082473412,0.5873015873015873,0.0008301420438037041,0.6984126984126984,0.002600095045518564,0.3333333333333333,-0.0032622795013990203
2026-05-28,growth_value,0.018473323176393386,0.5238095238095238,0.0008717287687565031,0.6190476190476191,0.003744977293251422,0.2857142857142857,-0.003370111516957372,0.05703923940829836,0.5238095238095238,0.0009138617037491013,0.6190476190476191,0.002278939402114073,0.30158730158730157,-0.0037775543139422114,-0.07236294010835731,0.46825396825396826,-0.0005702786660905918,0.6746031746031746,0.002392306268078253,0.31746031746031744,-0.0032830239983402247
2026-05-28,large_small,-0.0075895339006673,0.5714285714285714,-0.0004217046964605178,0.38095238095238093,-0.00297935657167366,0.7619047619047619,0.002483566409031838,-0.007715435209955657,0.5238095238095238,-0.00017263778055463257,0.36507936507936506,-0.0024596899386439934,0.6825396825396826,0.00190429886185795,-0.07615015935014036,0.5,-0.0006707156614717265,0.3888888888888889,-0.0022828113592438296,0.6587301587301587,0.001620585242309807
2026-05-28,cap_equal,0.022158033962009327,0.6190476190476191,0.0010441516624098872,0.6666666666666666,0.002824980056319635,0.3333333333333333,-0.0014578042508001047,0.07456848070426902,0.5873015873015873,0.001151214551707112,0.6190476190476191,0.001602157604363027,0.38095238095238093,-0.00159206031834696,0.008129930766463955,0.5079365079365079,6.783937440857016e-05,0.6349206349206349,0.0015382368261676676,0.38095238095238093,-0.0012808422679055848
2026-05-28,small_value_large_growth,-0.024817034249496994,0.42857142857142855,-0.0011647129037354955,0.47619047619047616,-0.001562256957141744,0.5238095238095238,0.0014084047008875338,-0.04038101380563497,0.49206349206349204,-0.000654973580187856,0.49206349206349204,-0.0002942804536310705,0.5555555555555556,0.0021001884397148247,0.13340566809948728,0.5158730158730159,0.0009983337904904731,0.4603174603174603,-0.0001438968844302773,0.5238095238095238,0.0013673349994702945
2026-05-28,us_developed_ex_us,0.0018459338403482572,0.5714285714285714,1.8149030202284167e-05,0.5238095238095238,-0.0011145626205600941,0.7619047619047619,0.004152084843461692,0.07251109111889131,0.5555555555555556,0.0010399548397129878,0.3968253968253968,-0.001595711269151082,0.49206349206349204,0.0004360924280622381,-0.06395283714818101,0.4365079365079365,-0.0005621487396395467,0.49206349206349204,-0.00039846615292984635,0.4603174603174603,-0.001176017572728303
2026-05-28,developed_em,0.030116814146281312,0.6190476190476191,0.0014394397376374882,0.47619047619047616,0.0007191277975608236,0.5714285714285714,-0.0007748635303033,-0.006846486910138672,0.49206349206349204,-9.783798599764694e-05,0.49206349206349204,0.000368276914955701,0.5079365079365079,3.0381548550989425e-05,0.06679360623005537,0.5476190476190477,0.0005167342391474921,0.5158730158730159,0.0006792163262340452,0.4523809523809524,-0.00012005325861218373
2026-05-28,cyclical_defensive,-0.0019086969973443058,0.38095238095238093,-0.00010007530223247407,0.5714285714285714,0.0023680137381326405,0.42857142857142855,-0.0014188104409521111,0.052921747523374085,0.5396825396825397,0.0008119569816491136,0.6825396825396826,0.0030587328971678207,0.3968253968253968,-0.0025044994664323163,0.10693729146052688,0.5793650793650794,0.0008095184577158524,0.6904761904761905,0.0024939357203451465,0.3333333333333333,-0.0032622795013990203
2026-05-29,growth_value,0.026928258275807693,0.5714285714285714,0.0012660654155742062,0.6190476190476191,0.003774353754706858,0.2857142857142857,-0.003370111516957372,0.0734425440133375,0.5396825396825397,0.0011579461856167043,0.6190476190476191,0.002346575817718852,0.30158730158730157,-0.0037775543139422114,-0.060680978949051334,0.47619047619047616,-0.000470294877133401,0.6746031746031746,0.0023924239186324417,0.31746031746031744,-0.0032830239983402247
2026-05-29,large_small,-0.005268059750366594,0.5714285714285714,-0.0003098800153677023,0.42857142857142855,-0.002402636161048009,0.7619047619047619,0.002483566409031838,-0.011667482895889258,0.5238095238095238,-0.00023395494551144258,0.36507936507936506,-0.002422032216546963,0.6825396825396826,0.00190429886185795,-0.05732475390804748,0.5079365079365079,-0.0005092339290274374,0.3968253968253968,-0.0022058619801530507,0.6587301587301587,0.001620585242309807
2026-05-29,cap_equal,0.020235043932434138,0.5714285714285714,0.0009545164560244489,0.6666666666666666,0.002873538096381039,0.3333333333333333,-0.0014578042508001047,0.08070269316554302,0.5873015873015873,0.0012413836142767729,0.6190476190476191,0.0016046343091085824,0.38095238095238093,-0.00159206031834696,0.012628037131728886,0.5079365079365079,0.0001036103680711309,0.626984126984127,0.0015116836243595183,0.38095238095238093,-0.0012808422679055848
2026-05-29,small_value_large_growth,-0.026496654777566797,0.42857142857142855,-0.0012504662795076449,0.47619047619047616,-0.0018685753663110257,0.5238095238095238,0.0014084047008875338,-0.0451761553911032,0.49206349206349204,-0.0007358881910326044,0.49206349206349204,-0.0004324494481801884,0.5555555555555556,0.0021001884397148247,0.1006717516974438,0.5079365079365079,0.0007637635720873909,0.4603174603174603,-0.00021304308343616192,0.5238095238095238,0.0013673349994702945
2026-05-29,us_developed_ex_us,-0.00575232606173115,0.5714285714285714,-0.0003421326748099384,0.5238095238095238,-0.001258993062063441,0.7619047619047619,0.004152084843461692,0.07777884736039353,0.5714285714285714,0.0011175564875299804,0.4126984126984127,-0.0015815607905590074,0.49206349206349204,0.0004360924280622381,-0.06430528726843598,0.4365079365079365,-0.000565221598360143,0.49206349206349204,-0.0004475981625251341,0.4603174603174603,-0.001176017572728303
2026-05-29,developed_em,0.03775457225385681,0.6666666666666666,0.0017894574053127512,0.5238095238095238,0.0008385225131223571,0.5714285714285714,-0.0007748635303033,-0.006904260859953326,0.49206349206349204,-9.868377479075865e-05,0.5079365079365079,0.0004393307291018817,0.5079365079365079,3.0381548550989425e-05,0.06347959258837643,0.5476190476190477,0.0004917739802420564,0.5238095238095238,0.0007193874636373507,0.4523809523809524,-0.00012005325861218373
2026-05-29,cyclical_defensive,-0.004521132327650723,0.38095238095238093,-0.00022596717166138456,0.5714285714285714,0.0019843215301967886,0.42857142857142855,-0.0014188104409521111,0.07340547011950815,0.5555555555555556,0.0011186025022813253,0.6825396825396826,0.0030971218498880805,0.3968253968253968,-0.0025044994664323163,0.11345247900877298,0.5793650793650794,0.0008557049890326766,0.6904761904761905,0.0025230323249308064,0.3333333333333333,-0.0032622795013990203
2026-06-01,growth_value,0.05141634405599249,0.6190476190476191,0.002396980421367188,0.6190476190476191,0.0035806277659361824,0.2857142857142857,-0.003370111516957372,0.07859911535038888,0.5396825396825397,0.0012343452030903522,0.6349206349206349,0.0026850970368684497,0.30158730158730157,-0.0037775543139422114,-0.05354262606524318,0.47619047619047616,-0.00041011359696463146,0.6746031746031746,0.0024152673088543852,0.31746031746031744,-0.0032830239983402247
2026-06-01,large_small,0.013566833528701139,0.6190476190476191,0.0005914365286143646,0.47619047619047616,-0.0019296937854587505,0.7619047619047619,0.002483566409031838,0.003766523712737335,0.5396825396825397,1.251071865032264e-05,0.38095238095238093,-0.00219963205794502,0.6825396825396826,0.00190429886185795,-0.04876685378361589,0.5158730158730159,-0.0004374838211067412,0.40476190476190477,-0.002110114991979014,0.6587301587301587,0.001620585242309807
2026-06-01,cap_equal,0.026381695309887876,0.6190476190476191,0.0012436922818701568,0.6666666666666666,0.0025351036093200297,0.3333333333333333,-0.0014578042508001047,0.07905820934380059,0.5873015873015873,0.0012172688103213925,0.6349206349206349,0.0017370167970238099,0.38095238095238093,-0.00159206031834696,0.013615712306625838,0.5158730158730159,0.00011136783373363482,0.626984126984127,0.001494964111677986,0.38095238095238093,-0.0012808422679055848
2026-06-01,small_value_large_growth,-0.051527692797469715,0.38095238095238093,-0.002498426521282822,0.47619047619047616,-0.0018989986518770955,0.5238095238095238,0.0014084047008875338,-0.06098005118191063,0.47619047619047616,-0.0010013304428164655,0.47619047619047616,-0.0009124443552028353,0.5555555555555556,0.0021001884397148247,0.08696977043799481,0.5,0.0006642469789399235,0.4603174603174603,-0.0003002598095161052,0.5238095238095238,0.0013673349994702945
2026-06-01,us_developed_ex_us,0.00923213738654427,0.6190476190476191,0.0003826221782879946,0.5238095238095238,-0.0013003138484762495,0.7619047619047619,0.004152084843461692,0.058778919292129084,0.5714285714285714,0.000837719626454699,0.42857142857142855,-0.0015053847732261465,0.49206349206349204,0.0004360924280622381,-0.059863187149193364,0.4444444444444444,-0.0005273529687000878,0.5,-0.0004358253091652612,0.4603174603174603,-0.001176017572728303
2026-06-01,developed_em,0.01886105430077567,0.6190476190476191,0.0009022891717581004,0.5238095238095238,0.00066696511237898,0.5714285714285714,-0.0007748635303033,-0.01169032055578667,0.49206349206349204,-0.0001766985594213292,0.49206349206349204,0.00027063806898871184,0.5079365079365079,3.0381548550989425e-05,0.049290359243860715,0.5396825396825397,0.00038449644222095523,0.5158730158730159,0.0006028984503094633,0.4523809523809524,-0.00012005325861218373
2026-06-01,cyclical_defensive,0.018043765029100767,0.42857142857142855,0.0008414518423252694,0.6190476190476191,0.0027099838193701967,0.42857142857142855,-0.0014188104409521111,0.07423011830227932,0.5555555555555556,0.0011294171337348118,0.6825396825396826,0.0031715042062827725,0.3968253968253968,-0.0025044994664323163,0.12838046045899043,0.5793650793650794,0.0009602266718106222,0.6904761904761905,0.0026233797342318827,0.3333333333333333,-0.0032622795013990203
2026-06-02,growth_value,0.0308613647686089,0.5714285714285714,0.0014547496623566443,0.5714285714285714,0.0020131730368955266,0.2857142857142857,-0.003370111516957372,0.059180781514500014,0.5238095238095238,0.0009466021740673356,0.6349206349206349,0.0026126099916531733,0.30158730158730157,-0.0037775543139422114,-0.06132646742833214,0.47619047619047616,-0.00047569741670335327,0.6746031746031746,0.00236922669153463,0.31746031746031744,-0.0032830239983402247
2026-06-02,large_small,0.008337194051313501,0.6190476190476191,0.00034352252460663414,0.42857142857142855,-0.0025304168584400263,0.7619047619047619,0.002483566409031838,-0.011413995041851699,0.5238095238095238,-0.0002283163342228575,0.38095238095238093,-0.0021739021684408907,0.6825396825396826,0.00190429886185795,-0.055057902908922096,0.5158730158730159,-0.0004904451700581851,0.40476190476190477,-0.0021476570692516173,0.6587301587301587,0.001620585242309807
2026-06-02,cap_equal,0.017776042080937637,0.5714285714285714,0.0008424587047016022,0.6190476190476191,0.00205178615258532,0.3333333333333333,-0.0014578042508001047,0.07250331518169073,0.5714285714285714,0.001121026035438047,0.6349206349206349,0.0017868540831994164,0.38095238095238093,-0.00159206031834696,0.01092941338518938,0.5079365079365079,9.024926833177383e-05,0.626984126984127,0.001497848656156518,0.38095238095238093,-0.0012808422679055848
2026-06-02,small_value_large_growth,-0.03380544957810505,0.42857142857142855,-0.00161364978208403,0.5238095238095238,-0.00031563608198450924,0.5238095238095238,0.0014084047008875338,-0.039429088774384224,0.49206349206349204,-0.0006417580719054915,0.47619047619047616,-0.0008432933547553775,0.5555555555555556,0.0021001884397148247,0.10267316074164734,0.5079365079365079,0.0007784756081877487,0.4603174603174603,-0.00026144051789114256,0.5238095238095238,0.0013673349994702945
2026-06-02,us_developed_ex_us,0.0012237603626472637,0.5714285714285714,2.2786298158962637e-06,0.47619047619047616,-0.0019673103440043514,0.7619047619047619,0.004152084843461692,0.02849065733617029,0.5555555555555556,0.0003857939073330352,0.42857142857142855,-0.0015513925756814185,0.49206349206349204,0.0004360924280622381,-0.06411105774802006,0.4365079365079365,-0.0005634579218329874,0.49206349206349204,-0.0004807371569581846,0.4603174603174603,-0.001176017572728303
2026-06-02,developed_em,0.014549490926051956,0.6190476190476191,0.0006974373001861423,0.5238095238095238,0.0005799313198306479,0.5714285714285714,-0.0007748635303033,-0.01836050636649489,0.47619047619047616,-0.0002849641720869941,0.47619047619047616,6.683298087206867e-05,0.5079365079365079,3.0381548550989425e-05,0.041306402587158786,0.5317460317460317,0.00032335341195468707,0.5158730158730159,0.0005539063275602505,0.4523809523809524,-0.00012005325861218373
2026-06-02,cyclical_defensive,0.022587751913138332,0.47619047619047616,0.0010540459041510316,0.6190476190476191,0.0025929076978328976,0.42857142857142855,-0.0014188104409521111,0.08178946369976314,0.5714285714285714,0.0012403702575459782,0.6825396825396826,0.0032059076154433864,0.3968253968253968,-0.0025044994664323163,0.12703096896395882,0.5793650793650794,0.0009506460987513848,0.6904761904761905,0.00264378716480668,0.3333333333333333,-0.0032622795013990203
2026-06-03,growth_value,0.013996497679511277,0.5238095238095238,0.0006739054794397429,0.5714285714285714,0.0020131730368955266,0.2857142857142857,-0.0034285933190012973,0.03997393612403943,0.5079365079365079,0.000656860018412831,0.6349206349206349,0.0026126099916531733,0.30158730158730157,-0.0038083962867134637,-0.07658484071691374,0.46825396825396826,-0.0006049577683329091,0.6746031746031746,0.00236922669153463,0.31746031746031744,-0.0032882725773369643
2026-06-03,large_small,0.013824496686090537,0.6190476190476191,0.0005989267996278926,0.42857142857142855,-0.0025304168584400263,0.8095238095238095,0.002895807374645919,-0.0018709704111926628,0.5396825396825397,-7.653368716701674e-05,0.38095238095238093,-0.0021739021684408907,0.6825396825396826,0.0018992029718132033,-0.05652672009696624,0.5158730158730159,-0.000502784648591175,0.40476190476190477,-0.0021476570692516173,0.6587301587301587,0.0016697061694916757
2026-06-03,cap_equal,0.012255881772794908,0.5238095238095238,0.0005848110557060481,0.6190476190476191,0.00205178615258532,0.3333333333333333,-0.0013457905113980326,0.0657636922411935,0.5555555555555556,0.0010209791548087428,0.6349206349206349,0.0017868540831994164,0.38095238095238093,-0.001585290444385481,0.005323392480808931,0.5,4.635913610614246e-05,0.626984126984127,0.001497848656156518,0.38095238095238093,-0.0012692081968052684
2026-06-03,small_value_large_growth,-0.02798840028920757,0.42857142857142855,-0.0013291855792576049,0.5238095238095238,-0.00031563608198450924,0.47619047619047616,0.0010039295764397622,-0.04017281375253556,0.47619047619047616,-0.0006541286442849559,0.47619047619047616,-0.0008432933547553775,0.5396825396825397,0.0020545593993701065,0.10608563782444813,0.5079365079365079,0.0008028852469300726,0.4603174603174603,-0.00026144051789114256,0.5158730158730159,0.0013228631864383052
2026-06-03,us_developed_ex_us,-0.00516342459723651,0.5714285714285714,-0.000300145998598897,0.47619047619047616,-0.0019673103440043514,0.7619047619047619,0.003942183078367901,0.0346346543070406,0.5714285714285714,0.0004807353576549156,0.42857142857142855,-0.0015513925756814185,0.5079365079365079,0.0005712016504373363,-0.06258081782037028,0.4365079365079365,-0.0005506002382892744,0.49206349206349204,-0.0004807371569581846,0.46825396825396826,-0.0010943167686851701
2026-06-03,developed_em,0.02737808309893497,0.6666666666666666,0.0012901041590307155,0.5238095238095238,0.0005799313198306479,0.6190476190476191,-0.00023475848888087651,-0.018410215486955872,0.47619047619047616,-0.00028744059706634295,0.47619047619047616,6.683298087206867e-05,0.5238095238095238,0.00012319711654923846,0.05098544429499152,0.5396825396825397,0.0003962169170114689,0.5158730158730159,0.0005539063275602505,0.4523809523809524,-0.00012380888472815444
2026-06-03,cyclical_defensive,0.02038272185620138,0.47619047619047616,0.0009507974809925896,0.6190476190476191,0.0025929076978328976,0.42857142857142855,-0.0012303737963744712,0.07361988018687704,0.5555555555555556,0.0011198705857051504,0.6825396825396826,0.0032059076154433864,0.3968253968253968,-0.002513311757856938,0.11181149983918148,0.5714285714285714,0.0008433720152098107,0.6904761904761905,0.00264378716480668,0.3333333333333333,-0.0031418699688180876
2026-06-04,growth_value,0.013987195197258995,0.5238095238095238,0.0006743624093839525,0.5714285714285714,0.0019071943932063916,0.2857142857142857,-0.0034285933190012973,0.021908926395999728,0.49206349206349204,0.00037945541646677145,0.6190476190476191,0.0023511311021649998,0.30158730158730157,-0.0038083962867134637,-0.08631453025283753,0.4603174603174603,-0.0006892973911659565,0.6666666666666666,0.0023128548024859276,0.31746031746031744,-0.0032882725773369643
2026-06-04,large_small,0.012323612848715637,0.6190476190476191,0.0005287623836569555,0.38095238095238093,-0.0030513749623731607,0.8095238095238095,0.002895807374645919,-0.025445413575636455,0.5238095238095238,-0.000454903958141688,0.36507936507936506,-0.002366177724870662,0.6825396825396826,0.0018992029718132033,-0.06952960891995408,0.5079365079365079,-0.0006137370113208864,0.40476190476190477,-0.0021980487622899982,0.6587301587301587,0.0016697061694916757
2026-06-04,cap_equal,0.008378800816971621,0.47619047619047616,0.00040102880739213367,0.6190476190476191,0.00197210749139312,0.3333333333333333,-0.0013457905113980326,0.05535963316293535,0.5396825396825397,0.0008657525937266253,0.6190476190476191,0.0016410520283548185,0.38095238095238093,-0.001585290444385481,-0.0012380349709801841,0.49206349206349204,-5.7883517505682245e-06,0.6190476190476191,0.0014609446452815832,0.38095238095238093,-0.0012692081968052684
2026-06-04,small_value_large_growth,-0.0260250490019599,0.42857142857142855,-0.001233464961049083,0.5238095238095238,0.00020341073649037572,0.47619047619047616,0.0010039295764397622,-0.010011619677503192,0.49206349206349204,-0.00016454560493926894,0.49206349206349204,-0.0005187334578545828,0.5396825396825397,0.0020545593993701065,0.12871376013038183,0.5158730158730159,0.0009643203485915348,0.46825396825396826,-0.0001651177525243201,0.5158730158730159,0.0013228631864383052
2026-06-04,us_developed_ex_us,0.004273274982349751,0.6190476190476191,0.00015394226542974647,0.47619047619047616,-0.0020160860668700454,0.7619047619047619,0.003942183078367901,0.0191204076736331,0.5714285714285714,0.00024520117776241504,0.4444444444444444,-0.0015116592045296097,0.5079365079365079,0.0005712016504373363,-0.058503565336689545,0.4444444444444444,-0.0005160557211443121,0.49206349206349204,-0.00047094330335847645,0.46825396825396826,-0.0010943167686851701
2026-06-04,developed_em,0.02505622916065864,0.6666666666666666,0.001179366274238081,0.5714285714285714,0.0008555594168708716,0.6190476190476191,-0.00023475848888087651,-0.005208484034010641,0.49206349206349204,-7.844707198242707e-05,0.49206349206349204,0.00011878064980018103,0.5238095238095238,0.00012319711654923846,0.04807502647168582,0.5396825396825397,0.0003742075283267997,0.5158730158730159,0.0005751959506021095,0.4523809523809524,-0.00012380888472815444
2026-06-04,cyclical_defensive,0.014851403840635324,0.42857142857142855,0.0006900180361691968,0.5714285714285714,0.002425916750148432,0.42857142857142855,-0.0012303737963744712,0.06237600795086373,0.5396825396825397,0.0009537866074738172,0.6825396825396826,0.0031698149631186837,0.3968253968253968,-0.002513311757856938,0.10467165086026009,0.5634920634920635,0.0007921490407288694,0.6904761904761905,0.002630662148921883,0.3333333333333333,-0.0031418699688180876
2026-06-05,growth_value,-0.0061806133607803515,0.47619047619047616,-0.00026925112582347016,0.5714285714285714,0.0019071943932063916,0.2857142857142857,-0.003931747559504291,0.00797639095730851,0.49206349206349204,0.0001672301353680498,0.6190476190476191,0.0023511311021649998,0.30158730158730157,-0.0038808343493615016,-0.08983163764789426,0.4603174603174603,-0.0007167305128791153,0.6666666666666666,0.0023128548024859276,0.31746031746031744,-0.0032783758512091843
2026-06-05,large_small,0.023440298038876595,0.6666666666666666,0.0010348515661337463,0.38095238095238093,-0.0030513749623731607,0.8095238095238095,0.0032364394729832487,-0.025351411063486817,0.5238095238095238,-0.0004554088323772634,0.36507936507936506,-0.002366177724870662,0.6825396825396826,0.0018762630110026853,-0.046437966878626336,0.5158730158730159,-0.0004203665768965676,0.40476190476190477,-0.0021980487622899982,0.6587301587301587,0.0016291697618455382
2026-06-05,cap_equal,-0.009342068762354994,0.42857142857142855,-0.00043505099193739234,0.6190476190476191,0.00197210749139312,0.3333333333333333,-0.0018594211403021416,0.04421920853563677,0.5396825396825397,0.0007008235374671611,0.6190476190476191,0.0016410520283548185,0.38095238095238093,-0.0016851475291501836,-0.00887175543873997,0.49206349206349204,-6.462062262037877e-05,0.6190476190476191,0.0014609446452815832,0.38095238095238093,-0.0013480758454376069
2026-06-05,small_value_large_growth,-0.017610318323921015,0.47619047619047616,-0.0008319575785054363,0.5238095238095238,0.00020341073649037572,0.5238095238095238,0.0013247990853920383,0.0038800431613279507,0.5079365079365079,5.158355240060464e-05,0.49206349206349204,-0.0005187334578545828,0.5396825396825397,0.0021164064915449986,0.11469262810966097,0.5158730158730159,0.0008621883100358216,0.46825396825396826,-0.0001651177525243201,0.5238095238095238,0.0014531557124440495
2026-06-05,us_developed_ex_us,0.028881146428334725,0.6666666666666666,0.0013035200189004392,0.47619047619047616,-0.0020160860668700454,0.7619047619047619,0.004269417891546155,0.036281837093921965,0.5873015873015873,0.0005038075767696557,0.4444444444444444,-0.0015116592045296097,0.5238095238095238,0.0008307221089820692,-0.04750450746330903,0.4523809523809524,-0.000426562777375001,0.49206349206349204,-0.00047094330335847645,0.47619047619047616,-0.0007784620410535671
2026-06-05,developed_em,0.021760239538484827,0.6666666666666666,0.0010201201123417128,0.5714285714285714,0.0008555594168708716,0.6190476190476191,-0.00028649407293269123,-0.003721213215407415,0.5079365079365079,-5.522535093301723e-05,0.49206349206349204,0.00011878064980018103,0.5396825396825397,0.0001792410472472539,0.04182066811540697,0.5396825396825397,0.0003263999561079161,0.5158730158730159,0.0005751959506021095,0.4603174603174603,-9.59044849397359e-05
2026-06-05,cyclical_defensive,-0.017567872709628007,0.38095238095238093,-0.0008545414168668119,0.5714285714285714,0.002425916750148432,0.38095238095238093,-0.002550459722106805,0.047203817170051066,0.5396825396825397,0.0007248428220808749,0.6825396825396826,0.0031698149631186837,0.3968253968253968,-0.002792264380941047,0.06627051287640762,0.5555555555555556,0.0005110516254817601,0.6904761904761905,0.002630662148921883,0.3333333333333333,-0.0029010979033529086
2026-06-08,growth_value,-0.020214592910160478,0.42857142857142855,-0.0009441627789826929,0.5238095238095238,0.001587739682738541,0.2857142857142857,-0.003931747559504291,-0.0006629097084740465,0.47619047619047616,2.9565762720690313e-05,0.6031746031746031,0.0021818665425994456,0.30158730158730157,-0.0038808343493615016,-0.09314568777371246,0.4523809523809524,-0.0007457252481144835,0.6666666666666666,0.0023035949026959175,0.31746031746031744,-0.0032783758512091843
2026-06-08,large_small,0.00505489199588971,0.6190476190476191,0.00017565034843071623,0.38095238095238093,-0.0028910975447364977,0.8095238095238095,0.0032364394729832487,-0.028952860494935506,0.5238095238095238,-0.0005143511036843964,0.3492063492063492,-0.00247284187724101,0.6825396825396826,0.0018762630110026853,-0.04485995818039101,0.5158730158730159,-0.0004072179464432133,0.40476190476190477,-0.0021963897237540757,0.6587301587301587,0.0016291697618455382
2026-06-08,cap_equal,-0.009365750012152896,0.42857142857142855,-0.0004353405420021743,0.6666666666666666,0.0021529115345513957,0.3333333333333333,-0.0018594211403021416,0.04152967065803659,0.5396825396825397,0.0006593770296716635,0.6190476190476191,0.0016077479360331378,0.38095238095238093,-0.0016851475291501836,-0.005989827097729439,0.49206349206349204,-4.156279281478588e-05,0.626984126984127,0.0014917364828367116,0.38095238095238093,-0.0013480758454376069
2026-06-08,small_value_large_growth,0.003511282351135625,0.5238095238095238,0.0001790368144894443,0.5238095238095238,0.0002445563101212927,0.5238095238095238,0.0013247990853920383,0.017355727868569426,0.5238095238095238,0.0002647357645014869,0.5079365079365079,-0.00020968293804232135,0.5396825396825397,0.0021164064915449986,0.12183376128930412,0.5238095238095238,0.0009131450481953926,0.46825396825396826,-0.0001387090437395372,0.5238095238095238,0.0014531557124440495
2026-06-08,us_developed_ex_us,0.00910246357479827,0.6190476190476191,0.0003834649081446389,0.47619047619047616,-0.0022736864113172737,0.7619047619047619,0.004269417891546155,0.03013511068690078,0.5873015873015873,0.0004088055203757625,0.42857142857142855,-0.001668309525600913,0.5238095238095238,0.0008307221089820692,-0.05312511600100489,0.4523809523809524,-0.0004738741870158598,0.49206349206349204,-0.0005183695313407271,0.47619047619047616,-0.0007784620410535671
2026-06-08,developed_em,0.03504554709361973,0.7142857142857143,0.0016319974544114543,0.6190476190476191,0.0011840627473286714,0.6190476190476191,-0.00028649407293269123,0.0034869220573077175,0.5238095238095238,6.019796904500554e-05,0.5079365079365079,0.00026958572873393905,0.5396825396825397,0.0001792410472472539,0.04641567101062383,0.5396825396825397,0.00036160690506270755,0.5158730158730159,0.0006118220624011856,0.4603174603174603,-9.59044849397359e-05
2026-06-08,cyclical_defensive,-0.005458223013832697,0.42857142857142855,-0.0002751110910817961,0.6190476190476191,0.0029028271748248414,0.38095238095238093,-0.002550459722106805,0.05984217946002279,0.5555555555555556,0.0009148915686786478,0.6825396825396826,0.0031781562678185353,0.3968253968253968,-0.002792264380941047,0.06835210332975294,0.5555555555555556,0.0005263410301963376,0.6984126984126984,0.0027209000615194745,0.3333333333333333,-0.0029010979033529086
2026-06-09,growth_value,-0.03001152482510905,0.42857142857142855,-0.0014210404724883028,0.5238095238095238,0.001587739682738541,0.2857142857142857,-0.004367606426232795,-0.012811726102409104,0.4603174603174603,-0.00016418500978931233,0.6031746031746031,0.0021818665425994456,0.2857142857142857,-0.004151597769723958,-0.10521178382021168,0.4444444444444444,-0.0008518745358852606,0.6666666666666666,0.0023035949026959175,0.30952380952380953,-0.0033761065637634745
2026-06-09,large_small,-0.0010491961855626508,0.5714285714285714,-0.00011473335861431728,0.38095238095238093,-0.0028910975447364977,0.8095238095238095,0.003398176455609829,-0.03318594799922203,0.5238095238095238,-0.0005837652815361151,0.3492063492063492,-0.00247284187724101,0.6825396825396826,0.0018412547142194458,-0.05597143723409048,0.5079365079365079,-0.0005000522693526711,0.40476190476190477,-0.0021963897237540757,0.6587301587301587,0.0017025118949518402
2026-06-09,cap_equal,-0.025085808632701156,0.38095238095238093,-0.0011996524244612104,0.6666666666666666,0.0021529115345513957,0.3333333333333333,-0.0022811733944588636,0.024547400345996673,0.5238095238095238,0.0003984714590709848,0.6190476190476191,0.0016077479360331378,0.36507936507936506,-0.0019081904157152091,-0.015951882470153667,0.49206349206349204,-0.0001216912726391842,0.626984126984127,0.0014917364828367116,0.38095238095238093,-0.001412749139648447
2026-06-09,small_value_large_growth,0.015040296667851338,0.5238095238095238,0.0007217401524627512,0.5238095238095238,0.0002445563101212927,0.5238095238095238,0.0014606592324421651,0.02889544595960558,0.5238095238095238,0.00044345900102287547,0.5079365079365079,-0.00020968293804232135,0.5555555555555556,0.002319895559938078,0.14008193939092894,0.5317460317460317,0.0010410644855970933,0.46825396825396826,-0.0001387090437395372,0.5238095238095238,0.0013973654079396192
2026-06-09,us_developed_ex_us,0.016411291873338785,0.6190476190476191,0.0007324611836805486,0.47619047619047616,-0.0022736864113172737,0.7142857142857143,0.0041743569109918095,0.03148028482700882,0.5873015873015873,0.00042952138836774864,0.42857142857142855,-0.001668309525600913,0.5079365079365079,0.0007821520589768972,-0.05487765243022036,0.4523809523809524,-0.000488557712570727,0.49206349206349204,-0.0005183695313407271,0.46825396825396826,-0.0008302427588752452
2026-06-09,developed_em,0.021280126442881686,0.6666666666666666,0.0009885324569568529,0.6190476190476191,0.0011840627473286714,0.5714285714285714,-0.00048488914987467247,0.00712379001088137,0.5238095238095238,0.00011795731459918014,0.5079365079365079,0.00026958572873393905,0.5396825396825397,0.00016851185328042772,0.04668675460052807,0.5396825396825397,0.0003637031020277135,0.5158730158730159,0.0006118220624011856,0.4603174603174603,-5.6705057927023773e-05
2026-06-09,cyclical_defensive,-0.015401251823613737,0.38095238095238093,-0.0007557813729981598,0.6190476190476191,0.0029028271748248414,0.3333333333333333,-0.0029972896546397614,0.05265046407143181,0.5396825396825397,0.0008059105046164032,0.6825396825396826,0.0031781562678185353,0.38095238095238093,-0.0029100242081234475,0.05728401048951448,0.5476190476190477,0.0004433132096235771,0.6984126984126984,0.0027209000615194745,0.3333333333333333,-0.0028327069342988995
2026-06-10,growth_value,-0.03351973208511816,0.42857142857142855,-0.0015881876475984777,0.5238095238095238,0.001587739682738541,0.2857142857142857,-0.004405946183765494,-0.021695815761607284,0.4444444444444444,-0.00030591889096599084,0.6031746031746031,0.0021818665425994456,0.2698412698412698,-0.004281063845881212,-0.11652532989693942,0.4365079365079365,-0.000951841789364757,0.6666666666666666,0.0023035949026959175,0.30158730158730157,-0.003495617624081502
2026-06-10,large_small,-0.004255603750823345,0.5714285714285714,-0.000264231889179493,0.38095238095238093,-0.0028910975447364977,0.7619047619047619,0.0028612553866508507,-0.03912015406605995,0.5079365079365079,-0.0006803735682496832,0.3492063492063492,-0.00247284187724101,0.6666666666666666,0.0016032169057444662,-0.057579504464435716,0.5079365079365079,-0.0005130741564944607,0.40476190476190477,-0.0021963897237540757,0.6507936507936508,0.0016057397049866011
2026-06-10,cap_equal,-0.030828567590459044,0.3333333333333333,-0.0014790013844368536,0.6666666666666666,0.0021529115345513957,0.2857142857142857,-0.0024432989824464085,0.01929540498151372,0.5079365079365079,0.0003176678290316232,0.6190476190476191,0.0016077479360331378,0.3492063492063492,-0.0020171542325625458,-0.021929170891815453,0.48412698412698413,-0.00016958934164779205,0.626984126984127,0.0014917364828367116,0.373015873015873,-0.0014889634310843818
2026-06-10,small_value_large_growth,0.030631100832509528,0.5714285714285714,0.001439536465472838,0.5238095238095238,0.0002445563101212927,0.5238095238095238,0.002045573285596852,0.04574955486831489,0.5396825396825397,0.0006986393798722933,0.5079365079365079,-0.00020968293804232135,0.5714285714285714,0.0027224207449440072,0.1563499220098825,0.5396825396825397,0.00115217779544684,0.46825396825396826,-0.0001387090437395372,0.5317460317460317,0.0016238124295208135
2026-06-10,us_developed_ex_us,0.013389061782943745,0.5714285714285714,0.0005910901545365851,0.47619047619047616,-0.0022736864113172737,0.6666666666666666,0.0033905976291544273,0.02982799597497987,0.5714285714285714,0.0004042700875564156,0.42857142857142855,-0.001668309525600913,0.49206349206349204,0.0007310731686944386,-0.054787743311003,0.4523809523809524,-0.0004877302130620091,0.49206349206349204,-0.0005183695313407271,0.4603174603174603,-0.0009827588825038318
2026-06-10,developed_em,0.016563045801993415,0.6190476190476191,0.0007697114704477716,0.6190476190476191,0.0011840627473286714,0.5714285714285714,-0.0003757733767530757,0.007405120719536029,0.5238095238095238,0.00012287004016616208,0.5079365079365079,0.00026958572873393905,0.5396825396825397,0.00015484048021816683,0.04263819562972593,0.5317460317460317,0.00033322918792291284,0.5158730158730159,0.0006118220624011856,0.4523809523809524,-0.00022230996206736394
2026-06-10,cyclical_defensive,-0.03959124693395899,0.3333333333333333,-0.0019377514054446647,0.6190476190476191,0.0029028271748248414,0.2857142857142857,-0.004190350579932364,0.026405664797299444,0.5238095238095238,0.0004070046238012723,0.6825396825396826,0.0031781562678185353,0.38095238095238093,-0.0029157712011347154,0.03864070947215925,0.5396825396825397,0.0003030084664697757,0.6984126984126984,0.0027209000615194745,0.3253968253968254,-0.0029753711388430934
2026-06-11,growth_value,-0.03732487265374651,0.38095238095238093,-0.0017789503298382295,0.47619047619047616,0.000791086527794836,0.2857142857142857,-0.004405946183765494,-0.020780792768237966,0.4444444444444444,-0.00029316419478550527,0.6031746031746031,0.0021516526406287215,0.2698412698412698,-0.004281063845881212,-0.1216280582626561,0.42857142857142855,-0.00099828256877973,0.6587301587301587,0.0022670801552079037,0.30158730158730157,-0.003495617624081502
2026-06-11,large_small,-0.024288170660269115,0.5238095238095238,-0.0012435828894335186,0.3333333333333333,-0.003619621787564798,0.7619047619047619,0.0028612553866508507,-0.056522093138865026,0.49206349206349204,-0.0009733153228762066,0.3492063492063492,-0.0026064677988775404,0.6666666666666666,0.0016032169057444662,-0.06620857327777219,0.5079365079365079,-0.0005883558671316688,0.40476190476190477,-0.002243320400684711,0.6507936507936508,0.0016057397049866011
2026-06-11,cap_equal,-0.028872231476481103,0.38095238095238093,-0.0013819389106366328,0.6666666666666666,0.0017164751035430449,0.2857142857142857,-0.0024432989824464085,0.020416066472905614,0.5079365079365079,0.0003355367694604905,0.6349206349206349,0.0016488300327656294,0.3492063492063492,-0.0020171542325625458,-0.021578321811244416,0.48412698412698413,-0.0001665528360771693,0.6349206349206349,0.0015190297846633288,0.373015873015873,-0.0014889634310843818
2026-06-11,small_value_large_growth,0.04450404882015557,0.6190476190476191,0.0020817729426003844,0.5714285714285714,0.0011701529185425949,0.5238095238095238,0.002045573285596852,0.052856423377245276,0.5396825396825397,0.0008085659871629264,0.5079365079365079,-0.00010695375013301085,0.5714285714285714,0.0027224207449440072,0.16103195536699788,0.5396825396825397,0.001185338391133055,0.46825396825396826,-0.00011127696902708839,0.5317460317460317,0.0016238124295208135
2026-06-11,us_developed_ex_us,-0.014707196535027833,0.5238095238095238,-0.0007679602305501465,0.42857142857142855,-0.003261789088006646,0.6666666666666666,0.0033905976291544273,0.007376180107643737,0.5555555555555556,4.759587982590694e-05,0.4126984126984127,-0.002003405436117386,0.49206349206349204,0.0007310731686944386,-0.0720903707921473,0.4444444444444444,-0.0006382730038259858,0.48412698412698413,-0.0007014008696473297,0.4603174603174603,-0.0009827588825038318
2026-06-11,developed_em,0.024151951575900776,0.6190476190476191,0.0011443145679386941,0.6666666666666666,0.0018617106323580818,0.5714285714285714,-0.0003757733767530757,0.0166007669453756,0.5238095238095238,0.0002738593822911491,0.5238095238095238,0.0004939638597425693,0.5396825396825397,0.00015484048021816683,0.05472912809739827,0.5317460317460317,0.0004276228816527927,0.5238095238095238,0.0007411776928400766,0.4523809523809524,-0.00022230996206736394
2026-06-11,cyclical_defensive,-0.015814815539877403,0.38095238095238093,-0.0007646661563176482,0.6190476190476191,0.0035289974322168112,0.2857142857142857,-0.004190350579932364,0.04725696313018668,0.5396825396825397,0.0007271956034422006,0.6825396825396826,0.003262391756939358,0.38095238095238093,-0.0029157712011347154,0.051605001365303105,0.5396825396825397,0.0004024029823920209,0.6984126984126984,0.002776338776869563,0.3253968253968254,-0.0029753711388430934
2026-06-12,growth_value,-0.05177977057110139,0.3333333333333333,-0.002502993578402113,0.42857142857142855,-0.0002395022946178459,0.2857142857142857,-0.004405946183765494,-0.018557380855813266,0.4444444444444444,-0.0002589408953973139,0.5873015873015873,0.001911425285966672,0.2698412698412698,-0.004281063845881212,-0.11941646551236207,0.42857142857142855,-0.000977979911794356,0.6507936507936508,0.002169048914651032,0.30158730158730157,-0.003495617624081502
2026-06-12,large_small,-0.03203667114665887,0.47619047619047616,-0.0016249712230813882,0.2857142857142857,-0.003935384155286439,0.7619047619047619,0.0028612553866508507,-0.05790693330106922,0.49206349206349204,-0.0009971695457802541,0.3333333333333333,-0.0028140125992579023,0.6666666666666666,0.0016032169057444662,-0.06348308243367606,0.5079365079365079,-0.0005648905603821018,0.3968253968253968,-0.0023101639155905522,0.6507936507936508,0.0016057397049866011
2026-06-12,cap_equal,-0.04197063770610032,0.3333333333333333,-0.0020301225824027177,0.6190476190476191,0.001074854711020735,0.2857142857142857,-0.0024432989824464085,0.02245935730024673,0.5079365079365079,0.0003666180465450731,0.6190476190476191,0.0014814377577291192,0.3492063492063492,-0.0020171542325625458,-0.017915525059818638,0.48412698412698413,-0.00013650101053782156,0.626984126984127,0.0014478634462507893,0.373015873015873,-0.0014889634310843818
2026-06-12,small_value_large_growth,0.06660953857132546,0.6666666666666666,0.0030836151313578873,0.6190476190476191,0.0022290525618928908,0.5238095238095238,0.002045573285596852,0.05586834753678627,0.5396825396825397,0.0008559350639561824,0.5238095238095238,0.00026853087516007896,0.5714285714285714,0.0027224207449440072,0.15374544724448325,0.5396825396825397,0.0011344467905039714,0.47619047619047616,1.0770696298214306e-06,0.5317460317460317,0.0016238124295208135
2026-06-12,us_developed_ex_us,-0.00839227400124154,0.5714285714285714,-0.0004618048732733553,0.47619047619047616,-0.003142514797358355,0.6666666666666666,0.0033905976291544273,0.003423880799443557,0.5555555555555556,-1.3797258701290245e-05,0.42857142857142855,-0.0019149839691470886,0.49206349206349204,0.0007310731686944386,-0.06638779735265077,0.4523809523809524,-0.0005892796482952066,0.49206349206349204,-0.0006403757536734551,0.4603174603174603,-0.0009827588825038318
2026-06-12,developed_em,0.01966003046600262,0.5714285714285714,0.0009338183953446554,0.6666666666666666,0.0022471970906617475,0.5714285714285714,-0.0003757733767530757,0.018741765958499634,0.5238095238095238,0.0003060332626751877,0.5079365079365079,0.00039602081856845246,0.5396825396825397,0.00015484048021816683,0.04716302657442917,0.5238095238095238,0.000370069370807007,0.5158730158730159,0.0006964827780783601,0.4523809523809524,-0.00022230996206736394
2026-06-12,cyclical_defensive,-0.009686474578411652,0.42857142857142855,-0.0004676229542386691,0.6190476190476191,0.003582173856432269,0.2857142857142857,-0.004190350579932364,0.05973691677053239,0.5555555555555556,0.0009158447581824267,0.6825396825396826,0.003289835518296144,0.38095238095238093,-0.0029157712011347154,0.04672079371323412,0.5396825396825397,0.0003649749484343495,0.7063492063492064,0.0028190103959895756,0.3253968253968254,-0.0029753711388430934
2026-06-15,growth_value,-0.0492014954938107,0.3333333333333333,-0.0023668029948612076,0.42857142857142855,0.0003292220040662917,0.2857142857142857,-0.004405946183765494,-0.008673367673679766,0.4444444444444444,-9.689097192746999e-05,0.6031746031746031,0.0021578714470409308,0.2698412698412698,-0.004281063845881212,-0.1013797473480158,0.4365079365079365,-0.0008151322912620786,0.6587301587301587,0.002394378859293929,0.30158730158730157,-0.003495617624081502
2026-06-15,large_small,-0.024994210048480014,0.47619047619047616,-0.0012749530911144353,0.3333333333333333,-0.003474099190551887,0.7619047619047619,0.0028612553866508507,-0.05008990844854566,0.49206349206349204,-0.0008643134739703658,0.3333333333333333,-0.00268683949044911,0.6666666666666666,0.0016032169057444662,-0.046753546895086706,0.5158730158730159,-0.0004229604211749349,0.40476190476190477,-0.00217727800325439,0.6507936507936508,0.0016057397049866011
2026-06-15,cap_equal,-0.03479457296458821,0.3333333333333333,-0.0016694073643527792,0.6190476190476191,0.001499216161789808,0.2857142857142857,-0.0024432989824464085,0.03167600274374638,0.5079365079365079,0.0005108525502684049,0.6349206349206349,0.0016708036345591004,0.3492063492063492,-0.0020171542325625458,-0.0006728500642797508,0.49206349206349204,2.955022305135945e-06,0.6349206349206349,0.0016417368574015532,0.373015873015873,-0.0014889634310843818
2026-06-15,small_value_large_growth,0.050447453199312875,0.6666666666666666,0.0023471178994095617,0.5714285714285714,0.0009419482386760624,0.5238095238095238,0.002045573285596852,0.03463613877260885,0.5396825396825397,0.0005298269906144137,0.5079365079365079,-0.00012940428417563591,0.5714285714285714,0.0027224207449440072,0.11482195985384935,0.5317460317460317,0.0008595702972749383,0.46825396825396826,-0.0003628803666000318,0.5317460317460317,0.0016238124295208135
2026-06-15,us_developed_ex_us,-0.011669690534602317,0.5714285714285714,-0.0006172971565651478,0.47619047619047616,-0.0030134404121011015,0.6666666666666666,0.0033905976291544273,0.019720374430265197,0.5714285714285714,0.0002458483009636993,0.42857142857142855,-0.001852834210363447,0.49206349206349204,0.0007310731686944386,-0.060939794936808345,0.4603174603174603,-0.0005425076219992711,0.5,-0.000571533204925044,0.4603174603174603,-0.0009827588825038318
2026-06-15,developed_em,0.0110960830863156,0.5714285714285714,0.000524406568242026,0.6190476190476191,0.001589645161209656,0.5714285714285714,-0.0003757733767530757,0.0059290417557036346,0.5079365079365079,0.00010162695746674186,0.49206349206349204,0.00019707544376394427,0.5396825396825397,0.00015484048021816683,0.030428235687018246,0.5158730158730159,0.00024086887912344766,0.5079365079365079,0.0005817090416003148,0.4523809523809524,-0.00022230996206736394
2026-06-15,cyclical_defensive,-0.006243003133181935,0.47619047619047616,-0.00030231656069503756,0.6190476190476191,0.00351852825366815,0.2857142857142857,-0.004190350579932364,0.06133321890451593,0.5555555555555556,0.0009395639726330173,0.6984126984126984,0.00339591145940739,0.38095238095238093,-0.0029157712011347154,0.04832495119340052,0.5396825396825397,0.00037701657518891195,0.7142857142857143,0.002891181898620349,0.3253968253968254,-0.0029753711388430934
2026-06-16,growth_value,-0.05435384962983991,0.2857142857142857,-0.002623859493309878,0.42857142857142855,0.0003292220040662917,0.2857142857142857,-0.00397365449281515,-0.009807228371229493,0.4444444444444444,-0.00011444438911680681,0.6031746031746031,0.0021578714470409308,0.2698412698412698,-0.004184603947692991,-0.09570012621487478,0.4365079365079365,-0.0007658318649249129,0.6587301587301587,0.002394378859293929,0.30158730158730157,-0.0035070639505682217
2026-06-16,large_small,-0.033896605563797255,0.47619047619047616,-0.0017023789566414345,0.3333333333333333,-0.003474099190551887,0.8095238095238095,0.003422017020453744,-0.044342133753193846,0.5079365079365079,-0.0007686172726317775,0.3333333333333333,-0.00268683949044911,0.6825396825396826,0.00181521931406462,-0.048532821464533416,0.5158730158730159,-0.00043747415945532224,0.40476190476190477,-0.00217727800325439,0.6507936507936508,0.0015455827227312078
2026-06-16,cap_equal,-0.035664019243219935,0.3333333333333333,-0.0017126614340808972,0.6190476190476191,0.001499216161789808,0.2857142857142857,-0.002351376681998807,0.031995497750153534,0.5079365079365079,0.0005161544740054475,0.6349206349206349,0.0016708036345591004,0.3492063492063492,-0.0019161003137308165,0.0006970926707603464,0.49206349206349204,1.3645913781608981e-05,0.6349206349206349,0.0016417368574015532,0.36507936507936506,-0.0015351974383536369
2026-06-16,small_value_large_growth,0.06123176173685452,0.7142857142857143,0.0028272383083103843,0.5714285714285714,0.0009419482386760624,0.5238095238095238,0.0012697018978574935,0.03408746970140597,0.5396825396825397,0.0005209114779802017,0.5079365079365079,-0.00012940428417563591,0.5714285714285714,0.002505110477804251,0.11228421270318578,0.5317460317460317,0.0008418881401275626,0.46825396825396826,-0.0003628803666000318,0.5396825396825397,0.0017059062139063526
2026-06-16,us_developed_ex_us,-0.02470882285662679,0.5238095238095238,-0.0012421786688144706,0.47619047619047616,-0.0030134404121011015,0.6190476190476191,0.002927406522851812,0.014794779911865064,0.5714285714285714,0.00016925121874878705,0.42857142857142855,-0.001852834210363447,0.47619047619047616,0.0005992625845227872,-0.0595060972984659,0.4603174603174603,-0.000530687451498179,0.5,-0.000571533204925044,0.4603174603174603,-0.0009373086086800446
2026-06-16,developed_em,0.016970616140880246,0.5714285714285714,0.0008022419405631986,0.6190476190476191,0.001589645161209656,0.5714285714285714,5.8190910096538106e-05,0.017315512201001138,0.5238095238095238,0.0002793589552278865,0.49206349206349204,0.00019707544376394427,0.5555555555555556,0.00042679155549085745,0.03678904704695074,0.5158730158730159,0.00028944786665275837,0.5079365079365079,0.0005817090416003148,0.4523809523809524,-0.0002057771429262771
2026-06-16,cyclical_defensive,-0.008925292604357926,0.47619047619047616,-0.0004288012935770749,0.6190476190476191,0.00351852825366815,0.2857142857142857,-0.004422657660780378,0.051132503659896855,0.5555555555555556,0.0007862655212183082,0.6984126984126984,0.00339591145940739,0.3968253968253968,-0.002811604003616236,0.05385655693777669,0.5476190476190477,0.0004188230425133415,0.7142857142857143,0.002891181898620349,0.3333333333333333,-0.0029035340506147864
2026-06-17,growth_value,-0.05372139691956479,0.2857142857142857,-0.0025898946100085594,0.42857142857142855,0.0003292220040662917,0.2857142857142857,-0.0035813359564360707,-0.010423874795572607,0.4444444444444444,-0.0001242645650980081,0.6031746031746031,0.0021578714470409308,0.2698412698412698,-0.004090692318435061,-0.0935271164807151,0.4365079365079365,-0.0007465013687967453,0.6587301587301587,0.002394378859293929,0.30158730158730157,-0.003463615940550173
2026-06-17,large_small,-0.04419748840995463,0.42857142857142855,-0.0022095661482801725,0.3333333333333333,-0.003474099190551887,0.7619047619047619,0.0031572575960243814,-0.05167060783207833,0.49206349206349204,-0.0008893827094849164,0.3333333333333333,-0.00268683949044911,0.6666666666666666,0.0016911242604811566,-0.05879896726709344,0.5079365079365079,-0.0005229507187261447,0.40476190476190477,-0.00217727800325439,0.6428571428571429,0.0014462769995450793
2026-06-17,cap_equal,-0.02658397735444573,0.38095238095238093,-0.0012671581210536179,0.6190476190476191,0.001499216161789808,0.3333333333333333,-0.0018189641261050018,0.035447581507687786,0.5238095238095238,0.0005684360875855458,0.6349206349206349,0.0016708036345591004,0.36507936507936506,-0.001828124718818011,0.006001746232080718,0.5,5.532654188087983e-05,0.6349206349206349,0.0016417368574015532,0.373015873015873,-0.0014347627871756795
2026-06-17,small_value_large_growth,0.061129854305119524,0.7142857142857143,0.0028211669569682555,0.5714285714285714,0.0009419482386760624,0.5238095238095238,0.0007779029618628747,0.03693643024133886,0.5555555555555556,0.0005640140668257625,0.5079365079365079,-0.00012940428417563591,0.5714285714285714,0.002445264448997727,0.1146492788831408,0.5317460317460317,0.0008584950254472656,0.46825396825396826,-0.0003628803666000318,0.5476190476190477,0.0017458822171677302
2026-06-17,us_developed_ex_us,-0.025384611451345185,0.5238095238095238,-0.0012709979705100704,0.47619047619047616,-0.0030134404121011015,0.5714285714285714,0.0022563809596121936,0.003033423614614561,0.5555555555555556,-1.382678828875511e-05,0.42857142857142855,-0.001852834210363447,0.47619047619047616,0.0005093725947145236,-0.05986240967350254,0.4603174603174603,-0.0005330368931478449,0.5,-0.000571533204925044,0.4603174603174603,-0.0008312466404599106
2026-06-17,developed_em,0.012642858534585244,0.5714285714285714,0.000597872628701294,0.6190476190476191,0.001589645161209656,0.5714285714285714,-7.203061995904776e-05,0.0169525838168727,0.5238095238095238,0.000274087300076191,0.49206349206349204,0.00019707544376394427,0.5714285714285714,0.0004758260184222031,0.02923186348330664,0.5158730158730159,0.00023123341016469674,0.5079365079365079,0.0005817090416003148,0.4603174603174603,-0.00014053330286089422
2026-06-17,cyclical_defensive,-0.0016939306334827764,0.5238095238095238,-8.559481488906688e-05,0.6190476190476191,0.00351852825366815,0.3333333333333333,-0.003921008778944194,0.05298717388456309,0.5555555555555556,0.0008138876131414251,0.6984126984126984,0.00339591145940739,0.4126984126984127,-0.002537959812458404,0.06761732067975368,0.5555555555555556,0.0005214672862297769,0.7142857142857143,0.002891181898620349,0.3412698412698413,-0.002652895605030577
2026-06-18,growth_value,-0.044427298645282165,0.3333333333333333,-0.0021230187929301555,0.47619047619047616,0.0012834975859468928,0.2857142857142857,-0.0035813359564360707,-0.002492286960218193,0.4603174603174603,3.2583988264928057e-06,0.6190476190476191,0.002438574324333807,0.2698412698412698,-0.004090692318435061,-0.09811287084277398,0.4365079365079365,-0.0007860439569885474,0.6587301587301587,0.0024277482756460468,0.30158730158730157,-0.003463615940550173
2026-06-18,large_small,-0.05690588405169816,0.38095238095238093,-0.0028515224159454612,0.3333333333333333,-0.0033558721351191886,0.7619047619047619,0.0031572575960243814,-0.051590331354245955,0.49206349206349204,-0.0008898814099490049,0.3333333333333333,-0.0026982952717059245,0.6666666666666666,0.0016911242604811566,-0.06869942579471022,0.5,-0.000607891007599857,0.40476190476190477,-0.0021937060262462492,0.6428571428571429,0.0014462769995450793
2026-06-18,cap_equal,-0.020177092999126178,0.42857142857142855,-0.0009529704951431118,0.6666666666666666,0.0020194497382475937,0.3333333333333333,-0.0018189641261050018,0.04314300257672454,0.5396825396825397,0.0006866058080711538,0.6507936507936508,0.0018407848904928082,0.36507936507936506,-0.001828124718818011,0.0074120909165509286,0.5,6.695293442543229e-05,0.6349206349206349,0.0016856449402749517,0.373015873015873,-0.0014347627871756795
2026-06-18,small_value_large_growth,0.06374783487227442,0.7619047619047619,0.002939410460667929,0.5714285714285714,0.00037422905759657406,0.5238095238095238,0.0007779029618628747,0.029169314202773577,0.5555555555555556,0.0004449269200176104,0.5079365079365079,-0.0002977969326308395,0.5714285714285714,0.002445264448997727,0.12636892305863423,0.5396825396825397,0.0009415576972726895,0.46825396825396826,-0.00037377555356081656,0.5476190476190477,0.0017458822171677302
2026-06-18,us_developed_ex_us,-0.02473437472554152,0.5238095238095238,-0.0012378273302493738,0.5238095238095238,-0.002238294693265213,0.5714285714285714,0.0022563809596121936,0.004905435472889019,0.5555555555555556,1.610058140590792e-05,0.4444444444444444,-0.001685267804982719,0.47619047619047616,0.0005093725947145236,-0.06100514396685708,0.4603174603174603,-0.0005424132151444199,0.5079365079365079,-0.00045369871408524394,0.4603174603174603,-0.0008312466404599106
2026-06-18,developed_em,0.002168059424279889,0.5238095238095238,9.91181592809653e-05,0.5714285714285714,0.0007004691006816348,0.5714285714285714,-7.203061995904776e-05,0.007445192528457989,0.5079365079365079,0.0001234630769696344,0.49206349206349204,0.00023534896848258983,0.5714285714285714,0.0004758260184222031,0.02195691201123373,0.5158730158730159,0.0001741088267442392,0.5,0.0004253102983133799,0.4603174603174603,-0.00014053330286089422
2026-06-18,cyclical_defensive,0.015918265151501965,0.5714285714285714,0.0007463144529185969,0.6666666666666666,0.003953970959415862,0.3333333333333333,-0.003921008778944194,0.050974640976865215,0.5555555555555556,0.0007836639551534651,0.6984126984126984,0.0033314276552039133,0.4126984126984127,-0.002537959812458404,0.06995708136096312,0.5634920634920635,0.000538733869382556,0.7142857142857143,0.0028526772681535637,0.3412698412698413,-0.002652895605030577
2026-06-22,growth_value,-0.06441178486032084,0.2857142857142857,-0.0031290038371562445,0.47619047619047616,0.0012834975859468928,0.2857142857142857,-0.0038751692649971283,-0.013556447926279525,0.4603174603174603,-0.00017443396909584973,0.6190476190476191,0.002438574324333807,0.25396825396825395,-0.004417890897869254,-0.1002153003217019,0.4365079365079365,-0.0008054031642194545,0.6587301587301587,0.0024277482756460468,0.29365079365079366,-0.0036222452360087478
2026-06-22,large_small,-0.054994645161999256,0.38095238095238093,-0.002744446032989908,0.3333333333333333,-0.0033558721351191886,0.7142857142857143,0.002545752489011608,-0.06894070216223436,0.47619047619047616,-0.0011816176880308385,0.3333333333333333,-0.0026982952717059245,0.6507936507936508,0.0013663642698886775,-0.08013305129304416,0.49206349206349204,-0.0007061790191447456,0.40476190476190477,-0.0021937060262462492,0.6428571428571429,0.0013777782644258274
2026-06-22,cap_equal,-0.024716926017418928,0.42857142857142855,-0.001173640322626938,0.6666666666666666,0.0020194497382475937,0.3333333333333333,-0.0019144826030086594,0.03720482074297227,0.5238095238095238,0.0005961124945090647,0.6507936507936508,0.0018407848904928082,0.3492063492063492,-0.0019490833962918033,0.010446825662941528,0.5,9.039024583046285e-05,0.6349206349206349,0.0016856449402749517,0.36507936507936506,-0.0014805968990995741
2026-06-22,small_value_large_growth,0.07261415035367591,0.7619047619047619,0.0033250645484647068,0.5714285714285714,0.00037422905759657406,0.5238095238095238,0.001210322602927157,0.045653338578905744,0.5555555555555556,0.0006965466704744068,0.5079365079365079,-0.0002977969326308395,0.5873015873015873,0.002762382895644411,0.12958355519701725,0.5396825396825397,0.0009649682946841694,0.46825396825396826,-0.00037377555356081656,0.5476190476190477,0.001853853986517275
2026-06-22,us_developed_ex_us,-0.023092956885361948,0.5238095238095238,-0.0011534053828711358,0.5238095238095238,-0.002238294693265213,0.5714285714285714,0.0025405947231052998,-0.015392173038861201,0.5396825396825397,-0.00030170037335969674,0.4444444444444444,-0.001685267804982719,0.4603174603174603,0.0004391447255526539,-0.06137411612342403,0.4603174603174603,-0.0005457753437127916,0.5079365079365079,-0.00045369871408524394,0.4603174603174603,-0.0007975288249721952
2026-06-22,developed_em,-0.008057603401876001,0.47619047619047616,-0.00039337923214367523,0.5714285714285714,0.0007004691006816348,0.5714285714285714,-0.00038427806551977195,0.005520806732149053,0.5079365079365079,9.048488159007257e-05,0.49206349206349204,0.00023534896848258983,0.5714285714285714,0.0004359271026117903,0.015746744699222104,0.5158730158730159,0.00012547515336237141,0.5,0.0004253102983133799,0.4523809523809524,-0.0002452998773584438
2026-06-22,cyclical_defensive,0.00619078736973,0.5238095238095238,0.00028678596721119353,0.6666666666666666,0.003953970959415862,0.3333333333333333,-0.0034989578687049825,0.039840625164195176,0.5396825396825397,0.0006168324727504462,0.6984126984126984,0.0033314276552039133,0.3968253968253968,-0.002710423154352689,0.06817310680494115,0.5555555555555556,0.0005254821464278497,0.7142857142857143,0.0028526772681535637,0.3333333333333333,-0.0026677772770644158
2026-06-23,growth_value,-0.06610596012033942,0.2857142857142857,-0.0032114784571832334,0.47619047619047616,0.0012834975859468928,0.2857142857142857,-0.004056963657093621,-0.02551275283159027,0.4444444444444444,-0.00036811596509452147,0.6190476190476191,0.002438574324333807,0.23809523809523808,-0.004596046453457933,-0.1147081724334853,0.42857142857142855,-0.000934325497269672,0.6587301587301587,0.0024277482756460468,0.29365079365079366,-0.0035154901703822235
2026-06-23,large_small,-0.051708131535339374,0.38095238095238093,-0.0025751703866995794,0.3333333333333333,-0.0033558721351191886,0.6666666666666666,0.0018644884908197712,-0.06397806932972894,0.47619047619047616,-0.0010941459665431475,0.3333333333333333,-0.0026982952717059245,0.6507936507936508,0.00136578381697507,-0.08486300328639185,0.48412698412698413,-0.0007468403409673549,0.40476190476190477,-0.0021937060262462492,0.6428571428571429,0.0014381562818393816
2026-06-23,cap_equal,-0.0333204381572354,0.42857142857142855,-0.0015904403812542793,0.6666666666666666,0.0020194497382475937,0.3333333333333333,-0.002381766190061046,0.025828678775190905,0.5238095238095238,0.00042267718963007536,0.6507936507936508,0.0018407848904928082,0.3333333333333333,-0.0021724546365944094,-0.006163244225841913,0.49206349206349204,-4.0565890911503644e-05,0.6349206349206349,0.0016856449402749517,0.36507936507936506,-0.0014940770235537446
2026-06-23,small_value_large_growth,0.0820817322955909,0.7619047619047619,0.003736741008546051,0.5714285714285714,0.00037422905759657406,0.5714285714285714,0.0020840816571845128,0.054550271188612554,0.5555555555555556,0.0008273666648560058,0.5079365079365079,-0.0002977969326308395,0.6031746031746031,0.0029971961839125676,0.15545761337578878,0.5476190476190477,0.0011442711849774224,0.46825396825396826,-0.00037377555356081656,0.5476190476190477,0.0017602489061482784
2026-06-23,us_developed_ex_us,-0.0016796415660872421,0.5714285714285714,-0.00013813280766087184,0.5238095238095238,-0.002238294693265213,0.6190476190476191,0.003540260581814204,0.015634297614614656,0.5555555555555556,0.00018886243171078304,0.4444444444444444,-0.001685267804982719,0.47619047619047616,0.0007192911574224491,-0.04488615201121837,0.46825396825396826,-0.00041060018927076037,0.5079365079365079,-0.00045369871408524394,0.46825396825396826,-0.0005165148592046789
2026-06-23,developed_em,-0.014397531460081603,0.47619047619047616,-0.0006999059132751731,0.5714285714285714,0.0007004691006816348,0.5714285714285714,-0.0004309297808542178,0.0030840120491846257,0.5079365079365079,5.098536022069617e-05,0.49206349206349204,0.00023534896848258983,0.5714285714285714,0.00041133450208122535,0.01635355844171804,0.5238095238095238,0.00013024377832503042,0.5,0.0004253102983133799,0.4523809523809524,-0.0003280222297206668
2026-06-23,cyclical_defensive,-0.01174618885904366,0.5238095238095238,-0.0005728235491906065,0.6666666666666666,0.003953970959415862,0.3333333333333333,-0.004170023547515299,0.009064158995567118,0.5238095238095238,0.00013736672458191821,0.6984126984126984,0.0033314276552039133,0.38095238095238093,-0.0030715843596337074,0.04732074396922936,0.5555555555555556,0.00036848554120404164,0.7142857142857143,0.0028526772681535637,0.3333333333333333,-0.0028236755443659394
2026-06-24,growth_value,-0.06335740685453439,0.2857142857142857,-0.0030705320380977857,0.47619047619047616,0.0012834975859468928,0.23809523809523808,-0.004516453574801767,-0.013244717779258397,0.4444444444444444,-0.00017033880581260804,0.6190476190476191,0.002438574324333807,0.2222222222222222,-0.004653751243000755,-0.12415482168659442,0.42063492063492064,-0.0010201036748671028,0.6587301587301587,0.0024277482756460468,0.29365079365079366,-0.0034694049174069314
2026-06-24,large_small,-0.05147138192080869,0.38095238095238093,-0.0025621502937297745,0.3333333333333333,-0.0033558721351191886,0.6190476190476191,0.0015845936004176646,-0.059968330178528095,0.47619047619047616,-0.0010263494959885373,0.3333333333333333,-0.0026982952717059245,0.6507936507936508,0.001338894303939835,-0.0898490028260327,0.47619047619047616,-0.000790324704450787,0.40476190476190477,-0.0021937060262462492,0.6428571428571429,0.0014270022548619967
2026-06-24,cap_equal,-0.03563937480187651,0.42857142857142855,-0.0017044022800931117,0.6666666666666666,0.0020194497382475937,0.2857142857142857,-0.003055769058735048,0.022745919705380535,0.5238095238095238,0.0003744263305639184,0.6507936507936508,0.0018407848904928082,0.31746031746031744,-0.0023092761516909574,-0.018958338520623563,0.48412698412698413,-0.0001438790410973365,0.6349206349206349,0.0016856449402749517,0.36507936507936506,-0.0015250050292371707
2026-06-24,small_value_large_growth,0.0834702415524351,0.7619047619047619,0.0037972283587464706,0.5714285714285714,0.00037422905759657406,0.6190476190476191,0.002567905003447792,0.04047929251984228,0.5555555555555556,0.0006146087124161003,0.5079365079365079,-0.0002977969326308395,0.6031746031746031,0.0030392649749912113,0.17767028941934626,0.5555555555555556,0.0012961820224223675,0.46825396825396826,-0.00037377555356081656,0.5476190476190477,0.0017262728770021602
2026-06-24,us_developed_ex_us,-0.011226111715465836,0.5238095238095238,-0.0005960026767888051,0.5238095238095238,-0.002238294693265213,0.6190476190476191,0.0036497825051212207,0.008925821198926487,0.5396825396825397,8.408562960445416e-05,0.4444444444444444,-0.001685267804982719,0.4603174603174603,0.000690311555838629,-0.04924634261248828,0.4603174603174603,-0.0004470938936497237,0.5079365079365079,-0.00045369871408524394,0.46825396825396826,-0.00037894604541096683
2026-06-24,developed_em,0.001675077523699553,0.5238095238095238,6.968659704487123e-05,0.5714285714285714,0.0007004691006816348,0.6190476190476191,8.420567461309676e-05,0.010182964975899989,0.5079365079365079,0.00016275073153598508,0.49206349206349204,0.00023534896848258983,0.5714285714285714,0.0005320956996696895,0.029461208300225916,0.5317460317460317,0.0002320912705342973,0.5,0.0004253102983133799,0.4603174603174603,-0.00021673777931017143
2026-06-24,cyclical_defensive,-0.016968355728963935,0.5238095238095238,-0.0008264168881986361,0.6666666666666666,0.003953970959415862,0.2857142857142857,-0.004848411164101787,-0.0040953594038123375,0.5079365079365079,-7.210062696709375e-05,0.6984126984126984,0.0033314276552039133,0.36507936507936506,-0.0031959142164788407,0.03314882085913151,0.5476190476190477,0.00026008225308195147,0.7142857142857143,0.0028526772681535637,0.3333333333333333,-0.002846472285389205
2026-06-25,growth_value,-0.08573297247754985,0.2857142857142857,-0.004221504684690582,0.42857142857142855,-0.0004067456086548032,0.23809523809523808,-0.004516453574801767,-0.04126831389721364,0.42857142857142855,-0.000627989809590925,0.6190476190476191,0.0021258561732860927,0.2222222222222222,-0.004653751243000755,-0.14627404311085146,0.42063492063492064,-0.0012231200861033307,0.6507936507936508,0.0021601139166121546,0.29365079365079366,-0.0034694049174069314
2026-06-25,large_small,-0.04756107350741756,0.38095238095238093,-0.002360322670321919,0.3333333333333333,-0.0036257553173075297,0.6190476190476191,0.0015845936004176646,-0.061112677223212675,0.47619047619047616,-0.001045209820985524,0.3333333333333333,-0.0026835460107041296,0.6507936507936508,0.001338894303939835,-0.09296623848823315,0.47619047619047616,-0.0008174731302805445,0.3968253968253968,-0.0023635754614900026,0.6428571428571429,0.0014270022548619967
2026-06-25,cap_equal,-0.04193040650954816,0.38095238095238093,-0.0020174395964983024,0.6190476190476191,0.0015012098737609478,0.2857142857142857,-0.003055769058735048,0.0168621518385208,0.5079365079365079,0.00028246824541286946,0.6507936507936508,0.0018019739772496823,0.31746031746031744,-0.0023092761516909574,-0.022749610061674863,0.48412698412698413,-0.00017470508284072708,0.626984126984127,0.0016174026505658813,0.36507936507936506,-0.0015250050292371707
2026-06-25,small_value_large_growth,0.0938484279266043,0.7619047619047619,0.0042428295675047585,0.6190476190476191,0.0015314898882843849,0.6190476190476191,0.002567905003447792,0.05610914733139061,0.5555555555555556,0.0008495249333469747,0.5079365079365079,-0.0001196518859271431,0.6031746031746031,0.0030392649749912113,0.2004247218949986,0.5555555555555556,0.001447516078911415,0.47619047619047616,-7.756073529446497e-05,0.5476190476190477,0.0017262728770021602
2026-06-25,us_developed_ex_us,-0.011452223416374308,0.5238095238095238,-0.0006035780180721986,0.47619047619047616,-0.0029959524306452895,0.6190476190476191,0.0036497825051212207,0.004182547632673117,0.5396825396825397,9.09116174341483e-06,0.4444444444444444,-0.001800657513592129,0.4603174603174603,0.000690311555838629,-0.062264055455874545,0.4523809523809524,-0.0005572289945349909,0.5,-0.0005987002666067205,0.46825396825396826,-0.00037894604541096683
2026-06-25,developed_em,0.019605463013115942,0.5714285714285714,0.0009203435793609408,0.6190476190476191,0.0015378618998047548,0.6190476190476191,8.420567461309676e-05,0.032205197130488195,0.5238095238095238,0.0005078347588199071,0.49206349206349204,0.000395522438870529,0.5714285714285714,0.0005320956996696895,0.04714679221767426,0.5396825396825397,0.00036793716146808915,0.5079365079365079,0.0005644592675903788,0.4603174603174603,-0.00021673777931017143
2026-06-25,cyclical_defensive,-0.025262939490360847,0.47619047619047616,-0.001228534490490768,0.6666666666666666,0.0039752623897843726,0.2857142857142857,-0.004848411164101787,-0.004804929500704658,0.49206349206349204,-8.34798913186891e-05,0.6825396825396826,0.002951461600870147,0.36507936507936506,-0.0031959142164788407,0.024616589307745906,0.5396825396825397,0.00019385601781272423,0.7142857142857143,0.0028623628191269956,0.3333333333333333,-0.002846472285389205
2026-06-26,growth_value,-0.0740013538403872,0.2857142857142857,-0.0036138933986220112,0.42857142857142855,-0.0004067456086548032,0.2857142857142857,-0.0036186870399151283,-0.015313875339994731,0.4444444444444444,-0.0002070794788019291,0.6190476190476191,0.0021258561732860927,0.23809523809523808,-0.004246129728336562,-0.1385054141594697,0.42063492063492064,-0.0011513128731245829,0.6507936507936508,0.0021601139166121546,0.30158730158730157,-0.003339602626304969
2026-06-26,large_small,-0.053315571299024755,0.3333333333333333,-0.0026489177008559256,0.3333333333333333,-0.0036257553173075297,0.6190476190476191,0.001613256967494243,-0.06725019353409412,0.4603174603174603,-0.0011491772149696473,0.3333333333333333,-0.0026835460107041296,0.6349206349206349,0.0011724169236596142,-0.1069499196349829,0.46825396825396826,-0.0009406963206753831,0.3968253968253968,-0.0023635754614900026,0.6349206349206349,0.0013599143794090509
2026-06-26,cap_equal,-0.04287195958724077,0.3333333333333333,-0.0020641040573215023,0.6190476190476191,0.0015012098737609478,0.2857142857142857,-0.002831044623746578,0.025404630490611257,0.5079365079365079,0.00041341687116717697,0.6507936507936508,0.0018019739772496823,0.31746031746031744,-0.002253046008612439,-0.029878620505589204,0.47619047619047616,-0.00023285085962225394,0.626984126984127,0.0016174026505658813,0.36507936507936506,-0.0015092322780263802
2026-06-26,small_value_large_growth,0.09149220142966574,0.7142857142857143,0.004139491642347752,0.6190476190476191,0.0015314898882843849,0.5714285714285714,0.0020435947444955743,0.04031417966437156,0.5396825396825397,0.0006135274798525439,0.5079365079365079,-0.0001196518859271431,0.5873015873015873,0.0029241885171042504,0.21292265092599116,0.5555555555555556,0.0015296208365076485,0.47619047619047616,-7.756073529446497e-05,0.5476190476190477,0.001729302831755161
2026-06-26,us_developed_ex_us,-0.009873706536849602,0.5238095238095238,-0.0005285768413425434,0.47619047619047616,-0.0029959524306452895,0.6190476190476191,0.0037956609919486657,0.004481842701192562,0.5396825396825397,1.5277104392986808e-05,0.4444444444444444,-0.001800657513592129,0.47619047619047616,0.0008931622209636366,-0.053068685204511135,0.4603174603174603,-0.0004799230537217566,0.5,-0.0005987002666067205,0.47619047619047616,-0.0002679025285609893
2026-06-26,developed_em,0.021079446133465796,0.5714285714285714,0.0009898908840285446,0.6190476190476191,0.0015378618998047548,0.5714285714285714,-0.00015123342620867083,0.023003797536885084,0.5079365079365079,0.00036786402051250963,0.49206349206349204,0.000395522438870529,0.5555555555555556,0.00039274280460307613,0.04022702898145014,0.5317460317460317,0.00031545953815829866,0.5079365079365079,0.0005644592675903788,0.4603174603174603,-0.00020553321900826328
2026-06-26,cyclical_defensive,-0.03973832645120401,0.47619047619047616,-0.0019464116446547698,0.6666666666666666,0.0039752623897843726,0.23809523809523808,-0.0061172358014190175,-0.017637537546221105,0.49206349206349204,-0.00029176263281629117,0.6825396825396826,0.002951461600870147,0.36507936507936506,-0.003426105624905611,0.003201447108995392,0.5317460317460317,2.5276690905472827e-05,0.7142857142857143,0.0028623628191269956,0.3333333333333333,-0.0029426858250526074
2026-06-29,growth_value,-0.0612232058094927,0.2857142857142857,-0.002949956378370467,0.47619047619047616,0.0010407911084649789,0.2857142857142857,-0.0036186870399151283,0.020415475541500028,0.4603174603174603,0.00036039319079692706,0.6349206349206349,0.0025903564752255063,0.23809523809523808,-0.004246129728336562,-0.11542989846578233,0.42857142857142855,-0.0009390913557915606,0.6507936507936508,0.00235007005468541,0.30158730158730157,-0.003339602626304969
2026-06-29,large_small,-0.03619160249606912,0.3333333333333333,-0.0017899938659506317,0.38095238095238093,-0.002326661396727267,0.6190476190476191,0.001613256967494243,-0.0507730723592843,0.4603174603174603,-0.0008693198081092451,0.3492063492063492,-0.0022863135837008805,0.6349206349206349,0.0011724169236596142,-0.09164049175388056,0.46825396825396826,-0.0008049365523668793,0.3968253968253968,-0.00222729390206621,0.6349206349206349,0.0013599143794090509
2026-06-29,cap_equal,-0.041386344335958,0.3333333333333333,-0.0019882666983494315,0.6190476190476191,0.0016611662842801731,0.2857142857142857,-0.002831044623746578,0.0323896491409581,0.5238095238095238,0.0005211434990638563,0.6666666666666666,0.0019539128171407127,0.31746031746031744,-0.002253046008612439,-0.026473847058780087,0.48412698412698413,-0.0002046447279785512,0.6349206349206349,0.0016494606487655742,0.36507936507936506,-0.0015092322780263802
2026-06-29,small_value_large_growth,0.07370354042692684,0.7142857142857143,0.003345569290186521,0.5714285714285714,-0.00014549251702938065,0.5714285714285714,0.0020435947444955743,0.006630792052118029,0.5238095238095238,8.865873784425995e-05,0.49206349206349204,-0.0006865953452251974,0.5873015873015873,0.0029241885171042504,0.18237953969187837,0.5476190476190477,0.0013248203786386098,0.47619047619047616,-0.0002541509801336759,0.5476190476190477,0.001729302831755161
2026-06-29,us_developed_ex_us,-0.0042785679260928244,0.5238095238095238,-0.000257169962175481,0.5238095238095238,-0.002249360461106285,0.6190476190476191,0.0037956609919486657,0.02348011992818444,0.5555555555555556,0.00031193861666739276,0.4444444444444444,-0.001730781846489105,0.47619047619047616,0.0008931622209636366,-0.046259426026834194,0.4603174603174603,-0.00042246670715801436,0.5,-0.0005767197489862599,0.47619047619047616,-0.0002679025285609893
2026-06-29,developed_em,0.005791259133538507,0.5238095238095238,0.0002703660843502762,0.5714285714285714,0.00105361156634718,0.5714285714285714,-0.00015123342620867083,0.01787095498826563,0.5079365079365079,0.0002873931555392129,0.49206349206349204,0.00035289838371174324,0.5555555555555556,0.00039274280460307613,0.03223795940189311,0.5238095238095238,0.0002539410984659453,0.5,0.0005114335468144574,0.4603174603174603,-0.00020553321900826328
2026-06-29,cyclical_defensive,-0.03553745242073403,0.5238095238095238,-0.0017384762800071434,0.6666666666666666,0.00405579913050077,0.23809523809523808,-0.0061172358014190175,-0.003811588419203815,0.5079365079365079,-7.08135877683073e-05,0.6984126984126984,0.003101061321870148,0.36507936507936506,-0.003426105624905611,0.011151093738887674,0.5396825396825397,8.804701468117378e-05,0.7142857142857143,0.0028675482509333437,0.3333333333333333,-0.0029426858250526074
2026-06-30,growth_value,-0.048850638134696034,0.2857142857142857,-0.0023197004115348523,0.47619047619047616,0.0016584998733429942,0.2857142857142857,-0.0036186870399151283,0.04178211458630421,0.47619047619047616,0.0006917459273598452,0.6507936507936508,0.0029054872280653314,0.23809523809523808,-0.004246129728336562,-0.09852159841495578,0.42857142857142855,-0.0007875613451825775,0.6507936507936508,0.0024317881550956037,0.30158730158730157,-0.003339602626304969
2026-06-30,large_small,-0.0416155945028428,0.3333333333333333,-0.002057358167382025,0.42857142857142855,-0.002144771606347935,0.6190476190476191,0.001613256967494243,-0.05823559750183804,0.4603174603174603,-0.000992764884189462,0.36507936507936506,-0.002220119484018245,0.6349206349206349,0.0011724169236596142,-0.09342913054941338,0.46825396825396826,-0.0008203297469926147,0.40476190476190477,-0.0021449220155690166,0.6349206349206349,0.0013599143794090509
2026-06-30,cap_equal,-0.03236707947368733,0.38095238095238093,-0.0015408982149527298,0.6190476190476191,0.001809895433631684,0.2857142857142857,-0.002831044623746578,0.04312965668770352,0.5396825396825397,0.000685828505767927,0.6666666666666666,0.0020855053357691947,0.31746031746031744,-0.002253046008612439,-0.017248810867705022,0.49206349206349204,-0.00012956052523967044,0.6349206349206349,0.0016981026076640596,0.36507936507936506,-0.0015092322780263802
2026-06-30,small_value_large_growth,0.06782808293415399,0.7142857142857143,0.003076331812015049,0.5714285714285714,-0.0009304485264403295,0.5714285714285714,0.0020435947444955743,-0.007139569192207373,0.5238095238095238,-0.0001329760825703058,0.49206349206349204,-0.0009761425761621867,0.5873015873015873,0.0029241885171042504,0.16466767169609597,0.5476190476190477,0.0012037254787062531,0.47619047619047616,-0.00038229243870639674,0.5476190476190477,0.001729302831755161
2026-06-30,us_developed_ex_us,-0.0018374132609179084,0.5238095238095238,-0.00013966071142371535,0.5714285714285714,-0.0014370618599359307,0.6190476190476191,0.0037956609919486657,0.031155458384853896,0.5714285714285714,0.00043069780690846,0.4603174603174603,-0.001637387699654322,0.47619047619047616,0.0008931622209636366,-0.040548608763255056,0.46825396825396826,-0.00037490651831965905,0.5,-0.0005643583300306098,0.47619047619047616,-0.0002679025285609893
2026-06-30,developed_em,-3.149742782437848e-05,0.47619047619047616,-7.410190943656411e-06,0.5238095238095238,0.000675152790011423,0.5714285714285714,-0.00015123342620867083,0.012844221327574123,0.49206349206349204,0.00020840897399384005,0.47619047619047616,0.00017794027044311313,0.5555555555555556,0.00039274280460307613,0.03255127663827673,0.5238095238095238,0.00025628382794703103,0.49206349206349204,0.0004431564414448957,0.4603174603174603,-0.00020553321900826328
2026-06-30,cyclical_defensive,-0.025963815813227487,0.5238095238095238,-0.0012708148381039906,0.6666666666666666,0.0044220772477738994,0.23809523809523808,-0.0061172358014190175,0.01860390999645678,0.5238095238095238,0.00028084892219586155,0.6984126984126984,0.003323148033450497,0.36507936507936506,-0.003426105624905611,0.029480494496141763,0.5476190476190477,0.00022980287459826426,0.7222222222222222,0.0030245131269734803,0.3333333333333333,-0.0029426858250526074
2026-07-01,growth_value,-0.07190916257112956,0.23809523809523808,-0.0034882581728447894,0.47619047619047616,0.0016584998733429942,0.2857142857142857,-0.004293964018418782,0.008790658671210094,0.4603174603174603,0.00017356801580513018,0.6507936507936508,0.0029054872280653314,0.23809523809523808,-0.004392776379961598,-0.10946314653390599,0.42857142857142855,-0.0008843614586110523,0.6507936507936508,0.0024317881550956037,0.30158730158730157,-0.003438385939721933
2026-07-01,large_small,-0.046627960737587126,0.3333333333333333,-0.002306890954536929,0.42857142857142855,-0.002144771606347935,0.6190476190476191,0.0015550628955292287,-0.05018168996441352,0.47619047619047616,-0.000854520474887903,0.36507936507936506,-0.002220119484018245,0.6349206349206349,0.001116943082404123,-0.09373608947780832,0.46825396825396826,-0.0008229655431369252,0.40476190476190477,-0.0021449220155690166,0.6349206349206349,0.0013525229592623235
2026-07-01,cap_equal,-0.03744170451143125,0.3333333333333333,-0.0017915561428672798,0.6190476190476191,0.001809895433631684,0.2857142857142857,-0.0030189985536948497,0.029918276684443912,0.5238095238095238,0.00048015599917527313,0.6666666666666666,0.0020855053357691947,0.31746031746031744,-0.0022785815058992995,-0.019642950227556022,0.49206349206349204,-0.00014898697245601604,0.6349206349206349,0.0016981026076640596,0.36507936507936506,-0.001536338425717258
2026-07-01,small_value_large_growth,0.09384836173950872,0.7619047619047619,0.004221407450532778,0.5714285714285714,-0.0009304485264403295,0.6190476190476191,0.002755589733822738,0.0160927196268974,0.5396825396825397,0.00023932566583870704,0.49206349206349204,-0.0009761425761621867,0.5873015873015873,0.003100093096756151,0.1777647239635214,0.5476190476190477,0.0012921705548588705,0.47619047619047616,-0.00038229243870639674,0.5476190476190477,0.0018080190827768192
2026-07-01,us_developed_ex_us,0.007764454535427623,0.5238095238095238,0.0003125000816384433,0.5714285714285714,-0.0014370618599359307,0.6190476190476191,0.0035765035243264746,0.04582799542589511,0.5873015873015873,0.0006555542417237644,0.4603174603174603,-0.001637387699654322,0.49206349206349204,0.0011810436240296002,-0.02816116746588848,0.47619047619047616,-0.00027374990204992987,0.5,-0.0005643583300306098,0.48412698412698413,-0.00012234383021484491
2026-07-01,developed_em,0.0028930074007256223,0.47619047619047616,0.00013579385946356427,0.5238095238095238,0.000675152790011423,0.5714285714285714,9.211989018810738e-05,0.006224146395324093,0.47619047619047616,0.00010411091776254438,0.47619047619047616,0.00017794027044311313,0.5396825396825397,0.00018091158049769014,0.02140917830197342,0.5158730158730159,0.00017077543448681205,0.49206349206349204,0.0004431564414448957,0.4523809523809524,-0.0002796957257325415
2026-07-01,cyclical_defensive,-0.03497225926926406,0.5238095238095238,-0.001706269465342608,0.6666666666666666,0.0044220772477738994,0.23809523809523808,-0.006223948688932981,0.01173447119862514,0.5238095238095238,0.0001712285761893066,0.6984126984126984,0.003323148033450497,0.38095238095238093,-0.003227626875847287,0.03802960738563543,0.5555555555555556,0.00029543430407376396,0.7222222222222222,0.0030245131269734803,0.3412698412698413,-0.0029022809271417745
2026-07-02,growth_value,-0.08631191683543948,0.23809523809523808,-0.0042298269537426325,0.47619047619047616,0.0016584998733429942,0.2857142857142857,-0.004809708054691714,-0.020939708624212128,0.4444444444444444,-0.0003008838872714261,0.6507936507936508,0.0029054872280653314,0.2222222222222222,-0.004991244410849529,-0.13195028445820622,0.42857142857142855,-0.0010870096058347698,0.6507936507936508,0.0024317881550956037,0.30158730158730157,-0.0036404364435989917
2026-07-02,large_small,-0.0344270339488526,0.38095238095238093,-0.0017002161303108102,0.42857142857142855,-0.002144771606347935,0.6666666666666666,0.0018639812993979574,-0.046388855120492734,0.47619047619047616,-0.0007917049210058181,0.36507936507936506,-0.002220119484018245,0.6349206349206349,0.0011772502008742,-0.09412887816777094,0.46825396825396826,-0.0008263302450163497,0.40476190476190477,-0.0021449220155690166,0.6349206349206349,0.001388635412151689
2026-07-02,cap_equal,-0.042928707225208584,0.3333333333333333,-0.0020645819066912848,0.6190476190476191,0.001809895433631684,0.2857142857142857,-0.003233830106032192,0.017022740122352387,0.5079365079365079,0.0002794141457757696,0.6666666666666666,0.0020855053357691947,0.30158730158730157,-0.0024791122185350094,-0.028135388334786682,0.48412698412698413,-0.00021822125421214157,0.6349206349206349,0.0016981026076640596,0.36507936507936506,-0.0015942765388217185
2026-07-02,small_value_large_growth,0.09299287017948443,0.7619047619047619,0.004176385635442499,0.5714285714285714,-0.0009304485264403295,0.6190476190476191,0.0027413073416639906,0.032512350471672,0.5555555555555556,0.0004922634360054705,0.49206349206349204,-0.0009761425761621867,0.6031746031746031,0.0034503420260738552,0.19804079370524974,0.5555555555555556,0.0014266275699119813,0.47619047619047616,-0.00038229243870639674,0.5476190476190477,0.0018924832341492461
2026-07-02,us_developed_ex_us,0.003657952626413552,0.5238095238095238,0.00011791068070159183,0.5714285714285714,-0.0014370618599359307,0.5714285714285714,0.0029388968015029437,0.0469824746422014,0.5873015873015873,0.0006744535011625276,0.4603174603174603,-0.001637387699654322,0.47619047619047616,0.0010075330338392343,-0.03305139178159644,0.47619047619047616,-0.00031394589237101903,0.5,-0.0005643583300306098,0.48412698412698413,-0.0001231362501392778
2026-07-02,developed_em,0.01890661863355869,0.5238095238095238,0.000893794748423427,0.5238095238095238,0.000675152790011423,0.5714285714285714,0.00032049151500028526,0.002176071334707208,0.47619047619047616,3.829560370225521e-05,0.47619047619047616,0.00017794027044311313,0.5555555555555556,0.00033811851493319585,0.03376841002204656,0.5238095238095238,0.0002664072636098864,0.49206349206349204,0.0004431564414448957,0.4603174603174603,-0.00019986474494744697
2026-07-02,cyclical_defensive,-0.05305556121168753,0.47619047619047616,-0.002618742940123294,0.6666666666666666,0.0044220772477738994,0.23809523809523808,-0.006347560751681731,-0.0011378792165810392,0.5238095238095238,-3.5652385646011344e-05,0.6984126984126984,0.003323148033450497,0.38095238095238093,-0.0034484624465449146,0.022714500354836575,0.5555555555555556,0.0001756341184798758,0.7222222222222222,0.0030245131269734803,0.3333333333333333,-0.0030933766778132796
2026-07-06,growth_value,-0.06198959438688845,0.2857142857142857,-0.002977446029753789,0.5238095238095238,0.0023741708704955655,0.2857142857142857,-0.004809708054691714,-0.004960620858460496,0.4603174603174603,-4.206875242901156e-05,0.6507936507936508,0.0030927037940040557,0.2222222222222222,-0.004991244410849529,-0.120208565218057,0.4365079365079365,-0.0009794878946132752,0.6507936507936508,0.0024311752907913843,0.30158730158730157,-0.0036404364435989917
2026-07-06,large_small,-0.03750421969509332,0.38095238095238093,-0.001847916872391529,0.42857142857142855,-0.0020056046519253677,0.6666666666666666,0.0018639812993979574,-0.03777655847623773,0.49206349206349204,-0.0006482930860944587,0.38095238095238093,-0.0021134932923092984,0.6349206349206349,0.0011772502008742,-0.09118839057157246,0.46825396825396826,-0.0008004290893453189,0.40476190476190477,-0.0021827858578575277,0.6349206349206349,0.001388635412151689
2026-07-06,cap_equal,-0.031815750889276684,0.38095238095238093,-0.001513884047259384,0.6190476190476191,0.001943418473244746,0.2857142857142857,-0.003233830106032192,0.02747330939778303,0.5238095238095238,0.0004423452071181807,0.6666666666666666,0.0022069216135399625,0.30158730158730157,-0.0024791122185350094,-0.0211804292825587,0.48412698412698413,-0.00016125548607737536,0.6349206349206349,0.001685496957698934,0.36507936507936506,-0.0015942765388217185
2026-07-06,small_value_large_growth,0.07877931726025933,0.7619047619047619,0.003547637573750085,0.5238095238095238,-0.001601803135863809,0.6190476190476191,0.0027413073416639906,0.011204582062288582,0.5396825396825397,0.00015903925111957943,0.47619047619047616,-0.0011928209394281113,0.6031746031746031,0.0034503420260738552,0.1825803711682108,0.5555555555555556,0.0013226355095689308,0.47619047619047616,-0.00038419056697998,0.5476190476190477,0.0018924832341492461
2026-07-06,us_developed_ex_us,-0.005373995320139491,0.47619047619047616,-0.0003158812786614292,0.5714285714285714,-0.0013476955881887708,0.5714285714285714,0.0029388968015029437,0.029756962703257228,0.5714285714285714,0.0004102434802078882,0.4603174603174603,-0.0016874985279836927,0.47619047619047616,0.0010075330338392343,-0.03760481945216809,0.47619047619047616,-0.00035220493496292864,0.5,-0.0006150579865520059,0.48412698412698413,-0.0001231362501392778
2026-07-06,developed_em,0.011511791924161185,0.47619047619047616,0.000548066437041771,0.47619047619047616,3.8830031305950175e-05,0.5714285714285714,0.00032049151500028526,0.0005004699386010891,0.47619047619047616,1.111696860138225e-05,0.47619047619047616,0.0002934578435934504,0.5555555555555556,0.00033811851493319585,0.03586012989104925,0.5238095238095238,0.00028206967799842403,0.48412698412698413,0.0003991846236501231,0.4603174603174603,-0.00019986474494744697
2026-07-06,cyclical_defensive,-0.03522147810436038,0.5238095238095238,-0.0017322231213901093,0.6666666666666666,0.004990835958825595,0.23809523809523808,-0.006347560751681731,0.0183083244366411,0.5396825396825397,0.00026965802017685887,0.7142857142857143,0.00364079505031766,0.38095238095238093,-0.0034484624465449146,0.04000662397042287,0.5634920634920635,0.0003082724286148061,0.7222222222222222,0.0031095609871478243,0.3333333333333333,-0.0030933766778132796
2026-07-07,growth_value,-0.071230529857503,0.2857142857142857,-0.0034434924729656036,0.5238095238095238,0.0023741708704955655,0.2857142857142857,-0.00530605052677189,-0.01921218216500009,0.4603174603174603,-0.0002695682595577329,0.6507936507936508,0.0030927037940040557,0.2222222222222222,-0.0050022544629879295,-0.12324963554740975,0.4365079365079365,-0.0010059978781981158,0.6507936507936508,0.0024311752907913843,0.30158730158730157,-0.0037325632762483948
2026-07-07,large_small,-0.023838105602305593,0.42857142857142855,-0.0011728991720039055,0.42857142857142855,-0.0020056046519253677,0.6666666666666666,0.001730360695778355,-0.03453063807959267,0.49206349206349204,-0.000595267325841745,0.38095238095238093,-0.0021134932923092984,0.6349206349206349,0.0012329530749278907,-0.08041042633139128,0.47619047619047616,-0.0007066439669040478,0.40476190476190477,-0.0021827858578575277,0.6428571428571429,0.0014554869337993312
2026-07-07,cap_equal,-0.0315792183028919,0.38095238095238093,-0.001500738547243847,0.6190476190476191,0.001943418473244746,0.23809523809523808,-0.0034116595115794963,0.023440415471030596,0.5079365079365079,0.00038005680800568166,0.6666666666666666,0.0022069216135399625,0.30158730158730157,-0.0024028691951329174,-0.019784230448565143,0.48412698412698413,-0.00014969058982132883,0.6349206349206349,0.001685496957698934,0.36507936507936506,-0.0016160647870468738
2026-07-07,small_value_large_growth,0.07305713733790453,0.7619047619047619,0.003287042081911075,0.5238095238095238,-0.001601803135863809,0.6190476190476191,0.002898344350700984,0.01805824751221019,0.5555555555555556,0.00026523147968565784,0.47619047619047616,-0.0011928209394281113,0.6031746031746031,0.0033321904424281957,0.1755851230714358,0.5555555555555556,0.0012747376643164063,0.47619047619047616,-0.00038419056697998,0.5476190476190477,0.0019061363095377387
2026-07-07,us_developed_ex_us,0.002341898317590907,0.47619047619047616,4.672017162569523e-05,0.5714285714285714,-0.0013476955881887708,0.6190476190476191,0.0034290119401999978,0.04316055076649783,0.5873015873015873,0.0006141274576602497,0.4603174603174603,-0.0016874985279836927,0.49206349206349204,0.001226098282738116,-0.019611983140235267,0.48412698412698413,-0.0002055287863900772,0.5,-0.0006150579865520059,0.49206349206349204,1.899522226614601e-05
2026-07-07,developed_em,0.013281009515822007,0.47619047619047616,0.0006274183881768253,0.47619047619047616,3.8830031305950175e-05,0.5714285714285714,0.00043399315622347885,0.001075056193025059,0.47619047619047616,1.8648814990990335e-05,0.47619047619047616,0.0002934578435934504,0.5714285714285714,0.00041541758498306986,0.050842932641606664,0.5317460317460317,0.0003967347095539755,0.48412698412698413,0.0003991846236501231,0.4603174603174603,-0.00021929850800981416
2026-07-07,cyclical_defensive,-0.043932669705118,0.5238095238095238,-0.0021656429465915193,0.6666666666666666,0.004990835958825595,0.23809523809523808,-0.006656465008972079,0.002159076217664646,0.5238095238095238,1.4778145935869085e-05,0.7142857142857143,0.00364079505031766,0.36507936507936506,-0.00365294582106648,0.022899631452359515,0.5555555555555556,0.00017587467741238852,0.7222222222222222,0.0031095609871478243,0.3333333333333333,-0.003124974029534855
2026-07-08,growth_value,-0.044970011175986424,0.3333333333333333,-0.0021350755526508055,0.5238095238095238,0.0023741708704955655,0.3333333333333333,-0.004534363292889212,-0.005586046402890066,0.4603174603174603,-5.129403557158603e-05,0.6507936507936508,0.0030927037940040557,0.2222222222222222,-0.004783496235026843,-0.10417986863559081,0.4444444444444444,-0.0008351369503539304,0.6507936507936508,0.0024311752907913843,0.30158730158730157,-0.0036614465585101405
2026-07-08,large_small,-0.028094128707947807,0.42857142857142855,-0.0013680669770666112,0.42857142857142855,-0.0020056046519253677,0.6666666666666666,0.0017038526624745306,-0.027055670413586363,0.5079365079365079,-0.0004733780215433699,0.38095238095238093,-0.0021134932923092984,0.6349206349206349,0.001245177214688004,-0.06729757227760935,0.48412698412698413,-0.0005937759385491053,0.40476190476190477,-0.0021827858578575277,0.6428571428571429,0.0014097324563958527
2026-07-08,cap_equal,-0.011447930693800457,0.42857142857142855,-0.0005353691892676173,0.6190476190476191,0.001943418473244746,0.23809523809523808,-0.0030733658252730402,0.029700566388646932,0.5079365079365079,0.00047585564266555604,0.6666666666666666,0.0022069216135399625,0.31746031746031744,-0.002259180653223425,-0.008586925094802966,0.49206349206349204,-5.989613195456916e-05,0.6349206349206349,0.001685496957698934,0.36507936507936506,-0.0015862171112394287
2026-07-08,small_value_large_growth,0.04979092339616842,0.7142857142857143,0.0022554685465093656,0.5238095238095238,-0.001601803135863809,0.6190476190476191,0.0026982433533102486,0.00035847229236640743,0.5396825396825397,-1.2305787545781608e-05,0.47619047619047616,-0.0011928209394281113,0.6031746031746031,0.003141630594747778,0.14782385793200992,0.5476190476190477,0.0010849558033713504,0.47619047619047616,-0.00038419056697998,0.5476190476190477,0.0019009900989721753
2026-07-08,us_developed_ex_us,-0.0058208710891802795,0.47619047619047616,-0.0003269265220354068,0.5714285714285714,-0.0013476955881887708,0.6190476190476191,0.0031498719445787774,0.044635138223604764,0.5873015873015873,0.0006363471261806163,0.4603174603174603,-0.0016874985279836927,0.5079365079365079,0.0013090961466279054,-0.012871094853837306,0.49206349206349204,-0.00015091533479130416,0.5,-0.0006150579865520059,0.5,0.0001341400056335716
2026-07-08,developed_em,0.0013818245396739481,0.42857142857142855,6.644092682186887e-05,0.47619047619047616,3.8830031305950175e-05,0.5714285714285714,0.00016446970168924153,-0.00810062613420448,0.47619047619047616,-0.00012737959136844076,0.47619047619047616,0.0002934578435934504,0.5714285714285714,0.00030618142830671875,0.033735365429202746,0.5238095238095238,0.00026613955228998125,0.48412698412698413,0.0003991846236501231,0.4603174603174603,-0.0002845030637988889
2026-07-08,cyclical_defensive,-0.023010128951021502,0.5238095238095238,-0.0011350858567203033,0.6666666666666666,0.004990835958825595,0.19047619047619047,-0.007194975916935757,-0.0030836565323338894,0.5079365079365079,-6.793592691664526e-05,0.7142857142857143,0.00364079505031766,0.36507936507936506,-0.0036628609280449395,-0.003505960167026978,0.5476190476190477,-3.2526491057891324e-05,0.7222222222222222,0.0031095609871478243,0.3333333333333333,-0.0031442575363804168
2026-07-09,growth_value,-0.03665654500660398,0.38095238095238093,-0.0017191426896456966,0.5714285714285714,0.002887783070562282,0.3333333333333333,-0.004534363292889212,0.0003159619191674956,0.4603174603174603,4.304085483938571e-05,0.6666666666666666,0.0032578820308588855,0.2222222222222222,-0.004783496235026843,-0.09342570314738285,0.4523809523809524,-0.000739679232041958,0.6507936507936508,0.002465765995735197,0.30158730158730157,-0.0036614465585101405
2026-07-09,large_small,-0.026600164387934,0.42857142857142855,-0.0012955617622158863,0.42857142857142855,-0.002125259795092186,0.6666666666666666,0.0017038526624745306,-0.027363399755266693,0.5079365079365079,-0.0004772935961050669,0.38095238095238093,-0.0020898656218392435,0.6349206349206349,0.001245177214688004,-0.06518283404049452,0.48412698412698413,-0.0005756507541989977,0.3968253968253968,-0.002255478694017502,0.6428571428571429,0.0014097324563958527
2026-07-09,cap_equal,-0.012434829586389529,0.42857142857142855,-0.0005822208702100717,0.6190476190476191,0.0019206776410947252,0.23809523809523808,-0.0030733658252730402,0.029711402577745405,0.5079365079365079,0.00047540053526519784,0.6825396825396826,0.0022711271094282195,0.31746031746031744,-0.002259180653223425,-0.00023090660666502671,0.5,7.283974646054244e-06,0.6349206349206349,0.0016565073924318808,0.36507936507936506,-0.0015862171112394287
2026-07-09,small_value_large_growth,0.03918110715623113,0.6666666666666666,0.001768191621575969,0.5238095238095238,-0.001701058536568471,0.6190476190476191,0.0026982433533102486,-0.0033632128654514926,0.5396825396825397,-7.203490268932929e-05,0.4603174603174603,-0.0013819119982531646,0.6031746031746031,0.003141630594747778,0.13168885282096388,0.5396825396825397,0.0009714888995821037,0.47619047619047616,-0.00036556173608729884,0.5476190476190477,0.0019009900989721753
2026-07-09,us_developed_ex_us,0.004224988482105063,0.5238095238095238,0.00015503195678889803,0.5714285714285714,-0.0013043874280642316,0.6190476190476191,0.0031498719445787774,0.06479444286798963,0.6031746031746031,0.000948640856635688,0.4603174603174603,-0.0016644298154289596,0.5079365079365079,0.0013090961466279054,-0.013739901393040155,0.49206349206349204,-0.00015788550150682155,0.5,-0.0006029977477335543,0.5,0.0001341400056335716
2026-07-09,developed_em,-0.003247845558706275,0.42857142857142855,-0.00015590996867743097,0.47619047619047616,-6.593972777985389e-05,0.5714285714285714,0.00016446970168924153,-0.0054778779816057055,0.49206349206349204,-8.373261448564529e-05,0.49206349206349204,0.00034719188934509296,0.5714285714285714,0.00030618142830671875,0.036406137034243,0.5317460317460317,0.00028670531405104266,0.48412698412698413,0.00035377768657263517,0.4603174603174603,-0.0002845030637988889
2026-07-09,cyclical_defensive,-0.020478824171689336,0.5238095238095238,-0.0010110085811916743,0.6666666666666666,0.00500372047681381,0.19047619047619047,-0.007194975916935757,0.005594558135328054,0.5079365079365079,6.905151305352207e-05,0.7142857142857143,0.003791055833014583,0.36507936507936506,-0.0036628609280449395,0.011455136920849762,0.5555555555555556,8.585534401651497e-05,0.7222222222222222,0.003170189117101581,0.3333333333333333,-0.0031442575363804168
2026-07-10,growth_value,-0.022082493908342382,0.42857142857142855,-0.0010046678617219094,0.5714285714285714,0.0027768951830443485,0.3333333333333333,-0.004534363292889212,0.0045627784924386905,0.47619047619047616,0.00011054681150838844,0.6825396825396826,0.0034162869153695342,0.2222222222222222,-0.004783496235026843,-0.10197259222076793,0.4523809523809524,-0.000814367119319157,0.6507936507936508,0.0024872769796586334,0.30158730158730157,-0.0036614465585101405
2026-07-10,large_small,-0.013465161089284527,0.47619047619047616,-0.0006572846751592314,0.42857142857142855,-0.0019618188109054974,0.6666666666666666,0.0017038526624745306,-0.019063011574395716,0.5238095238095238,-0.00034238982025723715,0.3968253968253968,-0.001835183104308919,0.6349206349206349,0.001245177214688004,-0.05696449390154379,0.49206349206349204,-0.0005062205261903813,0.40476190476190477,-0.002048067196777687,0.6428571428571429,0.0014097324563958527
2026-07-10,cap_equal,-0.0014295866369316013,0.47619047619047616,-5.322394959795225e-05,0.6190476190476191,0.0014731237354488865,0.23809523809523808,-0.0030733658252730402,0.025000218044468614,0.5079365079365079,0.00040238655538103014,0.6984126984126984,0.0023656333215186127,0.31746031746031744,-0.002259180653223425,-0.007693406195820707,0.5,-5.169831397089199e-05,0.6428571428571429,0.001677330147653035,0.36507936507936506,-0.0015862171112394287
2026-07-10,small_value_large_growth,0.023401356541570495,0.6190476190476191,0.0010400178918123,0.5238095238095238,-0.0013886625466978044,0.6190476190476191,0.0026982433533102486,-0.008245927296104516,0.5238095238095238,-0.0001503322914282069,0.4444444444444444,-0.001696637637718054,0.6031746031746031,0.003141630594747778,0.13486197039933234,0.5396825396825397,0.0009936004031609051,0.46825396825396826,-0.0005490271007784887,0.5476190476190477,0.0019009900989721753
2026-07-10,us_developed_ex_us,0.005807383475830763,0.5238095238095238,0.00022983890667413597,0.5714285714285714,-0.0011233094259886739,0.6190476190476191,0.0031498719445787774,0.05466765574384458,0.5873015873015873,0.0007968470829284921,0.4444444444444444,-0.001675070583106451,0.5079365079365079,0.0013090961466279054,-0.014718456790006273,0.48412698412698413,-0.00016575387438392018,0.49206349206349204,-0.0006134859599409548,0.5,0.0001341400056335716
2026-07-10,developed_em,-0.003935925779847249,0.42857142857142855,-0.00018944580124712922,0.42857142857142855,-0.0002192588828040679,0.5714285714285714,0.00016446970168924153,-0.005582865628594003,0.49206349206349204,-8.577574050766622e-05,0.47619047619047616,0.0002789520935395675,0.5714285714285714,0.00030618142830671875,0.031128441491405034,0.5238095238095238,0.00024614550619014104,0.48412698412698413,0.0003312397840156028,0.4603174603174603,-0.0002845030637988889
2026-07-10,cyclical_defensive,-0.011244118847865359,0.5714285714285714,-0.0005609130659679504,0.7142857142857143,0.0052104392002386,0.19047619047619047,-0.007194975916935757,0.009557950197339071,0.5238095238095238,0.0001317506875281168,0.7142857142857143,0.0036652973247903904,0.36507936507936506,-0.0036628609280449395,0.018306061281139208,0.5634920634920635,0.00013917448298284916,0.7222222222222222,0.0031465949060788478,0.3333333333333333,-0.0031442575363804168
2026-07-13,growth_value,-0.03710129340661816,0.42857142857142855,-0.001738327573930353,0.5714285714285714,0.0027768951830443485,0.2857142857142857,-0.0057601634703054695,-0.025776086867189907,0.4603174603174603,-0.0003731534402250944,0.6825396825396826,0.0034162869153695342,0.2222222222222222,-0.005087529011528616,-0.1076461992757427,0.4523809523809524,-0.0008632113052647513,0.6507936507936508,0.0024872769796586334,0.30158730158730157,-0.0037759590243365425
2026-07-13,large_small,-0.007244413751972711,0.5238095238095238,-0.00036162468507558047,0.42857142857142855,-0.0019618188109054974,0.6666666666666666,0.001692961592286464,-0.019070851224533225,0.5238095238095238,-0.00034260960328274994,0.3968253968253968,-0.001835183104308919,0.6349206349206349,0.0012201164360538415,-0.04565191703109739,0.5,-0.00041117392899819155,0.40476190476190477,-0.002048067196777687,0.6507936507936508,0.0014368498857236798
2026-07-13,cap_equal,-0.005679401405306761,0.47619047619047616,-0.0002570161973839043,0.6190476190476191,0.0014731237354488865,0.19047619047619047,-0.003524986608423412,0.010808392030880798,0.49206349206349204,0.0001819571216883382,0.6984126984126984,0.0023656333215186127,0.31746031746031744,-0.0023451608171899626,-0.006423005035576912,0.5,-4.102074067837321e-05,0.6428571428571429,0.001677330147653035,0.36507936507936506,-0.0016219542527050716
2026-07-13,small_value_large_growth,0.02851935879313139,0.6190476190476191,0.0012768051811356779,0.5238095238095238,-0.0013886625466978044,0.6666666666666666,0.0038544471547304576,0.01439214427660529,0.5396825396825397,0.00020502502828350052,0.4444444444444444,-0.001696637637718054,0.6031746031746031,0.003423426321233664,0.1309954807355127,0.5396825396825397,0.000964509704285596,0.46825396825396826,-0.0005490271007784887,0.5476190476190477,0.0019914270807229783
2026-07-13,us_developed_ex_us,0.01630584367767507,0.5714285714285714,0.0007179951452491094,0.5714285714285714,-0.0011233094259886739,0.6190476190476191,0.0032174174284505027,0.06915329248516833,0.6031746031746031,0.0010115033210943796,0.4444444444444444,-0.001675070583106451,0.5238095238095238,0.0014972490628001147,-0.004504289620415158,0.49206349206349204,-8.486042069071649e-05,0.49206349206349204,-0.0006134859599409548,0.5079365079365079,0.00028367931887944895
2026-07-13,developed_em,-0.0005940423319974464,0.47619047619047616,-3.233261879314899e-05,0.42857142857142855,-0.0002192588828040679,0.6190476190476191,0.0005654223244761477,-0.0018682196583994504,0.5079365079365079,-2.6716807659536072e-05,0.47619047619047616,0.0002789520935395675,0.5714285714285714,0.0002249719844096858,0.032372943574772384,0.5317460317460317,0.00025556965639266996,0.48412698412698413,0.0003312397840156028,0.46825396825396826,-0.00027039376081871067
2026-07-13,cyclical_defensive,0.0011376577161801293,0.5714285714285714,2.6958691717018095e-05,0.7142857142857143,0.0052104392002386,0.19047619047619047,-0.007276664584926187,-0.0007263964122141697,0.5079365079365079,-3.019914279705482e-05,0.7142857142857143,0.0036652973247903904,0.36507936507936506,-0.0036543353058161106,0.005260583536525809,0.5555555555555556,3.5911805602246075e-05,0.7222222222222222,0.0031465949060788478,0.3333333333333333,-0.003107394158612729
2026-07-14,growth_value,-0.015693468690732515,0.47619047619047616,-0.0006845988913940768,0.5714285714285714,0.003151711916196078,0.2857142857142857,-0.0057601634703054695,-0.01293124978293847,0.4603174603174603,-0.0001649559494405519,0.6825396825396826,0.003630322431851017,0.2222222222222222,-0.005087529011528616,-0.09049634749985958,0.4603174603174603,-0.0007114859215010758,0.6587301587301587,0.002720060270976263,0.30158730158730157,-0.0037759590243365425
2026-07-14,large_small,0.005209065536237123,0.5714285714285714,0.00024576325474890917,0.42857142857142855,-0.002038760293956327,0.6666666666666666,0.001692961592286464,-0.015507272587400034,0.5396825396825397,-0.00028433359028335475,0.4126984126984127,-0.0017985737744543014,0.6349206349206349,0.0012201164360538415,-0.04437595637734937,0.5079365079365079,-0.0004004982241895527,0.4126984126984127,-0.0019239618384692151,0.6507936507936508,0.0014368498857236798
2026-07-14,cap_equal,0.00011300275520231828,0.47619047619047616,1.8492909860530416e-05,0.6190476190476191,0.0016133199755520617,0.19047619047619047,-0.003524986608423412,0.01942850350832792,0.5079365079365079,0.00031695681959687677,0.6984126984126984,0.002417573673490994,0.31746031746031744,-0.0023451608171899626,-5.7509344095652004e-05,0.5,9.62094701378604e-06,0.6507936507936508,0.0018205546159309877,0.36507936507936506,-0.0016219542527050716
2026-07-14,small_value_large_growth,0.006590333879271215,0.5714285714285714,0.0002394744537292408,0.5238095238095238,-0.0016331112290533284,0.6666666666666666,0.0038544471547304576,0.006254569188719028,0.5396825396825397,7.679595241042289e-05,0.4444444444444444,-0.0019131833395393146,0.6031746031746031,0.003423426321233664,0.11511143201612772,0.5396825396825397,0.0008515475321040215,0.4603174603174603,-0.0008462960099325595,0.5476190476190477,0.0019914270807229783
2026-07-14,us_developed_ex_us,0.026633077189071486,0.5714285714285714,0.0012198352285370067,0.5238095238095238,-0.001917408506279792,0.6190476190476191,0.0032174174284505027,0.05631949862618857,0.5873015873015873,0.000818244784266669,0.4444444444444444,-0.0018053000672997557,0.5238095238095238,0.0014972490628001147,-0.010144137905140793,0.49206349206349204,-0.00013030575056191673,0.48412698412698413,-0.000681175028587637,0.5079365079365079,0.00028367931887944895
2026-07-14,developed_em,-0.005590279758118877,0.47619047619047616,-0.00028543082173582146,0.47619047619047616,0.000182322491020274,0.6190476190476191,0.0005654223244761477,0.0058295873926947905,0.5238095238095238,9.6251789867225e-05,0.49206349206349204,0.00043079863464709267,0.5714285714285714,0.0002249719844096858,0.03240478505889488,0.5317460317460317,0.00025597182514380194,0.49206349206349204,0.00044087677407995013,0.46825396825396826,-0.00027039376081871067
2026-07-14,cyclical_defensive,0.00046308652638926695,0.5714285714285714,-1.3745961987226843e-05,0.7619047619047619,0.005824762654553033,0.19047619047619047,-0.007276664584926187,-0.002249824757890262,0.5079365079365079,-5.568020058927199e-05,0.7142857142857143,0.0037507636775973227,0.36507936507936506,-0.0036543353058161106,0.016073281064640454,0.5555555555555556,0.00012021976016842846,0.7222222222222222,0.0032087461441574687,0.3333333333333333,-0.003107394158612729
2026-07-15,growth_value,-0.007218426961020041,0.47619047619047616,-0.00027420883864306836,0.5238095238095238,0.0029233022534547394,0.2857142857142857,-0.0057601634703054695,-0.02671857416659651,0.4444444444444444,-0.00039065049995929123,0.6666666666666666,0.0034502491766807268,0.2222222222222222,-0.005087529011528616,-0.09276532304744711,0.4523809523809524,-0.0007313508337032697,0.6507936507936508,0.0026806580296242473,0.30158730158730157,-0.0037759590243365425
2026-07-15,large_small,0.007579509645832427,0.5714285714285714,0.0003588930479600067,0.42857142857142855,-0.0014021146515364009,0.6666666666666666,0.001692961592286464,-0.014298740975496549,0.5396825396825397,-0.0002644457457860452,0.3968253968253968,-0.002111290267410593,0.6349206349206349,0.0012201164360538415,-0.04243510597317113,0.5079365079365079,-0.00038434731150748034,0.40476190476190477,-0.0020303002883271565,0.6507936507936508,0.0014368498857236798
2026-07-15,cap_equal,0.009993666127950718,0.5238095238095238,0.0004881393357247904,0.6666666666666666,0.0019430619048517595,0.19047619047619047,-0.003524986608423412,0.017657798794715296,0.5079365079365079,0.00028841529569476184,0.6984126984126984,0.0024396702836382237,0.31746031746031744,-0.0023451608171899626,0.005506084186304827,0.5,5.369219561317582e-05,0.6507936507936508,0.0018174925887070917,0.36507936507936506,-0.0016219542527050716
2026-07-15,small_value_large_growth,0.00011852577431903377,0.5714285714285714,-6.968525130548886e-05,0.5238095238095238,-0.0018149319989498498,0.6666666666666666,0.0038544471547304576,0.023025481623703437,0.5555555555555556,0.00034181332797463633,0.4603174603174603,-0.0014888437786025465,0.6031746031746031,0.003423426321233664,0.12015661601041994,0.5396825396825397,0.0008875701357185966,0.46825396825396826,-0.0007112051576072126,0.5476190476190477,0.0019914270807229783
2026-07-15,us_developed_ex_us,0.024580833101611965,0.5714285714285714,0.001124102971815189,0.5714285714285714,-0.0016151667573632844,0.6190476190476191,0.0032174174284505027,0.054751192617917166,0.5873015873015873,0.0007943711302838244,0.4603174603174603,-0.0016844436146103382,0.5238095238095238,0.0014972490628001147,-0.00571451316934013,0.5,-9.473082270103483e-05,0.48412698412698413,-0.0006807401102421159,0.5079365079365079,0.00028367931887944895
2026-07-15,developed_em,-0.005004329225059445,0.47619047619047616,-0.0002571312786930479,0.42857142857142855,-0.00016858097985997112,0.6190476190476191,0.0005654223244761477,0.006169460599358745,0.5238095238095238,0.00010208480905528889,0.47619047619047616,0.0003325482007686552,0.5714285714285714,0.0002249719844096858,0.03834157236943447,0.5317460317460317,0.0003021380207446576,0.48412698412698413,0.0003365099612625385,0.46825396825396826,-0.00027039376081871067
2026-07-15,cyclical_defensive,-9.050967595158887e-05,0.5714285714285714,-4.192256556687116e-05,0.7619047619047619,0.005588313909342434,0.19047619047619047,-0.007276664584926187,0.003000281949358641,0.5238095238095238,2.757660363194728e-05,0.7301587301587301,0.0038163880054480456,0.36507936507936506,-0.0036543353058161106,0.024977601931101212,0.5634920634920635,0.0001895123348237112,0.7222222222222222,0.003237448469479489,0.3333333333333333,-0.003107394158612729
2026-07-16,growth_value,-0.047600769648179386,0.42857142857142855,-0.002255150034135752,0.5238095238095238,0.0029233022534547394,0.23809523809523808,-0.007713319480781218,-0.07365204828330318,0.42857142857142855,-0.001175266855190573,0.6666666666666666,0.0034502491766807268,0.2222222222222222,-0.005507767157894501,-0.11619733502708263,0.4523809523809524,-0.0009378763104351967,0.6507936507936508,0.0026806580296242473,0.29365079365079366,-0.004027780345207103
2026-07-16,large_small,-0.005223361726802045,0.5238095238095238,-0.0002549816645184383,0.42857142857142855,-0.0014021146515364009,0.6190476190476191,0.000942297768440168,-0.023351267258868935,0.5238095238095238,-0.0004111812853624139,0.3968253968253968,-0.002111290267410593,0.6190476190476191,0.0010646675756370097,-0.04474097380235775,0.5079365079365079,-0.0004034191758835001,0.40476190476190477,-0.0020303002883271565,0.6428571428571429,0.001369292508776217
2026-07-16,cap_equal,-0.016797960497644482,0.47619047619047616,-0.0008001780841093339,0.6666666666666666,0.0019430619048517595,0.14285714285714285,-0.004408848538567696,-0.005191371781452125,0.49206349206349204,-7.305488365120785e-05,0.6984126984126984,0.0024396702836382237,0.30158730158730157,-0.0025929851531952784,-0.007677138647489978,0.5,-5.133041111255868e-05,0.6507936507936508,0.0018174925887070917,0.35714285714285715,-0.0017644140880510644
2026-07-16,small_value_large_growth,0.05855942500421518,0.6190476190476191,0.0026426321079849246,0.5238095238095238,-0.0018149319989498498,0.7142857142857143,0.006105450296130759,0.07672536271261432,0.5714285714285714,0.0011548026507967786,0.4603174603174603,-0.0014888437786025465,0.6190476190476191,0.003992549422561259,0.1520750599996339,0.5396825396825397,0.0011097653080882372,0.46825396825396826,-0.0007112051576072126,0.5555555555555556,0.0023067578509741666
2026-07-16,us_developed_ex_us,0.02584702920119364,0.5714285714285714,0.0011770911312268288,0.5714285714285714,-0.0016151667573632844,0.6190476190476191,0.002925468154501295,0.05051187530058532,0.5873015873015873,0.0007292535399588134,0.4603174603174603,-0.0016844436146103382,0.5396825396825397,0.0016389347906545764,-0.0030089590777706565,0.5,-7.345798463420385e-05,0.48412698412698413,-0.0006807401102421159,0.5079365079365079,0.00030711398348866347
2026-07-16,developed_em,0.004352659145369309,0.47619047619047616,0.00019655447963945737,0.42857142857142855,-0.00016858097985997112,0.6190476190476191,0.0009296423070769647,0.010462647881154252,0.5238095238095238,0.00016970623573287112,0.47619047619047616,0.0003325482007686552,0.5714285714285714,0.0002602013705295731,0.037595895569130455,0.5238095238095238,0.00029648560920110203,0.48412698412698413,0.0003365099612625385,0.46825396825396826,-0.00024931339919738384
2026-07-16,cyclical_defensive,-0.016692075495869152,0.5238095238095238,-0.0008467360857182536,0.7619047619047619,0.005588313909342434,0.19047619047619047,-0.007697856470530825,-0.016739096562915723,0.5079365079365079,-0.00029004009924910214,0.7301587301587301,0.0038163880054480456,0.36507936507936506,-0.003868369181112275,0.01530764829455511,0.5634920634920635,0.00011310115583385339,0.7222222222222222,0.003237448469479489,0.3333333333333333,-0.0032109332153437277
2026-07-17,growth_value,-0.05196798931239155,0.42857142857142855,-0.0024706801740426005,0.5238095238095238,0.0029233022534547394,0.19047619047619047,-0.008175121781961845,-0.0791614840596504,0.42857142857142855,-0.0012682773982423212,0.6666666666666666,0.0034502491766807268,0.2222222222222222,-0.005653489071384225,-0.11059064194917956,0.4523809523809524,-0.0008874276334528816,0.6507936507936508,0.0026806580296242473,0.29365079365079366,-0.004089661286193598
2026-07-17,large_small,-0.012782821306189462,0.47619047619047616,-0.0006154657283858677,0.42857142857142855,-0.0014021146515364009,0.5714285714285714,0.00033085665117531845,-0.028525998493576732,0.5079365079365079,-0.0004949068595823061,0.3968253968253968,-0.002111290267410593,0.6031746031746031,0.0009828225582515576,-0.03833173232311826,0.5079365079365079,-0.0003499320297721273,0.40476190476190477,-0.0020303002883271565,0.6349206349206349,0.0012946912333887293
2026-07-17,cap_equal,-0.01622617864125142,0.47619047619047616,-0.0007722076635604166,0.6666666666666666,0.0019430619048517595,0.14285714285714285,-0.004475824345285865,-0.005157203092151286,0.49206349206349204,-7.210339279818171e-05,0.6984126984126984,0.0024396702836382237,0.2857142857142857,-0.002643300371254964,-0.0002963062600646049,0.5,7.613045256780475e-06,0.6507936507936508,0.0018174925887070917,0.35714285714285715,-0.0017748673768851343
2026-07-17,small_value_large_growth,0.06259918892267957,0.6190476190476191,0.002821170427058909,0.5238095238095238,-0.0018149319989498498,0.7619047619047619,0.006715870361031289,0.08313809048372,0.5714285714285714,0.0012477706271074144,0.4603174603174603,-0.0014888437786025465,0.6349206349206349,0.004104291913898057,0.13526840851697997,0.5396825396825397,0.0009926998178332595,0.46825396825396826,-0.0007112051576072126,0.5634920634920635,0.0024021627328073628
2026-07-17,us_developed_ex_us,0.025735214011098906,0.5714285714285714,0.001172812705884012,0.5714285714285714,-0.0016151667573632844,0.5714285714285714,0.002229596583920518,0.041868431247067184,0.5714285714285714,0.0005986439112361034,0.4603174603174603,-0.0016844436146103382,0.5396825396825397,0.0016011420905149066,0.0007423604796423788,0.5,-4.333928757136469e-05,0.48412698412698413,-0.0006807401102421159,0.5079365079365079,0.0002846307318122907
2026-07-17,developed_em,0.006509818417284485,0.47619047619047616,0.00029527023054622326,0.42857142857142855,-0.00016858097985997112,0.6190476190476191,0.0012975507587645134,0.026247705079433636,0.5396825396825397,0.00041363520912692073,0.47619047619047616,0.0003325482007686552,0.5873015873015873,0.0005213117513257904,0.047782438340183475,0.5238095238095238,0.00037287794827404027,0.48412698412698413,0.0003365099612625385,0.46825396825396826,-0.00025363842464094457
2026-07-17,cyclical_defensive,-0.016801315703051878,0.5238095238095238,-0.0008525586504573665,0.7619047619047619,0.005588313909342434,0.23809523809523808,-0.007103855478412772,-0.01618293915469038,0.5079365079365079,-0.0002811839072487883,0.7301587301587301,0.0038163880054480456,0.38095238095238093,-0.0038255011542144934,0.02465249626610566,0.5714285714285714,0.00018610807199003203,0.7222222222222222,0.003237448469479489,0.3412698412698413,-0.0031275588499593016
2026-07-20,growth_value,-0.0436937382810616,0.47619047619047616,-0.0020594379949275135,0.5238095238095238,0.0029233022534547394,0.19047619047619047,-0.00796428657131375,-0.07946720138563246,0.42857142857142855,-0.0012747701232937896,0.6666666666666666,0.0034502491766807268,0.2222222222222222,-0.005776464944625335,-0.1034712810445263,0.4603174603174603,-0.000824164569640744,0.6507936507936508,0.0026806580296242473,0.29365079365079366,-0.004104857384689716
2026-07-20,large_small,-0.0035764839923071445,0.5238095238095238,-0.00017665202129877428,0.42857142857142855,-0.0014021146515364009,0.5714285714285714,-2.2962460899918147e-05,-0.015306585761076796,0.5238095238095238,-0.00027812596976965997,0.3968253968253968,-0.002111290267410593,0.6190476190476191,0.0010631571494513223,-0.02843534276487847,0.5158730158730159,-0.00026852485504534157,0.40476190476190477,-0.0020303002883271565,0.6349206349206349,0.0013065381184126077
2026-07-20,cap_equal,-0.01591943776067295,0.47619047619047616,-0.0007561152754073255,0.6666666666666666,0.0019430619048517595,0.19047619047619047,-0.004258874267853293,-0.0018539151950722754,0.5079365079365079,-1.953124485982057e-05,0.6984126984126984,0.0024396702836382237,0.2857142857142857,-0.0027251544601274913,0.004259244435131482,0.5079365079365079,4.367647346745262e-05,0.6507936507936508,0.0018174925887070917,0.35714285714285715,-0.0017680441059595624
2026-07-20,small_value_large_growth,0.05193261898863999,0.5714285714285714,0.0023434106657121236,0.5238095238095238,-0.0018149319989498498,0.7619047619047619,0.006695288002297371,0.06936637330574436,0.5555555555555556,0.0010434902073772217,0.4603174603174603,-0.0014888437786025465,0.6349206349206349,0.004079866431631279,0.11792421075852388,0.5317460317460317,0.0008703693037727165,0.46825396825396826,-0.0007112051576072126,0.5634920634920635,0.00240277282695483
2026-07-20,us_developed_ex_us,0.03893190203511976,0.6190476190476191,0.0017773148873584759,0.5714285714285714,-0.0016151667573632844,0.5714285714285714,0.0020572648343257943,0.04838793464735969,0.5873015873015873,0.0006976697296240609,0.4603174603174603,-0.0016844436146103382,0.5396825396825397,0.0016649278079126683,0.003754008072076598,0.5,-1.968504449619894e-05,0.48412698412698413,-0.0006807401102421159,0.5158730158730159,0.0003637640594180508
2026-07-20,developed_em,-0.0032271130038464824,0.42857142857142855,-0.00016626561236845894,0.42857142857142855,-0.00016858097985997112,0.5714285714285714,0.0006940083626619057,0.01984338220317894,0.5396825396825397,0.0003151230262576187,0.47619047619047616,0.0003325482007686552,0.5714285714285714,0.00035683920495255614,0.042471527969403455,0.5238095238095238,0.00033279680722212714,0.48412698412698413,0.0003365099612625385,0.46825396825396826,-0.0002821158248994643
2026-07-20,cyclical_defensive,-0.01993762056800652,0.5238095238095238,-0.001001722959272227,0.7619047619047619,0.005588313909342434,0.23809523809523808,-0.007194420443007564,-0.011353408212996241,0.5238095238095238,-0.00020335673260526134,0.7301587301587301,0.0038163880054480456,0.3968253968253968,-0.0037275795327303394,0.026458949180734992,0.5714285714285714,0.00019998743395941736,0.7222222222222222,0.003237448469479489,0.3412698412698413,-0.0031334865660826
2026-07-21,growth_value,-0.03603542091489598,0.47619047619047616,-0.0016766978998151874,0.5714285714285714,0.0037477871485527177,0.19047619047619047,-0.00796428657131375,-0.06307007683437593,0.4444444444444444,-0.0009927402633722903,0.6666666666666666,0.0036133108706943016,0.2222222222222222,-0.005776464944625335,-0.09197636293608336,0.4603174603174603,-0.0007221122859205902,0.6587301587301587,0.0027995580403674045,0.29365079365079366,-0.004104857384689716
2026-07-21,large_small,-0.0007142169571777712,0.5238095238095238,-3.691483511664944e-05,0.42857142857142855,-0.0013480209354480525,0.5714285714285714,-2.2962460899918147e-05,-0.014666673245623763,0.5238095238095238,-0.0002686511560210909,0.38095238095238093,-0.00232714137644121,0.6190476190476191,0.0010631571494513223,-0.032680779151296524,0.5158730158730159,-0.00030382220019002274,0.40476190476190477,-0.0018933356241445725,0.6349206349206349,0.0013065381184126077
2026-07-21,cap_equal,-0.014940009214024386,0.47619047619047616,-0.0007092030845418149,0.7142857142857143,0.0023752045832883158,0.19047619047619047,-0.004258874267853293,0.010049056820422342,0.5238095238095238,0.00016921166265860768,0.6984126984126984,0.002503591148876359,0.2857142857142857,-0.0027251544601274913,0.009279776906925052,0.5079365079365079,8.354172612165401e-05,0.6587301587301587,0.0019036831674772825,0.35714285714285715,-0.0017680441059595624
2026-07-21,small_value_large_growth,0.0436078392859649,0.5238095238095238,0.0019602256690006386,0.47619047619047616,-0.0023669645523265977,0.7619047619047619,0.006695288002297371,0.053231049632916916,0.5396825396825397,0.000800802213390693,0.4603174603174603,-0.0014313178619785236,0.6349206349206349,0.004079866431631279,0.1114099928433514,0.5317460317460317,0.0008233777237768813,0.4603174603174603,-0.0009792214709826075,0.5634920634920635,0.00240277282695483
2026-07-21,us_developed_ex_us,0.02756017229020924,0.5714285714285714,0.0012464976526254958,0.5714285714285714,-0.001837318455090561,0.5714285714285714,0.0020572648343257943,0.03540824195820935,0.5714285714285714,0.0004981526605166655,0.4603174603174603,-0.0018261867041846872,0.5396825396825397,0.0016649278079126683,-0.0019526060531960265,0.5,-6.586283268794888e-05,0.47619047619047616,-0.0007624447246718919,0.5158730158730159,0.0003637640594180508
2026-07-21,developed_em,0.006178198246006517,0.47619047619047616,0.000287261292529037,0.42857142857142855,-0.0003881671631279081,0.5714285714285714,0.0006940083626619057,0.021447229769293807,0.5396825396825397,0.0003405762523156039,0.47619047619047616,0.00033437529232422617,0.5714285714285714,0.00035683920495255614,0.035206177158288554,0.5238095238095238,0.0002776516953261516,0.49206349206349204,0.0003619285278849693,0.46825396825396826,-0.0002821158248994643
2026-07-21,cyclical_defensive,-0.015933785908568643,0.5238095238095238,-0.0008072652391903255,0.8095238095238095,0.00592437905679394,0.23809523809523808,-0.007194420443007564,-0.014792999151222896,0.5238095238095238,-0.000258296968282029,0.746031746031746,0.0039340924441286715,0.3968253968253968,-0.0037275795327303394,0.025665901800421942,0.5714285714285714,0.0001940095316886509,0.7222222222222222,0.0031468510390336426,0.3412698412698413,-0.0031334865660826
2026-07-22,growth_value,-0.02290758795152048,0.47619047619047616,-0.001034796254052683,0.5714285714285714,0.0037477871485527177,0.19047619047619047,-0.007936718256854396,-0.06553954946754115,0.4444444444444444,-0.0010346571352727917,0.6666666666666666,0.0036133108706943016,0.2222222222222222,-0.005580545312604317,-0.08475358290945412,0.4603174603174603,-0.0006609999013891449,0.6587301587301587,0.0027995580403674045,0.29365079365079366,-0.0041006695128754465
2026-07-22,large_small,0.019332130600883124,0.5714285714285714,0.0009084256533049826,0.42857142857142855,-0.0013480209354480525,0.5714285714285714,6.831335333463906e-05,-0.01063575014997964,0.5238095238095238,-0.00020404078867115101,0.38095238095238093,-0.00232714137644121,0.6349206349206349,0.0013570479215195214,-0.017191103945621844,0.5238095238095238,-0.00017913512227196816,0.40476190476190477,-0.0018933356241445725,0.6428571428571429,0.0014040129822587904
2026-07-22,cap_equal,-0.01052950220645188,0.47619047619047616,-0.0004965604444089386,0.7142857142857143,0.0023752045832883158,0.19047619047619047,-0.003974362488663653,0.009579131547765352,0.5238095238095238,0.000161793261548706,0.6984126984126984,0.002503591148876359,0.2857142857142857,-0.0026014391351357516,0.013986006882301227,0.5079365079365079,0.00011969362289661972,0.6587301587301587,0.0019036831674772825,0.35714285714285715,-0.001758123092762047
2026-07-22,small_value_large_growth,0.025700851868018848,0.47619047619047616,0.001138735181997263,0.47619047619047616,-0.0023669645523265977,0.7142857142857143,0.006543673222423631,0.05632679361469717,0.5396825396825397,0.0008469285913100493,0.4603174603174603,-0.0014313178619785236,0.6190476190476191,0.0037255741745103104,0.09711302201726912,0.5238095238095238,0.0007225380443117378,0.4603174603174603,-0.0009792214709826075,0.5555555555555556,0.002356034940061017
2026-07-22,us_developed_ex_us,0.03007577468765632,0.5714285714285714,0.0013627761357952897,0.5714285714285714,-0.001837318455090561,0.5714285714285714,0.002322184104759722,0.017868317703189973,0.5555555555555556,0.00023043274232048197,0.4603174603174603,-0.0018261867041846872,0.5396825396825397,0.0016462076026775385,0.002661367619236188,0.5,-3.0096366298944177e-05,0.47619047619047616,-0.0007624447246718919,0.5158730158730159,0.00039288225214725284
2026-07-22,developed_em,0.013988339206481681,0.5238095238095238,0.0006568344657144699,0.42857142857142855,-0.0003881671631279081,0.5714285714285714,0.00047726377795359864,0.03277478434489889,0.5555555555555556,0.0005129712446283252,0.47619047619047616,0.00033437529232422617,0.5873015873015873,0.00037715738251467085,0.041781148051906136,0.5317460317460317,0.0003274524003439931,0.49206349206349204,0.0003619285278849693,0.47619047619047616,-0.00025324278342260114
2026-07-22,cyclical_defensive,-0.01837683589112271,0.5238095238095238,-0.0009263914635074202,0.8095238095238095,0.00592437905679394,0.23809523809523808,-0.007254286393528227,-0.024903129298149307,0.5079365079365079,-0.0004214156688150271,0.746031746031746,0.0039340924441286715,0.38095238095238093,-0.003938915388797717,0.03601771384434649,0.5714285714285714,0.00027255472076535706,0.7222222222222222,0.0031468510390336426,0.3412698412698413,-0.0031362524843181667
2026-07-23,growth_value,-0.031211069084247423,0.47619047619047616,-0.0014364258150043236,0.5714285714285714,0.0037477871485527177,0.19047619047619047,-0.008395691420740274,-0.09047024038006712,0.42857142857142855,-0.0014631126950084231,0.6666666666666666,0.0036133108706943016,0.2222222222222222,-0.00576788788663349,-0.0916179623242388,0.4603174603174603,-0.000718780134198164,0.6587301587301587,0.0027995580403674045,0.29365079365079366,-0.004195276657973524
2026-07-23,large_small,0.017126163737521294,0.5714285714285714,0.0008056797139026681,0.42857142857142855,-0.0013480209354480525,0.5238095238095238,-0.00042146973734885894,-0.018945529944835005,0.5079365079365079,-0.0003374684360582305,0.38095238095238093,-0.00232714137644121,0.6349206349206349,0.0012881603455352267,-0.014995755844128045,0.5238095238095238,-0.00016001669585575753,0.40476190476190477,-0.0018933356241445725,0.6349206349206349,0.0013458840561313447
2026-07-23,cap_equal,-0.008116857250314413,0.47619047619047616,-0.00038203981914425577,0.7142857142857143,0.0023752045832883158,0.19047619047619047,-0.004347684783686851,-0.009691675641494757,0.5079365079365079,-0.00014381269709507456,0.6984126984126984,0.002503591148876359,0.2857142857142857,-0.002707515052013909,0.010506853909231229,0.5079365079365079,9.35724912864369e-05,0.6587301587301587,0.0019036831674772825,0.35714285714285715,-0.001826928723504825
2026-07-23,small_value_large_growth,0.02435863534409277,0.47619047619047616,0.0010745490656819876,0.47619047619047616,-0.0023669645523265977,0.7619047619047619,0.0071782546265546365,0.08269442415127637,0.5555555555555556,0.0012375534648030899,0.4603174603174603,-0.0014313178619785236,0.6190476190476191,0.0038577444958384733,0.0931584299561643,0.5238095238095238,0.0006904068983660294,0.4603174603174603,-0.0009792214709826075,0.5634920634920635,0.0024655184268668564
2026-07-23,us_developed_ex_us,0.011226743361751668,0.5238095238095238,0.0005022355546476469,0.5714285714285714,-0.001837318455090561,0.5238095238095238,0.002201421202077336,0.014658082035350573,0.5396825396825397,0.0001802459200431937,0.4603174603174603,-0.0018261867041846872,0.5238095238095238,0.0015701223355307488,0.0010563925968960497,0.49206349206349204,-4.273298400268744e-05,0.47619047619047616,-0.0007624447246718919,0.5158730158730159,0.00040259537080800984
2026-07-23,developed_em,0.016008350328360565,0.5238095238095238,0.0007505852437402972,0.42857142857142855,-0.0003881671631279081,0.5714285714285714,0.0004388464935930322,0.036721694865063714,0.5714285714285714,0.000573409223662177,0.47619047619047616,0.00033437529232422617,0.5873015873015873,0.0004038764586306543,0.04259934309058222,0.5317460317460317,0.000333398406649859,0.49206349206349204,0.0003619285278849693,0.48412698412698413,-0.00021001679620334118
2026-07-23,cyclical_defensive,-0.0077293281270949254,0.5238095238095238,-0.0004079350820134048,0.8095238095238095,0.00592437905679394,0.23809523809523808,-0.006905137687997952,-0.03434205342206931,0.49206349206349204,-0.0005753219408740696,0.746031746031746,0.0039340924441286715,0.38095238095238093,-0.004022855693091657,0.015566107017941366,0.5634920634920635,0.00011355928016458775,0.7222222222222222,0.0031468510390336426,0.3412698412698413,-0.0032113268855597453
2026-07-24,growth_value,-0.04555276499952754,0.47619047619047616,-0.0021468211576686266,0.5714285714285714,0.0031783382249738626,0.19047619047619047,-0.008395691420740274,-0.09039966172706726,0.42857142857142855,-0.0014629780164297492,0.6507936507936508,0.003245233652891483,0.2222222222222222,-0.00576788788663349,-0.11077701714384225,0.4523809523809524,-0.0008881946621806243,0.6507936507936508,0.0026384719977461425,0.29365079365079366,-0.004195276657973524
2026-07-24,large_small,0.025836096776512774,0.6190476190476191,0.0012119972449996731,0.47619047619047616,-0.0009286833113812424,0.5238095238095238,-0.00042146973734885894,-0.014401738130324637,0.5238095238095238,-0.00026425962027639674,0.38095238095238093,-0.002287307429549474,0.6349206349206349,0.0012881603455352267,-0.009200610407312793,0.5317460317460317,-0.0001133868115967723,0.4126984126984127,-0.0018309760778580234,0.6349206349206349,0.0013458840561313447
2026-07-24,cap_equal,-0.007292398869129357,0.47619047619047616,-0.00034268586721783586,0.7142857142857143,0.002300596636375903,0.19047619047619047,-0.004347684783686851,-0.012560925638834486,0.5079365079365079,-0.00019045908441526487,0.6825396825396826,0.0023081899379248307,0.2857142857142857,-0.002707515052013909,-0.0001949282623500137,0.5,8.73621160072849e-06,0.6507936507936508,0.0018222106604404717,0.35714285714285715,-0.001826928723504825
2026-07-24,small_value_large_growth,0.03033844739723146,0.47619047619047616,0.0013500532098510432,0.47619047619047616,-0.0020309730579571228,0.7619047619047619,0.0071782546265546365,0.08050993329931666,0.5555555555555556,0.0012062713589703873,0.47619047619047616,-0.0011959739902339796,0.6190476190476191,0.0038577444958384733,0.1068187271367751,0.5317460317460317,0.0007888136592377545,0.46825396825396826,-0.0008844031747661514,0.5634920634920635,0.0024655184268668564
2026-07-24,us_developed_ex_us,0.014274236810316587,0.5714285714285714,0.0006455635548142922,0.5714285714285714,-0.002151860324051849,0.5238095238095238,0.002201421202077336,0.01025725297396951,0.5396825396825397,0.00011185835436538443,0.47619047619047616,-0.001603597893478633,0.5238095238095238,0.0015701223355307488,0.0024682439732890415,0.5,-3.154674998081513e-05,0.47619047619047616,-0.0007854833037384131,0.5158730158730159,0.00040259537080800984
2026-07-24,developed_em,0.011967605028601946,0.5238095238095238,0.0005611837583151589,0.47619047619047616,0.00019202386176699786,0.5714285714285714,0.0004388464935930322,0.0361803715936484,0.5714285714285714,0.0005658073566393461,0.47619047619047616,0.0003389451825878854,0.5873015873015873,0.0004038764586306543,0.049519042042178496,0.5396825396825397,0.0003859247018542295,0.49206349206349204,0.00037544446324744383,0.48412698412698413,-0.00021001679620334118
2026-07-24,cyclical_defensive,0.0008350653678992348,0.5714285714285714,3.6810977218007704e-06,0.8571428571428571,0.006082401897521116,0.23809523809523808,-0.006905137687997952,-0.020360496775430725,0.5079365079365079,-0.00034536121646778676,0.746031746031746,0.003940496534781928,0.38095238095238093,-0.004022855693091657,0.010014104625838183,0.5634920634920635,7.011981779648355e-05,0.7222222222222222,0.0031272565937686624,0.3412698412698413,-0.0032113268855597453
2026-07-27,growth_value,-0.02938026110034897,0.47619047619047616,-0.001346517617385087,0.5714285714285714,0.0028276691186646056,0.19047619047619047,-0.008395691420740274,-0.11067525096230535,0.4126984126984127,-0.0018222344193335029,0.6507936507936508,0.003157717174989604,0.2222222222222222,-0.00576788788663349,-0.12921158815929978,0.4444444444444444,-0.001054493029607367,0.6507936507936508,0.002568141796410159,0.29365079365079366,-0.004195276657973524
2026-07-27,large_small,0.028289177080569328,0.6190476190476191,0.0013262227057262961,0.47619047619047616,-0.000612630227246764,0.5238095238095238,-0.00042146973734885894,-0.022536367143649594,0.5079365079365079,-0.0003963591782731251,0.38095238095238093,-0.0023049962002164802,0.6349206349206349,0.0012881603455352267,-0.0326222968534261,0.5238095238095238,-0.000302022741321525,0.4126984126984127,-0.0018383867848148943,0.6349206349206349,0.0013458840561313447
2026-07-27,cap_equal,-0.009520785821526823,0.47619047619047616,-0.00045008876747209045,0.6666666666666666,0.001880156419716458,0.19047619047619047,-0.004347684783686851,-0.02929258274103952,0.49206349206349204,-0.00046261243385640566,0.6825396825396826,0.002194799269343073,0.2857142857142857,-0.002707515052013909,-0.012243153851565713,0.49206349206349204,-8.762983026988547e-05,0.6507936507936508,0.0017746981693237019,0.35714285714285715,-0.001826928723504825
2026-07-27,small_value_large_growth,0.01767208485875016,0.47619047619047616,0.0007638123350961214,0.47619047619047616,-0.0021716127239537566,0.7619047619047619,0.0071782546265546365,0.10076796371240793,0.5714285714285714,0.0015023184841628833,0.47619047619047616,-0.0011852052350611562,0.6190476190476191,0.0038577444958384733,0.1402732244111875,0.5396825396825397,0.001024050345916459,0.46825396825396826,-0.0008735995732104183,0.5634920634920635,0.0024655184268668564
2026-07-27,us_developed_ex_us,0.022856827844484284,0.5714285714285714,0.0010501088046881647,0.5714285714285714,-0.00175489041546137,0.5238095238095238,0.002201421202077336,0.007335839430209434,0.5396825396825397,6.578492053580186e-05,0.4603174603174603,-0.0016797742192051328,0.5238095238095238,0.0015701223355307488,0.006692387435278446,0.5,1.9210871280234573e-06,0.46825396825396826,-0.0008408830917361155,0.5158730158730159,0.00040259537080800984
2026-07-27,developed_em,-0.006672140352613876,0.47619047619047616,-0.00032850888335767524,0.47619047619047616,0.0001529882024102335,0.5714285714285714,0.0004388464935930322,0.04547205588282388,0.5714285714285714,0.0007096877432917274,0.47619047619047616,0.00031168593794188537,0.5873015873015873,0.0004038764586306543,0.043467291307337064,0.5317460317460317,0.0003397753446834615,0.48412698412698413,0.0003052769248695582,0.48412698412698413,-0.00021001679620334118
2026-07-27,cyclical_defensive,0.0004689697246413882,0.5714285714285714,-1.372556662342357e-05,0.8095238095238095,0.0056628776308837595,0.23809523809523808,-0.006905137687997952,-0.024341585520556652,0.49206349206349204,-0.0004098367641760287,0.7301587301587301,0.0038895462311570035,0.38095238095238093,-0.004022855693091657,0.009558390696990937,0.5634920634920635,6.652757109508874e-05,0.7142857142857143,0.0031037131431764105,0.3412698412698413,-0.0032113268855597453
2026-07-28,growth_value,-0.05753311529537897,0.42857142857142855,-0.0027498177496079242,0.5238095238095238,0.0016107653599280642,0.19047619047619047,-0.008395691420740274,-0.125064731073262,0.3968253968253968,-0.0020816097058430332,0.6349206349206349,0.002810491455486864,0.2222222222222222,-0.00576788788663349,-0.14480481535436585,0.4365079365079365,-0.0011982327121173625,0.6428571428571429,0.0024033587162182787,0.29365079365079366,-0.004195276657973524
2026-07-28,large_small,0.03581033769029074,0.6666666666666666,0.0016733981060400689,0.47619047619047616,-0.000557873594596348,0.5238095238095238,-0.00042146973734885894,-0.020687574570611766,0.5238095238095238,-0.0003663068296383515,0.3968253968253968,-0.0020371473052281136,0.6349206349206349,0.0012881603455352267,-0.038698435106399254,0.5238095238095238,-0.0003520459081460594,0.4126984126984127,-0.0018474187203188232,0.6349206349206349,0.0013458840561313447
2026-07-28,cap_equal,-0.018170678170554733,0.47619047619047616,-0.0008709975094947827,0.6190476190476191,0.0013504541714117746,0.19047619047619047,-0.004347684783686851,-0.04098213399861339,0.47619047619047616,-0.000655958766234875,0.6666666666666666,0.002038918979526057,0.2857142857142857,-0.002707515052013909,-0.023936538844047228,0.48412698412698413,-0.00018273823591573554,0.6428571428571429,0.0016692385522187236,0.35714285714285715,-0.001826928723504825
2026-07-28,small_value_large_growth,0.03434718034520712,0.5238095238095238,0.0015394873776199863,0.5238095238095238,-0.0010749746494624266,0.7619047619047619,0.0071782546265546365,0.11396943098414503,0.5714285714285714,0.0016918047622390985,0.47619047619047616,-0.0010233104177395814,0.6190476190476191,0.0038577444958384733,0.16815366520445507,0.5476190476190477,0.0012160514318170091,0.47619047619047616,-0.0006882389036495853,0.5634920634920635,0.0024655184268668564
2026-07-28,us_developed_ex_us,0.024344594565705258,0.5714285714285714,0.0011202674655211378,0.5714285714285714,-0.0015069723465628451,0.5238095238095238,0.002201421202077336,0.012947864871167836,0.5396825396825397,0.00015374304654255008,0.47619047619047616,-0.0015354111793296594,0.5238095238095238,0.0015701223355307488,0.014970437874188836,0.5079365079365079,6.681426817128294e-05,0.47619047619047616,-0.0007743847323687936,0.5158730158730159,0.00040259537080800984
2026-07-28,developed_em,0.0007446775884178969,0.5238095238095238,2.3441174232760203e-05,0.47619047619047616,-0.00019316362915320457,0.5714285714285714,0.0004388464935930322,0.0442413295043127,0.5714285714285714,0.0006908699182657751,0.47619047619047616,0.00034603629488006235,0.5873015873015873,0.0004038764586306543,0.044494467872468135,0.5317460317460317,0.0003473807702270324,0.48412698412698413,0.0003235866278517054,0.48412698412698413,-0.00021001679620334118
2026-07-28,cyclical_defensive,0.011310430497311952,0.5714285714285714,0.0005017031910048594,0.8095238095238095,0.005302894626817514,0.23809523809523808,-0.006905137687997952,-0.035957897361643565,0.47619047619047616,-0.0006008933815618702,0.7142857142857143,0.003670959106734059,0.38095238095238093,-0.004022855693091657,0.004646079101330525,0.5634920634920635,2.728392832562731e-05,0.7063492063492064,0.0029761046439176113,0.3412698412698413,-0.0032113268855597453
2026-07-29,growth_value,-0.09037889578531821,0.38095238095238093,-0.004445166685313336,0.5238095238095238,0.0016107653599280642,0.14285714285714285,-0.009005888423611866,-0.1302938691222435,0.3968253968253968,-0.0021744647649757664,0.6349206349206349,0.002810491455486864,0.2222222222222222,-0.005692062587023435,-0.1599803675148872,0.42857142857142855,-0.0013391697788857169,0.6428571428571429,0.0024033587162182787,0.29365079365079366,-0.004260085061048886
2026-07-29,large_small,0.018088605313703043,0.6666666666666666,0.0008457496277488596,0.47619047619047616,-0.000557873594596348,0.5238095238095238,-0.00038637064360542387,-0.02620482485446618,0.5238095238095238,-0.0004553163115540966,0.3968253968253968,-0.0020371473052281136,0.6507936507936508,0.0014857441300868165,-0.03904824702739351,0.5238095238095238,-0.000355062417339998,0.4126984126984127,-0.0018474187203188232,0.6349206349206349,0.0012979598101390821
2026-07-29,cap_equal,-0.027802900043016,0.42857142857142855,-0.0013391015604453343,0.6190476190476191,0.0013504541714117746,0.14285714285714285,-0.00467782243020654,-0.04738815127689622,0.4603174603174603,-0.0007610721987949596,0.6666666666666666,0.002038918979526057,0.2857142857142857,-0.002658594314564794,-0.03557560070280552,0.47619047619047616,-0.0002773733713248532,0.6428571428571429,0.0016692385522187236,0.3492063492063492,-0.0018847975098821741
2026-07-29,small_value_large_growth,0.07107762099884662,0.5714285714285714,0.0032079212109728185,0.5238095238095238,-0.0010749746494624266,0.7619047619047619,0.007628465150621766,0.12147975213702233,0.5714285714285714,0.0017962591991412813,0.47619047619047616,-0.0010233104177395814,0.6190476190476191,0.0036689047484530254,0.18331465148324555,0.5555555555555556,0.0013172750916657496,0.47619047619047616,-0.0006882389036495853,0.5714285714285714,0.002580444429018632
2026-07-29,us_developed_ex_us,0.009799904727784137,0.5238095238095238,0.0004390585094845367,0.5714285714285714,-0.0015069723465628451,0.47619047619047616,0.001688860893871901,0.007335455707248695,0.5396825396825397,6.667919250377994e-05,0.47619047619047616,-0.0015354111793296594,0.5238095238095238,0.0016151423672484924,0.02173217484977341,0.5079365079365079,0.00012108880473816082,0.47619047619047616,-0.0007743847323687936,0.5079365079365079,0.00035338902453102826
2026-07-29,developed_em,0.010824131562413575,0.5714285714285714,0.0004997635388014872,0.47619047619047616,-0.00019316362915320457,0.6190476190476191,0.0009632932523049679,0.04729718070962363,0.5714285714285714,0.0007365231202630839,0.47619047619047616,0.00034603629488006235,0.5873015873015873,0.00043887816769715127,0.04564717166023491,0.5317460317460317,0.0003552384656917808,0.48412698412698413,0.0003235866278517054,0.48412698412698413,-0.00019467909701906304
2026-07-29,cyclical_defensive,0.002611975277950762,0.5238095238095238,9.184062024639578e-05,0.8095238095238095,0.005302894626817514,0.23809523809523808,-0.006949530286578263,-0.03486397515705275,0.47619047619047616,-0.0005822369873310742,0.7142857142857143,0.003670959106734059,0.38095238095238093,-0.003964210497080659,-0.0009448060007498649,0.5555555555555556,-1.675563961097376e-05,0.7063492063492064,0.0029761046439176113,0.3333333333333333,-0.0032550642375573672
2026-07-30,growth_value,-0.08551400393759934,0.38095238095238093,-0.004178741024988148,0.5238095238095238,0.0025074469870888664,0.14285714285714285,-0.009005888423611866,-0.1067646854455323,0.4126984126984127,-0.0017441253403162648,0.6349206349206349,0.00306489154873466,0.2222222222222222,-0.005692062587023435,-0.13633268283763278,0.4365079365079365,-0.001115526234506534,0.6428571428571429,0.0025151800171909315,0.29365079365079366,-0.004260085061048886
2026-07-30,large_small,0.017585399564196136,0.6666666666666666,0.0008230507733643829,0.47619047619047616,-0.000847936750412218,0.5238095238095238,-0.00038637064360542387,-0.02989963373608584,0.5238095238095238,-0.0005147291364617814,0.4126984126984127,-0.0019635827631595145,0.6507936507936508,0.0014857441300868165,-0.04114937326550072,0.5238095238095238,-0.0003720342509794523,0.4126984126984127,-0.0018754298247499789,0.6349206349206349,0.0012979598101390821
2026-07-30,cap_equal,-0.01883835031659853,0.42857142857142855,-0.0008968613369429578,0.6666666666666666,0.002240062878310853,0.14285714285714285,-0.00467782243020654,-0.03138444943350249,0.4603174603174603,-0.0004944143652904129,0.6666666666666666,0.002263675518977208,0.2857142857142857,-0.002658594314564794,-0.02102223616832455,0.47619047619047616,-0.0001573667142033244,0.6428571428571429,0.00175986485959895,0.3492063492063492,-0.0018847975098821741
2026-07-30,small_value_large_growth,0.06021622285069839,0.5714285714285714,0.0027096599690703232,0.5238095238095238,-0.0018424733695363942,0.7619047619047619,0.007628465150621766,0.10213103456085859,0.5714285714285714,0.0015118418338592424,0.47619047619047616,-0.0013869849575960222,0.6190476190476191,0.0036689047484530254,0.15391549924877945,0.5555555555555556,0.0011140866192623073,0.47619047619047616,-0.0008306247046115581,0.5714285714285714,0.002580444429018632
2026-07-30,us_developed_ex_us,-0.00796037890839385,0.47619047619047616,-0.000423165046889884,0.5238095238095238,-0.0022516866521855,0.47619047619047616,0.001688860893871901,-0.015479215766462162,0.5238095238095238,-0.0003016528110411792,0.47619047619047616,-0.0016130312513512777,0.5238095238095238,0.0016151423672484924,0.0010160135582910623,0.5,-4.40230197835079e-05,0.46825396825396826,-0.0009078168770485788,0.5079365079365079,0.00035338902453102826
2026-07-30,developed_em,0.023474117084166135,0.6190476190476191,0.001104031749795321,0.47619047619047616,0.00013332830654669677,0.6190476190476191,0.0009632932523049679,0.06208149069876434,0.5873015873015873,0.0009620263213881386,0.47619047619047616,0.0003847542741530322,0.5873015873015873,0.00043887816769715127,0.06557769965917726,0.5396825396825397,0.0005067737215089311,0.49206349206349204,0.0003966935847824764,0.48412698412698413,-0.00019467909701906304
2026-07-30,cyclical_defensive,0.00643789785735005,0.5238095238095238,0.00027368337111325036,0.8095238095238095,0.005952398819587522,0.23809523809523808,-0.006949530286578263,-0.024125167700730366,0.47619047619047616,-0.00040769954621737507,0.7142857142857143,0.0038783271261097325,0.38095238095238093,-0.003964210497080659,0.013558245948300351,0.5555555555555556,9.705513081181086e-05,0.7142857142857143,0.003161794203043611,0.3333333333333333,-0.0032550642375573672
2026-07-31,growth_value,-0.06853097249833906,0.42857142857142855,-0.0033028242990147554,0.5238095238095238,0.002214805951752322,0.14285714285714285,-0.009005888423611866,-0.09106332448244359,0.42857142857142855,-0.0014647006834974522,0.6507936507936508,0.0032853503247338004,0.2222222222222222,-0.005692062587023435,-0.1227734183372432,0.4444444444444444,-0.0009919359761552538,0.6428571428571429,0.0025348550449492586,0.29365079365079366,-0.004260085061048886
2026-07-31,large_small,0.026652806415514263,0.6666666666666666,0.001246191445763804,0.47619047619047616,-0.0006743288651677012,0.5238095238095238,-0.00038637064360542387,-0.007938946797446,0.5396825396825397,-0.0001564209933862535,0.42857142857142855,-0.001597229709788221,0.6507936507936508,0.0014857441300868165,-0.027969481622311942,0.5317460317460317,-0.00026363641160340753,0.42063492063492064,-0.0017547020937611244,0.6349206349206349,0.0012979598101390821
2026-07-31,cap_equal,-0.005751113594354429,0.47619047619047616,-0.000264563486821441,0.6666666666666666,0.0026217028005178196,0.14285714285714285,-0.00467782243020654,-0.01772961025701536,0.47619047619047616,-0.0002708091159395214,0.6825396825396826,0.002558476156723911,0.2857142857142857,-0.002658594314564794,-0.00901504531260211,0.48412698412698413,-6.043315162113006e-05,0.6428571428571429,0.001822930631898978,0.3492063492063492,-0.0018847975098821741
2026-07-31,small_value_large_growth,0.03751862759150071,0.5238095238095238,0.001679853265741398,0.5238095238095238,-0.0017272044343475904,0.7619047619047619,0.007628465150621766,0.07640988821038053,0.5555555555555556,0.001134278064997118,0.4603174603174603,-0.0018353450284128256,0.6190476190476191,0.0036689047484530254,0.12558212436030725,0.5476190476190477,0.0009166655783925085,0.46825396825396826,-0.000941107542036096,0.5714285714285714,0.002580444429018632
2026-07-31,us_developed_ex_us,-0.006541668227964981,0.47619047619047616,-0.00035185063271033927,0.5238095238095238,-0.0017282114449437968,0.47619047619047616,0.001688860893871901,0.01041495121644509,0.5396825396825397,0.00011442387573869955,0.49206349206349204,-0.001394002839269126,0.5238095238095238,0.0016151423672484924,0.020679615496079107,0.5079365079365079,0.00011039190381745455,0.46825396825396826,-0.0008345983161323455,0.5079365079365079,0.00035338902453102826
2026-07-31,developed_em,0.011724867382839399,0.6190476190476191,0.0005508059260842418,0.47619047619047616,-0.00027669346675716184,0.6190476190476191,0.0009632932523049679,0.033789197511884694,0.5714285714285714,0.0005296296524353022,0.4603174603174603,6.406150387161877e-05,0.5873015873015873,0.00043887816769715127,0.03900609415305567,0.5317460317460317,0.0003061146630372408,0.48412698412698413,0.0001850155504997569,0.48412698412698413,-0.00019467909701906304
2026-07-31,cyclical_defensive,0.012988820827788183,0.5238095238095238,0.0005822441667073468,0.8095238095238095,0.005825504987943002,0.23809523809523808,-0.006949530286578263,-0.004798782171303695,0.49206349206349204,-9.419115210333072e-05,0.7301587301587301,0.004201781020024852,0.38095238095238093,-0.003964210497080659,0.017759429145651984,0.5555555555555556,0.00012975786858600223,0.7142857142857143,0.0031793441815630066,0.3333333333333333,-0.0032550642375573672
2026-08-03,growth_value,-0.03154800126051893,0.47619047619047616,-0.0014421012837083265,0.5714285714285714,0.003333960186160908,0.14285714285714285,-0.009005888423611866,-0.08782886826725278,0.42857142857142855,-0.001405726191698105,0.6507936507936508,0.003361333094365628,0.2222222222222222,-0.005692062587023435,-0.10733291925743771,0.4523809523809524,-0.0008522117556230408,0.6428571428571429,0.0025816139003921623,0.29365079365079366,-0.004260085061048886
2026-08-03,large_small,0.01894416871480309,0.6190476190476191,0.0008865546022557291,0.47619047619047616,-0.00042729088444965716,0.5238095238095238,-0.00038637064360542387,-0.007932383821563138,0.5396825396825397,-0.0001567130011494823,0.4126984126984127,-0.0016488724382608083,0.6507936507936508,0.0014857441300868165,-0.039494877869478695,0.5238095238095238,-0.0003578336601499863,0.4126984126984127,-0.001780001627123527,0.6349206349206349,0.0012979598101390821
2026-08-03,cap_equal,0.006998598996419858,0.5238095238095238,0.00034585313560769616,0.7142857142857143,0.002959093659122952,0.14285714285714285,-0.00467782243020654,-0.019098542719436118,0.47619047619047616,-0.0002920900221273288,0.6825396825396826,0.0025765291917568983,0.2857142857142857,-0.002658594314564794,-0.003857519301906698,0.49206349206349204,-1.8829652948363555e-05,0.6428571428571429,0.0018326388975607297,0.3492063492063492,-0.0018847975098821741
2026-08-03,small_value_large_growth,0.01652965930412198,0.47619047619047616,0.0007061338581059966,0.47619047619047616,-0.0027459456570732696,0.7619047619047619,0.007628465150621766,0.07349979829478093,0.5555555555555556,0.001089623237154822,0.4603174603174603,-0.0018451444497569896,0.6190476190476191,0.0036689047484530254,0.12084289756167843,0.5476190476190477,0.0008820010151026396,0.46825396825396826,-0.0009498784382222831,0.5714285714285714,0.002580444429018632
2026-08-03,us_developed_ex_us,0.010493558462481012,0.5238095238095238,0.00046336623381898213,0.5714285714285714,-0.001107583979351327,0.47619047619047616,0.001688860893871901,0.015431021423589986,0.5396825396825397,0.0001945185147788234,0.49206349206349204,-0.0013070579317805279,0.5238095238095238,0.0016151423672484924,0.021931867334510136,0.5079365079365079,0.00012147466345912246,0.47619047619047616,-0.0007090557725481867,0.5079365079365079,0.00035338902453102826
2026-08-03,developed_em,0.0029084720968732825,0.6190476190476191,0.0001334532338618561,0.5238095238095238,6.395472998031528e-05,0.6190476190476191,0.0009632932523049679,0.036737769561238975,0.5873015873015873,0.0005748950941571418,0.47619047619047616,0.00012725503119957187,0.5873015873015873,0.00043887816769715127,0.031981509367258854,0.5317460317460317,0.000253288410300059,0.49206349206349204,0.00019149588284843023,0.48412698412698413,-0.00019467909701906304
2026-08-03,cyclical_defensive,0.038765037670643876,0.5714285714285714,0.0017915010088511113,0.8095238095238095,0.006122288355306081,0.23809523809523808,-0.006949530286578263,0.005871280494547326,0.5079365079365079,7.560132429294955e-05,0.7301587301587301,0.004283253971676637,0.38095238095238093,-0.003964210497080659,0.03686202228224,0.5634920634920635,0.00027780764778268793,0.7142857142857143,0.003211880966610786,0.3333333333333333,-0.0032550642375573672
2026-08-04,growth_value,-0.026407224491138415,0.47619047619047616,-0.0011786330619120737,0.6190476190476191,0.004506671430289193,0.14285714285714285,-0.009005888423611866,-0.07397768204304234,0.42857142857142855,-0.0011607245374087066,0.6507936507936508,0.0036418780635823957,0.2222222222222222,-0.005692062587023435,-0.08606449994102272,0.4603174603174603,-0.0006623236892614512,0.6428571428571429,0.0027159890562967817,0.29365079365079366,-0.004260085061048886
2026-08-04,large_small,0.01516619346637138,0.5714285714285714,0.0007084196955580634,0.47619047619047616,6.529757630867658e-05,0.5238095238095238,-0.00038637064360542387,-0.009399001085801717,0.5238095238095238,-0.00018019012573519105,0.3968253968253968,-0.001679443908369051,0.6507936507936508,0.0014857441300868165,-0.0357729567471069,0.5238095238095238,-0.00032692733018075906,0.40476190476190477,-0.0018419243109825396,0.6349206349206349,0.0012979598101390821
2026-08-04,cap_equal,0.0023060868945854462,0.5238095238095238,0.0001244126503408047,0.7619047619047619,0.0033129265705949935,0.14285714285714285,-0.00467782243020654,-0.017689718273787736,0.47619047619047616,-0.0002682201137375104,0.6984126984126984,0.002636931527520889,0.2857142857142857,-0.002658594314564794,-8.759481237285982e-05,0.5,1.1619502446498619e-05,0.6428571428571429,0.0018188804873398331,0.3492063492063492,-0.0018847975098821741
2026-08-04,small_value_large_growth,0.012880829664621896,0.47619047619047616,0.0005244132487723771,0.42857142857142855,-0.004126988992018566,0.7619047619047619,0.007628465150621766,0.062092667687353886,0.5555555555555556,0.0009142884144216191,0.4603174603174603,-0.0020249081689581003,0.6190476190476191,0.0036689047484530254,0.09442366324210716,0.5396825396825397,0.0006896699330089236,0.46825396825396826,-0.001004764827808827,0.5714285714285714,0.002580444429018632
2026-08-04,us_developed_ex_us,0.019936738270463827,0.5714285714285714,0.00091201455808344,0.5714285714285714,-0.0011181649735217535,0.47619047619047616,0.001688860893871901,0.009217537998762682,0.5396825396825397,9.866242694103789e-05,0.49206349206349204,-0.0013039934873901077,0.5238095238095238,0.0016151423672484924,0.02229200256697461,0.5079365079365079,0.0001244912685169185,0.47619047619047616,-0.0007241814091444098,0.5079365079365079,0.00035338902453102826
2026-08-04,developed_em,0.004924932084521494,0.6190476190476191,0.00023066183430317126,0.47619047619047616,-7.203450249387051e-05,0.6190476190476191,0.0009632932523049679,0.04432306009156428,0.5873015873015873,0.0006896108101252192,0.4603174603174603,0.00011555030748898796,0.5873015873015873,0.00043887816769715127,0.03343239534033793,0.5317460317460317,0.00026447695258980714,0.49206349206349204,0.00024186478512719687,0.48412698412698413,-0.00019467909701906304
2026-08-04,cyclical_defensive,0.03179517982858515,0.5714285714285714,0.001474668680599906,0.8571428571428571,0.006666241330856522,0.23809523809523808,-0.006949530286578263,0.015743887000953194,0.5238095238095238,0.00023108101340079537,0.7301587301587301,0.004201573638121398,0.38095238095238093,-0.003964210497080659,0.043076560084907456,0.5634920634920635,0.0003254624523334129,0.7222222222222222,0.003341649144051146,0.3333333333333333,-0.0032550642375573672
2026-08-05,growth_value,-0.0125113119689374,0.47619047619047616,-0.0005078366216087033,0.6190476190476191,0.004506671430289193,0.14285714285714285,-0.008458000524863498,-0.07002230752437377,0.42857142857142855,-0.0010923222283967847,0.6507936507936508,0.0036418780635823957,0.20634920634920634,-0.005725662082315337,-0.06979704381092833,0.4603174603174603,-0.0005235346075022197,0.6428571428571429,0.0027159890562967817,0.29365079365079366,-0.004266024400628508
2026-08-05,large_small,0.01567031084677728,0.5714285714285714,0.0007324495482555601,0.47619047619047616,6.529757630867658e-05,0.5238095238095238,-0.000505747200057022,0.0036770073359588817,0.5396825396825397,2.9437586636203342e-05,0.3968253968253968,-0.001679443908369051,0.6666666666666666,0.0015756063547752684,-0.021231756819828695,0.5317460317460317,-0.00020854748974273474,0.40476190476190477,-0.0018419243109825396,0.6349206349206349,0.0013153454156481132
2026-08-05,cap_equal,0.006102949610422348,0.5714285714285714,0.0003039292123963139,0.7619047619047619,0.0033129265705949935,0.19047619047619047,-0.0045097359054425265,-0.017505269650404887,0.47619047619047616,-0.00026526017581846647,0.6984126984126984,0.002636931527520889,0.2857142857142857,-0.0026815138156146734,0.006030775686502565,0.5079365079365079,5.977248676133785e-05,0.6428571428571429,0.0018188804873398331,0.3492063492063492,-0.0018910399884976426
2026-08-05,small_value_large_growth,0.001296279735031547,0.42857142857142855,-1.881539699271919e-05,0.42857142857142855,-0.004126988992018566,0.7619047619047619,0.007395215676936922,0.04648555459796522,0.5396825396825397,0.0006782539079564242,0.4603174603174603,-0.0020249081689581003,0.6190476190476191,0.0035941706633936398,0.06058124958382827,0.5317460317460317,0.00044159399251100925,0.46825396825396826,-0.001004764827808827,0.5714285714285714,0.00254852991108999
2026-08-05,us_developed_ex_us,0.0048743031600249065,0.5238095238095238,0.00020868094965215928,0.5714285714285714,-0.0011181649735217535,0.42857142857142855,0.001373566094799608,0.01153177717553433,0.5396825396825397,0.00013644779556920032,0.49206349206349204,-0.0013039934873901077,0.5238095238095238,0.0015910672247305337,0.029203341735059674,0.5079365079365079,0.00017781656147374664,0.47619047619047616,-0.0007241814091444098,0.5,0.00028102022376573477
2026-08-05,developed_em,0.0029335620928556683,0.6190476190476191,0.0001400060897485651,0.47619047619047616,-7.203450249387051e-05,0.6190476190476191,0.0008394589804192609,0.04171701366475311,0.5873015873015873,0.0006489302507211572,0.4603174603174603,0.00011555030748898796,0.5873015873015873,0.00033825026581362356,0.03140044754555538,0.5317460317460317,0.0002488083431883259,0.49206349206349204,0.00024186478512719687,0.49206349206349204,-0.00016467956306757408
2026-08-05,cyclical_defensive,0.04270928876104518,0.5714285714285714,0.0019785995488109617,0.8571428571428571,0.006666241330856522,0.23809523809523808,-0.006853284728637078,0.011705654715373326,0.5079365079365079,0.00016765821279621283,0.7301587301587301,0.004201573638121398,0.36507936507936506,-0.004073320283780498,0.03947019506239835,0.5555555555555556,0.00029784604836533625,0.7222222222222222,0.003341649144051146,0.3253968253968254,-0.0033051108004824525
2026-08-06,growth_value,-0.029274000146803036,0.42857142857142855,-0.0013206828163995475,0.6190476190476191,0.004506671430289193,0.14285714285714285,-0.007962429799339546,-0.07865743552298576,0.4126984126984127,-0.0012416698316246077,0.6507936507936508,0.0036418780635823957,0.20634920634920634,-0.0055940127859836035,-0.05894139681742805,0.4603174603174603,-0.0004318899689349853,0.6428571428571429,0.0027159890562967817,0.29365079365079366,-0.004264825337114573
2026-08-06,large_small,0.01300191089523639,0.5714285714285714,0.0006083727022538211,0.47619047619047616,6.529757630867658e-05,0.5238095238095238,-0.0008249918511214668,0.007620474574285829,0.5555555555555556,9.17190971069854e-05,0.3968253968253968,-0.001679443908369051,0.6825396825396826,0.0017533874279310464,-0.022522133134904587,0.5317460317460317,-0.00021888119177782524,0.40476190476190477,-0.0018419243109825396,0.6428571428571429,0.0013771734459296315
2026-08-06,cap_equal,0.000975202699964095,0.5714285714285714,6.312150750566379e-05,0.7619047619047619,0.0033129265705949935,0.23809523809523808,-0.003785174252356947,-0.01972801956871506,0.47619047619047616,-0.0003024328912331153,0.6984126984126984,0.002636931527520889,0.30158730158730157,-0.00253751744963847,0.023462051504129278,0.5158730158730159,0.00019621599305007562,0.6428571428571429,0.0018188804873398331,0.35714285714285715,-0.0018600946600923968
2026-08-06,small_value_large_growth,0.014098405001218284,0.42857142857142855,0.0005838953670718395,0.42857142857142855,-0.004126988992018566,0.7142857142857143,0.006966352905599771,0.045843509305309116,0.5396825396825397,0.0006691354450252562,0.4603174603174603,-0.0020249081689581003,0.6031746031746031,0.0033619054376667038,0.044520427926882045,0.5238095238095238,0.0003210856225521038,0.46825396825396826,-0.001004764827808827,0.5634920634920635,0.0024755552008636087
2026-08-06,us_developed_ex_us,0.003975805652309816,0.5238095238095238,0.000166499163180239,0.5714285714285714,-0.0011181649735217535,0.42857142857142855,0.0009577376146665857,0.026958982347907945,0.5555555555555556,0.0003810308866817571,0.49206349206349204,-0.0013039934873901077,0.5396825396825397,0.00171823408485132,0.0370266857602668,0.5158730158730159,0.00023780322500127626,0.47619047619047616,-0.0007241814091444098,0.5079365079365079,0.0003125123400980082
2026-08-06,developed_em,0.011796929601829431,0.6190476190476191,0.0005588643226891719,0.47619047619047616,-7.203450249387051e-05,0.5714285714285714,0.0006973397520049112,0.03524242253364851,0.5714285714285714,0.0005484751206175845,0.4603174603174603,0.00011555030748898796,0.5873015873015873,0.0003826301511277481,0.021589199452949348,0.5238095238095238,0.00017312528218101021,0.49206349206349204,0.00024186478512719687,0.48412698412698413,-0.000226023084791562
2026-08-06,cyclical_defensive,0.04581248392091952,0.6190476190476191,0.0021188124570904405,0.8571428571428571,0.006666241330856522,0.2857142857142857,-0.005682514730486384,0.0037982614215330557,0.5079365079365079,4.30617278344419e-05,0.7301587301587301,0.004201573638121398,0.38095238095238093,-0.0038592664970078586,0.03716095785194096,0.5555555555555556,0.0002800165197520454,0.7222222222222222,0.003341649144051146,0.3333333333333333,-0.003284930062033872
2026-08-07,growth_value,-0.03332158987809508,0.42857142857142855,-0.0015215569722149204,0.6666666666666666,0.004721730137478929,0.14285714285714285,-0.007962429799339546,-0.08758138512912172,0.4126984126984127,-0.0013949541469477698,0.6507936507936508,0.0036762737135735473,0.20634920634920634,-0.0055940127859836035,-0.047063842606277606,0.46825396825396826,-0.0003330919965324902,0.6428571428571429,0.002669990337201956,0.29365079365079366,-0.004264825337114573
2026-08-07,large_small,0.01400363081639,0.5714285714285714,0.0006561385968417234,0.47619047619047616,0.00018556868574730388,0.5238095238095238,-0.0008249918511214668,-0.007979697515740458,0.5396825396825397,-0.00015459093898114888,0.38095238095238093,-0.0018412947295950144,0.6825396825396826,0.0017533874279310464,-0.03147475984117598,0.5238095238095238,-0.0002914884519060869,0.3968253968253968,-0.0019074449489582424,0.6428571428571429,0.0013771734459296315
2026-08-07,cap_equal,-0.0021327444941346974,0.5238095238095238,-8.601272550718646e-05,0.7142857142857143,0.003116940656639689,0.23809523809523808,-0.003785174252356947,-0.023770615903853876,0.4603174603174603,-0.0003678580459064775,0.6825396825396826,0.0025837872941054697,0.30158730158730157,-0.00253751744963847,0.0265937378118819,0.5158730158730159,0.000220100110738629,0.6349206349206349,0.0017816096561305826,0.35714285714285715,-0.0018600946600923968
2026-08-07,small_value_large_growth,0.016706484752400108,0.42857142857142855,0.0007076052057774639,0.38095238095238093,-0.004490556078246338,0.7142857142857143,0.006966352905599771,0.06025198835434864,0.5396825396825397,0.0008849445472809591,0.4603174603174603,-0.001988878382562152,0.6031746031746031,0.0033619054376667038,0.04090910790677693,0.5158730158730159,0.00029378300892618064,0.46825396825396826,-0.0009608021869871555,0.5634920634920635,0.0024755552008636087
2026-08-07,us_developed_ex_us,-0.002647902075194386,0.47619047619047616,-0.000151249417294465,0.5714285714285714,-0.0009539550751721526,0.42857142857142855,0.0009577376146665857,0.010682616165014425,0.5396825396825397,0.00012908248254635732,0.49206349206349204,-0.0012891682246900216,0.5396825396825397,0.00171823408485132,0.032765671263312424,0.5079365079365079,0.00020494350845286512,0.46825396825396826,-0.0007671048465769258,0.5079365079365079,0.0003125123400980082
2026-08-07,developed_em,0.01383737580784783,0.6190476190476191,0.0006557455111540886,0.47619047619047616,-0.00019750420952825367,0.5714285714285714,0.0006973397520049112,0.045959676559198526,0.5873015873015873,0.000710610998962704,0.47619047619047616,0.00024064909293903145,0.5873015873015873,0.0003826301511277481,0.030963390144536973,0.5317460317460317,0.00024522753671590055,0.5,0.0002899029883208253,0.48412698412698413,-0.000226023084791562
2026-08-07,cyclical_defensive,0.034365109931989934,0.5714285714285714,0.0015953205610838527,0.8095238095238095,0.006266826710378562,0.2857142857142857,-0.005682514730486384,0.007652352520909789,0.5079365079365079,0.00010306696293679416,0.7142857142857143,0.004145681255675066,0.38095238095238093,-0.0038592664970078586,0.04963961947894191,0.5555555555555556,0.0003739385860560625,0.7142857142857143,0.003309449831068454,0.3333333333333333,-0.003284930062033872
2026-08-10,growth_value,-0.042707945039720197,0.38095238095238093,-0.0019866865800958833,0.6666666666666666,0.004721730137478929,0.14285714285714285,-0.007713084579296721,-0.09194270977719876,0.4126984126984127,-0.0014707983047686985,0.6507936507936508,0.0036762737135735473,0.20634920634920634,-0.00564243949074423,-0.05968995979141378,0.4603174603174603,-0.00044007143236232893,0.6428571428571429,0.002669990337201956,0.29365079365079366,-0.004248030063998913
2026-08-10,large_small,0.011061376242527565,0.5714285714285714,0.0005172184999117567,0.47619047619047616,0.00018556868574730388,0.5714285714285714,-0.00032563486099477867,-0.003599245932751405,0.5396825396825397,-8.493317795393069e-05,0.38095238095238093,-0.0018412947295950144,0.6825396825396826,0.0017592574413837108,-0.011765498506199235,0.5317460317460317,-0.00012832424410877616,0.3968253968253968,-0.0019074449489582424,0.6507936507936508,0.0014282609297350804
2026-08-10,cap_equal,-0.003577382704820775,0.47619047619047616,-0.00015511577619825313,0.7142857142857143,0.003116940656639689,0.23809523809523808,-0.0033252803824358945,-0.02996218821450991,0.4444444444444444,-0.0004693307167524719,0.6825396825396826,0.0025837872941054697,0.2857142857142857,-0.0026034760787824397,0.025128488330904863,0.5079365079365079,0.0002086821813353715,0.6349206349206349,0.0017816096561305826,0.35714285714285715,-0.0018355262215864379
2026-08-10,small_value_large_growth,0.017832492540224454,0.42857142857142855,0.000761291347679787,0.38095238095238093,-0.004490556078246338,0.6666666666666666,0.006291865317738425,0.057317895972273325,0.5238095238095238,0.0008410164639849462,0.4603174603174603,-0.001988878382562152,0.6031746031746031,0.003380540072949879,0.03464681356222821,0.5079365079365079,0.00024512878938588305,0.46825396825396826,-0.0009608021869871555,0.5555555555555556,0.002421074988552403
2026-08-10,us_developed_ex_us,0.0026605167460005408,0.5238095238095238,0.00010090723135235455,0.5714285714285714,-0.0009539550751721526,0.47619047619047616,0.001284701213198643,0.02503386548323161,0.5555555555555556,0.00035440244056901305,0.49206349206349204,-0.0012891682246900216,0.5396825396825397,0.0017017188741577447,0.03909495483899117,0.5158730158730159,0.0002535165931646183,0.46825396825396826,-0.0007671048465769258,0.5079365079365079,0.00030594261988507005
2026-08-10,developed_em,0.01382223868447241,0.6190476190476191,0.0006563414449200103,0.47619047619047616,-0.00019750420952825367,0.5714285714285714,0.0006643998532011348,0.03132126032137639,0.5714285714285714,0.00048514270020991136,0.47619047619047616,0.00024064909293903145,0.5873015873015873,0.000499028631044654,0.027287368607472606,0.5238095238095238,0.00021687930019860635,0.5,0.0002899029883208253,0.47619047619047616,-0.00026040025042882334
2026-08-10,cyclical_defensive,0.04105792125259877,0.5714285714285714,0.0019043920923499033,0.8095238095238095,0.006266826710378562,0.3333333333333333,-0.004923347683996608,0.013498830700422904,0.5079365079365079,0.0001958992177945979,0.7142857142857143,0.004145681255675066,0.38095238095238093,-0.003799535265454814,0.05280131264104382,0.5555555555555556,0.0003974992805941644,0.7142857142857143,0.003309449831068454,0.3412698412698413,-0.003212337272658739
2026-08-11,growth_value,-0.02406408264285398,0.38095238095238093,-0.0010762475661250685,0.6666666666666666,0.004721730137478929,0.14285714285714285,-0.00753630527753435,-0.0917719792305961,0.4126984126984127,-0.001467587595884633,0.6507936507936508,0.0036762737135735473,0.20634920634920634,-0.0054941840943540194,-0.07080309652946237,0.4523809523809524,-0.0005346773548149316,0.6428571428571429,0.002669990337201956,0.29365079365079366,-0.004115373869861095
2026-08-11,large_small,0.0036100949191242293,0.5238095238095238,0.00016530457408213737,0.47619047619047616,0.00018556868574730388,0.5714285714285714,-0.000381888796740747,-0.007900498087197727,0.5396825396825397,-0.00015351733339097868,0.38095238095238093,-0.0018412947295950144,0.6825396825396826,0.0016979124010472455,-0.015922903577496705,0.5317460317460317,-0.00016168760897824203,0.3968253968253968,-0.0019074449489582424,0.6507936507936508,0.0014636769419507803
2026-08-11,cap_equal,-0.0015559943724609004,0.47619047619047616,-5.9876412929144295e-05,0.7142857142857143,0.003116940656639689,0.23809523809523808,-0.0034338332669527375,-0.03783234179946959,0.42857142857142855,-0.0005986313315833007,0.6825396825396826,0.0025837872941054697,0.2857142857142857,-0.0026357557187693666,0.015385818314179733,0.5,0.00013282604967300592,0.6349206349206349,0.0017816096561305826,0.35714285714285715,-0.0017822397103768124
2026-08-11,small_value_large_growth,0.006968346915252388,0.42857142857142855,0.0002587227726003272,0.38095238095238093,-0.004490556078246338,0.6666666666666666,0.006026084031982343,0.06741065422263492,0.5396825396825397,0.000991688139736281,0.4603174603174603,-0.001988878382562152,0.6031746031746031,0.0032663496081407548,0.048667112743654206,0.5158730158730159,0.00035218876378124216,0.46825396825396826,-0.0009608021869871555,0.5555555555555556,0.0022325001144285835
2026-08-11,us_developed_ex_us,-0.012097153359980295,0.47619047619047616,-0.000599417260253265,0.5714285714285714,-0.0009539550751721526,0.47619047619047616,0.0010725329601679971,0.01745420717379731,0.5396825396825397,0.00023655601317747651,0.49206349206349204,-0.0012891682246900216,0.5396825396825397,0.0017391754363973656,0.04391757021493592,0.5158730158730159,0.0002910347726158756,0.46825396825396826,-0.0007671048465769258,0.5,0.0002591945167160681
2026-08-11,developed_em,0.018949573587892843,0.6190476190476191,0.0008973390335056555,0.47619047619047616,-0.00019750420952825367,0.6190476190476191,0.0010625106242407602,0.035211157266211934,0.5714285714285714,0.0005449059617200927,0.47619047619047616,0.00024064909293903145,0.5873015873015873,0.00045225899455692,0.027175589851188287,0.5238095238095238,0.0002154179075534838,0.5,0.0002899029883208253,0.48412698412698413,-0.0001743140458233838
2026-08-11,cyclical_defensive,0.045353760305819835,0.6190476190476191,0.0021011660910195645,0.8095238095238095,0.006266826710378562,0.38095238095238093,-0.004138701927641979,0.0051090721404314365,0.5079365079365079,6.34577924306395e-05,0.7142857142857143,0.004145681255675066,0.38095238095238093,-0.003894129292270081,0.04707280588452756,0.5555555555555556,0.0003542507825662008,0.7142857142857143,0.003309449831068454,0.3492063492063492,-0.0031974020507795683
2026-08-12,growth_value,-0.03499580335445873,0.38095238095238093,-0.0016153001147942133,0.7142857142857143,0.00523640627134606,0.14285714285714285,-0.00753630527753435,-0.08559346755768948,0.4126984126984127,-0.0013596164453421732,0.6507936507936508,0.0037199895583388525,0.20634920634920634,-0.0054941840943540194,-0.06229085451719907,0.4603174603174603,-0.00046216429470016324,0.6507936507936508,0.002789238465608251,0.29365079365079366,-0.004115373869861095
2026-08-12,large_small,0.0007879005867907907,0.47619047619047616,3.0630341659372496e-05,0.47619047619047616,0.0006582823931490287,0.5714285714285714,-0.000381888796740747,-0.018432855332225162,0.5238095238095238,-0.0003223964310084123,0.38095238095238093,-0.001834647532635223,0.6825396825396826,0.0016979124010472455,-0.019097541844104393,0.5238095238095238,-0.00018741701038690222,0.3968253968253968,-0.001850285852248723,0.6507936507936508,0.0014636769419507803
2026-08-12,cap_equal,-0.007981264801324772,0.47619047619047616,-0.00036721698416917824,0.7142857142857143,0.00308510919264409,0.23809523809523808,-0.0034338332669527375,-0.036514195104395464,0.4444444444444444,-0.0005768876616484269,0.6984126984126984,0.002606726377691543,0.2857142857142857,-0.0026357557187693666,0.022444602693066917,0.5079365079365079,0.00018784330785072433,0.6428571428571429,0.0018404387393889405,0.35714285714285715,-0.0017822397103768124
2026-08-12,small_value_large_growth,0.018985030428825045,0.42857142857142855,0.0008272879995878933,0.3333333333333333,-0.004959321578665209,0.6666666666666666,0.006026084031982343,0.07134830632299693,0.5396825396825397,0.0010495117986391727,0.4603174603174603,-0.0019881109336797507,0.6031746031746031,0.0032663496081407548,0.04356254940304827,0.5079365079365079,0.0003133985376612374,0.4603174603174603,-0.001066441243757092,0.5555555555555556,0.0022325001144285835
2026-08-12,us_developed_ex_us,-0.009146252808512001,0.47619047619047616,-0.0004557346906940165,0.5714285714285714,-0.000308432422325007,0.47619047619047616,0.0010725329601679971,0.0022824353935764208,0.5238095238095238,-1.2865642357188075e-06,0.47619047619047616,-0.0014386561554676875,0.5396825396825397,0.0017391754363973656,0.043579694652128964,0.5158730158730159,0.0002882263729600137,0.46825396825396826,-0.0007944305123426713,0.5,0.0002591945167160681
2026-08-12,developed_em,0.015385503990457572,0.6190476190476191,0.0007287536614966326,0.47619047619047616,-0.0006191877844799491,0.6190476190476191,0.0010625106242407602,0.03409566302628675,0.5714285714285714,0.0005292124692331684,0.49206349206349204,0.0004025421980433934,0.5873015873015873,0.00045225899455692,0.032895692763992956,0.5317460317460317,0.0002597334383051022,0.5079365079365079,0.0003290336132275108,0.48412698412698413,-0.0001743140458233838
2026-08-12,cyclical_defensive,0.02429461476217809,0.5714285714285714,0.0011350436674990813,0.7619047619047619,0.005259999633153834,0.38095238095238093,-0.004138701927641979,0.008562419853659353,0.5079365079365079,0.00011887718306473571,0.6984126984126984,0.003980162967255011,0.38095238095238093,-0.003894129292270081,0.03857049901375609,0.5476190476190477,0.0002895301439914969,0.7063492063492064,0.003223613998286499,0.3492063492063492,-0.0031974020507795683
2026-08-13,growth_value,-0.028055596634305013,0.42857142857142855,-0.0012718821921856266,0.7619047619047619,0.005990214246705655,0.14285714285714285,-0.00753630527753435,-0.08503528234043245,0.4126984126984127,-0.0013496948697436027,0.6507936507936508,0.0036621100776886638,0.20634920634920634,-0.0054941840943540194,-0.05098459194613214,0.46825396825396826,-0.00036673284970670635,0.6507936507936508,0.0027603316712487376,0.29365079365079366,-0.004115373869861095
2026-08-13,large_small,0.005933439446135225,0.5238095238095238,0.0002759010146922253,0.5238095238095238,0.001016682859392979,0.5714285714285714,-0.000381888796740747,-0.018913100170620978,0.5238095238095238,-0.00033005905347638543,0.38095238095238093,-0.00182030649537085,0.6825396825396826,0.0016979124010472455,-0.01915629215406256,0.5238095238095238,-0.0001876692089587045,0.3968253968253968,-0.00182340698146395,0.6507936507936508,0.0014636769419507803
2026-08-13,cap_equal,-0.014595143812077604,0.42857142857142855,-0.0006861788925692357,0.7142857142857143,0.0032357937101082923,0.23809523809523808,-0.0034338332669527375,-0.046518725636773284,0.42857142857142855,-0.0007427207130823877,0.6825396825396826,0.002474434315597704,0.2857142857142857,-0.0026357557187693666,0.023999647117793232,0.5079365079365079,0.0001998894381451126,0.6349206349206349,0.0017804679422862657,0.35714285714285715,-0.0017822397103768124
2026-08-13,small_value_large_growth,0.007801360416349157,0.38095238095238093,0.0002985330685332297,0.2857142857142857,-0.005797236214754602,0.6666666666666666,0.006026084031982343,0.07505795098030332,0.5396825396825397,0.0011041543161952093,0.4603174603174603,-0.00195434279717335,0.6031746031746031,0.0032663496081407548,0.03488687071996699,0.5,0.00024684662643896933,0.4603174603174603,-0.0010705352999976134,0.5555555555555556,0.0022325001144285835
2026-08-13,us_developed_ex_us,-0.006267203185444825,0.47619047619047616,-0.00031687790446849063,0.5714285714285714,-0.0002653078928212987,0.47619047619047616,0.0010725329601679971,0.009614902694816907,0.5396825396825397,0.00011514006469111436,0.49206349206349204,-0.00132773214936329,0.5396825396825397,0.0017391754363973656,0.05571183820664416,0.5238095238095238,0.00038029792592657297,0.47619047619047616,-0.0007440595999861901,0.5,0.0002591945167160681
2026-08-13,developed_em,0.023607326670875395,0.6666666666666666,0.0011138624281343981,0.5238095238095238,-0.00020577947479940995,0.6190476190476191,0.0010625106242407602,0.0385083019604866,0.5714285714285714,0.0005968498482620019,0.49206349206349204,0.00037935492628593347,0.5873015873015873,0.00045225899455692,0.03869328912404635,0.5396825396825397,0.00030426775466796396,0.5079365079365079,0.0003539573007440989,0.48412698412698413,-0.0001743140458233838
2026-08-13,cyclical_defensive,0.01632041442792831,0.5238095238095238,0.0007625472631256419,0.7142857142857143,0.004859326625200749,0.38095238095238093,-0.004138701927641979,0.006384756766782296,0.5079365079365079,8.433391444003393e-05,0.6825396825396826,0.0038826025467496106,0.38095238095238093,-0.003894129292270081,0.03937640238647555,0.5476190476190477,0.00029586413632927107,0.6984126984126984,0.0031465093428784375,0.3492063492063492,-0.0031974020507795683
2026-08-14,growth_value,-0.0026752980077063837,0.42857142857142855,-5.127386505025348e-05,0.7619047619047619,0.005990214246705655,0.14285714285714285,-0.0074260261339321836,-0.09688282481493415,0.3968253968253968,-0.0015577422980157377,0.6507936507936508,0.0036621100776886638,0.20634920634920634,-0.005443049067931727,-0.04566201530534564,0.46825396825396826,-0.0003233079319898506,0.6507936507936508,0.0027603316712487376,0.2857142857142857,-0.004140486559635786
2026-08-14,large_small,0.0030984643419984526,0.5238095238095238,0.00014044248637943397,0.5238095238095238,0.001016682859392979,0.5238095238095238,-0.0008252684295463172,-0.02708177718547755,0.5079365079365079,-0.0004631640897511466,0.38095238095238093,-0.00182030649537085,0.6666666666666666,0.0014355245523611994,-0.03021642319390261,0.5158730158730159,-0.000277100441716429,0.3968253968253968,-0.00182340698146395,0.6428571428571429,0.0013458562468356143
2026-08-14,cap_equal,-0.0016635584090363142,0.42857142857142855,-6.366414700959793e-05,0.7142857142857143,0.0032357937101082923,0.23809523809523808,-0.0034115991549687184,-0.05258675912925537,0.4126984126984127,-0.0008444165318239037,0.6825396825396826,0.002474434315597704,0.2857142857142857,-0.0026578717862067317,0.024202579257937007,0.5079365079365079,0.00020121002582639233,0.6349206349206349,0.0017804679422862657,0.3492063492063492,-0.0018036647505193357
2026-08-14,small_value_large_growth,-0.01862026764230873,0.38095238095238093,-0.0009616425019101886,0.2857142857142857,-0.005797236214754602,0.6666666666666666,0.006159201275131101,0.09125603965870455,0.5555555555555556,0.0013427025018280991,0.4603174603174603,-0.00195434279717335,0.6190476190476191,0.0034017441651797175,0.038091222612208986,0.5,0.00027178119773623837,0.4603174603174603,-0.0010705352999976134,0.5634920634920635,0.0023453994091588897
2026-08-14,us_developed_ex_us,-0.01416571446595849,0.42857142857142855,-0.0006944543517084142,0.5714285714285714,-0.0002653078928212987,0.47619047619047616,0.0012209343127781648,-0.00048656200324448395,0.5238095238095238,-4.488679234891106e-05,0.49206349206349204,-0.00132773214936329,0.5238095238095238,0.0015858208929209266,0.062496942050087156,0.5238095238095238,0.00043037484093351653,0.47619047619047616,-0.0007440595999861901,0.49206349206349204,0.0002097158609554349
2026-08-14,developed_em,0.02849365990927244,0.7142857142857143,0.0013400895843102107,0.5238095238095238,-0.00020577947479940995,0.6190476190476191,0.0007837425315895739,0.04443226698727032,0.5873015873015873,0.0006870168773972313,0.49206349206349204,0.00037935492628593347,0.5873015873015873,0.0004050988330890278,0.03813119988695535,0.5396825396825397,0.000300319659051135,0.5079365079365079,0.0003539573007440989,0.49206349206349204,-0.0001348801159116651
2026-08-14,cyclical_defensive,0.03369907470195321,0.5714285714285714,0.001577831994606814,0.7142857142857143,0.004859326625200749,0.38095238095238093,-0.004044690738517383,0.010098825560585833,0.5238095238095238,0.00014292644939784105,0.6825396825396826,0.0038826025467496106,0.3968253968253968,-0.0037037872748726286,0.0673424279144883,0.5555555555555556,0.000505866321823153,0.6984126984126984,0.0031465093428784375,0.35714285714285715,-0.0031188680485897857
2026-08-17,growth_value,0.01267483332205277,0.47619047619047616,0.0006701305496441016,0.7619047619047619,0.005990214246705655,0.19047619047619047,-0.006976801389126354,-0.09213415483241671,0.3968253968253968,-0.0014748030392361256,0.6507936507936508,0.0036621100776886638,0.2222222222222222,-0.005050937093701034,-0.029673021869948024,0.47619047619047616,-0.00019154005224418844,0.6507936507936508,0.0027603316712487376,0.2857142857142857,-0.004094260172211775
2026-08-17,large_small,0.0065638850647615765,0.5238095238095238,0.00030313811626348473,0.5238095238095238,0.001016682859392979,0.5238095238095238,-0.0006578499098943649,-0.039985801852612024,0.49206349206349204,-0.0006715688562546058,0.38095238095238093,-0.00182030649537085,0.6666666666666666,0.001583427385928044,-0.02013375291861008,0.5158730158730159,-0.00019428391246510403,0.3968253968253968,-0.00182340698146395,0.6428571428571429,0.0013966998555206274
2026-08-17,cap_equal,0.004592051185037693,0.47619047619047616,0.00023155937158581526,0.7142857142857143,0.0032357937101082923,0.23809523809523808,-0.0033325169748319875,-0.04695508101928336,0.42857142857142855,-0.0007511032420184995,0.6825396825396826,0.002474434315597704,0.30158730158730157,-0.0024998676208185045,0.03842509251279114,0.5158730158730159,0.00031085610977831386,0.6349206349206349,0.0017804679422862657,0.35714285714285715,-0.001746422812270673
2026-08-17,small_value_large_growth,-0.027885064027600492,0.3333333333333333,-0.0014091516604577202,0.2857142857142857,-0.005797236214754602,0.6190476190476191,0.005913173441945509,0.09621902618015854,0.5555555555555556,0.001413085691637191,0.4603174603174603,-0.00195434279717335,0.6031746031746031,0.0029443163140217546,0.016831093831362498,0.49206349206349204,0.0001068855695121448,0.4603174603174603,-0.0010705352999976134,0.5555555555555556,0.0022458837405857045
2026-08-17,us_developed_ex_us,-0.015178758472125131,0.42857142857142855,-0.0007446800618628114,0.5714285714285714,-0.0002653078928212987,0.47619047619047616,0.0013183825961008157,-0.014794181532438722,0.5079365079365079,-0.00027134867493109005,0.49206349206349204,-0.00132773214936329,0.5238095238095238,0.0016749559070636905,0.05815038094649583,0.5238095238095238,0.00039795454864912895,0.47619047619047616,-0.0007440595999861901,0.49206349206349204,0.00022039081372522188
2026-08-17,developed_em,0.012602705625732513,0.6666666666666666,0.0006045622346685217,0.5238095238095238,-0.00020577947479940995,0.5714285714285714,0.0005667728583637489,0.03649092510994234,0.5714285714285714,0.0005673581352593145,0.49206349206349204,0.00037935492628593347,0.5714285714285714,0.000284406703259328,0.030771059072747686,0.5317460317460317,0.00024371712122260206,0.5079365079365079,0.0003539573007440989,0.48412698412698413,-0.00018706193842952439
2026-08-17,cyclical_defensive,0.036052099501483914,0.5714285714285714,0.001685532315512846,0.7142857142857143,0.004859326625200749,0.38095238095238093,-0.0041278970594525715,0.009553355862711221,0.5238095238095238,0.00013472412382613489,0.6825396825396826,0.0038826025467496106,0.3968253968253968,-0.0036821038156148503,0.0807827133169301,0.5634920634920635,0.0006057036185464396,0.6984126984126984,0.0031465093428784375,0.35714285714285715,-0.0031678049317738475
2026-08-18,growth_value,-0.009069193010359689,0.42857142857142855,-0.0003568349006076139,0.7619047619047619,0.005990214246705655,0.19047619047619047,-0.006944226445658513,-0.10327485090450694,0.3968253968253968,-0.0016687225018478956,0.6507936507936508,0.0036621100776886638,0.2222222222222222,-0.005080181244600296,-0.05246992278247886,0.46825396825396826,-0.00037926418887552804,0.6507936507936508,0.0027603316712487376,0.2777777777777778,-0.004245736858475513
2026-08-18,large_small,0.007576145517541821,0.5238095238095238,0.0003492830295367294,0.5238095238095238,0.001016682859392979,0.5714285714285714,0.00017398619301430988,-0.04040050026827402,0.49206349206349204,-0.0006789783800140725,0.38095238095238093,-0.00182030649537085,0.6666666666666666,0.0015965182693672086,-0.016242046977805402,0.5158730158730159,-0.00016324673590941238,0.3968253968253968,-0.00182340698146395,0.6428571428571429,0.0013600448475491714
2026-08-18,cap_equal,-0.0005041514534902536,0.42857142857142855,-9.609497109808713e-06,0.7142857142857143,0.0032357937101082923,0.23809523809523808,-0.003183959281404004,-0.042563149795064814,0.42857142857142855,-0.0006776276311902508,0.6825396825396826,0.002474434315597704,0.30158730158730157,-0.002320034829568932,0.03264886951205637,0.5079365079365079,0.0002666879559835331,0.6349206349206349,0.0017804679422862657,0.3492063492063492,-0.001794294884968962
2026-08-18,small_value_large_growth,-0.013427884403584889,0.38095238095238093,-0.0007115699348353962,0.2857142857142857,-0.005797236214754602,0.6190476190476191,0.005457048347749283,0.10124840389010648,0.5555555555555556,0.0014843358959483277,0.4603174603174603,-0.00195434279717335,0.6031746031746031,0.0028556739051696423,0.030857001755243196,0.5,0.0002149746531225508,0.4603174603174603,-0.0010705352999976134,0.5634920634920635,0.002363586965671602
2026-08-18,us_developed_ex_us,-0.01025525106484615,0.42857142857142855,-0.000512154782333875,0.5714285714285714,-0.0002653078928212987,0.5238095238095238,0.0019779499681444827,0.002174972415859955,0.5238095238095238,-1.945955161823202e-06,0.49206349206349204,-0.00132773214936329,0.5396825396825397,0.001920391603067264,0.06431810168864849,0.5238095238095238,0.00044311258594243515,0.47619047619047616,-0.0007440595999861901,0.49206349206349204,0.00026326373896954817
2026-08-18,developed_em,0.015664128469137006,0.6666666666666666,0.0007510781789718614,0.5238095238095238,-0.00020577947479940995,0.5714285714285714,0.0006337014057842419,0.02518592441892409,0.5555555555555556,0.00039422839843489884,0.49206349206349204,0.00037935492628593347,0.5555555555555556,8.738056404460842e-05,0.0287236451772499,0.5317460317460317,0.00022854443497827192,0.5079365079365079,0.0003539573007440989,0.48412698412698413,-0.00017326985082737826
2026-08-18,cyclical_defensive,0.02503656694725853,0.5238095238095238,0.0011757181167924788,0.7142857142857143,0.004859326625200749,0.38095238095238093,-0.004502929362096221,0.0028980544708083755,0.5238095238095238,2.9466780877061738e-05,0.6825396825396826,0.0038826025467496106,0.38095238095238093,-0.0038600283075695112,0.06634754218089878,0.5555555555555556,0.0004989103872814198,0.6984126984126984,0.0031465093428784375,0.3492063492063492,-0.00324441634444397
2026-08-19,growth_value,-0.03322335016559397,0.38095238095238093,-0.0015388057324251473,0.7142857142857143,0.0048130164337760895,0.19047619047619047,-0.006944226445658513,-0.10946506134705658,0.3968253968253968,-0.00177950747505683,0.6349206349206349,0.003413219041623116,0.2222222222222222,-0.005080181244600296,-0.06420803600370828,0.4603174603174603,-0.00047846168604341664,0.6428571428571429,0.00266647608269556,0.2777777777777778,-0.004245736858475513
2026-08-19,large_small,0.011421671442250148,0.5238095238095238,0.0005335386632331774,0.47619047619047616,0.0004823962481145514,0.5714285714285714,0.00017398619301430988,-0.046815440068790015,0.47619047619047616,-0.0007849661959429777,0.38095238095238093,-0.0017268730540993503,0.6666666666666666,0.0015965182693672086,-0.019987031233225205,0.5079365079365079,-0.00019364180744856844,0.3968253968253968,-0.0016851857843234114,0.6428571428571429,0.0013600448475491714
2026-08-19,cap_equal,-0.015317753021623082,0.38095238095238093,-0.0007246837598423753,0.6666666666666666,0.0022787320290607515,0.23809523809523808,-0.003183959281404004,-0.04960011165561129,0.42857142857142855,-0.0007956191131757673,0.6666666666666666,0.0023046180712239977,0.30158730158730157,-0.002320034829568932,0.024340367113143024,0.5079365079365079,0.0002021732750224091,0.6349206349206349,0.0017295446479796092,0.3492063492063492,-0.001794294884968962
2026-08-19,small_value_large_growth,0.0010566475963151856,0.42857142857142855,-1.3490093028269873e-05,0.3333333333333333,-0.004223021981033235,0.6190476190476191,0.005457048347749283,0.1113086015878364,0.5714285714285714,0.0016287153455467659,0.4603174603174603,-0.001888073080360101,0.6031746031746031,0.0028556739051696423,0.045616271773850636,0.5079365079365079,0.000328018095913906,0.4603174603174603,-0.0011341069369142497,0.5634920634920635,0.002363586965671602
2026-08-19,us_developed_ex_us,-0.004799874226208312,0.42857142857142855,-0.0002453893822545117,0.5238095238095238,-0.0006783308549615482,0.5238095238095238,0.0019779499681444827,-0.002666051767685418,0.5079365079365079,-7.890635329279653e-05,0.47619047619047616,-0.0016787893334104585,0.5396825396825397,0.001920391603067264,0.05856883653045286,0.5158730158730159,0.0003999402972224802,0.46825396825396826,-0.0007973216301763722,0.49206349206349204,0.00026326373896954817
2026-08-19,developed_em,0.013177721629462624,0.6190476190476191,0.0006326938382024297,0.5238095238095238,0.00023678336021068107,0.5714285714285714,0.0006337014057842419,0.02164753517254847,0.5396825396825397,0.00033969109667081066,0.49206349206349204,0.0004123850540402609,0.5555555555555556,8.738056404460842e-05,0.02748167481547137,0.5238095238095238,0.00021891109521630198,0.5,0.00028745290341933776,0.48412698412698413,-0.00017326985082737826
2026-08-19,cyclical_defensive,0.008100974427223129,0.47619047619047616,0.00037678896217522087,0.6666666666666666,0.00413944839384873,0.38095238095238093,-0.004502929362096221,0.007829634991133982,0.5238095238095238,0.00010527939196783072,0.6666666666666666,0.0034812679306116655,0.38095238095238093,-0.0038600283075695112,0.039380173069990976,0.5476190476190477,0.00029458536372327767,0.6904761904761905,0.003028552445265156,0.3492063492063492,-0.00324441634444397
2026-08-20,growth_value,-0.02657501389350414,0.42857142857142855,-0.001214000938198007,0.7142857142857143,0.0048130164337760895,0.23809523809523808,-0.006537594206014138,-0.11013756646090389,0.3968253968253968,-0.0017926003431356448,0.6349206349206349,0.003413219041623116,0.23809523809523808,-0.004885224008330706,-0.059709430801731966,0.46825396825396826,-0.00044064269852850743,0.6428571428571429,0.00266647608269556,0.2777777777777778,-0.004339842920315598
2026-08-20,large_small,0.009157705388648685,0.5238095238095238,0.000426082493849868,0.47619047619047616,0.0004823962481145514,0.6190476190476191,0.0005971927826561942,-0.027904295776459698,0.49206349206349204,-0.0004699792952783525,0.38095238095238093,-0.0017268730540993503,0.6666666666666666,0.001591966173032532,-0.010461572467781566,0.5158730158730159,-0.00011732456399029692,0.3968253968253968,-0.0016851857843234114,0.6428571428571429,0.0012865862451919175
2026-08-20,cap_equal,-0.0147865476086807,0.38095238095238093,-0.0006988979478550272,0.6666666666666666,0.0022787320290607515,0.23809523809523808,-0.0026721598751263307,-0.0492553942179883,0.42857142857142855,-0.0007896995716303013,0.6666666666666666,0.0023046180712239977,0.30158730158730157,-0.0022650665259889157,0.02452901956142206,0.5079365079365079,0.00020364723060285509,0.6349206349206349,0.0017295446479796092,0.3412698412698413,-0.0018731297753644682
2026-08-20,small_value_large_growth,0.00047960600782137597,0.42857142857142855,-4.065476217901278e-05,0.3333333333333333,-0.004223021981033235,0.5714285714285714,0.004740578384104878,0.10070890127956678,0.5555555555555556,0.001474381656094319,0.4603174603174603,-0.001888073080360101,0.5873015873015873,0.002805945983608032,0.038556577745581855,0.5,0.00027432789753997284,0.4603174603174603,-0.0011341069369142497,0.5634920634920635,0.002562709176317516
2026-08-20,us_developed_ex_us,-0.012035153336014903,0.42857142857142855,-0.0005909811023067461,0.5238095238095238,-0.0006783308549615482,0.47619047619047616,0.0007435188502455313,-0.005822554506679012,0.5079365079365079,-0.00012720344979419738,0.47619047619047616,-0.0016787893334104585,0.5238095238095238,0.001766043027258551,0.05060500139233626,0.5158730158730159,0.00034031413315995516,0.46825396825396826,-0.0007973216301763722,0.48412698412698413,0.000153284847419234
2026-08-20,developed_em,0.012506034831681223,0.6190476190476191,0.0006011273706021814,0.5238095238095238,0.00023678336021068107,0.5714285714285714,0.0006545920690720353,0.018396818548939597,0.5396825396825397,0.00028819420139099207,0.49206349206349204,0.0004123850540402609,0.5714285714285714,0.00020459304992662526,0.021876034410603262,0.5238095238095238,0.0001756463581198109,0.5,0.00028745290341933776,0.49206349206349204,-3.254131476143882e-05
2026-08-20,cyclical_defensive,0.01704946877922442,0.5238095238095238,0.0007957802587249717,0.6666666666666666,0.00413944839384873,0.42857142857142855,-0.003268842654859775,0.004539947852155057,0.5238095238095238,5.205825414291492e-05,0.6666666666666666,0.0034812679306116655,0.3968253968253968,-0.003565161209665454,0.047463001452312525,0.5555555555555556,0.0003556243865899063,0.6904761904761905,0.003028552445265156,0.35714285714285715,-0.003182642876758785
2026-08-21,growth_value,-0.01252141336789947,0.47619047619047616,-0.0005396166230247026,0.7142857142857143,0.004561551767985112,0.23809523809523808,-0.006537594206014138,-0.10658249278585341,0.4126984126984127,-0.00172917363173742,0.6349206349206349,0.0033324086613158417,0.23809523809523808,-0.004885224008330706,-0.06046611265683166,0.46825396825396826,-0.0004470771420377505,0.6428571428571429,0.0025783349363241517,0.2777777777777778,-0.004339842920315598
2026-08-21,large_small,0.011630825765362562,0.5238095238095238,0.0005392589473888686,0.47619047619047616,0.0007477458786353424,0.6190476190476191,0.0005971927826561942,-0.024249220618250966,0.49206349206349204,-0.0004100772418026809,0.38095238095238093,-0.0017334686927256342,0.6666666666666666,0.001591966173032532,-0.02026942111244745,0.5079365079365079,-0.00019671477522655487,0.3888888888888889,-0.0018057418772099466,0.6428571428571429,0.0012865862451919175
2026-08-21,cap_equal,-0.008317346985298402,0.38095238095238093,-0.0003911262969690772,0.6190476190476191,0.0018989937590129975,0.23809523809523808,-0.0026721598751263307,-0.04914178627548116,0.42857142857142855,-0.0007878688324558708,0.6507936507936508,0.0022210332182365585,0.30158730158730157,-0.0022650665259889157,0.01967656484196767,0.5,0.00016575729297542706,0.626984126984127,0.0016588079775805098,0.3412698412698413,-0.0018731297753644682
2026-08-21,small_value_large_growth,-0.012467005495638062,0.38095238095238093,-0.0006530246361687599,0.2857142857142857,-0.00431905395459165,0.5714285714285714,0.004740578384104878,0.09462084196298504,0.5396825396825397,0.001386088479353093,0.4444444444444444,-0.001901724877849108,0.5873015873015873,0.002805945983608032,0.042091462932162926,0.5,0.0003014337724729621,0.4603174603174603,-0.0009680098511233709,0.5634920634920635,0.002562709176317516
2026-08-21,us_developed_ex_us,-0.014265015094610867,0.42857142857142855,-0.0007002691386708705,0.47619047619047616,-0.0009415524342687549,0.47619047619047616,0.0007435188502455313,-0.004872690760941878,0.5079365079365079,-0.00011205546389469846,0.47619047619047616,-0.0016680280315029593,0.5238095238095238,0.001766043027258551,0.05154232815881432,0.5158730158730159,0.00034751260988525034,0.4603174603174603,-0.0008915229530701721,0.48412698412698413,0.000153284847419234
2026-08-21,developed_em,0.011260907184377889,0.6190476190476191,0.0005438838625400225,0.5714285714285714,0.0006398770372082844,0.5714285714285714,0.0006545920690720353,0.01265678918486679,0.5396825396825397,0.00019818773100171552,0.49206349206349204,0.0003421571405572888,0.5714285714285714,0.00020459304992662526,0.028464593469399224,0.5317460317460317,0.00022730250703026323,0.5079365079365079,0.0003196552324865519,0.49206349206349204,-3.254131476143882e-05
2026-08-21,cyclical_defensive,0.036353099471143846,0.5714285714285714,0.0016913752998674156,0.6666666666666666,0.004552282872713786,0.42857142857142855,-0.003268842654859775,0.016263677729969617,0.5396825396825397,0.00023687222288780132,0.6666666666666666,0.0035627963465039237,0.3968253968253968,-0.003565161209665454,0.05478917946071782,0.5555555555555556,0.0004111837972480871,0.6984126984126984,0.0031189346532698894,0.35714285714285715,-0.003182642876758785
2026-08-24,growth_value,-0.011331492410349142,0.47619047619047616,-0.00047957793931859466,0.7142857142857143,0.004561551767985112,0.23809523809523808,-0.007187950864972333,-0.11615414829085724,0.4126984126984127,-0.0018989770450283357,0.6349206349206349,0.0033324086613158417,0.23809523809523808,-0.005093365383089155,-0.07160617852616813,0.46825396825396826,-0.0005416049338675263,0.6428571428571429,0.0025783349363241517,0.2698412698412698,-0.004460949214830413
2026-08-24,large_small,0.011485954739091087,0.5238095238095238,0.0005318534285169099,0.47619047619047616,0.0007477458786353424,0.6666666666666666,0.0009961047948812405,-0.01578886998241147,0.5079365079365079,-0.00027276654007106385,0.38095238095238093,-0.0017334686927256342,0.6666666666666666,0.0016395807133954999,-0.021287601734111927,0.5079365079365079,-0.0002046222305114547,0.3888888888888889,-0.0018057418772099466,0.6428571428571429,0.0012588420643048805
2026-08-24,cap_equal,-0.005710331512670974,0.38095238095238093,-0.00026452113316704785,0.6190476190476191,0.0018989937590129975,0.23809523809523808,-0.0025062007593978815,-0.04813853808246926,0.42857142857142855,-0.0007705364268259985,0.6507936507936508,0.0022210332182365585,0.30158730158730157,-0.0022319963426299222,0.014705225061858673,0.49206349206349204,0.00012706275604232277,0.626984126984127,0.0016588079775805098,0.3412698412698413,-0.001902962364710923
2026-08-24,small_value_large_growth,-0.016418134033235,0.38095238095238093,-0.0008454243197613966,0.2857142857142857,-0.00431905395459165,0.5714285714285714,0.004823682844681297,0.09801280955429204,0.5396825396825397,0.0014339524162787058,0.4444444444444444,-0.001901724877849108,0.5873015873015873,0.0028880697847393326,0.055742616151996716,0.5079365079365079,0.00040363416257483206,0.4603174603174603,-0.0009680098511233709,0.5714285714285714,0.002668116998031821
2026-08-24,us_developed_ex_us,-0.013760062767387948,0.42857142857142855,-0.0006762062755677796,0.47619047619047616,-0.0009415524342687549,0.5238095238095238,0.0009109097135152675,-0.01091191927231594,0.5079365079365079,-0.00020888179918076416,0.47619047619047616,-0.0016680280315029593,0.5396825396825397,0.0018731549446984908,0.06017359691540847,0.5238095238095238,0.00041192744558919936,0.4603174603174603,-0.0008915229530701721,0.48412698412698413,0.0001538390921945205
2026-08-24,developed_em,0.010132581796207685,0.6190476190476191,0.0004904008373033503,0.5714285714285714,0.0006398770372082844,0.5714285714285714,0.0004117075584102247,0.023933749736070986,0.5555555555555556,0.0003737570642211268,0.49206349206349204,0.0003421571405572888,0.5873015873015873,0.0002847976096551947,0.028358775313787055,0.5317460317460317,0.0002264920945505073,0.5079365079365079,0.0003196552324865519,0.5,3.171389382199549e-07
2026-08-24,cyclical_defensive,0.02527217489622524,0.5238095238095238,0.001176842574430036,0.6666666666666666,0.004552282872713786,0.42857142857142855,-0.00337175920056195,0.008716633414496355,0.5396825396825397,0.00011803559465106692,0.6666666666666666,0.0035627963465039237,0.38095238095238093,-0.0037164178649969682,0.06943277985816576,0.5555555555555556,0.0005200441896959026,0.6984126984126984,0.0031189346532698894,0.35714285714285715,-0.003238130109114044
2026-08-25,growth_value,0.0057736698024590805,0.5238095238095238,0.0003386517667497371,0.7619047619047619,0.006180085014336983,0.23809523809523808,-0.007187950864972333,-0.1074707894104433,0.42857142857142855,-0.0017431235117753108,0.6349206349206349,0.00332096788536761,0.23809523809523808,-0.005093365383089155,-0.0694930075280692,0.46825396825396826,-0.0005236802863216163,0.6428571428571429,0.0025520734452460373,0.2698412698412698,-0.004460949214830413
2026-08-25,large_small,0.015569415974659773,0.5238095238095238,0.0007243318653142554,0.47619047619047616,0.0010544497761593111,0.6666666666666666,0.0009961047948812405,-0.005368944337815429,0.5079365079365079,-0.00010325603309378916,0.38095238095238093,-0.0017148257443834597,0.6666666666666666,0.0016395807133954999,-0.0194208979739261,0.5079365079365079,-0.000189302398689344,0.3888888888888889,-0.0018047773743138796,0.6428571428571429,0.0012588420643048805
2026-08-25,cap_equal,0.005493916078334049,0.42857142857142855,0.0002706532552840918,0.6666666666666666,0.0023267652472098825,0.23809523809523808,-0.0025062007593978815,-0.0458385411372072,0.42857142857142855,-0.0007322917028954336,0.6507936507936508,0.0021890153444752247,0.30158730158730157,-0.0022319963426299222,0.019398280958206948,0.5,0.00016376569975780375,0.626984126984127,0.0016561357318536415,0.3412698412698413,-0.001902962364710923
2026-08-25,small_value_large_growth,-0.027845953636663534,0.3333333333333333,-0.0014025784438041135,0.23809523809523808,-0.0054624489533892885,0.5714285714285714,0.004823682844681297,0.08218147906110151,0.5238095238095238,0.0012013544862655887,0.4444444444444444,-0.0018507418515739055,0.5873015873015873,0.0028880697847393326,0.05413181823616764,0.5079365079365079,0.00039154909982063043,0.4603174603174603,-0.0009561438354455056,0.5714285714285714,0.002668116998031821
2026-08-25,us_developed_ex_us,-0.017669518294008757,0.42857142857142855,-0.000867124626429429,0.47619047619047616,-0.0007279255352565318,0.5238095238095238,0.0009109097135152675,-0.006723564031945406,0.5079365079365079,-0.00014019794660448767,0.47619047619047616,-0.001765438480444263,0.5396825396825397,0.0018731549446984908,0.04838373737759305,0.5158730158730159,0.0003226137089341819,0.4603174603174603,-0.0009398283477660538,0.48412698412698413,0.0001538390921945205
2026-08-25,developed_em,0.012248390959666677,0.6190476190476191,0.0005903504434224086,0.5238095238095238,-0.0001498659983454913,0.5714285714285714,0.0004117075584102247,0.025207713394688636,0.5555555555555556,0.0003940617131418914,0.49206349206349204,0.0003625625282324112,0.5873015873015873,0.0002847976096551947,0.03394212415967335,0.5317460317460317,0.000269752229098485,0.5,0.00028978893017428837,0.5,3.171389382199549e-07
2026-08-25,cyclical_defensive,0.023334210834728086,0.5238095238095238,0.0010871737027769543,0.6666666666666666,0.00444520733671548,0.42857142857142855,-0.00337175920056195,-0.0020504306560288343,0.5238095238095238,-5.169545144574575e-05,0.6666666666666666,0.0035984362958552426,0.38095238095238093,-0.0037164178649969682,0.06391284125290309,0.5476190476190477,0.00047889965586064024,0.6904761904761905,0.0030984726984135827,0.35714285714285715,-0.003238130109114044
2026-08-26,growth_value,0.019280511540954226,0.5238095238095238,0.0009751551419459471,0.7142857142857143,0.004935747610545107,0.23809523809523808,-0.007187950864972333,-0.11045039369661802,0.4126984126984127,-0.0017961853354279962,0.6190476190476191,0.003246235547831948,0.23809523809523808,-0.005093365383089155,-0.07996574921469168,0.4603174603174603,-0.0006141332584013083,0.6428571428571429,0.0025738771675693265,0.2698412698412698,-0.004460949214830413
2026-08-26,large_small,0.015371875628863663,0.5238095238095238,0.0007149144630376245,0.47619047619047616,0.00024086517162780208,0.6666666666666666,0.0009961047948812405,-0.004341043598340866,0.5079365079365079,-8.686837725941075e-05,0.38095238095238093,-0.0017088181129425257,0.6666666666666666,0.0016395807133954999,-0.021342362139454618,0.5079365079365079,-0.0002050230816296166,0.3968253968253968,-0.0017765419506495768,0.6428571428571429,0.0012588420643048805
2026-08-26,cap_equal,0.01346405486523139,0.42857142857142855,0.0006496454579038289,0.6190476190476191,0.0021002178425528657,0.23809523809523808,-0.0025062007593978815,-0.047610963068132284,0.4126984126984127,-0.0007618187029708188,0.6349206349206349,0.0021247804331036417,0.30158730158730157,-0.0022319963426299222,0.010140303705920672,0.49206349206349204,9.10698533030861e-05,0.626984126984127,0.0016788953475492595,0.3412698412698413,-0.001902962364710923
2026-08-26,small_value_large_growth,-0.042303496982597055,0.2857142857142857,-0.0021171268445213188,0.23809523809523808,-0.004286436927453933,0.5714285714285714,0.004823682844681297,0.08122199932475493,0.5079365079365079,0.00118728405848214,0.4444444444444444,-0.001796511672672918,0.5873015873015873,0.0028880697847393326,0.06219917630560934,0.5079365079365079,0.0004526358260061948,0.4523809523809524,-0.000998459815792781,0.5714285714285714,0.002668116998031821
2026-08-26,us_developed_ex_us,-0.020725990494426694,0.42857142857142855,-0.0010153624412803414,0.47619047619047616,-0.0008996521603759818,0.5238095238095238,0.0009109097135152675,-0.006790415400814376,0.5079365079365079,-0.00014122393903391573,0.49206349206349204,-0.0015102721948085805,0.5396825396825397,0.0018731549446984908,0.057425407304096954,0.5238095238095238,0.0003909703053941916,0.4603174603174603,-0.0009043418731627043,0.48412698412698413,0.0001538390921945205
2026-08-26,developed_em,0.004516208510483732,0.5714285714285714,0.00022662970178216878,0.5238095238095238,-0.00014021377187090067,0.5714285714285714,0.0004117075584102247,0.026454662809457297,0.5555555555555556,0.00041332058668115787,0.47619047619047616,0.0002372821272686304,0.5873015873015873,0.0002847976096551947,0.022843965843272862,0.5238095238095238,0.00018378932487529896,0.49206349206349204,0.00018877560473973707,0.5,3.171389382199549e-07
2026-08-26,cyclical_defensive,0.036219553245677716,0.5714285714285714,0.0016863913354544196,0.6666666666666666,0.004476506600679074,0.42857142857142855,-0.00337175920056195,0.0062962748684862735,0.5396825396825397,8.056096060150299e-05,0.6666666666666666,0.0036520533047338538,0.38095238095238093,-0.0037164178649969682,0.06679527932723461,0.5476190476190477,0.0005003714710654352,0.6904761904761905,0.0031318758342196193,0.35714285714285715,-0.003238130109114044
2026-08-27,growth_value,0.05228697151812822,0.5714285714285714,0.002491601827430536,0.7142857142857143,0.0050171698755513945,0.23809523809523808,-0.007187950864972333,-0.10141934035360145,0.4126984126984127,-0.0016345070787510887,0.6349206349206349,0.003637248924813948,0.23809523809523808,-0.005093365383089155,-0.05016498298036398,0.46825396825396826,-0.00036032268750099374,0.6428571428571429,0.0027204169857177893,0.2698412698412698,-0.004460949214830413
2026-08-27,large_small,0.018196274835280857,0.5238095238095238,0.0008485710367112627,0.47619047619047616,0.0002723440952565868,0.6666666666666666,0.0009961047948812405,-0.0009026973658404769,0.5079365079365079,-3.1891067163503095e-05,0.3968253968253968,-0.0015981215826730236,0.6666666666666666,0.0016395807133954999,-0.008611167872755732,0.5158730158730159,-0.00010226442385906783,0.3968253968253968,-0.0017587114940932267,0.6428571428571429,0.0012588420643048805
2026-08-27,cap_equal,0.029779036492965982,0.47619047619047616,0.001407176265815615,0.6190476190476191,0.0021203753071006464,0.23809523809523808,-0.0025062007593978815,-0.04028567096668645,0.4126984126984127,-0.000640063997659717,0.6507936507936508,0.0023229499243713554,0.30158730158730157,-0.0022319963426299222,0.03127876845944466,0.5,0.00025557527702369757,0.6349206349206349,0.0017586959337298946,0.3412698412698413,-0.001902962364710923
2026-08-27,small_value_large_growth,-0.06638099410645248,0.23809523809523808,-0.0033293217767227166,0.23809523809523808,-0.004166375185380867,0.5714285714285714,0.004823682844681297,0.07368037393281224,0.5079365079365079,0.001074722908145541,0.42857142857142855,-0.0021046881565584268,0.5873015873015873,0.0028880697847393326,0.030324071930192043,0.5,0.00020987466397884248,0.4523809523809524,-0.0010899497471110143,0.5714285714285714,0.002668116998031821
2026-08-27,us_developed_ex_us,-0.008223007345118716,0.47619047619047616,-0.0004137607442596788,0.47619047619047616,-0.0007352182390926165,0.5238095238095238,0.0009109097135152675,-0.002788657307485898,0.5079365079365079,-7.729073231687439e-05,0.5079365079365079,-0.0014029788822054788,0.5396825396825397,0.0018731549446984908,0.06952022522728307,0.5317460317460317,0.0004813320536980567,0.46825396825396826,-0.0008307810303644015,0.48412698412698413,0.0001538390921945205
2026-08-27,developed_em,-0.006554654603511789,0.5238095238095238,-0.00029912479198634934,0.5238095238095238,-0.0002456262634255764,0.5714285714285714,0.0004117075584102247,0.010014102415276227,0.5396825396825397,0.00015700161038847133,0.47619047619047616,0.00015488490832981148,0.5873015873015873,0.0002847976096551947,0.003099054084034547,0.5158730158730159,2.95818121954122e-05,0.49206349206349204,0.0001574662569149411,0.5,3.171389382199549e-07
2026-08-27,cyclical_defensive,0.0445337110319719,0.6190476190476191,0.0020638083023813347,0.6666666666666666,0.0038930256480532353,0.42857142857142855,-0.00337175920056195,0.010044983507051741,0.5555555555555556,0.00013905754754019536,0.6666666666666666,0.003535251017747051,0.38095238095238093,-0.0037164178649969682,0.06349832911146236,0.5476190476190477,0.0004755072645946544,0.6984126984126984,0.003184293569254384,0.35714285714285715,-0.003238130109114044
2026-08-28,growth_value,0.014470314787171867,0.5238095238095238,0.0007306398350775426,0.7142857142857143,0.0050171698755513945,0.19047619047619047,-0.008465271065462,-0.1176007637996882,0.3968253968253968,-0.0019226005338151527,0.6349206349206349,0.003637248924813948,0.23809523809523808,-0.005195703437765783,-0.052795119057711504,0.46825396825396826,-0.0003823271740992242,0.6428571428571429,0.0027204169857177893,0.2619047619047619,-0.004619774226247753
2026-08-28,large_small,0.026737699826065775,0.5238095238095238,0.0012404417255127895,0.47619047619047616,0.0002723440952565868,0.7142857142857143,0.0017911484036205857,0.001313598524114834,0.5079365079365079,2.0447771650492337e-06,0.3968253968253968,-0.0015981215826730236,0.6666666666666666,0.0017457224500077118,-0.010369210760086567,0.5158730158730159,-0.00011595508417319666,0.3968253968253968,-0.0017587114940932267,0.6428571428571429,0.001336008911954041
2026-08-28,cap_equal,0.012335022209344793,0.47619047619047616,0.0005869055333627191,0.6190476190476191,0.0021203753071006464,0.2857142857142857,-0.002430331110680885,-0.03888476412697073,0.42857142857142855,-0.0006169513395109894,0.6507936507936508,0.0023229499243713554,0.31746031746031744,-0.0021817416501500914,0.038679823850418904,0.5079365079365079,0.0003122161373828917,0.6349206349206349,0.0017586959337298946,0.3412698412698413,-0.0019386718216103753
2026-08-28,small_value_large_growth,-0.0375170548927064,0.2857142857142857,-0.0018597471419277251,0.23809523809523808,-0.004166375185380867,0.6190476190476191,0.005016288012523465,0.08965452378174232,0.5238095238095238,0.001308748213052549,0.42857142857142855,-0.0021046881565584268,0.5873015873015873,0.002887197453504694,0.04042812169275978,0.5079365079365079,0.00028643001100997224,0.4523809523809524,-0.0010899497471110143,0.5793650793650794,0.002723270770574939
2026-08-28,us_developed_ex_us,0.007810831417334851,0.5238095238095238,0.0003658868342668703,0.47619047619047616,-0.0007352182390926165,0.5238095238095238,0.0006779400264696029,-0.002048748903934583,0.5079365079365079,-6.564630801557634e-05,0.5079365079365079,-0.0014029788822054788,0.5555555555555556,0.002031457059771323,0.07557074912818007,0.5396825396825397,0.000525955089757202,0.46825396825396826,-0.0008307810303644015,0.48412698412698413,5.0911978182777326e-05
2026-08-28,developed_em,-0.016244075455379425,0.47619047619047616,-0.000776378092100056,0.5238095238095238,-0.0002456262634255764,0.5714285714285714,0.0005732799211208416,0.006817013154536422,0.5238095238095238,0.00010674782225053625,0.47619047619047616,0.00015488490832981148,0.5873015873015873,0.00028290872127881327,-0.00013431414252151885,0.5079365079365079,4.032023729888798e-06,0.49206349206349204,0.0001574662569149411,0.5,4.5215261698613965e-05
2026-08-28,cyclical_defensive,0.029326974110169157,0.6190476190476191,0.0013698236037650695,0.6666666666666666,0.0038930256480532353,0.47619047619047616,-0.002249518673174916,0.009056365595792704,0.5555555555555556,0.00012423071225810964,0.6666666666666666,0.003535251017747051,0.3968253968253968,-0.003560714450379336,0.08312662248943425,0.5555555555555556,0.0006214166072697172,0.6984126984126984,0.003184293569254384,0.35714285714285715,-0.003264486810754189
2026-08-31,growth_value,0.01655526376867411,0.5238095238095238,0.0008267915790657543,0.7142857142857143,0.0050171698755513945,0.23809523809523808,-0.0074932025955003955,-0.12120030551801564,0.3968253968253968,-0.001988096964264597,0.6349206349206349,0.003637248924813948,0.25396825396825395,-0.004988014960766405,-0.0521274269615396,0.46825396825396826,-0.00037687588058712225,0.6428571428571429,0.0027204169857177893,0.2698412698412698,-0.004543567803834278
2026-08-31,large_small,0.018610650135327367,0.5238095238095238,0.0008609099990749758,0.47619047619047616,0.0002723440952565868,0.7142857142857143,0.0018347573495821928,-0.003002149489754191,0.5079365079365079,-6.659650323271641e-05,0.3968253968253968,-0.0015981215826730236,0.6666666666666666,0.0017229331368223653,0.0007530665557409222,0.5238095238095238,-2.7042892291196886e-05,0.3968253968253968,-0.0017587114940932267,0.6428571428571429,0.0013338554504174081
2026-08-31,cap_equal,0.006299855605024218,0.47619047619047616,0.00030039459240218037,0.6190476190476191,0.0021203753071006464,0.3333333333333333,-0.002084544201519907,-0.036948382964859805,0.42857142857142855,-0.0005852416790955136,0.6507936507936508,0.0023229499243713554,0.3333333333333333,-0.0020987757095447482,0.03918875338358996,0.5079365079365079,0.00031601356561293954,0.6349206349206349,0.0017586959337298946,0.3492063492063492,-0.0018985407989934619
2026-08-31,small_value_large_growth,-0.03333473026434264,0.2857142857142857,-0.0016512003275897128,0.23809523809523808,-0.004166375185380867,0.5714285714285714,0.004195028123532552,0.09705686400270297,0.5238095238095238,0.0014166867962281543,0.42857142857142855,-0.0021046881565584268,0.5714285714285714,0.0027539840256358516,0.030158280286351813,0.5,0.00020767817670584433,0.4523809523809524,-0.0010899497471110143,0.5793650793650794,0.0026898072841756203
2026-08-31,us_developed_ex_us,-0.0053973277204688586,0.47619047619047616,-0.0002617892794863802,0.47619047619047616,-0.0007352182390926165,0.47619047619047616,0.00012157832689589709,-0.00423165953329141,0.49206349206349204,-0.00010037994351942537,0.5079365079365079,-0.0014029788822054788,0.5555555555555556,0.0021386193524825926,0.05429852738465857,0.5317460317460317,0.0003686698414676368,0.46825396825396826,-0.0008307810303644015,0.48412698412698413,6.308415133735784e-05
2026-08-31,developed_em,0.002369532119498974,0.5238095238095238,0.00011696444617766606,0.5238095238095238,-0.0002456262634255764,0.6190476190476191,0.0009133966356874843,0.017056044929826486,0.5396825396825397,0.00026785474390849073,0.47619047619047616,0.00015488490832981148,0.5873015873015873,0.00024595784615213636,0.005166333741396079,0.5158730158730159,4.5578092243580765e-05,0.49206349206349204,0.0001574662569149411,0.5079365079365079,7.275539243897391e-05
2026-08-31,cyclical_defensive,0.0224403354818985,0.6190476190476191,0.0010493195942822694,0.6666666666666666,0.0038930256480532353,0.47619047619047616,-0.00226146188706362,-0.0005008605895445717,0.5555555555555556,-2.4901901450997372e-05,0.6666666666666666,0.003535251017747051,0.4126984126984127,-0.003121143259736515,0.07369207877191997,0.5555555555555556,0.000552257616141907,0.6984126984126984,0.003184293569254384,0.36507936507936506,-0.003170020768629303
2026-09-01,growth_value,-0.003886846352070039,0.47619047619047616,-0.00014601240067403323,0.7142857142857143,0.0050171698755513945,0.23809523809523808,-0.006605283559933754,-0.11857627635422963,0.3968253968253968,-0.0019393135460416642,0.6349206349206349,0.003637248924813948,0.25396825396825395,-0.005096591101595944,-0.06641293154345218,0.4603174603174603,-0.0004963556859871643,0.6428571428571429,0.0027204169857177893,0.2619047619047619,-0.004670079133630202
2026-09-01,large_small,0.024288634657840147,0.5714285714285714,0.0011255195663337188,0.47619047619047616,0.0002723440952565868,0.7142857142857143,0.0017397300733328611,0.007761679385157594,0.5238095238095238,0.00010395267942621257,0.3968253968253968,-0.0015981215826730236,0.6825396825396826,0.0018480376591979695,-0.0037409074267128473,0.5238095238095238,-6.218182739832247e-05,0.3968253968253968,-0.0017587114940932267,0.6428571428571429,0.0013338330768553558
2026-09-01,cap_equal,0.0032066398919279315,0.47619047619047616,0.00015078472615718633,0.6190476190476191,0.0021203753071006464,0.38095238095238093,-0.0016237374453357638,-0.033140087468010226,0.4444444444444444,-0.0005226480149754674,0.6507936507936508,0.0023229499243713554,0.3492063492063492,-0.002069265330740386,0.03696046150683863,0.5079365079365079,0.00029918901023128977,0.6349206349206349,0.0017586959337298946,0.3492063492063492,-0.0019294404815799453
2026-09-01,small_value_large_growth,-0.022842195466510673,0.3333333333333333,-0.0011330757995510357,0.23809523809523808,-0.004166375185380867,0.5714285714285714,0.0037394332439358276,0.08568062778953633,0.5238095238095238,0.00124981456466582,0.42857142857142855,-0.0021046881565584268,0.5714285714285714,0.002724177570321866,0.04287322993579368,0.5079365079365079,0.00030402824638016434,0.4523809523809524,-0.0010899497471110143,0.5873015873015873,0.002841595100152286
2026-09-01,us_developed_ex_us,-0.011333510682989156,0.47619047619047616,-0.0005529950139401327,0.47619047619047616,-0.0007352182390926165,0.5238095238095238,0.000645589458971466,0.0026955640074126652,0.5079365079365079,9.427300193480427e-06,0.5079365079365079,-0.0014029788822054788,0.5714285714285714,0.00221522081541698,0.03126301973404577,0.5317460317460317,0.00019761060376325781,0.46825396825396826,-0.0008307810303644015,0.48412698412698413,3.811412774016415e-05
2026-09-01,developed_em,-0.012037599921272846,0.47619047619047616,-0.0005698186156811724,0.5238095238095238,-0.0002456262634255764,0.5714285714285714,-0.00019073911839373987,0.00956921690737289,0.5396825396825397,0.0001524764555347036,0.47619047619047616,0.00015488490832981148,0.5714285714285714,-6.631980156540915e-05,-0.008966985127072169,0.5079365079365079,-6.624385827614526e-05,0.49206349206349204,0.0001574662569149411,0.5,-4.113403256236197e-05
2026-09-01,cyclical_defensive,-0.0013588203446474045,0.5714285714285714,-7.330672645291271e-05,0.6666666666666666,0.0038930256480532353,0.47619047619047616,-0.002174831365655037,-0.01768383177364663,0.5396825396825397,-0.0003001828859083651,0.6666666666666666,0.003535251017747051,0.4126984126984127,-0.0033031803650252645,0.06265928080919303,0.5555555555555556,0.0004700936858188066,0.6984126984126984,0.003184293569254384,0.36507936507936506,-0.003211160226313792
2026-09-02,growth_value,-0.0217475629818068,0.47619047619047616,-0.0010241975295561389,0.7142857142857143,0.0044024529684655415,0.23809523809523808,-0.006605283559933754,-0.10662059351515818,0.4126984126984127,-0.0017267588737406674,0.6349206349206349,0.003538108077176264,0.25396825396825395,-0.005096591101595944,-0.07090870218580092,0.4603174603174603,-0.0005349494276639181,0.6428571428571429,0.00270764430992425,0.2619047619047619,-0.004670079133630202
2026-09-02,large_small,0.017122648089816117,0.5714285714285714,0.0007886064595433094,0.42857142857142855,-0.0002427039182314884,0.7142857142857143,0.0017397300733328611,-0.006176399850794989,0.5079365079365079,-0.00011696357243005213,0.3968253968253968,-0.0015697109893139105,0.6825396825396826,0.0018480376591979695,-0.008035814400619179,0.5238095238095238,-9.674862979853443e-05,0.3888888888888889,-0.0018274305011882507,0.6428571428571429,0.0013338330768553558
2026-09-02,cap_equal,-0.000602331967011982,0.42857142857142855,-3.318027809530113e-05,0.5714285714285714,0.0017149698175812672,0.38095238095238093,-0.0016237374453357638,-0.030167547040882647,0.4444444444444444,-0.00047421722500462683,0.6507936507936508,0.0023222474738715526,0.3492063492063492,-0.002069265330740386,0.033612215921042576,0.5,0.00027338096490205804,0.626984126984127,0.0017481494123819412,0.3492063492063492,-0.0019294404815799453
2026-09-02,small_value_large_growth,0.0027727134534913933,0.38095238095238093,0.0001190584005956941,0.2857142857142857,-0.0030959615945677565,0.5714285714285714,0.0037394332439358276,0.09570456425910057,0.5396825396825397,0.001397036407706052,0.42857142857142855,-0.0020508837574620613,0.5714285714285714,0.002724177570321866,0.05168702887131649,0.5079365079365079,0.00037145388171054805,0.4603174603174603,-0.0009971400873734608,0.5873015873015873,0.002841595100152286
2026-09-02,us_developed_ex_us,-0.015390487713324297,0.42857142857142855,-0.0007510592998482794,0.47619047619047616,-0.00048463420073630557,0.5238095238095238,0.000645589458971466,-0.001157363481711693,0.49206349206349204,-5.1642006808756275e-05,0.5079365079365079,-0.0012125814415601104,0.5714285714285714,0.00221522081541698,0.03343720594123223,0.5317460317460317,0.00021454667542307966,0.46825396825396826,-0.0008454842174590063,0.48412698412698413,3.811412774016415e-05
2026-09-02,developed_em,-0.0067854459877275675,0.5238095238095238,-0.0003162222760051456,0.5714285714285714,0.00010517867669176553,0.5714285714285714,-0.00019073911839373987,0.009596057611918285,0.5396825396825397,0.00015416866511326556,0.47619047619047616,0.00019699817503050974,0.5714285714285714,-6.631980156540915e-05,-0.008990823363498213,0.5079365079365079,-6.66359659765387e-05,0.5,0.00020592379975820175,0.5,-4.113403256236197e-05
2026-09-02,cyclical_defensive,-0.007753148076149019,0.5714285714285714,-0.00038031035646539195,0.6666666666666666,0.0032691896897895515,0.47619047619047616,-0.002174831365655037,-0.012264072441215967,0.5555555555555556,-0.00021262159908519827,0.6666666666666666,0.0034126689428807568,0.4126984126984127,-0.0033031803650252645,0.060452928201935485,0.5555555555555556,0.00045362449330997606,0.7063492063492064,0.003289753518589871,0.36507936507936506,-0.003211160226313792
2026-09-03,growth_value,-0.016196312454890727,0.5238095238095238,-0.0007526286954141587,0.7142857142857143,0.004252446608469912,0.23809523809523808,-0.006605283559933754,-0.09770509181407672,0.42857142857142855,-0.0015679859299961552,0.6349206349206349,0.003582386726485936,0.25396825396825395,-0.005096591101595944,-0.07793677908314589,0.4603174603174603,-0.0005942652567646918,0.6428571428571429,0.0027061726715012133,0.2619047619047619,-0.004670079133630202
2026-09-03,large_small,0.02009674924383087,0.5714285714285714,0.0009310091788342369,0.47619047619047616,0.00031243419250246004,0.7142857142857143,0.0017397300733328611,0.01138375068921249,0.5238095238095238,0.00016351985169529715,0.4126984126984127,-0.0013547074595906573,0.6825396825396826,0.0018480376591979695,-0.014351327130752822,0.5238095238095238,-0.00014569205322319544,0.3888888888888889,-0.001784264150644659,0.6428571428571429,0.0013338330768553558
2026-09-03,cap_equal,0.002930194566910904,0.42857142857142855,0.00013641595736012588,0.5714285714285714,0.0017862253363439512,0.38095238095238093,-0.0016237374453357638,-0.022814015653491504,0.4603174603174603,-0.00035346445916246906,0.6507936507936508,0.002371585863358711,0.3492063492063492,-0.002069265330740386,0.03128264197189301,0.5,0.0002561440672820781,0.626984126984127,0.001769532896044686,0.3492063492063492,-0.0019294404815799453
2026-09-03,small_value_large_growth,-0.0023380336015670355,0.38095238095238093,-0.0001296121634754645,0.2857142857142857,-0.003395782227879417,0.5714285714285714,0.0037394332439358276,0.07193602375289587,0.5238095238095238,0.0010462048404809637,0.4126984126984127,-0.002297295869719739,0.5714285714285714,0.002724177570321866,0.061204207964466795,0.5079365079365079,0.00044082961777084745,0.4603174603174603,-0.0010647772902811483,0.5873015873015873,0.002841595100152286
2026-09-03,us_developed_ex_us,-0.011520667838746723,0.42857142857142855,-0.000564926169032349,0.42857142857142855,-0.0006802889319727157,0.5238095238095238,0.000645589458971466,-0.004376318208875074,0.47619047619047616,-0.00010317501591816482,0.5079365079365079,-0.0011185239680070334,0.5714285714285714,0.00221522081541698,0.014660412476494633,0.5238095238095238,7.10130809221251e-05,0.46825396825396826,-0.0008210980490906326,0.48412698412698413,3.811412774016415e-05
2026-09-03,developed_em,-0.0012445755284332671,0.5238095238095238,-4.8445348306386515e-05,0.5714285714285714,0.00048389752359318764,0.5714285714285714,-0.00019073911839373987,0.01498872799779516,0.5396825396825397,0.00023965970987300131,0.49206349206349204,0.00042597510656678094,0.5714285714285714,-6.631980156540915e-05,0.00970217541331797,0.5158730158730159,8.060631894528711e-05,0.5,0.00026032654102874504,0.5,-4.113403256236197e-05
2026-09-03,cyclical_defensive,-0.0034982758489745525,0.6190476190476191,-0.00017603108320712632,0.6666666666666666,0.0029411719730712375,0.47619047619047616,-0.002174831365655037,-0.006587146214830031,0.5714285714285714,-0.0001210248269958946,0.6666666666666666,0.0034520264833796184,0.4126984126984127,-0.0033031803650252645,0.055377981851364,0.5555555555555556,0.0004163808902389613,0.7142857142857143,0.0034411385963406026,0.36507936507936506,-0.003211160226313792
2026-09-04,growth_value,-0.006585599467920367,0.5714285714285714,-0.00029102336083870154,0.7142857142857143,0.004252446608469912,0.2857142857142857,-0.005556628084759503,-0.07903288698181854,0.4444444444444444,-0.0012489272432963515,0.6349206349206349,0.003582386726485936,0.2698412698412698,-0.004942497102060663,-0.07168689322956179,0.46825396825396826,-0.0005408485539641508,0.6428571428571429,0.0027061726715012133,0.2619047619047619,-0.004687693984070054
2026-09-04,large_small,0.010468093496437847,0.5238095238095238,0.0004800536258955855,0.47619047619047616,0.00031243419250246004,0.6666666666666666,0.0012624990693444445,-0.005151212179082876,0.5079365079365079,-9.321354963906823e-05,0.4126984126984127,-0.0013547074595906573,0.6666666666666666,0.0016742165690189484,-0.03037203274514244,0.5158730158730159,-0.00027431119100816584,0.3888888888888889,-0.001784264150644659,0.6349206349206349,0.0012305233837576273
2026-09-04,cap_equal,0.00019900055251964588,0.42857142857142855,6.966557191240022e-06,0.5714285714285714,0.0017862253363439512,0.42857142857142855,-0.0014135716898690505,-0.010286977794548124,0.47619047619047616,-0.00015509370819023782,0.6507936507936508,0.002371585863358711,0.3492063492063492,-0.00206683296987409,0.03347734872478991,0.5079365079365079,0.00027286491463846164,0.626984126984127,0.001769532896044686,0.3492063492063492,-0.0019647645257173875
2026-09-04,small_value_large_growth,0.004261284356733119,0.42857142857142855,0.00018422334338530884,0.2857142857142857,-0.003395782227879417,0.5714285714285714,0.003634938998809136,0.06912782725807953,0.5238095238095238,0.001007862418988838,0.4126984126984127,-0.002297295869719739,0.5873015873015873,0.0028728748440773394,0.07327608937281749,0.5158730158730159,0.0005297229856947213,0.4603174603174603,-0.0010647772902811483,0.5952380952380952,0.002966313422914832
2026-09-04,us_developed_ex_us,-0.020531794490037614,0.38095238095238093,-0.0010010478406118825,0.42857142857142855,-0.0006802889319727157,0.47619047619047616,-0.00018322046551681802,-0.02236164491453696,0.4603174603174603,-0.00038715839982235016,0.5079365079365079,-0.0011185239680070334,0.5714285714285714,0.002196155386993243,0.013108870621443725,0.5238095238095238,5.8324588473652775e-05,0.46825396825396826,-0.0008210980490906326,0.47619047619047616,-5.54750532859653e-05
2026-09-04,developed_em,-0.0018965238455254108,0.5238095238095238,-8.060299953086389e-05,0.5714285714285714,0.00048389752359318764,0.5238095238095238,-0.0005426874210382882,0.011273506845531633,0.5238095238095238,0.00018156741666005896,0.49206349206349204,0.00042597510656678094,0.5555555555555556,-0.00016410287325128629,0.0075103425074667385,0.5158730158730159,6.317103286352086e-05,0.5,0.00026032654102874504,0.5,-3.77570227348861e-05
2026-09-04,cyclical_defensive,-0.003898288754721757,0.5714285714285714,-0.0001950928529214635,0.6666666666666666,0.0029411719730712375,0.47619047619047616,-0.0016081893479923258,0.017765134274251748,0.5714285714285714,0.0002628779158162247,0.6666666666666666,0.0034520264833796184,0.4126984126984127,-0.002941175705616975,0.06580753359458602,0.5555555555555556,0.0004938603689485498,0.7142857142857143,0.0034411385963406026,0.35714285714285715,-0.0032434126148563154
2026-09-08,growth_value,-0.004837101870732385,0.5714285714285714,-0.00020976352317049143,0.7142857142857143,0.004252446608469912,0.2857142857142857,-0.005983767103855324,-0.07326119932837738,0.4603174603174603,-0.0011501543950103695,0.6349206349206349,0.003582386726485936,0.2857142857142857,-0.0046886981815509494,-0.07387554347656222,0.46825396825396826,-0.0005602943161448396,0.6428571428571429,0.0027061726715012133,0.2698412698412698,-0.0046029352721129796
2026-09-08,large_small,0.012772145040364391,0.5238095238095238,0.0005904085064765352,0.47619047619047616,0.00031243419250246004,0.6190476190476191,0.0009341129108157986,-0.0003625297764499047,0.5079365079365079,-1.6338219632542532e-05,0.4126984126984127,-0.0013547074595906573,0.6666666666666666,0.00180278938618582,-0.029304893997342485,0.5158730158730159,-0.00026534466165846943,0.3888888888888889,-0.001784264150644659,0.626984126984127,0.0011911345372284516
2026-09-08,cap_equal,0.005916249971485765,0.47619047619047616,0.0002767765541573388,0.5714285714285714,0.0017862253363439512,0.42857142857142855,-0.0015954615076937987,-0.008710832303632343,0.47619047619047616,-0.00013048568051997312,0.6507936507936508,0.002371585863358711,0.36507936507936506,-0.0018116510801253125,0.03245708035767714,0.5079365079365079,0.0002644456745758452,0.626984126984127,0.001769532896044686,0.35714285714285715,-0.0018854724108232873
2026-09-08,small_value_large_growth,0.0004478248144230701,0.42857142857142855,4.9869504008008615e-06,0.2857142857142857,-0.003395782227879417,0.5714285714285714,0.004108374384057682,0.05701531627934342,0.5079365079365079,0.0008269279259180779,0.4126984126984127,-0.002297295869719739,0.5714285714285714,0.0025567736865987566,0.0753605864615976,0.5158730158730159,0.0005458318452097824,0.4603174603174603,-0.0010647772902811483,0.5952380952380952,0.002935296363896219
2026-09-08,us_developed_ex_us,-0.01848942945460308,0.38095238095238093,-0.0009000430797041915,0.42857142857142855,-0.0006802889319727157,0.42857142857142855,-0.00037100356502594076,-0.01695248298350094,0.4603174603174603,-0.0002987535134032528,0.5079365079365079,-0.0011185239680070334,0.5714285714285714,0.002247350696216556,0.01267176275227433,0.5238095238095238,5.502600348625484e-05,0.46825396825396826,-0.0008210980490906326,0.47619047619047616,3.659824434641579e-05
2026-09-08,developed_em,-0.00482477073176546,0.47619047619047616,-0.00022135268475454413,0.5714285714285714,0.00048389752359318764,0.5238095238095238,-4.9504697193643244e-05,0.005668942635408847,0.5079365079365079,9.282761924070449e-05,0.49206349206349204,0.00042597510656678094,0.5396825396825397,-0.0003869077757831421,0.00917563185383341,0.5158730158730159,7.651279414285501e-05,0.5,0.00026032654102874504,0.49206349206349204,-5.7186603724013535e-05
2026-09-08,cyclical_defensive,5.024760947391904e-05,0.6190476190476191,-7.325723983781646e-06,0.6666666666666666,0.0029411719730712375,0.5238095238095238,-0.0013531771359711665,0.013233438716391266,0.5714285714285714,0.00019232875196946572,0.6666666666666666,0.0034520264833796184,0.4126984126984127,-0.003004833223822177,0.07386753599095375,0.5634920634920635,0.0005536101603240568,0.7142857142857143,0.0034411385963406026,0.36507936507936506,-0.003051808189162451
2026-09-09,growth_value,0.002726576622508192,0.6190476190476191,0.00015041501072877663,0.7142857142857143,0.004252446608469912,0.3333333333333333,-0.004869455122083212,-0.06129484905678928,0.47619047619047616,-0.0009469798103630055,0.6349206349206349,0.003582386726485936,0.30158730158730157,-0.004521374106182315,-0.0733212823415943,0.46825396825396826,-0.0005555824100761589,0.6428571428571429,0.0027061726715012133,0.2777777777777778,-0.004539606398671953
2026-09-09,large_small,0.01706764178335729,0.5238095238095238,0.0007886099094554273,0.47619047619047616,0.00031243419250246004,0.6190476190476191,0.001320715245582384,0.014471344675531794,0.5238095238095238,0.00021618124473598416,0.4126984126984127,-0.0013547074595906573,0.6666666666666666,0.0017506653176815904,-0.019194848615571303,0.5238095238095238,-0.0001837920184000655,0.3888888888888889,-0.001784264150644659,0.6349206349206349,0.0013376521315089259
2026-09-09,cap_equal,0.011888497914606333,0.5238095238095238,0.0005569543470998975,0.5714285714285714,0.0017862253363439512,0.47619047619047616,-0.001008553773315567,0.006827178206686435,0.49206349206349204,0.00011620487376789736,0.6507936507936508,0.002371585863358711,0.38095238095238093,-0.0016375251276621334,0.031542168029356166,0.5079365079365079,0.0002573381664194411,0.626984126984127,0.001769532896044686,0.36507936507936506,-0.0018276104789692643
2026-09-09,small_value_large_growth,-0.003260420407696585,0.42857142857142855,-0.00017025511945404728,0.2857142857142857,-0.003395782227879417,0.5238095238095238,0.0029722150134520757,0.03825493291886284,0.49206349206349204,0.0005436847066793467,0.4126984126984127,-0.002297295869719739,0.5714285714285714,0.0025866237258677957,0.06825577222531365,0.5079365079365079,0.0004935718538511111,0.4603174603174603,-0.0010647772902811483,0.5873015873015873,0.002770736927449911
2026-09-09,us_developed_ex_us,-0.02022992137593893,0.38095238095238093,-0.0009849437900918518,0.42857142857142855,-0.0006802889319727157,0.42857142857142855,-0.0006730727447423334,-0.011918188034078958,0.47619047619047616,-0.00021806588402178707,0.5079365079365079,-0.0011185239680070334,0.5873015873015873,0.0023621224437132054,0.019186908838995098,0.5317460317460317,0.00010572775217298077,0.46825396825396826,-0.0008210980490906326,0.48412698412698413,0.00011078150411919772
2026-09-09,developed_em,-0.004496699844112273,0.47619047619047616,-0.00020527791069884543,0.5714285714285714,0.00048389752359318764,0.47619047619047616,-0.00022752613601483866,0.005290998608578068,0.5079365079365079,8.720591099134523e-05,0.49206349206349204,0.00042597510656678094,0.5238095238095238,-0.00046023669304178194,0.012452480582494818,0.5158730158730159,0.00010258161279526268,0.5,0.00026032654102874504,0.49206349206349204,-6.717338560924269e-05
2026-09-09,cyclical_defensive,-0.007087860634503951,0.6190476190476191,-0.00035163069803363466,0.6666666666666666,0.0029411719730712375,0.5714285714285714,-0.0011227839929341312,0.022056237730366357,0.5873015873015873,0.00033061610944943985,0.6666666666666666,0.0034520264833796184,0.42857142857142855,-0.002764344939575772,0.07586797295397174,0.5634920634920635,0.0005682633070329213,0.7142857142857143,0.0034411385963406026,0.36507936507936506,-0.00308351724155947
2026-09-10,growth_value,-0.0006621228448933092,0.6190476190476191,-9.35503134017838e-06,0.7142857142857143,0.004252446608469912,0.3333333333333333,-0.003839028017245053,-0.06089478245983693,0.47619047619047616,-0.0009413100571318666,0.6349206349206349,0.003582386726485936,0.2857142857142857,-0.004727772879143675,-0.08126943624035243,0.4603174603174603,-0.0006236144740489287,0.6428571428571429,0.0027061726715012133,0.2777777777777778,-0.004578221526249562
2026-09-10,large_small,0.027105541419783385,0.5714285714285714,0.0012549599646727305,0.47619047619047616,0.00031243419250246004,0.6666666666666666,0.0016649357986493526,0.023345850494199016,0.5396825396825397,0.0003528799512264291,0.4126984126984127,-0.0013547074595906573,0.6666666666666666,0.0016780839339147898,-0.01668759683999732,0.5238095238095238,-0.00016374680851162702,0.3888888888888889,-0.001784264150644659,0.6349206349206349,0.0013431284221181979
2026-09-10,cap_equal,0.018173758814411745,0.5714285714285714,0.0008514230031529904,0.5714285714285714,0.0017862253363439512,0.5238095238095238,-0.00024252543046789286,0.010815866419104037,0.5079365079365079,0.00017817679761331393,0.6507936507936508,0.002371585863358711,0.38095238095238093,-0.001678789482030654,0.030319967923400304,0.5079365079365079,0.0002479223133224686,0.626984126984127,0.001769532896044686,0.373015873015873,-0.0018189567969222806
2026-09-10,small_value_large_growth,-0.0083781849407919,0.42857142857142855,-0.0004160547119523691,0.2857142857142857,-0.003395782227879417,0.5238095238095238,0.0015504001755736027,0.027009265971879914,0.49206349206349204,0.000373157747261212,0.4126984126984127,-0.002297295869719739,0.5873015873015873,0.0027574596170105593,0.07399448273572817,0.5158730158730159,0.0005358985635667527,0.4603174603174603,-0.0010647772902811483,0.5952380952380952,0.002795367699698331
2026-09-10,us_developed_ex_us,-0.008968730103975586,0.42857142857142855,-0.00044349470246109917,0.42857142857142855,-0.0006802889319727157,0.42857142857142855,-0.0006746184573930174,-0.004993271564960433,0.49206349206349204,-0.00010830560582175157,0.5079365079365079,-0.0011185239680070334,0.5873015873015873,0.0020668960618923367,0.024685785125877713,0.5317460317460317,0.00014798224086733203,0.46825396825396826,-0.0008210980490906326,0.49206349206349204,0.00022118185546668312
2026-09-10,developed_em,-0.00762180308193805,0.47619047619047616,-0.00035682171020574795,0.5714285714285714,0.00048389752359318764,0.5238095238095238,-6.970392793576823e-05,0.010582654877861586,0.5238095238095238,0.00016939490150225288,0.49206349206349204,0.00042597510656678094,0.5238095238095238,-0.0004192622121540638,0.018066141434301297,0.5238095238095238,0.00014613247083420747,0.5,0.00026032654102874504,0.5,-4.246693256181463e-05
2026-09-10,cyclical_defensive,-0.009907500181911444,0.5714285714285714,-0.000486729268603343,0.6666666666666666,0.0029411719730712375,0.5714285714285714,-0.0005433918706656485,0.03617438996511235,0.5873015873015873,0.0005471318380444133,0.6666666666666666,0.0034520264833796184,0.42857142857142855,-0.0027388524373770603,0.06353526357807726,0.5555555555555556,0.00047706823092284295,0.7142857142857143,0.0034411385963406026,0.36507936507936506,-0.003058550066966961
2026-09-11,growth_value,-0.008859603817973238,0.5714285714285714,-0.00040303091088433884,0.6666666666666666,0.004040264336670009,0.3333333333333333,-0.003839028017245053,-0.058555449194309106,0.47619047619047616,-0.0009009766390242096,0.6190476190476191,0.0032894698599376985,0.2857142857142857,-0.004727772879143675,-0.07811941330738903,0.4603174603174603,-0.0005970704169048574,0.6349206349206349,0.002696129794433724,0.2777777777777778,-0.004578221526249562
2026-09-11,large_small,0.03456911511181193,0.6190476190476191,0.0016016749405003204,0.47619047619047616,0.00015428458097100335,0.6666666666666666,0.0016649357986493526,0.04077763715231475,0.5555555555555556,0.0006260228456362008,0.42857142857142855,-0.0011798617642392389,0.6666666666666666,0.0016780839339147898,-0.018049293391656174,0.5238095238095238,-0.00017364623862000292,0.3968253968253968,-0.0017103633973692377,0.6349206349206349,0.0013431284221181979
2026-09-11,cap_equal,0.017979417143946685,0.5714285714285714,0.0008424721945085933,0.5714285714285714,0.0017855790826946686,0.5238095238095238,-0.00024252543046789286,0.009968770211661981,0.5079365079365079,0.00016458270673331516,0.6507936507936508,0.0022438483333913637,0.38095238095238093,-0.001678789482030654,0.03058835975986196,0.5079365079365079,0.00025005973809690284,0.6349206349206349,0.0017835376267175632,0.373015873015873,-0.0018189567969222806
2026-09-11,small_value_large_growth,-0.010520733784776581,0.42857142857142855,-0.0005196386319058552,0.2857142857142857,-0.0034630196175891768,0.5238095238095238,0.0015504001755736027,0.014909360283319684,0.47619047619047616,0.00018237460713709295,0.4126984126984127,-0.0021807021579176877,0.5873015873015873,0.0027574596170105593,0.0685538391199838,0.5079365079365079,0.0004954702971500097,0.4523809523809524,-0.001113635638655736,0.5952380952380952,0.002795367699698331
2026-09-11,us_developed_ex_us,-0.0061861490596907265,0.42857142857142855,-0.00030964779004251044,0.42857142857142855,-0.0007823589797544748,0.42857142857142855,-0.0006746184573930174,0.010950413263353553,0.49206349206349204,0.00015148424926682654,0.5079365079365079,-0.0010982929048114153,0.5873015873015873,0.0020668960618923367,0.01840736559148093,0.5238095238095238,9.954006454636674e-05,0.46825396825396826,-0.0008352674806661772,0.49206349206349204,0.00022118185546668312
2026-09-11,developed_em,-0.007336054229067801,0.47619047619047616,-0.0003426263319023488,0.6190476190476191,0.0008131387001245182,0.5238095238095238,-6.970392793576823e-05,0.0023019334042704287,0.5238095238095238,3.356550261948743e-05,0.49206349206349204,0.0004563340699883952,0.5238095238095238,-0.0004192622121540638,0.01894091420961419,0.5238095238095238,0.00015371244245531826,0.5079365079365079,0.00029575536335381777,0.5,-4.246693256181463e-05
2026-09-11,cyclical_defensive,0.004943412993148932,0.6190476190476191,0.00022330651747422977,0.6666666666666666,0.003155572636561144,0.5714285714285714,-0.0005433918706656485,0.029834807948618147,0.5873015873015873,0.00044820140766202844,0.6666666666666666,0.0033796779837544735,0.42857142857142855,-0.0027388524373770603,0.07850167349802883,0.5634920634920635,0.0005876985055521145,0.7142857142857143,0.00348319945603557,0.36507936507936506,-0.003058550066966961
2026-09-14,growth_value,-0.022431795187282555,0.5238095238095238,-0.001060031205996525,0.6666666666666666,0.004040264336670009,0.3333333333333333,-0.003751153552979846,-0.05671658466077145,0.47619047619047616,-0.0008687074122750733,0.6190476190476191,0.0032894698599376985,0.2698412698412698,-0.005033570321490036,-0.0742214542541938,0.4603174603174603,-0.0005638241538361936,0.6349206349206349,0.002696129794433724,0.2698412698412698,-0.004643350872507475
2026-09-14,large_small,0.029430524972362093,0.5714285714285714,0.0013639120764541858,0.47619047619047616,0.00015428458097100335,0.6666666666666666,0.0018504124947842054,0.04338746337764099,0.5555555555555556,0.0006662353797021392,0.42857142857142855,-0.0011798617642392389,0.6507936507936508,0.0014514663554095555,-0.017031904871339876,0.5238095238095238,-0.00016546708303905738,0.3968253968253968,-0.0017103633973692377,0.6349206349206349,0.00135062929090779
2026-09-14,cap_equal,0.01326628369520333,0.5714285714285714,0.0006221203621753332,0.5714285714285714,0.0017855790826946686,0.5238095238095238,-0.00038892024992952045,0.008455967501556083,0.5079365079365079,0.0001413602684436293,0.6507936507936508,0.0022438483333913637,0.36507936507936506,-0.0018553032716828882,0.031105240397239386,0.5079365079365079,0.0002539891574943512,0.6349206349206349,0.0017835376267175632,0.36507936507936506,-0.00186551838604182
2026-09-14,small_value_large_growth,0.0028350149173079764,0.47619047619047616,0.00011922824092746613,0.2857142857142857,-0.0034630196175891768,0.5238095238095238,0.0015675029927687861,0.010778281387185285,0.47619047619047616,0.00011602535271840231,0.4126984126984127,-0.0021807021579176877,0.6031746031746031,0.003172695965573648,0.06724879369436021,0.5079365079365079,0.00048598020833729236,0.4523809523809524,-0.001113635638655736,0.5952380952380952,0.002848995307825122
2026-09-14,us_developed_ex_us,-0.00029123682199261314,0.42857142857142855,-3.2592000700191826e-05,0.42857142857142855,-0.0007823589797544748,0.47619047619047616,-1.1099984804218196e-05,0.01786305128121124,0.49206349206349204,0.00025821102221550217,0.5079365079365079,-0.0010982929048114153,0.5873015873015873,0.0019381836517619573,0.021348093038956018,0.5238095238095238,0.00012220688175710597,0.46825396825396826,-0.0008352674806661772,0.49206349206349204,0.0002795053832401001
2026-09-14,developed_em,-0.012805293476696344,0.42857142857142855,-0.0006052706025347962,0.6190476190476191,0.0008131387001245182,0.47619047619047616,-0.0007061516338337541,0.005442861094945517,0.5238095238095238,8.38201823021847e-05,0.49206349206349204,0.0004563340699883952,0.5238095238095238,-0.00027036498132216815,0.024286635882231122,0.5238095238095238,0.0001949267224886862,0.5079365079365079,0.00029575536335381777,0.5,-2.899100071667918e-05
2026-09-14,cyclical_defensive,-0.0031520891098032466,0.6190476190476191,-0.00016042758042431287,0.6666666666666666,0.003155572636561144,0.5238095238095238,-0.0011695821954911835,0.013025185036855902,0.5714285714285714,0.00018673237237815273,0.6666666666666666,0.0033796779837544735,0.4126984126984127,-0.003049146682655103,0.07354018620185565,0.5634920634920635,0.0005512885652802897,0.7142857142857143,0.00348319945603557,0.36507936507936506,-0.003143455295909096
2026-09-15,growth_value,-0.02205647972322844,0.5238095238095238,-0.001041485767076596,0.6666666666666666,0.004040264336670009,0.2857142857142857,-0.0040902206795545145,-0.07109909687794658,0.4603174603174603,-0.0011159698887542005,0.6190476190476191,0.0032894698599376985,0.2698412698412698,-0.005063839347555488,-0.07915579594313737,0.4523809523809524,-0.0006064304303408353,0.6349206349206349,0.002696129794433724,0.2698412698412698,-0.004649404942598121
2026-09-15,large_small,0.03901134598596179,0.6190476190476191,0.0018049423397469395,0.47619047619047616,0.00015428458097100335,0.6666666666666666,0.0017744563718196263,0.03678673771880914,0.5555555555555556,0.0005634677205359783,0.42857142857142855,-0.0011798617642392389,0.6507936507936508,0.0013376045395825692,-0.015145815054192324,0.5238095238095238,-0.0001504228767171937,0.3968253968253968,-0.0017103633973692377,0.6349206349206349,0.0013496708990144769
2026-09-15,cap_equal,0.015761399185019842,0.6190476190476191,0.0007390757630285838,0.5714285714285714,0.0017855790826946686,0.5238095238095238,-0.0005099348842529409,-0.002962714259609145,0.5079365079365079,-4.158882269678264e-05,0.6507936507936508,0.0022438483333913637,0.38095238095238093,-0.0018317145867843276,0.02861944153912077,0.5079365079365079,0.0002346318637858111,0.6349206349206349,0.0017835376267175632,0.36507936507936506,-0.0018641775043834912
2026-09-15,small_value_large_growth,-0.0012776204402114022,0.47619047619047616,-7.68626814344277e-05,0.2857142857142857,-0.0034630196175891768,0.5714285714285714,0.00200523208119039,0.03752151077864618,0.49206349206349204,0.0005347089748801027,0.4126984126984127,-0.0021807021579176877,0.6190476190476191,0.0033116276511332633,0.07345724980554214,0.5158730158730159,0.0005322679827472583,0.4523809523809524,-0.001113635638655736,0.6031746031746031,0.002892165910120961
2026-09-15,us_developed_ex_us,-0.0008458077612772952,0.42857142857142855,-5.863209648070464e-05,0.42857142857142855,-0.0007823589797544748,0.42857142857142855,-0.00034128849062916206,0.010459794877272444,0.47619047619047616,0.00014133489434590334,0.5079365079365079,-0.0010982929048114153,0.5873015873015873,0.001996071664555411,0.030386440378981305,0.5238095238095238,0.0001935915976548013,0.46825396825396826,-0.0008352674806661772,0.49206349206349204,0.0003147774520438298
2026-09-15,developed_em,-0.013250880337540849,0.42857142857142855,-0.0006272855666792418,0.6190476190476191,0.0008131387001245182,0.5238095238095238,-0.00012555692220560575,0.019282575846726546,0.5396825396825397,0.00030311949909014207,0.49206349206349204,0.0004563340699883952,0.5396825396825397,-0.00019548343116936018,0.025325944799783118,0.5238095238095238,0.00020237322827844196,0.5079365079365079,0.00029575536335381777,0.5,-1.0051144151175462e-05
2026-09-15,cyclical_defensive,0.00037792231790900743,0.6190476190476191,6.4502872645625665e-06,0.6666666666666666,0.003155572636561144,0.5238095238095238,-0.0009446129069649605,0.01682862876534985,0.5714285714285714,0.00024584873205104143,0.6666666666666666,0.0033796779837544735,0.42857142857142855,-0.0027851714076436965,0.07919400164179402,0.5634920634920635,0.0005927063523420294,0.7142857142857143,0.00348319945603557,0.373015873015873,-0.003021158590538061
2026-09-16,growth_value,-0.018049961456004238,0.5238095238095238,-0.000847511408803707,0.6666666666666666,0.004040264336670009,0.3333333333333333,-0.0034406250076338316,-0.05728067384811053,0.47619047619047616,-0.000882687011067402,0.6190476190476191,0.0032894698599376985,0.2698412698412698,-0.004915712968123063,-0.06652613756965375,0.4603174603174603,-0.0004985657000921044,0.6349206349206349,0.002696129794433724,0.2698412698412698,-0.004572374348002218
2026-09-16,large_small,0.04055998736274802,0.6190476190476191,0.001875571918975165,0.47619047619047616,0.00015428458097100335,0.6190476190476191,0.0014140414648265089,0.03400150299158389,0.5396825396825397,0.000521081435617594,0.42857142857142855,-0.0011798617642392389,0.6507936507936508,0.0013555016565299624,-0.011848329955072345,0.5238095238095238,-0.00012376791850709175,0.3968253968253968,-0.0017103633973692377,0.6349206349206349,0.0013777986905936781
2026-09-16,cap_equal,0.015024249044371052,0.6190476190476191,0.000704852601575643,0.5714285714285714,0.0017855790826946686,0.5714285714285714,-0.00030408433173151073,0.003139696638508882,0.5238095238095238,5.47347698670139e-05,0.6507936507936508,0.0022438483333913637,0.38095238095238093,-0.0018705884853093678,0.035235650545396124,0.5158730158730159,0.0002854446219362307,0.6349206349206349,0.0017835376267175632,0.373015873015873,-0.0018368385836981015
2026-09-16,small_value_large_growth,-0.007794226359799095,0.47619047619047616,-0.00038729928625437705,0.2857142857142857,-0.0034630196175891768,0.5714285714285714,0.0015943110717164598,0.024917351861067027,0.47619047619047616,0.00034157316011560395,0.4126984126984127,-0.0021807021579176877,0.6031746031746031,0.0031527429294227957,0.05985419103907641,0.5079365079365079,0.00043124231904790287,0.4523809523809524,-0.001113635638655736,0.5952380952380952,0.0027972835494218073
2026-09-16,us_developed_ex_us,0.004684637872006903,0.42857142857142855,0.0002038809655317685,0.42857142857142855,-0.0007823589797544748,0.42857142857142855,-0.0002750657174235653,0.014898088031167322,0.47619047619047616,0.000210671203184323,0.5079365079365079,-0.0010982929048114153,0.5873015873015873,0.0020397320336146556,0.02991328187656106,0.5238095238095238,0.00018996121096655504,0.46825396825396826,-0.0008352674806661772,0.48412698412698413,0.0003000042773745088
2026-09-16,developed_em,-0.013204072490192842,0.42857142857142855,-0.0006242356500731006,0.6190476190476191,0.0008131387001245182,0.47619047619047616,-0.000327101405978887,0.005737046445474681,0.5238095238095238,9.186560504721477e-05,0.49206349206349204,0.0004563340699883952,0.5396825396825397,-0.00014971693169151662,0.023151898544200078,0.5238095238095238,0.00018561228013755062,0.5079365079365079,0.00029575536335381777,0.5,3.370633768888675e-05
2026-09-16,cyclical_defensive,-0.013577068831078565,0.5714285714285714,-0.0006582693647963217,0.6666666666666666,0.003155572636561144,0.5238095238095238,-0.0012894664507523614,0.004814846984052545,0.5555555555555556,5.823476675305282e-05,0.6666666666666666,0.0033796779837544735,0.4126984126984127,-0.002952424511140284,0.05619354582498337,0.5555555555555556,0.00042225014398568047,0.7142857142857143,0.00348319945603557,0.36507936507936506,-0.0031209776243943245
2026-09-17,growth_value,0.008234373476518453,0.5714285714285714,0.00040954218137769676,0.6666666666666666,0.0036290060241261596,0.3333333333333333,-0.0034406250076338316,-0.04456349754102906,0.49206349206349204,-0.0006689102380524768,0.6190476190476191,0.00340284578246258,0.2698412698412698,-0.004915712968123063,-0.05452284801778107,0.46825396825396826,-0.00039658740157524246,0.6349206349206349,0.0027347775762880415,0.2698412698412698,-0.004572374348002218
2026-09-17,large_small,0.04101711074296954,0.6190476190476191,0.0019011451863298096,0.47619047619047616,0.00042061552208277106,0.6190476190476191,0.0014140414648265089,0.045152619466630295,0.5555555555555556,0.0006912587315225882,0.42857142857142855,-0.00111468365415766,0.6507936507936508,0.0013555016565299624,-0.00885105165849931,0.5238095238095238,-9.90619889811641e-05,0.40476190476190477,-0.001663324846859136,0.6349206349206349,0.0013777986905936781
2026-09-17,cap_equal,0.023866658052660084,0.6666666666666666,0.0011197683854945039,0.5714285714285714,0.0017520123367668536,0.5714285714285714,-0.00030408433173151073,0.007059310007618613,0.5238095238095238,0.0001180145376591232,0.6507936507936508,0.0022784946061519774,0.38095238095238093,-0.0018705884853093678,0.042757126982189586,0.5238095238095238,0.00034322531262233444,0.6349206349206349,0.0018040663858669029,0.373015873015873,-0.0018368385836981015
2026-09-17,small_value_large_growth,-0.027087901615574284,0.42857142857142855,-0.0013240888235106813,0.2857142857142857,-0.0033759542007524607,0.5714285714285714,0.0015943110717164598,0.009695364921045169,0.4603174603174603,0.00010258396912201544,0.4126984126984127,-0.00233862311414985,0.6031746031746031,0.0031527429294227957,0.04698990733245467,0.5079365079365079,0.000333299017973889,0.4523809523809524,-0.001178606490760657,0.5952380952380952,0.0027972835494218073
2026-09-17,us_developed_ex_us,-0.006467672780711253,0.38095238095238093,-0.0003225564272773038,0.42857142857142855,-0.0004581041738191378,0.42857142857142855,-0.0002750657174235653,0.021626832824781284,0.47619047619047616,0.00031420122591576565,0.5079365079365079,-0.0009797626537012215,0.5873015873015873,0.0020397320336146556,0.02472585978479591,0.5158730158730159,0.00015018721881350527,0.4603174603174603,-0.0008613972410414638,0.48412698412698413,0.0003000042773745088
2026-09-17,developed_em,-0.007807110692906294,0.47619047619047616,-0.0003682136057875902,0.6190476190476191,0.0004819867265221206,0.47619047619047616,-0.000327101405978887,0.0044826523520444805,0.5238095238095238,7.219965360527074e-05,0.49206349206349204,0.00024320297346586757,0.5396825396825397,-0.00014971693169151662,0.021511228708637198,0.5238095238095238,0.00017314347684073086,0.5158730158730159,0.00030890248591226963,0.5,3.370633768888675e-05
2026-09-17,cyclical_defensive,-0.005557180836181175,0.5714285714285714,-0.00027143687861616757,0.6190476190476191,0.0025359536537425714,0.5238095238095238,-0.0012894664507523614,-0.0009829658205725567,0.5396825396825397,-3.248057369863822e-05,0.6666666666666666,0.0034097673838453047,0.4126984126984127,-0.002952424511140284,0.05195212348313327,0.5476190476190477,0.00039070351972139337,0.7063492063492064,0.0034456650384946837,0.36507936507936506,-0.0031209776243943245
2026-09-18,growth_value,0.03011411169526257,0.6190476190476191,0.0014334656677018344,0.7142857142857143,0.0041604170126182515,0.3333333333333333,-0.0034406250076338316,-0.03999705520727115,0.49206349206349204,-0.0005940126548461668,0.6349206349206349,0.003611851523125913,0.2698412698412698,-0.004915712968123063,-0.04238965802834915,0.47619047619047616,-0.000295377128009837,0.6349206349206349,0.00275316100562757,0.2698412698412698,-0.004572374348002218
2026-09-18,large_small,0.04841433508720128,0.6666666666666666,0.0022382015065338444,0.5238095238095238,0.0007118540157133392,0.6190476190476191,0.0014140414648265089,0.05963163136779359,0.5714285714285714,0.0009116084448834575,0.4444444444444444,-0.0009485166877142469,0.6507936507936508,0.0013555016565299624,0.004964884392088864,0.5317460317460317,1.0863517467226321e-05,0.4126984126984127,-0.0015894169903781584,0.6349206349206349,0.0013777986905936781
2026-09-18,cap_equal,0.03861726329821935,0.7142857142857143,0.0018028431460300701,0.5714285714285714,0.0017451728606927776,0.5714285714285714,-0.00030408433173151073,0.007428713921975971,0.5238095238095238,0.00012298543388195997,0.6666666666666666,0.0024058720615643746,0.38095238095238093,-0.0018705884853093678,0.05089221352257822,0.5317460317460317,0.0004047956209765569,0.6349206349206349,0.0018307557575831836,0.373015873015873,-0.0018368385836981015
2026-09-18,small_value_large_growth,-0.04596139257766496,0.38095238095238093,-0.002257454703194024,0.23809523809523808,-0.004139659586903184,0.5714285714285714,0.0015943110717164598,-0.0033057874071956705,0.4444444444444444,-0.00010357304240721849,0.3968253968253968,-0.0026376921905909073,0.6031746031746031,0.0031527429294227957,0.025767099244009994,0.5,0.00017067693880519597,0.4523809523809524,-0.0012487513209564107,0.5952380952380952,0.0027972835494218073
2026-09-18,us_developed_ex_us,0.005582773331405555,0.42857142857142855,0.00025064365626634296,0.42857142857142855,-6.826488365542702e-05,0.42857142857142855,-0.0002750657174235653,0.028337113100623812,0.47619047619047616,0.0004172506422124424,0.5079365079365079,-0.000992765560550156,0.5873015873015873,0.0020397320336146556,0.03338155445331581,0.5158730158730159,0.00021667561180917515,0.4603174603174603,-0.0008220812974793657,0.48412698412698413,0.0003000042773745088
2026-09-18,developed_em,-0.018864810449098046,0.47619047619047616,-0.0009003876623218428,0.6190476190476191,9.389094883499329e-05,0.47619047619047616,-0.000327101405978887,0.00020584237295340202,0.5238095238095238,6.522489469874672e-06,0.49206349206349204,6.347389718732615e-05,0.5396825396825397,-0.00014971693169151662,0.0076525674375087505,0.5158730158730159,6.499278321975453e-05,0.5158730158730159,0.0002353497635110139,0.5,3.370633768888675e-05
2026-09-18,cyclical_defensive,0.011560389300798946,0.6190476190476191,0.0005451992968977961,0.6190476190476191,0.0025920339629919866,0.5238095238095238,-0.0012894664507523614,0.003506456071522779,0.5396825396825397,3.824100662756386e-05,0.6825396825396826,0.0035547093585280498,0.4126984126984127,-0.002952424511140284,0.054659837387735166,0.5476190476190477,0.0004109524808905145,0.7142857142857143,0.003486081475058046,0.36507936507936506,-0.0031209776243943245
