date,EWJ,EXI,IWB,IWD,IWF,IWM,IWN,IWO,IXC,IXG,IXJ,IXN,IXP,JXI,KXI,MCHI,MXI,REET,RSP,RXI,SPY,VEA,VGK,VT,VTI,VWO,XLB,XLC,XLE,XLF,XLI,XLK,XLP,XLRE,XLU,XLV,XLY
2021-08-30,60.41543197631836,114.35689544677734,239.2516326904297,148.22174072265625,70.80559539794922,211.87451171875,148.6971435546875,295.1343078613281,20.283191680908203,69.17086029052734,82.53167724609375,58.464996337890625,81.75581359863281,54.46867370605469,55.192108154296875,61.82303237915039,79.93030548095703,24.952486038208008,143.84664916992188,158.35658264160156,422.6681213378906,44.9176025390625,59.25558090209961,96.35856628417969,217.7913360595703,44.153167724609375,38.881282806396484,81.02339935302734,20.311756134033203,35.25761795043945,97.17665100097656,76.90830993652344,63.18135070800781,40.10043716430664,29.517213821411133,124.85265350341797,87.90958404541016
2021-08-31,60.735084533691406,114.1346435546875,238.71641540527344,148.1490478515625,70.6065673828125,212.28794860839844,149.0151824951172,295.75360107421875,20.168546676635742,69.17086029052734,82.44770050048828,58.22291946411133,82.24925231933594,54.614768981933594,55.20983123779297,63.20698928833008,79.55076599121094,25.003671646118164,143.819091796875,159.11134338378906,422.0418395996094,44.9176025390625,59.09461212158203,96.40379333496094,217.38111877441406,44.6922492980957,38.76806640625,81.3273696899414,20.174205780029297,35.211769104003906,96.90774536132812,76.50375366210938,63.32157516479492,40.337318420410156,29.482805252075195,124.68663787841797,88.12071990966797
2021-09-01,61.72069549560547,114.55135345458984,239.06387329101562,148.11268615722656,70.78617095947266,213.7162322998047,149.6512451171875,298.4052429199219,19.980207443237305,69.28369140625,82.72762298583984,58.41658020019531,82.85233306884766,55.113224029541016,55.5023193359375,64.82310485839844,79.37822723388672,25.302248001098633,143.84664916992188,160.5360565185547,422.26617431640625,45.31146240234375,59.50977325439453,96.87400817871094,217.76336669921875,45.231327056884766,38.66843795776367,81.73580169677734,19.878263473510742,35.01003646850586,96.53681945800781,76.52303314208984,63.654563903808594,41.031036376953125,29.869945526123047,124.7235336303711,88.11592102050781
2021-09-02,62.004852294921875,115.50518035888672,239.8431854248047,149.0392303466797,70.77403259277344,215.200927734375,150.30543518066406,300.9794921875,20.414207458496094,69.43994140625,83.46475982666016,58.39720916748047,82.43199920654297,55.3796272277832,55.61753845214844,64.36773681640625,79.7060317993164,25.39609146118164,144.82203674316406,160.4510955810547,423.5653076171875,45.52552032470703,59.81476593017578,97.17240905761719,218.4998321533203,45.051631927490234,38.917510986328125,81.18489074707031,20.382614135742188,35.12923812866211,97.57535552978516,76.441162109375,63.89993667602539,41.22562789916992,30.14094352722168,126.06066131591797,88.11113739013672
2021-09-03,63.76296615600586,115.6533432006836,239.82444763183594,148.5123291015625,71.03858184814453,214.20489501953125,149.6239776611328,300.06011962890625,20.34869956970215,69.2923812866211,83.60472106933594,58.71673583984375,82.5051040649414,55.181968688964844,55.661865234375,64.3230972290039,80.13733673095703,25.40462303161621,144.35275268554688,160.5171661376953,423.4624328613281,45.748146057128906,59.60295486450195,97.34423828125,218.42530822753906,45.256996154785156,38.659385681152344,81.18489074707031,20.265907287597656,34.90917205810547,96.98191833496094,76.74456024169922,63.82106018066406,41.22562789916992,29.89145278930664,126.19900512695312,88.05834197998047
2021-09-07,64.42891693115234,114.60692596435547,238.8572540283203,147.27694702148438,71.00460052490234,212.72959899902344,148.83343505859375,297.5633850097656,20.266809463500977,68.97989654541016,83.15684509277344,58.62959289550781,83.05337524414062,54.45148849487305,55.30732727050781,66.01957702636719,79.66289520263672,25.114572525024414,143.14736938476562,161.65879821777344,421.9483947753906,45.63682556152344,59.37418746948242,97.08199310302734,217.48367309570312,45.63349533081055,38.405792236328125,81.3748550415039,20.1450252532959,34.69825744628906,95.30357360839844,76.76382446289062,63.08496856689453,40.76877975463867,29.495704650878906,125.46126556396484,88.31744384765625
2021-09-08,64.15365600585938,113.94017028808594,238.42529296875,147.19517517089844,70.79345703125,210.40866088867188,147.3433074951172,293.57623291015625,20.03752899169922,68.7195053100586,82.69963073730469,58.271331787109375,82.4868392944336,55.03587341308594,55.37823486328125,65.00167846679688,78.7140121459961,25.123106002807617,143.05535888671875,160.7436065673828,421.4343566894531,45.30289840698242,58.75571823120117,96.59368896484375,216.97093200683594,44.95750427246094,38.038997650146484,80.95691680908203,19.886598587036133,34.615745544433594,95.43338775634766,76.47004699707031,63.62826919555664,41.01411819458008,30.024799346923828,125.40592193603516,88.418212890625
2021-09-09,64.72193908691406,113.78274536132812,237.5050506591797,146.5684356689453,70.52161407470703,210.30532836914062,147.13433837890625,294.22454833984375,19.9965877532959,68.79762268066406,81.88783264160156,58.232601165771484,82.09391021728516,54.83821105957031,55.25415802001953,64.42131042480469,78.70539093017578,24.764816284179688,142.65048217773438,160.71531677246094,419.63055419921875,45.251522064208984,58.57780456542969,96.34048461914062,216.2157745361328,45.01741027832031,38.052574157714844,80.5579605102539,19.928281784057617,34.71661376953125,94.96975708007812,76.18111419677734,63.26022720336914,40.142738342285156,29.861343383789062,123.95812225341797,88.30305480957031
2021-09-10,64.6509017944336,113.31046295166016,235.62705993652344,145.45111083984375,69.96819305419922,208.24740600585938,145.61692810058594,291.54388427734375,19.9965877532959,68.42439270019531,81.06672668457031,57.796871185302734,81.32633972167969,54.133506774902344,55.05915069580078,64.18916320800781,78.6622543334961,24.43210792541504,141.71192932128906,159.84725952148438,416.3218994140625,45.12309265136719,58.40835952758789,95.85218811035156,214.50035095214844,44.948951721191406,38.04351806640625,80.03556060791016,19.919940948486328,34.459861755371094,94.54322052001953,75.4298324584961,62.98855972290039,39.6351432800293,29.444089889526367,122.82388305664062,87.76084899902344
2021-09-13,65.5388412475586,114.07907104492188,236.09652709960938,146.33224487304688,69.84443664550781,209.43141174316406,146.95257568359375,291.9309997558594,20.54522132873535,69.10140991210938,80.70282745361328,57.864654541015625,81.50908660888672,54.305381774902344,55.245277404785156,63.93916702270508,79.04180908203125,24.619789123535156,142.10757446289062,160.01712036132812,417.3874206542969,45.4655876159668,58.74725341796875,96.19580841064453,214.98513793945312,45.09441375732422,38.034461975097656,80.2350082397461,20.49099349975586,34.85416030883789,94.79359436035156,75.45392608642578,63.14630889892578,39.855098724365234,29.39246940612793,122.06769561767578,87.97677612304688
2021-09-14,65.17478942871094,113.09747314453125,234.706787109375,144.9696502685547,69.68907165527344,206.76275634765625,144.8173370361328,288.5729675292969,20.307756423950195,68.41569519042969,80.7401351928711,57.84529113769531,80.66841888427734,54.056156158447266,54.93506622314453,62.59983444213867,78.32584381103516,24.54300880432129,141.09542846679688,159.0547637939453,415.1349182128906,45.26865005493164,58.59475326538086,95.62614440917969,213.68927001953125,44.67513656616211,37.61784362792969,79.54161834716797,20.195045471191406,34.3864860534668,93.6530532836914,75.35760498046875,62.85712432861328,39.77050018310547,29.29353141784668,122.04926300048828,87.68406677246094
2021-09-15,65.81409454345703,114.15316772460938,236.7632598876953,146.31405639648438,70.24006652832031,208.6326904296875,146.54368591308594,291.6407470703125,20.979225158691406,68.81498718261719,81.21602630615234,58.26165008544922,81.1527099609375,53.67802047729492,55.03255844116211,61.92124938964844,78.96417236328125,24.636852264404297,142.3468017578125,159.26231384277344,418.6024169921875,45.448463439941406,58.60321807861328,96.20484161376953,215.45130920410156,44.658023834228516,38.0163459777832,79.93106842041016,20.949495315551758,34.71661376953125,94.68231964111328,76.01737213134766,63.08496856689453,39.92278289794922,29.254810333251953,122.84233093261719,88.25027465820312
2021-09-16,65.66315460205078,114.01425170898438,236.5285186767578,145.7871856689453,70.32984161376953,208.78302001953125,145.78045654296875,292.49237060546875,20.76631736755371,68.75421905517578,81.10404968261719,58.310062408447266,80.89685821533203,53.403018951416016,54.92620086669922,60.85873031616211,77.86003112792969,24.61125946044922,142.0800018310547,159.63970947265625,417.9388122558594,45.32002258300781,58.57780456542969,95.98783111572266,215.2554931640625,44.19595718383789,37.6042594909668,79.8550796508789,20.711902618408203,34.615745544433594,94.03324127197266,76.06072998046875,62.87466049194336,39.99891662597656,29.00963592529297,122.52879333496094,88.6533432006836
2021-09-17,65.20142364501953,112.50482177734375,234.36874389648438,144.93336486816406,69.5191879272461,209.0555419921875,145.65325927734375,292.8407287597656,20.52884864807129,68.14661407470703,80.98274993896484,57.33210372924805,79.90082550048828,52.55221176147461,54.55393981933594,61.52839279174805,75.76385498046875,24.397987365722656,140.81939697265625,159.3094940185547,413.86767578125,44.75491714477539,57.64584732055664,95.03834533691406,213.53079223632812,44.02482986450195,36.82989501953125,78.9717025756836,20.557682037353516,34.459861755371094,93.03179168701172,74.87602996826172,62.53289794921875,39.6351432800293,28.562273025512695,122.64867401123047,88.34144592285156
2021-09-20,64.26020812988281,110.7823715209961,230.40615844726562,142.75315856933594,68.20609283447266,204.084716796875,142.8001708984375,285.1180419921875,20.004777908325195,66.23702239990234,80.32025909423828,56.189517974853516,78.45706939697266,52.32017135620117,53.92464065551758,59.07296371459961,74.01274108886719,24.159130096435547,138.69253540039062,155.13922119140625,406.96673583984375,43.90400314331055,56.52272415161133,93.32437896728516,209.82958984375,42.826969146728516,36.12218475341797,77.38460540771484,19.929916381835938,33.66046142578125,91.96477508544922,73.51221466064453,61.90859603881836,39.36374282836914,28.509838104248047,121.36880493164062,86.32554626464844
2021-09-21,64.83735656738281,110.9768295288086,230.40615844726562,142.3444061279297,68.3808364868164,204.39480590820312,142.45484924316406,286.5987548828125,20.225872039794922,66.38458251953125,80.74947357177734,56.44127655029297,78.4662094116211,52.26860809326172,54.19940185546875,59.68011474609375,74.34053802490234,24.26149559020996,138.19387817382812,156.1487579345703,406.58233642578125,44.28218460083008,57.11069107055664,93.61489868164062,209.81094360351562,43.172428131103516,36.035770416259766,77.06111145019531,19.9763240814209,33.61442947387695,91.48106384277344,73.5411605834961,61.83806228637695,39.372257232666016,28.43181610107422,121.55389404296875,86.45530700683594
2021-09-22,64.36676025390625,111.35651397705078,232.5845947265625,143.76148986816406,69.0216293334961,207.57083129882812,144.44476318359375,291.1567687988281,20.749942779541016,67.3914566040039,80.63750457763672,57.07065963745117,78.48448181152344,52.27720260620117,54.172813415527344,60.85873031616211,74.83222961425781,24.43210792541504,139.745361328125,158.4792022705078,410.5484619140625,44.522850036621094,57.656070709228516,94.51364135742188,211.92721557617188,43.79422378540039,36.40873718261719,77.0230484008789,20.59227180480957,34.17620849609375,92.2066650390625,74.54943084716797,62.0144157409668,39.70404052734375,28.414472579956055,121.75747680664062,87.63262939453125
2021-09-23,64.73970031738281,112.73632049560547,235.4204559326172,145.7781219482422,69.71334838867188,211.2449493408203,147.10707092285156,296.605224609375,21.331329345703125,68.7195053100586,81.30933380126953,57.825927734375,79.33429718017578,52.32017135620117,54.52736282348633,60.71586608886719,75.77247619628906,24.466238021850586,141.7955322265625,160.06430053710938,415.5367431640625,45.06433868408203,58.43153381347656,95.5757827758789,214.50967407226562,44.00149917602539,36.92722702026367,77.81278228759766,21.313705444335938,35.014259338378906,93.62065124511719,75.5480728149414,62.243682861328125,39.50837707519531,28.262784957885742,122.63661193847656,88.52165222167969
2021-09-24,64.51771545410156,112.28255462646484,235.64376831054688,145.9634246826172,69.78337097167969,210.22605895996094,146.86419677734375,294.5419921875,21.388652801513672,68.80628967285156,80.8427963256836,57.738773345947266,79.54447174072266,52.01078796386719,54.25259017944336,59.47475814819336,75.16864776611328,24.171812057495117,142.03561401367188,159.4510040283203,416.2210693359375,44.65177536010742,57.74129104614258,95.2308120727539,214.76593017578125,43.517879486083984,36.872657775878906,78.45027923583984,21.474016189575195,35.198448181152344,93.81597900390625,75.60112762451172,62.27013397216797,39.05747985839844,28.23244857788086,122.13687896728516,88.85323333740234
2021-09-27,64.46442413330078,112.1343765258789,235.00306701660156,146.47476196289062,69.18533325195312,213.4212188720703,149.76751708984375,297.2156066894531,22.051929473876953,69.81317138671875,79.76973724365234,57.225589752197266,79.43482208251953,51.52952575683594,54.12850570678711,60.314064025878906,75.35842895507812,23.95722007751465,142.5066375732422,160.498291015625,415.0303649902344,44.65177536010742,57.656070709228516,95.16726684570312,214.29832458496094,43.751041412353516,37.15919494628906,78.44076538085938,22.23763084411621,35.67734909057617,93.90901947021484,74.86783599853516,61.98795700073242,38.410911560058594,27.898725509643555,120.39710998535156,89.32897186279297
2021-09-28,63.07036590576172,110.15265655517578,230.01905822753906,144.65786743164062,67.22105407714844,208.5673065185547,147.54891967773438,288.3906555175781,22.14200782775879,68.6413803100586,78.36077880859375,55.32775115966797,77.48846435546875,50.8076286315918,53.3485221862793,60.153343200683594,73.92647552490234,23.768375396728516,140.37332153320312,157.45082092285156,406.6667175292969,43.663326263427734,56.30116653442383,93.18817901611328,209.8092041015625,43.241512298583984,36.69980239868164,76.52827453613281,22.31357192993164,35.08793258666992,92.82062530517578,72.6486587524414,61.2560920715332,38.18122100830078,27.54765510559082,118.33341979980469,87.60860443115234
2021-09-29,63.03485107421875,110.07858276367188,230.3676300048828,145.12347412109375,67.16026306152344,208.1243133544922,147.85018920898438,286.77301025390625,22.1174373626709,68.73685455322266,78.64069366455078,55.163143157958984,77.29657745361328,50.9795036315918,53.729652404785156,59.47475814819336,73.66768646240234,23.871381759643555,140.67808532714844,157.55459594726562,407.3511962890625,43.52580642700195,56.105167388916016,93.07925415039062,209.94947814941406,42.89606857299805,36.549720764160156,76.46167755126953,22.31357192993164,35.11556625366211,92.9229507446289,72.55699157714844,61.81161117553711,38.42793655395508,27.907386779785156,119.26809692382812,87.69511413574219
2021-09-30,62.377784729003906,108.80990600585938,227.72964477539062,142.895751953125,66.62055969238281,206.1732940673828,146.28903198242188,284.399658203125,21.986421585083008,68.09453582763672,78.12749481201172,54.86296844482422,77.30570220947266,50.584190368652344,53.153533935546875,60.29620361328125,73.47792053222656,23.528030395507812,138.36007690429688,155.6487274169922,402.3724365234375,43.39688491821289,55.9091796875,92.44379425048828,207.67689514160156,43.189693450927734,35.98119354248047,76.22379302978516,21.976064682006836,34.5629997253418,91.01594543457031,72.03599548339844,60.700592041015625,37.815399169921875,27.68634796142578,117.8059310913086,86.23426055908203
2021-10-01,62.093631744384766,109.61555480957031,230.34881591796875,144.75830078125,67.33287048339844,209.5003662109375,148.95497131347656,288.3617248535156,22.51049041748047,68.84969329833984,78.14616394042969,55.31806564331055,77.99103546142578,50.7646598815918,53.18013000488281,59.706912994384766,73.98686218261719,23.862794876098633,140.22560119628906,156.11102294921875,407.15435791015625,43.52580642700195,56.258548736572266,93.18817901611328,210.53868103027344,43.21560287475586,36.55427169799805,77.50831604003906,22.714365005493164,35.13398361206055,92.2624740600586,73.1214370727539,60.85929870605469,38.2237548828125,27.68634796142578,117.83370208740234,86.88298034667969
2021-10-04,60.37102127075195,108.50431823730469,227.37156677246094,144.08265686035156,65.87909698486328,207.59649658203125,148.7632293701172,283.45037841796875,22.821659088134766,68.35493469238281,77.1850814819336,54.01088333129883,76.62036895751953,51.22873306274414,53.038307189941406,58.439022064208984,73.50379943847656,23.879962921142578,139.3389892578125,154.21458435058594,401.903564453125,43.12183380126953,55.96882629394531,92.09882354736328,207.36825561523438,42.61970138549805,36.395076751708984,75.83369445800781,23.085630416870117,34.830074310302734,91.76012420654297,71.42813110351562,60.66532897949219,38.266292572021484,28.0677490234375,116.0383529663086,86.19580078125
2021-10-05,60.70844650268555,109.43035125732422,229.59507751464844,145.10520935058594,66.7226791381836,208.3128204345703,149.14669799804688,285.0778503417969,23.050939559936523,69.54409790039062,77.3903579711914,54.75645446777344,77.52501678466797,51.35765075683594,53.215576171875,59.07296371459961,73.80570983886719,23.72545623779297,140.33639526367188,155.27133178710938,406.0854187011719,43.37110137939453,56.24150848388672,92.81597900390625,209.30419921875,43.02561569213867,36.71800231933594,76.9659652709961,23.22062873840332,35.51157760620117,92.78340148925781,72.44603729248047,60.973934173583984,37.968544006347656,27.998401641845703,116.73242950439453,86.54180145263672
2021-10-06,60.18456268310547,109.20809173583984,230.57492065429688,145.4703826904297,67.15782928466797,207.22891235351562,148.2245330810547,283.9443359375,22.80528450012207,69.57881164550781,77.21307373046875,55.05662536621094,77.6346664428711,51.856101989746094,53.463748931884766,58.88545608520508,73.64181518554688,23.854219436645508,140.5303192138672,154.63917541503906,407.7730407714844,43.053077697753906,55.87508773803711,92.81597900390625,210.1739501953125,42.861515045166016,36.649776458740234,77.09918212890625,22.975934982299805,35.54840087890625,93.19271850585938,72.91883087158203,61.5647087097168,38.33435821533203,28.43181610107422,116.51960754394531,86.81571197509766
2021-10-07,60.53084945678711,109.96745300292969,232.70420837402344,146.6391143798828,67.86771392822266,210.4240264892578,150.2057342529297,288.73944091796875,22.919921875,70.00414276123047,78.0995101928711,55.52140426635742,78.27430725097656,51.709999084472656,53.508060455322266,61.28730392456055,74.59069061279297,23.965805053710938,141.72166442871094,157.38473510742188,411.2985534667969,43.41407012939453,56.29263687133789,93.73291015625,212.1940460205078,43.69923400878906,37.12734603881836,77.43218994140625,23.153127670288086,35.760223388671875,93.91831970214844,73.58458709716797,61.83806228637695,38.376888275146484,28.28012466430664,118.06505584716797,88.1660385131836
2021-10-08,60.25559997558594,109.83780670166016,232.24253845214844,146.5934295654297,67.57353210449219,208.8406219482422,149.8314666748047,285.35870361328125,23.46856117248535,70.4034194946289,77.91288757324219,55.308387756347656,78.07328796386719,51.41780471801758,53.481475830078125,61.76053237915039,74.50444030761719,23.77695655822754,141.38917541503906,157.39418029785156,410.5484619140625,43.42266845703125,56.326725006103516,93.6421127319336,211.72645568847656,43.863319396972656,36.92267608642578,77.05158233642578,23.866117477416992,35.935203552246094,93.90901947021484,73.3095932006836,61.76751708984375,37.96002960205078,28.072084426879883,117.47278594970703,87.76238250732422
2021-10-11,60.52198028564453,109.27291870117188,230.5561065673828,145.40652465820312,67.15540313720703,207.64364624023438,149.03713989257812,283.5472412109375,23.46856117248535,69.83052825927734,77.39968872070312,55.046939849853516,77.0772476196289,50.747474670410156,53.2864875793457,61.635520935058594,74.78910064697266,23.811296463012695,140.6134033203125,157.61119079589844,407.5762634277344,43.29374313354492,55.994384765625,93.15188598632812,210.20201110839844,43.74241638183594,36.92722702026367,75.89079284667969,23.777523040771484,35.5760383605957,93.1554946899414,72.90434265136719,61.74988555908203,38.01107406616211,27.690683364868164,116.5566177368164,87.40678405761719
2021-10-12,60.131290435791016,109.01363372802734,230.34881591796875,145.196533203125,67.13841247558594,208.7840576171875,149.5483856201172,285.78497314453125,23.509502410888672,69.83921813964844,77.10108947753906,54.717735290527344,76.3553695678711,51.056854248046875,53.29534149169922,61.251583099365234,74.99613189697266,24.128896713256836,140.65036010742188,158.44146728515625,406.57293701171875,43.276554107666016,56.2159423828125,93.07925415039062,210.05238342285156,43.62150955200195,36.977264404296875,75.18667602539062,23.798616409301758,35.46552276611328,92.84851837158203,72.52806091308594,61.77635192871094,38.52151870727539,27.87704849243164,115.9920883178711,88.09877014160156
2021-10-13,60.09577560424805,109.76371765136719,231.32864379882812,145.3426055908203,67.62216186523438,209.77374267578125,149.79490661621094,287.85791015625,23.542253494262695,69.60485076904297,77.34370422363281,55.15345764160156,76.94932556152344,51.73578643798828,53.703060150146484,62.68913650512695,75.5223388671875,24.394990921020508,140.8812255859375,159.5359344482422,408.0356140136719,43.75788116455078,57.05104064941406,93.74198913574219,211.0063018798828,44.191490173339844,37.254695892333984,75.53873443603516,23.777523040771484,35.26292037963867,93.04388427734375,72.97189331054688,61.89096450805664,38.742713928222656,28.20210838317871,116.17718505859375,88.53125762939453
2021-10-14,60.66405487060547,111.36577606201172,235.1726837158203,147.64341735839844,68.78178405761719,212.8839874267578,151.66656494140625,292.158935546875,23.869802474975586,70.41210174560547,78.14616394042969,56.383182525634766,77.86310577392578,52.13969421386719,54.101905822753906,62.215904235839844,77.11817169189453,24.626752853393555,143.30087280273438,161.16818237304688,414.8990478515625,44.230613708496094,57.681636810302734,95.04016876220703,214.51345825195312,44.26058578491211,38.15980529785156,76.60438537597656,24.068620681762695,35.852317810058594,94.80206298828125,74.6169662475586,62.587562561035156,39.28718948364258,28.54884147644043,117.84294128417969,89.45873260498047
2021-10-15,61.30337142944336,112.5325927734375,236.89683532714844,148.5564422607422,69.33605194091797,212.21482849121094,151.32872009277344,291.1224365234375,24.041763305664062,71.33218383789062,78.68733978271484,56.886688232421875,77.86310577392578,52.07094955444336,54.06645965576172,62.88555908203125,77.29932403564453,24.69542121887207,143.79029846191406,163.1683807373047,418.0588073730469,44.5830078125,58.116241455078125,95.71194458007812,215.78533935546875,44.735572814941406,38.27351760864258,76.42361450195312,24.18674659729004,36.38646697998047,95.7137222290039,75.21517944335938,62.437660217285156,39.30419921875,28.466487884521484,118.42596435546875,90.82827758789062
2021-10-18,61.00146484375,112.21773529052734,237.73533630371094,148.14556884765625,69.98027801513672,212.09226989746094,151.2100372314453,291.2095947265625,24.03357696533203,71.28011322021484,78.14616394042969,57.293365478515625,78.27430725097656,51.67562484741211,53.88918685913086,63.1623420715332,77.11817169189453,24.712589263916016,143.84573364257812,164.18739318847656,419.29656982421875,44.41970443725586,57.85206604003906,95.802734375,216.57093811035156,44.675132751464844,38.246219635009766,77.01354217529297,24.203622817993164,36.39567947387695,95.7788314819336,75.85197448730469,62.06732177734375,39.372257232666016,28.193435668945312,117.620849609375,91.93836212158203
2021-10-19,61.383277893066406,112.8752212524414,239.4029998779297,149.3051300048828,70.48593139648438,212.8839874267578,151.42010498046875,293.05987548828125,24.230098724365234,71.9050521850586,79.0792465209961,57.903385162353516,79.01448059082031,52.27720260620117,53.649879455566406,64.7784652709961,77.44596862792969,24.764095306396484,144.68612670898438,164.5553436279297,422.53131103515625,44.729129791259766,58.175872802734375,96.49268341064453,218.15145874023438,45.18465805053711,38.44634246826172,77.7557144165039,24.47784996032715,36.75483322143555,96.34627532958984,76.60456848144531,62.09375762939453,39.55091094970703,28.54884147644043,119.16629791259766,91.6788330078125
2021-10-20,61.32111740112305,113.43085479736328,240.27919006347656,150.68374633789062,70.39356231689453,214.29771423339844,152.84434509277344,293.9509582519531,24.42662811279297,72.3911361694336,79.93769073486328,57.64194107055664,79.03274536132812,53.11941146850586,54.101905822753906,64.83204650878906,77.57536315917969,25.038768768310547,145.7943115234375,164.87611389160156,424.19097900390625,44.88383865356445,58.41447830200195,96.84672546386719,219.00250244140625,45.193294525146484,38.7556266784668,77.9079360961914,24.676136016845703,37.04954147338867,96.95093536376953,76.39230346679688,62.455318450927734,40.15494155883789,28.99958610534668,120.86908721923828,91.61158752441406
2021-10-21,60.25559997558594,113.1159896850586,241.20252990722656,150.51026916503906,70.91867065429688,214.8443603515625,152.8534393310547,295.60748291015625,23.98444175720215,72.00054168701172,80.17095947265625,57.70972442626953,79.12411499023438,52.9647216796875,54.101905822753906,64.70703887939453,76.7041244506836,24.987268447875977,145.96978759765625,166.19700622558594,425.2973327636719,44.66036605834961,58.405967712402344,96.80134582519531,219.60105895996094,44.8305778503418,38.655555725097656,78.13629150390625,24.220495223999023,36.89297866821289,97.14629364013672,76.68657684326172,62.37593078613281,40.28254699707031,28.99958610534668,121.35952758789062,92.95711517333984
2021-10-22,60.75284194946289,113.70866394042969,240.86334228515625,150.83897399902344,70.5637435913086,214.33544921875,152.6343231201172,294.416015625,24.107271194458008,72.59076690673828,80.61883544921875,57.5547981262207,77.81742858886719,53.17957305908203,54.589393615722656,64.7159652709961,76.96289825439453,25.09027099609375,146.38534545898438,166.04608154296875,424.856689453125,44.866641998291016,58.68716812133789,96.8558120727539,219.18023681640625,44.71830368041992,38.58279037475586,76.48070526123047,24.448322296142578,37.40871047973633,97.49049377441406,76.4212417602539,62.86090850830078,40.57180404663086,29.146947860717773,121.85001373291016,92.62552642822266
2021-10-25,60.77947998046875,113.69013977050781,242.07870483398438,151.1220245361328,71.13990783691406,216.37124633789062,154.0859832763672,297.63201904296875,24.385683059692383,72.60812377929688,80.63750457763672,57.738773345947266,77.96361541748047,52.99050521850586,54.3500862121582,64.93025207519531,77.54948425292969,25.150360107421875,146.7178192138672,168.39535522460938,427.1351013183594,44.832275390625,58.47412872314453,97.17354583740234,220.52694702148438,44.88240051269531,38.969390869140625,76.81372833251953,24.806917190551758,37.36266326904297,97.71378326416016,76.6720962524414,62.81682586669922,40.6909065246582,29.021257400512695,121.99806213378906,94.92253112792969
2021-10-26,60.78837203979492,113.59752655029297,242.10696411132812,151.08547973632812,71.24443817138672,214.74070739746094,152.76214599609375,295.8497009277344,24.451190948486328,72.69493865966797,81.03873443603516,57.84529113769531,77.47018432617188,53.20535659790039,54.57167053222656,63.501651763916016,77.59261322021484,25.184696197509766,146.43153381347656,168.41424560546875,427.51947021484375,44.91822052001953,58.695682525634766,97.12815856933594,220.4427947998047,44.58012390136719,39.07854080200195,76.12864685058594,24.950363159179688,37.39029312133789,97.10908508300781,76.88919830322266,63.0372428894043,40.87805938720703,29.17728614807129,122.5995864868164,94.93694305419922
2021-10-27,60.34439468383789,112.64371490478516,240.65606689453125,149.012939453125,71.26874542236328,210.7915802001953,149.70362854003906,290.6187438964844,23.976253509521484,71.91373443603516,80.27360534667969,57.78718566894531,77.62553405761719,53.2225456237793,54.456451416015625,62.81413650512695,76.85074615478516,25.064523696899414,144.48289489746094,168.140625,425.6254577636719,44.67755126953125,58.50822448730469,96.55623626708984,218.93707275390625,44.346954345703125,38.51911544799805,75.9193344116211,24.233154296875,36.77326202392578,95.97417449951172,76.82164764404297,62.66690444946289,40.5803108215332,28.982248306274414,121.62792205810547,95.14840698242188
2021-10-28,60.823883056640625,113.83831024169922,242.99258422851562,150.37332153320312,72.06856536865234,214.99517822265625,152.15956115722656,297.4189453125,24.049949645996094,72.50396728515625,80.98274993896484,58.47467803955078,77.87224578857422,53.652244567871094,54.81098556518555,62.85878372192383,77.29932403564453,25.3735408782959,145.95127868652344,169.90496826171875,429.7322692871094,45.13310623168945,59.155845642089844,97.42774963378906,221.275146484375,44.30376434326172,38.90115737915039,76.16671752929688,24.406131744384766,37.22452163696289,97.1741943359375,77.5935287475586,62.88737106323242,41.17582321166992,29.172954559326172,122.64590454101562,96.41223907470703
2021-10-29,60.735084533691406,113.55123901367188,243.4353790283203,150.22720336914062,72.44536590576172,214.9386444091797,151.90391540527344,297.7967224121094,23.787914276123047,72.13941192626953,81.49594116210938,58.54244613647461,77.96361541748047,53.162384033203125,54.642574310302734,61.82303237915039,76.60923767089844,25.107439041137695,145.69273376464844,169.52757263183594,430.604248046875,44.79788589477539,58.72124481201172,97.20076751708984,221.5650634765625,43.751041412353516,38.714691162109375,76.40458679199219,24.245811462402344,37.07717514038086,97.20211791992188,77.92640686035156,62.82563781738281,40.68238830566406,28.99958610534668,123.83965301513672,96.662109375
2021-11-01,61.649658203125,114.33836364746094,244.19859313964844,150.99417114257812,72.44052124023438,220.5088348388672,155.6746063232422,305.55609130859375,24.09908103942871,72.48661041259766,81.64523315429688,58.6102294921875,78.07328796386719,53.48896026611328,54.873023986816406,62.78734588623047,77.08367156982422,25.150360107421875,146.85633850097656,173.25440979003906,431.34503173828125,45.219051361083984,59.24104690551758,97.79996490478516,222.66860961914062,44.174232482910156,38.80565643310547,76.52827453613281,24.663480758666992,37.09559631347656,97.4719009399414,77.81063079833984,62.922645568847656,40.77598190307617,29.103601455688477,123.69157409667969,98.43533325195312
2021-11-02,61.57862854003906,114.61617279052734,244.9900360107422,151.42330932617188,72.71034240722656,220.97067260742188,156.42324829101562,305.8272705078125,23.845237731933594,72.26094818115234,82.15843200683594,59.026588439941406,77.82656860351562,53.4373893737793,55.06801986694336,61.01051330566406,76.7041244506836,25.29628562927246,147.26271057128906,171.7164764404297,433.0890197753906,45.115909576416016,59.096195220947266,97.81809997558594,223.36068725585938,43.7078742980957,39.246829986572266,76.53778839111328,24.431440353393555,37.18768310546875,97.79747009277344,78.49569702148438,63.34587860107422,41.1588134765625,29.129606246948242,124.46896362304688,97.77220153808594
2021-11-03,61.95156478881836,114.736572265625,246.6575927734375,152.18109130859375,73.28895568847656,224.91976928710938,158.93394470214844,311.348876953125,23.6241397857666,72.74701690673828,82.80228424072266,59.346126556396484,78.32914733886719,53.31707000732422,55.7948112487793,61.608741760253906,77.39421081542969,25.47654151916504,148.1308135986328,174.556396484375,435.73309326171875,45.42533493041992,59.6671257019043,98.47174835205078,224.94122314453125,44.02741241455078,39.65617370605469,76.81372833251953,24.228933334350586,37.325836181640625,97.58351135253906,78.95398712158203,63.9366569519043,41.39701461791992,29.021257400512695,125.20000457763672,99.531005859375
2021-11-04,62.39553451538086,115.0792007446289,247.50558471679688,151.5419464111328,74.0984878540039,224.83497619628906,158.11227416992188,312.99560546875,23.61595344543457,71.83562469482422,82.41036987304688,60.227264404296875,78.5484390258789,53.110816955566406,55.67072296142578,61.40337371826172,76.90251159667969,25.287696838378906,147.8260498046875,175.754638671875,437.7864685058594,45.39096450805664,59.479671478271484,98.63513946533203,225.79226684570312,43.932411193847656,39.6334342956543,77.11820220947266,24.2626895904541,36.837730407714844,97.9742202758789,80.18901062011719,63.998409271240234,40.929115295410156,28.86089515686035,124.33938598632812,100.87171936035156
2021-11-05,62.47544479370117,115.82929229736328,248.23098754882812,152.27239990234375,74.17869567871094,227.9075164794922,161.1068878173828,315.5335693359375,23.95168685913086,72.06129455566406,81.51461029052734,60.41123962402344,79.14240264892578,53.42020034790039,55.972076416015625,60.403350830078125,77.20442962646484,25.49370765686035,148.9527130126953,176.5094451904297,439.30548095703125,45.48550033569336,59.590423583984375,98.95291137695312,226.6620330810547,43.949684143066406,39.94272994995117,77.73664855957031,24.579105377197266,36.85615539550781,98.96958923339844,80.60388946533203,64.36872100830078,41.02269744873047,29.133943557739258,122.95124816894531,101.52046203613281
2021-11-08,62.342262268066406,116.30157470703125,248.6455841064453,152.60107421875,74.23947143554688,228.6143798828125,161.4903564453125,317.1029357910156,24.090892791748047,72.35641479492188,81.88783264160156,60.75014114379883,79.0418930053711,52.93035125732422,55.60868453979492,61.0015869140625,78.02392578125,25.45937156677246,149.17434692382812,174.89605712890625,439.680419921875,45.51128005981445,59.6671257019043,99.16168212890625,227.03611755371094,44.407405853271484,40.44301986694336,77.39413452148438,24.802701950073242,37.058753967285156,99.37889862060547,81.03807067871094,63.85729217529297,41.01418685913086,28.700536727905273,123.68234252929688,100.0836181640625
2021-11-09,61.95156478881836,116.23674774169922,247.91067504882812,152.4550018310547,73.87725830078125,227.2854766845703,160.2304229736328,315.5627136230469,24.18096923828125,71.9050521850586,81.65457916259766,60.58552932739258,79.10584259033203,52.98191833496094,55.85685729980469,60.5015754699707,78.01529693603516,25.41645622253418,149.1558837890625,172.4146728515625,438.2272033691406,45.39955520629883,59.598960876464844,98.88933563232422,226.38148498535156,44.30376434326172,40.62950897216797,77.2038345336914,24.90395736694336,36.85615539550781,99.63006591796875,80.7052001953125,64.07774353027344,41.16731643676758,28.847890853881836,123.22889709472656,98.23351287841797
2021-11-10,60.983707427978516,115.28292846679688,245.6023712158203,151.9893341064453,72.8003158569336,223.70396423339844,158.76963806152344,308.7818298339844,23.61595344543457,71.61861419677734,81.58926391601562,59.442955017089844,78.47533416748047,53.20535659790039,55.679588317871094,61.09086608886719,77.23030853271484,25.29628562927246,148.2046661376953,171.68817138671875,434.70172119140625,44.82368087768555,58.908721923828125,97.93611907958984,224.15562438964844,44.182865142822266,40.3520622253418,76.32847595214844,24.245811462402344,36.791683197021484,99.0719223022461,79.37370300292969,64.27174377441406,40.96315002441406,29.081937789916992,123.58055114746094,97.86829376220703
2021-11-11,61.33888244628906,115.41256713867188,245.81907653808594,151.9893341064453,72.90970611572266,225.50413513183594,159.91998291015625,311.2035827636719,23.640522003173828,71.8876953125,81.49594116210938,59.820587158203125,78.29259490966797,52.94753646850586,55.67072296142578,63.081993103027344,78.6622543334961,25.30486488342285,148.5648193359375,171.96177673339844,434.84234619140625,44.978389739990234,59.12174987792969,98.24478912353516,224.4268341064453,44.94284439086914,40.674983978271484,76.17623138427734,24.3386287689209,36.89297866821289,98.66262817382812,79.74517822265625,64.2276382446289,40.98015594482422,28.904237747192383,123.21958923339844,97.60399627685547
2021-11-12,62.226829528808594,116.2089614868164,247.75991821289062,152.44586181640625,73.78731536865234,225.73028564453125,159.70999145507812,312.3368835449219,23.566822052001953,72.06129455566406,81.55191802978516,60.624263763427734,79.51704406738281,52.9217529296875,55.8213996887207,63.090919494628906,79.05045318603516,25.347787857055664,149.2852020263672,173.30154418945312,438.1240539550781,45.287811279296875,59.275142669677734,98.89842224121094,226.09153747558594,44.97739028930664,40.97971725463867,77.28945922851562,24.279563903808594,36.97587585449219,99.44402313232422,80.71483612060547,64.2276382446289,40.99717330932617,28.88690185546875,123.83039855957031,97.93077087402344
2021-11-15,62.17354965209961,115.93115997314453,247.71286010742188,152.5645751953125,73.73140716552734,224.83497619628906,159.59130859375,309.98297119140625,23.7305965423584,71.9658203125,81.15071105957031,60.459651947021484,79.50792694091797,53.25691604614258,55.803672790527344,62.62664031982422,78.35172271728516,25.528043746948242,149.5437469482422,172.6788330078125,438.2740478515625,45.210445404052734,59.079166412353516,98.84394836425781,226.09153747558594,44.891021728515625,40.79323196411133,77.50831604003906,24.482070922851562,36.97587585449219,99.63006591796875,80.6328353881836,64.5362548828125,41.22686767578125,29.268301010131836,123.06233215332031,97.84906005859375
2021-11-16,62.04923629760742,115.93115997314453,248.85281372070312,152.31802368164062,74.44612121582031,225.2496337890625,159.4635009765625,311.2907409667969,23.755159378051758,71.81826782226562,81.27200317382812,61.02126693725586,79.37084197998047,53.11941146850586,55.61753845214844,63.38557434082031,77.9462890625,25.3735408782959,149.73770141601562,175.0847930908203,440.0086364746094,45.10731506347656,58.95132827758789,99.01643371582031,227.06419372558594,44.87375259399414,40.679534912109375,76.92790222167969,24.520038604736328,36.93903732299805,99.64867401123047,81.48189544677734,64.13064575195312,40.97165298461914,29.129606246948242,123.58055114746094,99.39164733886719
2021-11-17,61.79173278808594,115.44963073730469,247.98606872558594,151.6059112548828,74.29055786132812,222.2996063232422,157.6649169921875,307.2319030761719,23.484935760498047,71.19328308105469,81.43063354492188,60.94379806518555,79.00533294677734,53.0936279296875,55.52891540527344,62.742698669433594,77.82551574707031,25.45937156677246,148.94346618652344,175.3677978515625,438.93975830078125,44.99557876586914,59.02802658081055,98.6532974243164,226.1289825439453,44.70967483520508,40.411190032958984,76.6329345703125,24.144559860229492,36.51540756225586,99.05332946777344,81.2358627319336,63.98954772949219,41.243873596191406,29.15561866760254,123.75638580322266,100.02594757080078
2021-11-18,61.95156478881836,115.31072235107422,248.4948272705078,150.95765686035156,74.86912536621094,221.35707092285156,157.09886169433594,305.29443359375,23.34572982788086,70.87213897705078,81.36531829833984,61.534446716308594,78.61241149902344,52.94753646850586,55.36050796508789,61.0015869140625,77.53221893310547,25.528043746948242,148.3986053466797,175.78297424316406,440.4305725097656,45.029964447021484,59.08767318725586,98.68962097167969,226.48435974121094,44.174232482910156,40.23835754394531,76.08108520507812,24.00111961364746,36.33121109008789,98.84867095947266,82.04634094238281,63.760318756103516,41.235374450683594,29.00391960144043,123.80266571044922,101.16004180908203
2021-11-19,62.07587814331055,114.6717529296875,247.89181518554688,149.62464904785156,75.13411712646484,219.3401336669922,155.5649871826172,302.863037109375,22.518680572509766,69.85658264160156,81.04806518554688,61.85398864746094,78.55758666992188,52.94753646850586,55.18324661254883,61.32302474975586,77.34246826171875,25.339202880859375,147.43817138671875,175.7074432373047,439.6429748535156,44.6861572265625,58.30369186401367,98.24478912353516,225.83905029296875,44.09649658203125,40.16558074951172,75.82418060302734,23.064533233642578,35.935203552246094,98.35564422607422,82.64456176757812,63.53105545043945,41.01418685913086,29.168617248535156,123.05304718017578,101.59733581542969
2021-11-22,61.756221771240234,114.64396667480469,246.83665466308594,150.2729034423828,74.19571685791016,218.40707397460938,156.4141082763672,298.7170104980469,22.77252769470215,70.42945861816406,80.4975357055664,61.234283447265625,77.89966583251953,52.99909973144531,55.351646423339844,60.67121887207031,77.54085540771484,25.21902847290039,147.6690673828125,175.07533264160156,438.4053649902344,44.44548797607422,57.83502197265625,97.68192291259766,224.754150390625,43.63877868652344,40.2292594909668,74.90122985839844,23.473764419555664,36.44172668457031,98.62542724609375,81.72309875488281,64.03366088867188,40.81001281738281,29.346317291259766,122.49779510498047,101.34266662597656
2021-11-23,61.82724380493164,114.34762573242188,247.00621032714844,151.2772216796875,73.8359146118164,218.03004455566406,156.83409118652344,296.6246032714844,23.394861221313477,71.2453842163086,80.3948974609375,60.876014709472656,77.55243682861328,53.188167572021484,55.5732307434082,60.260498046875,77.91178131103516,25.39070701599121,148.27854919433594,173.2826690673828,438.9866638183594,44.368133544921875,57.6305046081543,97.66378784179688,224.82899475097656,43.681968688964844,40.270179748535156,74.701416015625,24.195186614990234,37.01271057128906,98.79285430908203,81.53498077392578,64.4568862915039,41.243873596191406,29.37665557861328,122.62736511230469,100.60741424560547
2021-11-24,61.072509765625,113.89386749267578,247.6280059814453,151.21328735351562,74.30269622802734,218.2656707763672,156.49627685546875,298.1939392089844,23.599576950073242,71.08045959472656,80.21761322021484,61.243961334228516,77.59811401367188,53.0936279296875,55.20983123779297,60.483707427978516,77.27345275878906,25.622468948364258,148.35244750976562,173.4997100830078,440.1586608886719,44.13606643676758,57.26408386230469,97.71823120117188,225.5865478515625,43.63014221191406,39.98366165161133,74.80608367919922,24.431440353393555,36.92981719970703,98.68120574951172,82.12834167480469,64.26290130615234,41.796875,29.393991470336914,122.58108520507812,100.81405639648438
2021-11-26,59.456451416015625,110.61567687988281,242.248291015625,147.82603454589844,72.66659545898438,210.03759765625,150.45228576660156,287.586669921875,22.58418846130371,68.58929443359375,79.93769073486328,59.626930236816406,76.32796478271484,52.5178337097168,54.607120513916016,58.91224670410156,75.47920227050781,25.013019561767578,144.4921875,167.9330596923828,430.34173583984375,42.9327507019043,55.866554260253906,95.25804901123047,220.7046661376953,42.35198211669922,39.2968635559082,73.4359130859375,23.44845199584961,35.70497512817383,96.01139831542969,80.07804870605469,63.451683044433594,40.665382385253906,28.934579849243164,122.12764739990234,98.06532287597656
2021-11-29,59.62516784667969,111.07868957519531,245.0559539794922,148.4103546142578,74.03771209716797,209.90565490722656,149.93190002441406,287.6060485839844,22.715208053588867,68.63269805908203,79.94702911376953,61.001895904541016,76.7665786743164,53.162384033203125,54.65143966674805,58.54616165161133,76.07440948486328,25.150360107421875,145.7019805908203,169.41436767578125,435.6206359863281,43.13902282714844,56.258548736572266,96.1023178100586,222.78082275390625,42.412437438964844,39.478797912597656,74.06389617919922,23.583450317382812,35.81547164916992,96.17884063720703,82.08009338378906,63.61039352416992,41.17582321166992,29.363649368286133,122.46080017089844,99.58866119384766
2021-11-30,58.89705276489258,109.0414047241211,240.34515380859375,144.86785888671875,72.90241241455078,205.62664794921875,146.50816345214844,282.94659423828125,22.273025512695312,67.400146484375,78.68733978271484,60.48870086669922,74.91160583496094,51.99360656738281,53.43716049194336,58.2247200012207,74.96162414550781,24.729755401611328,141.84173583984375,167.01783752441406,427.1444396972656,42.717857360839844,55.849517822265625,94.65886688232422,218.32913208007812,42.481529235839844,38.50092315673828,71.7137451171875,23.030778884887695,34.959007263183594,93.7415771484375,81.39506530761719,61.97914505004883,40.31658172607422,28.505495071411133,120.0546875,98.24313354492188
2021-12-01,58.586280822753906,108.11538696289062,236.8780059814453,143.4526824951172,71.55317687988281,200.99893188476562,143.62307739257812,275.4586181640625,22.010984420776367,66.9140625,78.500732421875,59.985198974609375,73.48609924316406,51.82172393798828,53.02945327758789,57.81399154663086,74.40092468261719,24.30915641784668,140.07777404785156,165.52713012695312,422.4000549316406,42.494384765625,55.52571487426758,93.6602783203125,215.2522430419922,42.45561981201172,38.109771728515625,70.05815124511719,22.786083221435547,34.572208404541016,92.43922424316406,80.2806625366211,61.67934799194336,39.789119720458984,28.557504653930664,119.84185791015625,96.46989440917969
2021-12-02,59.46533203125,110.62493133544922,240.5524139404297,146.5569305419922,72.34327697753906,206.6068572998047,147.97805786132812,282.18133544921875,22.731584548950195,68.69345092773438,78.74333953857422,60.35314178466797,74.55522918701172,52.328765869140625,53.5789680480957,57.99257278442383,75.67759704589844,24.875680923461914,143.46707153320312,167.34811401367188,428.86968994140625,43.08745574951172,56.16482162475586,95.10369873046875,218.75,42.956520080566406,38.88752746582031,71.2380142211914,23.44845199584961,35.60366439819336,95.18346405029297,81.01876831054688,62.33185958862305,40.87805938720703,28.92156982421875,120.42483520507812,97.8442611694336
2021-12-03,59.81161880493164,110.55085754394531,238.26295471191406,146.2008514404297,71.1350326538086,202.36563110351562,146.1429443359375,274.5577392578125,22.559621810913086,67.93829345703125,78.9206314086914,59.36549377441406,73.98869323730469,52.78424835205078,54.172813415527344,56.33182144165039,75.0823974609375,24.8070125579834,142.68209838867188,164.19677734375,425.1379089355469,42.87257766723633,55.738746643066406,94.22312927246094,216.21554565429688,42.36061477661133,38.801109313964844,71.07624816894531,23.2628173828125,35.023468017578125,95.07183837890625,79.66316223144531,63.10780334472656,40.673885345458984,29.211957931518555,120.6469497680664,95.94129180908203
2021-12-06,59.84714889526367,111.94918060302734,241.07061767578125,148.2277374267578,71.78898620605469,206.4278106689453,149.3201446533203,279.3528137207031,22.985429763793945,69.00595092773438,79.14456939697266,60.02392578125,75.16746520996094,53.70380401611328,55.05915069580078,57.25148391723633,76.28142547607422,25.236196517944336,144.7969207763672,166.5083770751953,430.1729736328125,43.28514862060547,56.3863639831543,95.25804901123047,218.99314880371094,42.6369743347168,39.369632720947266,72.24656677246094,23.608760833740234,35.557613372802734,96.6811752319336,80.42057037353516,64.21882629394531,41.260902404785156,29.658370971679688,121.33177185058594,97.0369644165039
2021-12-07,61.24121856689453,113.90313720703125,246.07345581054688,150.08116149902344,73.9015884399414,211.2157440185547,151.37437438964844,288.6812744140625,23.460369110107422,70.06490325927734,80.23628234863281,62.10573959350586,76.00814056396484,54.07334518432617,55.2984619140625,58.340797424316406,77.93766021728516,25.502290725708008,147.24420166015625,170.57481384277344,439.071044921875,44.21342468261719,57.528255462646484,97.2280044555664,223.6786346435547,43.2587776184082,39.970001220703125,72.98873138427734,24.16143798828125,36.19307327270508,97.66724395751953,83.22828674316406,64.3598861694336,41.99253463745117,29.879413604736328,122.89573669433594,99.3003158569336
2021-12-08,61.17018127441406,114.35689544677734,247.0345001220703,150.1907501220703,74.37806701660156,212.6577606201172,152.16871643066406,291.1321716308594,23.460369110107422,69.90866088867188,81.0107421875,62.183197021484375,76.39191436767578,54.133506774902344,55.23641586303711,58.87652587890625,78.29134368896484,25.639633178710938,147.62290954589844,171.16925048828125,440.23370361328125,44.273582458496094,57.7242546081543,97.59117889404297,224.64193725585938,43.517879486083984,40.138282775878906,73.5215835571289,24.157217025756836,35.99967575073242,97.90911865234375,83.60940551757812,64.1571044921875,42.17119598388672,29.84908103942871,123.82118225097656,99.55022430419922
2021-12-09,60.67293167114258,113.44011688232422,244.98057556152344,149.64288330078125,73.48828887939453,207.84156799316406,149.68533325195312,282.907958984375,23.173770904541016,69.47466278076172,81.03873443603516,61.44730758666992,75.97158813476562,53.996002197265625,55.2984619140625,58.84081268310547,77.55809783935547,25.399288177490234,146.570068359375,168.44253540039062,437.26141357421875,43.886810302734375,57.18739700317383,96.71964263916016,222.50025939941406,43.301963806152344,39.91542434692383,72.941162109375,23.971586227416992,35.925994873046875,97.60212707519531,82.707275390625,64.33345031738281,41.63522720336914,29.810068130493164,124.10802459716797,97.8250503540039
2021-12-10,60.76171875,113.74571990966797,247.0250244140625,150.34597778320312,74.21029663085938,207.26661682128906,149.70362854003906,281.24169921875,23.34572982788086,69.7003402709961,81.14137268066406,62.5511474609375,75.88021087646484,54.18506622314453,55.95435333251953,58.84081268310547,77.82551574707031,25.41645622253418,147.52127075195312,169.33883666992188,441.3775329589844,43.94697570800781,57.323726654052734,97.2098617553711,224.0153350830078,43.37969207763672,40.161033630371094,72.9792251586914,24.14878273010254,35.962833404541016,98.00215148925781,84.3668212890625,65.41801452636719,41.8479118347168,29.970420837402344,124.54299926757812,98.5074234008789
2021-12-13,60.17517852783203,112.63057708740234,244.6909942626953,149.6912078857422,73.30502319335938,204.23765563964844,147.52052307128906,276.90069580078125,22.73194122314453,68.77177429199219,81.70622253417969,61.57950973510742,75.55862426757812,54.463539123535156,56.43766784667969,57.875762939453125,77.30995178222656,25.501550674438477,146.4500274658203,166.04632568359375,437.4676208496094,43.500030517578125,56.718711853027344,96.22940826416016,221.97653198242188,42.71470642089844,39.91997528076172,72.59862518310547,23.47797966003418,35.5760383605957,96.98816680908203,83.11250305175781,66.27333068847656,42.40939712524414,30.338829040527344,125.7182846069336,95.97016143798828
2021-12-14,60.10321044921875,111.43910217285156,243.0277862548828,149.41610717773438,72.41651916503906,202.47926330566406,146.7493438720703,273.7007751464844,22.63132095336914,69.12350463867188,81.11510467529297,60.735015869140625,75.38253021240234,54.14054870605469,56.249366760253906,57.71387481689453,77.19517517089844,25.267108917236328,145.57272338867188,165.39346313476562,434.4578857421875,43.276554107666016,56.36081314086914,95.6302490234375,220.31182861328125,42.61970138549805,39.87903594970703,72.40833282470703,23.38094711303711,35.78786087036133,96.06719970703125,81.74723052978516,66.3174057006836,41.94148635864258,30.15679359436035,125.20927429199219,95.41271209716797
2021-12-15,61.13776397705078,112.50955200195312,246.76995849609375,150.73658752441406,73.9476547241211,205.6935272216797,148.2090606689453,279.7998962402344,22.63132095336914,69.26419067382812,82.68203735351562,62.375457763671875,75.86446380615234,55.03096008300781,56.724609375,56.355796813964844,77.51299285888672,25.605741500854492,147.16111755371094,166.55723571777344,441.2463684082031,43.80945587158203,57.11069107055664,96.837646484375,223.7067413330078,42.464256286621094,39.9654541015625,73.16951751708984,23.267040252685547,35.88916015625,96.90442657470703,83.91333770751953,66.9875717163086,42.56252670288086,30.650882720947266,127.7727279663086,96.62367248535156
2021-12-16,61.20973587036133,112.9749755859375,244.3318328857422,151.3876190185547,72.30209350585938,201.53390502929688,146.59323120117188,271.51910400390625,22.79902458190918,70.15230560302734,83.34822845458984,60.735015869140625,75.66984558105469,55.24046325683594,57.16399002075195,56.50869369506836,78.43113708496094,25.484182357788086,146.9025421142578,164.09727478027344,437.3551940917969,43.81804275512695,57.17885971069336,96.29296875,221.20030212402344,42.5765266418457,40.37479782104492,73.06485748291016,23.414695739746094,36.340415954589844,96.95093536376953,81.53498077392578,67.4637222290039,42.72417449951172,30.80691146850586,128.53152465820312,94.49005889892578
2021-12-17,60.46306610107422,111.15986633300781,242.34744262695312,149.5169677734375,71.96862030029297,203.3868408203125,146.86871337890625,275.7467956542969,22.346227645874023,68.80694580078125,82.494384765625,60.34675979614258,75.23426055908203,54.59449005126953,56.572174072265625,55.8431510925293,77.54829406738281,25.52759552001953,144.95391845703125,162.77268981933594,432.700439453125,43.31092834472656,56.343780517578125,95.41236877441406,220.1902313232422,42.282894134521484,39.86994171142578,72.76988983154297,22.937965393066406,35.53920364379883,95.29509735107422,80.9898452758789,66.30860900878906,42.579551696777344,30.343164443969727,127.63386535644531,93.84612274169922
2021-12-20,59.95028305053711,109.88461303710938,239.54087829589844,147.903076171875,71.08740997314453,200.53182983398438,144.7296600341797,272.013671875,22.111446380615234,67.8572769165039,82.13784790039062,59.618743896484375,74.43724822998047,54.83891296386719,56.68874740600586,54.59299850463867,76.42710876464844,25.30183982849121,143.4664764404297,159.90591430664062,428.09942626953125,43.100582122802734,56.402313232421875,94.53887939453125,217.0946502685547,41.69682312011719,39.157737731933594,72.2616958618164,22.65377426147461,34.84889221191406,93.76839447021484,80.02652740478516,66.328125,42.300682067871094,30.37198829650879,126.86095428466797,92.33110046386719
2021-12-21,60.301109313964844,111.63457489013672,244.15234375,150.113037109375,72.73297119140625,206.2607879638672,148.86085510253906,280.1780700683594,22.69001579284668,68.9652328491211,82.61636352539062,61.0650520324707,75.84591674804688,55.03096008300781,56.67080307006836,56.247867584228516,77.5306396484375,25.571006774902344,146.37466430664062,163.90806579589844,435.7019958496094,43.64173126220703,57.125526428222656,96.13951110839844,221.34991455078125,42.40324783325195,39.65142059326172,73.6346664428711,23.299074172973633,35.57065963745117,95.63591766357422,82.05172729492188,66.2393569946289,42.54093933105469,30.32830810546875,127.39051818847656,94.72298431396484
2021-12-22,60.40008544921875,112.3140869140625,246.46751403808594,151.0391845703125,73.64581298828125,208.2460174560547,150.33892822265625,282.44696044921875,22.891258239746094,69.44005584716797,83.58280944824219,61.89983367919922,76.23516082763672,55.25792694091797,57.01155090332031,56.05000686645508,78.10449981689453,25.779396057128906,147.40277099609375,166.15037536621094,440.0584716796875,44.086875915527344,57.8315315246582,97.0267333984375,223.53836059570312,42.63872146606445,39.96685791015625,73.81583404541016,23.448646545410156,35.73722839355469,95.90672302246094,83.1247329711914,66.65662384033203,42.96137237548828,30.45936393737793,128.8768768310547,96.45072937011719
2021-12-23,60.63398361206055,113.37522888183594,248.01727294921875,151.88284301757812,74.23246765136719,209.9098358154297,151.29364013671875,285.46258544921875,22.958337783813477,69.89730072021484,83.82674407958984,62.365745544433594,76.80974578857422,55.35395050048828,57.146053314208984,56.41875457763672,78.72248840332031,25.796762466430664,148.40306091308594,167.85342407226562,442.79656982421875,44.35746383666992,58.22757339477539,97.6487045288086,225.08148193359375,42.89164352416992,40.36912155151367,74.47369384765625,23.461471557617188,35.922298431396484,97.03656005859375,83.58875274658203,66.80755615234375,42.832664489746094,30.454992294311523,129.40635681152344,97.78865051269531
2021-12-27,60.579994201660156,114.31537628173828,251.38136291503906,153.52426147460938,75.34491729736328,211.8762664794922,152.84515380859375,287.78973388671875,23.360822677612305,70.45127868652344,84.7275161743164,63.55968475341797,77.4214096069336,55.50235366821289,57.522666931152344,56.229888916015625,79.45523071289062,26.152761459350586,150.30169677734375,168.78065490722656,449.0630187988281,44.69786834716797,58.86470413208008,98.6822738647461,228.0370635986328,43.03117752075195,40.977108001708984,75.19832611083984,23.974287033081055,36.292442321777344,98.06371307373047,85.38191986083984,67.51780700683594,43.707855224609375,30.6035099029541,130.77197265625,98.74156188964844
2021-12-28,60.6519660949707,114.70632934570312,250.9844970703125,153.78103637695312,75.01631164550781,210.5810546875,152.36776733398438,284.78387451171875,23.302127838134766,70.59196472167969,84.53986358642578,63.190818786621094,77.12484741210938,55.90391159057617,57.8454704284668,55.65427780151367,79.49054718017578,26.213539123535156,150.53326416015625,168.7333526611328,448.6960144042969,44.69786834716797,58.89052200317383,98.572509765625,227.56781005859375,42.8829231262207,41.21481704711914,75.16018676757812,23.95719337463379,36.310951232910156,98.55860900878906,84.937255859375,67.89956665039062,43.89662551879883,30.87870979309082,130.42823791503906,98.78487396240234
2021-12-29,60.36409378051758,115.19966888427734,251.22071838378906,154.1294708251953,75.05524444580078,210.80799865722656,152.67987060546875,284.8710632324219,23.15119743347168,70.60955810546875,84.95270538330078,63.171409606933594,76.7356185913086,56.24436569213867,58.042747497558594,54.82683181762695,79.87016296386719,26.378515243530273,150.9778594970703,168.8941650390625,449.2701416015625,44.689125061035156,58.98523712158203,98.60910034179688,227.69921875,42.69976806640625,41.38395690917969,74.788330078125,23.803348541259766,36.264671325683594,98.73600769042969,85.009765625,68.21028137207031,44.162601470947266,31.04469871520996,131.17141723632812,98.98221588134766
2021-12-30,60.193172454833984,114.44181823730469,250.8144073486328,154.02859497070312,74.76559448242188,210.75123596191406,152.31271362304688,285.42376708984375,23.01703643798828,70.4380111694336,84.88703155517578,62.7617301940918,77.28239440917969,56.30546569824219,57.85250473022461,56.79650115966797,79.62297058105469,26.500072479248047,150.73704528808594,168.88375854492188,448.0280456542969,44.58439636230469,58.752769470214844,98.52678680419922,227.33314514160156,43.249229431152344,41.23767852783203,75.10298156738281,23.658048629760742,36.19990539550781,98.38117980957031,84.4490966796875,67.9971923828125,44.359954833984375,31.15827178955078,131.4408416748047,98.62606048583984
2021-12-31,60.2381477355957,115.11297607421875,249.87879943847656,153.9918975830078,74.38825988769531,210.2974853515625,152.44122314453125,284.153564453125,23.067344665527344,70.42920684814453,84.76504516601562,62.50933074951172,76.20735168457031,56.48005676269531,58.08582305908203,56.45473098754883,79.86133575439453,26.57822036743164,150.73704528808594,170.03125,446.8989562988281,44.56694412231445,58.752769470214844,98.26152038574219,226.6103973388672,43.13584518432617,41.420528411865234,74.06371307373047,23.71788215637207,36.1351318359375,98.80138397216797,84.03825378417969,68.45889282226562,44.45433807373047,31.267473220825195,130.8834228515625,98.39024353027344
2022-01-03,60.301109313964844,114.57233428955078,251.4663543701172,154.53294372558594,74.9213638305664,213.01072692871094,154.29566955566406,287.6733703613281,23.68783950805664,71.15057373046875,83.883056640625,63.179176330566406,76.7356185913086,56.25309371948242,58.211448669433594,56.44573974609375,79.472900390625,26.421932220458984,150.86671447753906,171.83314514160156,449.4864196777344,44.837520599365234,59.31240463256836,98.82860565185547,228.0464630126953,43.44109344482422,40.88111114501953,74.57858276367188,24.452917098999023,36.57929611206055,97.989013671875,84.83576965332031,68.44999694824219,44.04248809814453,30.957326889038086,129.5364532470703,101.21527099609375
2022-01-04,61.09279251098633,116.46461486816406,250.83326721191406,155.89012145996094,74.14483642578125,212.6892547607422,155.3422393798828,284.8323059082031,24.283184051513672,72.74285125732422,82.86031341552734,62.40254592895508,76.4946517944336,56.052310943603516,58.51654815673828,55.393455505371094,80.45283508300781,26.46534538269043,152.0800018310547,171.82366943359375,449.3359680175781,45.00335693359375,59.389896392822266,98.86520385742188,227.61473083496094,43.26666259765625,41.38395690917969,74.41650390625,25.299068450927734,37.54166030883789,99.95923614501953,83.936767578125,68.91166687011719,43.870880126953125,30.861234664916992,127.82715606689453,100.59925842285156
2022-01-05,60.81389617919922,115.43922424316406,245.61703491210938,154.52377319335938,71.77871704101562,205.48556518554688,151.90875244140625,272.4208679199219,24.291566848754883,71.97749328613281,82.14722442626953,60.587158203125,74.5206527709961,55.72932434082031,58.193504333496094,54.1432991027832,80.46166229248047,25.987791061401367,149.73675537109375,169.120849609375,440.7076721191406,44.61058044433594,58.85609436035156,97.18223571777344,222.6778106689453,42.62128448486328,41.37938690185547,72.54774475097656,25.294797897338867,37.106746673583984,99.00680541992188,81.35572814941406,68.8495101928711,42.446556091308594,30.843759536743164,126.91669464111328,97.88491821289062
2022-01-06,60.36409378051758,115.18754577636719,245.6454315185547,154.82640075683594,71.5791244506836,206.6577911376953,153.1848602294922,272.7796936035156,24.803054809570312,72.89238739013672,81.19014739990234,60.37358474731445,74.97477722167969,55.083335876464844,57.924293518066406,54.880802154541016,79.63179779052734,25.96173858642578,150.07022094726562,168.8932342529297,440.2937316894531,44.36619186401367,58.640838623046875,97.09076690673828,222.62149047851562,42.865482330322266,40.858253479003906,72.87191772460938,25.85890007019043,37.6527099609375,99.46435546875,80.94486236572266,68.66307067871094,42.49803161621094,30.52487564086914,125.44892883300781,97.62985229492188
2022-01-07,59.97725296020508,115.05704498291016,244.59646606445312,155.21157836914062,70.79043579101562,204.2659912109375,152.49630737304688,267.737548828125,25.14684295654297,73.89524841308594,81.07756805419922,59.72315216064453,75.13232421875,55.60710525512695,57.960182189941406,55.753211975097656,80.48815155029297,25.805450439453125,149.82937622070312,166.8068389892578,438.5529479980469,44.54948043823242,58.933570861816406,96.95355987548828,221.60780334472656,43.08351516723633,40.82168960571289,72.88145446777344,26.21359634399414,38.09687042236328,99.43633270263672,80.20052337646484,68.73409271240234,42.27494812011719,30.756389617919922,124.80792999267578,96.00315856933594
2022-01-10,59.83332824707031,113.23932647705078,244.1712188720703,154.9730987548828,70.74906158447266,203.55702209472656,151.8628387451172,266.7290954589844,25.096532821655273,73.71931457519531,81.53733825683594,59.66490936279297,74.90990447998047,55.24046325683594,57.511505126953125,55.87911605834961,79.5788345336914,25.701251983642578,149.0791473388672,165.26101684570312,438.00726318359375,44.13924789428711,58.132877349853516,96.63343048095703,221.2230224609375,43.17072677612305,40.405696868896484,72.42378997802734,26.132402420043945,37.96733856201172,98.31584167480469,80.21503448486328,68.1925277709961,42.026123046875,30.555456161499023,126.08991241455078,95.41600036621094
2022-01-11,60.301109313964844,114.15283966064453,246.5808868408203,156.22940063476562,71.5572280883789,205.72189331054688,152.96449279785156,270.5301208496094,25.86795997619629,74.51984405517578,82.2316665649414,60.36387634277344,75.98493957519531,55.083335876464844,57.67303466796875,57.381107330322266,80.88542938232422,25.770715713500977,150.4869842529297,167.44224548339844,441.9967041015625,44.66295623779297,58.85609436035156,97.74932098388672,223.4286651611328,44.00797653198242,40.84911346435547,73.32957458496094,27.02128791809082,38.30045700073242,98.9040756225586,81.17688751220703,68.11262512207031,41.95747756958008,30.280261993408203,127.09320831298828,96.3352279663086
2022-01-12,61.16474151611328,115.35533905029297,247.11013793945312,156.3577880859375,71.7909164428711,204.19039916992188,152.33103942871094,267.70843505859375,26.094358444213867,74.87171936035156,81.98770904541016,60.82014846801758,76.42977142333984,55.3626708984375,57.73584747314453,58.622257232666016,82.36859130859375,25.822813034057617,150.60739135742188,169.35791015625,443.19171142578125,45.143009185791016,59.39849853515625,98.28897094726562,223.7759552001953,44.679527282714844,41.260528564453125,73.4249038696289,27.072568893432617,38.32822036743164,99.22157287597656,81.55873107910156,68.13925170898438,42.06902313232422,30.376361846923828,126.73091125488281,96.97052001953125
2022-01-13,60.55301284790039,114.80535888671875,243.52865600585938,155.71588134765625,70.00175476074219,202.31857299804688,152.02809143066406,262.9571838378906,26.04404640197754,74.94210815429688,80.67410278320312,59.37366485595703,75.32693481445312,55.41505813598633,57.61919403076172,56.841468811035156,81.71527862548828,25.814128875732422,149.9127197265625,166.71200561523438,437.0852355957031,44.820064544677734,58.95941162109375,97.07245635986328,220.50027465820312,44.1213493347168,40.94054412841797,72.66215515136719,26.935815811157227,38.1801643371582,99.43633270263672,79.446533203125,68.26356506347656,41.923152923583984,30.52487564086914,124.76151275634766,95.0213851928711
2022-01-14,60.48105239868164,114.00369262695312,243.64205932617188,155.45913696289062,70.17943572998047,202.6021728515625,152.95533752441406,262.3947448730469,26.597461700439453,74.61662292480469,80.61780548095703,59.761985778808594,75.79032135009766,55.3103141784668,57.744815826416016,57.27317810058594,81.2032470703125,25.675203323364258,149.65341186523438,165.68780517578125,437.263916015625,44.7153205871582,58.79582595825195,97.0633316040039,220.58473205566406,44.20856475830078,40.59312057495117,72.99586486816406,27.56829261779785,37.782257080078125,98.83872985839844,80.11836242675781,68.38784790039062,41.43408203125,30.315216064453125,124.5478515625,94.57862091064453
2022-01-18,59.5274543762207,112.15801239013672,238.94554138183594,153.19412231445312,68.5557861328125,196.47616577148438,149.22805786132812,252.76626586914062,26.74839210510254,73.29705047607422,79.6513671875,58.31550216674805,74.43724822998047,54.603214263916016,56.748756408691406,56.55366134643555,80.10852813720703,25.414716720581055,147.27310180664062,162.6151123046875,429.5201721191406,44.060691833496094,57.952064514160156,95.39865112304688,216.2954559326172,43.55447006225586,40.05827713012695,72.1091537475586,27.67940330505371,36.940185546875,97.69954681396484,78.19466400146484,67.40238189697266,41.150936126708984,29.95264434814453,122.80136108398438,92.7883071899414
2022-01-19,58.789772033691406,111.43092346191406,236.6587371826172,151.84613037109375,67.81578826904297,193.28082275390625,146.82275390625,248.8682861328125,26.698081970214844,72.4085464477539,79.42619323730469,57.48062515258789,74.49285125732422,54.8476448059082,57.017967224121094,56.832481384277344,80.98253631591797,25.18028450012207,145.74488830566406,160.55715942382812,425.0601806640625,44.05196762084961,58.11565017700195,94.85900115966797,214.0240936279297,43.72890090942383,39.95771408081055,71.98521423339844,27.478553771972656,36.3202018737793,96.6070327758789,77.10232543945312,67.82853698730469,40.618961334228516,30.088054656982422,122.29969024658203,91.11348724365234
2022-01-20,58.52888107299805,110.56401062011719,234.05059814453125,150.40647888183594,66.97354125976562,189.78297424316406,143.89425659179688,244.47584533691406,26.345911026000977,72.00387573242188,78.88196563720703,56.771942138671875,74.08509063720703,54.9873161315918,56.75774002075195,58.30747985839844,80.09087371826172,24.728771209716797,143.89251708984375,159.37171936035156,420.3556213378906,43.77265548706055,57.68516159057617,94.08155822753906,211.5275115966797,43.9992561340332,39.37715530395508,71.27011108398438,27.22641372680664,36.08885955810547,95.37446594238281,76.1066665649414,67.38462829589844,40.25859069824219,30.127378463745117,121.50074768066406,89.45311737060547
2022-01-21,58.30397415161133,109.62252807617188,229.34463500976562,148.3065185546875,65.2257308959961,186.22833251953125,141.81027221679688,238.90037536621094,25.792495727539062,70.86026763916016,78.18763732910156,55.7623176574707,72.04621124267578,54.769073486328125,56.65005111694336,57.129276275634766,78.15746307373047,24.728771209716797,141.7900848388672,156.02401733398438,412.103759765625,43.1703987121582,56.84140396118164,92.48089599609375,207.3414306640625,43.31026840209961,38.41719436645508,68.85790252685547,26.687957763671875,35.34858322143555,94.49671936035156,74.59380340576172,67.43790435791016,40.232845306396484,30.070587158203125,120.27452087402344,86.83019256591797
2022-01-24,58.05208969116211,108.99797058105469,230.55422973632812,148.55410766601562,65.74667358398438,190.5203399658203,144.353271484375,246.47329711914062,25.72541618347168,70.50839233398438,77.41825103759766,55.7623176574707,72.05547332763672,54.236576080322266,56.712860107421875,56.31083297729492,77.26579284667969,24.62458038330078,142.8551788330078,155.80587768554688,413.8538818359375,42.69034194946289,55.963218688964844,92.36199188232422,208.6741943359375,42.73466110229492,38.44003677368164,69.36322784423828,26.86743927001953,35.45037078857422,95.03831481933594,74.98046875,67.2159423828125,40.31864929199219,29.78228759765625,119.87507629394531,87.87454986572266
2022-01-25,57.845176696777344,108.08444213867188,227.46417236328125,147.95806884765625,64.27151489257812,187.97731018066406,143.5269775390625,240.2288055419922,26.56392478942871,70.9306411743164,77.0335464477539,54.59736633300781,71.05457305908203,53.48583221435547,56.03984832763672,56.0679931640625,77.03626251220703,24.572481155395508,141.50296020507812,153.7384490966797,408.8011474609375,42.463409423828125,55.567176818847656,91.44734191894531,205.7552490234375,42.72593688964844,38.092613220214844,67.94258880615234,27.910171508789062,35.59842300415039,94.10453796386719,73.24527740478516,66.47018432617188,40.20711135864258,29.314895629882812,119.10403442382812,86.387451171875
2022-01-26,57.044517517089844,107.19889831542969,226.58529663085938,146.94937133789062,64.30317687988281,185.26405334472656,141.71847534179688,236.36962890625,26.672927856445312,70.9482421875,76.76144409179688,54.74298858642578,70.12782287597656,53.30250930786133,55.465545654296875,55.02470779418945,76.63897705078125,24.27726173400879,140.36375427246094,153.44447326660156,407.7755126953125,42.26265335083008,55.696319580078125,91.0357437133789,204.9574432373047,42.28114700317383,37.69491958618164,66.95101165771484,27.8631649017334,35.69096374511719,93.2828598022461,73.67545318603516,65.96414184570312,39.5378532409668,29.07464027404785,118.48162078857422,85.96873474121094
2022-01-27,56.234867095947266,105.93114471435547,225.32850646972656,146.5183868408203,63.753013610839844,181.0572052001953,138.8541717529297,230.28025817871094,26.916095733642578,70.35003662109375,76.9490966796875,54.13138961791992,70.35951232910156,53.63423156738281,55.680904388427734,53.91845703125,76.46241760253906,24.025463104248047,139.57647705078125,149.93553161621094,405.7618713378906,41.98335266113281,55.61021423339844,90.3497314453125,203.4369354248047,41.9061279296875,37.822914123535156,67.02728271484375,28.166580200195312,35.36708450317383,92.45179748535156,73.16795349121094,66.40804290771484,38.825687408447266,29.33236312866211,118.78816223144531,83.88484191894531
2022-01-28,56.45077896118164,106.34130859375,230.94166564941406,148.67332458496094,65.99496459960938,184.58340454101562,140.78204345703125,236.05934143066406,26.756778717041016,70.8162841796875,78.24394226074219,56.17005157470703,71.70330810546875,54.07071304321289,56.12957763671875,53.792537689208984,76.47124481201172,24.529069900512695,141.96603393554688,152.2210693359375,415.83917236328125,42.17537307739258,55.77379608154297,91.84066009521484,208.44895935058594,41.97589874267578,38.0423469543457,68.9437026977539,28.046924591064453,35.82976531982422,93.09607696533203,76.3676528930664,67.1893081665039,40.17278289794922,29.686189651489258,121.21279907226562,85.71366119384766
2022-01-31,57.64726638793945,108.02853393554688,235.8082275390625,150.3422393798828,67.9301986694336,190.24620056152344,143.5269775390625,246.02723693847656,26.86578369140625,71.53763580322266,78.9007339477539,57.80098342895508,73.67731475830078,54.90874481201172,56.524417877197266,56.30183792114258,77.30111694335938,24.86769676208496,144.15184020996094,157.74053955078125,423.32891845703125,42.84745407104492,56.65199279785156,93.76142120361328,212.87904357910156,43.31898880004883,38.6046142578125,70.50736999511719,28.170860290527344,36.144386291503906,94.06720733642578,78.28651428222656,67.44678497314453,40.618961334228516,30.24968719482422,121.90951538085938,89.01033782958984
2022-02-01,57.665252685546875,109.3521957397461,237.39578247070312,151.43350219726562,68.45844268798828,192.2503662109375,144.83981323242188,249.27552795410156,27.695905685424805,72.67247009277344,79.17284393310547,57.975730895996094,74.38164520263672,54.62067413330078,56.61415100097656,56.6525993347168,78.47529602050781,24.763505935668945,145.27255249023438,159.03030395507812,426.1893310546875,43.275142669677734,57.34077835083008,94.50228881835938,214.5027618408203,43.57191467285156,39.198875427246094,71.11756134033203,29.17512321472168,36.64406967163086,95.36511993408203,78.48950958251953,67.38462829589844,40.34438705444336,29.847808837890625,122.23466491699219,89.54936218261719
2022-02-02,58.546878814697266,110.30300903320312,239.21957397460938,152.65309143066406,68.92823791503906,190.34072875976562,143.94932556152344,246.02723693847656,27.804912567138672,73.10353088378906,79.99853515625,58.40287780761719,75.66984558105469,55.179359436035156,57.17051315307617,56.16693115234375,78.95201873779297,25.03267478942871,146.2172088623047,158.33799743652344,430.32928466796875,43.62428665161133,57.67655563354492,95.06022644042969,215.92005920410156,43.493412017822266,39.32229995727539,72.53820037841797,29.26914405822754,36.893917083740234,96.02808380126953,79.12751007080078,68.1925277709961,41.03939437866211,30.28900146484375,123.87895202636719,89.01515197753906
2022-02-03,57.32340621948242,108.1124038696289,233.52139282226562,151.0208740234375,66.40878295898438,186.73887634277344,141.89288330078125,239.8506622314453,27.57012939453125,72.47891998291016,79.39803314208984,56.65544891357422,71.6662368774414,54.89128875732422,56.892333984375,55.789180755615234,77.89263153076172,24.746137619018555,144.36488342285156,155.1704864501953,420.2144775390625,42.926002502441406,56.8758430480957,93.22176361083984,210.78602600097656,43.12711715698242,38.636600494384766,67.68515014648438,28.991361618041992,36.48676300048828,94.49671936035156,76.83165740966797,68.21028137207031,40.618961334228516,30.15359115600586,123.34944915771484,86.29119873046875
2022-02-04,57.77321243286133,107.5251693725586,235.0144500732422,151.06671142578125,67.20965576171875,187.54241943359375,142.26930236816406,242.12930297851562,28.02292251586914,73.2002944946289,78.99456024169922,56.92726516723633,71.87940216064453,54.49845504760742,56.41672897338867,56.12195587158203,77.56594848632812,24.546432495117188,144.23519897460938,156.9439239501953,422.1904296875,43.039485931396484,56.7294921875,93.63337707519531,212.18447875976562,43.15327835083008,37.99662780761719,67.8567886352539,29.444358825683594,37.106746673583984,93.47893524169922,77.1409912109375,67.375732421875,40.06123733520508,29.9133358001709,122.90353393554688,88.74564361572266
2022-02-07,57.80919647216797,107.7302474975586,234.22067260742188,151.2134246826172,66.75201416015625,188.46890258789062,142.63648986816406,243.447998046875,28.308015823364258,73.6137466430664,79.00395202636719,56.50982666015625,70.56340026855469,54.19292449951172,56.5064697265625,55.73522186279297,77.76019287109375,24.43355369567871,144.3278350830078,156.0334930419922,420.8355407714844,43.1180305480957,56.76393127441406,93.52360534667969,211.64947509765625,43.15327835083008,37.80919647216797,66.67450714111328,29.820423126220703,37.21779251098633,93.55363464355469,76.62864685058594,67.50003814697266,40.069820404052734,29.86964988708496,122.68987274169922,88.56275939941406
2022-02-08,58.14204788208008,108.64375305175781,236.2523956298828,152.24044799804688,67.44820404052734,191.6831512451172,144.6194610595703,248.27684020996094,27.78814125061035,74.5814208984375,79.40741729736328,57.22821807861328,70.7487564086914,54.38497543334961,56.676971435546875,56.355796813964844,78.74896240234375,24.329364776611328,145.6522674560547,158.10092163085938,424.298095703125,43.32750701904297,56.961952209472656,94.2370376586914,213.59239196777344,43.54574966430664,38.394325256347656,66.64591979980469,29.179399490356445,37.73598098754883,94.48738098144531,77.57601165771484,67.75751495361328,39.70944595336914,29.89149284362793,123.69312286376953,89.80925750732422
2022-02-09,58.94270706176758,110.31232452392578,239.9661407470703,153.95523071289062,68.77973175048828,195.32284545898438,146.38214111328125,254.66673278808594,28.081621170043945,75.25880432128906,80.19557189941406,58.470829010009766,72.3242416381836,54.646854400634766,56.748756408691406,57.59695816040039,79.73773956298828,24.832963943481445,148.11595153808594,160.8890838623047,430.5080871582031,44.01705551147461,57.92623519897461,95.77366638183594,217.0651092529297,44.19112777709961,39.23087692260742,68.5241928100586,29.42299461364746,37.97658920288086,95.78532409667969,79.29669189453125,67.7752685546875,40.67044448852539,30.02254295349121,124.65001678466797,90.99798583984375
2022-02-10,58.00711441040039,108.74627685546875,235.8743896484375,151.89198303222656,67.3849105834961,192.3260040283203,144.6103057861328,250.25489807128906,27.947458267211914,74.68699645996094,79.107177734375,57.014644622802734,71.36967468261719,53.642967224121094,56.22829055786133,57.111289978027344,79.67594146728516,24.45960807800293,145.7819366455078,157.7121124267578,422.77374267578125,43.50208282470703,57.1858024597168,94.39253234863281,213.38589477539062,43.946929931640625,39.00231170654297,67.5421371459961,29.23922348022461,37.643455505371094,94.21660614013672,77.2231674194336,67.04722595214844,39.51210403442383,29.262470245361328,122.69914245605469,89.42906951904297
2022-02-11,57.539302825927734,106.71417999267578,231.2534637451172,150.24139404296875,65.41316986083984,190.37857055664062,144.02276611328125,245.66848754882812,28.567951202392578,73.67533111572266,77.93428802490234,55.39341735839844,69.794189453125,53.346160888671875,56.32699966430664,55.96006774902344,78.74014282226562,24.22516632080078,143.85546875,153.94708251953125,414.43719482421875,42.89982604980469,56.11819839477539,92.75529479980469,209.2467803955078,43.26666259765625,38.398902893066406,66.08336639404297,30.08965301513672,37.116004943847656,92.77860260009766,74.86447143554688,66.80755615234375,38.97154998779297,29.279949188232422,120.9991455078125,86.85908508300781
2022-02-14,57.539302825927734,106.42520904541016,230.4691925048828,149.10430908203125,65.46187591552734,189.71676635742188,143.37095642089844,245.1157684326172,28.048084259033203,73.03314208984375,77.00538635253906,55.141014099121094,69.91468811035156,52.85730743408203,56.01292419433594,55.52836227416992,78.37818145751953,24.034141540527344,142.7069854736328,153.66256713867188,413.082275390625,42.64670944213867,55.567176818847656,92.288818359375,208.47711181640625,42.9439697265625,38.083473205566406,66.09291076660156,29.380252838134766,36.69960021972656,92.4331283569336,74.84029388427734,66.6211166381836,38.551116943359375,29.030963897705078,119.76358795166016,87.35479736328125
2022-02-15,58.178035736083984,108.27088928222656,234.27735900878906,150.81907653808594,66.93944549560547,194.8029022216797,146.63003540039062,253.0474395751953,27.729446411132812,73.95682525634766,78.23455047607422,56.82048034667969,70.94336700439453,52.90095520019531,56.22829055786133,56.80549621582031,79.22570037841797,24.242534637451172,144.88352966308594,157.52239990234375,419.74395751953125,43.353702545166016,56.85000991821289,93.90776062011719,212.18447875976562,43.92075729370117,38.78287887573242,67.01776123046875,29.07256507873535,37.19928741455078,93.82441711425781,76.8074722290039,66.73651123046875,38.7398796081543,28.895545959472656,121.11060333251953,89.30874633789062
2022-02-16,58.187034606933594,108.77424621582031,234.38134765625,151.0850372314453,66.9053726196289,195.2093963623047,147.18087768554688,252.54324340820312,27.980998992919922,74.02720642089844,78.62864685058594,56.8107795715332,70.80435180664062,53.06681823730469,56.4346809387207,56.88643264770508,80.13501739501953,24.468286514282227,145.36514282226562,157.70260620117188,420.2144775390625,43.536991119384766,57.0394401550293,94.19129943847656,212.381591796875,44.25217056274414,39.066314697265625,66.55057525634766,29.307607650756836,37.22704315185547,94.31932830810547,76.73015594482422,66.86083221435547,38.84284973144531,28.961069107055664,121.29641723632812,89.56379699707031
2022-02-17,57.3323974609375,106.91924285888672,229.18399047851562,148.74668884277344,64.97745513916016,190.2083740234375,144.58277893066406,244.61160278320312,27.905532836914062,72.50532531738281,77.41825103759766,55.01480484008789,68.9879150390625,53.189029693603516,56.62312316894531,56.44573974609375,79.00497436523438,24.364093780517578,142.7533416748047,154.2505645751953,411.23809814453125,42.873634338378906,56.04070281982422,92.37113189697266,207.55728149414062,43.67657470703125,38.398902893066406,64.77716064453125,29.260595321655273,36.30168914794922,92.59187316894531,74.43429565429688,67.375732421875,38.508209228515625,28.978540420532227,119.3455581665039,87.16708374023438
2022-02-18,57.242431640625,106.29470825195312,227.568115234375,148.09561157226562,64.2763900756836,188.5728759765625,143.7657012939453,241.2275390625,27.687522888183594,72.14464569091797,76.88340759277344,54.50028991699219,68.53380584716797,53.01443862915039,56.78464889526367,55.375465393066406,78.66067504882812,24.22516632080078,142.216064453125,152.69525146484375,408.5753479003906,42.64670944213867,55.713531494140625,91.72172546386719,205.89601135253906,43.33643341064453,38.33489990234375,64.27184295654297,29.081111907958984,36.292442321777344,91.82617950439453,73.68028259277344,67.50003814697266,38.336605072021484,28.926128387451172,118.45375061035156,86.62806701660156
2022-02-22,56.78363037109375,104.6261215209961,225.15841674804688,146.8484649658203,63.419532775878906,185.91641235351562,141.8470001220703,237.7174072265625,27.326963424682617,71.58162689208984,76.70515441894531,53.9760627746582,67.8294677734375,52.70890426635742,56.147525787353516,53.89146423339844,77.78668212890625,24.094926834106445,140.79905700683594,148.24745178222656,404.190673828125,42.20155715942383,54.843955993652344,90.63328552246094,203.53079223632812,42.66489028930664,37.79091262817383,63.613956451416016,28.611024856567383,36.10736083984375,90.9391098022461,72.99877166748047,66.97624206542969,38.233646392822266,28.895545959472656,118.15648651123047,84.10142517089844
2022-02-23,56.19888687133789,103.02279663085938,220.9532928466797,145.03282165527344,61.87134552001953,182.43743896484375,139.82730102539062,232.0353546142578,27.519821166992188,70.49079132080078,76.461181640625,52.684913635253906,66.97684478759766,52.23750686645508,55.98600769042969,53.30686950683594,77.31877136230469,23.81707191467285,138.62252807617188,144.76698303222656,397.0207824707031,41.808780670166016,54.422080993652344,89.37105560302734,199.78587341308594,42.272430419921875,37.306358337402344,62.54608154296875,28.90589714050293,35.47813034057617,89.26766204833984,71.17174530029297,66.43467712402344,37.73599624633789,28.40631103515625,117.56190490722656,81.29082489013672
2022-02-24,55.87502670288086,102.99484252929688,224.6291961669922,145.21621704101562,63.87230682373047,187.22100830078125,141.89288330078125,241.48934936523438,27.100566864013672,68.9337158203125,76.44241333007812,54.1993408203125,67.76457977294922,52.32480239868164,54.945068359375,53.028053283691406,76.48890686035156,23.95600128173828,139.9469757080078,145.41188049316406,402.99560546875,41.26762008666992,53.35447692871094,89.74606323242188,203.2867431640625,41.41773223876953,37.19664764404297,64.30043029785156,28.679407119750977,35.052459716796875,90.4068374633789,73.60293579101562,65.28939819335938,38.388084411621094,28.633455276489258,118.03569030761719,83.14852142333984
2022-02-25,57.17046356201172,106.01505279541016,229.5997772216797,149.3335723876953,64.95309448242188,191.4373779296875,145.39981079101562,246.2502899169922,27.913917541503906,70.939453125,78.8069076538086,54.995391845703125,68.8859634399414,54.07071304321289,56.5423698425293,53.30686950683594,79.10210418701172,24.555112838745117,143.70726013183594,148.30438232421875,411.8873291015625,42.30629348754883,54.96449279785156,91.73088836669922,207.81072998046875,42.18521499633789,38.554317474365234,65.33967590332031,29.435815811157227,36.181400299072266,92.56385803222656,74.60347747802734,67.39350891113281,39.34907531738281,29.520198822021484,121.64942932128906,84.7944564819336
2022-02-28,56.6217041015625,105.72608184814453,229.34463500976562,148.53575134277344,65.10160064697266,192.21258544921875,145.73031616210938,247.38475036621094,28.173858642578125,69.32079315185547,78.27208709716797,54.84977722167969,68.71915435791016,54.31514358520508,55.79756164550781,52.7132682800293,78.52825927734375,24.251216888427734,142.8644561767578,148.04832458496094,410.8334045410156,41.7127685546875,53.65581130981445,91.16378021240234,207.58543395996094,41.705535888671875,38.115482330322266,65.26341247558594,30.162303924560547,35.644691467285156,93.27349090576172,74.46812438964844,66.496826171875,38.67124557495117,29.67308235168457,120.72975158691406,85.39122009277344
2022-03-01,55.8480339050293,103.52616119384766,225.84829711914062,146.24327087402344,64.14005279541016,188.59181213378906,143.04966735839844,242.7498779296875,28.299631118774414,66.92799377441406,77.8404769897461,53.72365951538086,67.940673828125,53.2326774597168,55.23222351074219,52.695274353027344,77.86614227294922,24.016782760620117,140.41006469726562,144.3971405029297,404.5763854980469,40.892303466796875,52.23521041870117,89.64546966552734,204.3473663330078,41.13863754272461,37.237789154052734,64.44344329833984,30.46572494506836,34.330684661865234,91.8822021484375,72.97943878173828,66.10618591308594,38.59401321411133,29.415359497070312,120.06086730957031,84.09661102294922
2022-03-02,56.036949157714844,105.62352752685547,230.00608825683594,149.12261962890625,65.19410705566406,193.0823211669922,146.8595428466797,247.8792724609375,29.238758087158203,68.25634002685547,78.64740753173828,54.81093978881836,68.5152587890625,53.45964050292969,55.51041030883789,52.30854034423828,79.50820922851562,24.346725463867188,143.40162658691406,146.67318725585938,412.0190124511719,41.38982009887695,53.044525146484375,90.98087310791016,208.22369384765625,41.26947021484375,38.056053161621094,64.99644470214844,31.162302017211914,35.219024658203125,93.84309387207031,74.5599594116211,66.80755615234375,39.28044128417969,29.7735595703125,121.87236022949219,85.86286926269531
2022-03-03,55.75807571411133,105.10151672363281,228.4752655029297,149.2327117919922,64.26422119140625,190.79452514648438,146.34544372558594,242.70135498046875,28.878204345703125,67.8340835571289,78.59109497070312,54.06343460083008,67.65336608886719,53.520755767822266,55.312992095947266,50.93247604370117,79.67594146728516,24.48565101623535,143.1052703857422,143.17372131347656,409.9678649902344,40.73519515991211,51.52060317993164,90.02960205078125,206.6375274658203,40.69385528564453,38.101768493652344,64.31949615478516,31.24776840209961,35.10798645019531,93.94581604003906,73.67061614990234,67.34911346435547,39.70944595336914,30.297733306884766,122.49476623535156,83.91854858398438
2022-03-04,55.03837966918945,103.48888397216797,226.17897033691406,148.68251037597656,63.30998611450195,187.80709838867188,144.85818481445312,237.51377868652344,29.230377197265625,66.18904876708984,78.41282653808594,52.9081916809082,66.55980682373047,54.000877380371094,54.873287200927734,49.88918685913086,78.81075286865234,24.511699676513672,142.24392700195312,139.2854766845703,406.6369934082031,39.68779754638672,49.34234619140625,88.7125244140625,204.57261657714844,39.9263801574707,37.96919250488281,63.394657135009766,32.149478912353516,34.450984954833984,93.74039459228516,72.38008880615234,67.35799407958984,40.0440788269043,30.966068267822266,123.10791778564453,82.58543395996094
2022-03-07,53.104217529296875,100.81356811523438,219.2806854248047,145.2804412841797,60.83435821533203,183.1370086669922,141.89288330078125,230.68753051757812,29.649627685546875,63.73465347290039,77.01478576660156,50.84040451049805,64.27071380615234,54.21037673950195,53.338809967041016,47.9914665222168,76.7096176147461,24.00809669494629,138.30760192871094,132.81765747070312,394.6496887207031,38.518192291259766,47.71510314941406,85.88621520996094,198.26536560058594,38.513519287109375,36.65266799926758,61.28753662109375,32.623836517333984,33.1924934387207,91.22855377197266,69.73139953613281,66.13282775878906,39.314754486083984,31.36793327331543,120.96200561523438,78.53797149658203
2022-03-08,52.339542388916016,100.81356811523438,217.79705810546875,144.1066436767578,60.493553161621094,184.14852905273438,142.5263214111328,232.16136169433594,30.001802444458008,64.02495574951172,75.95451354980469,50.811275482177734,64.20584106445312,54.271488189697266,52.49529266357422,47.406864166259766,75.98568725585938,23.9820499420166,137.31658935546875,132.95042419433594,391.6575012207031,38.75386047363281,48.84297561645508,85.79476928710938,197.1484832763672,38.67922592163086,36.46523666381836,61.13499069213867,33.13665008544922,32.998172760009766,90.66830444335938,69.39306640625,64.34831237792969,38.96296310424805,30.883068084716797,118.49089050292969,78.70160675048828
2022-03-09,53.75193405151367,103.59142303466797,223.7598114013672,146.68345642089844,62.76470947265625,189.33863830566406,145.31716918945312,240.61663818359375,29.305843353271484,66.41775512695312,77.69034576416016,52.9081916809082,66.24470520019531,55.126991271972656,53.60801696777344,48.33324432373047,77.95441436767578,24.442241668701172,140.224853515625,138.8302459716797,402.15826416015625,40.2376823425293,51.45172882080078,88.38323974609375,202.62037658691406,39.65601348876953,37.59435272216797,62.96561050415039,32.123836517333984,34.21039962768555,92.31170654296875,72.13841247558594,64.78334045410156,39.61506271362305,30.66465950012207,120.72975158691406,81.23307037353516
2022-03-10,53.52702713012695,103.05077362060547,222.78651428222656,146.52752685546875,62.27056121826172,188.998291015625,145.62013244628906,239.133056640625,29.92633819580078,66.0042953491211,77.43701171875,52.005348205566406,65.59597778320312,54.550838470458984,53.12343978881836,46.21067810058594,78.09566497802734,24.476970672607422,139.9562225341797,137.16114807128906,400.34234619140625,39.7838134765625,50.30662536621094,87.6972427368164,201.70994567871094,39.045528411865234,37.69491958618164,62.49842071533203,33.10674285888672,33.92352294921875,92.19036102294922,70.87691497802734,64.17076873779297,39.75235366821289,30.869964599609375,120.68330383300781,81.81060028076172
2022-03-11,52.66340255737305,102.50078582763672,219.7153778076172,145.3629913330078,61.05344009399414,185.9825439453125,144.19715881347656,233.35403442382812,29.649627685546875,65.7052001953125,76.69574737548828,51.005435943603516,64.51167297363281,54.14054870605469,52.21711349487305,44.16006851196289,77.41587829589844,24.268585205078125,138.4835662841797,134.20223999023438,395.2518310546875,39.40849304199219,49.99668884277344,86.58135986328125,198.96932983398438,38.25188064575195,37.41606903076172,61.37335205078125,32.841773986816406,33.68293380737305,91.45267486572266,69.62989807128906,63.42500305175781,39.357662200927734,30.765134811401367,119.78216552734375,80.23684692382812
2022-03-14,52.73537063598633,103.2558364868164,217.82540893554688,145.2070770263672,60.03348159790039,182.18218994140625,142.755859375,226.9932098388672,28.86981964111328,66.6200942993164,77.24934387207031,50.180267333984375,63.501495361328125,54.201656341552734,52.60297393798828,40.98522186279297,76.64781951904297,24.164384841918945,137.97413635253906,132.43832397460938,392.36322021484375,39.66160583496094,50.883480072021484,86.0417251586914,197.00765991210938,37.33613204956055,37.361209869384766,60.65826416015625,31.85888671875,34.10860061645508,91.76080322265625,68.33939361572266,63.762367248535156,39.11741256713867,30.730186462402344,120.62757110595703,78.89891815185547
2022-03-15,53.599002838134766,104.44902038574219,222.48411560058594,147.03189086914062,61.88839340209961,185.08447265625,143.8758544921875,231.95773315429688,28.21578598022461,67.3150634765625,78.59109497070312,51.675289154052734,64.45604705810547,54.917476654052734,53.66185760498047,40.67942428588867,76.66547393798828,24.27726173400879,140.19699096679688,135.63429260253906,400.9914855957031,40.0107421875,51.26231002807617,87.40455627441406,201.11863708496094,37.31869888305664,37.79091262817383,61.82146453857422,30.692218780517578,34.589786529541016,93.21749114990234,70.63523864746094,65.19172668457031,39.426300048828125,31.123315811157227,123.03359985351562,81.54107666015625
2022-03-16,54.79548645019531,106.81671142578125,227.75706481933594,149.37022399902344,63.918556213378906,190.90794372558594,147.13494873046875,241.71237182617188,28.207401275634766,69.61109161376953,79.87655639648438,53.675113677978516,67.24559783935547,54.812721252441406,54.20026779174805,49.1966552734375,78.57240295410156,24.633264541625977,142.84596252441406,143.40135192871094,409.8832092285156,41.3636360168457,53.27699279785156,90.17597198486328,206.14942932128906,40.22290802001953,38.385189056396484,63.52814865112305,30.551191329956055,35.5614013671875,94.4500503540039,72.93109130859375,65.26274871826172,39.8638916015625,31.0665340423584,124.51068878173828,84.32282257080078
2022-03-17,55.30827331542969,108.19630432128906,230.89437866210938,151.14004516601562,64.75592041015625,193.90475463867188,148.44772338867188,247.06480407714844,29.029130935668945,70.14771270751953,81.13386535644531,53.98577117919922,67.44949340820312,55.2230110168457,54.53228759765625,47.34390640258789,80.0025863647461,24.85033416748047,144.64268493652344,144.23590087890625,415.0111999511719,41.73896026611328,53.62136459350586,91.11807250976562,208.90887451171875,39.9263801574707,39.12116622924805,64.2146224975586,31.60247039794922,36.00558090209961,95.6639404296875,73.44828796386719,65.7155532836914,40.43018341064453,31.19757843017578,126.48011779785156,85.72811889648438
2022-03-18,56.018959045410156,108.93270874023438,233.46469116210938,151.671875,66.15319061279297,195.94679260253906,148.97105407714844,251.1857452392578,29.012365341186523,70.5699691772461,81.7437515258789,55.141014099121094,68.63573455810547,55.03096008300781,54.9271240234375,49.52043914794922,80.78831481933594,25.015304565429688,145.56890869140625,147.18531799316406,419.55670166015625,42.09681701660156,54.06047821044922,92.08760070800781,211.34915161132812,40.554325103759766,39.3588752746582,65.05365753173828,31.57255744934082,36.08885955810547,96.02808380126953,74.95146942138672,65.86649322509766,40.52457809448242,30.931114196777344,127.26045227050781,87.5328598022461
2022-03-21,56.00096893310547,108.57850646972656,233.4080047607422,151.97451782226562,65.9365463256836,194.21676635742188,148.63133239746094,247.3071746826172,30.001802444458008,70.35003662109375,81.53733825683594,54.878902435302734,67.63484191894531,55.170631408691406,54.68484115600586,47.66769027709961,81.6181869506836,24.815597534179688,145.16342163085938,145.1463165283203,419.4339904785156,41.872108459472656,53.52461624145508,91.85558319091797,211.1520538330078,40.04177474975586,39.6860237121582,64.44476318359375,32.84528732299805,36.05356216430664,96.24451446533203,74.80909729003906,65.9511947631836,40.316612243652344,31.137792587280273,127.16352844238281,86.7997055053711
2022-03-22,56.17189407348633,109.28694152832031,236.2523956298828,152.9373779296875,67.07333374023438,196.16416931152344,149.5952911376953,251.01123046875,29.884408950805664,71.5904312133789,81.57486724853516,55.60699462890625,69.03424835205078,55.292850494384766,55.2053108215332,49.5024528503418,81.9713134765625,25.015304565429688,146.38174438476562,148.63629150390625,424.34197998046875,42.25682067871094,54.232181549072266,92.90095520019531,213.74256896972656,40.66276931762695,39.90169143676758,65.64915466308594,32.60369110107422,36.63881301879883,96.76918029785156,75.88410949707031,66.44171142578125,40.342498779296875,31.18177032470703,127.19145965576172,88.95429229736328
2022-03-23,55.83903121948242,107.96326446533203,233.12449645996094,151.17672729492188,66.10935974121094,192.76084899902344,147.474609375,245.9690704345703,30.44621467590332,70.26207733154297,80.49583435058594,54.84977722167969,68.07968139648438,54.87382888793945,54.496402740478516,49.18766403198242,81.82123565673828,24.676673889160156,144.28915405273438,146.40765380859375,418.87713623046875,41.723480224609375,53.22260665893555,91.76388549804688,210.8313751220703,40.38288497924805,39.71814727783203,64.75061798095703,33.16455841064453,35.960662841796875,95.84168243408203,74.71710205078125,65.90660858154297,39.88513946533203,31.225740432739258,124.90837097167969,87.8504867553711
2022-03-24,56.45077896118164,108.61577606201172,236.61195373535156,152.69808959960938,67.34610748291016,194.97738647460938,148.781494140625,249.2435302734375,30.496522903442383,70.70191955566406,81.38719177246094,56.25741958618164,68.7284164428711,55.25792694091797,54.909175872802734,48.72896957397461,82.88946533203125,24.836322784423828,145.97256469726562,147.40341186523438,425.1914367675781,42.05571365356445,53.53324890136719,92.80009460449219,213.8347625732422,40.62779235839844,40.51655578613281,65.81165313720703,33.24653625488281,36.24864196777344,96.57243347167969,76.65887451171875,66.37035369873047,40.195796966552734,31.546749114990234,126.39936828613281,88.53495025634766
2022-03-25,56.4417839050293,108.73696899414062,237.4934844970703,154.1531524658203,67.26077270507812,195.24258422851562,150.17230224609375,247.3704833984375,31.10862922668457,71.29133605957031,81.63116455078125,56.04384994506836,68.82109832763672,55.842811584472656,55.21427917480469,47.74863052368164,83.46331787109375,25.124195098876953,146.96771240234375,146.91029357910156,427.2678527832031,42.11692428588867,53.5677604675293,93.01100158691406,214.74806213378906,40.31291580200195,40.97081756591797,66.1270980834961,33.97566223144531,36.713130950927734,97.1720199584961,76.61528778076172,66.92330169677734,40.67041778564453,32.00407791137695,126.98648834228516,88.38070678710938
2022-03-28,55.59614181518555,108.61577606201172,239.2471923828125,154.0518341064453,68.28955841064453,195.30892944335938,149.83152770996094,248.44773864746094,30.34558868408203,71.15057373046875,82.03462219238281,56.684574127197266,69.01571655273438,56.2792854309082,55.456565856933594,48.30625534057617,82.84532165527344,25.324848175048828,147.4048614501953,149.30015563964844,430.3070373535156,41.985774993896484,53.68856430053711,93.3136215209961,216.14149475097656,40.44411849975586,40.78727340698242,66.3373794555664,33.13435745239258,36.610939025878906,97.20013427734375,77.52565002441406,67.19975280761719,41.188175201416016,32.21076202392578,127.90900421142578,90.73770141601562
2022-03-29,56.69367980957031,110.22843933105469,242.56491088867188,155.53453063964844,69.51338195800781,200.5376434326172,152.92613220214844,256.47369384765625,30.261741638183594,71.8543472290039,82.841552734375,57.92718505859375,70.25755310058594,56.933998107910156,56.093685150146484,49.2236328125,83.4191665649414,26.022741317749023,149.8509063720703,153.3401641845703,435.63031005859375,42.807655334472656,55.051918029785156,94.82666015625,219.41790771484375,41.06511688232422,41.13141632080078,67.49398803710938,33.048072814941406,36.694549560546875,98.09950256347656,79.17204284667969,67.79727935791016,42.396297454833984,32.50978088378906,128.66387939453125,92.31871032714844
2022-03-30,56.09992599487305,109.53862762451172,240.76385498046875,155.12933349609375,68.7235107421875,196.511962890625,150.27359008789062,251.16514587402344,30.731307983398438,71.37049865722656,82.97291564941406,57.14084243774414,69.794189453125,57.43157958984375,56.22829055786133,49.32255935668945,83.61339569091797,25.82209587097168,148.70693969726562,151.14942932128906,432.9404296875,42.65027618408203,54.81893539428711,94.30397033691406,217.63848876953125,41.01264190673828,40.99375534057617,67.01603698730469,33.43205261230469,36.43444061279297,97.98709869384766,78.11641693115234,67.84186553955078,42.16329574584961,32.77801513671875,128.9154510498047,90.91606140136719
2022-03-31,55.42521667480469,108.19630432128906,237.0479736328125,152.8546142578125,67.68252563476562,194.43746948242188,148.652587890625,248.20510864257812,30.312047958374023,69.89258575439453,82.2129135131836,56.31566619873047,68.5152587890625,57.475223541259766,55.734745025634766,47.568756103515625,82.96891784667969,25.481874465942383,146.67942810058594,148.2569580078125,426.2768859863281,41.99451446533203,53.740333557128906,92.88262176513672,214.35260009765625,40.347896575927734,40.447731018066406,65.74473571777344,32.979034423828125,35.59836196899414,96.47872924804688,76.95907592773438,67.68135070800781,41.69731521606445,32.74284362792969,127.65741729736328,89.17120361328125
2022-04-01,55.71308898925781,107.59973907470703,238.03379821777344,153.46246337890625,67.83366394042969,196.61611938476562,149.859130859375,251.18450927734375,30.597145080566406,70.31484985351562,82.88846588134766,56.072967529296875,69.4420166015625,58.00772476196289,56.46160125732422,49.24162292480469,84.23138427734375,25.909330368041992,147.1537322998047,148.4466094970703,427.4849548339844,42.36174774169922,54.370243072509766,93.47869110107422,215.2093963623047,41.11759567260742,40.87445831298828,66.23223114013672,33.24653625488281,35.505462646484375,95.72924041748047,76.73152160644531,68.35913848876953,42.52573776245117,33.200164794921875,128.66387939453125,89.28206634521484
2022-04-04,56.162899017333984,107.41329193115234,240.01499938964844,153.22300720214844,69.04286193847656,196.93820190429688,149.65650939941406,253.4264373779297,30.722917556762695,70.01575469970703,82.69142150878906,57.06317901611328,70.8136215209961,57.553802490234375,56.37186813354492,50.80656433105469,84.1342544555664,25.726137161254883,147.46994018554688,151.32012939453125,431.1470947265625,42.54534912109375,54.40475845336914,94.23978424072266,217.03591918945312,41.834815979003906,40.883636474609375,68.0579605102539,33.28968048095703,35.347530364990234,95.60746002197266,78.18904876708984,68.14510345458984,42.396297454833984,32.94511413574219,127.59219360351562,91.28720092773438
2022-04-05,54.696533203125,105.57693481445312,236.60243225097656,152.1639404296875,67.71422576904297,192.2777862548828,146.31320190429688,246.72998046875,30.270126342773438,69.37356567382812,82.74771881103516,55.92735290527344,69.86832427978516,58.016456604003906,56.4346809387207,49.39451217651367,83.1013412475586,25.586557388305664,145.89816284179688,147.92501831054688,425.70111083984375,42.03824234008789,53.85251235961914,92.88262176513672,213.86302185058594,41.10010528564453,40.5578498840332,67.1881103515625,32.76763153076172,35.12458419799805,94.24897766113281,76.54264831542969,68.20755767822266,42.43080520629883,33.151790618896484,127.8624496459961,89.14708709716797
2022-04-06,53.87788009643555,104.11343383789062,234.1852569580078,152.2652587890625,66.21250915527344,189.54977416992188,144.9593048095703,242.09097290039062,30.337202072143555,68.79296112060547,83.89244079589844,54.432334899902344,68.73768615722656,58.87196350097656,56.73081588745117,48.58506774902344,82.32444763183594,25.76103401184082,145.16342163085938,144.50144958496094,421.4444274902344,41.49614334106445,53.24849319458008,91.84642791748047,211.4057159423828,40.645286560058594,40.08982467651367,65.93592834472656,32.96177673339844,34.88304901123047,93.51822662353516,74.73162841796875,69.07262420654297,43.060752868652344,33.81139373779297,129.81004333496094,86.87203216552734
2022-04-07,53.688961029052734,104.44902038574219,235.09524536132812,152.93756103515625,66.446533203125,188.93406677246094,144.24085998535156,241.3533935546875,30.6474552154541,68.63461303710938,85.42184448242188,54.48086929321289,68.36698150634766,58.697357177734375,57.18845748901367,47.73065185546875,82.765869140625,25.586557388305664,145.6098175048828,144.5393829345703,423.56805419921875,41.539859771728516,53.5159912109375,92.05732727050781,212.2060089111328,40.347896575927734,40.35137176513672,65.36239624023438,33.39321517944336,34.84589385986328,93.83676147460938,74.84783935546875,69.91094970703125,42.706947326660156,33.72784423828125,132.3074493408203,87.31548309326172
2022-04-08,53.46405792236328,103.81513977050781,234.44119262695312,153.766357421875,65.72979736328125,187.42799377441406,143.79881286621094,238.41275024414062,31.309879302978516,69.17123413085938,85.750244140625,53.71394729614258,68.06114959716797,58.91560745239258,57.31409454345703,47.8565559387207,83.12783813476562,25.560386657714844,145.91676330566406,143.24009704589844,422.4354553222656,41.5311164855957,53.5677604675293,91.8372573852539,211.54690551757812,40.42662048339844,40.59914779663086,65.07563781738281,34.31218338012695,35.19890213012695,93.31211853027344,73.80189514160156,70.20525360107422,42.86228561401367,33.84218215942383,133.09957885742188,86.5105209350586
2022-04-11,52.62741470336914,103.08805084228516,230.68740844726562,152.31130981445312,64.23536682128906,186.16818237304688,142.85939025878906,236.62709045410156,30.504907608032227,68.78416442871094,84.47417449951172,52.4130859375,67.33827209472656,58.295799255371094,57.13462448120117,46.714332580566406,82.3774185180664,25.31612205505371,144.5030517578125,140.74594116210938,415.2150573730469,41.09394454956055,53.101802825927734,90.553466796875,208.24224853515625,39.919315338134766,40.39725875854492,64.23445129394531,33.28104782104492,35.04096984863281,93.01232147216797,71.94245147705078,69.91986846923828,42.275482177734375,33.380455017089844,130.45303344726562,84.90543365478516
2022-04-12,51.93470764160156,102.44486236572266,229.91958618164062,151.83242797851562,64.0062255859375,186.7554473876953,143.47645568847656,237.27732849121094,30.94093132019043,68.10679626464844,83.42329406738281,52.21892547607422,66.88417053222656,58.1910514831543,56.856441497802734,46.660377502441406,82.45687866210938,25.289949417114258,144.01943969726562,140.9261474609375,413.67657470703125,40.82290267944336,52.722137451171875,90.17749786376953,207.60203552246094,39.76188659667969,40.406429290771484,63.70873260498047,33.833282470703125,34.66009521484375,92.8624267578125,71.62284851074219,69.93768310546875,42.14604568481445,33.50798416137695,129.18569946289062,85.0934066772461
2022-04-13,52.681396484375,103.74057006835938,232.71595764160156,153.00198364257812,65.10082244873047,190.3075714111328,146.0645294189453,241.88719177246094,31.477575302124023,68.2915267944336,83.91120147705078,53.18972396850586,67.9128646850586,58.26961135864258,57.2064094543457,47.4338493347168,83.6487045288086,25.516765594482422,145.6470489501953,143.40135192871094,418.4146728515625,41.30379104614258,53.343414306640625,91.28704833984375,210.32298278808594,40.19046401977539,41.0029411315918,64.6454849243164,34.33805465698242,34.66009521484375,93.73371887207031,72.77532958984375,70.33010864257812,42.318626403808594,33.44202423095703,129.81935119628906,87.20942687988281
2022-04-14,52.53745651245117,103.71260070800781,229.81529235839844,152.1639404296875,63.84288787841797,188.46051025390625,145.46585083007812,238.0828094482422,31.561429977416992,67.77250671386719,83.48897552490234,51.879150390625,66.99537658691406,58.129947662353516,57.089752197265625,46.95717239379883,83.46331787109375,25.42080307006836,144.65187072753906,142.0641632080078,413.20465087890625,41.102691650390625,53.101802825927734,90.41588592529297,207.76206970214844,39.75312805175781,40.86528015136719,63.5462532043457,34.45023727416992,34.269920349121094,93.63066101074219,71.00787353515625,70.31226348876953,42.076995849609375,33.4596061706543,129.1949920654297,85.9899673461914
2022-04-18,51.9077262878418,103.08805084228516,229.56884765625,151.99819946289062,63.760005950927734,187.19117736816406,145.08824157714844,235.02572631835938,31.888444900512695,67.91326141357422,82.46623229980469,51.93739700317383,66.55980682373047,57.7283821105957,56.61415100097656,46.597415924072266,83.23377227783203,25.30739974975586,144.344970703125,141.92189025878906,413.37457275390625,40.927818298339844,52.903343200683594,90.1591567993164,207.40428161621094,39.586952209472656,40.9019889831543,63.3359489440918,34.95501708984375,34.47431182861328,93.30274200439453,71.24031066894531,69.7325668334961,41.973453521728516,33.27931213378906,127.76923370361328,86.25023651123047
2022-04-19,51.916717529296875,104.38377380371094,233.5501251220703,153.9966278076172,65.1130142211914,190.92327880859375,147.68551635742188,240.71286010742188,31.754283905029297,68.45867919921875,82.93539428710938,52.869361877441406,67.48654174804688,58.07756805419922,57.098731994628906,46.28262710571289,83.58690643310547,25.7174072265625,146.90260314941406,144.49195861816406,420.04754638671875,41.1114387512207,53.136329650878906,91.18618774414062,211.05738830566406,39.385772705078125,41.28742980957031,64.59768676757812,34.67026901245117,34.94807815551758,94.99848175048828,72.5768051147461,70.79386138916016,42.85365295410156,33.49478530883789,128.989990234375,88.75184631347656
2022-04-20,52.40251159667969,105.4743881225586,233.22784423828125,155.092529296875,64.50843811035156,191.6526336669922,148.68019104003906,240.5769805908203,31.90521812438965,69.10086059570312,83.8736572265625,52.772281646728516,65.16967010498047,58.575138092041016,57.861480712890625,44.879581451416016,83.6487045288086,26.005290985107422,147.84194946289062,143.95138549804688,419.7360534667969,41.417449951171875,53.576393127441406,91.25955200195312,210.78433227539062,39.13212585449219,41.54896926879883,61.79700469970703,34.804012298583984,35.18960952758789,95.51375579833984,72.50900268554688,71.85515594482422,43.6648063659668,33.76742172241211,130.72325134277344,87.60950469970703
2022-04-21,51.970703125,104.6261215209961,229.5878143310547,153.09410095214844,63.28217697143555,187.36167907714844,145.93557739257812,234.05520629882812,30.99962043762207,68.33551025390625,82.77587890625,51.95681381225586,63.67758560180664,57.70219802856445,57.699954986572266,43.341617584228516,81.40630340576172,25.813369750976562,145.70285034179688,142.33917236328125,413.4594421386719,40.927818298339844,53.0759162902832,89.8656997680664,207.33843994140625,38.42365264892578,40.86986541748047,60.038204193115234,33.69953918457031,34.63222885131836,94.53941345214844,71.279052734375,71.79270935058594,43.38005065917969,33.208953857421875,129.27886962890625,86.76115417480469
2022-04-22,51.19702911376953,102.3050308227539,223.2461700439453,149.1065216064453,61.44402313232422,182.51187133789062,142.3528289794922,227.7858123779297,30.20305061340332,66.46175384521484,80.2988052368164,50.539459228515625,62.29671859741211,56.933998107910156,57.026939392089844,43.61144256591797,78.76661682128906,25.429529190063477,141.7314910888672,139.54151916503906,402.1145324707031,40.17589569091797,52.25617980957031,87.82997131347656,201.68936157226562,38.117523193359375,39.34189224243164,58.61395263671875,32.87548828125,33.6010627746582,92.21598052978516,69.28401947021484,70.66899108886719,42.6034049987793,32.65049743652344,124.56358337402344,84.74639892578125
2022-04-25,51.511898040771484,102.13725280761719,224.64910888671875,149.1525421142578,62.2412109375,183.62010192871094,142.3712158203125,230.9496307373047,29.255531311035156,66.14505004882812,80.82423400878906,51.20930480957031,62.85276794433594,56.872886657714844,57.38587951660156,42.77500534057617,77.62776184082031,25.38591194152832,142.1593475341797,139.6553192138672,404.4458923339844,39.939815521240234,51.8333625793457,87.93083953857422,202.79090881347656,37.72393035888672,39.231781005859375,59.41688537597656,31.788278579711914,33.65681076049805,92.21598052978516,70.32512664794922,70.98113250732422,42.40492630004883,32.426231384277344,125.40226745605469,85.35852813720703
2022-04-26,50.423362731933594,99.67632293701172,218.19369506835938,146.12271118164062,59.88135528564453,177.83258056640625,138.69635009765625,221.8851776123047,29.171680450439453,64.33285522460938,79.0884017944336,49.23859405517578,61.13825988769531,55.965023040771484,56.32699966430664,41.821651458740234,75.9327163696289,25.00206756591797,138.75534057617188,134.4488525390625,392.7327880859375,38.85563659667969,50.13349151611328,85.52830505371094,197.01010131835938,36.962974548339844,38.6260871887207,57.4669075012207,31.831418991088867,32.811431884765625,90.20172119140625,67.70540618896484,69.88418579101562,41.74045944213867,32.100826263427734,123.19374084472656,81.03974914550781
2022-04-27,50.62126922607422,99.8720932006836,218.64871215820312,146.21482849121094,60.09345245361328,177.09375,138.3832244873047,220.7497100830078,29.532241821289062,64.28887176513672,79.22914123535156,49.821067810058594,60.202239990234375,55.790428161621094,56.4346809387207,43.314632415771484,77.51299285888672,24.906108856201172,139.01573181152344,134.90406799316406,393.83697509765625,39.03050231933594,50.36647033691406,85.8492660522461,197.3961181640625,37.47903060913086,39.19506072998047,56.18605041503906,32.297367095947266,32.783565521240234,90.53899383544922,68.70777893066406,70.14283752441406,41.490211486816406,31.946918487548828,122.9234848022461,81.04937744140625
2022-04-28,51.547882080078125,101.10254669189453,224.03294372558594,148.51712036132812,62.14856719970703,180.39955139160156,140.96206665039062,224.37936401367188,30.462982177734375,65.12458801269531,79.9891586303711,51.72382354736328,61.916744232177734,56.567359924316406,57.080780029296875,43.755340576171875,78.5370864868164,25.22015953063965,141.43392944335938,137.24649047851562,403.7851257324219,39.64254379272461,51.01362991333008,87.62823486328125,202.20721435546875,37.96883010864258,39.81450653076172,58.432342529296875,33.27672576904297,33.201602935791016,91.56018829345703,71.45821380615234,71.17735290527344,42.24959945678711,32.303104400634766,124.6195068359375,82.71231079101562
2022-04-29,50.93613815307617,99.1543197631836,216.0419158935547,144.059814453125,59.423030853271484,175.18978881835938,137.066162109375,217.96435546875,29.7502498626709,63.60271072387695,78.4222183227539,49.79194259643555,60.57294464111328,55.02223205566406,56.084712982177734,45.38323211669922,77.59245300292969,24.164592742919922,137.1370086669922,133.88929748535156,388.86297607421875,39.144168853759766,50.38372039794922,85.36324310302734,194.77870178222656,37.99507141113281,39.016109466552734,56.45368957519531,32.422481536865234,32.0589599609375,89.13368225097656,68.4802017211914,69.24205780029297,40.213050842285156,31.335676193237305,121.41387939453125,78.50921630859375
2022-05-02,50.91814422607422,98.87467956542969,217.2457733154297,144.12432861328125,60.20315933227539,177.0274200439453,137.5082550048828,221.85604858398438,29.993417739868164,63.532325744628906,77.89675903320312,50.48120880126953,61.499698638916016,54.611942291259766,55.62706756591797,45.626075744628906,77.26579284667969,23.719688415527344,137.50904846191406,135.1885528564453,391.2037353515625,39.01301574707031,50.19388961791992,85.63835144042969,196.24749755859375,37.91635513305664,38.89680862426758,58.011756896972656,32.94021224975586,32.0682487487793,89.321044921875,69.52129364013672,68.33238983154297,39.16889572143555,31.01466941833496,120.65904235839844,79.6563949584961
2022-05-03,51.322975158691406,99.61107635498047,218.26010131835938,145.36758422851562,60.23240280151367,178.5430145263672,139.5253143310547,222.4286346435547,30.84031105041504,64.5176010131836,78.30962371826172,50.65594482421875,62.16696548461914,54.88255310058594,55.63603210449219,46.17469787597656,77.98088836669922,23.8767147064209,138.64370727539062,135.51100158691406,392.9969787597656,39.327789306640625,50.599449157714844,86.0968246459961,197.17955017089844,38.204994201660156,39.33271408081055,58.164695739746094,33.86349105834961,32.486289978027344,89.91130065917969,69.642333984375,68.13619995117188,39.643516540527344,31.133399963378906,121.04110717773438,79.45877838134766
2022-05-04,52.23158645629883,102.06267547607422,224.60169982910156,149.18939208984375,62.172943115234375,183.3075408935547,143.2185821533203,228.46517944335938,31.980684280395508,65.96031188964844,79.59507751464844,52.29658889770508,63.705387115478516,55.74678039550781,56.35392379760742,46.381561279296875,79.86133575439453,24.138427734375,142.50344848632812,138.47935485839844,404.96490478515625,40.00102996826172,51.393310546875,88.16011047363281,202.96041870117188,38.581092834472656,40.60832214355469,60.16246032714844,35.26997756958008,33.48029708862305,92.51577758789062,72.08771514892578,69.670166015625,40.109500885009766,31.82819175720215,123.72491455078125,81.79167175292969
2022-05-05,50.80120086669922,99.13566589355469,216.43055725097656,145.51492309570312,59.16218566894531,175.87181091308594,138.401611328125,217.16854858398438,31.527883529663086,63.79623794555664,77.96243286132812,49.81136703491211,61.40702438354492,55.03969192504883,55.22325134277344,44.04314422607422,77.33642578125,23.52776527404785,138.21585083007812,131.24339294433594,390.57135009765625,38.7244873046875,49.71067428588867,85.15234375,195.47543334960938,37.181640625,39.35107421875,57.94484329223633,34.73930740356445,32.5048713684082,90.0986557006836,68.62062072753906,68.35023498535156,39.082611083984375,31.502777099609375,121.32067108154297,77.20780181884766
2022-05-06,50.999114990234375,98.12893676757812,214.85704040527344,145.10049438476562,58.49420928955078,172.94488525390625,136.94644165039062,212.23843383789062,32.257389068603516,63.32120132446289,77.60590362548828,49.32596969604492,60.44319534301758,55.26666259765625,54.97199630737305,42.73903274536133,76.16224670410156,23.152647018432617,136.9510040283203,129.8018798828125,388.2400817871094,38.374752044677734,48.95133972167969,84.30870819091797,193.90313720703125,36.674354553222656,38.78668212890625,56.7500114440918,35.77474594116211,32.27262496948242,89.48968505859375,68.06859588623047,68.42156982421875,38.68565368652344,31.753437042236328,120.9385986328125,76.22933959960938
2022-05-09,49.559730529785156,95.4815902709961,207.54849243164062,141.04843139648438,56.10997009277344,165.670166015625,132.175537109375,201.45616149902344,29.909564971923828,61.781707763671875,75.50413513183594,47.4814567565918,58.84917449951172,54.73415756225586,54.67586898803711,41.17409133911133,73.25772857666016,22.236661911010742,132.88665771484375,124.8514175415039,375.80963134765625,37.18564987182617,47.47580337524414,81.51187133789062,187.03009033203125,35.685977935791016,37.56155014038086,55.27796173095703,32.81509780883789,31.501571655273438,87.32553100585938,65.43436431884766,68.39482116699219,36.88210678100586,31.51597023010254,117.8074951171875,72.9805908203125
2022-05-10,49.63169860839844,95.37905883789062,208.10775756835938,140.60638427734375,56.539031982421875,165.71751403808594,131.57687377929688,202.50430297851562,30.09404182434082,61.65855026245117,76.07649993896484,48.19013977050781,59.38669204711914,54.35005187988281,54.523311614990234,41.77668762207031,73.14295959472656,21.966228485107422,132.54251098632812,124.69970703125,376.677978515625,37.3692626953125,47.959014892578125,81.796142578125,187.40670776367188,35.83467102050781,37.32754135131836,55.5265007019043,33.1127815246582,31.222885131835938,86.75403594970703,66.43187713623047,67.92216491699219,36.06230545043945,31.133399963378906,118.22683715820312,72.7636947631836
2022-05-11,49.09193801879883,94.55875396728516,204.4393310546875,139.74072265625,54.91054153442383,161.5970916748047,129.4677734375,195.34202575683594,30.53844451904297,61.06914520263672,75.01622009277344,46.7630729675293,58.49700164794922,54.603214263916016,54.39768981933594,41.731712341308594,73.24889373779297,21.913883209228516,130.83120727539062,121.769287109375,370.6939697265625,37.176902770996094,47.691532135009766,80.7507553100586,184.01730346679688,35.58102035522461,37.34589767456055,54.5228271484375,33.557167053222656,30.93489646911621,85.96708679199219,64.33515930175781,67.62785339355469,36.01053237915039,31.357662200927734,117.4440689086914,70.15604400634766
2022-05-12,49.64069747924805,94.74519348144531,204.47723388671875,139.94334411621094,54.8374137878418,163.49151611328125,130.38877868652344,199.20460510253906,30.44621467590332,60.69086837768555,75.61672973632812,46.374755859375,58.839908599853516,53.90484619140625,54.22719192504883,41.77668762207031,72.41019439697266,22.062192916870117,131.38925170898438,122.376220703125,370.3069763183594,37.03701400756836,47.458553314208984,80.63153076171875,184.21502685546875,35.406089782714844,37.27706527709961,55.115474700927734,33.69953918457031,30.702661514282227,86.12633514404297,63.671749114990234,67.6100082397461,36.27804183959961,31.041053771972656,118.58094787597656,70.6380615234375
2022-05-13,50.666259765625,96.5349349975586,209.78561401367188,142.3837432861328,56.78038024902344,168.67288208007812,133.03208923339844,207.69647216796875,31.494348526000977,61.9312629699707,76.7520523071289,48.00568771362305,60.350528717041016,54.8476448059082,55.3668327331543,43.45853805541992,74.13172912597656,22.62050437927246,134.39334106445312,127.14649963378906,379.1602478027344,38.077476501464844,48.839168548583984,82.8598403930664,189.14852905273438,36.28075408935547,37.85063171386719,56.4058952331543,34.851470947265625,31.1485652923584,87.22246551513672,65.7878646850586,68.62671661376953,37.18413543701172,31.410430908203125,119.83899688720703,73.41922760009766
2022-05-16,50.3963737487793,96.39510345458984,208.74288940429688,142.49432373046875,56.136783599853516,167.8677520751953,133.28076171875,205.1537628173828,32.19869613647461,61.772911071777344,77.22120666503906,47.51057815551758,60.2763786315918,55.20555114746094,55.51041030883789,43.37759780883789,74.22885131835938,22.56816291809082,133.91900634765625,125.2592544555664,377.6217956542969,38.12994384765625,49.0203742980957,82.59390258789062,188.21644592285156,36.2020263671875,37.78179931640625,56.04267120361328,35.770442962646484,30.888452529907227,87.1006851196289,65.20677947998047,68.93882751464844,36.88210678100586,31.50717544555664,120.72427368164062,71.83341217041016
2022-05-17,50.76521682739258,98.7348403930664,213.02749633789062,144.95314025878906,57.465431213378906,173.00169372558594,137.21353149414062,211.9569549560547,32.651485443115234,63.32120132446289,78.2533187866211,48.96677017211914,61.48115921020508,55.860267639160156,55.339908599853516,44.74467086791992,76.36530303955078,22.847320556640625,136.75567626953125,128.49313354492188,385.3896179199219,38.86438751220703,50.19388961791992,84.29955291748047,192.2366485595703,37.03295135498047,38.850921630859375,57.26618576049805,36.18461990356445,31.715238571166992,89.07746887207031,67.09527587890625,68.4661636352539,37.279056549072266,31.83258056640625,122.38301849365234,73.64576721191406
2022-05-18,50.27942657470703,95.62141418457031,204.66685485839844,140.2748565673828,54.73257064819336,166.93946838378906,132.9399871826172,203.30982971191406,31.9722957611084,61.667354583740234,76.41426849365234,46.753360748291016,59.414493560791016,55.46743392944336,52.567081451416016,43.512508392333984,74.30830383300781,22.24538803100586,131.6124725341797,121.77876281738281,369.8539733886719,37.93758010864258,48.71835708618164,81.49352264404297,184.71401977539062,36.228267669677734,37.64414596557617,55.39267349243164,35.25702667236328,30.842002868652344,85.76095581054688,64.0252456665039,64.06050109863281,36.19175338745117,31.52477264404297,119.22395324707031,68.83052825927734
2022-05-19,50.71124267578125,95.5095443725586,203.6146240234375,139.42762756347656,54.54241180419922,167.2141571044922,132.5623321533203,204.92086791992188,32.0309944152832,61.6761474609375,76.8646469116211,46.384464263916016,59.683250427246094,55.61583709716797,51.82227325439453,44.58277893066406,75.36770629882812,22.20176887512207,131.31484985351562,122.75557708740234,367.5887451171875,38.331031799316406,49.22746276855469,81.70443725585938,183.89491271972656,36.7530632019043,37.910282135009766,55.31620407104492,35.12759017944336,30.637632369995117,84.99272918701172,63.323116302490234,62.918968200683594,36.122711181640625,31.45880699157715,119.48489379882812,68.87873840332031
2022-05-20,51.35896301269531,95.295166015625,203.6904754638672,139.79598999023438,54.43516159057617,166.78790283203125,132.14791870117188,204.76559448242188,32.114845275878906,61.781707763671875,77.89675903320312,46.491249084472656,59.850067138671875,55.842811584472656,51.92098617553711,44.73567581176758,75.65021514892578,22.24538803100586,131.31484985351562,121.57014465332031,367.7491760253906,38.549625396728516,49.43455505371094,81.93368530273438,183.89491271972656,36.89300537109375,37.81850814819336,55.45958709716797,35.27859878540039,30.58188819885254,84.0746078491211,63.463531494140625,63.052730560302734,36.545555114746094,31.546749114990234,120.9385986328125,67.67854309082031
2022-05-23,51.8537483215332,96.67475128173828,207.3400115966797,142.27325439453125,55.395668029785156,168.8054656982422,134.10964965820312,206.0660400390625,32.98688888549805,63.541133880615234,78.61925506591797,47.57854080200195,60.67488479614258,56.6546516418457,52.93499755859375,44.753658294677734,77.20399475097656,22.43730354309082,133.16566467285156,122.32881927490234,374.6298522949219,39.214115142822266,50.48727035522461,83.21746826171875,187.03958129882812,37.1554069519043,38.51136779785156,56.29119110107422,36.21049880981445,31.575889587402344,85.45177459716797,64.92108917236328,64.35482025146484,37.020179748535156,31.924922943115234,122.00093841552734,68.18463134765625
2022-05-24,51.65583038330078,96.32984161376953,205.36827087402344,142.42059326171875,54.28157043457031,166.30477905273438,132.93075561523438,201.18443298339844,33.03720474243164,63.461944580078125,78.88196563720703,46.77278137207031,58.93258285522461,57.056209564208984,53.39264678955078,43.03582763671875,77.07157897949219,22.559436798095703,132.33792114257812,119.91997528076172,371.77001953125,39.0742301940918,50.4786376953125,82.51138305664062,185.16595458984375,36.490665435791016,38.29111862182617,54.293418884277344,36.34856414794922,31.5108642578125,85.40495300292969,63.957462310791016,65.40718078613281,37.45165252685547,32.562557220458984,122.3643569946289,66.43012237548828
2022-05-25,51.7637825012207,96.54425048828125,207.52008056640625,143.40597534179688,55.04949951171875,169.2980499267578,135.46359252929688,205.260498046875,33.5989990234375,63.752254486083984,78.6943130493164,47.29700469970703,59.507171630859375,57.3530158996582,53.4195671081543,43.44055938720703,77.22167205810547,22.699020385742188,133.8632049560547,122.12017059326172,375.0545349121094,39.056739807128906,50.43549728393555,83.09827423095703,187.22781372070312,36.691837310791016,38.460899353027344,55.0198860168457,37.099266052246094,31.76168441772461,85.9014892578125,64.70318603515625,65.42501068115234,37.65874481201172,32.54056167602539,122.32711791992188,68.3051528930664
2022-05-26,52.16861343383789,98.33402252197266,211.700439453125,145.5240936279297,56.500030517578125,173.07748413085938,138.0055694580078,210.51092529296875,33.951171875,65.0102310180664,79.07901000976562,48.29692459106445,60.79536056518555,57.274444580078125,53.832359313964844,44.942535400390625,77.94558715820312,22.803701400756836,136.6905975341797,127.19390869140625,382.5486755371094,39.48515701293945,51.1171760559082,84.50127410888672,191.05978393554688,37.24287796020508,39.16753387451172,56.35810089111328,37.509132385253906,32.49558639526367,87.6440658569336,66.25753784179688,66.12064361572266,37.615596771240234,32.632904052734375,122.84893035888672,71.65509033203125
2022-05-27,52.483482360839844,100.16105651855469,217.03729248046875,148.16717529296875,58.3796272277832,177.73785400390625,141.17388916015625,217.0714874267578,34.378814697265625,65.98672485351562,80.16744232177734,49.850196838378906,61.74992370605469,57.789493560791016,54.39768981933594,45.158390045166016,79.51702117919922,23.266056060791016,139.82484436035156,130.4657440185547,391.93994140625,39.974796295166016,51.74707794189453,86.20690155029297,195.8991241455078,37.64521408081055,40.085235595703125,57.562503814697266,38.19511032104492,33.04367446899414,89.4428482055664,68.49955749511719,66.88761138916016,38.67702102661133,33.143001556396484,124.88972473144531,74.11329650878906
2022-05-31,51.81775665283203,99.50856018066406,215.54904174804688,146.91468811035156,58.06513977050781,175.53079223632812,139.70950317382812,213.96592712402344,33.9008674621582,65.66121673583984,79.26667785644531,49.56866455078125,61.79625701904297,56.91653060913086,54.41563415527344,46.579429626464844,78.925537109375,23.091583251953125,138.5134735107422,131.71755981445312,389.74078369140625,39.79117965698242,51.60039138793945,85.78506469726562,194.2891387939453,38.170005798339844,39.4749641418457,57.524261474609375,37.62130355834961,32.95077896118164,88.72146606445312,68.01048278808594,66.41494750976562,38.15925598144531,32.68566131591797,123.22169494628906,74.48927307128906
2022-06-01,51.84475326538086,98.80009460449219,213.8806610107422,145.8096160888672,57.60438919067383,174.5362091064453,139.4423828125,212.03463745117188,34.33688735961914,64.91345977783203,78.12196350097656,49.296844482421875,61.332881927490234,56.6721076965332,53.59006881713867,46.129737854003906,78.35169219970703,22.9171085357666,137.0440216064453,130.47523498535156,386.5882873535156,39.432701110839844,50.746131896972656,85.14317321777344,193.00868225097656,37.91635513305664,39.080352783203125,56.864715576171875,38.233943939208984,32.4212532043457,88.17808532714844,67.80709075927734,65.54988098144531,37.74504470825195,32.632904052734375,121.45110321044922,73.71324920654297
2022-06-02,52.375526428222656,101.05593872070312,218.1368408203125,147.52252197265625,59.24507141113281,178.79873657226562,141.8462371826172,218.7116241455078,34.378814697265625,65.77558135986328,78.81629180908203,50.529747009277344,62.71375274658203,57.17842483520508,54.38871765136719,47.415863037109375,80.682373046875,23.196266174316406,139.45286560058594,134.34451293945312,393.95025634765625,40.263328552246094,52.00594711303711,86.86714172363281,196.94415283203125,38.59857940673828,40.15864944458008,58.25071716308594,38.11314010620117,32.86717224121094,89.86444854736328,69.44865417480469,66.5041275024414,38.31458282470703,32.85276794433594,122.41096496582031,75.96903228759766
2022-06-03,51.2869873046875,100.01190948486328,214.56317138671875,146.12271118164062,57.850608825683594,177.18846130371094,140.92526245117188,216.43096923828125,34.73937225341797,64.85188293457031,77.88738250732422,49.27742004394531,61.360679626464844,56.881622314453125,53.81440353393555,46.687355041503906,79.7200927734375,22.856046676635742,137.80665588378906,130.84506225585938,387.48492431640625,39.64254379272461,51.298377990722656,85.47329711914062,193.799560546875,37.99507141113281,39.76862716674805,56.98897933959961,38.617919921875,32.39339065551758,89.51780700683594,67.78773498535156,65.83525848388672,37.83133316040039,32.69446563720703,120.97587585449219,73.74700164794922
2022-06-06,51.56586837768555,100.4873275756836,215.2362060546875,146.4174041748047,58.08463668823242,177.9556884765625,141.75413513183594,216.70266723632812,34.7645263671875,65.22135925292969,77.77479553222656,49.31625747680664,61.74992370605469,57.14350128173828,53.787479400634766,47.793601989746094,80.08204650878906,22.725187301635742,138.3088836669922,132.22019958496094,388.664794921875,39.79117965698242,51.54861831665039,85.80341339111328,194.37387084960938,38.204994201660156,40.14487838745117,57.275733947753906,38.57478332519531,32.486289978027344,89.89254760742188,67.79258728027344,65.86202239990234,37.71915817260742,32.839576721191406,120.99449157714844,74.4844741821289
2022-06-07,51.72779846191406,101.24236297607422,217.47328186035156,148.029052734375,58.630733489990234,180.82579040527344,143.8356475830078,220.33236694335938,35.686885833740234,65.309326171875,78.59109497070312,49.80165481567383,62.09282302856445,57.405391693115234,53.84132766723633,48.657012939453125,80.65589904785156,23.013072967529297,139.6295623779297,132.44781494140625,392.3929748535156,39.887359619140625,51.67805862426758,86.43614196777344,196.48284912109375,38.39741897583008,40.433963775634766,57.6867561340332,39.72671890258789,32.73711395263672,91.10111236572266,68.60124969482422,66.2098159790039,38.15925598144531,33.0374641418457,122.56938934326172,74.30128479003906
2022-06-08,51.05308532714844,99.42465209960938,215.09400939941406,146.12271118164062,58.165096282958984,178.0314483642578,141.37652587890625,217.6052703857422,35.72042465209961,64.0777359008789,78.10318756103516,49.22888946533203,62.24111557006836,56.33165740966797,53.00679016113281,50.2039680480957,79.16389465332031,22.48965072631836,137.65785217285156,132.48574829101562,388.12677001953125,39.388980865478516,50.935970306396484,85.58334350585938,194.27976989746094,38.5373649597168,39.594261169433594,57.5338134765625,39.8129997253418,32.16115188598633,89.45223236083984,67.82646942138672,65.39825439453125,37.244529724121094,32.391056060791016,121.60023498535156,73.8626708984375
2022-06-09,50.686119079589844,97.75580596923828,209.94589233398438,142.89927673339844,56.6269645690918,174.34088134765625,138.68441772460938,212.72508239746094,34.90167236328125,62.61022186279297,76.47953033447266,47.92839050292969,60.716190338134766,55.021575927734375,52.24080276489258,48.22503662109375,77.07534790039062,22.01256561279297,134.53282165527344,129.3782196044922,378.89593505859375,38.567108154296875,49.66753387451172,83.64846801757812,189.6287078857422,37.7064323425293,38.658206939697266,55.765472412109375,38.932865142822266,31.352943420410156,87.69091033935547,66.01544952392578,64.417236328125,36.390220642089844,31.612714767456055,118.85121154785156,72.52752685546875
2022-06-10,49.768680572509766,95.06077575683594,203.70082092285156,139.64443969726562,54.519630432128906,169.61122131347656,135.42088317871094,206.08926391601562,34.227203369140625,60.570247650146484,75.19493865966797,46.14567947387695,59.3885498046875,54.41120910644531,51.92353057861328,48.342620849609375,75.06468200683594,21.609146118164062,130.86846923828125,125.81534576416016,367.9096374511719,37.675289154052734,48.330055236816406,81.45684814453125,183.99847412109375,37.4090576171875,37.4743766784668,54.20738983154297,38.272769927978516,30.21959114074707,85.10513305664062,63.47807312011719,64.14075469970703,35.527278900146484,31.37085723876953,116.94085693359375,69.63546752929688
2022-06-13,48.37889862060547,91.78152465820312,195.64971923828125,134.62344360351562,52.1094970703125,161.64303588867188,129.2267303466797,195.73236083984375,32.622135162353516,58.8358154296875,72.8430404663086,44.13893127441406,56.76131820678711,52.270503997802734,50.808555603027344,46.262393951416016,72.05774688720703,20.626914978027344,125.60430908203125,119.6803207397461,353.9408264160156,36.3900032043457,46.59566879272461,78.42157745361328,176.48526000976562,36.19328308105469,36.010643005371094,51.645668029785156,36.27522277832031,29.3184871673584,82.5474853515625,60.6646614074707,62.75843048095703,33.81865310668945,29.92851448059082,113.39974975585938,66.42048645019531
2022-06-14,48.05189895629883,91.30094909667969,194.974853515625,133.6710662841797,52.1534538269043,160.86427307128906,128.69053649902344,195.0619659423828,32.5452995300293,58.48533248901367,72.07795715332031,44.37272644042969,56.7332649230957,51.0763053894043,50.14681625366211,47.72759246826172,71.06146240234375,20.504131317138672,124.95328521728516,119.77560424804688,352.8742370605469,36.0577507019043,46.008914947509766,78.17399597167969,175.98629760742188,36.71807861328125,35.735328674316406,51.50228500366211,36.34425735473633,29.06766128540039,82.34137725830078,61.04721450805664,62.01820755004883,33.57703399658203,29.17217254638672,112.31876373291016,66.36746215820312
2022-06-15,48.58781814575195,92.4976806640625,197.8264617919922,134.68820190429688,53.345088958740234,163.2196044921875,130.1697235107422,198.4527130126953,32.084266662597656,59.6356315612793,72.8430404663086,45.26894760131836,57.827171325683594,51.59821701049805,50.55473709106445,48.659175872802734,72.1845474243164,20.94263458251953,126.15303802490234,122.84309387207031,357.9049377441406,36.696014404296875,47.13065719604492,79.41193389892578,178.54714965820312,37.26035690307617,35.72615051269531,52.65888214111328,35.54177474975586,29.392799377441406,83.13771057128906,62.33526611328125,62.08061981201172,34.34505844116211,29.361257553100586,113.45565032958984,68.23283386230469
2022-06-16,47.81571578979492,89.61419677734375,191.08714294433594,130.83230590820312,51.25484848022461,155.65980529785156,124.31766510009766,188.67874145507812,30.436511993408203,58.13485336303711,71.86072540283203,43.44728088378906,55.94789505004883,50.58977127075195,50.11055374145508,46.922645568847656,69.95650482177734,20.574291229248047,121.68875122070312,117.47972106933594,346.0596923828125,35.81293869018555,45.91399383544922,76.91771697998047,172.31439208984375,36.09707260131836,34.43678283691406,50.73759078979492,33.53990936279297,28.649620056152344,80.3646011352539,59.797889709472656,61.607967376708984,33.5252571105957,28.79400062561035,111.78758239746094,64.89253234863281
2022-06-17,47.28887939453125,89.444580078125,191.66696166992188,130.3699493408203,51.73834228515625,156.87542724609375,124.65968322753906,191.8946533203125,28.942432403564453,58.12586212158203,71.77571105957031,43.84668731689453,56.54627227783203,50.28901672363281,50.06523513793945,47.73664093017578,69.01458740234375,20.644454956054688,121.9677734375,118.96585083007812,346.80572509765625,35.69053268432617,45.92262268066406,77.00023651123047,172.9640350341797,36.254512786865234,34.37712478637695,51.46404266357422,31.706298828125,28.73322868347168,80.1584701538086,60.3450813293457,61.3849983215332,33.72373580932617,28.525758743286133,111.72236633300781,65.60108947753906
2022-06-21,47.77938461303711,90.53766632080078,196.3056182861328,133.3936309814453,53.054508209228516,159.68661499023438,126.68436431884766,195.15908813476562,30.282833099365234,59.49183654785156,73.40975952148438,44.850067138671875,57.35033416748047,50.80208206176758,51.089569091796875,49.02095413208008,69.77537536621094,20.802310943603516,124.07449340820312,121.83329772949219,355.5360412597656,36.23975372314453,46.67783737182617,78.61463928222656,177.15374755859375,36.832557678222656,34.89690399169922,51.828163146972656,33.34886932373047,29.306663513183594,81.62078094482422,61.880680084228516,63.023033142089844,34.3517951965332,29.06874656677246,114.73005676269531,67.47752380371094
2022-06-22,47.543216705322266,89.96285247802734,196.05848693847656,133.17173767089844,53.03741455078125,159.38270568847656,125.91703033447266,195.8683624267578,29.15587615966797,59.15933609008789,74.2881851196289,44.53833770751953,57.4157829284668,51.20014190673828,51.143951416015625,48.26121520996094,68.31719207763672,20.94263458251953,124.00901794433594,120.86160278320312,354.8915100097656,35.903133392333984,46.3697624206543,78.17132568359375,177.12548828125,36.224544525146484,34.4487419128418,51.914398193359375,32.013877868652344,29.241283416748047,81.1690902709961,61.61851119995117,62.97808837890625,34.90852355957031,29.374589920043945,116.32093811035156,67.34707641601562
2022-06-23,47.833885192871094,89.27495574951172,198.2351837158203,133.7357635498047,53.9653205871582,161.29165649414062,125.95401763916016,201.2605438232422,28.080135345458984,58.56620788574219,75.77111053466797,45.122825622558594,57.88326644897461,52.075889587402344,51.869144439697266,49.12044143676758,66.77749633789062,21.214502334594727,125.03759765625,122.48110961914062,358.3703918457031,35.77025604248047,46.088104248046875,78.6423568725586,178.73150634765625,36.400787353515625,33.977474212646484,52.55637741088867,30.827205657958984,29.12921142578125,80.75505828857422,62.54095458984375,64.20010375976562,35.595726013183594,30.066072463989258,118.93183135986328,68.40512084960938
2022-06-24,48.7785758972168,92.06420135498047,204.3852081298828,137.332763671875,55.955440521240234,166.28720092773438,129.41163635253906,207.9061279296875,28.686307907104492,60.35456466674805,77.3296127319336,46.710693359375,59.72513961791992,52.95163345336914,53.10196304321289,50.477108001708984,69.13233184814453,21.661766052246094,129.10516357421875,126.76798248291016,369.7643737792969,36.83326721191406,47.628482818603516,81.00670623779297,184.507080078125,37.176204681396484,35.32658767700195,54.558982849121094,31.232938766479492,30.203229904174805,83.5780258178711,64.78878021240234,65.45803833007812,36.36992263793945,30.5891170501709,120.9063949584961,71.01396942138672
2022-06-27,48.35165023803711,92.13018035888672,203.77688598632812,137.35122680664062,55.562313079833984,166.90451049804688,129.98484802246094,208.65420532226562,29.4290771484375,60.21077346801758,77.59408569335938,46.40871047973633,59.080013275146484,53.146244049072266,52.92973327636719,50.61277389526367,69.14138793945312,21.661766052246094,129.0396728515625,126.05350494384766,368.3519287109375,36.76240539550781,47.5052490234375,80.80352020263672,183.93992614746094,37.20263671875,35.03551483154297,54.04155731201172,32.14912414550781,30.100502014160156,83.38040161132812,64.35183715820312,65.27832794189453,36.23944854736328,30.837337493896484,121.35557556152344,70.26997375488281
2022-06-28,48.27898406982422,91.20671081542969,199.6230010986328,135.60357666015625,53.982421875,163.7704315185547,127.98788452148438,204.22381591796875,30.17184829711914,59.85130310058594,76.27172088623047,45.093605041503906,57.761722564697266,53.146244049072266,52.33145523071289,50.621822357177734,68.67948150634766,21.52145004272461,127.0760498046875,123.0907974243164,360.8254089355469,36.5675163269043,47.038734436035156,79.65827941894531,180.14939880371094,36.95591354370117,34.66127395629883,52.47013854980469,33.017303466796875,29.8016414642334,82.41119384765625,62.424442291259766,64.40676879882812,35.74360656738281,30.722095489501953,119.24065399169922,67.4630126953125
2022-06-29,48.060970306396484,90.6130599975586,199.31884765625,134.97482299804688,54.07765197753906,162.10841369628906,126.53642272949219,202.36817932128906,29.352237701416016,59.56373596191406,76.83844757080078,45.074119567871094,57.90196228027344,53.07547378540039,52.47649002075195,50.3414421081543,68.07266235351562,21.346052169799805,126.29996490478516,122.55730438232422,360.5316162109375,36.3460578918457,46.765865325927734,79.41815185546875,179.84693908691406,36.858985900878906,34.41177749633789,52.63302993774414,31.869909286499023,29.633533477783203,81.9312744140625,62.550662994384766,64.81111907958984,35.5174446105957,30.74425506591797,120.27938842773438,67.40988159179688
2022-06-30,47.98830795288086,90.58478546142578,197.48428344726562,134.05014038085938,53.40369415283203,160.8452606201172,125.87078094482422,200.4444580078125,28.925357818603516,59.07844161987305,76.64009857177734,44.51884841918945,57.20074462890625,53.17278289794922,52.41303253173828,50.477108001708984,66.93147277832031,21.205730438232422,125.51448822021484,120.97592163085938,357.6025085449219,36.14230728149414,46.49300003051758,78.81781768798828,178.29666137695312,36.700382232666016,34.005191802978516,52.00063705444336,31.198043823242188,29.37203598022461,82.18536376953125,61.71561813354492,64.85602569580078,35.54353332519531,31.085559844970703,120.00799560546875,66.41948699951172
2022-07-01,48.188148498535156,91.1878662109375,199.65151977539062,135.7238311767578,53.97019958496094,162.79220581054688,127.69205474853516,202.23211669921875,29.104646682739258,59.54575729370117,77.424072265625,44.392208099365234,57.5560302734375,54.41120910644531,52.93879699707031,50.49520492553711,66.77749633789062,21.495136260986328,127.04801177978516,122.49063110351562,361.3847351074219,36.22203063964844,46.52820587158203,79.30732727050781,180.177734375,36.48008346557617,34.24544143676758,52.52762985229492,31.66484832763672,29.77362060546875,82.9005126953125,61.856414794921875,65.79049682617188,36.178550720214844,31.847965240478516,121.35557556152344,67.64177703857422
2022-07-05,47.879302978515625,89.71784973144531,200.37391662597656,134.92861938476562,54.6588134765625,164.1408233642578,128.03416442871094,204.6804962158203,27.95207405090332,58.69202423095703,77.03681182861328,44.75264358520508,58.3600959777832,52.55357360839844,52.59433364868164,50.305267333984375,64.9117431640625,21.31096649169922,126.748779296875,123.2146224975586,362.0673522949219,35.44249725341797,45.19028854370117,78.8917236328125,180.82052612304688,36.189300537109375,33.55702209472656,53.7445182800293,30.40838050842285,29.670894622802734,81.65840911865234,62.633182525634766,65.36820220947266,36.030677795410156,30.76198959350586,120.65369415283203,69.15396118164062
2022-07-06,47.870216369628906,90.0853500366211,200.78265380859375,134.80838012695312,54.92009353637695,162.92515563964844,126.89700317382812,203.60206604003906,27.37152099609375,58.395469665527344,77.58464050292969,45.15205383300781,58.40684509277344,52.898555755615234,52.74843978881836,49.55457305908203,64.94798278808594,21.354816436767578,126.77684020996094,122.78594207763672,363.2900390625,35.44249725341797,45.287113189697266,78.9378890991211,181.17974853515625,35.94257354736328,33.76956558227539,53.75410079956055,29.889217376708984,29.596174240112305,82.12889862060547,63.17208480834961,65.55687713623047,36.004573822021484,31.081127166748047,121.46786499023438,68.92688751220703
2022-07-07,48.55148696899414,91.47998809814453,204.0810546875,136.57452392578125,55.962764739990234,166.78106689453125,129.11581420898438,209.71322631835938,28.242351531982422,59.419944763183594,77.92467498779297,46.155426025390625,59.341796875,52.99586868286133,52.89347457885742,50.66704559326172,66.26124572753906,21.433748245239258,128.6189422607422,125.91059875488281,368.7311096191406,36.01829147338867,45.99128723144531,80.19395446777344,184.16677856445312,36.691558837890625,34.069881439208984,54.5973014831543,30.966815948486328,30.025785446166992,83.09809875488281,64.47806549072266,65.61976623535156,36.030677795410156,31.05010414123535,121.98255157470703,70.70476531982422
2022-07-08,48.79674530029297,91.57421875,203.79586791992188,136.2323760986328,56.0042839050293,166.76205444335938,128.9770965576172,210.17958068847656,28.30211639404297,59.366024017333984,78.00967407226562,46.25284194946289,59.033267974853516,52.836647033691406,52.73030090332031,50.21482467651367,65.90802001953125,21.372358322143555,128.1420135498047,125.96774291992188,368.4278259277344,36.10688018798828,46.02648162841797,80.166259765625,183.97775268554688,36.60345458984375,33.737213134765625,54.33859634399414,30.95372200012207,29.96040916442871,82.72171783447266,64.5072021484375,65.50297546386719,35.86539840698242,30.948156356811523,122.3475341796875,70.71443939208984
2022-07-11,48.13364028930664,90.3680648803711,201.2769317626953,135.12278747558594,55.06904602050781,163.40953063964844,126.78606414794922,205.0496826171875,27.960609436035156,58.61114501953125,77.7074203491211,45.4832649230957,57.490577697753906,52.92509841918945,52.47649002075195,47.980838775634766,64.70344543457031,21.232038497924805,126.9638671875,122.31914520263672,364.2190856933594,35.504512786865234,45.278297424316406,78.97484588623047,181.65235900878906,35.69585037231445,33.64480972290039,52.69052505493164,30.657054901123047,29.71759033203125,82.16654968261719,63.61874008178711,65.41311645507812,35.86539840698242,31.1431884765625,122.03871154785156,68.77711486816406
2022-07-12,48.15181350708008,90.30209350585938,199.47093200683594,134.42002868652344,54.390201568603516,162.84921264648438,127.02641296386719,203.60206604003906,27.422740936279297,58.51229476928711,76.91400146484375,45.01566696166992,57.481224060058594,52.80125427246094,52.549007415771484,47.73664093017578,64.41361999511719,21.188186645507812,126.3560791015625,121.99524688720703,360.9961242675781,35.469078063964844,45.251895904541016,78.52227783203125,180.08322143554688,35.56367111206055,33.58012771606445,52.661781311035156,30.059362411499023,29.53080177307129,81.9124755859375,62.74970626831055,65.22441864013672,35.63922882080078,30.992481231689453,120.48528289794922,68.36163330078125
2022-07-13,47.89746856689453,89.67073822021484,198.55841064453125,133.5970458984375,54.21683120727539,162.7067413330078,126.64737701416016,203.71861267089844,27.46542739868164,57.991065979003906,76.36616516113281,44.986446380615234,57.284889221191406,52.72163391113281,52.62153244018555,47.51957702636719,64.27776336669922,21.11802864074707,125.65473937988281,122.72879028320312,359.1002197265625,35.42478561401367,45.269500732421875,78.2452163696289,179.29867553710938,35.45793914794922,33.386077880859375,52.4222297668457,30.011371612548828,29.269304275512695,80.91503143310547,62.58464813232422,65.26934814453125,35.44784927368164,30.863933563232422,119.31549835205078,68.92207336425781
2022-07-14,47.42512893676758,88.83208465576172,197.72193908691406,132.23779296875,54.31206512451172,161.0352325439453,125.15894317626953,201.9212646484375,26.81656837463379,56.63407516479492,76.12059783935547,45.29817581176758,56.41537857055664,52.31473159790039,52.349578857421875,46.94073486328125,62.647491455078125,20.854930877685547,124.66355895996094,121.88093566894531,358.2281799316406,34.90213394165039,44.521324157714844,77.64486694335938,178.504638671875,35.22002410888672,32.771575927734375,51.761085510253906,29.44420623779297,28.708948135375977,80.4539566040039,63.15752029418945,65.32325744628906,35.09989929199219,30.863933563232422,118.96926879882812,68.86408233642578
2022-07-15,47.924720764160156,90.37747955322266,201.60009765625,135.03955078125,55.266845703125,164.3877410888672,127.83999633789062,205.87550354003906,27.354440689086914,57.90119934082031,77.94355773925781,46.13594055175781,57.31294250488281,52.6154899597168,52.7393684387207,46.4071044921875,63.55318069458008,21.232038497924805,127.02931213378906,123.3765640258789,365.0721435546875,35.43363952636719,45.3751220703125,78.9471435546875,181.97378540039062,35.343387603759766,33.28443145751953,53.09296417236328,29.92411231994629,29.68023109436035,81.7148666381836,64.26929473876953,65.5389175415039,35.66532516479492,30.921558380126953,121.84220123291016,69.97526550292969
2022-07-18,48.01555633544922,90.5659408569336,200.05076599121094,134.38302612304688,54.73939895629883,163.92236328125,127.81221771240234,204.69020080566406,27.960609436035156,58.07194137573242,76.46063232421875,45.765769958496094,57.27553939819336,52.28818893432617,52.3949089050293,47.166847229003906,64.18718719482422,21.144344329833984,126.47760009765625,124.27204895019531,362.057861328125,35.65510559082031,45.647987365722656,78.80858612060547,180.716552734375,35.51081466674805,33.36297607421875,52.82466125488281,30.609067916870117,29.56816291809082,81.22555541992188,63.647884368896484,64.90095520019531,35.3173713684082,30.491596221923828,119.26870727539062,70.17816925048828
2022-07-19,48.705902099609375,93.44941711425781,205.57339477539062,137.88755798339844,56.34614562988281,169.70619201660156,132.13890075683594,212.2684783935547,28.77168083190918,59.8243408203125,77.95301055908203,47.12958526611328,58.90237045288086,52.79241180419922,53.16542053222656,47.60097122192383,65.86272430419922,21.661766052246094,130.10565185546875,128.1016845703125,371.8402099609375,36.576377868652344,47.13555908203125,80.82200622558594,185.76429748535156,36.01306915283203,34.37944793701172,54.702701568603516,31.551427841186523,30.455387115478516,84.12378692626953,65.5898208618164,65.58384704589844,36.2916374206543,30.686635971069336,121.2994155883789,72.32805633544922
2022-07-20,48.91482925415039,93.5625,207.2273406982422,138.35911560058594,56.99323654174805,172.365478515625,133.81224060058594,216.11587524414062,28.916818618774414,59.69853973388672,77.0745849609375,47.8017463684082,59.17351150512695,52.111270904541016,52.62153244018555,47.221107482910156,65.60913848876953,21.6705379486084,130.97531127929688,128.66372680664062,374.2100830078125,36.399208068847656,46.58102035522461,81.08984375,187.2672882080078,35.8632698059082,34.43949890136719,55.60340118408203,31.856822967529297,30.567455291748047,84.7730484008789,66.61422729492188,65.14356231689453,36.10895919799805,30.278839111328125,120.10160827636719,73.51652526855469
2022-07-21,49.53250503540039,94.56135559082031,209.29953002929688,139.1266326904297,57.79173278808594,173.24868774414062,133.98794555664062,218.04925537109375,28.498476028442383,60.09395217895508,78.11357879638672,48.551849365234375,59.229610443115234,52.111270904541016,53.02944564819336,47.54670333862305,66.27030944824219,21.802085876464844,131.99453735351562,131.11203002929688,378.0207824707031,36.80669021606445,47.17076110839844,81.94876098632812,189.12001037597656,36.30384826660156,34.92924880981445,55.57464599609375,31.298389434814453,30.763580322265625,85.38468933105469,67.55122375488281,65.34123992919922,36.48301315307617,30.358625411987305,122.00128173828125,75.19780731201172
2022-07-22,49.686927795410156,94.40116882324219,207.15130615234375,138.27587890625,57.01521301269531,170.48497009277344,132.29608154296875,213.81326293945312,28.259424209594727,59.707523345947266,77.80188751220703,47.947872161865234,57.38774108886719,52.67741012573242,53.301387786865234,46.452327728271484,65.79934692382812,21.97748374938965,131.22775268554688,130.19749450683594,374.51348876953125,36.68267059326172,46.95951461791992,81.24683380126953,187.06875610351562,35.93376922607422,34.67975616455078,53.64870834350586,31.040979385375977,30.586139678955078,85.11180877685547,66.61907958984375,65.77252960205078,36.76137161254883,30.775283813476562,121.49594116210938,74.76297760009766
2022-07-25,49.6778450012207,94.66500091552734,207.3603973388672,138.88621520996094,56.84916305541992,171.36822509765625,133.3130340576172,214.6585235595703,29.215633392333984,60.30962371826172,78.22692108154297,47.665367126464844,57.38774108886719,53.332008361816406,53.763702392578125,46.66939163208008,66.49673461914062,22.030101776123047,131.55503845214844,129.8450164794922,374.96844482421875,36.983863830566406,47.408424377441406,81.55162811279297,187.3240203857422,36.10118865966797,34.82298278808594,53.466644287109375,32.17966079711914,30.78226089477539,85.51641845703125,66.19670104980469,66.09601593017578,36.7874755859375,31.160917282104492,122.13228607177734,74.12042999267578
2022-07-26,49.132835388183594,93.73211669921875,204.74642944335938,137.924560546875,55.82847595214844,170.31405639648438,132.7121124267578,212.8513946533203,29.019271850585938,59.49183654785156,78.5480728149414,46.85681915283203,56.36863327026367,53.46469497680664,53.57333755493164,46.470420837402344,65.96236419677734,22.00379180908203,130.5264892578125,126.73941040039062,370.5322265625,36.47892761230469,46.642642974853516,80.56339263916016,185.00808715820312,35.757530212402344,34.58734893798828,52.39348602294922,31.887348175048828,30.352659225463867,85.05535125732422,65.12376403808594,65.94325256347656,36.8570556640625,31.347082138061523,122.75929260253906,71.73380279541016
2022-07-27,50.12294006347656,95.597900390625,210.13600158691406,140.25469970703125,57.8234748840332,174.1889190673828,135.5503387451172,218.05897521972656,29.70227813720703,60.642127990722656,79.15257263183594,48.8343505859375,58.38814163208008,53.871612548828125,54.09003448486328,46.93168258666992,67.17601013183594,22.196733474731445,133.06051635742188,130.60711669921875,380.1535949707031,37.31162643432617,47.769317626953125,82.51213073730469,189.8667449951172,36.462467193603516,35.003173828125,54.60689163208008,32.607208251953125,30.819622039794922,86.37272644042969,67.9250717163086,66.39251708984375,37.0571403503418,31.37367820739746,123.52666473388672,74.44895935058594
2022-07-28,50.53170394897461,97.3034896850586,212.77847290039062,141.6232452392578,58.74894332885742,176.58221435546875,137.1312255859375,221.41090393066406,29.787654876708984,60.902740478515625,79.44537353515625,49.5260009765625,57.93936538696289,55.286956787109375,54.63393020629883,46.4071044921875,68.22662353515625,22.784318923950195,135.1644287109375,132.37905883789062,384.92156982421875,37.55079650878906,48.03337860107422,83.31564331054688,192.34336853027344,36.5770149230957,35.62229537963867,53.984066009521484,32.79045104980469,31.043771743774414,88.17942810058594,68.95912170410156,67.45279693603516,38.422855377197266,32.49954605102539,124.3127212524414,75.72923278808594
2022-07-29,51.0040397644043,99.1975326538086,215.7916717529297,142.89004516601562,59.86731719970703,177.83583068847656,137.9817657470703,223.08201599121094,30.94877052307129,61.73849868774414,79.09590911865234,50.159210205078125,57.84587097167969,55.782325744628906,54.40730285644531,44.94190216064453,69.39498901367188,22.99479866027832,136.3706512451172,134.7320556640625,390.5332946777344,38.05572509765625,48.8167724609375,84.32234954833984,194.96176147460938,36.40959167480469,36.098175048828125,54.012821197509766,34.21269607543945,31.482709884643555,89.9955062866211,70.01750183105469,66.93163299560547,38.570743560791016,32.77880096435547,123.90094757080078,78.6666030883789
2022-08-01,51.65805435180664,99.20696258544922,215.34494018554688,142.52944946289062,59.72569274902344,177.7693634033203,138.04647827148438,222.80996704101562,30.393823623657227,61.423980712890625,78.51973724365234,50.05204391479492,57.6962776184082,55.8442497253418,54.951202392578125,44.41732406616211,68.8425064086914,22.810626983642578,136.10882568359375,135.6656494140625,389.37677001953125,38.05572509765625,48.737548828125,84.1191635131836,194.508056640625,36.189300537109375,35.807090759277344,53.93616485595703,33.50592803955078,31.221210479736328,90.08961486816406,69.86700439453125,67.76726531982422,38.222782135009766,32.81426239013672,122.98384857177734,79.05792999267578
2022-08-02,50.677032470703125,98.08560943603516,214.05221557617188,141.49375915527344,59.46685028076172,177.598388671875,137.27911376953125,223.69412231445312,30.240144729614258,60.62416076660156,78.07579803466797,49.66238021850586,57.49993133544922,55.81770706176758,54.452632904052734,44.164085388183594,67.90962982177734,22.50368309020996,135.14572143554688,134.4272003173828,386.8079528808594,37.46221160888672,47.94536209106445,83.46341705322266,193.4587860107422,35.97782897949219,35.44209671020508,53.84992980957031,33.42741775512695,30.87566375732422,89.13922119140625,69.37179565429688,67.22815704345703,37.718257904052734,32.747772216796875,122.54405975341797,78.51685333251953
2022-08-03,50.56803512573242,98.7829360961914,217.48365783691406,142.9640350341797,60.746395111083984,180.21014404296875,138.91552734375,227.43466186523438,29.62544059753418,61.49586868286133,78.4252700805664,50.958011627197266,58.55643844604492,56.01232147216797,54.6611213684082,44.543949127197266,67.97303009033203,22.556297302246094,136.5482940673828,136.91360473632812,392.8651428222656,37.72796630859375,48.43828201293945,84.45165252685547,196.56874084472656,36.17167663574219,35.47906494140625,55.14347839355469,32.46760559082031,31.342618942260742,89.97669219970703,71.21666717529297,67.6684341430664,37.874839782714844,32.95167541503906,123.66705322265625,80.42999267578125
2022-08-04,50.549861907958984,99.35774230957031,217.41712951660156,142.28903198242188,60.93198013305664,179.83030700683594,138.49021911621094,227.4249267578125,28.79729461669922,61.47789764404297,78.31193542480469,51.269737243652344,58.68732833862305,56.171546936035156,54.361976623535156,45.2222785949707,68.29908752441406,22.57383918762207,136.2584228515625,137.32325744628906,392.59979248046875,37.91398239135742,48.8079719543457,84.59017181396484,196.37965393066406,36.47127151489258,35.502159118652344,55.38301467895508,31.26348304748535,31.239896774291992,90.3060302734375,71.5419692993164,67.21917724609375,37.90963363647461,33.0225944519043,123.05876159667969,80.75852966308594
2022-08-05,50.24102020263672,99.06561279296875,217.20797729492188,142.5756378173828,60.746395111083984,181.20738220214844,139.29457092285156,229.68870544433594,29.147335052490234,61.70256423950195,78.17024993896484,51.10413360595703,58.098304748535156,55.82655715942383,54.16255187988281,44.86955261230469,68.49832916259766,22.49491310119629,136.4080810546875,135.14170837402344,391.9361877441406,37.64824295043945,48.31504821777344,84.39622497558594,196.31350708007812,36.462467193603516,35.62690734863281,54.702701568603516,31.882986068725586,31.464027404785156,90.44718170166016,71.37689971923828,67.06643676757812,38.03141784667969,32.902915954589844,123.01195526123047,79.38162994384766
2022-08-08,50.22285461425781,99.25408935546875,217.20797729492188,142.87155151367188,60.59988021850586,183.12582397460938,140.6997833251953,232.25364685058594,29.437612533569336,61.79243087768555,78.27415466308594,50.685245513916016,58.21050262451172,56.242313385009766,54.31665802001953,44.53489685058594,69.1866683959961,22.652767181396484,136.79144287109375,135.70375061035156,391.4811706542969,37.76340103149414,48.49109649658203,84.51628875732422,196.49310302734375,36.541770935058594,35.82558059692383,55.0189094543457,32.04878234863281,31.445356369018555,90.41896057128906,70.77003479003906,67.03047943115234,38.30978012084961,32.95167541503906,123.30204772949219,79.73914337158203
2022-08-09,49.723262786865234,98.50965118408203,216.01979064941406,142.7328643798828,60.05290222167969,180.6280517578125,139.4332275390625,227.871826171875,29.830339431762695,61.84634780883789,78.1230239868164,50.081268310546875,57.780418395996094,56.68461608886719,54.099098205566406,44.272613525390625,68.92401123046875,22.758010864257812,135.9966583251953,133.579345703125,389.9266357421875,37.53308868408203,48.262237548828125,84.06373596191406,195.2548065185547,36.462467193603516,35.6500129699707,54.48232650756836,32.611576080322266,31.60411834716797,90.08961486816406,70.06121063232422,66.93163299560547,38.614234924316406,33.319576263427734,122.927734375,78.46854400634766
2022-08-10,51.149375915527344,101.15756225585938,220.88662719726562,145.34970092773438,61.613258361816406,185.78504943847656,142.75221252441406,235.33349609375,30.07792854309082,63.275230407714844,78.91643524169922,51.484046936035156,59.23896026611328,57.1357536315918,54.797096252441406,44.272613525390625,70.7444839477539,23.187734603881836,138.9047088623047,137.29466247558594,398.1166076660156,38.42778396606445,49.38010787963867,85.92012786865234,199.70704650878906,36.92066955566406,36.66184997558594,56.015419006347656,32.8471565246582,32.31390380859375,92.06565856933594,71.97405242919922,67.42581939697266,39.136165618896484,33.465850830078125,124.26593017578125,80.68122100830078
2022-08-11,51.13120651245117,101.25178527832031,220.8105926513672,145.9969482421875,61.32023239135742,186.47836303710938,143.584228515625,235.57638549804688,30.965839385986328,63.76949691772461,78.1985855102539,51.25999450683594,59.37919235229492,56.92344284057617,54.67018508911133,45.07757568359375,70.95278930664062,23.178964614868164,139.5218505859375,137.0565185546875,398.1166076660156,38.42778396606445,49.300880432128906,85.97552490234375,199.7164764404297,37.09689712524414,36.78660202026367,56.07291793823242,33.977108001708984,32.69681930541992,92.55496978759766,71.69244384765625,67.26410675048828,38.953487396240234,33.4614143371582,123.46115112304688,80.27056884765625
2022-08-12,51.80339050292969,102.45796203613281,224.57469177246094,148.17916870117188,62.499656677246094,190.2867431640625,146.50564575195312,240.72572326660156,31.273195266723633,64.56932067871094,79.27537536621094,52.26337814331055,60.173912048339844,57.70189666748047,54.942134857177734,45.20418930053711,71.91282653808594,23.485916137695312,141.77536010742188,139.5048065185547,404.8563232421875,38.746681213378906,49.59135818481445,87.13923645019531,203.1761474609375,37.48461151123047,37.479644775390625,57.069419860839844,34.23451232910156,33.210479736328125,93.9476318359375,73.11978912353516,67.84814453125,39.61460494995117,34.006614685058594,125.04267120361328,82.08710479736328
2022-08-15,52.0123176574707,102.33545684814453,225.44918823242188,148.391845703125,62.86594009399414,190.96104431152344,147.0603485107422,241.366943359375,30.649951934814453,64.23681640625,79.54927825927734,52.4874382019043,60.24870681762695,57.9141845703125,55.3591194152832,44.99617004394531,71.37847900390625,23.485916137695312,142.08392333984375,140.05731201171875,406.52459716796875,38.472076416015625,49.089637756347656,87.15771484375,203.97015380859375,37.3436279296875,37.456539154052734,57.27064514160156,33.56700897216797,33.20113754272461,94.17346954345703,73.58102416992188,68.52204132080078,39.78858184814453,34.29030227661133,125.66963195800781,82.65235137939453
2022-08-16,51.767059326171875,102.56160736083984,225.876953125,149.01141357421875,62.87082290649414,190.88504028320312,147.3469696044922,240.6674041748047,30.54749870300293,64.62323760986328,79.21869659423828,52.331565856933594,60.360904693603516,58.22380065917969,55.68545150756836,44.72483444213867,72.13021087646484,23.44206428527832,142.49537658691406,140.62890625,407.3208923339844,38.50750732421875,49.16005325317383,87.2593002319336,204.40501403808594,37.36124801635742,37.66444396972656,57.3856201171875,33.48849105834961,33.4439697265625,94.59689331054688,73.38196563720703,69.29476928710938,39.631996154785156,34.38782501220703,125.33273315429688,83.56546020507812
2022-08-17,51.60355758666992,101.69468688964844,224.06138610839844,147.71685791015625,62.3824462890625,187.6750030517578,144.93399047851562,236.68394470214844,30.718252182006836,64.12897491455078,78.65196990966797,51.932167053222656,59.51944351196289,58.10880661010742,55.72171401977539,44.58916473388672,70.99808502197266,23.301746368408203,141.15821838378906,139.2952117919922,404.4296875,38.179744720458984,48.65833282470703,86.56663513183594,202.5711669921875,37.273128509521484,37.14698028564453,56.27412796020508,33.7677001953125,33.27585220336914,93.84413146972656,72.85762786865234,69.09709930419922,39.518917083740234,34.3302001953125,124.6028060913086,82.6668472290039
2022-08-18,51.4218864440918,101.87372589111328,224.58421325683594,148.095947265625,62.53139114379883,188.9191131591797,145.49794006347656,238.85061645507812,31.4268741607666,64.00314331054688,78.3497085571289,52.18544006347656,59.285701751708984,58.05571746826172,55.6038703918457,44.15503692626953,71.0886459350586,23.100038528442383,141.6070556640625,138.9999237060547,405.6051940917969,38.05572509765625,48.42066192626953,86.57585144042969,203.10055541992188,37.035221099853516,37.26249313354492,56.18789291381836,34.6751594543457,33.313209533691406,94.22052001953125,73.23632049560547,69.3307113647461,39.24924087524414,34.45874786376953,124.0506820678711,82.64269256591797
2022-08-19,50.53170394897461,100.34716796875,221.39988708496094,146.40380859375,61.49360275268555,184.86383056640625,142.6227264404297,233.46812438964844,31.315879821777344,62.83488464355469,78.45360565185547,51.14310073852539,58.48163986206055,57.869964599609375,55.36818313598633,43.83848190307617,69.84783935546875,22.810626983642578,139.73692321777344,136.56112670898438,400.15472412109375,37.4887809753418,47.760520935058594,85.3659896850586,200.1985626220703,36.621070861816406,36.57868576049805,55.27761459350586,34.666439056396484,32.65011978149414,93.00664520263672,71.90608978271484,69.10608673095703,38.86650466918945,34.44101333618164,124.38758850097656,80.93728637695312
2022-08-22,50.01393508911133,98.14215850830078,216.86581420898438,143.64825439453125,60.05534362792969,181.055419921875,139.39622497558594,228.9794158935547,31.28173065185547,61.612693786621094,77.51850891113281,49.740318298339844,57.15399932861328,57.04728317260742,54.87868118286133,44.01032638549805,68.90589904785156,22.380903244018555,136.81951904296875,133.0077667236328,391.8224182128906,36.88641357421875,46.66023635864258,83.78666687011719,195.91647338867188,36.365543365478516,35.99653625488281,53.69661331176758,34.600982666015625,31.93099594116211,91.23759460449219,69.90098571777344,68.40522003173828,38.05751037597656,33.97115707397461,122.75929260253906,78.69076538085938
2022-08-23,50.132022857666016,98.23638916015625,216.2954864501953,143.38011169433594,59.93325424194336,181.34979248046875,139.4424591064453,229.7372589111328,32.383079528808594,61.504859924316406,76.59286499023438,49.66238021850586,56.995059967041016,56.8703727722168,54.534217834472656,44.09172058105469,69.9112319946289,22.13534164428711,136.4641571044922,133.45553588867188,390.87451171875,36.9572868347168,46.69544982910156,83.74971771240234,195.54786682128906,36.594642639160156,36.35228729248047,53.23668670654297,35.84872817993164,31.800247192382812,91.406982421875,69.7165298461914,68.10871124267578,37.4833869934082,33.76726531982422,121.04676818847656,78.91300201416016
2022-08-24,50.11384963989258,98.47195434570312,217.1319122314453,144.01815795898438,60.08708953857422,182.73641967773438,140.089599609375,232.205078125,32.6818962097168,61.55877685546875,76.8195571899414,49.67212677001953,57.144649505615234,56.958839416503906,54.552337646484375,44.09172058105469,69.73009490966797,22.187963485717773,137.14674377441406,134.3414764404297,392.125732421875,37.00157928466797,46.79227828979492,84.02679443359375,196.37020874023438,36.621070861816406,36.43083190917969,53.55289077758789,36.28937530517578,31.96835708618164,91.70809173583984,69.76020812988281,68.27943420410156,37.77914047241211,33.87364959716797,121.19648742675781,79.25116729736328
2022-08-25,50.686119079589844,99.75350189208984,220.25926208496094,145.97848510742188,61.02964782714844,185.5760955810547,142.23443603515625,235.6152801513672,32.903873443603516,62.45744705200195,77.61297607421875,50.529380798339844,58.37879180908203,57.25960159301758,54.815223693847656,45.93679428100586,71.06146240234375,22.529987335205078,139.260009765625,136.1610107421875,397.66168212890625,37.435638427734375,47.241180419921875,85.24591827392578,199.21546936035156,37.299564361572266,37.257869720458984,54.5973014831543,36.56858825683594,32.46333312988281,93.11015319824219,70.93994903564453,68.59391784667969,38.361961364746094,34.081974029541016,122.53468322753906,80.19811248779297
2022-08-26,49.45075988769531,96.73810577392578,212.91159057617188,141.8081512451172,58.70743179321289,179.47885131835938,137.95404052734375,227.40548706054688,32.59652328491211,60.8847770690918,75.65776824951172,48.425209045410156,56.555625915527344,56.2776985168457,53.518951416015625,45.56596755981445,69.15044403076172,22.00379180908203,134.77166748046875,131.82650756835938,384.201171875,36.44350051879883,45.832828521728516,82.71533203125,192.61752319335938,36.806121826171875,36.11666488647461,52.85341262817383,36.14103698730469,31.492053985595703,89.88258361816406,67.91049194335938,66.89569854736328,37.387699127197266,33.55893325805664,119.11897277832031,77.144775390625
2022-08-29,48.95115661621094,96.46482849121094,211.32415771484375,141.2626190185547,58.15800476074219,177.8263397216797,136.6597442626953,225.43321228027344,33.09170150756836,60.63315200805664,75.03437805175781,47.782264709472656,56.153594970703125,56.36616134643555,53.49175262451172,45.17706298828125,68.75193786621094,21.83716583251953,133.98622131347656,131.32162475585938,381.6607666015625,36.354915618896484,45.88565444946289,82.26276397705078,191.20904541015625,36.629878997802734,35.862545013427734,52.44139862060547,36.686378479003906,31.267902374267578,89.47795867919922,67.01232147216797,66.78787994384766,37.06584167480469,33.660884857177734,118.2861328125,76.73412322998047
2022-08-30,48.89665985107422,95.28694152832031,209.12838745117188,139.5981903076172,57.54021453857422,175.3380584716797,134.7090301513672,222.12013244628906,31.96474266052246,60.28266906738281,74.42987060546875,47.30493927001953,55.686119079589844,55.428489685058594,53.020381927490234,44.127906799316406,67.38433074951172,21.62668228149414,132.5742645263672,129.75926208496094,377.4709167480469,36.05373001098633,45.56877136230469,81.43155670166016,189.0821990966797,36.189300537109375,35.27577209472656,51.98146438598633,35.4430046081543,31.09979820251465,88.1888198852539,66.31322479248047,66.09601593017578,36.53520965576172,33.16887283325195,117.50003051757812,75.87899780273438
2022-08-31,48.67866134643555,94.41059112548828,207.51251220703125,138.664306640625,57.06894302368164,174.27438354492188,133.7567901611328,221.1583251953125,31.50370979309082,59.968135833740234,74.06149291992188,47.00294494628906,55.742210388183594,54.87119674682617,52.73030090332031,44.94190216064453,66.67787170410156,21.48636817932129,131.62046813964844,128.806640625,374.5987548828125,35.841121673583984,45.17267990112305,80.90511322021484,187.69265747070312,36.242164611816406,34.841468811035156,52.10602569580078,35.12015151977539,30.866323471069336,87.4454574584961,65.66752624511719,65.69165802001953,36.404727935791016,32.95167541503906,116.75141906738281,75.13016510009766
2022-09-01,48.09730529785156,93.9582748413086,207.8641815185547,139.0064239501953,57.07870864868164,172.3749542236328,132.61964416503906,218.06874084472656,30.880462646484375,59.72549057006836,74.79825592041016,46.59380340576172,56.06945037841797,55.3311882019043,52.68498229980469,44.51681137084961,65.35554504394531,21.407440185546875,131.73272705078125,128.66372680664062,375.77423095703125,35.362770080566406,44.45089340209961,80.60957336425781,187.80609130859375,36.07474899291992,34.38405227661133,52.58512496948242,34.25633239746094,30.959716796875,87.56778717041016,65.34711456298828,66.06007385253906,36.53520965576172,33.42595672607422,118.6698226928711,75.81619262695312
2022-09-02,47.57046127319336,93.05364990234375,205.72549438476562,137.8505859375,56.397422790527344,171.03582763671875,131.68592834472656,216.27133178710938,31.4268741607666,59.617645263671875,73.7970199584961,46.00930404663086,55.190582275390625,54.69428253173828,52.08669662475586,43.70281219482422,65.53668975830078,21.205730438232422,130.7789306640625,127.48247528076172,371.81182861328125,35.14130783081055,44.15161895751953,79.92610931396484,185.9438934326172,35.78396987915039,34.35171890258789,51.58860778808594,34.88456726074219,30.716886520385742,86.72090148925781,64.49748229980469,65.19745635986328,35.90888977050781,33.066925048828125,116.96664428710938,75.12049102783203
2022-09-06,46.82561492919922,93.18558502197266,204.8509521484375,137.28652954101562,56.19719696044922,169.34532165527344,130.12350463867188,214.73623657226562,31.102441787719727,59.24919891357422,73.88204193115234,45.765769958496094,54.41456985473633,54.71197509765625,51.93260192871094,42.86167907714844,65.35554504394531,21.372358322143555,130.41427612304688,126.85372161865234,370.408935546875,34.99071502685547,44.3804817199707,79.53822326660156,185.18772888183594,35.475555419921875,34.24544143676758,50.946632385253906,34.56171417236328,30.642175674438477,86.86204528808594,64.07025909423828,64.8290786743164,36.282936096191406,33.15113830566406,117.07892608642578,74.96590423583984
2022-09-07,46.75294876098633,94.42942810058594,208.7006378173828,139.6536865234375,57.2862663269043,173.03024291992188,132.60118103027344,219.74951171875,30.72679328918457,60.066986083984375,74.96825408935547,46.379478454589844,55.1718864440918,56.445770263671875,52.576202392578125,43.45861053466797,66.39710235595703,21.679304122924805,133.27557373046875,129.79739379882812,377.0633544921875,35.291900634765625,44.99663162231445,80.69268035888672,188.60955810546875,35.77516174316406,35.192604064941406,51.97188949584961,34.160343170166016,31.249229431152344,88.25467681884766,65.09463500976562,65.99715423583984,36.978843688964844,34.188358306884766,118.98797607421875,77.26556396484375
2022-09-08,47.316123962402344,94.6367416381836,210.25953674316406,140.9759979248047,57.59882736206055,174.47381591796875,133.3961944580078,222.18820190429688,30.75240707397461,60.94767761230469,75.99781036376953,46.476898193359375,54.854000091552734,56.31308364868164,52.44929504394531,42.897857666015625,66.95863342285156,21.652997970581055,134.42568969726562,130.34039306640625,379.52789306640625,35.34505081176758,44.81178665161133,81.07136535644531,190.1031036376953,35.6694221496582,35.534507751464844,51.847320556640625,34.308685302734375,31.800247192382812,88.51815795898438,65.31796264648438,65.8264389038086,37.08324432373047,34.16176223754883,121.05611419677734,77.98541259765625
2022-09-09,48.2063102722168,96.30463409423828,213.7670135498047,142.94552612304688,58.704994201660156,177.9783172607422,136.0680389404297,226.71568298339844,31.563467025756836,61.93621826171875,76.87623596191406,47.47053527832031,56.209686279296875,56.773067474365234,53.23793411254883,43.738990783691406,68.90589904785156,21.96871566772461,136.2771453857422,133.1697235107422,385.4239501953125,36.25747299194336,46.132110595703125,82.61372375488281,193.26025390625,36.14524459838867,36.07044982910156,53.2941780090332,35.16378402709961,32.08976745605469,89.66617584228516,66.60935974121094,66.473388671875,37.43989181518555,34.29916763305664,122.12293243408203,79.4637680053711
2022-09-12,48.22447967529297,97.29405212402344,216.02932739257812,144.2123260498047,59.42778778076172,180.1341552734375,137.796875,229.2611846923828,32.050113677978516,62.64616775512695,77.44294738769531,48.21089553833008,56.52757263183594,57.374595642089844,53.709312438964844,44.372100830078125,69.78445434570312,22.170427322387695,137.54884338378906,135.11312866210938,389.5663146972656,36.718109130859375,46.96831512451172,83.59271240234375,195.33985900878906,36.700382232666016,36.40773391723633,53.57205581665039,35.80947494506836,32.351261138916016,90.20252990722656,67.67744445800781,66.73396301269531,37.7530517578125,34.62717819213867,122.93708038330078,80.48798370361328
2022-09-13,46.634864807128906,93.82634735107422,206.7615509033203,138.90469360351562,56.5366096496582,173.08724975585938,132.62890625,219.95358276367188,31.28173065185547,60.51631546020508,74.83602142333984,45.68783950805664,53.92838668823242,55.90616989135742,52.104827880859375,42.897857666015625,67.19412231445312,21.389896392822266,132.10671997070312,128.87332153320312,372.6270751953125,35.46022033691406,45.278297424316406,80.31401824951172,186.9458770751953,35.53725051879883,35.10943603515625,50.630428314208984,34.906375885009766,31.146499633789062,86.80558776855469,64.08480834960938,64.50559997558594,36.3177375793457,33.7052116394043,118.87568664550781,76.33796691894531
2022-09-14,47.307044982910156,93.60960388183594,207.54103088378906,139.1266326904297,56.85160827636719,173.76153564453125,132.75833129882812,221.49835205078125,32.03303909301758,60.48037338256836,74.83602142333984,45.97034454345703,53.97513961791992,56.15385818481445,51.95073318481445,42.970211029052734,66.77749633789062,21.17064666748047,132.09738159179688,129.88311767578125,374.0489501953125,35.61966323852539,45.331119537353516,80.6465072631836,187.67373657226562,35.713478088378906,34.67975616455078,50.71665954589844,35.892356872558594,31.053102493286133,86.63619232177734,64.3178482055664,64.47864532470703,35.874088287353516,33.98002624511719,118.94116973876953,77.31868743896484
2022-09-15,46.93461608886719,92.74268341064453,205.30722045898438,138.19268798828125,56.0189323425293,172.49839782714844,132.07420349121094,219.283203125,31.33296012878418,60.71403121948242,75.03437805175781,44.85980987548828,53.638553619384766,54.87119674682617,51.56999969482422,42.61747741699219,65.7812271118164,20.846162796020508,131.0501251220703,128.94000244140625,369.80230712890625,35.27418899536133,44.89100646972656,79.82451629638672,185.6697540283203,35.405067443847656,34.22234344482422,50.49627685546875,34.96745681762695,31.15583610534668,85.73285675048828,62.83710479736328,63.93952941894531,35.09120178222656,33.1334114074707,119.60559844970703,76.92255401611328
2022-09-16,46.89828872680664,90.96170806884766,203.3111114501953,136.87966918945312,55.518348693847656,169.9911346435547,130.7244110107422,214.9111328125,30.75240707397461,60.255706787109375,74.74156188964844,44.655235290527344,53.180423736572266,54.773887634277344,51.57907485961914,41.77634048461914,65.11100769042969,20.89877700805664,129.7410125732422,128.1112060546875,366.9810791015625,35.04387283325195,44.53011703491211,79.15955352783203,183.97775268554688,34.95567321777344,33.6817741394043,49.95970153808594,34.2214241027832,30.87566375732422,83.94499969482422,62.487552642822266,64.09228515625,35.09989929199219,33.00929260253906,119.26870727539062,76.30413818359375
2022-09-19,47.052703857421875,91.93228912353516,204.87948608398438,137.75808715820312,55.9847526550293,171.44419860839844,132.1759033203125,216.45590209960938,30.76947593688965,60.74997329711914,74.41097259521484,45.02540588378906,53.27392578125,55.37541198730469,51.814754486083984,41.87582778930664,66.04388427734375,20.8900089263916,130.70851135253906,129.50209045410156,369.82696533203125,35.177146911621094,44.62559127807617,79.64485168457031,185.2821807861328,35.09767150878906,34.239349365234375,50.247764587402344,34.24171447753906,31.225845336914062,85.08430480957031,62.99711990356445,64.51823425292969,35.03318405151367,33.451541900634766,118.6260757446289,77.38375091552734
2022-09-20,46.562191009521484,90.34920501708984,202.50315856933594,135.7700653076172,55.45975112915039,169.10787963867188,130.41934204101562,213.29830932617188,30.55603790283203,59.84231948852539,73.42866516113281,44.71368408203125,52.60074996948242,54.42890930175781,51.343379974365234,41.62258529663086,64.70344543457031,20.398895263671875,128.60443115234375,127.31098937988281,365.5819091796875,34.59071731567383,43.62664031982422,78.6055908203125,183.1269989013672,34.97264099121094,33.58884811401367,49.46998596191406,34.00354766845703,30.76581573486328,84.02536010742188,62.62722396850586,64.16551971435547,34.11149215698242,32.96511459350586,117.23556518554688,76.07176208496094
2022-09-21,46.02626419067383,89.37862396240234,198.95761108398438,133.51385498046875,54.49764633178711,166.52462768554688,128.47789001464844,210.50021362304688,30.154767990112305,58.80885696411133,72.17242431640625,44.031776428222656,51.56295394897461,53.89814376831055,50.96265411376953,40.392539978027344,63.67999267578125,20.074405670166016,126.47212982177734,124.8150863647461,359.2047424316406,34.146446228027344,43.0697135925293,77.36214447021484,179.99815368652344,34.39213943481445,32.85471725463867,48.26012420654297,33.505191802978516,30.127405166625977,82.9096908569336,61.64897537231445,63.92136001586914,33.61113357543945,32.5143928527832,115.29074096679688,74.27079772949219
2022-09-22,46.38959884643555,88.49283599853516,196.98049926757812,132.30250549316406,53.87009048461914,162.77322387695312,125.92628479003906,205.0205841064453,30.112085342407227,58.18877029418945,72.39910888671875,43.50572967529297,51.56295394897461,53.756614685058594,51.03517150878906,40.157386779785156,63.43545150756836,19.872697830200195,124.65918731689453,122.77642059326172,356.1875305175781,33.986507415771484,42.822181701660156,76.75898742675781,177.9847412109375,34.293907165527344,32.45977020263672,48.0872917175293,33.386104583740234,29.62042999267578,81.66165161132812,61.021141052246094,63.83090591430664,33.295127868652344,32.39836502075195,115.90142059326172,72.55694580078125
2022-09-23,45.454010009765625,86.23129272460938,193.54904174804688,129.75970458984375,53.04228973388672,158.89837646484375,122.94011688232422,199.97811889648438,27.994762420654297,56.75090408325195,71.76626586914062,42.862789154052734,50.45034408569336,52.66856384277344,49.79328918457031,39.41573715209961,61.216468811035156,19.51313018798828,122.5644760131836,119.35643768310547,350.21966552734375,32.87583541870117,41.11601638793945,75.00517272949219,174.9147491455078,33.50800704956055,31.795333862304688,47.15589141845703,31.08392906188965,29.151004791259766,80.12995910644531,60.22298812866211,62.74565505981445,32.8825569152832,32.02351379394531,115.30950164794922,70.8866958618164
2022-09-26,44.71823501586914,85.45858764648438,191.51377868652344,127.79832458496094,52.688011169433594,156.7227020263672,120.90901184082031,197.76683044433594,27.277603149414062,55.82526779174805,70.8878402709961,42.59976577758789,49.88937759399414,51.31513977050781,49.69357681274414,39.605674743652344,60.00283432006836,18.972206115722656,120.78913879394531,118.81342315673828,346.755126953125,32.35160446166992,40.42647171020508,74.1050796508789,172.9971923828125,33.043609619140625,31.279579162597656,46.38771438598633,30.320940017700195,28.690977096557617,79.28848266601562,59.80441665649414,62.7908821105957,31.995983123779297,31.251474380493164,114.21025085449219,70.72693634033203
2022-09-27,44.34580612182617,84.84607696533203,191.13172912597656,127.26770782470703,52.727176666259766,157.25733947753906,120.6669692993164,199.5989990234375,27.619104385375977,55.366947174072266,70.75560760498047,42.64847183227539,49.44059371948242,50.12093734741211,49.0046501159668,39.4519157409668,60.2654914855957,18.62579917907715,120.40400695800781,118.86105346679688,345.8698425292969,32.156131744384766,40.23198699951172,73.85454559326172,172.74087524414062,33.02574920654297,31.349279403686523,46.138065338134766,30.660533905029297,28.568927764892578,79.02374267578125,59.88230514526367,61.705631256103516,31.574634552001953,30.72489356994629,113.86261749267578,70.94963073730469
2022-09-28,45.181495666503906,86.92860412597656,195.0189208984375,130.1813201904297,53.657588958740234,162.23101806640625,123.89704895019531,206.6840057373047,28.686307907104492,56.27460479736328,72.69190979003906,43.057621002197266,50.852378845214844,50.91707992553711,49.720767974853516,39.75942611694336,62.031620025634766,19.016620635986328,123.2032470703125,122.13814544677734,352.6753234863281,32.87583541870117,41.34585952758789,75.39491271972656,176.3766326904297,33.28474426269531,32.15774917602539,47.712799072265625,32.018917083740234,29.132234573364258,80.76342010498047,60.51499557495117,62.44722366333008,32.17154312133789,31.05512809753418,116.3523941040039,72.8667984008789
2022-09-29,44.745487213134766,85.59052276611328,191.11264038085938,127.93797302246094,52.40399169921875,158.59385681152344,120.80661010742188,202.75657653808594,28.652149200439453,55.48378372192383,72.1157455444336,41.84966278076172,49.66497802734375,49.18327331542969,49.31285095214844,38.782630920410156,61.424800872802734,18.59027862548828,120.87367248535156,118.52761840820312,345.3082275390625,32.46710968017578,40.744720458984375,73.97517395019531,172.71240234375,32.63280487060547,31.683828353881836,46.550960540771484,32.018917083740234,28.766084671020508,79.3641128540039,58.9381217956543,61.416229248046875,31.276180267333984,29.810068130493164,115.37527465820312,70.34931945800781
2022-09-30,44.37306213378906,84.7518539428711,188.46702575683594,126.58818054199219,51.515201568603516,157.43873596191406,120.0153579711914,201.33372497558594,28.45578956604004,55.097354888916016,71.17119598388672,41.089820861816406,49.0385627746582,48.44021987915039,48.5876579284668,38.493202209472656,61.46101379394531,18.892271041870117,119.55862426757812,116.31751251220703,339.9686279296875,32.30717086791992,40.79777145385742,73.19569396972656,170.36767578125,32.58814239501953,31.600189208984375,45.984432220458984,31.76311492919922,28.50320816040039,78.3240737915039,57.80900573730469,60.34907531738281,31.6097412109375,29.234392166137695,113.7874526977539,68.9646987915039
2022-10-03,45.17240905761719,87.0605239868164,193.20423889160156,130.06961059570312,52.734519958496094,161.61045837402344,123.03135681152344,206.93740844726562,30.018169403076172,56.44535827636719,72.54078674316406,42.37570571899414,50.17920684814453,49.90864562988281,49.32191467285156,38.71027374267578,63.4716796875,19.212024688720703,122.89325714111328,117.73693084716797,348.9441833496094,33.026885986328125,41.72599792480469,75.00517272949219,174.69642639160156,33.0882682800293,32.627037048339844,47.2711181640625,33.5581169128418,29.27305793762207,80.68778228759766,59.60002136230469,61.389095306396484,32.1978759765625,30.091217041015625,116.12690734863281,69.032470703125
2022-10-04,46.6166877746582,90.59420776367188,199.38365173339844,134.18405151367188,54.38722229003906,168.01609802246094,127.85319519042969,214.80210876464844,31.213430404663086,58.60215759277344,74.42987060546875,43.924617767333984,51.66579055786133,51.03207015991211,50.26466369628906,40.256874084472656,65.86272430419922,19.558427810668945,127.12965393066406,122.27151489257812,359.7568664550781,34.34192657470703,43.66200637817383,77.5477294921875,180.30665588378906,34.017059326171875,33.8258171081543,48.721031188964844,35.00029373168945,30.36211585998535,83.4958724975586,61.60031509399414,62.32061004638672,32.706993103027344,30.729368209838867,118.82339477539062,71.44345092773438
2022-10-05,46.12617874145508,89.85920715332031,198.95388793945312,133.70932006835938,54.35539627075195,166.7750701904297,126.64305877685547,213.68133544921875,31.62323570251465,58.12586212158203,74.46764373779297,44.07073974609375,51.15156555175781,49.87325668334961,49.79328918457031,40.455848693847656,65.0838394165039,19.176502227783203,126.63179779052734,121.5665512084961,358.9191589355469,33.93320083618164,42.9813117980957,77.17655181884766,179.96493530273438,34.07957077026367,33.444801330566406,48.34653854370117,35.72357940673828,30.127405166625977,83.04206085205078,61.804725646972656,61.95885467529297,32.101314544677734,30.046585083007812,119.2179946899414,71.0222396850586
2022-10-06,45.708343505859375,88.53052520751953,197.1105499267578,132.2013397216797,53.96364212036133,165.83950805664062,125.76809692382812,212.8042755126953,31.83667755126953,57.11037063598633,73.40031433105469,43.69081497192383,50.74953079223633,48.263301849365234,49.013710021972656,40.0398063659668,64.1600112915039,18.76791763305664,125.22280883789062,120.58534240722656,355.2167053222656,33.36453628540039,42.04425048828125,76.31356811523438,178.24671936035156,33.83844757080078,33.0916862487793,48.0872917175293,36.358665466308594,29.70492172241211,82.08712768554688,61.29856491088867,61.054481506347656,31.04794692993164,29.055892944335938,117.69593048095703,70.51876831054688
2022-10-07,45.245079040527344,86.8343734741211,191.53286743164062,129.25050354003906,52.10037612915039,160.96131896972656,122.64970397949219,205.7776641845703,31.72568702697754,56.08588790893555,72.1157455444336,41.937339782714844,49.421897888183594,47.3521728515625,48.34291458129883,38.98160934448242,62.72901153564453,18.394868850708008,122.25448608398438,117.10820007324219,345.3082275390625,32.84030532836914,41.25746154785156,74.46697998046875,173.1490936279297,33.16864776611328,32.2739143371582,46.79100799560547,36.0764045715332,29.000791549682617,80.51761627197266,58.77751159667969,60.141056060791016,30.310598373413086,28.453445434570312,115.2061538696289,68.09325408935547
2022-10-10,45.063411712646484,86.84378814697266,189.92832946777344,128.449951171875,51.591102600097656,160.06398010253906,122.24014282226562,204.15017700195312,31.068294525146484,55.645538330078125,71.59625244140625,41.27491760253906,49.17880630493164,47.36102294921875,48.3066520690918,37.66111755371094,62.946372985839844,18.243873596191406,121.42790222167969,115.81260681152344,342.6718444824219,32.6181640625,41.08065414428711,73.83598327636719,171.7726287841797,32.71317672729492,32.34361267089844,46.66617965698242,35.335472106933594,28.869356155395508,80.80126190185547,57.78952407836914,60.358116149902344,29.96824836730957,28.502527236938477,114.48270416259766,67.67205810546875
2022-10-11,44.60014343261719,86.52340698242188,188.61029052734375,127.91931915283203,51.08671951293945,160.11167907714844,122.71487426757812,203.60443115234375,30.684099197387695,54.84572219848633,71.87014770507812,40.60274887084961,48.29058837890625,46.96295166015625,48.42448806762695,36.75666809082031,61.986328125,18.385988235473633,120.88309478759766,114.77422332763672,340.5016174316406,32.236087799072266,40.541404724121094,73.18643951416016,170.67147827148438,32.204124450683594,32.09270095825195,45.79239273071289,35.053218841552734,28.50320816040039,80.78235626220703,56.90374755859375,60.85551452636719,30.249143600463867,28.39988899230957,115.09339904785156,67.1201400756836
2022-10-12,44.27313995361328,86.19359588623047,188.09458923339844,127.32357788085938,51.01327896118164,159.6725616455078,122.47284698486328,202.6591033935547,30.760936737060547,54.791805267333984,71.51123809814453,40.4858512878418,48.178401947021484,45.689144134521484,48.75082778930664,36.747623443603516,61.71460723876953,18.226110458374023,120.25372314453125,115.01239013671875,339.37847900390625,32.156131744384766,40.48836135864258,73.00083923339844,170.206298828125,32.195194244384766,31.85108757019043,45.734779357910156,35.335472106933594,28.43749237060547,80.14886474609375,56.728546142578125,61.18108367919922,29.84535789489746,27.45382308959961,114.5296859741211,67.29443359375
2022-10-13,44.663734436035156,88.04054260253906,192.76492309570312,130.86087036132812,52.13465881347656,163.624755859375,125.8704605102539,207.00564575195312,31.95620346069336,56.72393798828125,72.9375,41.732765197753906,49.10400390625,46.95410919189453,49.30379104614258,36.5848274230957,63.254310607910156,18.501453399658203,123.14688873291016,116.6032943725586,348.3350830078125,32.822532653808594,41.628746032714844,74.56904602050781,174.4306182861328,32.320220947265625,32.7850227355957,46.83901596069336,36.777652740478516,29.61103630065918,81.91693115234375,58.49036407470703,62.19399642944336,30.40715217590332,28.141061782836914,117.1979751586914,68.03031921386719
2022-10-14,44.018802642822266,85.99571228027344,188.3524169921875,128.449951171875,50.69007873535156,159.2429656982422,123.06857299804688,200.602783203125,30.940231323242188,55.80729675292969,72.47466278076172,40.52482223510742,48.206451416015625,46.29950714111328,48.54233932495117,36.14164733886719,61.098731994628906,18.11064338684082,120.42279815673828,113.35478210449219,340.39691162109375,32.262752532958984,41.00992965698242,73.01011657714844,170.32022094726562,31.846899032592773,31.679176330566406,46.07085418701172,35.406036376953125,29.113452911376953,80.1205062866211,56.84535598754883,61.07255935668945,29.64346694946289,27.73496437072754,116.40876770019531,65.48860931396484
2022-10-17,44.463897705078125,88.14419555664062,193.31887817382812,131.20526123046875,52.288917541503906,164.32164001464844,126.67098999023438,207.42471313476562,31.350034713745117,57.24517059326172,73.7403564453125,41.77173614501953,49.655635833740234,47.467166900634766,49.2856559753418,37.199851989746094,62.783355712890625,18.714628219604492,123.04356384277344,117.36540985107422,349.1441345214844,33.11574172973633,42.38016891479492,74.93093872070312,174.86729431152344,32.65959548950195,32.46906280517578,47.33832550048828,35.84707260131836,29.845754623413086,81.86964416503906,58.57796859741211,61.73276901245117,30.749492645263672,28.31510353088379,118.2784423828125,68.14649963378906
2022-10-18,44.309478759765625,89.84977722167969,195.6015167236328,132.955322265625,52.87897872924805,166.2690887451172,128.12313842773438,209.92930603027344,31.50370979309082,57.97309875488281,74.09927368164062,42.11268997192383,49.83327102661133,48.16600036621094,49.78422164916992,37.064178466796875,63.56224822998047,18.83897590637207,124.86585235595703,118.31804656982422,353.2464599609375,33.33787536621094,42.892906188964844,75.65473937988281,177.00320434570312,32.66852951049805,33.105621337890625,47.693603515625,36.16020202636719,30.32455825805664,83.8457260131836,59.074398040771484,62.537654876708984,31.153287887573242,28.832763671875,118.93612670898438,69.08572387695312
2022-10-19,44.03696823120117,88.93572998046875,194.04473876953125,131.72657775878906,52.51171875,163.44337463378906,126.14043426513672,205.80691528320312,32.18671417236328,57.18226623535156,72.98471069335938,41.898372650146484,49.55278778076172,47.64409255981445,49.2856559753418,35.544715881347656,62.6746711730957,18.377107620239258,123.39112091064453,116.0317153930664,350.7431945800781,32.955810546875,42.114967346191406,74.8567123413086,175.49380493164062,32.09695816040039,32.715328216552734,47.73200225830078,37.22750473022461,29.826976776123047,83.25005340576172,58.904056549072266,62.248252868652344,30.372034072875977,28.457902908325195,117.27313232421875,68.31111145019531
2022-10-20,44.000633239746094,88.05937194824219,192.4879608154297,130.48851013183594,52.14935302734375,161.36227416992188,124.32524871826172,203.9844970703125,32.36601257324219,56.77785873413086,72.44632720947266,41.94708251953125,49.62758255004883,46.75949478149414,48.787086486816406,35.76178741455078,62.58409881591797,18.412635803222656,122.01966857910156,114.8980712890625,347.8020324707031,32.8669548034668,42.07960891723633,74.50411224365234,173.97496032714844,32.347015380859375,32.47835922241211,47.84723663330078,37.262786865234375,29.348167419433594,81.61437225341797,58.9381217956543,61.380062103271484,30.222814559936523,27.73942756652832,116.2772445678711,66.98941802978516
2022-10-21,44.772735595703125,89.96285247802734,196.87179565429688,133.38351440429688,53.415199279785156,164.8657989501953,127.10855865478516,208.2725372314453,33.21976852416992,58.215728759765625,73.9197998046875,43.06735610961914,50.001564025878906,47.48486328125,49.466949462890625,36.08738327026367,64.54041290283203,18.5725154876709,124.80950164794922,117.33683776855469,356.2541809082031,33.480045318603516,42.83102798461914,76.05374908447266,177.98092651367188,32.82034683227539,33.602787017822266,48.154510498046875,38.33890151977539,30.22128677368164,83.85516357421875,60.51499557495117,62.32061004638672,30.433488845825195,28.252622604370117,118.88914489746094,68.94049072265625
2022-10-24,44.4820671081543,90.82978057861328,199.09713745117188,134.7519073486328,54.03955078125,165.57220458984375,127.8345947265625,208.53565979003906,33.22829818725586,58.395469665527344,75.00604248046875,43.58366394042969,49.636932373046875,47.90061569213867,50.083370208740234,32.60527038574219,63.95170974731445,18.58139991760254,126.1997299194336,116.38419342041016,360.6134033203125,33.42673110961914,43.131591796875,76.20221710205078,179.89846801757812,31.543251037597656,33.407630920410156,48.490577697753906,38.51972198486328,30.624988555908203,84.97085571289062,61.35210418701172,63.442047119140625,30.415937423706055,28.4891414642334,121.1816177368164,69.22611999511719
2022-10-25,45.499420166015625,92.37517547607422,202.6595916748047,136.85562133789062,55.09482955932617,170.087646484375,130.8970947265625,214.8995361328125,33.28806686401367,59.22224044799805,75.78057098388672,44.450660705566406,50.852378845214844,48.97981643676758,50.79949188232422,33.19315719604492,65.35554504394531,19.2830810546875,128.62318420410156,119.385009765625,366.3719482421875,34.173099517822266,44.19243240356445,77.60340118408203,183.15451049804688,31.802244186401367,34.23469161987305,49.777259826660156,38.55942153930664,30.991130828857422,86.11488342285156,62.52503204345703,64.2740478515625,31.618518829345703,29.060354232788086,122.10237121582031,70.95932006835938
2022-10-26,45.76284408569336,93.14788055419922,201.2269744873047,137.29312133789062,54.15953063964844,170.92771911621094,131.48350524902344,216.010498046875,33.732017517089844,59.46487045288086,76.74400329589844,43.65185546875,49.917423248291016,49.165584564208984,51.00798034667969,34.66740036010742,66.35182189941406,19.345260620117188,128.8767852783203,120.0804443359375,363.6116638183594,34.51962661743164,44.6697883605957,77.62196350097656,182.02487182617188,32.230926513671875,34.4763069152832,48.20252227783203,39.08424758911133,31.066242218017578,86.41744232177734,61.133094787597656,64.69911193847656,31.557079315185547,29.04696273803711,123.4552993774414,70.38803100585938
2022-10-27,45.190582275390625,93.05364990234375,200.2336883544922,137.12557983398438,53.711456298828125,170.96592712402344,132.08859252929688,215.33810424804688,33.971073150634766,59.53676986694336,76.17727661132812,43.13554763793945,48.178401947021484,49.475196838378906,50.75416946411133,33.79008865356445,65.7087631225586,19.407434463500977,128.99893188476562,119.07063293457031,361.6700134277344,34.28860855102539,44.28965759277344,77.18583679199219,181.17054748535156,31.998720169067383,34.388031005859375,45.91722106933594,39.22537612915039,31.319732666015625,87.4291000366211,60.43711853027344,64.75337982177734,31.574634552001953,29.279024124145508,122.8070297241211,70.11693572998047
2022-10-28,45.67200469970703,94.86288452148438,204.83721923828125,140.06710815429688,54.977298736572266,174.8512725830078,135.07664489746094,220.07444763183594,34.1332893371582,60.52531433105469,77.3485107421875,44.8403205871582,49.00115966796875,50.54554748535156,51.70597457885742,32.79519271850586,65.5457534790039,19.744953155517578,131.67599487304688,119.53742980957031,370.27435302734375,34.5551643371582,44.775882720947266,78.41999053955078,185.3853302001953,31.775453567504883,34.73186492919922,47.07906723022461,39.362098693847656,32.098960876464844,89.46192932128906,63.06526184082031,66.17324829101562,32.32076644897461,30.082284927368164,124.82704162597656,70.17986297607422
2022-10-31,45.40858459472656,94.41059112548828,203.3568115234375,139.38758850097656,54.497406005859375,175.01358032226562,135.27212524414062,220.50323486328125,34.20158767700195,60.18381881713867,77.37683868408203,44.24608612060547,48.55238723754883,50.12093734741211,51.4884147644043,32.18017578125,64.93891906738281,19.638368606567383,131.09364318847656,118.9468002319336,367.5997314453125,34.270843505859375,44.236629486083984,77.86323547363281,184.18923950195312,31.659353256225586,34.42055130004883,46.29169845581055,39.69287109375,31.901813507080078,89.20661926269531,62.23300552368164,65.78436279296875,32.24176025390625,29.801137924194336,124.72369384765625,69.7296142578125
2022-11-01,45.753753662109375,94.59905242919922,202.57363891601562,139.68545532226562,53.98078155517578,175.25225830078125,135.51412963867188,220.93203735351562,34.51748275756836,60.51631546020508,77.31070709228516,43.97332763671875,48.46823501586914,50.2978630065918,51.49748611450195,33.57301712036133,65.80840301513672,19.67389678955078,131.4130401611328,119.39453887939453,365.9911804199219,34.564064025878906,44.572547912597656,78.02098083496094,183.61968994140625,32.1862678527832,34.50883865356445,45.9940299987793,40.07657241821289,31.986305236816406,89.12153625488281,61.71226119995117,65.57635498046875,32.18909454345703,29.917171478271484,124.79882049560547,69.02278900146484
2022-11-02,45.454010009765625,93.0630874633789,197.42572021484375,137.00457763671875,52.247291564941406,169.43849182128906,131.45559692382812,212.7945098876953,33.89424133300781,59.77043533325195,76.30006408691406,42.502349853515625,47.39302444458008,49.82018280029297,50.663516998291016,33.844356536865234,63.942649841308594,19.212024688720703,128.20989990234375,116.34607696533203,356.80621337890625,34.039825439453125,43.768096923828125,76.37852478027344,178.78781127929688,31.94513702392578,33.61207580566406,44.69774627685547,39.11071014404297,31.582612991333008,87.55201721191406,59.58055114746094,64.43684387207031,31.346410751342773,29.627099990844727,122.67549133300781,66.4133071899414
2022-11-03,45.32683181762695,93.2798080444336,195.3914031982422,136.446044921875,51.39033508300781,168.30247497558594,130.645751953125,211.75173950195312,34.474796295166016,59.24919891357422,75.97891235351562,41.391815185546875,46.57027053833008,49.78479766845703,50.33718490600586,34.30562210083008,63.61659622192383,19.114322662353516,127.56178283691406,115.6411361694336,353.1322021484375,33.76436996459961,43.30839538574219,75.7939224243164,177.0791015625,32.204124450683594,33.86762619018555,43.60310363769531,39.83400344848633,31.263397216796875,88.46913146972656,57.82847213745117,64.21981048583984,31.3288516998291,29.756519317626953,122.15874481201172,66.0163345336914
2022-11-04,46.20793533325195,95.50366973876953,197.88417053222656,138.475341796875,51.916744232177734,170.57452392578125,133.0287322998047,212.87242126464844,35.046810150146484,60.938690185546875,76.64954376220703,42.25880813598633,47.570674896240234,50.439395904541016,51.388702392578125,36.8018913269043,67.27564239501953,19.47848892211914,129.5437774658203,118.71817016601562,358.2148742675781,35.052757263183594,45.29745864868164,77.5662841796875,179.35739135742188,33.516929626464844,35.04317855834961,43.900779724121094,40.31913375854492,31.83608627319336,89.88739013671875,58.884586334228516,64.97946166992188,31.767744064331055,29.939481735229492,122.90099334716797,66.5682373046875
2022-11-07,46.47135543823242,96.63446044921875,199.75616455078125,139.6482391357422,52.455413818359375,171.3477783203125,133.60589599609375,213.9444580078125,35.45661163330078,61.307151794433594,77.21627044677734,42.950462341308594,48.215797424316406,49.7671012878418,51.70597457885742,36.77476501464844,67.556396484375,19.47848892211914,130.5770263671875,118.73721313476562,361.6413879394531,35.203800201416016,45.53614044189453,78.07664489746094,180.99017333984375,33.45442199707031,35.31731033325195,44.68815231323242,41.01155471801758,32.15530014038086,90.85176849365234,59.867698669433594,65.55827331542969,31.758975982666016,29.368270874023438,124.2163314819336,66.10346221923828
2022-11-08,47.14353942871094,97.85945129394531,200.82586669921875,140.32774353027344,52.7614631652832,171.41458129882812,133.4941864013672,214.22708129882812,35.33708190917969,61.783451080322266,77.68853759765625,43.44728088378906,48.589778900146484,50.271324157714844,51.97792434692383,36.72049331665039,69.02364349365234,19.593955993652344,131.35662841796875,118.8515396118164,363.5926513671875,35.630306243896484,46.04888153076172,78.63341522216797,181.939453125,33.597320556640625,35.925987243652344,44.73616409301758,41.05125427246094,32.343074798583984,91.6459732055664,60.441993713378906,65.74818420410156,31.952089309692383,29.573545455932617,124.83643341064453,65.93885803222656
2022-11-09,46.34419250488281,96.42713928222656,196.6330108642578,137.76788330078125,51.49562072753906,166.7082061767578,130.53402709960938,207.32723999023438,33.86008834838867,60.696048736572266,76.92345428466797,42.42441940307617,47.654823303222656,49.89094543457031,51.52467727661133,35.33668899536133,67.81906127929688,19.3985538482666,128.99893188476562,115.85070037841797,356.1018371582031,35.13272476196289,45.438899993896484,77.12088012695312,178.01889038085938,32.98109817504883,35.345184326171875,44.131221771240234,39.0445556640625,31.798538208007812,90.36957550048828,58.8699836730957,65.03373718261719,31.600963592529297,29.34149742126465,123.49288940429688,63.92485809326172
2022-11-10,48.9329948425293,101.1292953491211,207.75975036621094,143.81849670410156,55.104618072509766,176.97056579589844,137.93434143066406,220.6786346435547,34.58578109741211,63.60773468017578,79.30370330810547,45.89241027832031,50.319454193115234,52.42087936401367,53.011314392089844,37.30838394165039,71.46904754638672,20.659809112548828,135.91244506835938,123.79573822021484,375.6711730957031,37.087501525878906,48.090980529785156,81.29659271240234,188.0908203125,34.088504791259766,37.30132293701172,46.80061340332031,39.91339111328125,33.40395736694336,94.16094970703125,63.707679748535156,66.56214141845703,34.02370834350586,30.72489356994629,126.63096618652344,68.59674835205078
2022-11-11,49.904930114746094,101.94911193847656,209.92779541015625,144.83314514160156,55.919952392578125,178.421630859375,138.83729553222656,223.12477111816406,35.610286712646484,64.425537109375,78.5291748046875,46.93475341796875,51.413360595703125,52.01396942138672,53.18354797363281,38.773582458496094,73.6336669921875,20.739749908447266,137.21810913085938,126.97756958007812,379.30712890625,37.78055191040039,49.04572296142578,82.4843521118164,190.00830078125,34.77616882324219,37.75202560424805,48.02967834472656,41.07329559326172,33.67621994018555,94.104248046875,64.7978744506836,66.48979187011719,34.00615692138672,30.38127899169922,125.08072662353516,70.24280548095703
2022-11-14,49.22366714477539,101.11986541748047,208.08448791503906,143.71609497070312,55.268653869628906,176.42642211914062,137.3200225830078,220.84429931640625,35.3968505859375,63.8144416809082,78.49140167236328,46.476898193359375,51.198307037353516,51.52744674682617,52.911598205566406,39.026832580566406,73.3529052734375,20.313411712646484,135.72457885742188,125.31998443603516,376.0804443359375,37.345176696777344,48.47993850708008,81.68632507324219,188.29014587402344,34.66006851196289,37.70091247558594,47.8376350402832,41.0600700378418,33.197410583496094,93.52749633789062,64.24304962158203,65.96524810791016,33.102020263671875,30.019811630249023,125.19344329833984,69.12928771972656
2022-11-15,49.55067443847656,101.48736572265625,210.04241943359375,144.76797485351562,55.92729568481445,179.04214477539062,138.81869506835938,224.65481567382812,35.8408088684082,64.14692687988281,78.5291748046875,47.10035705566406,52.16132354736328,51.94320297241211,53.12009048461914,40.98043441772461,73.3619613647461,20.455522537231445,137.00209045410156,127.27287292480469,379.28802490234375,37.576194763183594,48.683265686035156,82.51219940185547,190.19822692871094,35.4281120300293,37.6451530456543,48.548187255859375,41.492279052734375,33.272525787353516,94.17042541503906,65.02173614501953,66.51692199707031,33.514583587646484,30.350032806396484,125.03375244140625,70.07335662841797
2022-11-16,49.37809371948242,100.9879379272461,208.1513671875,143.61370849609375,55.400882720947266,175.891845703125,136.42637634277344,220.6494140625,35.34562301635742,63.94023895263672,78.44418334960938,46.4671630859375,52.021080017089844,52.3678092956543,53.42829895019531,40.24782943725586,72.61929321289062,20.295644760131836,135.5460968017578,125.74864959716797,376.3945007324219,37.43402862548828,48.59486770629883,81.81623840332031,188.26165771484375,34.865474700927734,37.27809524536133,48.068092346191406,40.64550018310547,33.112918853759766,93.48966979980469,64.13111114501953,66.84249877929688,33.27757263183594,30.622255325317383,124.97737884521484,69.00341796875
2022-11-17,49.28725051879883,100.5921630859375,207.31085205078125,143.1110382080078,55.1413459777832,174.2593994140625,135.43035888671875,218.22276306152344,35.36269760131836,63.715576171875,78.31193542480469,46.52560043334961,51.91823196411133,51.62474822998047,53.55521011352539,40.98043441772461,71.93094635009766,20.189058303833008,134.7570343017578,125.51050567626953,375.2428283691406,37.38960266113281,48.53298568725586,81.62137603759766,187.4737548828125,35.053016662597656,36.92031478881836,47.70320510864258,40.73370361328125,32.93453598022461,93.32894897460938,64.21382141113281,66.82440185546875,32.9791259765625,30.086746215820312,124.92098236083984,68.16588592529297
2022-11-18,49.269081115722656,101.3648681640625,208.1513671875,144.05123901367188,55.251522064208984,175.3859100341797,136.2588348388672,219.47996520996094,35.06388473510742,64.01214599609375,79.19981384277344,46.59380340576172,51.441402435302734,52.58010482788086,53.8996696472168,39.84986877441406,72.22982788085938,20.437759399414062,135.76214599609375,125.52001190185547,376.9465637207031,37.451812744140625,48.73632049560547,81.81623840332031,188.35658264160156,34.80296325683594,37.16657638549805,47.559181213378906,40.41175079345703,33.20680236816406,94.01914978027344,64.2868423461914,67.53885650634766,33.40046691894531,30.72489356994629,126.43363189697266,68.25785827636719
2022-11-21,48.869407653808594,101.22352600097656,207.34906005859375,144.0419158935547,54.79121398925781,174.4694061279297,136.0167999267578,217.85240173339844,34.483333587646484,63.95820999145508,79.27537536621094,46.05801010131836,51.05807113647461,52.70395278930664,54.280399322509766,39.189632415771484,71.8766098022461,20.473285675048828,135.70579528808594,123.86243438720703,375.575927734375,37.149696350097656,48.3827018737793,81.33370971679688,187.55923461914062,34.48145294189453,37.29203414916992,47.16548156738281,39.864864349365234,33.31006622314453,94.32171630859375,63.595741271972656,68.18096923828125,33.63747024536133,30.86323356628418,126.4900131225586,67.27021789550781
2022-11-22,49.91401290893555,102.42967987060547,210.09017944335938,145.93157958984375,55.5649299621582,176.3309783935547,137.51548767089844,220.15240478515625,35.610286712646484,64.74905395507812,80.02156066894531,46.82759475708008,51.60969924926758,53.163936614990234,54.77896499633789,38.80976104736328,73.18081665039062,20.615400314331055,137.50930786132812,124.93891906738281,380.630126953125,37.70059585571289,49.03688430786133,82.38228607177734,190.01785278320312,34.57075881958008,38.13768005371094,47.86643981933594,41.11299133300781,33.64805603027344,95.0497055053711,64.82706451416016,68.67835998535156,33.80426025390625,31.126529693603516,127.5892562866211,68.03031921386719
2022-11-23,50.48627853393555,103.31547546386719,211.49415588378906,146.3876495361328,56.09868621826172,176.7892303466797,137.48753356933594,221.22439575195312,35.4139289855957,65.21635437011719,80.40880584716797,47.24648666381836,52.19872283935547,53.721229553222656,55.17781448364258,39.216758728027344,74.13180541992188,20.606517791748047,138.08230590820312,126.32024383544922,383.0286865234375,38.1359748840332,49.59381866455078,83.01329040527344,191.1759490966797,34.75830841064453,38.2863655090332,48.47137451171875,40.66754150390625,33.78888702392578,95.40901947021484,65.4013671875,68.91350555419922,33.85692596435547,31.474613189697266,128.0966339111328,69.01311492919922
2022-11-25,50.831451416015625,103.64527893066406,211.49415588378906,146.80657958984375,55.95912551879883,177.1614990234375,137.8692169189453,221.32186889648438,35.37977981567383,65.53089904785156,80.89996337890625,46.98345947265625,51.86213684082031,54.11044692993164,55.1868782043457,38.50224685668945,74.20426177978516,20.739749908447266,138.55197143554688,126.40599060058594,382.9430236816406,38.29590606689453,49.929744720458984,83.1060791015625,191.31832885742188,34.63328170776367,38.27242660522461,48.20252227783203,40.51760482788086,33.901546478271484,95.77776336669922,65.02173614501953,68.95873260498047,34.05881881713867,31.657577514648438,128.85765075683594,69.05184936523438
2022-11-28,50.440853118896484,101.72295379638672,208.14181518554688,144.4514617919922,55.072784423828125,173.59117126464844,135.1324920654297,216.96559143066406,34.619930267333984,64.46147918701172,80.35214233398438,45.999568939208984,51.366607666015625,53.42047119140625,55.02371597290039,38.93638229370117,72.75513458251953,20.286762237548828,136.08151245117188,125.52001190185547,376.8323974609375,37.762794494628906,49.12528610229492,81.9090347290039,188.21420288085938,34.55289840698242,37.417484283447266,47.43434524536133,39.40619659423828,33.319454193115234,94.0380630493164,63.629817962646484,68.69646453857422,33.102020263671875,31.33180809020996,127.88994598388672,68.62580871582031
2022-11-29,50.132022857666016,102.20354461669922,207.78842163085938,144.9168701171875,54.7153205871582,174.0971221923828,135.9144287109375,217.1117706298828,35.03826904296875,65.04560089111328,80.18212127685547,45.648868560791016,51.310516357421875,53.12855529785156,54.76083755493164,40.6276969909668,73.58838653564453,20.597637176513672,136.51361083984375,126.09159088134766,376.18511962890625,37.860530853271484,49.24020767211914,82.07605743408203,187.91989135742188,35.23163604736328,37.542945861816406,47.45354461669922,40.0015869140625,33.51661682128906,94.61481475830078,63.00685119628906,68.4342041015625,33.65502166748047,31.099756240844727,127.57047271728516,68.4079360961914
2022-11-30,50.686119079589844,103.83374786376953,214.2352294921875,147.9980926513672,56.953189849853516,178.87033081054688,139.10723876953125,223.6315460205078,35.33708190917969,66.11502075195312,81.8823013305664,47.830970764160156,53.255218505859375,54.34928894042969,55.76704025268555,42.51799011230469,75.39979553222656,20.96180534362793,139.79188537597656,130.20701599121094,388.03515625,38.571353912353516,50.20379638671875,84.31239318847656,193.71054077148438,36.18722152709961,38.4489860534668,49.46038818359375,40.20005798339844,34.08930969238281,96.17485809326172,66.17033386230469,69.80884552001953,34.4450569152832,31.876245498657227,130.61456298828125,70.76567077636719
2022-12-01,51.03129196166992,104.2200927734375,214.4071502685547,147.97946166992188,57.02174758911133,178.47891235351562,138.5394287109375,223.62179565429688,35.14072036743164,65.98921203613281,82.32623291015625,47.947872161865234,53.610504150390625,54.526206970214844,56.06616973876953,42.165252685546875,75.87075805664062,20.9262752532959,139.98912048339844,130.49281311035156,387.74969482421875,38.90011215209961,50.778411865234375,84.50725555419922,193.824462890625,36.0979118347168,38.49544906616211,49.748451232910156,40.067745208740234,33.89215087890625,96.2032470703125,66.26280212402344,69.49229431152344,34.37483215332031,31.849475860595703,130.9904327392578,70.7559814453125
2022-12-02,50.804203033447266,104.60643005371094,214.10153198242188,147.86776733398438,56.887081146240234,179.5194854736328,139.2934112548828,225.15185546875,34.94436264038086,65.72858428955078,82.4679183959961,47.64588165283203,53.76009750366211,54.27852249145508,56.31999206542969,43.19632339477539,76.34172821044922,20.908510208129883,139.90463256835938,130.9786376953125,387.3023376464844,38.86457061767578,50.884498596191406,84.46085357666016,193.6440887451172,36.3211784362793,38.918270111083984,49.87328338623047,39.82959747314453,33.73255157470703,96.7516098022461,65.87830352783203,69.80884552001953,34.208045959472656,31.697744369506836,131.32861328125,70.66400909423828
2022-12-05,49.74142837524414,103.33431243896484,210.00421142578125,145.0006866455078,55.85383987426758,174.57443237304688,135.5420379638672,218.9439697265625,34.06499099731445,64.43450927734375,81.66506958007812,46.886043548583984,53.124324798583984,54.09275817871094,55.48602294921875,43.15110397338867,75.06468200683594,20.570987701416016,137.19932556152344,128.46371459960938,380.3349914550781,38.27813720703125,50.29219436645508,83.0040054321289,189.83746337890625,35.955013275146484,38.146968841552734,49.08591079711914,38.64762496948242,32.89698028564453,95.13481140136719,64.78325653076172,68.93159484863281,33.62869644165039,31.51924705505371,130.06968688964844,68.62580871582031
2022-12-06,49.587005615234375,102.37313842773438,206.86196899414062,143.31582641601562,54.8499755859375,171.9014892578125,134.14576721191406,214.47073364257812,33.37343978881836,63.9492301940918,81.21167755126953,45.89241027832031,52.15196990966797,54.13698959350586,55.2593994140625,43.7480354309082,74.48502349853516,20.411109924316406,135.69639587402344,127.10138702392578,374.8525695800781,38.02045822143555,49.965110778808594,82.1224594116211,186.98960876464844,35.981807708740234,37.80778121948242,47.674400329589844,37.62884521484375,32.60593795776367,94.00968933105469,63.39621353149414,68.50654602050781,33.37413787841797,31.715591430664062,129.08311462402344,67.55585479736328
2022-12-07,49.73234558105469,102.4202651977539,206.41307067871094,143.2413787841797,54.63941192626953,171.39549255371094,133.4941864013672,214.33432006835938,33.194156646728516,63.83241653442383,81.75950622558594,45.69757843017578,51.82473373413086,54.06622314453125,55.34098815917969,43.042564392089844,74.47598266601562,20.49993324279785,135.47096252441406,126.35836029052734,374.2148742675781,38.02045822143555,49.92090606689453,81.9832763671875,186.6858673095703,35.76747512817383,37.72414779663086,47.43434524536133,37.54063034057617,32.4744987487793,93.88677215576172,63.074981689453125,68.79592895507812,33.444358825683594,31.568330764770508,130.14480590820312,67.1491928100586
2022-12-08,50.04117965698242,102.67469024658203,208.07493591308594,144.00469970703125,55.261314392089844,172.63656616210938,134.32266235351562,216.0007781982422,33.07463073730469,63.9492301940918,82.29788970947266,46.35026168823242,51.97433090209961,54.27852249145508,55.5404167175293,44.372100830078125,74.89260864257812,20.624279022216797,136.34451293945312,128.08261108398438,377.14642333984375,38.23371124267578,50.115386962890625,82.60498809814453,188.2996368408203,36.17828369140625,38.0029296875,47.33832550048828,37.373046875,32.50266647338867,94.44461059570312,64.10677337646484,69.16675567626953,33.69013977050781,31.773611068725586,131.3192596435547,67.79792785644531
2022-12-09,50.19561004638672,102.476806640625,206.62322998046875,142.92486572265625,54.8475341796875,170.5172119140625,132.87051391601562,212.9114532470703,32.46845626831055,63.85936737060547,81.59893798828125,46.13594055175781,52.133270263671875,54.13698959350586,55.27753448486328,44.08268356323242,74.72957611083984,20.597637176513672,135.29251098632812,127.38719177246094,374.3290710449219,38.26036834716797,50.115386962890625,82.17813110351562,186.7238311767578,35.87464904785156,37.62657165527344,47.47275924682617,36.46451950073242,32.418174743652344,93.6693115234375,63.712554931640625,68.63314819335938,33.61991500854492,31.608488082885742,129.63748168945312,67.50261688232422
2022-12-12,50.186519622802734,103.28720092773438,209.63174438476562,144.89830017089844,55.66286849975586,172.52195739746094,134.06199645996094,216.22494506835938,33.09170150756836,64.36261749267578,82.17510986328125,46.98345947265625,52.208072662353516,54.92427062988281,55.51322555541992,43.70281219482422,74.5937271118164,20.68645668029785,137.2838897705078,127.23477172851562,379.72589111328125,38.35810470581055,50.32755661010742,82.93904113769531,189.41029357910156,35.77640151977539,37.951812744140625,47.84723663330078,37.42155075073242,32.85003662109375,95.2766342163086,65.10447692871094,69.35665130615234,33.90081787109375,32.3314323425293,131.01858520507812,67.67205810546875
2022-12-13,50.90937805175781,104.50553131103516,211.25936889648438,145.83970642089844,56.17636489868164,173.95094299316406,134.52206420898438,218.86129760742188,33.755924224853516,64.86254119873047,82.75421905517578,47.567298889160156,53.043975830078125,55.254432678222656,55.666988372802734,44.081024169921875,75.72895812988281,20.988449096679688,138.2419891357422,128.57574462890625,382.6003723144531,38.85568618774414,51.06129837036133,83.70924377441406,190.82472229003906,35.96395492553711,38.476863861083984,48.653812408447266,38.131622314453125,32.93453598022461,95.63593292236328,65.87345123291016,69.25717163085938,34.64694595336914,32.429603576660156,131.42257690429688,67.67205810546875
2022-12-14,50.86385726928711,104.25921630859375,210.03170776367188,145.1559295654297,55.817996978759766,172.80970764160156,133.68814086914062,217.59144592285156,33.53627395629883,64.26956939697266,82.9820556640625,47.17612075805664,52.86572265625,55.36239242553711,55.785972595214844,44.38394546508789,75.18441009521484,20.95292091369629,137.42477416992188,128.1067352294922,380.1541442871094,38.83791732788086,51.11433792114258,83.36590576171875,189.7615203857422,36.02646255493164,38.06333541870117,48.02007293701172,37.89787292480469,32.52144241333008,95.45628356933594,65.31863403320312,69.21195983886719,34.313385009765625,32.389442443847656,131.6292724609375,67.16857147216797
2022-12-15,49.62571334838867,101.68233489990234,204.67970275878906,142.24267578125,54.139034271240234,168.484375,130.66168212890625,211.45718383789062,33.26390838623047,62.83729553222656,81.4441146850586,45.39625549316406,51.08320617675781,54.42678451538086,54.678489685058594,43.4109001159668,73.18157958984375,20.659809112548828,134.4095001220703,124.91938781738281,370.8550109863281,37.824989318847656,49.72642135620117,81.3058853149414,185.03411865234375,35.32987594604492,36.9017333984375,46.147666931152344,37.66852951049805,31.883033752441406,93.1492919921875,62.87544631958008,68.03624725341797,33.918373107910156,31.99673080444336,129.21466064453125,66.06474304199219
2022-12-16,49.66213607788086,100.92442321777344,202.2722625732422,140.64083862304688,53.48365020751953,167.22802734375,129.5841827392578,210.18734741210938,32.780677795410156,62.44501876831055,80.34288024902344,44.868167877197266,50.961246490478516,53.4821891784668,54.37644958496094,43.4567985534668,72.71087646484375,20.171295166015625,132.78445434570312,123.52194213867188,366.4766540527344,37.53177261352539,49.09877014160156,80.54496765136719,182.91722106933594,35.285213470458984,36.743751525878906,46.138065338134766,37.20545196533203,31.63893699645996,92.752197265625,62.0432014465332,67.70166015625,32.91767120361328,31.45230484008789,127.33558654785156,64.83018493652344
2022-12-19,49.34349822998047,100.3370590209961,200.48828125,139.71348571777344,52.79636001586914,164.96470642089844,128.2911376953125,206.6611328125,32.80703353881836,62.51799392700195,79.95365142822266,44.31073760986328,50.24824142456055,53.39222717285156,54.46797561645508,43.117149353027344,72.16633605957031,19.975889205932617,131.6978759765625,122.2297592163086,363.3690185546875,37.45086669921875,49.03464889526367,80.05699920654297,181.07559204101562,35.353294372558594,36.26628494262695,45.05806350708008,37.200992584228516,31.553913116455078,92.2638931274414,61.21589279174805,67.65882873535156,32.52794647216797,31.32721519470215,126.86009979248047,63.78938293457031
2022-12-20,50.04450607299805,100.71600341796875,200.7664337158203,140.1537628173828,52.79145050048828,165.8374481201172,128.72215270996094,208.18490600585938,33.2726936340332,62.99238204956055,79.98212432861328,44.349857330322266,50.38896179199219,53.5181770324707,54.458824157714844,42.56636428833008,72.71087646484375,19.8781795501709,131.8299560546875,121.1577377319336,363.8662414550781,37.63066101074219,49.12369918823242,80.24394989013672,181.4552764892578,35.23529815673828,36.504783630371094,45.3660888671875,37.76240539550781,31.686172485351562,92.37789916992188,61.308631896972656,67.60417175292969,32.45692443847656,31.336225509643555,126.83181762695312,63.04662322998047
2022-12-21,49.9716682434082,102.0423355102539,203.78773498535156,142.13963317871094,53.63338088989258,168.69537353515625,130.62423706054688,211.906494140625,33.97557067871094,64.06886291503906,80.89349365234375,45.00508117675781,51.08320617675781,54.15690231323242,54.916465759277344,43.465972900390625,73.51384735107422,20.109121322631836,133.8672332763672,122.72749328613281,369.30694580078125,38.00822448730469,49.80929946899414,81.29095458984375,184.19871520996094,35.56205368041992,36.822784423828125,45.96288299560547,38.47978973388672,32.17742919921875,94.11638641357422,62.323856353759766,68.2782211303711,32.785396575927734,31.77263641357422,128.5016632080078,64.051513671875
2022-12-22,49.82600784301758,100.90548706054688,200.852783203125,140.81884765625,52.61471939086914,166.48960876464844,129.23751831054688,208.73190307617188,33.35176467895508,63.503265380859375,80.77008056640625,43.9293327331543,50.67979431152344,53.87802505493164,54.68763732910156,43.181400299072266,72.655517578125,20.00253677368164,132.41473388671875,120.65045166015625,364.03839111328125,37.67560577392578,49.373008728027344,80.30940246582031,181.58612060546875,35.2443733215332,36.467376708984375,45.5682258605957,37.593101501464844,31.894014358520508,92.91938781738281,60.7522087097168,68.12338256835938,32.6255989074707,31.579181671142578,128.3223876953125,62.40581512451172
2022-12-23,49.8624267578125,101.27496337890625,202.04208374023438,141.81178283691406,52.80617904663086,167.24725341796875,130.0432891845703,209.22032165527344,34.23915481567383,63.868167877197266,80.7985610961914,43.94889450073242,50.98938751220703,54.32783126831055,54.99884033203125,42.924373626708984,73.14466094970703,20.180171966552734,133.2635955810547,120.69829559326172,366.1323547363281,37.864383697509766,49.533287048339844,80.6833267211914,182.5876922607422,35.17176055908203,36.71989059448242,46.01099395751953,38.79169464111328,32.073509216308594,93.47039794921875,60.8156623840332,68.47860717773438,32.91856384277344,31.903108596801758,128.39788818359375,62.8330078125
2022-12-27,49.63482666015625,101.71075439453125,201.1980438232422,141.98973083496094,52.30052947998047,166.12515258789062,129.5373077392578,207.28627014160156,34.50273895263672,64.02325439453125,80.55172729492188,43.53815841674805,50.82051467895508,54.480770111083984,55.14528274536133,44.613441467285156,73.54154205322266,20.162412643432617,133.3485107421875,120.49730682373047,364.6885681152344,37.936302185058594,49.631229400634766,80.6739730834961,181.8245849609375,35.72543716430664,36.75263977050781,45.59709930419922,39.20607376098633,32.06406021118164,93.75540924072266,60.239715576171875,68.80653381347656,32.89193344116211,32.10106658935547,128.0676727294922,61.81355667114258
2022-12-28,49.043060302734375,100.34652709960938,198.7426300048828,140.3691864013672,51.61323547363281,163.54534912109375,127.4759750366211,204.24842834472656,33.84378433227539,63.63098907470703,80.02959442138672,42.81447982788086,50.060604095458984,53.967987060546875,54.504581451416016,43.29156494140625,72.54475402832031,19.8781795501709,131.43380737304688,118.87012481689453,360.1562194824219,37.50480270385742,49.17711639404297,79.66436767578125,179.53533935546875,35.20806121826172,36.191463470458984,44.93292999267578,38.32829284667969,31.950698852539062,92.52989959716797,59.26842498779297,67.9503173828125,32.368141174316406,31.795127868652344,127.23750305175781,61.29411697387695
2022-12-29,49.95345687866211,101.60653686523438,202.38735961914062,142.38316345214844,52.7349853515625,167.68841552734375,130.45559692382812,209.9626922607422,34.09857940673828,64.39729309082031,80.9599380493164,43.958675384521484,51.411563873291016,54.561737060546875,54.94392013549805,44.42066192626953,73.21851348876953,20.295644760131836,133.77293395996094,121.64588928222656,366.63916015625,38.09811782836914,49.96957778930664,81.03854370117188,182.83567810058594,35.816200256347656,36.584285736083984,46.17463684082031,38.72931671142578,32.39472579956055,93.6698989868164,60.82054901123047,68.24179077148438,33.08723831176758,32.02457809448242,128.62429809570312,62.871856689453125
2022-12-30,49.56199264526367,100.88652801513672,201.9174346923828,142.0552978515625,52.58772277832031,167.2184600830078,129.93087768554688,209.54266357421875,34.25673294067383,64.1144790649414,80.58021545410156,43.8413200378418,51.092586517333984,54.12990951538086,54.58695983886719,43.60367202758789,72.60013580322266,20.171295166015625,133.2258758544922,120.58344268798828,365.67340087890625,37.72954177856445,49.36410903930664,80.5711441040039,182.36827087402344,35.380523681640625,36.32707595825195,46.19388961791992,38.97438049316406,32.3096923828125,93.29939270019531,60.73756790161133,67.90476989746094,32.785396575927734,31.718639373779297,128.16204833984375,62.70195770263672
2023-01-03,49.7986946105957,101.3128433227539,200.9198760986328,142.00848388671875,52.1900634765625,166.29779052734375,129.5373077392578,207.71603393554688,33.149688720703125,64.41554260253906,80.61817932128906,43.49903869628906,51.8994140625,54.07593536376953,54.504581451416016,45.081607818603516,72.60934448242188,20.12688446044922,133.103271484375,121.1577377319336,364.13397216796875,37.936302185058594,49.987388610839844,80.61788177490234,181.624267578125,35.76173400878906,36.289669036865234,46.79068374633789,37.60646438598633,32.42305374145508,93.49888610839844,60.16162109375,67.64971923828125,32.9096794128418,31.718639373779297,127.7940902709961,62.3281364440918
2023-01-04,49.30707931518555,102.15602111816406,202.6367645263672,143.6758575439453,52.3741569519043,168.3693084716797,131.34568786621094,210.07989501953125,33.03546905517578,65.8295669555664,80.8650131225586,43.78264617919922,53.09088134765625,54.6427001953125,54.870697021484375,47.74372100830078,73.8092041015625,20.517702102661133,135.1782684326172,124.59394836425781,366.94512939453125,38.50265121459961,50.940120697021484,81.6087875366211,183.236328125,36.68754959106445,36.92099380493164,47.666629791259766,37.602020263671875,32.942657470703125,94.32539367675781,60.317813873291016,67.91386413574219,33.66428756713867,32.006591796875,128.1337127685547,63.23109436035156
2023-01-05,48.64249038696289,101.18022155761719,200.24851989746094,142.6361083984375,51.527320861816406,166.56629943847656,130.09014892578125,207.57928466796875,33.45719909667969,65.22745513916016,80.03909301757812,43.00028610229492,52.80943298339844,53.608131408691406,54.413063049316406,47.707008361816406,73.2831039428711,20.073591232299805,133.77293395996094,123.76123046875,362.7571105957031,38.071144104003906,50.477108001708984,80.76746368408203,181.0901336669922,36.57863235473633,36.336429595947266,47.734012603759766,38.2881965637207,32.6970329284668,93.30889892578125,59.146400451660156,67.2307357788086,32.67886734008789,31.31372833251953,126.82240295410156,62.6436882019043
2023-01-06,49.8624267578125,103.81394958496094,204.70848083496094,145.5961456298828,52.74972152709961,170.30657958984375,132.97604370117188,212.58050537109375,34.15129470825195,66.63235473632812,80.94097137451172,44.398746490478516,53.72883987426758,54.723663330078125,55.648677825927734,47.97322082519531,76.0243148803711,20.482166290283203,136.9797821044922,126.47956848144531,371.0758361816406,39.12294006347656,51.821624755859375,82.61837005615234,185.08677673339844,37.20492172241211,37.585060119628906,48.513694763183594,39.01448440551758,33.424468994140625,95.86439514160156,60.87911605834961,69.02511596679688,33.6287727355957,31.9435977935791,127.99219512939453,64.1146240234375
2023-01-09,49.9716682434082,104.05078125,204.75643920898438,145.00604248046875,53.02464294433594,170.59429931640625,132.7605743408203,213.61590576171875,34.21279525756836,66.78743743896484,79.88719940185547,44.96595764160156,53.94461441040039,55.03852462768555,55.42901611328125,48.14763641357422,76.60576629638672,20.517702102661133,137.03639221191406,127.09215545654297,370.865478515625,39.29374313354492,52.15107727050781,82.8146743774414,185.1630859375,37.40460205078125,37.82355880737305,48.59070587158203,38.87635803222656,33.30165481567383,95.43689727783203,61.58683776855469,68.3510971069336,33.61102294921875,32.15956115722656,125.85066223144531,64.50301361083984
2023-01-10,49.85331726074219,104.4581527709961,206.26226806640625,146.05519104003906,53.417381286621094,173.11656188964844,134.41900634765625,217.1031036376953,34.41487121582031,67.07023620605469,80.4188232421875,45.210445404052734,54.4136962890625,55.0565185546875,55.346641540527344,48.6341552734375,77.15031433105469,20.49993324279785,138.06446838378906,128.35560607910156,373.4662780761719,39.39262771606445,52.400390625,83.26339721679688,186.62246704101562,37.66781997680664,38.20235824584961,49.32225799560547,39.15261459350586,33.49060821533203,95.95940399169922,61.96754837036133,68.260009765625,33.70867919921875,32.168556213378906,126.90729522705078,65.31370544433594
2023-01-11,50.25389099121094,105.47185516357422,209.05337524414062,147.33847045898438,54.36240768432617,175.27439880371094,136.0774688720703,219.64273071289062,34.55545425415039,67.38953399658203,80.63717651367188,45.98302459716797,55.014122009277344,55.551307678222656,55.502235412597656,49.02888870239258,78.04558563232422,21.13944435119629,139.74330139160156,130.84422302246094,378.1898498535156,39.68928527832031,52.77436065673828,84.1047134399414,189.0834503173828,37.82212448120117,38.80095291137695,49.678409576416016,39.27290725708008,33.80236053466797,96.88090515136719,63.04134750366211,68.29644775390625,34.93379592895508,32.42950439453125,127.62429809570312,67.075927734375
2023-01-12,51.464717864990234,106.40975189208984,209.92617797851562,148.03167724609375,54.5955924987793,178.21868896484375,138.36367797851562,223.56947326660156,35.21440887451172,68.14672088623047,80.58970642089844,46.41332244873047,55.34248733520508,55.62327575683594,55.47478103637695,48.67088317871094,78.87625885009766,21.441438674926758,140.27154541015625,131.67698669433594,379.5667419433594,40.264617919921875,53.42435073852539,84.70299530029297,189.99913024902344,37.99457550048828,38.9459228515625,50.227081298828125,40.0214729309082,33.86849594116211,97.45088958740234,63.50990676879883,67.75902557373047,35.32442092895508,32.209049224853516,127.21856689453125,67.18758392333984
2023-01-13,51.6832160949707,106.56133270263672,210.71266174316406,148.45318603515625,54.895057678222656,179.38870239257812,139.01956176757812,225.3667755126953,35.29347610473633,68.69408416748047,81.16880798339844,46.60890579223633,55.736515045166016,55.407371520996094,55.74936294555664,49.460330963134766,79.30081939697266,21.30820655822754,140.60166931152344,132.28956604003906,381.0392761230469,40.47138214111328,53.673667907714844,85.1423568725586,190.8099365234375,38.24871826171875,39.184417724609375,50.390716552734375,40.07939910888672,34.123565673828125,97.3368911743164,63.69050979614258,68.07782745361328,35.120235443115234,32.09206771850586,127.7846450805664,67.81869506835938
2023-01-17,52.17483139038086,106.14449310302734,210.4920654296875,147.73191833496094,54.98097610473633,179.16812133789062,138.6728515625,225.15187072753906,35.3374137878418,68.38391876220703,81.03590393066406,46.736045837402344,55.47383117675781,55.263431549072266,55.92326354980469,48.85447692871094,78.59937286376953,21.441438674926758,140.2904052734375,132.59585571289062,380.3412780761719,40.58824920654297,53.807228088378906,85.12364196777344,190.55239868164062,38.04903793334961,38.791595458984375,49.91905212402344,40.1640625,33.8968391418457,96.51039123535156,63.97847366333008,68.12338256835938,35.129112243652344,32.047080993652344,127.19031524658203,67.86724090576172
2023-01-18,52.10199737548828,105.50027465820312,207.1638641357422,145.10906982421875,54.26667785644531,176.27182006835938,136.27420043945312,221.88938903808594,34.81024932861328,67.51725769042969,80.20047760009766,46.21773147583008,55.032894134521484,54.2288703918457,54.751708984375,48.24861145019531,78.33171081542969,21.183856964111328,138.13047790527344,131.10267639160156,374.33636474609375,40.40846252441406,53.64695358276367,84.20755004882812,187.54771423339844,37.82212448120117,38.24444580078125,49.3126335144043,39.42885971069336,33.26386642456055,94.69589233398438,63.153594970703125,66.26521301269531,34.58757019042969,31.277734756469727,125.39784240722656,66.98369598388672
2023-01-19,52.07468032836914,103.8328857421875,205.5045623779297,144.14422607421875,53.78556823730469,174.58387756347656,135.27163696289062,219.1738739013672,35.179264068603516,67.10672760009766,80.32389068603516,45.74831771850586,55.34248733520508,54.057945251464844,54.57781219482422,49.1390380859375,78.21173095703125,21.12168312072754,136.7062530517578,130.1455078125,371.6113586425781,40.36350631713867,53.37983322143555,83.83361053466797,186.02154541015625,38.12165069580078,37.9498176574707,49.56290054321289,39.91899490356445,32.876529693603516,92.74839782714844,62.41658020019531,65.63671875,34.41889190673828,30.962797164916992,125.69974517822266,65.87198638916016
2023-01-20,52.666446685791016,105.04552459716797,209.47537231445312,146.16757202148438,55.08406066894531,177.46104431152344,137.4547882080078,223.04202270507812,35.504337310791016,67.95515441894531,80.64665222167969,46.93163299560547,57.03118896484375,54.32783126831055,54.87984848022461,50.194705963134766,79.41156768798828,21.343734741210938,139.08309936523438,132.34698486328125,378.53411865234375,40.77703094482422,53.83393859863281,85.13301849365234,189.58897399902344,38.56640625,38.71209716796875,51.11263656616211,40.3155632019043,33.39613342285156,94.04039001464844,64.10535430908203,66.14680480957031,34.818389892578125,31.147254943847656,126.3318099975586,67.46916198730469
2023-01-23,52.520782470703125,105.83184814453125,212.09384155273438,147.60076904296875,55.96281051635742,179.65724182128906,138.69163513183594,226.60731506347656,35.539485931396484,68.38391876220703,80.90299224853516,48.017147064208984,57.762962341308594,54.27384948730469,54.980533599853516,50.7822151184082,79.5500259399414,21.530258178710938,140.84686279296875,134.07945251464844,383.075927734375,40.94783401489258,54.083255767822266,85.93694305419922,191.9927215576172,38.8477783203125,38.83835983276367,52.007835388183594,40.36902618408203,33.78346633911133,95.06639862060547,65.56475830078125,66.3563003540039,34.916046142578125,31.156259536743164,126.7657699584961,68.52259826660156
2023-01-24,52.875831604003906,106.53292846679688,211.9020233154297,147.4415283203125,55.83517837524414,179.2736358642578,138.56044006347656,225.63052368164062,35.35498809814453,68.5298843383789,80.26693725585938,47.89979553222656,57.56594467163086,54.471763610839844,55.044593811035156,50.72713088989258,79.7530746459961,21.601316452026367,140.51673889160156,134.24217224121094,382.6648254394531,40.9388427734375,53.931880950927734,85.8528060913086,191.6779327392578,38.88408279418945,38.86174392700195,51.86345672607422,40.21307373046875,33.80236053466797,95.69340515136719,65.53547668457031,66.62955474853516,35.06697082519531,31.31372833251953,125.92616271972656,68.4449462890625
2023-01-25,53.51311111450195,106.03080749511719,211.85406494140625,147.7413330078125,55.773807525634766,179.77232360839844,139.02894592285156,226.10916137695312,35.29347610473633,68.9677734375,80.44729614257812,47.85090637207031,57.75357437133789,54.19288635253906,55.2093505859375,50.85565185546875,80.19609069824219,21.592432022094727,140.8374481201172,134.73033142089844,382.8082580566406,41.145606994628906,54.145591735839844,86.0117416381836,191.77334594726562,38.893150329589844,38.94124221801758,52.04634475708008,40.217529296875,34.06688690185547,95.16139221191406,65.39879608154297,66.79352569580078,35.10247802734375,30.89082145690918,125.96388244628906,68.79447174072266
2023-01-26,53.403865814208984,106.48555755615234,214.19436645507812,148.8841094970703,56.571563720703125,180.8368682861328,139.7129364013672,227.62318420410156,36.17208480834961,69.47864532470703,80.40933990478516,48.60391616821289,58.4102897644043,54.33682632446289,54.87984848022461,51.590030670166016,80.74987030029297,21.770076751708984,141.96925354003906,136.79779052734375,387.0154113769531,41.271461486816406,54.207908630371094,86.74088287353516,193.74778747558594,39.192684173583984,39.12831115722656,52.854896545410156,41.48741912841797,34.24638748168945,95.68388366699219,66.44330596923828,66.55668640136719,35.501976013183594,30.99428939819336,126.19974517822266,70.20227813720703
2023-01-27,53.549530029296875,106.43817901611328,214.89451599121094,148.76231384277344,56.99620819091797,181.81507873535156,140.56558227539062,228.71717834472656,35.7152099609375,69.56986236572266,79.86820220947266,48.779945373535156,58.96381378173828,54.14790725708008,54.56865692138672,51.47068786621094,80.21456146240234,22.045425415039062,142.23336791992188,138.8269805908203,387.9047546386719,41.22651672363281,54.02983856201172,86.79698181152344,194.52999877929688,38.92947006225586,39.00203323364258,53.220672607421875,40.64973449707031,34.24638748168945,96.08290100097656,66.72150421142578,66.36541748046875,35.82157897949219,30.99428939819336,125.34123992919922,71.79460144042969
2023-01-30,53.230892181396484,105.68974304199219,212.06507873535156,147.31979370117188,56.04627227783203,179.28318786621094,139.02894592285156,225.02490234375,35.073829650878906,69.02252197265625,79.27961730957031,47.85090637207031,57.762962341308594,53.81504821777344,54.66019058227539,49.53377151489258,79.7992172241211,21.787837982177734,140.7242431640625,136.3096466064453,383.0376892089844,40.884910583496094,53.70038604736328,85.74063110351562,191.9259796142578,38.230567932128906,38.7354736328125,52.383243560791016,39.718482971191406,34.07633590698242,95.14239501953125,65.44760131835938,66.44739532470703,35.386558532714844,30.85482406616211,124.2091293334961,70.57124328613281
2023-01-31,53.412960052490234,107.0539779663086,215.32614135742188,149.36184692382812,56.966758728027344,183.63726806640625,142.4863739013672,230.4852294921875,35.3374137878418,69.6246109008789,80.14350891113281,48.4865608215332,58.222660064697266,54.17490005493164,55.39240646362305,49.184940338134766,80.59295654296875,22.080949783325195,143.11053466796875,138.52069091796875,388.6696472167969,41.13661575317383,54.083255767822266,86.73152160644531,194.99734497070312,38.330406188964844,39.58659744262695,53.01853561401367,40.07048797607422,34.53925704956055,96.75736999511719,66.36034393310547,67.16696166992188,36.034637451171875,31.084266662597656,125.81293487548828,72.18782043457031
2023-02-01,53.59504699707031,108.06768035888672,217.781494140625,150.25172424316406,57.96332550048828,186.52398681640625,144.18235778808594,234.49008178710938,34.766319274902344,69.99864196777344,80.26693725585938,49.6112060546875,59.010719299316406,54.33682632446289,55.648677825927734,50.32322692871094,81.45132446289062,22.249710083007812,144.57247924804688,140.62644958496094,392.8003845214844,41.505191802978516,54.706539154052734,87.6756820678711,197.37246704101562,38.720703125,39.848487854003906,53.64421081542969,39.28182601928711,34.53925704956055,97.46038818359375,67.92222595214844,67.70439147949219,36.300968170166016,31.138267517089844,126.40730285644531,73.55681610107422
2023-02-02,53.467594146728516,109.02452850341797,221.12887573242188,151.33834838867188,59.36981964111328,190.19711303710938,147.06822204589844,239.32521057128906,33.97557067871094,69.90740203857422,79.69731140136719,50.9118766784668,61.66573715209961,54.471763610839844,55.12697219848633,49.41443634033203,80.56527709960938,22.69381332397461,146.1570587158203,143.00018310546875,398.5183410644531,41.4962043762207,54.804481506347656,88.38613891601562,200.3199005126953,38.44841003417969,39.722225189208984,57.16722869873047,38.3862190246582,34.633724212646484,98.22039031982422,69.7769546508789,67.12141418457031,37.135475158691406,31.205747604370117,125.54879760742188,75.80935668945312
2023-02-03,52.857627868652344,107.92556762695312,218.75985717773438,150.06436157226562,58.554893493652344,188.92156982421875,146.5060272216797,237.02976989746094,33.89650344848633,69.51513671875,79.53593444824219,50.344661712646484,60.46487045288086,53.35624313354492,54.87984848022461,48.23025131225586,79.28236389160156,22.28523826599121,144.36492919921875,140.1287078857422,394.28240966796875,41.02873611450195,54.261329650878906,87.40459442138672,198.25,37.84028244018555,39.0067253112793,56.02177047729492,38.30156326293945,34.56759262084961,97.7073745727539,69.19612884521484,66.8572769165039,36.36311340332031,30.553380966186523,125.18085479736328,73.47429656982422
2023-02-06,52.3751106262207,107.27188873291016,217.2252197265625,149.16514587402344,58.1106071472168,186.1883087158203,144.46339416503906,233.4839630126953,33.755924224853516,69.03162384033203,79.16569519042969,49.62098693847656,59.60176467895508,53.590145111083984,54.78831481933594,47.59684753417969,78.21173095703125,22.143123626708984,143.34632873535156,139.31512451171875,391.8728332519531,40.58824920654297,53.673667907714844,86.6193618774414,196.76199340820312,37.44997787475586,38.576473236083984,55.34797286987305,38.127784729003906,34.55815124511719,97.46989440917969,68.35171508789062,66.93926239013672,36.132293701171875,30.814329147338867,124.48271179199219,73.36749267578125
2023-02-07,53.13984680175781,107.58451080322266,220.07382202148438,150.5514678955078,59.06790542602539,187.56932067871094,145.22235107421875,235.7696990966797,34.75753402709961,69.73408508300781,79.7258071899414,50.72605514526367,60.63374328613281,53.57215118408203,54.605262756347656,47.83552169799805,79.13468170166016,22.080949783325195,144.6856689453125,139.82241821289062,396.99798583984375,40.9658088684082,54.06544494628906,87.5448226928711,199.24205017089844,37.5225944519043,39.09556579589844,56.3779182434082,39.366493225097656,34.95492935180664,97.7739028930664,70.0600357055664,66.65690612792969,35.99024963378906,30.800832748413086,125.28461456298828,73.53739166259766
2023-02-08,52.557193756103516,106.70345306396484,217.74314880371094,149.22132873535156,58.31678771972656,184.8264617919922,143.1797332763672,232.155517578125,34.61695861816406,69.69758605957031,79.63086700439453,50.20774459838867,59.10453796386719,52.88844680786133,54.29407501220703,47.36735153198242,78.42400360107422,22.036542892456055,143.26144409179688,138.4728240966797,392.6568603515625,40.72309494018555,53.84284591674805,86.82501220703125,197.11495971679688,37.44997787475586,38.78224563598633,54.606781005859375,39.01448440551758,34.747093200683594,97.22289276123047,69.21563720703125,66.14680480957031,35.89259719848633,30.283430099487305,124.91671752929688,72.9111557006836
2023-02-09,52.611820220947266,106.6750259399414,215.63307189941406,147.60076904296875,57.882320404052734,182.15072631835938,141.02468872070312,228.96141052246094,34.50273895263672,69.31443786621094,79.12771606445312,50.061058044433594,58.288330078125,52.393653869628906,54.08356475830078,48.35877227783203,77.82408905029297,21.77895736694336,141.95042419433594,138.85568237304688,389.2528991699219,40.75905227661133,53.931880950927734,86.39500427246094,195.1977081298828,37.59520721435547,38.22106170654297,53.41319274902344,38.6802978515625,34.359745025634766,96.34889221191406,68.83493041992188,65.8553237915039,35.546363830566406,29.86951446533203,123.82234191894531,72.77523803710938
2023-02-10,52.91225051879883,106.92134094238281,216.0262908935547,148.58433532714844,57.65159225463867,182.51515197753906,141.3994903564453,229.2153778076172,35.70642852783203,69.18671417236328,79.554931640625,49.71877670288086,57.612850189208984,53.113346099853516,54.431365966796875,47.09196472167969,77.31645202636719,21.796722412109375,142.38427734375,136.7307891845703,390.1613464355469,40.64218521118164,53.4955940246582,86.236083984375,195.55064392089844,37.277530670166016,38.36135482788086,52.90302658081055,40.19525146484375,34.473121643066406,97.03290557861328,68.51768493652344,66.46560668945312,35.61738204956055,30.463394165039062,124.99219512939453,71.92082214355469
2023-02-13,52.88493728637695,108.06768035888672,218.4912872314453,149.923828125,58.476341247558594,184.71139526367188,143.02049255371094,232.17503356933594,35.6800651550293,70.00774383544922,80.20996856689453,50.53047180175781,58.36338424682617,53.47319412231445,55.11781692504883,47.936500549316406,77.94406127929688,21.992128372192383,143.97824096679688,138.4632568359375,394.7414245605469,40.9927864074707,54.252437591552734,87.1895751953125,197.8780059814453,37.61336135864258,38.56244659423828,53.653839111328125,40.0927734375,34.86990737915039,97.91639709472656,69.70372772216797,67.22161865234375,35.94586181640625,30.647863388061523,126.02991485595703,72.9742660522461
2023-02-14,52.62092590332031,107.93504333496094,218.5967559814453,149.46482849121094,58.72425842285156,184.6250457763672,142.63629150390625,232.55599975585938,35.7415657043457,69.83442687988281,79.88719940185547,50.77495574951172,58.269569396972656,53.42820358276367,54.870697021484375,47.50505447387695,78.03636169433594,21.832252502441406,143.70472717285156,139.61184692382812,394.5597229003906,41.02873611450195,54.510650634765625,87.24566650390625,197.954345703125,37.50444030761719,38.651302337646484,53.673091888427734,40.10614013671875,34.680965423583984,97.65038299560547,70.00147247314453,66.6113510131836,35.57299041748047,30.517385482788086,125.28461456298828,73.84809112548828
2023-02-15,52.10199737548828,108.30452728271484,219.65182495117188,149.83023071289062,59.141544342041016,186.49520874023438,143.9574432373047,235.1543426513672,35.30226516723633,69.38741302490234,79.44100952148438,50.823856353759766,58.69174575805664,53.52716827392578,54.95307159423828,47.128684997558594,77.95330047607422,21.814485549926758,144.3838348388672,140.2435760498047,395.841064453125,40.82197952270508,54.45722961425781,87.29241180419922,198.8414306640625,37.32291030883789,38.81965637207031,54.16400146484375,39.424407958984375,34.71875,98.25837707519531,70.32847595214844,66.73886108398438,35.670654296875,30.715343475341797,124.66197204589844,74.71220397949219
2023-02-16,51.92901611328125,107.34765625,216.59217834472656,148.3408203125,58.086063385009766,184.71139526367188,142.851806640625,232.51693725585938,34.97718811035156,69.00426483154297,78.63406372070312,49.963260650634766,58.03502655029297,53.08635711669922,54.49543762207031,47.06442642211914,77.81484985351562,21.699020385742188,142.75213623046875,138.85568237304688,390.3907470703125,40.63319778442383,54.145591735839844,86.46043395996094,196.18968200683594,37.250301361083984,38.38006591796875,53.336185455322266,39.03676986694336,34.369205474853516,97.24189758300781,69.10826110839844,66.25611114501953,35.34217834472656,30.48139190673828,123.41668701171875,73.0810546875
2023-02-17,51.91081619262695,107.76451873779297,215.9975128173828,148.20030212402344,57.75959014892578,185.2196807861328,143.2172088623047,233.11277770996094,33.931644439697266,69.04076385498047,79.40303039550781,49.38627243041992,57.73481369018555,53.71609115600586,55.09952163696289,46.11891555786133,77.33490753173828,21.663490295410156,142.4502410888672,138.673828125,389.41552734375,40.696128845214844,54.44831848144531,86.26411437988281,195.61740112304688,36.950767517089844,38.019981384277344,53.27842712402344,37.646575927734375,34.37864685058594,97.87838745117188,68.2443618774414,67.11231231689453,35.16461944580078,30.809829711914062,124.52047729492188,73.09563446044922
2023-02-21,51.273536682128906,105.75606536865234,211.47035217285156,145.51187133789062,56.436553955078125,179.75314331054688,139.2444610595703,225.87472534179688,33.74714660644531,68.10111236572266,78.43470001220703,48.18340301513672,56.665306091308594,53.07736587524414,54.870697021484375,45.62321472167969,76.62422943115234,21.281557083129883,139.3566131591797,134.663330078125,381.60345458984375,40.183719635009766,53.82504653930664,84.80583190917969,191.56349182128906,36.54231643676758,37.39332580566406,52.104095458984375,37.45943069458008,33.67009735107422,95.63639831542969,66.6239013671875,66.8572769165039,34.47215270996094,30.23394203186035,122.90724182128906,70.65376281738281
2023-02-22,50.89116668701172,105.263427734375,211.30731201171875,145.18402099609375,56.48319625854492,180.2422637939453,139.60049438476562,226.7245330810547,33.43084716796875,67.63584899902344,78.21634674072266,48.105159759521484,56.58086395263672,52.73550796508789,54.87984848022461,45.347816467285156,76.18120574951172,21.157209396362305,139.18682861328125,134.5771942138672,381.0775451660156,39.949989318847656,53.4955940246582,84.52537536621094,191.4013214111328,36.38801956176758,37.673912048339844,52.20997619628906,37.20991134643555,33.63230514526367,95.3989028930664,66.5262680053711,66.757080078125,34.16144561767578,30.116966247558594,122.49211883544922,71.01302337646484
2023-02-23,51.4009895324707,106.12554931640625,212.41993713378906,145.48379516601562,56.95447540283203,181.52735900878906,140.30322265625,228.52182006835938,33.87014389038086,67.92777252197266,78.41571044921875,48.90707778930664,56.23374557495117,52.71751403808594,54.7974739074707,45.090789794921875,76.00584411621094,21.290435791015625,139.70558166503906,134.806884765625,383.1046447753906,40.183719635009766,53.83393859863281,84.97408294677734,192.42193603515625,36.515098571777344,37.715999603271484,51.969337463378906,37.77132034301758,33.66065216064453,95.84540557861328,67.62934875488281,66.67509460449219,34.48991394042969,29.95949935913086,122.82233428955078,70.95475769042969
2023-02-24,50.63625717163086,104.875,210.09881591796875,144.5845184326172,56.070823669433594,179.82986450195312,138.8977508544922,226.4901123046875,33.85256576538086,67.48988342285156,77.35245513916016,47.95847702026367,55.511348724365234,52.582576751708984,54.312381744384766,43.84234619140625,74.96290588378906,21.02397346496582,138.5077667236328,131.9545440673828,379.0121765136719,39.554443359375,52.90791702270508,83.87101745605469,190.2757568359375,35.816200256347656,37.968536376953125,51.247406005859375,37.722320556640625,33.688995361328125,95.29438781738281,66.42377471923828,66.2287826538086,33.8507194519043,29.96849822998047,121.2374038696289,69.83819580078125
2023-02-27,51.1187744140625,106.09712219238281,210.78941345214844,144.54702758789062,56.42674255371094,180.4628143310547,139.30064392089844,227.5548095703125,34.01072311401367,67.95515441894531,77.2290267944336,48.261634826660156,55.76466369628906,52.447628021240234,54.403907775878906,44.40230941772461,75.57205200195312,21.068387985229492,138.67750549316406,133.76358032226562,380.3030090332031,39.994937896728516,53.69147872924805,84.33842468261719,190.9530029296875,35.997737884521484,38.09478759765625,51.41103744506836,37.83370590209961,33.6795539855957,96.139892578125,66.78010559082031,66.15591430664062,33.903995513916016,29.766035079956055,120.86947631835938,70.70232391357422
2023-02-28,50.92757797241211,105.68974304199219,210.19471740722656,144.0973663330078,56.289283752441406,180.472412109375,139.2350616455078,227.65248107910156,33.588985443115234,68.00076293945312,76.51702117919922,48.12472152709961,55.72713851928711,51.691951751708984,53.92796325683594,43.934139251708984,75.71973419189453,21.041744232177734,138.27195739746094,133.13185119628906,378.8974609375,39.70726013183594,53.15723419189453,83.97386169433594,190.3139190673828,35.77989196777344,38.267822265625,51.4976806640625,37.29011535644531,33.74568176269531,95.92139434814453,66.63367462158203,65.60938262939453,33.921749114990234,29.244142532348633,119.97322845458984,70.65376281738281
2023-03-01,51.009521484375,106.44766235351562,209.32192993164062,143.81637573242188,55.9529914855957,180.70257568359375,138.944580078125,228.59024047851562,34.16008758544922,67.87303924560547,76.35563659667969,47.909584045410156,55.81157302856445,50.81032943725586,53.66253662109375,45.63239288330078,76.99341583251953,20.784162521362305,138.01727294921875,133.1031494140625,377.44403076171875,39.9589729309082,53.4955940246582,84.14210510253906,190.7717742919922,36.4969482421875,38.5671272277832,51.10302734375,38.02530288696289,33.63230514526367,96.3013916015625,66.14558410644531,65.12662506103516,33.3979606628418,28.762739181518555,119.7751235961914,69.76537322998047
2023-03-02,51.06414794921875,107.30977630615234,210.9428253173828,144.8186798095703,56.402191162109375,181.13412475585938,139.2069854736328,229.2642059326172,34.450016021728516,67.4533920288086,76.71638488769531,48.46700668334961,56.12116622924805,51.5300178527832,54.3306884765625,46.284149169921875,77.78716278076172,20.944042205810547,139.10194396972656,132.99786376953125,380.3795471191406,40.02189636230469,53.53120803833008,84.58147430419922,191.06747436523438,36.660316467285156,39.0067253112793,51.58430480957031,38.359493255615234,33.471710205078125,97.4319076538086,66.96067810058594,66.019287109375,33.83296585083008,29.30712890625,120.51097106933594,69.53236389160156
2023-03-03,52.238563537597656,108.59819793701172,214.36697387695312,146.8233184814453,57.44540786743164,183.65643310546875,140.94973754882812,232.8295135498047,34.827816009521484,68.5298843383789,77.64674377441406,49.45473098754883,57.25634765625,52.25870895385742,54.44967269897461,46.36676788330078,79.04239654541016,21.237150192260742,141.05438232421875,135.51519775390625,386.4800109863281,40.606224060058594,54.21681213378906,85.79670715332031,194.17709350585938,36.932621002197266,39.56321716308594,52.710514068603516,38.88080978393555,34.00075912475586,98.48639678955078,68.40055084228516,66.07393646240234,34.40113067626953,29.806528091430664,121.86004638671875,71.02757263183594
2023-03-06,52.238563537597656,108.6361083984375,214.23272705078125,146.51419067382812,57.53868103027344,180.9711456298828,138.72909545898438,229.6353759765625,34.86296463012695,68.62110137939453,77.54232025146484,49.60142135620117,57.26572799682617,52.47462463378906,54.39475631713867,45.75172805786133,77.5841064453125,21.21050262451172,140.37527465820312,135.14190673828125,386.7476806640625,40.50733947753906,54.11886978149414,85.66586303710938,193.9195098876953,36.8055419921875,38.922542572021484,52.710514068603516,38.89863204956055,34.02909469604492,98.3058853149414,68.7275619506836,66.24700164794922,34.26797103881836,29.950496673583984,121.80345916748047,70.50814056396484
2023-03-07,51.774253845214844,107.01608276367188,211.02919006347656,144.0037078857422,56.79002380371094,178.87078857421875,136.94883728027344,227.43759155273438,34.23915481567383,67.17059326171875,76.30815887451172,48.90707778930664,56.383846282958984,51.61098861694336,53.69914627075195,44.751136779785156,75.75663757324219,20.77528190612793,138.111572265625,133.0265655517578,380.8193664550781,39.77018737792969,52.98805618286133,84.35712432861328,191.02932739257812,36.260948181152344,38.15559005737305,52.171478271484375,38.22135543823242,33.1505012512207,97.04239654541016,67.8734130859375,65.59117889404297,33.406837463378906,29.460102081298828,119.8411636352539,69.54692077636719
2023-03-08,52.411529541015625,107.3950424194336,211.34571838378906,143.94752502441406,56.98392868041992,178.9571075439453,137.0800018310547,227.40829467773438,34.019508361816406,67.0246353149414,76.07083129882812,49.38627243041992,56.47766876220703,51.988826751708984,53.799827575683594,44.41149139404297,76.32887268066406,20.890745162963867,138.4040069580078,133.05528259277344,381.44091796875,39.976959228515625,53.1661376953125,84.58147430419922,191.2772979736328,36.45155715942383,38.3426513671875,52.200355529785156,37.829254150390625,33.02768325805664,97.2704086303711,68.43470001220703,65.70049285888672,33.877349853515625,29.685047149658203,119.19963836669922,69.42070770263672
2023-03-09,52.320499420166016,106.54239654541016,207.27896118164062,140.90313720703125,55.98490524291992,173.97970581054688,132.85421752929688,221.7331085205078,33.588985443115234,65.22745513916016,75.4537582397461,48.65281295776367,55.258056640625,51.61998748779297,53.52524185180664,42.84175491333008,74.90752410888672,20.482166290283203,135.3480682373047,129.7626495361328,374.40338134765625,39.58140563964844,52.65860366821289,83.1885986328125,187.50003051757812,35.707271575927734,37.35590744018555,51.0260124206543,37.29456329345703,31.686172485351562,95.83589935302734,67.45365142822266,65.0901870727539,33.1049919128418,29.446605682373047,117.99208068847656,67.76528930664062
2023-03-10,51.69232177734375,104.60973358154297,203.93157958984375,138.7018280029297,55.017784118652344,168.96392822265625,129.340576171875,214.70016479492188,33.21997833251953,63.731327056884766,75.06452941894531,47.88023376464844,54.751441955566406,51.089210510253906,53.44287109375,42.89683151245117,73.88304138183594,19.8781795501709,132.49017333984375,128.84375,369.00091552734375,39.194847106933594,52.2401123046875,82.0387954711914,184.34274291992188,35.507598876953125,36.56090545654297,50.304080963134766,36.81779479980469,31.109888076782227,94.04989624023438,66.2676010131836,64.77140045166016,32.048545837402344,28.983192443847656,117.1241455078125,67.09049987792969
2023-03-13,51.200706481933594,103.86129760742188,203.4136199951172,137.2686004638672,55.33934020996094,166.2114715576172,126.39845275878906,212.68797302246094,32.49073028564453,61.824668884277344,75.62464904785156,48.163841247558594,54.89216232299805,51.82689666748047,53.73575973510742,43.26402282714844,73.88304138183594,20.109121322631836,130.8678741455078,128.62359619140625,368.47503662109375,38.97010803222656,51.86614990234375,81.77702331542969,183.57968139648438,35.47128677368164,36.18678283691406,50.304080963134766,36.069236755371094,29.881742477416992,93.51789093017578,66.62877655029297,65.09931945800781,32.563453674316406,29.428607940673828,118.21851348876953,67.23126983642578
2023-03-14,51.0550422668457,105.20658874511719,206.75143432617188,139.28260803222656,56.414466857910156,169.29002380371094,128.49729919433594,217.2202911376953,32.73674392700195,62.800811767578125,76.30815887451172,49.22002410888672,55.92415237426758,52.60956573486328,54.08356475830078,43.5026969909668,74.6583251953125,20.313411712646484,132.7071075439453,130.46136474609375,374.56597900390625,39.42858123779297,52.82778549194336,82.86141204833984,186.85140991210938,35.48944091796875,36.64976119995117,51.72869110107422,36.42570114135742,30.486370086669922,94.50589752197266,68.166259765625,65.69137573242188,32.90080642700195,29.815521240234375,119.27511596679688,68.37210083007812
2023-03-15,50.01718521118164,102.16548919677734,205.39903259277344,137.3154754638672,56.34819030761719,166.49920654296875,126.49217224121094,213.25450134277344,30.970754623413086,60.67522430419922,75.87147521972656,48.96575927734375,56.13054656982422,52.780487060546875,54.010337829589844,42.81421661376953,71.86174774169922,20.197940826416016,130.84902954101562,128.374755859375,372.2232971191406,38.250938415527344,50.833274841308594,81.590087890625,185.41110229492188,34.89946365356445,35.461917877197266,52.286983489990234,34.46963119506836,29.673906326293945,92.17839050292969,68.20531463623047,66.1194839477539,32.91856384277344,30.220441818237305,119.17134857177734,68.2701644897461
2023-03-16,51.036834716796875,103.88026428222656,208.94784545898438,138.95474243164062,57.62459182739258,168.77210998535156,128.13185119628906,216.37045288085938,31.120115280151367,61.64221954345703,76.6689224243164,50.44245910644531,57.28449249267578,53.19431686401367,54.477134704589844,43.31909942626953,72.74779510498047,20.100238800048828,132.4241485595703,131.16009521484375,378.7539367675781,38.84425735473633,51.59901809692383,82.94556427001953,188.61607360839844,35.34421920776367,35.8687744140625,53.46133041381836,34.84390640258789,30.24073600769043,93.36590576171875,70.11860656738281,66.1650161743164,32.91856384277344,30.42290496826172,120.28456115722656,69.50321960449219
2023-03-17,50.718196868896484,102.33602142333984,206.386962890625,136.43496704101562,57.26866912841797,164.21669006347656,124.2808837890625,211.5450897216797,30.680814743041992,59.98188781738281,75.95691680908203,50.364227294921875,56.87169647216797,52.67253112792969,54.019493103027344,43.181400299072266,72.20325469970703,19.70942497253418,130.1887969970703,129.3606414794922,374.3253479003906,38.394779205322266,50.82437515258789,81.96401977539062,186.18370056152344,35.162689208984375,35.31228256225586,52.9511604309082,34.295841217041016,29.267669677734375,91.83638000488281,70.02099609375,65.68226623535156,32.16395568847656,30.130462646484375,118.73735809326172,68.61483764648438
2023-03-20,51.45561599731445,103.88026428222656,208.2093505859375,138.2428436279297,57.55341339111328,166.34573364257812,125.5270767211914,214.20199584960938,31.30462646484375,60.83942413330078,76.92524719238281,50.55980682373047,57.368927001953125,53.203311920166016,54.7150993347168,43.016170501708984,73.71690368652344,19.931480407714844,131.87705993652344,130.3465118408203,377.9246826171875,38.981300354003906,51.8191032409668,82.85027313232422,187.80528259277344,35.224449157714844,36.03887939453125,53.34689712524414,34.982444763183594,29.593318939208984,93.05261993408203,70.20980834960938,66.59294891357422,32.50906753540039,30.36614227294922,120.24229431152344,68.91188049316406
2023-03-21,51.774253845214844,105.21605682373047,211.15386962890625,140.06944274902344,58.42233657836914,169.4146728515625,128.11314392089844,217.95289611816406,32.32380676269531,62.289939880371094,77.46637725830078,50.96076965332031,58.429054260253906,52.483619689941406,54.8066291809082,43.6862907409668,74.14146423339844,19.85154151916504,133.64024353027344,133.30416870117188,382.8871154785156,39.486610412597656,52.81116485595703,83.93820190429688,190.48562622070312,35.59686279296875,36.47569274902344,54.485836029052734,36.19355392456055,30.34335708618164,94.13052368164062,70.77723693847656,66.53800964355469,32.321319580078125,29.75428581237793,120.9715576171875,70.8158187866211
2023-03-22,51.62858581542969,104.0223617553711,207.52833557128906,137.2779998779297,57.5656852722168,164.60986328125,124.1965560913086,212.09213256835938,31.823001861572266,61.4415283203125,76.57398223876953,50.55002975463867,57.82862854003906,51.91686248779297,54.68763732910156,43.8148078918457,73.61538696289062,19.247554779052734,130.63526916503906,132.0023956298828,376.3602294921875,39.33321762084961,52.507286071777344,82.97220611572266,187.08030700683594,35.70585632324219,35.827518463134766,53.5302734375,35.42366409301758,29.64078712463379,92.32765197753906,70.07283020019531,65.92479705810547,31.1411190032959,29.16962432861328,119.1436767578125,69.23812866210938
2023-03-23,51.85618591308594,103.87078857421875,207.90960693359375,136.72523498535156,58.0153694152832,163.87924194335938,123.18494415283203,211.95407104492188,31.383695602416992,60.83942413330078,76.58348083496094,51.5181999206543,58.89813995361328,51.48504638671875,54.51374053955078,45.01734924316406,73.5784683227539,19.177785873413086,130.19921875,132.29913330078125,377.3776550292969,39.360294342041016,52.5162239074707,83.16914367675781,187.4212646484375,36.141845703125,35.785255432128906,54.39896774291992,34.93291473388672,29.44141387939453,92.0605697631836,71.21260833740234,65.66852569580078,30.95334815979004,28.870494842529297,118.91636657714844,69.16508483886719
2023-03-24,52.01095962524414,103.44446563720703,209.14202880859375,137.8363800048828,58.23432159423828,165.3616180419922,124.58839416503906,213.20704650878906,31.26947784423828,60.62047576904297,77.44738006591797,51.45951843261719,59.04824447631836,52.393653869628906,55.273414611816406,44.78785705566406,73.52308654785156,19.544523239135742,131.30833435058594,131.66738891601562,379.85400390625,39.22493362426758,52.1051025390625,83.37548828125,188.59927368164062,36.069183349609375,36.07645034790039,54.67887496948242,35.0679817199707,29.422420501708984,92.44213104248047,71.39847564697266,66.7851333618164,31.749094009399414,29.772415161132812,120.5643081665039,68.94108581542969
2023-03-27,52.238563537597656,104.57183837890625,209.73898315429688,138.947509765625,58.0498161315918,167.2001495361328,125.9259262084961,215.6444091796875,31.937211990356445,61.26819610595703,78.10242462158203,50.9998893737793,58.55101013183594,52.780487060546875,55.630374908447266,44.1360969543457,74.07686614990234,19.598196029663086,132.18040466308594,132.0023956298828,380.5642395019531,39.56782531738281,52.71284866333008,83.6943359375,189.0780792236328,35.896602630615234,36.34417724609375,54.37001037597656,35.81536102294922,29.830671310424805,93.21478271484375,70.8457260131836,67.14207458496094,31.64181137084961,29.808671951293945,121.05680084228516,69.08230590820312
2023-03-28,52.33869552612305,104.95079040527344,209.324951171875,139.09815979003906,57.83578872680664,166.9595489501953,125.9259262084961,215.27243041992188,32.38530731201172,61.41415786743164,77.66572570800781,50.89231491088867,58.57916259765625,52.87944412231445,55.6852912902832,45.57731246948242,74.67678833007812,19.57135772705078,132.44583129882812,132.80641174316406,379.7100524902344,39.62196350097656,52.66816711425781,83.77874755859375,188.80992126464844,36.32351303100586,36.51795959472656,53.92601776123047,36.369136810302734,29.821184158325195,93.69173431396484,70.5130844116211,67.26104736328125,31.534513473510742,29.8902587890625,120.32754516601562,68.99951934814453
2023-03-29,52.53898620605469,106.40028381347656,212.42520141601562,140.99082946777344,58.721412658691406,168.8558349609375,127.16926574707031,217.77833557128906,32.84217834472656,62.32643127441406,77.94103240966797,51.87025833129883,59.132686614990234,53.70709228515625,56.09716796875,45.57731246948242,75.6551284790039,19.9112606048584,134.43649291992188,135.00790405273438,385.2290344238281,40.07313919067383,53.517215728759766,84.8104019165039,191.52981567382812,36.45067596435547,37.02522277832031,54.6402702331543,36.87337875366211,30.257909774780273,95.0558090209961,71.9903564453125,67.63630676269531,32.28554916381836,30.325347900390625,120.65901184082031,70.30939483642578
2023-03-30,52.7847900390625,107.0634536743164,213.64794921875,141.62173461914062,59.14945983886719,168.6248016357422,126.79249572753906,217.84686279296875,33.07061767578125,62.536258697509766,78.45368194580078,52.476593017578125,59.43289566040039,54.11192321777344,56.29852294921875,46.24742889404297,76.43963623046875,20.161720275878906,135.10008239746094,136.64463806152344,387.48468017578125,40.569435119628906,54.33051681518555,85.46690368652344,192.56414794921875,36.80491638183594,37.278846740722656,54.90087890625,37.03547668457031,30.191450119018555,95.25613403320312,72.82682800292969,67.8285140991211,32.705780029296875,30.456783294677734,121.31250762939453,70.92294311523438
2023-03-31,53.431175231933594,108.14347076416016,216.85414123535156,143.37318420410156,60.106422424316406,171.72430419921875,129.06253051757812,222.026611328125,33.17604446411133,62.95588684082031,79.13720703125,53.1611442565918,60.09899139404297,54.372806549072266,56.70124435424805,45.797630310058594,77.22415161132812,20.510570526123047,137.0907440185547,138.95140075683594,392.9461669921875,40.758914947509766,54.4735107421875,86.36724853515625,195.4659423828125,36.6959228515625,37.884742736816406,55.95294952392578,37.29209518432617,30.52374839782715,96.5152587890625,73.86875915527344,68.37764739990234,33.42103958129883,30.678869247436523,122.61003112792969,72.81713104248047
2023-04-03,53.67698287963867,108.41820526123047,217.51849365234375,144.1547393798828,60.18760299682617,171.80130004882812,128.9024200439453,222.70204162597656,34.766319274902344,63.3937873840332,79.94415283203125,53.122032165527344,60.38044357299805,54.20188522338867,57.039894104003906,45.788448333740234,77.5195083618164,20.447954177856445,137.20449829101562,137.9176788330078,394.4434509277344,41.09278869628906,54.857818603515625,86.77051544189453,195.9831085205078,36.8503303527832,38.1242790222168,56.18459701538086,38.98044204711914,30.580713272094727,96.68696594238281,73.75137329101562,68.73458862304688,33.10811233520508,30.47039031982422,123.9832992553711,72.1500244140625
2023-04-04,53.65877914428711,106.9403076171875,216.13201904296875,142.99652099609375,59.948978424072266,168.78842163085938,126.41573333740234,218.82574462890625,34.27429962158203,62.97414016723633,80.01060485839844,52.7308464050293,60.708805084228516,54.543739318847656,56.957523345947266,45.641571044921875,76.85497283935547,20.45690155029297,135.82997131347656,137.88894653320312,392.25506591796875,41.083770751953125,54.866764068603516,86.4047622680664,194.6710662841797,36.88666534423828,37.57474899291992,56.358333587646484,38.27358627319336,30.29589080810547,94.52162170410156,73.34534454345703,68.59730529785156,33.11705017089844,30.624479293823242,124.00222778320312,72.03315734863281
2023-04-05,52.857627868652344,105.32975006103516,215.47732543945312,143.39202880859375,59.40776443481445,167.1328125,125.63394165039062,216.17298889160156,34.60817337036133,62.80992889404297,81.24475860595703,52.15386199951172,60.46487045288086,55.70423889160156,57.25956344604492,45.0999641418457,76.05199432373047,20.286949157714844,135.54559326171875,135.88848876953125,391.22802734375,40.76793670654297,54.56289291381836,85.98272705078125,193.9623565673828,36.55967330932617,37.490203857421875,56.17495346069336,38.84987258911133,30.257909774780273,93.29109191894531,72.50888061523438,68.91764831542969,32.94717025756836,31.41762351989746,126.14266204833984,70.55773162841797
2023-04-06,52.63003158569336,105.34870147705078,216.24755859375,143.54266357421875,59.76447296142578,167.38308715820312,125.91650390625,216.31983947753906,34.23915481567383,63.17485046386719,81.65296173095703,52.43746566772461,61.262325286865234,56.13605880737305,57.48838806152344,45.650753021240234,75.92279052734375,20.403228759765625,135.640380859375,135.74488830566406,392.7541198730469,40.903297424316406,55.02762985229492,86.26407623291016,194.60401916503906,36.77767562866211,37.40095901489258,56.87954330444336,38.260074615478516,30.371843338012695,93.26246643066406,72.9197769165039,68.97256469726562,33.17069625854492,31.639705657958984,126.45519256591797,70.57234191894531
2023-04-10,52.520782470703125,105.61396789550781,216.56529235839844,144.05117797851562,59.77431106567383,169.1734619140625,127.0185775756836,218.89427185058594,34.423667907714844,63.32080078125,81.52006530761719,52.40812683105469,60.92457962036133,55.992122650146484,57.323638916015625,45.46715545654297,76.24581909179688,20.43901252746582,136.465087890625,136.12777709960938,393.1572570800781,40.939388275146484,55.02762985229492,86.36724853515625,195.04454040527344,36.6959228515625,37.57944107055664,56.754066467285156,38.56622314453125,30.43829917907715,94.11145782470703,72.88063049316406,68.97256469726562,33.340579986572266,31.576250076293945,126.36991119384766,70.88399505615234
2023-04-11,52.693763732910156,106.37187194824219,216.6808624267578,144.69146728515625,59.56767272949219,170.51145935058594,127.90393829345703,220.78346252441406,34.75753402709961,63.78606414794922,81.71942901611328,52.007171630859375,60.63374328613281,56.0640869140625,57.4151611328125,45.49469757080078,77.57488250732422,20.537403106689453,137.3561248779297,136.41493225097656,393.26287841796875,41.1198616027832,55.24214553833008,86.57355499267578,195.24562072753906,36.968414306640625,37.87064743041992,56.609291076660156,38.93091583251953,30.704137802124023,94.67424011230469,72.1958236694336,69.17391204833984,33.50150680541992,31.603450775146484,126.796142578125,70.99598693847656
2023-04-12,52.86673355102539,107.16767120361328,215.8142852783203,144.2771453857422,59.2232666015625,169.26010131835938,126.99031066894531,219.2760009765625,34.88054275512695,63.886417388916016,81.9947280883789,51.625770568847656,60.052085876464844,56.24401092529297,57.296173095703125,44.29214859008789,77.75025177001953,20.447954177856445,136.6925811767578,134.96961975097656,391.6599426269531,41.35447311401367,55.68006134033203,86.45166015625,194.42205810546875,36.68683624267578,37.89883041381836,56.020511627197266,38.957923889160156,30.637678146362305,94.98902893066406,71.78491973876953,68.86273193359375,33.40316390991211,31.57172966003418,126.83401489257812,69.89549255371094
2023-04-13,53.60415267944336,107.9539794921875,218.62574768066406,145.44482421875,60.286014556884766,171.5029296875,128.45028686523438,222.36923217773438,35.179264068603516,64.47026062011719,83.18141174316406,52.58415603637695,61.374900817871094,56.38795471191406,57.72635269165039,45.219303131103516,78.67321014404297,20.43901252746582,137.7447967529297,137.71665954589844,396.8622131347656,41.959041595458984,56.43080520629883,87.5864486694336,196.95033264160156,37.13191223144531,38.28866195678711,57.18840789794922,39.201053619384766,30.913005828857422,95.34195709228516,73.12033081054688,69.24713134765625,33.295867919921875,31.576250076293945,128.48194885253906,71.43909454345703
2023-04-14,53.20357894897461,107.70767211914062,218.12503051757812,145.30352783203125,60.086734771728516,169.90501403808594,127.10333251953125,220.793212890625,35.22319793701172,64.94464874267578,82.59281158447266,52.32988739013672,61.29984664916992,55.551307678222656,57.36939239501953,44.83375930786133,78.19326782226562,20.197498321533203,137.11915588378906,137.63050842285156,395.8927917480469,41.751502990722656,56.3414421081543,87.3144760131836,196.4044952392578,36.932071685791016,38.01155471801758,57.169105529785156,39.27308654785156,31.216829299926758,95.22750091552734,72.71431732177734,68.80782318115234,32.72365188598633,31.222736358642578,127.44965362548828,71.5316162109375
2023-04-17,53.35834503173828,108.6645278930664,218.79901123046875,146.00035095214844,60.202369689941406,172.090087890625,128.6575164794922,223.48513793945312,34.87175369262695,65.2730712890625,82.62129974365234,52.40812683105469,61.04654312133789,55.677249908447266,57.643978118896484,45.77008819580078,78.4609146118164,20.564237594604492,138.04815673828125,138.2144012451172,397.3133544921875,41.71540069580078,56.07331848144531,87.52081298828125,197.1897735595703,37.13191223144531,38.232303619384766,56.840938568115234,38.80934524536133,31.577592849731445,95.9810791015625,72.97847747802734,69.24713134765625,33.46575164794922,31.394962310791016,127.3454818725586,72.03803253173828
2023-04-18,53.67698287963867,109.24242401123047,219.0493621826172,146.0568389892578,60.261409759521484,171.35850524902344,127.80036163330078,223.2501983642578,34.95082092285156,65.62886047363281,82.19408416748047,52.60371780395508,60.755706787109375,55.59628677368164,57.8178825378418,45.62321472167969,79.10699462890625,20.50162124633789,138.0576171875,138.7791290283203,397.57244873046875,41.87782287597656,56.4576301574707,87.67086029052734,197.2855682373047,37.05923843383789,38.391998291015625,56.5513801574707,38.96242904663086,31.672542572021484,96.4389419555664,73.20348358154297,69.45762634277344,33.412105560302734,31.23180389404297,126.47413635253906,72.15489959716797
2023-04-19,53.24909591674805,108.88241577148438,218.99156188964844,146.04745483398438,60.31060791015625,171.57992553710938,128.39376831054688,222.85865783691406,34.73117446899414,65.8295669555664,82.14662170410156,52.37879180908203,60.174049377441406,55.9741325378418,57.762962341308594,45.11832809448242,78.51630401611328,20.564237594604492,138.09555053710938,138.0612335205078,397.50537109375,41.71540069580078,56.332489013671875,87.46453857421875,197.38131713867188,36.67774963378906,38.28396987915039,56.12668991088867,38.827354431152344,31.74848747253418,96.3626480102539,72.99314880371094,69.411865234375,33.60880661010742,31.472013473510742,126.86243438720703,72.08673095703125
2023-04-20,53.42207336425781,108.95822143554688,217.67254638671875,145.04930114746094,59.993255615234375,170.69436645507812,127.4801025390625,222.0559844970703,34.50273895263672,65.61060333251953,81.95675659179688,52.134307861328125,59.64867401123047,56.010108947753906,57.88195037841797,44.76949691772461,78.11942291259766,20.50162124633789,137.33718872070312,136.7499237060547,395.3361511230469,41.73345184326172,56.25205993652344,87.14566802978516,196.155517578125,36.63234329223633,38.24169921875,55.54756164550781,38.48518753051758,31.65355110168457,96.19093322753906,72.5137710571289,69.57660675048828,33.20646667480469,31.462947845458984,126.34151458740234,70.97649383544922
2023-04-21,53.722503662109375,109.10979461669922,217.85548400878906,145.13401794433594,60.040000915527344,170.91571044921875,127.32000732421875,222.9271697998047,34.34458923339844,65.35517883300781,82.82066345214844,51.968048095703125,59.67681884765625,56.315975189208984,58.403656005859375,44.0534782409668,77.12263488769531,20.555294036865234,137.37509155273438,137.7071075439453,395.64324951171875,41.868804931640625,56.672115325927734,87.1738052368164,196.327880859375,36.287174224853516,37.90353012084961,55.68268966674805,38.260074615478516,31.539627075195312,95.97154235839844,72.27897644042969,70.07999420166016,33.24222183227539,31.55359649658203,127.19393157958984,71.76049041748047
2023-04-24,53.695194244384766,109.36559295654297,218.0287628173828,145.4259796142578,59.993255615234375,170.8002471923828,127.1221923828125,222.71185302734375,34.80146026611328,65.25482177734375,83.11495971679688,51.78224182128906,59.58300018310547,56.61285400390625,58.7148551940918,43.49351501464844,77.48258209228516,20.510570526123047,137.63107299804688,137.62095642089844,396.0559387207031,41.95001220703125,56.904483795166016,87.26759338378906,196.4044952392578,36.241764068603516,38.1618537902832,55.62477493286133,38.845367431640625,31.463666915893555,96.20047760009766,71.96102142333984,70.36372375488281,33.15281677246094,31.71221923828125,127.90426635742188,71.75074005126953
2023-04-25,53.321929931640625,107.67924499511719,214.45672607421875,143.37318420410156,58.871482849121094,166.5841064453125,124.05149841308594,217.2987060546875,34.195220947265625,64.07799530029297,82.38396453857422,50.63804626464844,58.7386474609375,56.39694595336914,58.614166259765625,42.355228424072266,75.6551284790039,20.2958927154541,135.2896728515625,135.05575561523438,389.76904296875,41.291297912597656,55.94818878173828,85.84205627441406,193.12916564941406,35.624107360839844,37.335205078125,54.75608825683594,38.11600875854492,30.922504425048828,94.42623138427734,70.42503356933594,70.2721939086914,32.84882736206055,31.680498123168945,126.54044342041016,70.328857421875
2023-04-26,53.13074493408203,106.17292022705078,213.59982299804688,141.72532653808594,59.070735931396484,164.9766082763672,122.8552474975586,215.32139587402344,33.87893295288086,63.84080123901367,81.3207015991211,51.39106369018555,58.888755798339844,55.569297790527344,58.44941711425781,42.98863220214844,75.39669036865234,20.21538734436035,133.87718200683594,134.72073364257812,388.11810302734375,41.300323486328125,55.99287033081055,85.65447235107422,192.25762939453125,35.86935043334961,36.89371109008789,54.17696762084961,37.607242584228516,30.6281795501709,92.6424331665039,71.47183990478516,69.7230453491211,32.580596923828125,30.93720817565918,124.74095916748047,69.96853637695312
2023-04-27,53.99562454223633,108.19083404541016,217.71102905273438,144.22067260742188,60.27370834350586,167.18092346191406,124.72969055175781,217.47488403320312,33.94921875,64.81694030761719,81.58650970458984,52.40812683105469,61.243553161621094,56.20802688598633,58.7880744934082,43.576133728027344,76.21813201904297,20.54634666442871,136.07643127441406,137.6592254638672,395.8448181152344,41.82368850708008,56.64530944824219,87.08002471923828,195.86817932128906,36.33259201049805,37.396270751953125,57.32353210449219,37.7423210144043,31.12188148498535,94.47392272949219,72.98826599121094,70.50101470947266,33.367393493652344,31.308849334716797,125.3944320678711,71.81403350830078
2023-04-28,53.56774139404297,108.71189880371094,219.51150512695312,145.6048583984375,60.721439361572266,168.64405822753906,125.8034896850586,219.4619903564453,34.54666519165039,65.2730712890625,81.97575378417969,52.90687942504883,61.41242599487305,56.172035217285156,59.01689529418945,43.80562210083008,76.66114044189453,20.832584381103516,137.58367919921875,137.67837524414062,399.223388671875,41.832706451416016,56.72574234008789,87.5958480834961,197.5728759765625,36.55059814453125,37.833072662353516,57.815799713134766,38.327613830566406,31.492149353027344,95.38966369628906,73.78070831298828,70.87625885009766,33.751853942871094,31.26352882385254,126.46466827392578,71.99907684326172
2023-05-01,53.50401306152344,109.25190734863281,219.38633728027344,145.5200958251953,60.721439361572266,168.74032592773438,125.55858612060547,220.30381774902344,34.18644332885742,65.15446472167969,82.42192840576172,52.994895935058594,61.384281158447266,56.32497787475586,59.090110778808594,43.63121032714844,76.55961608886719,20.653684616088867,137.46043395996094,137.26681518554688,398.8202819824219,41.79661178588867,56.734676361083984,87.49266815185547,197.47711181640625,36.43251037597656,37.81428909301758,57.8061408996582,37.8953971862793,31.406705856323242,95.90477752685547,73.82472229003906,70.93115997314453,33.438926696777344,31.317913055419922,127.1181411743164,71.28814697265625
2023-05-02,53.05791473388672,107.96346282958984,216.8349151611328,143.29783630371094,60.17776107788086,165.27503967285156,122.65744018554688,216.27088928222656,32.75431442260742,63.740447998046875,82.10865020751953,52.515708923339844,60.41796875,55.722232818603516,58.92536163330078,42.83256912231445,75.8397216796875,20.385339736938477,135.4033660888672,136.8647918701172,394.3378601074219,41.35447311401367,56.07331848144531,86.50792694091797,195.0636749267578,36.0510139465332,37.44792556762695,56.734764099121094,36.24757385253906,30.694643020629883,94.90315246582031,73.135009765625,70.73896789550781,32.866703033447266,30.93720817565918,126.56883239746094,71.36119079589844
2023-05-03,53.37655258178711,107.94451904296875,215.41957092285156,142.13963317871094,59.87763214111328,165.88145446777344,122.84583282470703,217.70980834960938,32.262306213378906,63.3937873840332,82.22257232666016,52.15386199951172,60.41796875,55.69524383544922,58.68739318847656,42.74995803833008,75.62743377685547,20.394287109375,134.61660766601562,136.1469268798828,391.63116455078125,41.435672760009766,56.25205993652344,86.20781707763672,193.92404174804688,36.041934967041016,37.034610748291016,56.51276779174805,35.563228607177734,30.34335708618164,94.54069519042969,72.5186538696289,70.16236877441406,32.661075592041016,30.851097106933594,126.39837646484375,70.79633331298828
2023-05-04,53.47669219970703,106.76976013183594,213.79238891601562,140.80252075195312,59.55290603637695,164.02365112304688,121.44235229492188,215.15501403808594,32.06900405883789,62.72782897949219,81.70993041992188,52.01694869995117,59.82692337036133,56.0910758972168,58.522640228271484,43.475154876708984,75.30440521240234,20.537403106689453,133.33689880371094,135.85018920898438,388.8572692871094,41.37251663208008,55.966064453125,85.90768432617188,192.47789001464844,36.35076141357422,36.795066833496094,55.605472564697266,35.16703414916992,29.954099655151367,93.51048278808594,72.17134094238281,69.98847198486328,32.96506118774414,31.086769104003906,125.3944320678711,70.25096893310547
2023-05-05,54.19590759277344,108.46558380126953,217.87472534179688,143.06243896484375,60.79524230957031,167.92213439941406,124.43769073486328,220.0199737548828,32.991539001464844,64.20570373535156,82.43143463134766,53.36651611328125,60.44611358642578,56.414939880371094,59.02604675292969,43.95249938964844,76.89189147949219,20.85047149658203,135.58351135253906,138.03253173828125,396.0559387207031,42.040252685546875,56.80617904663086,87.37075805664062,196.03099060058594,36.74134063720703,37.41505432128906,56.30043029785156,36.121517181396484,30.694643020629883,94.92227172851562,73.98126220703125,70.63829040527344,33.47468948364258,31.28618812561035,126.52149963378906,71.6728286743164
2023-05-08,54.07756042480469,108.17188262939453,218.0480194091797,143.12835693359375,60.89610290527344,167.53709411621094,123.99500274658203,219.63819885253906,33.02668762207031,64.4611587524414,82.35547637939453,53.46430969238281,60.755706787109375,56.23501205444336,58.84299087524414,44.0534782409668,76.87342834472656,20.805744171142578,135.33702087402344,138.33880615234375,396.16156005859375,42.05830001831055,56.81511688232422,87.41764831542969,196.24168395996094,36.75041961669922,37.29294204711914,56.86988830566406,36.121517181396484,30.742116928100586,94.578857421875,73.94213104248047,70.42778778076172,33.24222183227539,31.191015243530273,126.24683380126953,71.91630554199219
2023-05-09,54.660213470458984,108.46558380126953,217.11410522460938,142.55393981933594,60.625492095947266,167.03652954101562,123.55228424072266,219.11936950683594,33.00911331176758,64.12359619140625,81.86182403564453,52.94599533081055,60.35230255126953,56.23501205444336,58.65993118286133,43.35581970214844,76.5042495727539,20.662633895874023,134.8346405029297,137.89852905273438,394.4242248535156,41.8958740234375,56.368247985839844,87.06127166748047,195.4372100830078,36.52334213256836,36.95476531982422,56.51276779174805,36.1350212097168,30.6281795501709,94.7886962890625,73.37469482421875,70.2081298828125,33.13493347167969,31.150224685668945,125.4039306640625,71.89682006835938
2023-05-10,54.387088775634766,108.2476806640625,217.99986267089844,142.42213439941406,61.19868469238281,167.8836212158203,123.86311340332031,220.86178588867188,32.719173431396484,63.868167877197266,82.0232162475586,53.53276824951172,60.915191650390625,56.59486389160156,58.38534927368164,43.190582275390625,76.08892059326172,20.79680824279785,134.81568908691406,138.19525146484375,396.26715087890625,41.832706451416016,56.2967529296875,87.23945617675781,196.29913330078125,36.53242111206055,36.97825622558594,57.01468276977539,35.72531509399414,30.45728874206543,94.44532012939453,74.26985931396484,70.09830474853516,33.44786834716797,31.435752868652344,125.75434112548828,72.26200866699219
2023-05-11,54.5418586730957,107.65082550048828,217.62440490722656,141.69705200195312,61.250343322753906,166.59376525878906,123.07190704345703,218.73764038085938,32.33258819580078,63.65834045410156,81.77638244628906,53.28828048706055,61.581298828125,55.9741325378418,58.495182037353516,43.530235290527344,75.05519104003906,20.608964920043945,134.14266967773438,138.98011779785156,395.5760803222656,41.64321517944336,56.05543518066406,87.03311920166016,196.04054260253906,36.387088775634766,36.61658477783203,57.584144592285156,35.29759979248047,30.40981674194336,93.87297821044922,73.93722534179688,70.30880737304688,33.099178314208984,31.113964080810547,125.36602020263672,72.59801483154297
2023-05-12,54.805877685546875,107.55609130859375,217.21038818359375,141.58407592773438,61.112586975097656,166.25685119628906,122.8552474975586,218.3363037109375,32.33258819580078,63.293434143066406,81.63397979736328,53.11225509643555,61.374900817871094,56.32497787475586,58.46772384643555,42.428672790527344,74.98135375976562,20.50162124633789,134.15211486816406,138.33880615234375,395.05780029296875,41.552978515625,55.90350341796875,86.7892837524414,195.5808563232422,35.97834396362305,36.68234634399414,57.63241195678711,35.35162353515625,30.28639030456543,93.93975830078125,73.83940124511719,70.5833740234375,33.16175842285156,31.28618812561035,125.19557189941406,71.98448181152344
2023-05-15,55.13361740112305,108.33293914794922,218.16357421875,142.24325561523438,61.333988189697266,168.2878875732422,124.28697967529297,221.0477752685547,32.5522346496582,64.08710479736328,81.61499786376953,53.562110900878906,61.93778991699219,55.902156829833984,58.50433349609375,44.1360969543457,75.81202697753906,20.600017547607422,134.91049194335938,138.97055053710938,396.42071533203125,41.913917541503906,56.32356262207031,87.38011169433594,196.41404724121094,36.6050910949707,36.992340087890625,57.90266036987305,35.53171920776367,30.53323745727539,94.3976058959961,74.45086669921875,70.40948486328125,33.099178314208984,30.891889572143555,124.97775268554688,72.07698822021484
2023-05-16,55.02436828613281,107.12029266357422,216.58456420898438,140.46353149414062,61.18638610839844,165.83331298828125,122.31834411621094,218.1111602783203,31.823001861572266,63.293434143066406,80.99791717529297,53.61099624633789,61.88151550292969,54.975555419921875,57.982627868652344,43.69546890258789,74.62140655517578,20.125940322875977,133.00514221191406,137.94638061523438,393.7715759277344,41.48080062866211,55.73368453979492,86.62985229492188,194.8913116455078,36.35076141357422,36.38175582885742,57.83510208129883,34.65827941894531,30.2484188079834,93.11940002441406,74.52913665771484,69.81459045410156,32.21403121948242,30.2075138092041,123.9359359741211,71.78482818603516
2023-05-17,55.39762878417969,108.81610870361328,219.2515411376953,142.20556640625,61.91455841064453,169.5296173095703,125.76580810546875,221.811279296875,32.34137725830078,64.16920471191406,80.97895050048828,54.364013671875,62.481937408447266,54.67867660522461,57.90025329589844,43.38336181640625,75.09210968017578,20.2958927154541,134.6924591064453,139.95643615722656,398.5515441894531,41.697349548339844,55.97500228881836,87.4457778930664,197.41964721679688,36.47792053222656,36.62129211425781,58.53969192504883,35.324615478515625,30.856042861938477,94.72193908691406,75.52212524414062,69.77796173095703,32.634239196777344,30.098745346069336,124.08747863769531,73.27973937988281
2023-05-18,55.406742095947266,109.23297119140625,221.4371337890625,142.9400634765625,62.81248092651367,170.55958557128906,126.34037017822266,223.30892944335938,32.455589294433594,64.37904357910156,80.80805969238281,55.420204162597656,62.979164123535156,54.14790725708008,57.54329299926758,42.61225891113281,75.11981201171875,20.099105834960938,135.7825927734375,141.00930786132812,402.390869140625,41.616146087646484,55.86774826049805,87.91471099853516,199.38291931152344,36.2508430480957,36.83734893798828,59.59177017211914,35.581241607666016,31.08390998840332,95.40872955322266,77.06787872314453,69.43933868408203,32.42860794067383,30.008098602294922,123.78441619873047,74.419189453125
2023-05-19,55.497772216796875,109.35611724853516,221.03274536132812,142.7893829345703,62.657493591308594,169.52000427246094,125.31366729736328,222.48667907714844,32.648887634277344,64.47938537597656,81.27323150634766,55.43975830078125,62.78214645385742,54.309837341308594,57.762962341308594,42.46538162231445,75.28593444824219,20.11699676513672,135.42234802246094,140.33929443359375,401.805419921875,41.868804931640625,56.27887725830078,87.92408752441406,198.90406799316406,36.23267364501953,36.931270599365234,59.27326202392578,35.85588073730469,30.95098304748535,95.17979431152344,77.03363037109375,69.48507690429688,32.374961853027344,29.962766647338867,124.36212158203125,73.7958984375
2023-05-22,55.74358367919922,109.28031921386719,221.2541961669922,142.93060302734375,62.72636795043945,171.58956909179688,126.9149398803711,225.04153442382812,32.5786018371582,64.63446807861328,81.30170440673828,55.57667541503906,63.37319564819336,54.264854431152344,57.113121032714844,43.06207275390625,74.9444351196289,20.197498321533203,135.6309051513672,140.36801147460938,401.96856689453125,41.9048957824707,56.207374572753906,88.06476593017578,199.24880981445312,36.468841552734375,36.738712310791016,59.81376266479492,35.707305908203125,31.00794792175293,95.1607437133789,77.18038940429688,68.43257141113281,32.589542388916016,29.971837997436523,124.4852523803711,73.5670394897461
2023-05-23,54.94243240356445,107.62240600585938,218.71237182617188,141.9042510986328,61.84321975708008,170.78094482421875,126.95262908935547,223.12295532226562,32.85974884033203,63.95026397705078,80.38085174560547,54.676963806152344,62.51007080078125,54.02196502685547,56.664634704589844,41.87788391113281,73.8276596069336,20.0722713470459,134.18055725097656,137.88894653320312,397.45733642578125,41.31837463378906,55.3851318359375,86.95809936523438,197.14190673828125,35.923858642578125,36.17039108276367,59.07056427001953,36.089996337890625,30.64716911315918,94.01603698730469,76.04063415527344,67.92918395996094,32.18720245361328,29.86758804321289,123.12144470214844,72.89505767822266
2023-05-24,54.359779357910156,106.1823959350586,217.2296600341797,140.6048126220703,61.484046936035156,168.97129821777344,125.25714874267578,221.0673370361328,32.8509635925293,62.94677734375,79.7258071899414,54.30534744262695,61.919036865234375,53.581146240234375,56.24361038208008,41.115966796875,72.5816650390625,19.714479446411133,132.72071838378906,136.28094482421875,394.57781982421875,40.73185729980469,54.5181999206543,86.17967224121094,195.61915588378906,35.66952896118164,35.75706100463867,58.8003044128418,36.24757385253906,30.2484188079834,92.80459594726562,75.48298645019531,67.48986053466797,31.48086929321289,29.67270278930664,122.27853393554688,72.62724304199219
2023-05-25,54.669315338134766,106.46660614013672,218.86639404296875,139.8797149658203,62.60336685180664,167.65257263183594,124.19278717041016,219.9318389892578,32.24472427368164,62.80992889404297,78.99480438232422,56.46660614013672,61.78769302368164,52.960411071777344,55.79512023925781,40.289791107177734,72.20325469970703,19.625028610229492,132.63540649414062,135.72576904296875,397.99481201171875,40.64161682128906,54.375205993652344,86.4422607421875,196.95033264160156,35.6059455871582,35.6302490234375,58.8003044128418,35.603755950927734,30.238927841186523,93.10984802246094,78.37885284423828,66.97734069824219,31.552392959594727,29.273862838745117,121.02838897705078,72.30097961425781
2023-05-26,54.85139465332031,107.49925231933594,221.6778564453125,140.97203063964844,63.73253631591797,169.55848693847656,125.39845275878906,222.43775939941406,32.235939025878906,63.293434143066406,79.04227447509766,58.031314849853516,62.82905578613281,52.98740005493164,56.02394104003906,41.01498794555664,72.99699401855469,19.875484466552734,133.7445068359375,138.3771209716797,403.14910888671875,41.02059555053711,54.97401809692383,87.49266815185547,199.54576110839844,36.196346282958984,35.80873107910156,59.997161865234375,35.46417999267578,30.48577117919922,93.80619812011719,80.60454559326172,67.20613098144531,31.91897201538086,29.273862838745117,120.78214263916016,74.00040435791016
2023-05-30,54.496337890625,107.13924407958984,221.8030242919922,140.70835876464844,63.89981460571289,168.93280029296875,125.11587524414062,221.33160400390625,31.831783294677734,63.083621978759766,78.38722229003906,58.19757080078125,62.60390853881836,52.98740005493164,54.93476104736328,39.86751937866211,72.18479919433594,19.929155349731445,133.50750732421875,138.0133819580078,403.30267333984375,40.66868209838867,54.402015686035156,87.18316650390625,199.6127471923828,35.72402572631836,35.61616134643555,60.09367752075195,35.09949493408203,30.476276397705078,93.66311645507812,81.0350112915039,66.43733978271484,32.01732635498047,29.160558700561523,120.033935546875,74.4970932006836
2023-05-31,54.02293395996094,105.82238006591797,220.5417022705078,139.9456329345703,63.56771469116211,167.26756286621094,123.51461791992188,219.83396911621094,31.190401077270508,62.472389221191406,78.85240936279297,57.75749206542969,62.47255325317383,53.17632293701172,54.971370697021484,39.693111419677734,71.34489440917969,20.018596649169922,132.34158325195312,136.903076171875,401.06634521484375,40.27164840698242,53.82109069824219,86.53604888916016,198.41561889648438,35.46969223022461,35.2357177734375,60.074378967285156,34.482696533203125,30.153478622436523,92.3848876953125,80.35997009277344,66.51056671142578,32.222965240478516,29.427963256835938,121.0662612915039,73.82510375976562
2023-06-01,55.37942886352539,107.2529296875,222.6984100341797,141.0567626953125,64.28604125976562,169.0772247314453,124.701416015625,222.31048583984375,31.726350784301758,63.247825622558594,79.36505126953125,58.36381912231445,63.4576301574707,53.10435104370117,54.98968505859375,40.702880859375,72.66472625732422,20.00965690612793,133.33689880371094,138.94186401367188,404.8768310546875,40.894264221191406,54.45563888549805,87.61457824707031,200.39810180664062,36.07826614379883,35.70539474487305,60.88514709472656,34.910404205322266,30.476276397705078,93.5677261352539,81.17687225341797,66.45564270019531,32.23191452026367,29.210411071777344,121.86180877685547,74.69672393798828
2023-06-02,56.44458770751953,109.81085968017578,226.2030487060547,143.70277404785156,65.08311462402344,175.20884704589844,129.7972412109375,229.12342834472656,32.58738327026367,64.43378448486328,80.33338165283203,58.79411315917969,63.57022476196289,53.57215118408203,55.70359802246094,41.78608703613281,74.80599975585938,20.465845108032227,136.24705505371094,141.9760284423828,410.7318420410156,41.498844146728516,55.0991325378418,88.98385620117188,203.71170043945312,36.6505012512207,36.90310287475586,60.962371826171875,35.97294235229492,31.140867233276367,96.28633117675781,81.64157104492188,67.37088775634766,32.91141128540039,29.51407814025879,123.4245376586914,76.44971466064453
2023-06-05,56.24429702758789,109.54558563232422,225.76980590820312,143.20370483398438,65.01669311523438,172.86016845703125,127.7061767578125,226.53919982910156,32.38530731201172,64.06886291503906,80.52324676513672,58.481178283691406,63.70155715942383,53.608131408691406,55.42901611328125,41.59331512451172,74.31683349609375,20.34061622619629,135.7825927734375,141.9760284423828,409.9447937011719,41.23716354370117,54.70588302612305,88.68374633789062,203.17538452148438,36.61417770385742,36.87491989135742,61.116798400878906,35.73432159423828,30.979469299316406,95.61858367919922,81.17198181152344,67.12376403808594,32.75941467285156,29.65457534790039,123.86962890625,76.6785888671875
2023-06-06,57.39139938354492,110.2845458984375,226.45338439941406,144.07940673828125,65.05606079101562,177.41314697265625,131.55865478515625,231.9621124267578,32.58738327026367,64.84429931640625,80.27641296386719,58.5105094909668,64.1518783569336,53.84203338623047,55.328338623046875,42.21753692626953,75.14749908447266,20.52846336364746,136.70211791992188,143.68936157226562,410.83740234375,41.598106384277344,54.91144943237305,89.20894622802734,204.1043701171875,36.895751953125,37.109764099121094,61.36774826049805,36.022457122802734,31.36873435974121,96.21955871582031,81.15241241455078,66.7851333618164,32.95611572265625,29.631912231445312,122.83731079101562,77.47715759277344
2023-06-07,55.91648864746094,110.82003784179688,225.73219299316406,145.27735900878906,64.21124267578125,180.73263549804688,134.669677734375,235.3432159423828,33.288814544677734,64.7998046875,79.66799926757812,57.574954986572266,63.185672760009766,54.18578338623047,55.06387710571289,41.71623611450195,75.1822280883789,20.799245834350586,137.70689392089844,142.32630920410156,409.4168395996094,41.20106887817383,54.670135498046875,88.82443237304688,203.70211791992188,36.81399917602539,37.5512580871582,60.68244552612305,36.97694396972656,31.492149353027344,97.76487731933594,79.93929290771484,66.56546783447266,33.56410217285156,30.135000228881836,122.35430908203125,76.95127868652344
2023-06-08,56.39315414428711,111.50138092041016,226.9872589111328,145.4381103515625,64.8099365234375,180.05697631835938,133.78970336914062,234.9412841796875,33.25297927856445,64.98519897460938,80.25154876708984,58.21239471435547,63.506797790527344,54.6063232421875,55.54471206665039,42.20733642578125,75.68927764892578,20.691293716430664,137.7637481689453,144.23362731933594,411.89324951171875,41.62517166137695,55.30469512939453,89.36837768554688,204.65982055664062,37.013824462890625,37.41505432128906,60.99131774902344,36.81936264038086,31.463666915893555,97.93656921386719,80.80509185791016,67.0230941772461,33.35845947265625,30.26642608642578,123.140380859375,78.0907211303711
2023-06-09,57.03482437133789,111.37661743164062,227.20933532714844,145.25843811035156,65.03657531738281,178.5994110107422,132.62594604492188,233.2649688720703,33.154441833496094,65.02228546142578,80.34720611572266,58.526206970214844,63.535125732421875,54.48747253417969,55.387516021728516,42.1517448425293,75.10711669921875,20.61931800842285,137.60263061523438,144.8308868408203,412.63226318359375,41.60712814331055,54.97401809692383,89.47154998779297,204.88011169433594,37.113746643066406,37.105064392089844,61.010623931884766,36.616764068603516,31.473161697387695,97.67903137207031,81.20621490478516,66.91325378417969,33.1885871887207,30.089672088623047,123.51921081542969,78.49486541748047
2023-06-12,57.3923225402832,112.15393829345703,229.31390380859375,145.75013732910156,65.96539306640625,179.3426971435547,132.92874145507812,234.86288452148438,32.81402587890625,64.97593688964844,80.58636474609375,59.683387756347656,64.11125946044922,54.450904846191406,55.322792053222656,42.1517448425293,75.2855224609375,20.5743408203125,138.5126190185547,146.7189178466797,416.3756408691406,41.79661178588867,55.21531295776367,90.07177734375,206.71890258789062,37.2045783996582,37.27414321899414,61.73452377319336,36.26558303833008,31.463666915893555,98.3753433227539,82.97209930419922,66.89495849609375,33.17069625854492,30.035280227661133,123.96435546875,79.84370422363281
2023-06-13,58.217315673828125,113.61260223388672,230.8778533935547,146.95091247558594,66.37928009033203,181.39866638183594,134.41421508789062,237.62734985351562,33.00214767456055,65.34675598144531,80.8924789428711,60.163917541503906,64.41349029541016,54.4417610168457,55.6649169921875,42.73551559448242,76.806640625,20.62831687927246,139.8491973876953,148.61659240722656,419.12078857421875,42.20267105102539,55.644317626953125,90.77517700195312,208.24163818359375,37.51340103149414,38.13837432861328,61.937217712402344,36.436668395996094,31.65355110168457,99.52003479003906,83.47595977783203,67.16952514648438,33.412105560302734,30.030752182006836,124.58943939208984,80.6714859008789
2023-06-14,58.48314666748047,113.88130187988281,231.16748046875,146.51597595214844,66.62811279296875,179.4488983154297,132.8813934326172,235.03932189941406,32.84986114501953,65.45800018310547,80.13675689697266,60.62482833862305,64.7629623413086,54.38691329956055,55.831356048583984,43.40267562866211,77.25733184814453,20.682292938232422,139.58380126953125,149.194580078125,419.6199035644531,42.310951232910156,55.84093475341797,90.91585540771484,208.24163818359375,37.867645263671875,37.978675842285156,62.043392181396484,36.062992095947266,31.53013038635254,99.25294494628906,84.33689880371094,67.58138275146484,33.59092712402344,30.01262664794922,123.31085968017578,80.61307525634766
2023-06-15,58.4006462097168,115.01368713378906,234.0347442626953,148.35028076171875,67.48795318603516,180.92567443847656,133.99790954589844,236.94113159179688,33.2171516418457,66.12545776367188,81.3325424194336,61.370140075683594,65.49020385742188,55.036006927490234,56.57108688354492,44.26443099975586,77.9427719116211,20.73627281188965,141.1952667236328,150.6106414794922,424.8221740722656,42.70799255371094,56.600616455078125,91.96625518798828,210.77951049804688,38.2309684753418,38.302757263183594,63.02789306640625,36.45918273925781,31.9478759765625,100.75055694580078,85.42284393310547,68.25865936279297,33.733978271484375,30.33894920349121,125.2239761352539,81.13895416259766
2023-06-16,57.84148406982422,114.86974334716797,233.07901000976562,148.0950164794922,67.08145141601562,179.47781372070312,132.99493408203125,235.28440856933594,33.20819091796875,66.12545776367188,81.38037872314453,60.73270797729492,65.00851440429688,55.34684371948242,56.608070373535156,44.14397048950195,77.89581298828125,20.817235946655273,141.08155822753906,150.38905334472656,423.3751220703125,42.5816535949707,56.555931091308594,91.70365142822266,209.984619140625,38.094730377197266,38.39669418334961,62.50669479370117,36.405155181884766,31.881420135498047,100.5884017944336,84.71842193603516,68.3410415649414,33.69822311401367,30.502107620239258,125.21451568603516,81.0172348022461
2023-06-20,57.04398727416992,113.70856475830078,232.06532287597656,146.8563690185547,66.9681167602539,178.6959686279297,132.13394165039062,234.52955627441406,32.57215118408203,65.59705352783203,80.9307632446289,60.34043502807617,64.34738159179688,54.8531608581543,56.03477478027344,42.34634017944336,76.13058471679688,20.56534194946289,139.79818725585938,149.40650939941406,421.1786193847656,42.00974655151367,55.7546272277832,90.79728698730469,208.9502716064453,37.41617202758789,37.877037048339844,62.20215606689453,35.590328216552734,31.64299774169922,99.84139251708984,84.14588928222656,67.82117462158203,33.33624267578125,30.14437484741211,125.07376098632812,81.62419128417969
2023-06-21,57.722320556640625,114.43789672851562,230.7523651123047,146.57273864746094,66.3620376586914,178.2809295654297,131.65138244628906,234.33349609375,32.930484771728516,65.51361846923828,80.92118835449219,59.54609680175781,63.92237091064453,55.08171844482422,56.28443908691406,41.98495864868164,76.23387145996094,20.457387924194336,139.59825134277344,148.43357849121094,419.0205993652344,42.0734977722168,55.64548873901367,90.51404571533203,207.80105590820312,37.35224914550781,37.999755859375,61.58342742919922,35.87192916870117,31.604843139648438,100.39685821533203,82.90081024169922,68.06082153320312,33.191802978515625,30.38652229309082,125.09278106689453,80.64348602294922
2023-06-22,57.24565505981445,113.34390258789062,231.40882873535156,146.05270385742188,66.94841003417969,176.95852661132812,130.24154663085938,232.99046325683594,32.49152755737305,64.9666748046875,81.2273178100586,60.03642654418945,64.13958740234375,54.706886291503906,56.52485656738281,41.81816482543945,75.75499725341797,20.124528884887695,139.0270233154297,148.8092498779297,420.5331115722656,41.81850051879883,55.42720031738281,90.47628021240234,208.35650634765625,37.187870025634766,37.910072326660156,62.066802978515625,35.3904914855957,31.356897354125977,99.66900634765625,83.57726287841797,68.45716094970703,32.72240447998047,30.15351676940918,125.94866943359375,81.67298889160156
2023-06-23,55.83399200439453,111.981201171875,229.53591918945312,145.1166534423828,66.3349609375,174.29444885253906,128.4816436767578,229.17706298828125,32.09737014770508,64.3362808227539,80.90206146240234,59.31073760986328,63.87513732910156,54.002933502197266,56.11799621582031,40.93788146972656,74.73153686523438,19.791669845581055,137.8274688720703,146.5936737060547,417.35394287109375,41.144596099853516,54.7541389465332,89.48492431640625,206.63282775878906,36.66730499267578,37.60327911376953,61.93145751953125,35.13615036010742,31.2233829498291,98.91239929199219,82.67041015625,68.00553131103516,32.370365142822266,29.71035385131836,125.5302505493164,80.7264175415039
2023-06-26,55.83399200439453,112.24030303955078,228.81187438964844,145.7595672607422,65.61799621582031,174.4681854248047,129.00205993652344,228.77513122558594,32.643821716308594,64.40116882324219,80.41417694091797,58.87924575805664,63.185672760009766,54.50576400756836,56.11799621582031,41.104671478271484,75.40757751464844,20.187501907348633,138.66525268554688,145.8519744873047,415.64874267578125,41.2720947265625,54.826908111572266,89.42827606201172,205.9118194580078,36.78602600097656,37.99503707885742,61.31272506713867,35.76747131347656,31.156620025634766,99.73603057861328,82.0772933959961,68.09770965576172,33.092506408691406,30.00274658203125,124.81698608398438,79.69203186035156
2023-06-27,56.04482650756836,113.4782485961914,231.4667510986328,146.96983337402344,66.62811279296875,176.98748779296875,130.95120239257812,232.0199432373047,32.581111907958984,64.9944839477539,80.21328735351562,60.02662658691406,64.1018295288086,54.734310150146484,56.38615798950195,42.01274871826172,76.15875244140625,20.439395904541016,140.35989379882812,148.7803497314453,420.2055969238281,41.60905075073242,55.381717681884766,90.3441162109375,208.42092895507812,37.13306427001953,38.53310775756836,62.347171783447266,35.84922409057617,31.40457534790039,100.93317413330078,83.69491577148438,68.30048370361328,33.45358657836914,30.011886596679688,124.5317153930664,81.40461730957031
2023-06-28,56.668155670166016,113.82372283935547,231.60191345214844,146.8374786376953,66.7562255859375,177.85618591308594,131.3485870361328,233.54925537109375,32.78715133666992,64.90177917480469,80.06022644042969,60.046234130859375,64.3568344116211,54.167503356933594,56.02553176879883,41.67917251586914,75.55782318115234,20.39441680908203,140.12185668945312,149.1464080810547,420.41754150390625,41.618160247802734,55.33623504638672,90.39129638671875,208.59396362304688,36.98694610595703,38.26879119873047,62.627540588378906,36.21257019042969,31.328283309936523,100.93317413330078,83.74393463134766,67.83960723876953,33.543853759765625,29.568721771240234,124.13228607177734,81.7266616821289
2023-06-29,56.38399124145508,114.03485107421875,232.66384887695312,147.99098205566406,66.8252182006836,179.9025421142578,133.1747283935547,236.11766052246094,33.10069274902344,65.70829010009766,80.3663558959961,60.11488342285156,63.99793243408203,53.94808578491211,55.96080780029297,41.049072265625,75.98973083496094,20.55634880065918,141.2167510986328,149.0019073486328,422.07452392578125,41.56351852416992,55.2543830871582,90.56124877929688,209.59378051757812,36.831695556640625,38.75021743774414,62.28916931152344,36.630428314208984,31.871877670288086,101.91004943847656,83.89098358154297,67.77509307861328,33.850765228271484,29.568721771240234,124.9406509399414,81.81448364257812
2023-06-30,56.74148941040039,115.39754486083984,235.30908203125,149.22958374023438,67.79590606689453,180.7615966796875,133.22201538085938,237.8822479248047,33.34256362915039,66.32013702392578,81.3038330078125,60.987674713134766,64.58350372314453,54.652034759521484,56.5803337097168,41.456787109375,76.85356903076172,20.66429901123047,142.46389770507812,150.95741271972656,427.05535888671875,42.0552864074707,56.118438720703125,91.56204986572266,211.76644897460938,37.151329040527344,39.113643646240234,62.91756820678711,36.86660385131836,32.148441314697266,102.78154754638672,85.22430419921875,68.36499786376953,34.02227783203125,29.897676467895508,126.22445678710938,82.85372924804688
2023-07-03,56.91565704345703,115.47431945800781,235.5214385986328,149.79690551757812,67.7293930053711,181.12838745117188,134.33851623535156,238.10769653320312,33.45901870727539,66.75585174560547,80.35677337646484,60.987674713134766,64.70629119873047,55.00857925415039,56.86697769165039,42.13321304321289,77.53901672363281,20.8712158203125,142.816162109375,152.06520080566406,427.5466613769531,42.128135681152344,55.95473098754883,91.85470581054688,212.40093994140625,37.516639709472656,39.259952545166016,63.13026428222656,36.952903747558594,32.32964324951172,102.80071258544922,85.04293060302734,68.89960479736328,34.293087005615234,30.121536254882812,125.1878890991211,83.85398864746094
2023-07-05,56.44816207885742,114.11161804199219,235.2415008544922,149.04049682617188,67.820556640625,179.3233642578125,132.75839233398438,234.9412841796875,33.22610855102539,66.28305053710938,80.25154876708984,60.46792221069336,65.01795959472656,55.036006927490234,56.57108688354492,41.79036331176758,76.02729797363281,20.91619873046875,142.2068634033203,151.2945556640625,426.9107971191406,41.672794342041016,55.22709655761719,91.33544921875,211.75685119628906,37.333984375,38.29238510131836,63.613651275634766,36.74851989746094,32.26288986206055,102.24524688720703,84.51844024658203,68.77978515625,34.46459197998047,30.464191436767578,125.12132263183594,83.88813781738281
2023-07-06,55.70565414428711,112.729736328125,233.2431182861328,147.45204162597656,67.36724090576172,176.42762756347656,130.4024200439453,231.48080444335938,32.437782287597656,65.3096694946289,79.42884826660156,60.19334030151367,64.3757095336914,54.38691329956055,56.154991149902344,40.76182556152344,74.54373931884766,20.727277755737305,141.0453643798828,148.626220703125,423.5678405761719,40.935142517089844,54.24479293823242,90.21192169189453,209.87255859375,36.621639251708984,38.01390838623047,63.11092758178711,35.92189025878906,31.986316680908203,101.47907257080078,84.2929458618164,68.60466003417969,34.275028228759766,30.09412956237793,124.1227798461914,82.53661346435547
2023-07-07,56.50315856933594,113.25752258300781,232.8666229248047,147.63169860839844,67.07158660888672,178.29055786132812,132.28529357910156,233.50022888183594,33.02902603149414,65.69902038574219,78.70181274414062,60.06584930419922,64.47960662841797,54.1035041809082,55.831356048583984,41.623573303222656,75.520263671875,20.709285736083984,141.39764404296875,149.72439575195312,422.4984436035156,41.28120422363281,54.59952163696289,90.44795989990234,209.613037109375,37.060001373291016,38.34429931640625,62.88857650756836,36.69401931762695,32.03400421142578,101.70891571044922,83.92530059814453,67.7105712890625,34.112545013427734,29.87482261657715,122.67728424072266,82.6390609741211
2023-07-10,56.420654296875,114.24597930908203,233.51344299316406,148.61502075195312,67.13072204589844,181.34072875976562,134.11143493652344,237.9900360107422,33.19027328491211,65.82881927490234,79.18968963623047,60.06584930419922,64.14904022216797,53.792667388916016,55.849849700927734,41.63283920288086,75.52964782714844,20.772253036499023,142.66383361816406,149.9074249267578,423.5678405761719,41.39048385620117,54.92695236206055,90.731201171875,210.52630615234375,37.06913757324219,38.33487319946289,62.72420883178711,36.98015213012695,32.177059173583984,103.15507507324219,84.14588928222656,67.692138671875,34.229896545410156,29.746904373168945,123.64728546142578,82.89278411865234
2023-07-11,56.668155670166016,115.69503784179688,235.38632202148438,150.2034454345703,67.46331024169922,183.2036895751953,135.55906677246094,240.136962890625,33.8263053894043,66.58898162841797,79.18013000488281,60.25217056274414,64.73462677001953,54.3411979675293,55.9977912902832,41.98495864868164,76.63761901855469,21.096120834350586,144.2727813720703,151.27528381347656,426.2652893066406,41.79118728637695,55.51815414428711,91.51481628417969,212.17984008789062,37.39790725708008,38.71245193481445,63.81666564941406,37.793155670166016,32.55852127075195,104.37135314941406,84.3272476196289,67.79353332519531,34.61804962158203,30.116966247558594,123.67581176757812,83.58563995361328
2023-07-12,57.06231689453125,116.21324157714844,237.22059631347656,150.83697509765625,68.15807342529297,185.20172119140625,137.28114318847656,242.14657592773438,34.1935920715332,67.40477752685547,79.28535461425781,61.1347770690918,66.05689239501953,55.25541687011719,56.38615798950195,43.07836151123047,78.15872955322266,21.267047882080078,144.93923950195312,153.45233154296875,429.6950378417969,42.59257888793945,56.836978912353516,92.5816879272461,213.8045196533203,38.11024856567383,39.22220230102539,64.59007263183594,38.14288330078125,32.768333435058594,104.18939971923828,85.28313446044922,67.95020294189453,34.78053283691406,30.555566787719727,123.34295654296875,84.33702850341797
2023-07-13,57.91481399536133,117.23046875,239.21900939941406,151.4799346923828,69.03269958496094,186.6978759765625,138.24624633789062,244.58755493164062,34.23838806152344,67.98880767822266,79.71583557128906,62.036991119384766,67.18081665039062,55.86794662475586,56.894718170166016,43.96791076660156,79.57654571533203,21.482954025268555,145.6247100830078,155.41744995117188,433.10546875,43.24827194213867,57.72832107543945,93.64856719970703,215.6118621826172,38.53034591674805,39.528995513916016,65.53752899169922,37.9975471496582,32.882774353027344,104.32347869873047,86.39585876464844,68.2359619140625,35.01522445678711,30.660642623901367,123.3905258178711,85.12745666503906
2023-07-14,57.2181510925293,116.9137954711914,238.755615234375,150.41146850585938,69.21007537841797,184.87356567382812,136.53366088867188,242.89161682128906,33.387351989746094,67.53455352783203,80.70116424560547,61.96834182739258,66.4819107055664,55.447410583496094,56.94095230102539,43.21735382080078,79.06011962890625,21.455968856811523,144.76785278320312,154.95504760742188,432.8357238769531,42.98417663574219,57.45545959472656,93.30868530273438,215.29458618164062,38.29289245605469,39.29772186279297,64.91878509521484,36.993778228759766,32.66343307495117,104.0169906616211,86.26840209960938,68.46639251708984,35.01522445678711,30.541858673095703,125.24493408203125,85.3470230102539
2023-07-17,57.24565505981445,117.02893829345703,239.8561553955078,150.50601196289062,69.7249984741211,186.852294921875,137.70689392089844,245.80313110351562,33.297767639160156,68.03514862060547,80.3663558959961,62.65481185913086,66.17022705078125,55.090858459472656,56.78376007080078,42.97643280029297,78.73148345947266,21.39299774169922,145.04396057128906,154.82022094726562,434.3385925292969,42.96596908569336,57.37360382080078,93.57302856445312,216.1117706298828,38.338558197021484,39.33547592163086,64.68677520751953,36.92111587524414,32.9781494140625,104.40965270996094,87.37132263183594,68.26360321044922,34.717350006103516,30.1900691986084,124.67436981201172,85.69344329833984
2023-07-18,58.03398513793945,117.87344360351562,241.5939178466797,151.52716064453125,70.30889129638672,189.1592254638672,139.88311767578125,248.04806518554688,33.62922668457031,68.67481994628906,81.0742416381836,63.19417953491211,66.21744537353516,54.624610900878906,56.71903610229492,42.09614944458008,79.4638671875,21.204076766967773,145.93887329101562,155.34036254882812,437.5660400390625,43.275604248046875,57.71013259887695,94.13951873779297,217.8325653076172,38.06459045410156,39.642269134521484,65.13150024414062,37.29355239868164,33.35008239746094,104.9938735961914,88.36150360107422,68.18987274169922,34.42848587036133,29.957063674926758,125.59680938720703,86.04476165771484
2023-07-19,58.043148040771484,117.65271759033203,242.10557556152344,152.35922241210938,70.30642700195312,189.9604034423828,141.2645721435547,247.54811096191406,33.835269927978516,68.93437957763672,81.35166931152344,62.890167236328125,66.44412994384766,55.10000228881836,57.153629302978516,42.25366973876953,79.00379180908203,21.464962005615234,146.66244506835938,155.50413513183594,438.5390319824219,43.266483306884766,57.70103454589844,94.22447967529297,218.3997802734375,38.00978469848633,39.42987060546875,65.31517028808594,37.51155471801758,33.49311828613281,104.94598388671875,88.14093017578125,68.88118743896484,34.807613372802734,30.263168334960938,126.17689514160156,86.34727478027344
2023-07-20,57.27315139770508,117.6239242553711,240.52230834960938,153.20074462890625,69.03269958496094,188.30015563964844,140.28053283691406,245.19534301757812,34.25630187988281,69.22176361083984,82.58573150634766,61.49761962890625,65.21630859375,55.7216682434082,57.199859619140625,42.059085845947266,79.05072784423828,21.50994300842285,146.51011657714844,152.00738525390625,435.6296081542969,43.011497497558594,57.48274230957031,93.58247375488281,216.8231658935547,37.77234649658203,39.52426528930664,64.01968383789062,37.952125549316406,33.74108123779297,105.41526794433594,86.38115692138672,69.4710922241211,34.69025802612305,30.815977096557617,128.26905822753906,83.40510559082031
2023-07-21,57.208988189697266,117.5087661743164,240.55126953125,153.6167449951172,68.81835174560547,187.70169067382812,139.6844482421875,244.4503173828125,34.516090393066406,69.008544921875,83.18840026855469,61.330909729003906,64.78184509277344,56.425621032714844,57.48650360107422,42.0498161315918,78.90049743652344,21.563920974731445,146.71954345703125,152.32530212402344,435.6296081542969,43.06614685058594,57.68284606933594,93.62025451660156,216.80392456054688,37.75408172607422,39.528995513916016,63.38161087036133,38.2882194519043,33.62664031982422,104.917236328125,86.33702850341797,69.7107162475586,34.843711853027344,31.277423858642578,129.5624237060547,83.42462158203125
2023-07-24,57.29148864746094,117.56634521484375,241.32359313964844,154.25967407226562,69.0474853515625,188.16502380371094,140.54544067382812,244.1365966796875,35.026710510253906,69.38862609863281,82.80574798583984,61.50742721557617,65.17852783203125,56.22449493408203,57.440269470214844,42.98569869995117,79.30425262451172,21.68987274169922,147.12892150878906,153.28858947753906,437.5756530761719,43.020606994628906,57.39179611206055,93.96012878417969,217.572998046875,38.25636672973633,39.65170669555664,63.49762725830078,38.90591812133789,33.95088577270508,105.15666961669922,86.4889907836914,69.97802734375,35.17771911621094,31.19518280029297,129.27713012695312,83.9710922241211
2023-07-25,57.36481857299805,117.36482238769531,241.91249084472656,154.18405151367188,69.44165802001953,188.14572143554688,140.1007537841797,244.89146423339844,35.143165588378906,69.12905883789062,82.84402465820312,62.19389724731445,65.26353454589844,56.315914154052734,57.52349090576172,43.50460433959961,81.04132843017578,21.53693199157715,147.23365783691406,152.72023010253906,438.770263671875,43.148101806640625,57.500938415527344,94.24337005615234,218.12100219726562,38.548614501953125,40.364402770996094,63.70066452026367,39.11030960083008,33.73154830932617,105.0226058959961,87.47917175292969,69.95960235595703,34.915931701660156,31.250003814697266,129.22010803222656,83.77591705322266
2023-07-26,57.593990325927734,118.03657531738281,242.08624267578125,154.64736938476562,69.29385375976562,189.63223266601562,141.87010192871094,245.67567443847656,35.0983772277832,69.6111068725586,82.65269470214844,61.330909729003906,66.30244445800781,56.398189544677734,57.73616409301758,44.17176818847656,80.58122253417969,21.698869705200195,147.56687927246094,152.74913024902344,438.8376770019531,43.20274353027344,57.610084533691406,94.4133071899414,218.28440856933594,38.78606414794922,40.227542877197266,64.69644165039062,39.12392807006836,33.93181610107422,105.7600326538086,86.30271911621094,70.04254913330078,35.04231262207031,31.250003814697266,129.1344757080078,83.75640869140625
2023-07-27,58.06148147583008,117.52796173095703,240.40646362304688,153.3425750732422,68.89965057373047,187.18048095703125,139.97775268554688,242.5582733154297,34.659420013427734,68.90657806396484,82.27959442138672,61.26226806640625,66.77468872070312,55.53882598876953,57.375545501708984,43.53240203857422,79.73616790771484,21.29403305053711,146.2720947265625,151.95924377441406,435.9281921386719,43.020606994628906,57.2735595703125,93.7901840209961,216.60203552246094,38.3568229675293,39.96794128417969,65.23782348632812,38.87413024902344,33.50266647338867,104.8502197265625,86.05271911621094,69.42500305175781,34.30210876464844,30.697193145751953,128.18350219726562,82.88790893554688
2023-07-28,58.391483306884766,118.50679779052734,242.9165496826172,154.00437927246094,69.98614501953125,189.60324096679688,141.7660369873047,245.85215759277344,34.775882720947266,69.42571258544922,82.50918579101562,62.12525177001953,68.28587341308594,55.34684371948242,57.88410949707031,45.84893798828125,80.20565795898438,21.2850399017334,146.99563598632812,154.88763427734375,440.1961364746094,43.37576675415039,57.76470947265625,94.76264190673828,218.86123657226562,39.288352966308594,40.24641036987305,66.52362060546875,38.992225646972656,33.56942367553711,105.50147247314453,87.2242660522461,70.1439437866211,34.20281982421875,30.628664016723633,128.5638885498047,84.29312133789062
2023-07-31,58.13481521606445,118.2477035522461,243.447509765625,154.48663330078125,70.12657165527344,191.8040313720703,143.10012817382812,249.03814697265625,35.42087936401367,69.5276870727539,82.23177337646484,62.0958366394043,68.06863403320312,55.34684371948242,57.48650360107422,46.14545440673828,80.63756561279297,21.357011795043945,147.45262145996094,155.41744995117188,441.03424072265625,43.37576675415039,57.74651336669922,94.97035217285156,219.52455139160156,39.33401107788086,40.45880889892578,66.50431060791016,39.7325553894043,33.69341278076172,105.75044250488281,87.42526245117188,69.82135772705078,34.47361373901367,30.642366409301758,127.57484436035156,84.77127075195312
2023-08-01,57.44731521606445,117.68150329589844,242.7620849609375,153.9665985107422,69.92948150634766,190.9256134033203,142.63650512695312,247.63633728027344,35.152130126953125,69.1939468383789,81.67692565917969,62.15467071533203,67.92695617675781,54.706886291503906,57.1351318359375,45.13544464111328,79.66104888916016,21.19507598876953,146.85281372070312,153.3848876953125,439.7721862792969,42.89310836791992,57.10983657836914,94.39442443847656,218.9285125732422,38.78606414794922,40.279449462890625,66.41728210449219,39.54633331298828,33.69341278076172,106.0665054321289,87.57230377197266,69.44342041015625,34.410430908203125,30.26773452758789,126.90918731689453,83.81007385253906
2023-08-02,56.365657806396484,116.27082061767578,239.35415649414062,152.68072509765625,68.57444763183594,188.32911682128906,141.06585693359375,243.3915557861328,34.605674743652344,68.1556625366211,81.41863250732422,60.585601806640625,66.2080078125,54.286346435546875,57.01492691040039,43.83818435668945,78.15872955322266,21.078126907348633,145.45333862304688,150.55282592773438,433.65460205078125,42.06439208984375,56.072967529296875,92.81774139404297,215.8233184814453,37.945858001708984,39.779144287109375,65.1701431274414,39.02854919433594,33.40729522705078,104.95555114746094,85.4056625366211,69.69230651855469,34.26599884033203,30.26773452758789,126.9947509765625,82.30728912353516
2023-08-03,56.09065246582031,115.65664672851562,238.6107940673828,152.1701202392578,68.38227844238281,187.79823303222656,140.84825134277344,242.568115234375,34.90129470825195,68.18347930908203,81.02642822265625,60.20314025878906,66.3402328491211,53.18928909301758,56.82075119018555,44.89453125,77.90521240234375,20.94318389892578,144.72979736328125,150.87071228027344,432.411865234375,41.9368896484375,55.91835021972656,92.61946105957031,215.19845581054688,38.11024856567383,39.53371047973633,65.00579833984375,39.423702239990234,33.42637252807617,104.29473114013672,85.05763244628906,69.49873352050781,33.796600341796875,29.577857971191406,126.35757446289062,82.50244903564453
2023-08-04,56.63148880004883,115.83897399902344,237.50057983398438,151.62171936035156,68.05213165283203,187.4217987060547,140.9144287109375,241.56820678710938,35.01775360107422,68.18347930908203,80.77769470214844,59.467647552490234,66.09468078613281,52.78702926635742,56.39540100097656,44.43122482299805,77.91460418701172,20.772253036499023,144.08238220214844,151.55465698242188,430.4561462402344,42.0552864074707,56.018402099609375,92.44951629638672,214.28514099121094,38.155906677246094,39.44403076171875,64.86077880859375,39.47819519042969,33.29285430908203,103.66266632080078,83.90079498291016,68.80744171142578,33.46261215209961,29.23520851135254,125.9106216430664,83.7027359008789
2023-08-07,57.108150482177734,116.86580657958984,239.5955047607422,152.99269104003906,68.5473403930664,187.54725646972656,141.4632568359375,240.72512817382812,35.116294860839844,68.86022186279297,81.69606018066406,59.6441650390625,66.99192810058594,52.95158386230469,56.848487854003906,44.00497817993164,78.3089599609375,21.06913185119629,145.30104064941406,152.71058654785156,434.21337890625,42.39223098754883,56.555023193359375,93.12928771972656,215.92910766601562,38.091976165771484,39.70363235473633,65.86621856689453,39.52362060546875,33.760154724121094,104.93640899658203,84.1360855102539,69.36970520019531,33.886871337890625,29.230634689331055,127.36564636230469,84.56147003173828
2023-08-08,56.60398864746094,116.03092193603516,238.42735290527344,152.3119659423828,68.21968078613281,186.36965942382812,140.82931518554688,239.05859375,35.27754592895508,68.10004425048828,82.62398529052734,59.15382766723633,66.62358093261719,53.1618537902832,56.5063591003418,43.300750732421875,77.60474395751953,20.898202896118164,144.5774383544922,151.26565551757812,432.3251647949219,42.0734977722168,56.25487518310547,92.55335998535156,214.9292755126953,37.69927978515625,39.28356170654297,65.68255615234375,39.71892166137695,33.454978942871094,104.45755004882812,83.4890365600586,68.87195587158203,33.71536636352539,29.367694854736328,128.3451690673828,83.88813781738281
2023-08-09,56.108985900878906,116.04051208496094,236.6799774169922,151.84866333007812,67.5125961303711,184.9121551513672,140.07235717773438,236.41175842285156,35.71649169921875,67.8404769897461,82.70051574707031,58.486976623535156,66.17967224121094,53.280704498291016,56.58958053588867,43.449005126953125,77.4920654296875,20.889205932617188,144.15855407714844,149.8014373779297,429.4349060058594,42.109928131103516,56.38220977783203,92.17571258544922,213.39112854003906,37.76321029663086,39.123085021972656,64.97679901123047,40.21853256225586,33.20702362060547,104.40010070800781,82.41060638427734,68.97335815429688,33.796600341796875,29.431657791137695,128.30711364746094,82.89278411865234
2023-08-10,56.34733200073242,115.58946990966797,236.8344268798828,151.6595458984375,67.60620880126953,184.09170532226562,139.10728454589844,235.7941436767578,35.83294677734375,68.09077453613281,82.45179748535156,58.585044860839844,66.51023864746094,53.170997619628906,56.645057678222656,43.75478744506836,77.50145721435547,20.772253036499023,143.9871826171875,150.755126953125,429.58905029296875,42.2374153137207,56.60049819946289,92.31733703613281,213.42958068847656,37.836280822753906,39.151405334472656,65.19915008544922,40.213985443115234,33.235633850097656,104.11277770996094,82.42041778564453,68.83509826660156,33.68828201293945,29.340282440185547,128.2215576171875,83.09283447265625
2023-08-11,56.255653381347656,115.57987213134766,236.6510009765625,152.0850372314453,67.32288360595703,184.35231018066406,139.4195098876953,236.09803771972656,36.164405822753906,67.95172882080078,82.71009063720703,58.01626205444336,65.9246597290039,53.21670913696289,56.63581848144531,42.47605514526367,77.02259063720703,20.763261795043945,144.01576232910156,149.4739227294922,429.3385925292969,42.00063705444336,56.118438720703125,91.98690032958984,213.22772216796875,37.2883186340332,39.0428466796875,64.8897933959961,40.83169174194336,33.30238342285156,104.28516387939453,81.81257629394531,68.94570922851562,33.75147247314453,29.50019073486328,129.02032470703125,82.8098373413086
2023-08-14,55.75149154663086,115.1864242553711,237.84808349609375,151.9810333251953,68.05460357666016,184.0337677001953,138.67201232910156,236.46078491210938,35.90462112426758,67.70142364501953,82.90142059326172,58.84001541137695,66.40634155273438,52.86930465698242,56.37690734863281,42.1702766418457,76.49677276611328,20.583335876464844,143.9871826171875,149.13681030273438,431.70855712890625,41.827613830566406,56.00930404663086,92.06241607666016,214.28514099121094,37.11479187011719,39.12779998779297,65.36351013183594,40.65909194946289,33.235633850097656,104.32347869873047,83.1164779663086,68.60466003417969,33.570926666259766,29.26718521118164,129.41024780273438,83.06356048583984
2023-08-15,55.15565872192383,113.698974609375,235.21255493164062,149.95765686035156,67.40664672851562,181.60137939453125,136.50527954101562,234.1962432861328,35.25962448120117,66.62606811523438,82.61441802978516,58.173160552978516,65.74520874023438,52.0373649597168,55.78512191772461,41.475311279296875,75.07894897460938,20.34943389892578,142.09262084960938,147.3258056640625,426.6795959472656,41.24477767944336,55.29076385498047,90.97666931152344,211.8529510498047,36.72209930419922,38.49061965942383,64.78343963623047,39.81430435180664,32.625274658203125,102.99225616455078,82.29786682128906,67.86726379394531,33.2279167175293,28.792041778564453,128.93478393554688,81.93158721923828
2023-08-16,54.46815872192383,113.11358642578125,233.3686065673828,148.92701721191406,66.849853515625,179.3812713623047,134.95352172851562,230.92202758789062,35.026710510253906,66.27378845214844,82.00218200683594,57.77108383178711,64.83851623535156,52.128787994384766,55.627925872802734,40.71548843383789,74.39351654052734,20.241479873657227,141.0548858642578,145.45700073242188,423.548583984375,40.916927337646484,54.9542350769043,90.28744506835938,210.10333251953125,36.47551727294922,38.23102951049805,64.01001739501953,39.46912384033203,32.577598571777344,102.4176254272461,81.51356506347656,67.7105712890625,32.82170104980469,28.919963836669922,127.95526123046875,80.91670227050781
2023-08-17,54.23899459838867,112.19233703613281,231.50535583496094,148.23681640625,66.11815643310547,177.26739501953125,134.02626037597656,227.29486083984375,35.37608337402344,65.773193359375,81.5143051147461,57.18268966674805,64.5362777709961,51.945945739746094,55.322792053222656,41.12320327758789,74.44985961914062,20.061553955078125,139.9695587158203,144.06024169921875,420.3211669921875,40.64372634887695,54.48128128051758,89.69263458251953,208.38250732421875,36.59424591064453,38.1555061340332,63.275272369384766,39.94148254394531,32.41546630859375,101.5556869506836,80.73908233642578,67.05614471435547,32.57797622680664,28.856000900268555,126.93769836425781,79.545654296875
2023-08-18,54.37649917602539,112.09635162353516,231.6791534423828,148.50152587890625,66.03192138671875,178.23265075683594,134.48045349121094,228.7457275390625,35.69857406616211,65.70829010009766,81.43775939941406,57.27094650268555,63.96015167236328,52.275062561035156,55.406005859375,40.14098358154297,74.25267028808594,20.088542938232422,140.2170867919922,143.21253967285156,420.5234680175781,40.64372634887695,54.39032745361328,89.6360092163086,208.622802734375,36.36593246459961,38.150787353515625,62.89823913574219,40.33661651611328,32.40593719482422,101.74724578857422,80.86161041259766,67.30500793457031,32.668243408203125,29.006772994995117,126.98521423339844,79.36512756347656
2023-08-21,54.42232894897461,112.15393829345703,233.03070068359375,148.2841033935547,66.92622375488281,177.97206115722656,133.85594177246094,229.0790557861328,35.57316207885742,65.67121124267578,81.64823150634766,58.27122497558594,64.43238830566406,52.073936462402344,55.184085845947266,40.06686019897461,74.4686279296875,19.890626907348633,140.18850708007812,144.46482849121094,423.2595520019531,40.77122116088867,54.699562072753906,90.07974243164062,209.82452392578125,36.4481201171875,38.1555061340332,63.35261535644531,40.082279205322266,32.3677864074707,101.62271881103516,82.40570831298828,66.85337829589844,32.38840866088867,28.824024200439453,127.11837768554688,80.27752685546875
2023-08-22,54.68815994262695,111.94281768798828,232.37423706054688,147.58441162109375,66.8744888305664,177.44114685058594,132.93817138671875,229.353515625,35.37608337402344,65.15206909179688,81.36123657226562,58.22220230102539,64.47016143798828,52.14707565307617,54.8512077331543,39.955665588378906,74.4686279296875,20.007577896118164,139.6363525390625,144.54188537597656,422.1130676269531,40.680152893066406,54.49946975708008,89.89090728759766,209.26690673828125,36.384193420410156,38.12246322631836,63.35261535644531,39.77341842651367,32.06261444091797,101.38329315185547,82.31257629394531,66.4754638671875,32.487709045410156,28.906259536743164,126.67142486572266,80.39463806152344
2023-08-23,55.412330627441406,113.19035339355469,234.98081970214844,148.61502075195312,67.8599853515625,179.3330078125,134.31011962890625,231.79449462890625,35.26858139038086,65.86590576171875,81.78215026855469,59.2911262512207,65.49964904785156,52.4761962890625,55.258056640625,40.511634826660156,75.11651611328125,20.322446823120117,140.79783630371094,145.6978302001953,426.8144836425781,41.117279052734375,54.9542350769043,90.92002868652344,211.55494689941406,36.92301940917969,38.18383026123047,64.37739562988281,39.67350387573242,32.377323150634766,102.42720794677734,83.7978515625,66.91788482666016,32.96613311767578,29.020475387573242,127.05184936523438,81.03868865966797
2023-08-24,54.68815994262695,111.53976440429688,231.70809936523438,147.29132080078125,66.61334991455078,176.8523406982422,133.0044403076172,228.28497314453125,35.026710510253906,65.59705352783203,81.00728607177734,58.05548095703125,64.36627197265625,52.18363952636719,54.95292282104492,40.54869842529297,74.42167663574219,20.21449089050293,139.44593811035156,143.6074676513672,420.8992004394531,40.59819030761719,54.19022750854492,89.78704833984375,208.71897888183594,36.767757415771484,38.023353576660156,63.13992691040039,39.40099334716797,32.26288986206055,101.18217468261719,81.86650848388672,66.3832778930664,32.81267547607422,28.8514347076416,125.94866943359375,79.45294189453125
2023-08-25,54.972328186035156,112.6817398071289,233.4458465576172,148.18008422851562,67.14550018310547,177.60525512695312,133.19361877441406,229.65740966796875,35.37608337402344,65.7361068725586,81.49517059326172,58.54581832885742,64.3568344116211,52.64075469970703,55.31353759765625,40.54869842529297,74.6094741821289,20.25047492980957,140.1504364013672,144.81161499023438,423.8664245605469,40.853179931640625,54.58132553100586,90.30632781982422,210.14175415039062,36.7403678894043,38.136634826660156,63.20759201049805,39.78250503540039,32.41546630859375,102.03455352783203,82.69983673095703,66.75196838378906,32.9029426574707,29.070735931396484,126.87113189697266,80.34095001220703
2023-08-28,55.6231575012207,113.53582763671875,234.78778076171875,149.0688934326172,67.61360931396484,179.188232421875,134.55616760253906,231.0298309326172,35.65378952026367,66.33868408203125,81.78215026855469,58.9773063659668,65.20686340332031,52.70474624633789,55.572444915771484,41.373390197753906,75.33247375488281,20.41240692138672,141.19773864746094,146.0446319580078,426.5543212890625,41.28120422363281,55.154335021972656,91.05218505859375,211.4876251220703,37.10567092895508,38.41510772705078,63.981021881103516,40.05048370361328,32.59667205810547,102.86776733398438,83.37628936767578,67.05614471435547,33.16472244262695,29.066164016723633,127.16590881347656,80.6629867553711
2023-08-29,56.00815963745117,114.78337860107422,238.35012817382812,150.47764587402344,68.91934967041016,181.68821716308594,136.2498016357422,234.69619750976562,35.85982894897461,67.09884643554688,82.52832794189453,60.105079650878906,66.5857925415039,53.152713775634766,55.9238166809082,42.2722053527832,76.8160171508789,20.66429901123047,142.78761291503906,149.2523956298828,432.7201232910156,41.80939865112305,55.93653869628906,92.2795639038086,214.56399536132812,37.598819732666016,39.05229187011719,65.40216064453125,40.159481048583984,32.89231872558594,103.653076171875,85.04783630371094,67.29580688476562,33.543853759765625,29.17580795288086,128.30711364746094,82.67810821533203
2023-08-30,55.90732192993164,115.01368713378906,239.45071411132812,150.87478637695312,69.37022399902344,182.37355041503906,136.45797729492188,236.34312438964844,36.04795837402344,67.16374206542969,82.36570739746094,60.4875373840332,66.59524536132812,52.78702926635742,55.94231414794922,42.040550231933594,76.84417724609375,20.772253036499023,143.2350616455078,149.12713623046875,434.5024108886719,41.800296783447266,55.90924835205078,92.50617218017578,215.5157012939453,37.46183776855469,39.1419677734375,65.4118423461914,40.35933303833008,32.91138458251953,104.12234497070312,85.68997192382812,67.4063949584961,33.661197662353516,29.043319702148438,128.2120361328125,83.0342788696289
2023-08-31,56.50315856933594,114.3995132446289,239.21900939941406,150.31692504882812,69.4539794921875,182.0550079345703,136.26870727539062,235.931396484375,36.03899383544922,66.84854888916016,81.5047378540039,60.70328903198242,66.66134643554688,52.35734558105469,55.553955078125,41.61430740356445,76.75967407226562,20.601327896118164,142.73045349121094,148.96337890625,433.8666076660156,41.663692474365234,55.409000396728516,92.2701416015625,215.28497314453125,37.01433563232422,39.123085021972656,65.47952270507812,40.38658142089844,32.78740692138672,103.653076171875,86.10665893554688,67.06537628173828,33.417476654052734,28.764625549316406,126.68093872070312,83.29287719726562
2023-09-01,56.86982345581055,114.85054779052734,239.87547302246094,151.13954162597656,69.47369384765625,184.21719360351562,138.1232147216797,237.95082092285156,36.701900482177734,67.21937561035156,81.70562744140625,60.91902542114258,66.42523956298828,52.08308410644531,55.19333267211914,42.52239227294922,77.44512939453125,20.610322952270508,143.3207244873047,148.5684356689453,434.6758117675781,41.72744369506836,55.2180061340332,92.59114074707031,215.99636840820312,37.41617202758789,39.56203079223633,64.8704605102539,41.21321105957031,33.083045959472656,104.19896697998047,86.37133026123047,66.49388885498047,33.39942932128906,28.618427276611328,127.02330017089844,82.78544616699219
2023-09-05,56.89731979370117,113.51663208007812,238.66873168945312,149.39979553222656,69.53035736083984,180.33689880371094,134.90621948242188,233.55906677246094,36.85419464111328,66.47773742675781,80.8924789428711,61.09555435180664,66.17022705078125,51.24199676513672,54.49983215332031,41.994224548339844,76.337158203125,20.3674259185791,141.54995727539062,147.98081970214844,432.797119140625,41.35406494140625,54.554046630859375,92.00577545166016,214.7082061767578,37.196990966796875,38.8304557800293,64.86077880859375,41.43122863769531,32.74925994873047,102.44635772705078,86.68016052246094,65.9223861694336,33.0654296875,28.179832458496094,125.71094512939453,82.843994140625
2023-09-06,57.04398727416992,113.50703430175781,237.104736328125,148.9081268310547,68.82080078125,179.66119384765625,134.092529296875,233.44140625,36.881065368652344,66.33868408203125,80.44287872314453,60.39927291870117,65.85855102539062,51.1962890625,54.4166145324707,42.01274871826172,75.99913787841797,20.34943389892578,141.0644073486328,147.2776336669922,429.8876953125,41.19013214111328,54.35394287109375,91.47705841064453,213.3622589111328,37.023468017578125,38.7454948425293,64.65776824951172,41.44939041137695,32.73017883300781,102.00582122802734,85.76351165771484,65.84867858886719,33.002235412597656,28.24379539489746,125.0262222290039,82.10723114013672
2023-09-07,57.04398727416992,112.950439453125,236.3710479736328,148.8041229248047,68.56212615966797,177.92376708984375,132.97601318359375,230.9612274169922,36.764610290527344,66.08837890625,80.8829345703125,59.536285400390625,65.75465393066406,51.9550895690918,54.54607009887695,40.76182556152344,75.32307434082031,20.43039894104004,140.50270080566406,146.4877471923828,428.56787109375,41.02621078491211,54.117462158203125,91.09941101074219,212.6316680908203,36.63990783691406,38.570858001708984,64.54174041748047,41.408504486083984,32.64435958862305,101.67060852050781,84.52333068847656,66.00537872314453,33.273040771484375,28.61385726928711,125.5873031616211,82.33655548095703
2023-09-08,56.47565841674805,112.36505889892578,236.70892333984375,148.96484375,68.59415435791016,177.5280303955078,132.92874145507812,229.86326599121094,37.0244026184082,66.13472747802734,80.83509063720703,59.565711975097656,65.88688659667969,52.284202575683594,54.62928771972656,40.669158935546875,75.07894897460938,20.34943389892578,140.56935119628906,146.45883178710938,429.2133483886719,40.9715690612793,54.19932556152344,91.13716888427734,212.8623809814453,36.71296310424805,38.60861587524414,64.735107421875,41.80820083618164,32.711116790771484,101.16301727294922,84.69979095458984,66.08831787109375,33.05640411376953,28.865137100219727,125.5873031616211,82.33655548095703
2023-09-11,57.12648010253906,112.80650329589844,238.34046936035156,149.3241424560547,69.33818817138672,177.95274353027344,133.1747283935547,230.41224670410156,36.7735710144043,66.77438354492188,81.41863250732422,59.89913558959961,66.87859344482422,52.5676155090332,55.110111236572266,41.33633041381836,75.9803466796875,20.376422882080078,140.79783630371094,149.20423889160156,432.0361328125,41.43601989746094,54.76322937011719,91.87359619140625,214.1986541748047,37.13306427001953,38.7738151550293,65.71155548095703,41.25862503051758,32.863704681396484,101.19176483154297,85.14097595214844,66.65979766845703,33.0744514465332,28.98392677307129,126.45268249511719,84.55170440673828
2023-09-12,57.11732482910156,112.230712890625,236.99856567382812,149.5226593017578,68.55473327636719,177.7789764404297,133.36392211914062,229.97109985351562,37.4185676574707,67.21937561035156,81.3038330078125,58.938079833984375,66.42523956298828,52.585899353027344,54.67552185058594,41.33633041381836,75.51087188720703,20.358430862426758,140.61695861816406,148.37579345703125,429.6661682128906,41.253883361816406,54.40851974487305,91.48649597167969,213.16038513183594,37.03260803222656,38.68413162231445,65.02513122558594,42.230594635009766,33.083045959472656,100.82781982421875,83.59687805175781,66.08831787109375,33.0744514465332,29.020475387573242,126.29103088378906,83.78569030761719
2023-09-13,57.089820861816406,111.57815551757812,236.9888916015625,149.1255645751953,68.7666015625,176.61106872558594,132.4461669921875,228.32418823242188,37.230438232421875,67.2471694946289,81.14122009277344,59.045955657958984,66.51968383789062,52.93330383300781,54.71250915527344,41.02127456665039,75.12590026855469,20.20549774169922,140.05523681640625,148.66476440429688,430.16717529296875,41.17192077636719,54.18113327026367,91.38264465332031,213.18922424316406,36.996070861816406,38.45758056640625,65.23782348632812,41.91265869140625,33.083045959472656,100.15740966796875,83.80764770507812,66.29109191894531,32.74046325683594,29.367694854736328,126.31007385253906,84.44927215576172
2023-09-14,58.06148147583008,112.73931884765625,239.1417694091797,150.8275146484375,69.21992492675781,179.10137939453125,134.7169952392578,230.8632049560547,37.79480743408203,68.09077453613281,81.54299926757812,59.50687026977539,67.17137908935547,53.76524353027344,55.14710235595703,41.2436637878418,76.74090576171875,20.55634880065918,141.6927490234375,150.51429748535156,433.8761901855469,41.72744369506836,54.826908111572266,92.3078842163086,215.0157928466797,37.21525573730469,39.000362396240234,66.14659118652344,42.40318298339844,33.388221740722656,101.14387512207031,84.41549682617188,66.9639663696289,33.33624267578125,29.79715347290039,126.70948028564453,85.27872467041016
2023-09-15,57.74065017700195,112.49942016601562,236.2455291748047,149.71180725097656,68.14082336425781,177.228759765625,133.41127014160156,227.91246032714844,37.4185676574707,67.76631164550781,81.14122009277344,58.477169036865234,66.56690979003906,53.600685119628906,54.80497741699219,40.974945068359375,76.5625,20.466384887695312,140.50270080566406,149.088623046875,428.6487121582031,41.63637161254883,54.74504470825195,91.54312896728516,212.48745727539062,37.023468017578125,38.566139221191406,65.26683807373047,41.7900276184082,33.2165641784668,100.5596694946289,82.79297637939453,66.41091918945312,33.20986557006836,29.669233322143555,125.71094512939453,83.81983947753906
2023-09-18,57.87814712524414,112.69134521484375,236.38067626953125,149.57945251464844,68.19502258300781,176.0511932373047,132.37045288085938,226.84390258789062,37.579811096191406,67.71996307373047,80.66290283203125,58.63407516479492,66.54801940917969,53.46355056762695,54.89744567871094,40.90080642700195,76.12118530273438,20.28645896911621,140.16612243652344,147.7496337890625,428.90008544921875,41.48049545288086,54.36228561401367,91.43505859375,212.50668334960938,36.96639633178711,38.40583801269531,65.31334686279297,42.144168853759766,33.30756759643555,100.67122650146484,83.19086456298828,66.38772583007812,32.91960906982422,29.64712905883789,125.51993560791016,82.90825653076172
2023-09-19,58.162315368652344,112.04837036132812,235.9076690673828,149.2012481689453,68.06938934326172,175.36585998535156,132.0109100341797,225.65773010253906,37.43647766113281,67.86829376220703,80.73944091796875,58.565433502197266,66.59524536132812,53.45440673828125,54.74949645996094,40.641357421875,76.01790618896484,20.20549774169922,139.9366455078125,147.79779052734375,428.01055908203125,41.48966598510742,54.39883041381836,91.2644271850586,211.96832275390625,36.78224563598633,38.372642517089844,65.36180877685547,41.75067901611328,33.26924133300781,100.24810791015625,83.14665985107422,66.22998046875,32.74673080444336,29.48592185974121,125.62498474121094,82.49276733398438
2023-09-20,57.38315200805664,111.77967834472656,233.72584533691406,148.63389587402344,67.13319396972656,173.60911560058594,130.82815551757812,223.35401916503906,37.10502624511719,67.57164001464844,80.806396484375,57.69263458251953,65.72632598876953,53.39955139160156,54.82347106933594,40.335575103759766,75.68927764892578,20.241479873657227,139.29598999023438,146.3817901611328,424.0757751464844,41.35212707519531,54.49931716918945,90.6386489868164,210.09368896484375,36.6717643737793,37.96951675415039,64.47015380859375,41.36177444458008,33.03934860229492,99.85384368896484,81.83998107910156,66.29492950439453,32.81041717529297,29.513559341430664,125.63452911376953,81.67161560058594
2023-09-21,56.493988037109375,109.86038970947266,229.7483367919922,146.4403533935547,65.89640045166016,170.91607666015625,129.0304718017578,219.57981872558594,36.58544158935547,66.54261779785156,79.68714141845703,56.78062057495117,64.83851623535156,52.75960159301758,54.1946907043457,39.557220458984375,74.05548858642578,19.665721893310547,136.9820556640625,143.00059509277344,417.06646728515625,40.66445541381836,53.713706970214844,89.15013122558594,206.56997680664062,36.0825080871582,37.20595932006836,63.67542266845703,40.7944221496582,32.493316650390625,98.2190933227539,80.59221649169922,65.4411849975586,31.673059463500977,29.204975128173828,124.5363998413086,79.44273376464844
2023-09-22,56.64982223510742,109.51490783691406,229.18838500976562,145.806884765625,65.82496643066406,170.5299835205078,128.4911346435547,219.06027221679688,36.66606903076172,66.27378845214844,79.59147644042969,56.927711486816406,65.0368423461914,52.61332321166992,53.982025146484375,40.79888916015625,74.08365631103516,19.60274887084961,136.43704223632812,142.8175811767578,416.1286926269531,40.710296630859375,53.59494400024414,89.13118743896484,206.13577270507812,36.506038665771484,37.16801452636719,63.597877502441406,40.8630485534668,32.24424743652344,97.88253021240234,80.76416778564453,65.08855438232422,31.454694747924805,29.149703979492188,124.27859497070312,78.66068267822266
2023-09-25,56.57649230957031,109.71643829345703,230.09585571289062,146.2323455810547,66.16988372802734,171.29254150390625,129.38999938964844,219.68763732910156,37.04231643676758,66.17180633544922,79.9932632446289,57.10423278808594,64.97073364257812,52.256778717041016,53.556671142578125,40.22438430786133,73.95220184326172,19.53977394104004,136.78126525878906,142.24925231933594,417.8786315917969,40.55442428588867,53.229557037353516,89.22598266601562,206.96559143066406,36.36792755126953,37.46205139160156,63.752952575683594,41.37549591064453,32.320892333984375,98.37295532226562,81.02452087402344,64.8565673828125,31.40009880065918,29.108253479003906,124.9565658569336,79.14456939697266
2023-09-26,55.70565414428711,108.075439453125,226.92172241210938,144.38246154785156,65.1168441772461,169.09014892578125,127.47595977783203,217.32522583007812,36.79148864746094,65.37455749511719,79.294921875,55.98627471923828,64.08293151855469,50.96773147583008,53.12208557128906,39.76107406616211,72.82545471191406,19.182714462280273,134.85935974121094,139.7350616455078,411.7393798828125,39.976776123046875,52.56269454956055,87.9745101928711,203.9840850830078,35.94440841674805,36.921390533447266,63.04545974731445,41.13758087158203,31.88981056213379,96.87284851074219,79.56554412841797,64.37401580810547,30.84507179260254,28.237770080566406,123.89663696289062,77.7026596069336
2023-09-27,55.943992614746094,108.44970703125,226.91200256347656,144.4110107421875,65.23041534423828,170.67088317871094,128.60971069335938,219.50595092773438,37.55292892456055,65.2818603515625,78.96967315673828,56.10395431518555,64.15848541259766,50.04437255859375,52.55803298950195,39.89080047607422,72.66584014892578,19.02787208557129,134.90713500976562,139.3015594482422,411.9037780761719,39.885093688964844,52.33432388305664,87.98396301269531,204.19635009765625,35.99043655395508,36.91665267944336,63.210208892822266,42.162471771240234,31.841922760009766,97.59405517578125,79.68834686279297,63.845062255859375,30.572101593017578,27.694292068481445,123.27597045898438,77.40451049804688
2023-09-28,56.053993225097656,109.25579833984375,228.48263549804688,145.14373779296875,65.71422576904297,172.2128448486328,129.70535278320312,221.6866455078125,37.65147399902344,65.85662078857422,79.294921875,56.53544998168945,64.8101806640625,49.212432861328125,52.79844665527344,39.80740737915039,73.6799087524414,19.219154357910156,135.84422302246094,140.82357788085938,414.291748046875,40.21517562866211,52.845882415771484,88.59075164794922,205.54721069335938,36.064090728759766,37.31502914428711,63.90803146362305,42.20822525024414,32.07182312011719,98.00755310058594,80.25328063964844,64.03994750976562,30.890562057495117,27.095548629760742,123.86801147460938,78.26963806152344
2023-09-29,55.26565933227539,108.44970703125,227.7458038330078,144.46810913085938,65.65742492675781,171.3982391357422,129.14321899414062,220.18373107910156,36.96168518066406,65.30039978027344,78.84529876708984,56.721778869628906,64.51737976074219,49.358707427978516,52.76145553588867,40.113197326660156,73.70807647705078,19.282913208007812,135.48086547851562,141.1800079345703,413.2863464355469,40.08681106567383,52.91896057128906,88.3442611694336,204.94898986816406,36.100929260253906,37.25338363647461,63.5494270324707,41.35719680786133,31.774860382080078,97.48826599121094,80.52836608886719,63.85434341430664,30.9997501373291,27.141603469848633,122.93220520019531,78.68511199951172
2023-10-02,54.78899383544922,107.21175384521484,227.7458038330078,142.8504180908203,66.21775817871094,168.80892944335938,126.80903625488281,217.51185607910156,36.191280364990234,64.55876922607422,78.53919219970703,57.18268966674805,64.81962585449219,47.28342819213867,52.252891540527344,39.92786407470703,72.23390197753906,18.88213348388672,133.95095825195312,140.08184814453125,413.1219177246094,39.463321685791016,52.01459884643555,87.87020874023438,204.67880249023438,35.97203063964844,36.7601432800293,64.02433013916016,40.53361892700195,31.50663185119629,96.53628540039062,81.39292907714844,63.41819381713867,30.435619354248047,25.8796329498291,122.76031494140625,78.74866485595703
2023-10-03,53.83566665649414,106.30009460449219,224.49794006347656,141.30889892578125,65.03292846679688,165.96749877929688,124.83688354492188,213.76927185058594,36.06586456298828,63.529754638671875,77.66866302490234,56.2020263671875,63.837371826171875,47.228572845458984,51.86453628540039,39.1402473449707,71.40763854980469,18.59977149963379,132.3446044921875,137.2208709716797,407.5918273925781,38.96818542480469,51.457366943359375,86.67557525634766,201.70701599121094,35.51166915893555,36.660552978515625,63.16176223754883,40.506160736083984,31.00851058959961,95.8631591796875,80.01256561279297,62.963478088378906,29.880590438842773,26.17900276184082,121.67176055908203,76.8326187133789
2023-10-04,53.24899673461914,106.27130889892578,226.20428466796875,141.57530212402344,65.92155456542969,166.04507446289062,124.79878234863281,214.0737762451172,34.955039978027344,63.96546936035156,78.08000946044922,57.006168365478516,64.34738159179688,47.3657112121582,52.317623138427734,38.86225891113281,71.80198669433594,18.772830963134766,133.09994506835938,138.76214599609375,410.55999755859375,38.986534118652344,51.7131462097168,87.03588104248047,203.1639404296875,35.36436462402344,37.092124938964844,63.76265335083008,39.23420333862305,31.23841094970703,96.1708755493164,81.00978088378906,63.4645881652832,30.199050903320312,26.1513729095459,122.18738555908203,78.34784698486328
2023-10-05,54.29399871826172,105.9162368774414,226.05886840820312,141.2708282470703,65.92650604248047,166.17115783691406,125.11318969726562,213.9657440185547,34.919212341308594,64.32701110839844,78.55831146240234,57.05520248413086,64.39460754394531,47.4388427734375,51.85529327392578,39.08464813232422,71.73626708984375,18.92767906188965,132.71749877929688,138.6947021484375,410.4052734375,39.3441162109375,52.01459884643555,87.24443817138672,203.05783081054688,35.51166915893555,36.641571044921875,63.67542266845703,38.9917106628418,31.382104873657227,95.603515625,81.11784362792969,62.21181106567383,30.41742706298828,25.999378204345703,122.8558120727539,77.95681762695312
2023-10-06,54.43149185180664,107.51884460449219,228.7540740966797,142.3270721435547,67.0125961303711,167.77125549316406,125.8563003540039,216.529541015625,35.223793029785156,65.19842529296875,79.3523178100586,58.045677185058594,65.58465576171875,47.886817932128906,51.63336944580078,39.955665588378906,72.5907211303711,18.964113235473633,133.86489868164062,140.0240478515625,415.2779846191406,39.7567253112793,52.69058609008789,88.21151733398438,205.4796905517578,35.9996452331543,36.98779296875,64.84814453125,39.22505187988281,31.65033531188965,96.91130828857422,82.63578796386719,61.868465423583984,30.535709381103516,26.367841720581055,124.14491271972656,78.50425720214844
2023-10-09,54.58732986450195,108.31534576416016,230.18894958496094,143.430908203125,67.33842468261719,168.74102783203125,126.82810974121094,217.33506774902344,36.325653076171875,65.05009460449219,79.58191680908203,58.27122497558594,66.14189147949219,48.2982063293457,51.68885040283203,39.918601989746094,72.64704895019531,19.128067016601562,134.82110595703125,139.71578979492188,417.93658447265625,39.72922134399414,52.52616500854492,88.47698974609375,206.77259826660156,35.7786750793457,37.035221099853516,65.54593658447266,40.53361892700195,31.669490814208984,98.4306640625,83.06314086914062,61.92414474487305,30.936059951782227,26.63036346435547,124.5746078491211,78.58737182617188
2023-10-10,55.30232620239258,109.543701171875,231.55593872070312,144.52523803710938,67.66178894042969,170.65151977539062,128.18096923828125,219.87921142578125,36.47794723510742,65.78245544433594,80.09850311279297,58.428138732910156,66.62358093261719,49.26728439331055,52.28988265991211,40.68769454956055,73.69867706298828,19.282913208007812,135.853759765625,141.8350372314453,420.1119079589844,40.233516693115234,53.34830093383789,89.2638931274414,208.05587768554688,36.34951400756836,37.428855895996094,65.92393493652344,40.583953857421875,31.899394989013672,99.02686309814453,83.19086456298828,62.55518341064453,31.045238494873047,26.994218826293945,125.16663360595703,79.44761657714844
2023-10-11,55.164825439453125,109.86038970947266,232.5060577392578,144.4014892578125,68.20732116699219,170.3605499267578,128.4287109375,218.63168334960938,36.21815872192383,65.96786499023438,80.08892822265625,58.987117767333984,67.12415313720703,49.9072380065918,52.188167572021484,41.00273895263672,74.14937591552734,19.50151824951172,136.140625,142.09510803222656,421.8327941894531,40.40772247314453,53.70457077026367,89.67160034179688,208.87603759765625,36.45999526977539,37.51896667480469,66.52482604980469,40.06235122680664,31.947294235229492,99.62303924560547,83.96211242675781,62.128299713134766,31.673059463500977,27.431766510009766,124.61280822753906,79.73111724853516
2023-10-12,55.30232620239258,109.01588439941406,230.74154663085938,142.91705322265625,67.86418914794922,166.5105743408203,125.98014831542969,213.48439025878906,36.20919418334961,65.36529541015625,79.39057922363281,59.10480499267578,66.25523376464844,49.03873062133789,51.4299430847168,40.26144790649414,73.0508041381836,19.228261947631836,134.4386444091797,140.24559020996094,419.26116943359375,40.05929946899414,53.092529296875,88.87518310546875,207.19711303710938,36.073299407958984,36.959327697753906,65.73979187011719,40.10810089111328,31.74612045288086,98.71916961669922,84.04071044921875,61.450870513916016,31.2545108795166,27.00803565979004,123.5433349609375,78.861083984375
2023-10-13,54.61482620239258,107.8451156616211,229.6266326904297,142.89801025390625,67.20761108398438,165.12376403808594,124.96074676513672,211.51980590820312,36.8900260925293,65.04084014892578,79.64887237548828,58.192779541015625,65.46186065673828,49.27642822265625,51.55939483642578,40.001991271972656,72.90055847167969,19.128067016601562,134.14219665527344,138.45388793945312,417.1728210449219,39.70171356201172,52.60837936401367,88.28736877441406,206.0296173095703,35.935203552246094,36.82179641723633,65.00320434570312,40.991153717041016,31.813180923461914,97.84407806396484,82.8371810913086,61.98910140991211,31.24541664123535,27.312015533447266,124.31678009033203,77.7026596069336
2023-10-16,54.78899383544922,108.95832061767578,232.1667022705078,144.45860290527344,67.97282409667969,167.7906951904297,126.80903625488281,215.0855712890625,37.194602966308594,65.9029769897461,80.15589141845703,58.78117752075195,66.37800598144531,49.77924728393555,52.01248550415039,40.113197326660156,73.78319549560547,19.319347381591797,135.8155059814453,140.06256103515625,421.5621337890625,40.01346206665039,53.092529296875,89.18805694580078,208.42251586914062,36.192996978759766,37.1822395324707,66.0499267578125,41.26568603515625,32.148460388183594,98.88261413574219,83.63298797607422,62.62940979003906,31.56387710571289,27.59296417236328,125.25257110595703,78.95883178710938
2023-10-17,54.898990631103516,109.13106536865234,232.28306579589844,145.0675811767578,67.8000259399414,169.66232299804688,128.36199951171875,217.28590393066406,37.5350227355957,66.03276824951172,80.01239013671875,58.486976623535156,66.42523956298828,49.65125274658203,52.14193344116211,39.82594299316406,73.9991455078125,19.373998641967773,136.48486328125,140.34193420410156,421.5428161621094,40.02262878417969,53.037715911865234,89.18805694580078,208.69268798828125,36.03647232055664,37.54741668701172,66.28253936767578,41.695770263671875,32.301734924316406,99.19033813476562,83.24490356445312,62.89852523803711,31.40009880065918,27.519275665283203,125.08069610595703,79.14456939697266
2023-10-18,54.037330627441406,106.32889556884766,228.99644470214844,143.12640380859375,66.78056335449219,166.17115783691406,125.69434356689453,212.5806884765625,37.73210144042969,64.97593688964844,79.0079345703125,57.80051040649414,65.32964324951172,49.12100601196289,52.086456298828125,39.1402473449707,72.30902862548828,18.982328414916992,134.3238525390625,137.6639862060547,415.92559814453125,39.3441162109375,52.060272216796875,87.83226776123047,205.60508728027344,35.44722366333008,36.57518005371094,65.1388931274414,42.07553482055664,31.74612045288086,96.7959213256836,82.39013671875,63.13051986694336,30.708585739135742,27.279775619506836,123.99213409423828,77.28717803955078
2023-10-19,53.64316177368164,105.30205535888672,226.8829345703125,141.72756958007812,66.22515869140625,163.52365112304688,123.90321350097656,209.28994750976562,37.66938781738281,64.27139282226562,77.99390411376953,57.65340805053711,65.43352508544922,48.79188919067383,51.67959976196289,38.6120719909668,71.6517562866211,18.62709617614746,132.6601104736328,135.30393981933594,412.2711486816406,39.0232048034668,51.63093185424805,87.07379150390625,203.66571044921875,35.31832504272461,36.148338317871094,65.071044921875,42.0023307800293,31.324630737304688,95.90161895751953,81.91856384277344,62.66653060913086,29.953380584716797,27.00803565979004,122.76986694335938,75.3124771118164
2023-10-20,53.28567123413086,104.32322692871094,224.1586456298828,140.25262451171875,65.28963470458984,161.4095458984375,122.3502426147461,206.53948974609375,37.051273345947266,63.37216567993164,77.783447265625,56.73158264160156,64.68739318847656,48.444480895996094,51.577880859375,37.917110443115234,70.61890411376953,18.463136672973633,131.00595092773438,133.61814880371094,407.2051696777344,38.65644836425781,51.137638092041016,86.07827758789062,201.14736938476562,34.89480209350586,35.7120246887207,64.47015380859375,41.29771423339844,30.84566307067871,94.91114807128906,80.53327941894531,62.425235748291016,29.7987003326416,26.72708511352539,122.28288269042969,74.144287109375
2023-10-23,53.15733337402344,103.98734283447266,223.50906372070312,139.14881896972656,65.46243286132812,160.04214477539062,121.2546157836914,204.88922119140625,36.54065704345703,63.14040756225586,77.45819854736328,56.79042053222656,65.09352111816406,48.16107940673828,51.5409049987793,38.13949966430664,70.0367431640625,18.32651138305664,130.17405700683594,133.93603515625,406.4994201660156,38.67478561401367,51.24725341796875,85.91709899902344,200.59738159179688,34.82114028930664,35.31363296508789,64.80937957763672,40.62970733642578,30.65407371520996,94.46881103515625,80.6266098022461,62.30461883544922,29.543933868408203,26.501407623291016,121.51896667480469,74.23225402832031
2023-10-24,53.496498107910156,104.56312561035156,225.19601440429688,140.02426147460938,66.05238342285156,161.43862915039062,121.79766082763672,207.29586791992188,36.164405822753906,63.30727767944336,77.76432037353516,57.21210861206055,65.80187225341797,49.19414520263672,51.929264068603516,39.232906341552734,70.86302947998047,18.481355667114258,131.00595092773438,135.39064025878906,409.56414794921875,38.867332458496094,51.43909454345703,86.57129669189453,202.11224365234375,35.253875732421875,35.730987548828125,65.57504272460938,40.05778503417969,30.864818572998047,95.18041229248047,81.18170166015625,62.83356475830078,29.91698455810547,27.183055877685547,121.8913803100586,75.02409362792969
2023-10-25,53.28567123413086,103.41155242919922,221.90940856933594,138.81576538085938,64.6799545288086,158.771728515625,120.36856079101562,202.86570739746094,36.191280364990234,63.038429260253906,77.12338256835938,56.46680450439453,63.412349700927734,49.2398567199707,51.99398422241211,38.639869689941406,70.17760467529297,18.11701202392578,129.56210327148438,133.3484344482422,403.68597412109375,38.52808380126953,50.98234939575195,85.44305419921875,199.11151123046875,34.87638473510742,35.31363296508789,62.735321044921875,39.98457336425781,30.749866485595703,93.95915985107422,80.22380828857422,63.0470085144043,29.289167404174805,27.335044860839844,120.80280303955078,73.50885772705078
2023-10-26,52.561500549316406,102.66304016113281,219.31112670898438,138.65399169921875,63.42352294921875,159.17904663085938,121.19744110107422,202.5316925048828,35.92253494262695,62.94572830200195,76.25283813476562,55.4469108581543,62.061744689941406,49.63297653198242,51.707340240478516,38.64914321899414,70.55318450927734,18.25364112854004,129.2943878173828,131.52781677246094,398.85205078125,38.24384307861328,50.76310729980469,84.72249603271484,197.04666137695312,34.74748992919922,35.56025695800781,61.3687629699707,39.673439025878906,30.682809829711914,93.56490325927734,78.69114685058594,62.63868713378906,29.907888412475586,27.569936752319336,119.60918426513672,72.36021423339844
2023-10-27,53.00149917602539,102.34634399414062,218.2931671142578,136.73179626464844,63.55434799194336,157.30740356445312,119.57778930664062,200.4590301513672,35.39399337768555,62.0186882019043,74.84659576416016,55.701881408691406,62.10896682739258,48.93816375732422,50.98609924316406,38.84372329711914,70.70341491699219,18.04414176940918,127.80274200439453,131.7686309814453,397.04412841796875,38.12464141845703,50.406837463378906,84.35273742675781,195.98526000976562,34.78431701660156,35.54602813720703,61.14585876464844,38.72175598144531,30.127206802368164,92.73790740966797,79.14799499511719,61.78494644165039,29.43474769592285,27.049489974975586,117.5848388671875,73.11781311035156
2023-10-30,53.39566421508789,103.7762222290039,220.89138793945312,138.0640106201172,64.44791412353516,158.18016052246094,120.46383666992188,201.20558166503906,35.50149917602539,63.04770278930664,75.49710845947266,56.35892868041992,63.317901611328125,49.53240966796875,51.781314849853516,39.34409713745117,71.48274993896484,18.162553787231445,128.80673217773438,133.17503356933594,401.79107666015625,38.647281646728516,51.19245147705078,85.3482437133789,198.24313354492188,35.09735107421875,35.91120910644531,62.40578842163086,38.84986114501953,30.663650512695312,93.89183807373047,79.99783325195312,62.75004959106445,29.525737762451172,27.25674819946289,118.24370574951172,73.78746795654297
2023-10-31,54.04649353027344,104.4479751586914,222.3165740966797,139.32962036132812,64.69967651367188,159.54757690429688,121.37846374511719,203.32740783691406,35.42087936401367,63.43705368041992,75.84149169921875,56.68254852294922,63.37456512451172,49.79752731323242,52.03097915649414,38.74180221557617,71.37006378173828,18.390270233154297,129.8776397705078,133.56036376953125,404.3144836425781,38.72980499267578,51.28379440307617,85.76541137695312,199.52639770507812,34.9316291809082,36.07246780395508,62.725624084472656,38.97798156738281,30.998931884765625,94.58422088623047,80.5676498413086,62.972774505615234,30.11716079711914,27.49163818359375,118.92167663574219,74.34467315673828
2023-11-01,54.972328186035156,104.92779541015625,224.61431884765625,140.0052490234375,65.7068099975586,160.45916748046875,122.23592376708984,203.9364013671875,35.46566390991211,63.872764587402344,76.23371124267578,57.7220573425293,64.32848358154297,50.39177322387695,52.151180267333984,38.7325325012207,71.783203125,18.554224014282227,130.3175048828125,135.24610900878906,408.6263122558594,39.124061584472656,51.63093185424805,86.60921478271484,201.52369689941406,35.18022155761719,36.091434478759766,63.64634704589844,38.8864631652832,31.200101852416992,94.89192962646484,82.1248779296875,62.907798767089844,30.2718448638916,27.804828643798828,119.16995239257812,75.26360321044922
2023-11-02,55.87065887451172,107.355712890625,228.90919494628906,142.80287170410156,66.9015121459961,164.73585510253906,126.19929504394531,208.03260803222656,36.52273941040039,65.50435638427734,77.37210083007812,58.938079833984375,65.1974105834961,51.36084747314453,52.90016174316406,39.05685043334961,73.37004089355469,19.164499282836914,133.20516967773438,138.55982971191406,416.4574279785156,40.00428771972656,52.763668060302734,88.3726806640625,205.5279083251953,35.72343826293945,36.78860092163086,64.48953247070312,40.06235122680664,31.93770980834961,96.843994140625,83.51507568359375,63.72441482543945,31.209016799926758,28.325279235839844,121.06062316894531,77.2285385131836
2023-11-03,56.83315658569336,108.49768829345703,231.3426513671875,144.4776153564453,67.54578399658203,169.21624755859375,129.61009216308594,213.82821655273438,36.074825286865234,66.4406509399414,77.68778991699219,59.62455368041992,66.21744537353516,51.76310348510742,53.16831588745117,40.07612609863281,74.32778930664062,19.583498001098633,135.3852081298828,140.77542114257812,420.2569580078125,40.51774597167969,53.20215606689453,89.45352172851562,207.84359741210938,36.377140045166016,37.36720275878906,65.47810363769531,39.65971374511719,32.35921096801758,97.69983673095703,84.37474060058594,63.79866027832031,31.94603157043457,28.491086959838867,121.66219329833984,78.31364440917969
2023-11-06,56.09982681274414,108.19060516357422,231.51715087890625,143.78298950195312,67.935791015625,167.1021270751953,127.88565826416016,211.39210510253906,35.83294677734375,66.23670196533203,78.08000946044922,59.9972038269043,66.01911163330078,51.488834381103516,53.12208557128906,40.31704330444336,74.16816711425781,19.310237884521484,134.6776580810547,140.69833374023438,421.2236633300781,40.389381408691406,53.02857971191406,89.44404602050781,207.93043518066406,36.48762130737305,37.1822395324707,65.30365753173828,39.21132278442383,32.2634162902832,97.4402084350586,84.9298324584961,63.90074157714844,31.50929069519043,28.417388916015625,122.47383880615234,78.4113998413086
2023-11-07,55.586490631103516,107.61480712890625,232.33154296875,143.12640380859375,68.58251953125,166.5105743408203,126.85668182373047,211.8439483642578,34.990875244140625,65.84735870361328,78.08000946044922,60.59540939331055,66.26467895507812,51.08658218383789,53.10358810424805,40.25218200683594,72.95690155029297,19.091630935668945,134.3908233642578,141.33413696289062,422.42254638671875,40.08681106567383,52.791072845458984,89.38714599609375,208.54795837402344,36.496829986572266,36.46135330200195,65.6525650024414,38.34199523925781,32.21551513671875,97.19979858398438,85.85826873779297,64.05848693847656,31.24541664123535,28.21013832092285,122.55979919433594,79.28633880615234
2023-11-08,54.66982650756836,107.96028137207031,232.39939880371094,142.68865966796875,68.86390686035156,164.73585510253906,125.51333618164062,209.42750549316406,34.54296875,65.81027221679688,78.10870361328125,60.79154586791992,66.13245391845703,50.68431854248047,52.97414016723633,40.001991271972656,72.83484649658203,19.20093536376953,134.1708984375,141.1318359375,422.7319030761719,39.9951171875,53.046852111816406,89.33026885986328,208.51901245117188,36.33109664916992,36.57518005371094,65.3424301147461,37.861572265625,32.25382995605469,97.42096710205078,86.34461975097656,63.80794143676758,31.427396774291992,28.00287628173828,122.3879165649414,79.07615661621094
2023-11-09,54.898990631103516,108.06584930419922,230.51858520507812,141.54678344726562,68.2591552734375,162.18536376953125,123.62688446044922,206.19570922851562,34.596717834472656,65.5692367553711,76.7694320678711,60.556182861328125,66.12300872802734,50.30949020385742,52.96488571166992,39.47382354736328,72.68461608886719,18.90946388244629,133.0330352783203,139.03184509277344,419.4351806640625,39.976776123046875,53.037715911865234,88.76142120361328,206.74363708496094,36.00885772705078,36.26216506958008,65.32304382324219,37.7471923828125,32.119720458984375,97.20940399169922,85.94178771972656,63.54811096191406,30.94515609741211,27.634418487548828,119.85746002197266,77.60000610351562
2023-11-10,55.430660247802734,109.16944122314453,233.89244079589844,143.01222229003906,69.5772705078125,163.9988555908203,124.62728118896484,208.7889862060547,34.97296142578125,66.19963073730469,77.13294219970703,62.115447998046875,66.86914825439453,50.62947463989258,52.94639205932617,39.38116455078125,73.29492950439453,19.073413848876953,134.59161376953125,140.4671630859375,425.9803161621094,40.18766784667969,53.28436279296875,89.80431365966797,209.82159423828125,36.257442474365234,36.68900680541992,66.36007690429688,38.163551330566406,32.48373031616211,98.6133804321289,88.1867446899414,63.99353790283203,31.290910720825195,27.78179931640625,120.5736312866211,78.8904037475586
2023-11-13,55.40315246582031,109.41893768310547,233.85366821289062,142.955078125,69.50077056884766,164.05703735351562,124.62728118896484,209.07383728027344,35.26858139038086,66.2274398803711,77.48690032958984,61.693756103515625,67.00138092041016,50.23635482788086,53.0850944519043,39.77033996582031,73.35127258300781,18.93678855895996,134.4195098876953,140.76577758789062,425.57427978515625,40.24267578125,53.421382904052734,89.79484558105469,209.6961669921875,36.3218994140625,36.63683319091797,66.21467590332031,38.43807601928711,32.43584442138672,98.69989776611328,87.67092895507812,64.19768524169922,31.027048110961914,27.450185775756836,121.27069854736328,79.2276611328125
2023-11-14,56.50315856933594,111.99079132080078,238.73025512695312,146.10479736328125,70.880615234375,173.06625366210938,131.66798400878906,219.947998046875,35.582122802734375,67.75704193115234,78.16609191894531,62.978431701660156,67.96473693847656,52.00994110107422,53.92654037475586,40.7340202331543,75.77377319335938,19.874971389770508,138.25376892089844,145.57260131835938,433.8307800292969,41.33379364013672,55.00173568725586,91.8711929321289,214.3468475341797,37.1689453125,37.7181510925293,67.29048919677734,38.7812385559082,33.048919677734375,100.68083190917969,89.4246597290039,64.8565673828125,32.701229095458984,28.546354293823242,122.0918960571289,81.8964614868164
2023-11-15,56.08149337768555,112.34586334228516,239.07928466796875,146.88510131835938,70.88308715820312,173.36688232421875,132.10626220703125,220.14443969726562,35.429832458496094,67.94245147705078,78.07044219970703,63.13533401489258,68.38975524902344,51.772247314453125,53.963531494140625,41.586509704589844,76.01790618896484,19.938732147216797,138.90396118164062,146.34324645996094,434.74920654296875,41.297119140625,54.99260330200195,92.05133819580078,214.87750244140625,37.4267463684082,37.88414764404297,67.6199951171875,38.70802688598633,33.23093032836914,100.89238739013672,89.53765869140625,65.376220703125,32.774017333984375,28.458843231201172,122.18738555908203,81.99421691894531
2023-11-16,56.27399444580078,112.34586334228516,239.30226135253906,146.3998260498047,71.07560729980469,170.56422424316406,129.84825134277344,216.83407592773438,34.80275344848633,67.94245147705078,78.3765640258789,63.507991790771484,68.4747543334961,52.2110710144043,53.45496368408203,40.05759048461914,75.99913787841797,19.80210304260254,138.44497680664062,144.41665649414062,435.28094482421875,41.205421447753906,54.873844146728516,91.88068389892578,214.73281860351562,37.04004669189453,37.99797058105469,67.92044830322266,37.95309066772461,33.36504364013672,100.91161346435547,89.98466491699219,64.56888580322266,32.764923095703125,28.6108341217041,122.71257019042969,81.15350341796875
2023-11-17,57.153987884521484,113.4782485961914,239.7967071533203,147.15155029296875,71.0509262084961,172.90138244628906,131.82041931152344,219.64344787597656,35.59107971191406,68.56356811523438,78.60614776611328,63.53741455078125,68.56920623779297,52.5584716796875,53.47345733642578,40.09465789794922,76.63761901855469,19.847646713256836,139.11431884765625,145.74600219726562,435.8222961425781,41.71889114379883,55.632049560546875,92.39265441894531,215.27313232421875,37.18735885620117,38.06910705566406,67.91075897216797,38.749210357666016,33.537471771240234,101.555908203125,89.79800415039062,64.48536682128906,32.72853088378906,28.689132690429688,122.46430969238281,81.696044921875
2023-11-20,57.163150787353516,113.6030044555664,241.6581268310547,147.67491149902344,71.79885864257812,173.90994262695312,132.1824951171875,221.31338500976562,35.74337387084961,68.93437957763672,78.9505386352539,64.3906021118164,69.42868041992188,52.50362014770508,53.45496368408203,40.974945068359375,76.909912109375,20.002490997314453,139.66891479492188,146.2661590576172,439.1771545410156,41.90227508544922,55.88783645629883,92.99945068359375,216.89410400390625,37.58326721191406,38.1355094909668,68.67642211914062,38.80411148071289,33.67158889770508,101.8636245727539,91.09976196289062,64.43898010253906,32.98329544067383,28.601621627807617,123.2091293334961,82.11640930175781
2023-11-21,56.9248161315918,113.50703430175781,240.98919677734375,147.47508239746094,71.58658599853516,171.6697540283203,130.45799255371094,218.63168334960938,35.61795425415039,68.65625762939453,79.32361602783203,63.88064193725586,69.05088806152344,52.49447250366211,53.639896392822266,40.27997970581055,77.21977233886719,19.874971389770508,139.41073608398438,145.3606719970703,438.2199401855469,41.73722457885742,55.65031814575195,92.7529296875,216.3055419921875,37.3622932434082,38.28253173828125,68.44380950927734,38.71718215942383,33.652427673339844,101.78669738769531,90.36292266845703,64.63385009765625,32.81951904296875,28.661495208740234,123.95391082763672,81.9062271118164
2023-11-22,57.28232192993164,113.76614379882812,242.0653533935547,148.10313415527344,71.91239929199219,172.74623107910156,131.27737426757812,220.20335388183594,35.43878936767578,68.83241271972656,79.62974548339844,64.1356201171875,69.64591217041016,52.60418701171875,54.02825927734375,40.24291229248047,77.0601577758789,19.920515060424805,140.06092834472656,145.900146484375,439.9118347167969,41.81975173950195,55.74167251586914,92.98047637939453,217.23182678222656,37.261016845703125,38.306236267089844,69.00593566894531,38.698875427246094,33.786537170410156,102.00785064697266,90.7657241821289,65.09782409667969,32.91960906982422,28.79966926574707,124.54595184326172,82.15552520751953
2023-11-24,57.3923225402832,114.18838500976562,242.33682250976562,148.6074676513672,71.82601928710938,173.90994262695312,131.97286987304688,221.62770080566406,35.70753479003906,69.24030303955078,80.15589141845703,63.97871780395508,69.49481201171875,52.92416000366211,54.314903259277344,40.446773529052734,77.43572998046875,20.002490997314453,140.4721221923828,146.21798706054688,440.18255615234375,42.09481430053711,56.33544158935547,93.22699737548828,217.4634246826172,37.380706787109375,38.472232818603516,68.7733383178711,38.85901641845703,33.89190673828125,102.25787353515625,90.58887481689453,65.33911895751953,33.04698181152344,28.87335968017578,125.2143783569336,82.23371124267578
2023-11-27,57.34648513793945,113.56462097167969,241.919921875,148.25538635253906,71.74209594726562,173.32809448242188,131.5345916748047,221.11692810058594,35.54629135131836,69.11051940917969,79.58191680908203,64.0179443359375,69.2020034790039,53.01557922363281,54.1946907043457,39.96493148803711,77.0601577758789,20.048032760620117,140.18524169921875,145.90977478027344,439.3897705078125,41.98478698730469,56.16187286376953,93.04684448242188,217.18359375,37.205772399902344,38.424800872802734,68.34690856933594,38.72175598144531,33.776954650878906,101.68092346191406,90.58396911621094,65.15351867675781,33.16527557373047,28.91942024230957,124.4313735961914,82.36568450927734
2023-11-28,57.337318420410156,113.78533172607422,242.08473205566406,148.1411895751953,71.90995025634766,172.65895080566406,131.21066284179688,219.7809600830078,35.635868072509766,69.03634643554688,79.1418685913086,64.16503143310547,69.33424377441406,53.26242446899414,54.35188674926758,40.07612609863281,77.4732894897461,20.093578338623047,140.0513916015625,146.08316040039062,439.8248291015625,42.05813217163086,56.16187286376953,93.19854736328125,217.31869506835938,37.50960922241211,38.50069046020508,68.51166534423828,38.730899810791016,33.76737594604492,101.44050598144531,90.75590515136719,65.45046997070312,33.347251892089844,29.01152992248535,123.79158782958984,82.8398208618164
2023-11-29,57.28232192993164,114.04443359375,242.15260314941406,148.57891845703125,71.76678466796875,173.5705108642578,131.9347686767578,221.0579833984375,35.37608337402344,69.15686798095703,79.294921875,64.26309967041016,68.77699279785156,53.03386688232422,53.90804672241211,39.30703353881836,77.51085662841797,20.211986541748047,140.60595703125,146.5840606689453,439.51556396484375,42.159000396728516,56.417659759521484,93.21749114990234,217.41517639160156,37.2978401184082,38.69988250732422,68.01737213134766,38.442657470703125,34.006866455078125,101.82515716552734,90.82469177246094,64.92151641845703,33.60202407836914,28.781248092651367,123.82977294921875,82.61498260498047
2023-11-30,57.3923225402832,114.80255889892578,243.06393432617188,149.86355590820312,71.79637908935547,174.22996520996094,132.40158081054688,221.8438262939453,35.6089973449707,69.73163604736328,80.09850311279297,64.28271484375,68.49363708496094,53.088714599609375,54.35188674926758,39.54795837402344,77.81130981445312,20.339509963989258,141.80116271972656,146.006103515625,441.2460632324219,42.14065933227539,56.28977584838867,93.49244689941406,218.3125,37.4083366394043,39.08403778076172,67.6199951171875,38.698875427246094,34.390045166015625,102.94060516357422,90.95732116699219,65.57109832763672,33.87498474121094,28.905595779418945,125.38626098632812,82.49767303466797
2023-12-01,57.94231033325195,116.5299301147461,244.90597534179688,151.50973510742188,72.07037353515625,179.32130432128906,136.72698974609375,227.66888427734375,35.680667877197266,70.50106811523438,80.41417694091797,64.48866271972656,68.53141021728516,53.70124816894531,54.62928771972656,39.20510482788086,79.06011962890625,20.79494285583496,143.9334716796875,147.83633422851562,443.8564453125,42.57160186767578,56.828731536865234,94.29833984375,220.1553955078125,37.564849853515625,39.52983856201172,67.75569915771484,38.90019226074219,34.648685455322266,104.56575012207031,91.16363525390625,65.8402099609375,34.58469009399414,29.260244369506836,125.8827896118164,83.62676239013672
2023-12-04,57.06231689453125,116.09808349609375,243.7910919189453,151.55735778808594,71.46068572998047,181.24143981933594,138.2513885498047,229.96749877929688,35.385040283203125,70.28784942626953,80.48114013671875,63.713932037353516,67.73806762695312,53.51840591430664,54.61079788208008,38.55647277832031,77.8207015991211,20.8951358795166,144.00039672851562,146.95973205566406,441.5264587402344,42.1956787109375,56.51814651489258,93.7199935913086,219.3642120361328,37.233394622802734,39.069801330566406,67.07726287841797,38.72175598144531,34.61036682128906,104.73883056640625,90.05343627929688,65.92373657226562,34.7757682800293,29.145097732543945,126.12151336669922,83.30905151367188
2023-12-05,56.85149002075195,115.70463562011719,243.5777587890625,150.35836791992188,71.81861114501953,178.8170166015625,136.1934814453125,227.19737243652344,34.91025924682617,69.87069702148438,80.14632415771484,63.96891784667969,67.60582733154297,53.24413299560547,54.213191986083984,37.89857864379883,76.97563934326172,20.79494285583496,142.71910095214844,146.86343383789062,441.43939208984375,42.05813217163086,56.463340759277344,93.51140594482422,218.93966674804688,37.104496002197266,38.53388977050781,66.76712036132812,38.044593811035156,34.437931060791016,103.89260864257812,90.59379577636719,65.4040756225586,34.63018798828125,28.937843322753906,125.95918273925781,83.4557113647461
2023-12-06,57.44731521606445,116.3092041015625,242.65675354003906,150.05389404296875,71.38910675048828,178.4969940185547,135.9362335205078,226.6472930908203,34.29213333129883,69.66674041748047,80.09850311279297,63.48837661743164,67.52084350585938,53.774383544921875,54.06524658203125,37.88004684448242,77.03197479248047,20.74028968811035,142.7669219970703,147.57626342773438,439.6605224609375,42.14065933227539,56.472469329833984,93.34074401855469,218.0133819580078,37.05845642089844,38.453269958496094,66.5926742553711,37.477237701416016,34.265506744384766,104.35418701171875,89.82746887207031,65.23703002929688,34.51190185546875,29.324718475341797,126.05467987060547,83.57788848876953
2023-12-07,57.88732147216797,116.64508819580078,244.3824462890625,150.49156188964844,72.23328399658203,179.7867889404297,137.36534118652344,227.94390869140625,34.20255661010742,69.96339416503906,80.02196502685547,64.24348449707031,68.95643615722656,53.86580276489258,54.23168182373047,37.917110443115234,77.88642883300781,20.858699798583984,143.52230834960938,148.52024841308594,443.015380859375,42.342384338378906,56.67344284057617,93.96649932861328,219.75979614257812,37.205772399902344,38.714107513427734,67.98829650878906,37.22101974487305,34.42835235595703,104.45036315917969,90.91801452636719,65.51542663574219,34.55739974975586,29.260244369506836,125.90190124511719,84.26709747314453
2023-12-08,57.54814910888672,116.74105072021484,245.47799682617188,151.10060119628906,72.5961685180664,181.15419006347656,138.22280883789062,229.66294860839844,34.578800201416016,70.4639892578125,80.22286224365234,64.7534408569336,68.92810821533203,53.83837890625,54.04674530029297,37.48160171508789,77.74559020996094,20.849590301513672,143.9717254638672,149.04046630859375,444.919921875,42.443241119384766,56.98402404785156,94.2319564819336,220.8115234375,37.021629333496094,38.85638427734375,68.30812072753906,37.623653411865234,34.61036682128906,104.77730560302734,91.69416809082031,65.06071472167969,34.48460388183594,29.204975128173828,126.11198425292969,84.65322875976562
2023-12-11,57.87814712524414,117.55675506591797,246.54444885253906,152.29005432128906,72.68009948730469,181.53240966796875,138.24185180664062,230.389892578125,34.560882568359375,70.8069839477539,80.69160461425781,65.20453643798828,68.48419952392578,53.95722961425781,54.38887405395508,37.787384033203125,77.78314971923828,20.940677642822266,145.25302124023438,149.53173828125,446.6505126953125,42.562435150146484,57.06624221801758,94.58277130126953,221.71847534179688,37.18735885620117,39.131465911865234,67.78475952148438,37.66940689086914,34.82110595703125,105.77737426757812,92.49486541748047,65.68245697021484,34.6028938293457,29.39380645751953,126.94273376464844,84.87805938720703
2023-12-12,57.795650482177734,118.18052673339844,247.57208251953125,152.27105712890625,73.24536895751953,181.34814453125,137.64163208007812,231.10696411132812,34.175682067871094,71.09437561035156,80.99771881103516,65.60661315917969,68.70143127441406,53.72867202758789,54.49983215332031,37.99123764038086,77.87703704833984,20.92245864868164,145.5111541748047,149.8111114501953,448.69049072265625,42.57160186767578,57.16673278808594,94.81979370117188,222.55795288085938,37.18735885620117,39.359107971191406,68.06584930419922,37.15237808227539,35.07017517089844,106.25818634033203,93.10892486572266,65.8958969116211,34.59379577636719,29.27406120300293,127.4870376586914,85.14201354980469
2023-12-13,58.67565155029297,119.543212890625,251.3434600830078,154.93545532226562,74.1241226196289,187.48683166503906,143.0341033935547,238.40548706054688,34.63254928588867,72.35514831542969,82.47093200683594,66.25384521484375,69.18311309814453,55.53882598876953,55.322792053222656,37.917110443115234,79.44509887695312,21.6784725189209,148.59962463378906,151.3330841064453,454.8779602050781,43.25927734375,57.970611572265625,96.22298431396484,226.01220703125,37.537227630615234,39.838111877441406,68.70549011230469,37.66940689086914,35.635353088378906,107.44097137451172,93.92930603027344,67.09300994873047,35.849430084228516,30.379438400268555,129.8360595703125,86.2564468383789
2023-12-14,58.40982437133789,120.96349334716797,252.41961669921875,157.0955047607422,73.96365356445312,192.70419311523438,147.10231018066406,244.2010955810547,35.51045227050781,72.9391860961914,82.18394470214844,66.24404907226562,69.40034484863281,55.38341522216797,54.78647994995117,38.29702377319336,80.95682525634766,22.3707275390625,150.62667846679688,153.16334533691406,456.3377380371094,43.63521194458008,58.63746643066406,96.97199249267578,227.35337829589844,38.03441619873047,40.49733352661133,69.00593566894531,38.77666091918945,35.98979949951172,108.82569885253906,93.69841003417969,66.10934448242188,36.84120559692383,29.983341217041016,129.20582580566406,87.41487121582031
2023-12-15,57.90564727783203,120.61802673339844,252.02212524414062,156.10589599609375,74.21050262451172,191.08468627929688,145.7970428466797,242.6588592529297,35.12525177001953,72.16046905517578,81.42821502685547,66.51863861083984,69.22089385986328,54.3411979675293,54.62928771972656,38.17656707763672,80.91926574707031,21.98816680908203,149.5557861328125,152.9995880126953,455.58642578125,43.18592071533203,57.9888801574707,96.52638244628906,227.0446014404297,37.813438415527344,40.393001556396484,68.83146667480469,38.57076644897461,35.779048919677734,108.68143463134766,94.16999816894531,66.10934448242188,36.39535903930664,29.4628963470459,128.10769653320312,87.5957260131836
2023-12-18,57.795650482177734,120.54124450683594,253.2049102783203,156.2676544189453,74.69678497314453,191.152587890625,145.63507080078125,242.70797729492188,35.50149917602539,72.55908203125,81.6673583984375,66.56766510009766,69.92926025390625,54.158355712890625,55.05463790893555,37.86151885986328,81.2197265625,21.878864288330078,149.62200927734375,153.26931762695312,458.149169921875,43.334556579589844,58.16093444824219,96.90957641601562,228.02877807617188,37.80873107910156,40.455562591552734,69.68063354492188,38.885807037353516,35.89842224121094,108.6766128540039,94.45160675048828,66.79751586914062,36.295127868652344,29.396411895751953,128.31678771972656,88.13924407958984
2023-12-19,57.96982192993164,121.510498046875,254.99855041503906,157.6759490966797,75.0398941040039,194.8571014404297,148.66476440429688,247.1283721923828,35.877742767333984,73.14311981201172,82.21263885498047,66.8226547241211,70.56205749511719,54.51490020751953,55.267303466796875,38.3155517578125,82.2807388305664,22.04281997680664,150.87950134277344,154.5023193359375,460.93505859375,43.75257110595703,58.76821517944336,97.63585662841797,229.69796752929688,38.07208251953125,40.828067779541016,70.38987731933594,39.35236740112305,36.16797637939453,109.51777648925781,94.81100463867188,66.92841339111328,36.54341506958008,29.56378173828125,129.18003845214844,88.82967376708984
2023-12-20,57.67701721191406,120.08538818359375,251.1800079345703,155.03713989257812,74.08123016357422,191.04554748535156,146.06600952148438,241.6471405029297,35.54640197753906,71.8748550415039,81.14964294433594,65.90974426269531,70.21894073486328,53.58852005004883,54.40642547607422,37.2939567565918,81.08367156982422,21.785226821899414,148.3837432861328,152.96751403808594,454.5478210449219,43.297401428222656,58.078125,96.29798126220703,226.27267456054688,37.272640228271484,40.20244598388672,69.84578704833984,38.9874267578125,35.52297592163086,107.7484130859375,93.37835693359375,65.62875366210938,36.0836296081543,28.964046478271484,127.30964660644531,87.20890045166016
2023-12-21,58.680908203125,121.81483459472656,253.88526916503906,156.62599182128906,74.82817840576172,194.29647827148438,148.44248962402344,246.34365844726562,35.828590393066406,72.73787689208984,82.19916534423828,66.70657348632812,71.04584503173828,53.84947204589844,54.943885803222656,38.32884979248047,82.31120300292969,22.006019592285156,150.2075653076172,154.4278564453125,458.8577575683594,44.031253814697266,58.94304275512695,97.540283203125,228.77471923828125,37.99684524536133,40.62749481201172,70.53560638427734,39.139869689941406,35.869544982910156,108.86030578613281,94.42699432373047,66.08689880371094,36.387081146240234,29.01518440246582,128.86349487304688,88.53587341308594
2023-12-22,58.8668098449707,122.2013168334961,254.3523406982422,157.23855590820312,74.8900146484375,196.10687255859375,149.51571655273438,248.83465576171875,35.87410354614258,73.05682373046875,82.4880142211914,66.75575256347656,70.732177734375,54.082462310791016,55.26448059082031,37.30345153808594,82.72036743164062,22.070419311523438,150.71632385253906,153.26731872558594,459.77996826171875,44.13343811035156,58.9798469543457,97.68363952636719,229.2979736328125,37.86516571044922,40.8806037902832,70.54531860351562,39.25535583496094,35.94655990600586,109.3824234008789,94.55007934570312,66.591796875,36.53421401977539,29.112815856933594,129.5061492919922,87.88463592529297
2023-12-26,58.84822463989258,122.94526672363281,255.5298309326172,158.13827514648438,75.15218353271484,198.656982421875,151.50888061523438,252.0247039794922,36.26552200317383,73.51647186279297,82.74799346923828,67.10990142822266,70.96979522705078,54.436614990234375,55.471923828125,37.56929016113281,83.02488708496094,22.245216369628906,151.58026123046875,153.71218872070312,461.72137451171875,44.32851028442383,59.347900390625,98.1709976196289,230.43173217773438,38.109703063964844,41.07164001464844,70.81736755371094,39.59257125854492,36.090965270996094,110.15592956542969,94.9439468383789,66.87229919433594,36.8008918762207,29.28948402404785,129.79391479492188,88.25677490234375
2023-12-27,59.173553466796875,123.12883758544922,256.00665283203125,158.36798095703125,75.221435546875,199.3577880859375,151.59510803222656,253.60003662109375,36.12897872924805,73.85417938232422,83.13312530517578,67.24761199951172,70.9603042602539,54.473899841308594,55.77366256713867,37.531314849853516,83.72903442382812,22.337215423583984,151.72425842285156,154.22476196289062,462.55621337890625,44.57931900024414,59.679141998291016,98.45769500732422,230.86773681640625,38.316619873046875,41.17192459106445,70.82707977294922,39.417030334472656,36.206485748291016,110.3202896118164,94.93901062011719,67.18086242675781,37.012386322021484,29.270885467529297,130.3406219482422,88.56035614013672
2023-12-28,59.52677536010742,123.15782165527344,256.09423828125,158.59768676757812,75.24122619628906,198.59861755371094,151.13516235351562,252.32994079589844,35.60102081298828,73.87294006347656,83.37384033203125,67.31647491455078,71.16939544677734,54.50185775756836,55.75479507446289,38.4142951965332,83.31036376953125,22.502811431884766,152.06021118164062,154.01199340820312,462.73089599609375,44.505008697509766,59.27428436279297,98.52458190917969,230.75152587890625,38.5517463684082,41.01432418823242,71.02137756347656,38.8165168762207,36.312374114990234,110.34929656982422,95.05224609375,67.20890808105469,37.242279052734375,29.480098724365234,130.67633056640625,88.10009002685547
2023-12-29,59.619728088378906,123.11917114257812,255.20867919921875,158.16696166992188,74.98400115966797,195.357421875,148.8449249267578,248.33250427246094,35.60102081298828,73.71346282958984,83.49901580810547,67.07054901123047,70.92227935791016,54.473899841308594,55.90566635131836,38.680145263671875,83.0344009399414,22.245216369628906,151.47467041015625,153.82823181152344,461.39129638671875,44.49571990966797,59.329498291015625,98.31433868408203,229.86968994140625,38.65520095825195,40.85194778442383,70.59391784667969,38.7287483215332,36.19684600830078,110.21395111083984,94.76177215576172,67.34916687011719,36.83767318725586,29.442901611328125,130.81063842773438,87.55654907226562
2024-01-02,59.080604553222656,121.83415985107422,253.66146850585938,158.72213745117188,73.8709945678711,194.1991424560547,148.34666442871094,245.99905395507812,35.87410354614258,73.54461669921875,84.54853820800781,65.23097229003906,70.24746704101562,54.68825149536133,56.08481979370117,37.70221710205078,82.35877990722656,22.374013900756836,151.52267456054688,151.9713897705078,458.80926513671875,44.003387451171875,58.584190368652344,97.48295593261719,228.3289794921875,38.20375442504883,40.780311584472656,70.19556427001953,39.14448547363281,36.35087966918945,109.10204315185547,92.28048706054688,68.10652160644531,37.17790603637695,29.870622634887695,133.1126251220703,86.74370574951172
2024-01-03,58.75526428222656,120.22065734863281,251.23841857910156,157.2864227294922,73.14877319335938,189.02099609375,144.59988403320312,239.018310546875,36.374755859375,73.0286865234375,84.62555694580078,64.46366119384766,70.38052368164062,54.6602897644043,55.79251480102539,38.23390579223633,81.18833923339844,21.950822830200195,149.2860565185547,148.56716918945312,455.062255859375,43.650394439697266,58.08732986450195,96.6419906616211,226.13897705078125,38.09089279174805,40.340938568115234,69.93324279785156,39.78196334838867,36.042823791503906,107.47769927978516,91.34015655517578,67.57357025146484,36.295127868652344,29.98219871520996,132.89199829101562,84.99072265625
2024-01-04,58.6158447265625,120.48152923583984,250.53773498535156,157.04714965820312,72.82230377197266,188.6511688232422,144.2549285888672,239.06753540039062,35.95602798461914,73.16000366210938,85.16476440429688,64.08985137939453,70.14291381835938,54.893287658691406,55.801944732666016,37.759185791015625,80.87431335449219,21.849628448486328,149.0364532470703,148.721923828125,453.59649658203125,43.75257110595703,58.4185676574707,96.52732849121094,225.55758666992188,38.025054931640625,40.21199417114258,69.70006561279297,39.08443832397461,36.18722915649414,107.61304473876953,90.67058563232422,67.48006439208984,36.20316696166992,29.889219284057617,133.55381774902344,84.3933334350586
2024-01-05,59.05271530151367,120.42355346679688,250.9950714111328,157.51611328125,72.9063949584961,188.09634399414062,143.9291229248047,237.83680725097656,36.00154113769531,73.59152221679688,85.06847381591797,64.08985137939453,70.3425064086914,55.14491653442383,55.67936325073242,37.43637466430664,80.85529327392578,21.91402244567871,149.4684600830078,148.6735382080078,454.2177429199219,43.78044509887695,58.308162689208984,96.6419906616211,225.896728515625,38.08149337768555,40.27885437011719,69.99153137207031,39.11677551269531,36.34126281738281,107.73873901367188,90.64596557617188,67.33045959472656,36.129608154296875,30.00079917907715,133.43870544433594,84.52554321289062
2024-01-08,59.917171478271484,121.52498626708984,254.5275421142578,158.6647186279297,74.4002914428711,191.48353576660156,145.97021484375,243.6852569580078,35.54640197753906,74.07931518554688,85.82913208007812,65.68347930908203,71.24542999267578,55.55499267578125,56.13196563720703,37.05659866333008,81.21688842773438,22.162416458129883,151.0714874267578,150.6851348876953,460.7021484375,44.23561477661133,58.970645904541016,97.80785369873047,229.12355041503906,38.14732360839844,40.45078659057617,71.0796890258789,38.6640739440918,36.57230758666992,108.44457244873047,92.92048645019531,67.82601928710938,36.62617874145508,30.21930694580078,134.61849975585938,85.96515655517578
2024-01-09,59.554664611816406,120.91630554199219,254.2744598388672,157.745849609375,74.61302185058594,189.77047729492188,144.12075805664062,241.75546264648438,35.054847717285156,73.34761810302734,85.80023956298828,65.62446594238281,71.12187194824219,55.22879409790039,56.06596374511719,36.53440475463867,79.97984313964844,22.052017211914062,150.30355834960938,149.3988800048828,460.0032043457031,43.836177825927734,58.38177490234375,97.33003997802734,228.69715881347656,37.70528030395508,39.98753356933594,70.93396759033203,38.04508590698242,36.34126281738281,108.10615539550781,93.06817626953125,68.00366973876953,36.36869430541992,29.972904205322266,134.59933471679688,85.64686584472656
2024-01-10,60.62361526489258,121.57329559326172,255.53953552246094,157.71713256835938,75.38467407226562,189.8775634765625,144.3411407470703,241.84408569335938,34.69984436035156,73.42266082763672,86.3394546508789,66.19503021240234,71.78717041015625,55.23811721801758,56.01881408691406,36.496429443359375,79.69437408447266,22.10721778869629,150.56275939941406,150.92691040039062,462.6047058105469,44.077701568603516,58.63020324707031,97.80785369873047,229.87936401367188,37.66765594482422,39.935001373291016,71.59461212158203,37.6709098815918,36.39902114868164,108.65727996826172,93.86082458496094,67.86341857910156,36.423866271972656,29.968252182006836,135.2131805419922,86.33238983154297
2024-01-11,61.1627311706543,121.77619934082031,255.3449249267578,157.13327026367188,75.49103546142578,188.38836669921875,143.21043395996094,240.0324249267578,34.836387634277344,73.1412582397461,86.13724517822266,66.46063232421875,71.89173889160156,54.19430160522461,56.0565299987793,36.93317413330078,79.56114959716797,21.97842025756836,150.13075256347656,151.0526580810547,462.40087890625,44.031253814697266,58.37256622314453,97.7696304321289,229.72434997558594,37.82754135131836,39.815608978271484,71.36143493652344,37.76792907714844,36.264244079589844,108.40589141845703,94.33837127685547,67.85407257080078,36.0836296081543,29.270885467529297,135.1172332763672,86.21977233886719
2024-01-12,61.74833679199219,122.33657836914062,255.38389587402344,157.06626892089844,75.57512664794922,188.07687377929688,143.05709838867188,239.44168090820312,35.19139099121094,73.12248229980469,86.03132629394531,66.71640014648438,72.23390197753906,54.51118087768555,56.169677734375,36.81924057006836,79.79904174804688,22.098018646240234,149.79481506347656,149.94044494628906,462.72119140625,44.18917465209961,58.53818893432617,97.92253112792969,229.7631072998047,38.00624465942383,39.85381317138672,71.71119689941406,38.19289779663086,36.19684600830078,108.39622497558594,94.64361572265625,68.0691146850586,36.3594970703125,29.438257217407227,134.7815704345703,85.18170166015625
2024-01-16,61.29287338256836,120.65543365478516,254.4302215576172,155.93685913085938,75.47125244140625,185.75059509277344,140.73814392089844,237.5315704345703,34.390350341796875,72.21256256103516,85.21290588378906,66.70657348632812,71.72064971923828,53.73763656616211,55.67936325073242,35.746376037597656,78.18136596679688,21.904821395874023,148.84451293945312,148.45111083984375,461.0224304199219,43.39958572387695,57.42483901977539,96.97647857666016,228.69715881347656,37.216217041015625,39.39533615112305,71.30315399169922,37.28288650512695,35.94655990600586,107.30364990234375,94.87992095947266,67.69512176513672,36.1388053894043,29.117464065551758,133.97584533691406,85.08375549316406
2024-01-17,60.53065872192383,119.785888671875,252.91217041015625,154.90313720703125,75.1249771118164,184.42691040039062,139.53074645996094,235.8085479736328,34.026241302490234,71.8748550415039,84.81813049316406,66.35242462158203,71.23592376708984,52.95478057861328,55.50020980834961,34.939353942871094,77.08705139160156,21.463228225708008,147.67340087890625,146.92308044433594,458.4597473144531,42.92582321166992,56.97397994995117,96.21196746826172,227.3211669921875,36.71773910522461,39.10879898071289,70.8659439086914,36.973392486572266,35.879173278808594,106.5784912109375,94.4122314453125,67.64836883544922,35.476715087890625,28.694395065307617,133.707275390625,84.3394775390625
2024-01-18,61.0976676940918,121.18682861328125,255.16978454589844,155.4104461669922,76.13656616210938,185.5170135498047,140.65191650390625,236.97035217285156,34.01713562011719,72.25007629394531,84.96256256103516,67.76898956298828,72.07231903076172,52.488792419433594,55.41535186767578,35.06277847290039,77.5247802734375,21.31603240966797,148.4317169189453,148.50914001464844,462.5367736816406,43.315982818603516,57.48004913330078,97.03379821777344,229.32705688476562,36.93406295776367,39.232967376708984,71.73063659667969,36.91333770751953,35.93693923950195,108.01913452148438,96.32733917236328,67.56421661376953,35.246829986572266,28.387550354003906,133.6881103515625,84.81934356689453
2024-01-19,61.25569152832031,121.62159729003906,258.3615417480469,156.75997924804688,77.22483825683594,187.29823303222656,142.16595458984375,239.18569946289062,34.06264877319336,73.15062713623047,84.94329833984375,69.31344604492188,72.9752426147461,52.55402755737305,55.292762756347656,35.16721725463867,77.41059112548828,21.555227279663086,149.57403564453125,149.56329345703125,468.3028259277344,43.455318450927734,57.49845504760742,97.9129867553711,232.11778259277344,37.272640228271484,39.271175384521484,72.70218658447266,37.0334358215332,36.5145378112793,108.72494506835938,98.54769897460938,67.36786651611328,35.587066650390625,28.350358963012695,133.76483154296875,85.63707733154297
2024-01-22,61.98072052001953,122.50082397460938,259.0816650390625,157.35337829589844,77.47216796875,191.29859924316406,145.07901000976562,244.2071075439453,34.08995819091797,73.27257537841797,85.27067565917969,69.60856628417969,73.03226470947266,52.31171798706055,55.123043060302734,34.25575256347656,77.24882507324219,21.674827575683594,150.36117553710938,149.12811279296875,469.29296875,43.56678771972656,57.599666595458984,98.14232635498047,233.1255645751953,36.98108673095703,39.38579177856445,72.84793853759766,37.172019958496094,36.68782043457031,109.5661392211914,98.98094940185547,67.04061126708984,35.752593994140625,28.206233978271484,134.34991455078125,85.2600326538086
2024-01-23,61.43229293823242,122.27860260009766,259.72393798828125,157.65969848632812,77.66755676269531,190.74380493164062,144.28366088867188,243.87234497070312,34.19009017944336,73.48833465576172,85.0492172241211,69.87416076660156,73.8021240234375,52.14396286010742,55.46249008178711,35.546993255615234,77.57234954833984,21.53683090209961,150.43795776367188,149.20545959472656,470.6616516113281,43.49247360229492,57.461647033691406,98.29523468017578,233.5519256591797,37.1879997253418,39.514739990234375,73.56688690185547,37.250553131103516,36.74558639526367,109.47913360595703,99.37972259521484,67.76992797851562,35.55947494506836,28.25737762451172,134.25399780273438,85.05438232421875
2024-01-24,61.50665283203125,121.91146087646484,259.86016845703125,156.99929809570312,77.96188354492188,189.1767578125,143.2296142578125,241.6964111328125,34.58150863647461,74.03241729736328,84.46187591552734,70.42505645751953,74.41040802001953,51.78981018066406,54.934452056884766,36.4489631652832,77.724609375,21.362031936645508,149.66043090820312,149.24415588378906,471.1761169433594,43.761863708496094,58.03211975097656,98.55323791503906,233.51318359375,37.66765594482422,38.97985076904297,74.02352905273438,37.78178024291992,36.88998794555664,108.80231475830078,100.06404876708984,66.937744140625,35.072113037109375,27.871498107910156,133.02627563476562,84.73121643066406
2024-01-25,61.2742805480957,122.50082397460938,261.10577392578125,158.6072540283203,78.06082153320312,190.74380493164062,144.6669921875,243.28158569335938,35.24601364135742,74.23877716064453,84.2981948852539,70.74967956542969,75.37036895751953,52.302391052246094,55.405914306640625,36.51541519165039,78.2860336303711,21.454030990600586,151.16749572753906,148.35438537597656,473.73883056640625,43.87334060668945,58.2989616394043,98.98326873779297,234.8116912841797,37.761714935302734,39.390560150146484,75.22827911376953,38.631736755371094,37.072898864746094,109.84652709960938,100.48253631591797,67.5829086303711,35.5502815246582,28.373605728149414,132.82485961914062,83.6833267211914
2024-01-26,60.78163146972656,122.645751953125,260.9695129394531,158.68382263183594,77.96682739257812,190.7535400390625,144.935302734375,242.9862060546875,35.56460952758789,74.52958679199219,84.8951644897461,70.07090759277344,75.56045532226562,52.26511764526367,55.87737274169922,36.24007797241211,78.5715103149414,21.454030990600586,151.1866912841797,149.6503143310547,473.1369934082031,44.059120178222656,58.82342529296875,99.0501708984375,234.61785888671875,37.771114349365234,39.4048957824707,75.4711685180664,38.91814041137695,37.20767593383789,109.6724853515625,99.32556915283203,67.9101791381836,35.39395523071289,28.457290649414062,133.58258056640625,84.06526947021484
2024-01-29,61.50665283203125,123.16748046875,263.2660827636719,159.45913696289062,78.79293060302734,194.09210205078125,146.81346130371094,248.34234619140625,35.54640197753906,74.69843292236328,85.4439926147461,70.67098999023438,76.1782455444336,52.5353889465332,56.21683120727539,35.584964752197266,79.08535766601562,21.610427856445312,152.10821533203125,151.22671508789062,476.8839416503906,44.319217681884766,59.01665496826172,99.75732421875,236.7497100830078,37.78052520751953,39.60070037841797,76.10269165039062,38.86270523071289,37.3039436340332,110.38797760009766,100.23636627197266,68.3028793334961,35.651432037353516,28.63860321044922,134.5225830078125,85.29431915283203
2024-01-30,61.283573150634766,123.22544860839844,262.9449157714844,159.93768310546875,78.47881317138672,192.43740844726562,145.9031219482422,245.58551025390625,35.892311096191406,75.12057495117188,85.54026794433594,70.12994384765625,75.53193664550781,52.55402755737305,56.38655471801758,34.92036437988281,79.07584381103516,21.4448299407959,152.1370086669922,151.19769287109375,476.51513671875,44.263484954833984,59.04425811767578,99.5279769897461,236.42025756835938,37.42313003540039,39.782188415527344,75.58773803710938,39.264591217041016,37.775657653808594,110.42664337158203,99.40925598144531,68.68623352050781,35.32038879394531,28.629304885864258,134.8295135498047,85.2453384399414
2024-01-31,61.54383850097656,122.34622955322266,258.6242980957031,158.26271057128906,76.8117904663086,187.73622131347656,141.95509338378906,240.60350036621094,35.30062484741211,74.63276672363281,85.54026794433594,68.7527084350586,73.69757843017578,52.54471206665039,55.96223831176758,34.69249725341797,78.41925811767578,21.297632217407227,150.18836975097656,149.27316284179688,468.7396545410156,44.01268005371094,58.60259246826172,98.31433868408203,232.43756103515625,37.282047271728516,39.26161575317383,73.72233581542969,38.530113220214844,37.313568115234375,109.15038299560547,97.32182312011719,68.18132019042969,35.06291961669922,28.568870544433594,134.64727783203125,83.693115234375
2024-02-01,62.203800201416016,124.2206039428711,261.9815979003906,159.77496337890625,77.944580078125,190.22796630859375,143.26792907714844,245.04400634765625,35.39165496826172,74.58586883544922,86.32018280029297,69.63806915283203,74.35338592529297,53.25300598144531,57.008880615234375,34.83490753173828,79.46598815917969,21.573627471923828,151.9354248046875,151.66192626953125,474.8746337890625,44.477142333984375,59.18227767944336,99.4610824584961,235.56748962402344,37.53598403930664,39.91590118408203,74.48017120361328,38.52549362182617,37.37131881713867,111.00676727294922,98.54769897460938,69.57449340820312,35.679019927978516,29.112815856933594,136.39291381835938,85.30410766601562
2024-02-02,61.82270431518555,124.35588073730469,264.5505676269531,159.62185668945312,79.48793029785156,189.2254180908203,142.0701141357422,244.21693420410156,35.182289123535156,74.86729431152344,85.85801696777344,70.34635925292969,77.17621612548828,52.367637634277344,56.74486541748047,34.217777252197266,78.50489807128906,21.371231079101562,151.801025390625,152.7740936279297,479.873779296875,44.16130065917969,58.61180114746094,99.83377075195312,237.58303833007812,37.272640228271484,39.681884765625,77.47257995605469,38.580928802490234,37.525352478027344,111.75128173828125,99.56682586669922,69.35009002685547,35.22844314575195,28.58746337890625,136.19149780273438,86.82696533203125
2024-02-05,61.52524948120117,123.40902709960938,263.2855224609375,158.128662109375,79.41619873046875,186.82127380371094,139.9332275390625,241.3616485595703,34.95472717285156,74.3232192993164,86.2335205078125,70.51358795166016,76.58692932128906,51.55681610107422,56.546844482421875,34.67351150512695,76.90625762939453,21.00324058532715,150.49554443359375,151.42015075683594,478.12646484375,43.87334060668945,58.27135467529297,99.35596466064453,236.45901489257812,37.366695404052734,38.67420196533203,76.38442993164062,38.48392105102539,37.3039436340332,111.14212799072266,99.79328918457031,68.91999053955078,34.529571533203125,27.992374420166016,136.613525390625,85.60281372070312
2024-02-06,61.51595687866211,124.4041748046875,264.1808166503906,159.07627868652344,79.51017761230469,188.50515747070312,140.97769165039062,243.90185546875,35.28242111206055,74.6233901977539,87.01344299316406,70.33651733398438,76.62495422363281,51.51021957397461,56.71657180786133,36.562889099121094,77.9149169921875,21.270034790039062,151.44586181640625,153.00621032714844,479.5146179199219,44.142730712890625,58.74061584472656,99.91024017333984,237.26327514648438,38.28839874267578,39.357139587402344,76.15125274658203,38.608642578125,37.38095474243164,112.13803100585938,99.33544158935547,69.07894134521484,35.05371856689453,28.09465789794922,138.10025024414062,86.1218490600586
2024-02-07,61.869171142578125,125.09016418457031,266.50653076171875,159.49737548828125,80.52921295166016,188.067138671875,140.50816345214844,243.84280395507812,35.182289123535156,74.9142074584961,87.11935424804688,71.28089904785156,77.07166290283203,51.40769958496094,56.50913619995117,36.05968475341797,78.27652740478516,21.18723487854004,152.041015625,154.3408203125,483.51397705078125,44.170589447021484,58.547393798828125,100.41670989990234,239.1334686279297,38.26018524169922,39.67233657836914,76.53987884521484,38.68717575073242,37.660133361816406,112.88250732421875,100.64991760253906,69.01348876953125,35.03532409667969,28.11325454711914,138.4742889404297,87.08648681640625
2024-02-08,61.711158752441406,124.89691925048828,266.9153137207031,159.7271270751953,80.67018127441406,190.9190216064453,142.3575897216797,248.16514587402344,35.400760650634766,74.52958679199219,86.75347137451172,71.63504028320312,77.23323822021484,50.8764762878418,56.42427062988281,35.40457534790039,77.7436294555664,21.35283088684082,152.3769989013672,154.7469940185547,483.7275390625,44.096282958984375,58.547393798828125,100.4549331665039,239.72457885742188,38.062679290771484,39.61980056762695,76.83135986328125,39.08443832397461,37.51573181152344,112.90184783935547,100.96499633789062,68.99478912353516,35.22844314575195,27.913339614868164,138.23452758789062,87.46842956542969
2024-02-09,61.93424606323242,125.09016418457031,268.4236145019531,159.83241271972656,81.4913330078125,194.02394104003906,144.05368041992188,253.0585174560547,35.0639533996582,74.9329605102539,86.84012603759766,72.46137237548828,77.45184326171875,50.95103073120117,55.99052810668945,35.736873626708984,77.6865463256836,21.334434509277344,152.5593719482422,156.1009521484375,486.52313232421875,44.25419616699219,58.749820709228516,101.00919342041016,241.187744140625,38.213165283203125,39.705772399902344,76.91878509521484,38.48392105102539,37.621620178222656,113.07588958740234,102.32380676269531,68.3589859008789,35.32038879394531,28.020273208618164,138.12899780273438,88.09027862548828
2024-02-12,62.25027847290039,124.79066467285156,268.4236145019531,160.86610412597656,81.11042785644531,197.54742431640625,146.9763641357422,257.0953369140625,35.38254928588867,75.06428527832031,86.80162048339844,71.8613052368164,77.67996215820312,51.417015075683594,56.32998275756836,36.316036224365234,78.11475372314453,21.35283088684082,153.59603881835938,156.1009521484375,486.30963134765625,44.365665435791016,58.79582595825195,101.1429672241211,241.42034912109375,38.382450103759766,40.020973205566406,77.16168212890625,38.908905029296875,37.7949104309082,113.24026489257812,101.54594421386719,68.84517669677734,35.21004104614258,28.345712661743164,138.31124877929688,88.01683807373047
2024-02-13,62.0364875793457,123.41869354248047,264.5797424316406,158.4349822998047,79.94551086425781,189.4200897216797,140.8722686767578,246.94424438476562,34.97292709350586,74.31382751464844,85.98319244384766,70.58245849609375,76.59644317626953,50.64348220825195,55.519065856933594,35.556488037109375,76.55416870117188,20.902036666870117,151.04270935058594,153.41238403320312,479.6116638183594,43.57607650756836,57.65488052368164,99.54708862304688,237.55397033691406,37.67706298828125,39.45742416381836,76.07353973388672,38.516258239746094,37.28468704223633,112.08000183105469,99.82282257080078,68.10652160644531,34.566349029541016,27.87614631652832,137.02598571777344,86.26384735107422
2024-02-14,62.278160095214844,125.3703384399414,267.2266540527344,159.71754455566406,80.90267944335938,193.8195343017578,143.66079711914062,253.63943481445312,34.909202575683594,74.87667083740234,86.80162048339844,71.3989486694336,77.69895935058594,50.932395935058594,55.71708297729492,36.16413116455078,77.33445739746094,21.076833724975586,152.42495727539062,154.9500732421875,483.97021484375,44.1148567199707,58.46458053588867,100.65560913085938,240.1800079345703,38.222564697265625,39.71054458618164,77.28799438476562,38.479305267333984,37.6408805847168,113.95574951171875,100.86653900146484,67.97561645507812,34.796241760253906,28.029569625854492,138.21533203125,87.17461395263672
2024-02-15,62.87306213378906,126.68433380126953,269.0464172363281,161.8136749267578,81.04367065429688,198.98793029785156,147.5896453857422,259.46820068359375,35.78307342529297,76.06802368164062,87.38896179199219,71.34976196289062,78.03160858154297,51.74321746826172,56.04710388183594,36.259071350097656,78.60957336425781,21.53683090209961,154.3159942626953,156.9036407470703,487.3094787597656,44.60719680786133,59.10866165161133,101.51566314697266,242.03082275390625,38.45769500732422,40.4603385925293,77.91950225830078,39.550994873046875,38.28587341308594,114.80658721923828,100.65483856201172,68.41508483886719,35.63304138183594,28.49913215637207,139.2224578857422,88.18331909179688
2024-02-16,62.86376190185547,126.69400787353516,267.68402099609375,161.3638153076172,80.53662109375,196.28207397460938,145.97021484375,255.44125366210938,35.77397155761719,76.05863952636719,87.75484466552734,70.71033477783203,77.0906753540039,51.594093322753906,56.06596374511719,36.8287353515625,79.19955444335938,21.371231079101562,153.61526489257812,156.40074157714844,484.8826904296875,44.644351959228516,59.20067596435547,101.27677154541016,240.76141357421875,38.64579391479492,40.67525100708008,76.70504760742188,39.52790069580078,38.151100158691406,114.12012481689453,99.72928619384766,68.51792907714844,35.26521682739258,28.46658706665039,139.6732635498047,87.65938568115234
2024-02-20,63.14262390136719,126.58772277832031,266.22430419921875,161.15325927734375,79.73031616210938,193.57620239257812,144.23577880859375,251.50289916992188,35.500892639160156,76.18997192382812,87.62966918945312,70.01189422607422,76.9480972290039,51.76185607910156,56.68828582763672,36.52491760253906,78.92359161376953,21.270034790039062,153.26010131835938,155.06613159179688,482.21319580078125,44.80226516723633,59.50431442260742,100.99964904785156,239.249755859375,38.721038818359375,40.58928298950195,76.58845520019531,39.16758728027344,38.04520797729492,113.76236724853516,98.71509552001953,69.2378921508789,35.21004104614258,28.447988510131836,139.20330810546875,86.83185577392578
2024-02-21,63.01250076293945,127.1384506225586,266.3216247558594,161.8998260498047,79.52008819580078,192.6613006591797,144.14950561523438,249.15957641601562,36.119876861572266,76.22750091552734,87.87039184570312,69.60856628417969,77.04314422607422,52.209197998046875,56.820289611816406,37.2939567565918,79.06632232666016,21.408029556274414,153.56727600097656,156.33303833007812,482.6499938964844,44.83012771606445,59.57793045043945,101.02831268310547,239.29818725585938,38.758663177490234,40.81374740600586,76.50102233886719,39.902061462402344,38.16073226928711,114.216796875,98.09477233886719,69.49034881591797,35.46751403808594,28.824569702148438,139.51022338867188,87.47331237792969
2024-02-22,64.04426574707031,128.684326171875,271.7613830566406,163.2015380859375,81.93653106689453,194.1212921142578,144.19741821289062,253.43267822265625,36.12897872924805,77.09052276611328,88.77546691894531,71.8613052368164,78.14566802978516,51.92961120605469,56.77315139770508,37.759185791015625,79.73243713378906,21.42643165588379,155.09353637695312,159.3794403076172,492.6387023925781,45.30388641357422,60.1760139465332,102.67198944091797,244.02699279785156,39.09724426269531,41.224464416503906,77.64746856689453,39.97136306762695,38.60356140136719,115.62842559814453,101.30470275878906,69.70540618896484,35.55947494506836,28.601411819458008,141.150390625,89.17244720458984
2024-02-23,64.14651489257812,129.34130859375,271.8002624511719,163.6417999267578,81.84996795654297,194.5592803955078,144.51365661621094,253.67881774902344,35.965126037597656,77.3531723022461,89.21839904785156,71.87113189697266,78.03160858154297,52.115997314453125,56.905155181884766,37.88261413574219,80.09403228759766,21.389631271362305,155.5063018798828,159.28273010253906,492.9784240722656,45.37820053100586,60.24962615966797,102.74842834472656,244.19171142578125,39.10664749145508,41.4680290222168,77.4531478881836,39.708045959472656,38.79609680175781,116.23755645751953,101.06838989257812,69.92044830322266,35.6054573059082,28.805973052978516,141.82179260253906,88.77092742919922
2024-02-26,64.13722229003906,129.28334045410156,271.0023193359375,162.89523315429688,81.671875,195.78567504882812,144.84902954101562,256.39630126953125,36.01064682006836,77.09989929199219,88.85250854492188,71.93016052246094,77.08116912841797,51.174713134765625,56.67885971069336,37.5503044128418,79.51356506347656,21.196434020996094,154.88238525390625,159.39878845214844,491.1728820800781,45.27602005004883,60.185211181640625,102.48085021972656,243.4552764892578,38.974979400634766,41.21968460083008,76.32614135742188,39.84663772583008,38.60356140136719,116.06353759765625,101.16685485839844,69.63994598388672,35.20084762573242,28.238779067993164,141.0928192138672,89.04513549804688
2024-02-27,64.30453491210938,129.3606414794922,271.5764465332031,163.34507751464844,81.77824401855469,198.55966186523438,146.31515502929688,260.63006591796875,35.974239349365234,77.3062744140625,88.71769714355469,71.8613052368164,77.80350494384766,51.873687744140625,56.584564208984375,38.06300735473633,79.84662628173828,21.20563507080078,155.56390380859375,160.1047821044922,492.08538818359375,45.359622955322266,60.286415100097656,102.70064544677734,244.13360595703125,39.09724426269531,41.37250518798828,76.94793701171875,39.675716400146484,38.70945358276367,116.23755645751953,101.25547790527344,69.6492919921875,35.22844314575195,28.773427963256836,140.74754333496094,89.33891296386719
2024-02-28,63.830467224121094,129.60218811035156,271.1579895019531,163.43124389648438,81.46907043457031,196.92445373535156,145.2994384765625,258.7198791503906,35.73756408691406,77.2406005859375,88.1881332397461,71.55633544921875,76.9291000366211,51.873687744140625,56.29226303100586,36.94266128540039,79.5230712890625,21.260835647583008,155.62147521972656,159.8146514892578,491.4350280761719,45.118099212646484,59.982791900634766,102.308837890625,243.72662353515625,38.49531555175781,41.50145721435547,76.42330169677734,39.597190856933594,38.85386276245117,116.63397979736328,100.77791595458984,69.7240982055664,35.679019927978516,28.861764907836914,140.04734802246094,89.69148254394531
2024-02-29,64.2487564086914,129.78575134277344,272.2478942871094,163.9193878173828,81.90190887451172,198.29684448242188,146.6122283935547,259.92108154296875,35.910518646240234,77.43760681152344,87.58152770996094,72.23512268066406,77.49935913085938,52.041446685791016,56.31112289428711,37.018619537353516,80.23677062988281,21.3436336517334,156.2646484375,160.46258544921875,493.2016906738281,45.22028350830078,60.01039123535156,102.72931671142578,244.7537841796875,38.579959869384766,41.8166618347168,77.1033935546875,39.791202545166016,38.8346061706543,116.99173736572266,101.90042114257812,69.61189270019531,35.96408462524414,28.87105941772461,138.9059600830078,90.29866027832031
2024-03-01,65.37348175048828,130.4717254638672,274.64178466796875,164.77122497558594,82.8936996459961,200.39926147460938,147.66629028320312,263.46563720703125,36.39296340942383,77.70025634765625,88.56364440917969,73.57299041748047,78.20269775390625,51.83640670776367,56.34883499145508,37.62626266479492,80.89334869384766,21.518428802490234,157.3589324951172,161.7875213623047,497.8320007324219,45.70332336425781,60.51644515991211,103.64672088623047,247.00186157226562,39.09724426269531,42.0076904296875,77.7446060180664,40.25313186645508,38.786468505859375,117.49449157714844,103.76138305664062,69.62124633789062,36.3594970703125,28.694395065307617,140.36386108398438,90.59735107421875
2024-03-04,64.99237823486328,130.73257446289062,274.43743896484375,165.31680297851562,82.54991149902344,200.21432495117188,146.70806884765625,264.5979309082031,36.0379524230957,77.74716186523438,88.46736145019531,73.71070098876953,77.19522094726562,52.32103729248047,56.113101959228516,36.94266128540039,81.1312484741211,21.65642738342285,157.6469268798828,159.6792449951172,497.298095703125,45.58256912231445,60.43363571166992,103.48426055908203,246.75961303710938,38.93735885620117,42.31333923339844,76.72447967529297,39.82353210449219,38.88273620605469,117.919921875,103.76138305664062,69.67736053466797,36.77330017089844,29.177898406982422,140.15284729003906,89.37320709228516
2024-03-05,65.34561157226562,130.046630859375,271.5472412109375,164.7616729736328,81.24152374267578,198.29684448242188,146.3630828857422,260.1377258300781,36.2291145324707,77.6064682006836,87.8896484375,72.05804443359375,76.7485122680664,52.47015380859375,56.2828254699707,36.53440475463867,80.5888442993164,21.463228225708008,156.92698669433594,158.48971557617188,492.3280334472656,45.47109603881836,60.185211181640625,102.69108581542969,244.14328002929688,38.67401123046875,42.08888244628906,76.10269165039062,40.119178771972656,38.89236831665039,116.95305633544922,101.21116638183594,69.84564208984375,36.30432891845703,29.094221115112305,139.10736083984375,88.26168823242188
2024-03-06,66.34019470214844,131.1383819580078,273.12371826171875,165.7187957763672,81.6792984008789,199.77635192871094,147.00509643554688,262.7862548828125,36.52040100097656,78.37567901611328,88.53475952148438,72.82535552978516,76.95761108398438,53.03865432739258,56.61285400390625,37.10407638549805,81.50236511230469,21.592025756835938,157.81968688964844,159.1473388671875,494.8227844238281,46.01915740966797,60.829288482666016,103.51292419433594,245.58709716796875,39.153682708740234,42.39929962158203,76.20954132080078,40.24390411376953,39.09453201293945,117.56217956542969,102.01366424560547,70.43472290039062,36.50663375854492,29.373165130615234,140.0569610595703,87.94828796386719
2024-03-07,66.31230163574219,132.1625213623047,275.85809326171875,166.6089324951172,82.7848892211914,201.4407501220703,148.07835388183594,265.07049560546875,36.766178131103516,78.74152374267578,89.45909881591797,74.07469177246094,78.14566802978516,53.579200744628906,57.027740478515625,36.86671447753906,82.86311340332031,21.638029098510742,159.0580291748047,159.708251953125,499.7346496582031,46.54865264892578,61.77701187133789,104.57366943359375,247.98057556152344,39.34178161621094,42.91986083984375,77.44343566894531,40.585731506347656,39.036773681640625,118.50971984863281,103.62352752685547,70.8367691040039,36.50663375854492,29.56378173828125,140.70916748046875,88.61912536621094
2024-03-08,66.16358184814453,131.73741149902344,274.0286865234375,166.59933471679688,81.84254455566406,201.314208984375,148.29873657226562,264.3812561035156,36.72976303100586,78.91036987304688,89.26652526855469,73.00242614746094,78.02210998535156,53.67239761352539,56.82972717285156,36.990135192871094,82.35877990722656,21.849628448486328,158.87559509277344,159.02159118652344,496.735107421875,46.418601989746094,61.5009765625,104.07674407958984,246.5464630126953,39.275943756103516,42.6715202331543,77.32682800292969,40.72893524169922,39.104156494140625,118.24866485595703,102.08257293701172,70.27577209472656,36.938819885253906,29.638166427612305,140.4501953125,88.29104614257812
2024-03-11,64.69493103027344,130.9451446533203,273.81463623046875,167.1066436767578,81.47402954101562,199.7179412841797,147.60879516601562,261.63433837890625,36.97554016113281,78.78842163085938,89.24727630615234,72.52040100097656,77.58489990234375,53.72831726074219,57.04659652709961,37.79716491699219,82.48247528076172,21.803627014160156,159.07717895507812,158.76051330566406,496.3080139160156,46.186370849609375,61.510189056396484,103.83782958984375,246.14913940429688,39.37939453125,43.153873443603516,77.18111419677734,41.14929962158203,39.171539306640625,117.63953399658203,101.80194091796875,70.65912628173828,36.754913330078125,29.786937713623047,140.3734588623047,88.0511245727539
2024-03-12,65.04814910888672,131.85336303710938,276.6463623046875,167.50863647460938,82.85414123535156,199.44540405273438,146.93801879882812,262.3923645019531,36.993751525878906,79.36063385009766,89.73832702636719,74.08451080322266,78.36426544189453,53.25300598144531,57.34832763671875,38.57569885253906,82.67279052734375,21.75762176513672,159.4899444580078,160.80108642578125,501.6470031738281,46.53936004638672,62.10826110839844,104.84124755859375,248.5813446044922,39.71798324584961,43.14910125732422,77.86121368408203,41.084625244140625,39.335205078125,118.16165161132812,103.88939666748047,71.02376556396484,36.66294860839844,29.498693466186523,141.0257110595703,88.8100814819336
2024-03-13,64.48115539550781,131.7180938720703,276.276611328125,167.78623962402344,82.52517700195312,200.22406005859375,147.27340698242188,263.46563720703125,37.539913177490234,79.74525451660156,89.2376480102539,73.36639404296875,78.3927993774414,53.579200744628906,57.50862503051758,38.71811294555664,83.66243743896484,21.61962890625,159.56674194335938,160.6173553466797,500.86065673828125,46.54865264892578,62.21868133544922,104.66923522949219,248.27127075195312,39.49226760864258,43.57413864135742,77.99722290039062,41.740570068359375,39.62400436401367,118.48070526123047,102.76689910888672,71.2014389038086,36.43305969238281,29.6986026763916,140.47898864746094,88.62403106689453
2024-03-14,64.19298553466797,131.1383819580078,275.46893310546875,166.46536254882812,82.58702850341797,196.6422119140625,144.52325439453125,258.7395935058594,37.76749038696289,78.94789123535156,88.8910140991211,73.31720733642578,78.27872467041016,53.18777084350586,56.961734771728516,38.13895797729492,82.89165496826172,21.371231079101562,158.136474609375,158.94422912597656,499.8704833984375,46.24210739135742,61.75862121582031,104.20097351074219,247.3119659423828,39.275943756103516,43.34490966796875,77.81262969970703,42.1701774597168,39.30631637573242,117.9779281616211,102.78658294677734,70.6497573852539,35.91810989379883,29.461496353149414,139.9801788330078,88.06090545654297
2024-03-15,64.66703796386719,131.55386352539062,273.522705078125,166.3983612060547,81.64220428466797,197.01206970214844,145.2994384765625,258.5328369140625,37.84030532836914,79.09797668457031,88.45773315429688,72.21544647216797,77.76548767089844,53.336891174316406,56.79200744628906,38.02503204345703,82.97730255126953,21.371231079101562,157.82931518554688,158.34463500976562,496.4381408691406,46.20193099975586,61.70311737060547,103.741455078125,245.84873962402344,39.16203308105469,43.364013671875,77.03539276123047,42.294898986816406,39.2678108215332,117.99726867675781,101.23580169677734,70.6217269897461,35.89971923828125,29.503339767456055,139.4238739013672,87.18441772460938
2024-03-18,65.67092895507812,131.44757080078125,275.2645568847656,166.75250244140625,82.35204315185547,195.8830108642578,144.54237365722656,256.60302734375,38.01325988769531,79.16364288330078,88.29403686523438,72.64827728271484,79.2576904296875,53.34621047973633,56.961734771728516,38.26238250732422,83.10100555419922,21.31603240966797,158.26307678222656,159.22470092773438,499.38848876953125,46.21127700805664,61.34227752685547,104.12519073486328,247.09878540039062,39.246761322021484,43.443092346191406,78.61746215820312,42.44111633300781,39.49296569824219,118.2067642211914,101.73335266113281,71.07571411132812,35.89415740966797,29.639280319213867,139.40753173828125,87.85033416748047
2024-03-19,65.92190551757812,132.76156616210938,276.77288818359375,167.55650329589844,82.88876342773438,196.7103271484375,145.75938415527344,257.2627258300781,38.322750091552734,79.59516906738281,88.74658203125,72.94338989257812,79.12462615966797,53.616477966308594,57.037174224853516,38.02503204345703,83.30083465576172,21.398828506469727,159.20767211914062,160.14344787597656,502.1636657714844,46.28601837158203,61.44404983520508,104.4897232055664,248.5232391357422,39.08672332763672,43.44788360595703,78.58824920654297,42.92540740966797,39.686222076416016,119.2251205444336,102.26100158691406,71.33944702148438,35.89415740966797,29.901784896850586,140.3316192626953,88.6109619140625
2024-03-20,66.43314361572266,134.29779052734375,279.4781494140625,169.030517578125,83.8113021850586,200.6036376953125,148.95994567871094,261.5160827636719,38.40467834472656,80.32685089111328,88.57327270507812,74.0156478881836,80.17012023925781,53.933353424072266,57.2163200378418,38.404808044433594,84.42369079589844,21.527629852294922,160.56678771972656,162.48385620117188,506.808349609375,46.79055404663086,62.184226989746094,105.52580261230469,251.0426483154297,39.397377014160156,43.88404083251953,79.51373291015625,42.864871978759766,40.15970993041992,120.6605224609375,103.40507507324219,71.55607604980469,36.042293548583984,29.939279556274414,140.0139923095703,89.93102264404297
2024-03-21,66.76777648925781,134.993408203125,280.4629821777344,170.13601684570312,83.8841323852539,202.9085235595703,150.78436279296875,264.3869323730469,38.46839904785156,80.93659973144531,88.56364440917969,74.20257568359375,79.94200897216797,53.700355529785156,57.122032165527344,38.0724983215332,84.58545684814453,21.68769645690918,161.66563415527344,162.83201599121094,508.4832458496094,46.81857681274414,62.02693557739258,105.8423843383789,252.07952880859375,39.425621032714844,44.066165924072266,79.5429458618164,43.12099075317383,40.48826217651367,121.85345458984375,103.4790267944336,71.59375762939453,36.18116760253906,29.892406463623047,140.19688415527344,90.45609283447266
2024-03-22,66.75847625732422,134.61660766601562,279.8090515136719,169.18431091308594,83.95842742919922,200.1079864501953,148.51461791992188,261.3307800292969,38.386470794677734,80.11109924316406,88.56364440917969,74.36979675292969,80.2936782836914,53.89607238769531,56.92401885986328,37.531314849853516,84.06208801269531,21.474889755249023,160.62461853027344,161.61346435546875,507.5192565917969,46.65974426269531,61.87890625,105.51620483398438,251.37063598632812,39.17144775390625,43.79297637939453,79.70857238769531,43.02785873413086,40.02442932128906,121.4364013671875,103.51355743408203,71.24525451660156,35.75528335571289,29.934593200683594,140.00436401367188,89.66603088378906
2024-03-25,65.98696899414062,133.98858642578125,279.0477294921875,168.982421875,83.63400268554688,200.56661987304688,148.69737243652344,261.9814147949219,38.76879119873047,79.97039031982422,88.29403686523438,73.93696594238281,79.95152282714844,53.979949951171875,56.76372528076172,37.45536422729492,84.07160186767578,21.382368087768555,160.27760314941406,160.97515869140625,506.1169738769531,46.594337463378906,61.94366455078125,105.30516052246094,250.806640625,39.17144775390625,43.8073616027832,79.43580627441406,43.428340911865234,39.86982727050781,120.65081787109375,102.82810974121094,71.04745483398438,35.61640930175781,30.075223922729492,139.8118438720703,89.37158966064453
2024-03-26,66.2751235961914,133.90164184570312,278.5108642578125,168.85743713378906,83.34423828125,200.2055206298828,148.13954162597656,261.87298583984375,38.44108963012695,80.2987060546875,88.63104248046875,73.57299041748047,79.86597442626953,53.597835540771484,56.933448791503906,37.578792572021484,83.92887115478516,21.336101531982422,160.12338256835938,161.19760131835938,505.1822204589844,46.65974426269531,62.03618240356445,105.18043518066406,250.3592987060547,39.08672332763672,43.7738037109375,79.27017211914062,43.093055725097656,40.005104064941406,120.2143783569336,102.40402221679688,71.08513641357422,35.468284606933594,29.733030319213867,140.32203674316406,89.48445892333984
2024-03-27,66.56327819824219,135.312255859375,281.2048034667969,171.6356964111328,83.68849182128906,204.56736755371094,151.81346130371094,266.9403076171875,38.74148941040039,80.99288177490234,89.60353088378906,73.7303695678711,80.17012023925781,54.85601043701172,57.470916748046875,37.52182388305664,84.90900421142578,21.780221939086914,162.68739318847656,162.40647888183594,509.4276428222656,46.968074798583984,62.4155158996582,105.96710205078125,252.5667266845703,39.190277099609375,44.40167236328125,79.6793441772461,43.493534088134766,40.47859191894531,122.14441680908203,102.92672729492188,71.8292465209961,36.366336822509766,30.562725067138672,142.18951416015625,90.51988220214844
2024-03-28,66.32159423828125,134.96441650390625,281.1365051269531,172.18365478515625,83.47301483154297,205.21142578125,152.7367401123047,266.9698486328125,39.096492767333984,81.27430725097656,89.690185546875,73.59265899658203,79.97052001953125,55.033077239990234,57.54634094238281,37.7212028503418,85.09931182861328,21.909757614135742,163.25607299804688,162.35812377929688,509.3303527832031,46.87464141845703,62.304500579833984,106.00546264648438,252.7320098876953,39.32206726074219,44.52150344848633,79.55270385742188,43.9638557434082,40.700843811035156,122.1637954711914,102.70482635498047,71.92342376708984,36.597782135009766,30.773664474487305,142.20875549316406,90.24018859863281
2024-04-01,65.3270034790039,133.87266540527344,280.52154541015625,171.34727478027344,83.4234848022461,203.2793426513672,151.06329345703125,264.89959716796875,39.37867736816406,80.75836181640625,88.85250854492188,73.8287582397461,80.69286346435547,54.64165115356445,57.122032165527344,38.33834457397461,85.004150390625,21.613677978515625,162.2921600341797,161.1009063720703,508.44427490234375,46.68777847290039,62.19347381591797,105.72725677490234,252.53753662109375,39.48210906982422,44.41605758666992,80.16645050048828,44.289825439453125,40.47859191894531,121.2230453491211,102.9908447265625,71.34886932373047,35.95896911621094,30.58616065979004,140.995849609375,89.56787872314453
2024-04-02,64.99237823486328,133.0707244873047,278.5499267578125,170.27061462402344,82.69538879394531,199.54202270507812,148.50503540039062,259.65484619140625,39.9976692199707,80.30809783935547,87.57190704345703,73.23851776123047,80.51227569580078,54.63233184814453,56.72600173950195,38.452274322509766,84.82335662841797,21.336101531982422,160.89450073242188,158.7024688720703,505.21148681640625,46.398136138916016,61.65685272216797,105.11328887939453,250.20370483398438,39.61389923095703,44.25310134887695,80.03980255126953,44.90916442871094,40.26601028442383,120.6605224609375,101.99964904785156,70.98153686523438,35.56086349487305,30.63772964477539,138.8010711669922,88.2478256225586
2024-04-03,65.43854522705078,133.87266540527344,278.9305725097656,170.42440795898438,82.92074584960938,200.84957885742188,149.46678161621094,261.3307800292969,40.32536697387695,80.61766052246094,87.59117126464844,73.39591979980469,81.11105346679688,54.50185775756836,56.235687255859375,38.33834457397461,85.53704071044922,21.336101531982422,161.0679931640625,159.32142639160156,505.7664794921875,46.6504020690918,62.09170150756836,105.38189697265625,250.59271240234375,39.67039108276367,44.51670837402344,80.67300415039062,45.21650314331055,40.24668502807617,121.2812271118164,102.27085876464844,70.19974517822266,35.579383850097656,30.515846252441406,138.64706420898438,88.31161499023438
2024-04-04,64.75999450683594,132.52967834472656,275.6119689941406,168.751708984375,81.75675201416016,198.83941650390625,148.27420043945312,257.96905517578125,40.29806137084961,80.06419372558594,86.52239227294922,72.18592834472656,80.24614715576172,54.4925422668457,56.08481979370117,38.186431884765625,84.66158294677734,21.234329223632812,159.42935180664062,157.5902862548828,499.5930480957031,46.27667236328125,61.6105842590332,104.29786682128906,247.587890625,39.5291862487793,44.066165924072266,79.58192443847656,45.188560485839844,39.79251480102539,120.2143783569336,100.65338897705078,69.8983383178711,35.301639556884766,30.454910278320312,136.64479064941406,87.27617645263672
2024-04-05,64.94591522216797,134.0658721923828,278.5596923828125,169.91490173339844,82.88854217529297,199.50296020507812,148.88009643554688,259.0238952636719,40.67127227783203,80.4957046508789,87.10972595214844,73.04177856445312,81.1490707397461,54.39933395385742,55.90566635131836,37.93008804321289,85.19447326660156,21.345355987548828,160.38363647460938,157.98680114746094,504.81219482421875,46.444847106933594,61.767879486083984,105.15165710449219,250.0870361328125,39.65156173706055,44.463985443115234,80.3905029296875,45.672855377197266,40.169376373291016,121.8825454711914,101.80732727050781,70.01136016845703,35.53308868408203,30.543977737426758,137.86732482910156,87.76200103759766
2024-04-08,65.27123260498047,134.38473510742188,278.9696044921875,170.17449951171875,82.89845275878906,200.59585571289062,149.70721435546875,260.34490966796875,40.58934783935547,80.86155700683594,86.946044921875,72.89421081542969,81.07303619384766,54.669612884521484,55.99052810668945,38.1104736328125,85.72734832763672,21.632179260253906,160.87522888183594,159.58253479003906,505.09454345703125,46.669090270996094,62.08244705200195,105.38189697265625,250.37875366210938,39.89632034301758,44.497535705566406,80.40023803710938,45.3841438293457,40.34331130981445,121.66917419433594,101.68898010253906,69.90776062011719,35.83860778808594,30.74553680419922,137.42449951171875,88.59622955322266
2024-04-09,65.5129165649414,134.0755615234375,279.13555908203125,170.44363403320312,82.98512268066406,201.38626098632812,150.4766387939453,261.025146484375,40.58934783935547,80.42066955566406,87.07122039794922,73.24835205078125,80.94947814941406,54.87464904785156,56.169677734375,38.452274322509766,86.30780029296875,21.817230224609375,161.5113983154297,159.833984375,505.67889404296875,46.678428649902344,61.95292282104492,105.54499816894531,250.73854064941406,40.24463653564453,44.60298538208008,80.4879379272461,45.398109436035156,40.11139678955078,121.3879165649414,102.20182800292969,70.24684143066406,36.292266845703125,30.91429328918457,137.91546630859375,89.01335144042969
2024-04-10,64.49043273925781,132.76156616210938,276.28546142578125,168.01148986816406,82.380859375,196.06813049316406,145.78323364257812,255.19873046875,40.74409484863281,79.1261215209961,86.19501495361328,72.41219329833984,80.61682891845703,53.886749267578125,55.924522399902344,38.195926666259766,84.96609497070312,21.095539093017578,158.7642822265625,157.91909790039062,500.6153869628906,45.97768783569336,61.221988677978516,104.33622741699219,247.93797302246094,39.80217742919922,43.90800857543945,79.8547134399414,45.537818908691406,39.51227951049805,120.35016632080078,100.94928741455078,69.9925308227539,34.80168914794922,30.38459587097168,136.29824829101562,87.63932800292969
2024-04-11,65.05744171142578,133.0513916015625,278.12042236328125,167.7711639404297,83.55475616455078,197.39524841308594,146.75460815429688,257.16058349609375,40.6075553894043,78.92913055419922,85.9157943725586,73.9271240234375,81.26313018798828,53.97063446044922,55.66993713378906,38.49024963378906,85.14688873291016,21.1695613861084,158.64862060546875,158.82818603515625,504.3934326171875,46.145870208740234,61.25899887084961,104.9310073852539,249.6202850341797,39.93397903442383,43.87445831298828,80.55612182617188,45.50522232055664,39.2320556640625,120.48595428466797,102.9661865234375,69.8229751586914,34.83872604370117,30.32366180419922,135.73989868164062,88.34596252441406
2024-04-12,64.19298553466797,131.26397705078125,274.0794982910156,165.18516540527344,82.37588500976562,193.88235473632812,144.629150390625,251.748291015625,40.08869934082031,77.5407943725586,84.71221923828125,72.59909057617188,79.93250274658203,53.64444351196289,54.934452056884766,37.2939567565918,83.51969146728516,20.864227294921875,156.13284301757812,155.50131225585938,497.43133544921875,45.34235763549805,60.204246520996094,103.2330093383789,246.02230834960938,39.16203308105469,43.09800338745117,79.23121643066406,44.76480484008789,38.71025466918945,119.19602966308594,101.29939270019531,69.11656188964844,34.47765350341797,30.093971252441406,133.71841430664062,86.91304016113281
2024-04-15,63.92341995239258,130.56834411621094,270.5071105957031,164.02195739746094,80.98653411865234,191.04273986816406,142.91720581054688,247.48934936523438,39.77009582519531,77.20308685302734,84.54853820800781,71.28089904785156,78.68741607666016,53.20641326904297,54.80244827270508,37.43637466430664,83.39598846435547,20.568153381347656,154.7833709716797,153.7025146484375,491.199462890625,45.18352508544922,60.111724853515625,102.26409149169922,242.99807739257812,38.917266845703125,42.89190673828125,78.2278060913086,44.345706939697266,38.51698684692383,118.3425521850586,99.37618255615234,68.83399200439453,33.8758659362793,29.817407608032227,133.4488983154297,85.46540069580078
2024-04-16,63.03108215332031,129.75677490234375,270.0679016113281,163.13754272460938,80.98902130126953,190.3401641845703,141.6669158935547,247.68653869628906,39.37867736816406,76.59335327148438,84.38484954833984,71.3989486694336,78.42130279541016,52.498111724853516,54.708160400390625,36.9996337890625,82.1303939819336,20.336841583251953,153.92550659179688,152.65805053710938,490.3036193847656,44.70702362060547,59.63059997558594,101.67889404296875,242.2687530517578,38.43716049194336,42.56119918823242,77.96475982666016,43.959197998046875,38.25608825683594,118.07098388671875,99.4945297241211,68.86225128173828,33.3574104309082,29.423654556274414,133.49696350097656,84.97956848144531
2024-04-17,62.36182403564453,129.29299926757812,268.5159912109375,162.84913635253906,80.30052947998047,188.33001708984375,140.44549560546875,244.5120849609375,39.269447326660156,76.8653793334961,84.38484954833984,70.14961242675781,78.37377166748047,53.31824493408203,55.047607421875,37.06609344482422,82.7394027709961,20.225814819335938,153.60739135742188,152.41627502441406,487.40185546875,44.73505401611328,59.83415222167969,101.295166015625,240.84902954101562,38.5030632019043,42.65705108642578,77.89656066894531,43.833465576171875,38.352718353271484,117.45996856689453,98.05950927734375,69.11656188964844,33.07965850830078,30.0377197265625,133.26597595214844,84.56734466552734
2024-04-18,62.17591857910156,129.1094207763672,267.9107666015625,163.0125732421875,79.8646469116211,188.1738739013672,140.73402404785156,243.4473419189453,39.1693115234375,77.15618133544922,84.16339111328125,69.44131469726562,78.82048797607422,53.73763656616211,55.292762756347656,37.54081344604492,82.71086120605469,20.253568649291992,153.46282958984375,151.90370178222656,486.39892578125,44.68833923339844,59.695369720458984,101.14168548583984,240.35308837890625,38.606605529785156,42.67142868041992,78.27650451660156,43.69841766357422,38.488006591796875,117.05262756347656,96.94010162353516,69.4367904663086,33.088924407958984,30.20647430419922,133.25634765625,84.04228210449219
2024-04-19,61.80410385131836,128.69398498535156,265.69512939453125,163.95469665527344,78.2969741821289,188.4666290283203,142.12855529785156,241.8206787109375,39.69727325439453,77.72840118408203,84.49075317382812,67.60176086425781,77.8130111694336,54.380699157714844,55.87737274169922,37.41738510131836,82.69183349609375,20.346094131469727,154.04116821289062,151.2750701904297,482.1534729003906,44.71636962890625,59.843406677246094,100.671630859375,238.46658325195312,38.49364471435547,42.637882232666016,77.41922760009766,44.22462844848633,39.019466400146484,116.83926391601562,94.94291687011719,70.114990234375,33.21853256225586,30.670536041259766,133.7568817138672,83.3061752319336
2024-04-22,62.436187744140625,129.73744201660156,268.16455078125,165.32937622070312,79.07708740234375,190.57437133789062,143.7924041748047,244.41346740722656,39.952152252197266,78.84471130371094,85.1262435913086,68.25101470947266,78.60187530517578,54.93988800048828,56.471412658691406,38.1579475402832,82.78697204589844,20.503385543823242,155.2171173095703,152.15512084960938,486.59368896484375,45.202213287353516,60.50957489013672,101.61175537109375,240.8101348876953,38.82312774658203,42.681026458740234,77.52637481689453,44.513343811035156,39.49296569824219,117.72183227539062,95.79109954833984,70.7837142944336,33.48701858520508,30.9517879486084,134.26712036132812,83.67422485351562
2024-04-23,62.57560729980469,131.35093688964844,271.33673095703125,166.9444122314453,80.24852752685547,193.76524353027344,145.9371337890625,248.80055236816406,40.134212493896484,79.40754699707031,86.29130554199219,69.36264038085938,79.88497924804688,55.29403305053711,56.67885971069336,38.65165710449219,82.60618591308594,20.734695434570312,156.59552001953125,154.07000732421875,492.3679504394531,45.66001892089844,61.36077117919922,102.77253723144531,243.67877197265625,39.14320373535156,42.31195831298828,78.70514678955078,44.76015090942383,39.744205474853516,119.36089324951172,97.21133422851562,70.98153686523438,33.79254150390625,31.097103118896484,136.01905822753906,84.67040252685547
2024-04-24,62.845176696777344,130.78089904785156,271.2684326171875,166.9059600830078,80.26338195800781,192.89678955078125,145.49468994140625,247.7161102294922,40.16151809692383,79.32311248779297,85.99282836914062,69.68726348876953,79.94200897216797,55.5177116394043,56.94287872314453,39.24980545043945,82.55860137939453,20.679183959960938,156.8171844482422,155.31759643554688,492.13427734375,45.52922439575195,61.07395935058594,102.7437515258789,243.7371063232422,39.265586853027344,42.34071350097656,78.75385284423828,44.792747497558594,39.73453903198242,118.41043853759766,97.65514373779297,71.5184097290039,33.92215347290039,31.28460121154785,135.5955352783203,85.48011779785156
2024-04-25,61.869171142578125,130.06593322753906,270.1752624511719,166.50221252441406,79.75814819335938,191.72581481933594,144.436767578125,246.32606506347656,40.38908767700195,79.02293395996094,85.60767364501953,69.59872436523438,77.37580871582031,55.38723373413086,56.7825813293457,39.44918441772461,82.75843811035156,20.549646377563477,156.48948669433594,154.71798706054688,490.2646484375,45.3330192565918,60.96293258666992,102.4175796508789,242.5799560546875,39.387969970703125,42.642669677734375,75.94818115234375,44.99763488769531,39.50262451171875,118.769287109375,97.4430923461914,71.34886932373047,33.72773742675781,31.368980407714844,134.69064331054688,85.55371856689453
2024-04-26,62.39900588989258,131.5055389404297,272.7618408203125,166.35800170898438,81.22924041748047,193.56033325195312,145.36007690429688,249.51036071777344,40.1251106262207,78.97603607177734,85.80987548828125,70.63164520263672,79.7994384765625,55.051719665527344,56.76372528076172,40.20873260498047,83.39598846435547,20.59590721130371,156.5665740966797,155.94619750976562,494.9093322753906,45.669376373291016,61.425540924072266,103.33853912353516,244.83592224121094,39.839839935302734,42.90628433227539,78.04270935058594,44.58319854736328,39.444644927978516,118.96326446533203,98.54277801513672,71.19816589355469,33.75550842285156,31.02678871154785,134.7292022705078,86.32416534423828
2024-04-29,62.96601867675781,131.998291015625,273.8061828613281,167.12705993652344,81.33820343017578,195.1216278076172,146.23529052734375,252.12289428710938,40.32536697387695,79.17303466796875,86.1468734741211,70.8775634765625,78.88700866699219,55.71342086791992,56.895729064941406,40.60750198364258,84.13821411132812,20.808717727661133,157.65579223632812,158.0158233642578,496.6620788574219,45.921634674072266,61.61983871459961,103.78942108154297,245.7986297607422,40.2352294921875,43.26575469970703,77.13668823242188,44.88588333129883,39.386661529541016,119.758544921875,98.96688079833984,71.42422485351562,34.135101318359375,31.448665618896484,135.18161010742188,88.33124542236328
2024-04-30,62.529136657714844,130.27850341796875,269.3748779296875,164.8679656982422,79.95379638671875,191.1598358154297,143.3403778076172,246.77955627441406,39.260345458984375,78.42256164550781,86.00244903564453,69.33312225341797,77.70846557617188,55.368595123291016,56.641136169433594,39.75299835205078,82.587158203125,20.46637725830078,155.38099670410156,154.611572265625,488.7943420410156,45.2769660949707,60.7131233215332,102.20652770996094,241.7533721923828,39.69862747192383,42.479713439941406,75.85076904296875,43.54941177368164,39.00014877319336,117.85761260986328,96.7872314453125,71.11339569091797,33.50553512573242,31.28460121154785,135.08534240722656,86.18185424804688
2024-05-01,62.38041687011719,130.33645629882812,268.5940246582031,164.60838317871094,79.66405487060547,191.5599365234375,144.0905303955078,246.0500030517578,38.714176177978516,78.42256164550781,86.2335205078125,68.69369506835938,78.21219635009766,55.778656005859375,56.49027633666992,40.037837982177734,82.6156997680664,20.447872161865234,154.85084533691406,153.915283203125,487.2071838378906,45.22090148925781,60.639095306396484,102.01465606689453,241.15049743652344,39.74570083618164,42.70018005371094,76.55219268798828,42.85556411743164,39.00014877319336,117.56666564941406,95.7960205078125,70.6612777709961,33.524051666259766,31.64554786682129,135.32601928710938,85.64205932617188
2024-05-02,63.64457321166992,131.42823791503906,271.1805725097656,165.4447479248047,80.64724731445312,195.0825653076172,147.03355407714844,250.74269104003906,39.02366638183594,78.90098571777344,86.06022644042969,69.70693969726562,79.23868560791016,56.347164154052734,56.914588928222656,42.22154998779297,82.99633026123047,20.817968368530273,155.80511474609375,156.15895080566406,491.7641906738281,45.8842658996582,61.24049377441406,103.26178741455078,243.64959716796875,40.715335845947266,42.479713439941406,77.32178497314453,43.10236358642578,39.09677505493164,118.24555206298828,97.17679595947266,71.25469207763672,34.0054817199707,31.81429672241211,135.22972106933594,86.7216567993164
2024-05-03,64.37889099121094,132.70358276367188,274.411376953125,166.42526245117188,82.0985107421875,197.01463317871094,148.31268310546875,253.23692321777344,39.032772064208984,79.58576965332031,86.32982635498047,71.67439270019531,80.1986312866211,56.85042953491211,57.14088821411133,42.506378173828125,83.97645568847656,20.984512329101562,156.91358947753906,157.6773223876953,497.8597717285156,46.304710388183594,61.79563522338867,104.36502075195312,246.53770446777344,41.07307052612305,42.91107177734375,78.14010620117188,43.107017517089844,39.18375015258789,119.06993103027344,99.88410949707031,71.47130584716797,34.27397155761719,32.06742477416992,135.56663513183594,87.30563354492188
2024-05-06,64.75999450683594,134.09486389160156,277.3883972167969,167.72308349609375,83.17333984375,199.56149291992188,149.69757080078125,257.3183288574219,39.4241943359375,80.3174819946289,86.70533752441406,72.66795349121094,81.3011474609375,57.195255279541016,57.14088821411133,42.46839904785156,84.58545684814453,21.086288452148438,158.1184539794922,158.82818603515625,503.0010681152344,46.669090270996094,62.295249938964844,105.29556274414062,249.18267822265625,40.99775695800781,43.169898986816406,79.20198822021484,43.44696044921875,39.686222076416016,120.27259063720703,101.0577621459961,71.50898742675781,34.283226013183594,32.23149108886719,136.11532592773438,88.23800659179688
2024-05-07,64.05355834960938,133.7567138671875,277.4664306640625,168.1076202392578,83.13124084472656,200.01039123535156,149.67835998535156,258.5901184082031,39.37867736816406,80.82403564453125,87.43710327148438,72.42202758789062,81.20610809326172,57.74512481689453,57.734928131103516,42.003173828125,85.0517349243164,21.225072860717773,158.56185913085938,157.80307006835938,503.5561218261719,46.7344970703125,62.70234680175781,105.32433319091797,249.4063720703125,40.70591735839844,43.682735443115234,79.2896728515625,43.40504837036133,39.82150650024414,120.6023178100586,100.72736358642578,72.29076385498047,34.6442985534668,32.59711837768555,137.2416229248047,87.60496520996094
2024-05-08,63.244873046875,133.8436737060547,277.4273986816406,168.2806854248047,83.01238250732422,198.8491668701172,149.42831420898438,256.4212341308594,39.36957550048828,80.78651428222656,87.18675231933594,72.60893249511719,80.92096710205078,58.332271575927734,57.697208404541016,41.718345642089844,84.62351989746094,21.040027618408203,158.52330017089844,156.9423065185547,503.604736328125,46.68777847290039,62.93364715576172,105.25718688964844,249.23129272460938,40.66826629638672,43.4814338684082,79.16301727294922,43.35383224487305,39.966453552246094,120.6023178100586,101.01338195800781,72.0741195678711,34.32025909423828,32.93930435180664,136.76992797851562,87.27617645263672
2024-05-09,63.52372360229492,135.312255859375,279.115966796875,169.799560546875,83.26747131347656,200.87884521484375,151.1402130126953,258.2154846191406,39.8702278137207,81.31182861328125,88.03407287597656,72.42202758789062,81.47222137451172,59.105804443359375,58.31953430175781,42.62030792236328,85.57510375976562,21.391618728637695,159.85350036621094,157.62896728515625,506.5064697265625,47.03347396850586,63.48878479003906,105.90953063964844,250.69964599609375,40.828304290771484,43.965518951416016,79.56243896484375,43.935916900634766,40.26601028442383,121.8049545288086,100.98379516601562,72.6957778930664,35.134986877441406,33.44086456298828,137.9443359375,87.86995697021484
2024-05-10,63.16121292114258,135.79534912109375,279.32098388671875,170.0494842529297,83.37890625,199.36636352539062,150.21694946289062,256.2437744140625,39.788299560546875,81.8746566772461,88.22663879394531,72.68762969970703,81.51025390625,59.3015251159668,58.57412338256836,42.8956413269043,85.54655456542969,21.271337509155273,160.11373901367188,156.8939666748047,507.1589660644531,47.05215835571289,63.77560043334961,106.08222198486328,250.9329833984375,40.913028717041016,44.01824188232422,79.6793441772461,43.69377136230469,40.420616149902344,121.8922348022461,101.35856628417969,73.11021423339844,35.005374908447266,33.40805435180664,138.22349548339844,87.39886474609375
2024-05-13,62.91023635864258,135.24462890625,279.4478454589844,169.86685180664062,83.42596435546875,199.7859649658203,150.32276916503906,256.8451232910156,39.72458267211914,81.80900573730469,88.24591064453125,72.93356323242188,81.63380432128906,59.171051025390625,58.43268585205078,43.76913070678711,85.39430236816406,21.345355987548828,160.07521057128906,157.02935791015625,507.2270812988281,47.04281234741211,63.8126106262207,106.06301879882812,251.0691680908203,41.233097076416016,43.98948287963867,79.53321838378906,43.577354431152344,40.25634002685547,121.37821960449219,101.8369140625,72.90299987792969,35.09795379638672,33.40805435180664,138.08872985839844,87.2859878540039
2024-05-14,63.402896881103516,135.6407470703125,280.7167663574219,170.55899047851562,83.8494644165039,201.85464477539062,151.77499389648438,259.7632751464844,39.69727325439453,82.18423461914062,88.66956329345703,73.70086669921875,82.22309112548828,59.39472198486328,58.526981353759766,43.56025695800781,85.9747543334961,21.502649307250977,160.7113494873047,158.38331604003906,509.5543518066406,47.36981964111328,64.34925842285156,106.71536254882812,252.29441833496094,41.44021224975586,44.032623291015625,79.89366912841797,43.63323211669922,40.459266662597656,121.34911346435547,102.73934173583984,72.76171875,35.347923278808594,33.49711990356445,138.67591857910156,87.68348693847656
2024-05-15,64.10933685302734,136.5296173095703,284.2306213378906,171.84719848632812,85.2016830444336,204.3722381591797,152.8521728515625,264.1700134277344,39.66997146606445,82.98159790039062,89.96942138671875,75.29450988769531,82.95491790771484,60.30805206298828,58.72499465942383,43.921043395996094,86.46006774902344,21.8079776763916,161.9933624267578,159.0022735595703,515.8641967773438,47.84632873535156,65.05242156982422,107.95289611816406,255.39645385742188,41.79793930053711,44.10930633544922,80.40023803710938,43.731021881103516,40.758819580078125,122.14441680908203,105.0521469116211,72.8088150024414,35.949710845947266,33.99869155883789,140.7359619140625,87.81597900390625
2024-05-16,63.458656311035156,135.6407470703125,283.4497375488281,171.65492248535156,84.9342041015625,202.8987579345703,152.31358337402344,261.67578125,39.469703674316406,83.0378646850586,89.83462524414062,74.96987915039062,82.90740966796875,60.270774841308594,59.3001708984375,44.74705505371094,86.11749267578125,21.798725128173828,161.73309326171875,158.45101928710938,514.802734375,47.57537078857422,64.67308807373047,107.60753631591797,254.7060089111328,41.95798110961914,43.79297637939453,80.34178924560547,43.609947204589844,40.758819580078125,121.41700744628906,104.68721008300781,73.84489440917969,35.8848991394043,33.881500244140625,140.57229614257812,87.2467269897461
2024-05-17,63.886253356933594,135.5344696044922,283.9475402832031,172.1259765625,84.91439056396484,203.04513549804688,152.64056396484375,261.3998107910156,39.90663528442383,83.42249298095703,89.84424591064453,74.66492462158203,83.01194763183594,60.14030075073242,59.11159133911133,45.041378021240234,87.17374420166016,21.780221939086914,161.9740753173828,159.18601989746094,515.542724609375,47.743553161621094,64.8488540649414,107.90493774414062,255.06578063964844,42.25922393798828,44.16682434082031,80.47817993164062,44.219974517822266,41.058380126953125,121.55279541015625,104.45545196533203,73.66592407226562,35.8848991394043,33.90961837768555,140.84182739257812,87.69329071044922
2024-05-20,64.34171295166016,135.94024658203125,284.3477478027344,171.52993774414062,85.37503814697266,203.49400329589844,152.14047241210938,263.56866455078125,39.751895904541016,82.76583099365234,89.62278747558594,75.5896224975586,83.03096008300781,59.935264587402344,58.72499465942383,44.66160583496094,87.47825622558594,21.669189453125,161.83912658691406,158.3156280517578,516.1367797851562,47.762237548828125,64.82109832763672,107.97208404541016,255.328369140625,42.16508483886719,44.22913360595703,80.71199035644531,43.931251525878906,40.497920989990234,121.78556060791016,105.683349609375,73.15731048583984,35.6627082824707,33.85337448120117,140.54342651367188,87.0406265258789
2024-05-21,63.96989440917969,135.94024658203125,284.82598876953125,171.77987670898438,85.56078338623047,203.298828125,152.07310485839844,262.9968566894531,39.597145080566406,83.02850341796875,89.7864761352539,75.67816162109375,82.77433013916016,60.401248931884766,58.970149993896484,43.930538177490234,87.20230102539062,21.632179260253906,161.77166748046875,158.33494567871094,517.402587890625,47.687496185302734,64.81185150146484,107.96249389648438,255.85345458984375,41.92032241821289,44.22913360595703,80.60482025146484,43.7170524597168,40.758819580078125,121.3879165649414,105.85594177246094,73.59058380126953,35.63492965698242,34.1580696105957,140.78407287597656,87.60005187988281
2024-05-22,63.22627639770508,135.5441131591797,283.88897705078125,171.24154663085938,85.24378204345703,201.58143615722656,150.78436279296875,261.0153503417969,38.8962287902832,82.44689178466797,89.74796295166016,75.74701690673828,82.48920440673828,59.65567398071289,58.640132904052734,43.56974792480469,85.59412384033203,21.437881469726562,161.15478515625,156.06224060058594,515.9127807617188,47.23902130126953,64.30299377441406,107.4156723022461,254.9879913330078,41.79793930053711,43.79777145385742,80.70223999023438,42.878849029541016,40.52690505981445,121.53339385986328,106.0926513671875,73.298583984375,35.32940673828125,33.754940032958984,141.03436279296875,86.68730926513672
2024-05-23,62.947425842285156,134.24945068359375,281.6440734863281,168.77093505859375,85.00849914550781,198.2734375,147.99530029296875,257.4070739746094,38.64134979248047,81.46190643310547,88.97767639160156,75.89458465576172,81.65281677246094,58.462745666503906,57.98951721191406,42.772216796875,84.97561645507812,21.040027618408203,158.89923095703125,153.9733123779297,512.1444702148438,46.97740936279297,64.00692749023438,106.64820861816406,252.81948852539062,41.477867126464844,43.40953826904297,79.7864990234375,42.48768615722656,39.966453552246094,120.09799194335938,105.22966766357422,72.43204498291016,34.57949447631836,33.18305969238281,139.49417114257812,85.28380584716797
2024-05-24,63.63526916503906,135.17698669433594,283.46929931640625,169.7130126953125,85.69698333740234,200.46900939941406,149.2359619140625,260.65057373046875,38.7869987487793,82.09980010986328,88.82361602783203,76.62255096435547,82.3941650390625,58.89145278930664,58.215816497802734,42.69626998901367,85.72734832763672,21.095539093017578,159.94989013671875,155.44329833984375,515.5330200195312,47.360477447509766,64.50653839111328,107.43485260009766,254.64767456054688,41.60966110229492,43.788185119628906,80.80939483642578,42.5482292175293,40.208030700683594,120.7090072631836,106.11730194091797,72.62042236328125,34.57949447631836,33.515872955322266,139.02247619628906,86.14258575439453
2024-05-28,63.99778366088867,134.49099731445312,283.3521423339844,168.64596557617188,86.0759048461914,200.19580078125,148.70700073242188,260.81817626953125,39.24213790893555,81.9403305053711,87.72596740722656,77.3996810913086,82.62227630615234,58.94737243652344,57.668922424316406,42.72475051879883,85.59412384033203,21.012269973754883,158.8413848876953,154.9500732421875,515.8932495117188,47.36981964111328,64.3862533569336,107.3485107421875,254.64767456054688,41.49669647216797,43.62042999267578,80.9457778930664,42.98594665527344,39.763526916503906,119.2348403930664,106.5660629272461,72.05529022216797,34.375816345214844,33.48305892944336,137.337890625,85.93157196044922
2024-05-29,62.71504592895508,132.43307495117188,281.3414306640625,166.74253845214844,85.67964935302734,197.2391357421875,146.35067749023438,257.4070739746094,38.623146057128906,80.74898529052734,87.12898254394531,76.81929016113281,81.95696258544922,58.09927749633789,57.09374237060547,42.250030517578125,84.10967254638672,20.77170753479004,156.98106384277344,153.06422424316406,512.2807006835938,46.55697250366211,63.43327713012695,106.17813110351562,252.55699157714844,40.97892379760742,42.99734878540039,80.51714324951172,42.22690963745117,39.444644927978516,117.54725646972656,105.89044952392578,71.53723907470703,34.0517692565918,33.05180740356445,136.26934814453125,85.36724853515625
2024-05-30,63.26345443725586,133.12869262695312,279.8090515136719,167.63658142089844,84.55032348632812,199.1126251220703,148.1876220703125,259.0238952636719,38.714176177978516,81.44316101074219,87.29267883300781,75.27482604980469,81.74785614013672,58.770301818847656,57.54634094238281,42.36396026611328,84.71868133544922,21.05853271484375,157.70399475097656,154.611572265625,508.8824462890625,46.97740936279297,64.03466796875,106.11099243164062,251.322021484375,40.90361404418945,43.347232818603516,80.25411224365234,42.347984313964844,39.657230377197266,118.35224914550781,103.47411346435547,71.72563171386719,34.54246139526367,33.49711990356445,136.33677673339844,85.8727035522461
2024-05-31,64.10933685302734,134.87747192382812,281.9466247558594,170.30906677246094,84.770751953125,200.79103088378906,149.9188232421875,259.8914794921875,39.597145080566406,82.38121795654297,88.59253692626953,75.07807922363281,82.23257446289062,59.730228424072266,58.32896423339844,41.60441207885742,85.33720397949219,21.363859176635742,159.79566955566406,155.68508911132812,513.517333984375,47.38851547241211,64.62681579589844,106.90724182128906,253.25709533691406,40.555294036865234,43.869659423828125,81.11140441894531,43.400390625,40.23701477050781,119.78764343261719,103.63683319091797,72.84646606445312,35.227569580078125,34.08775329589844,138.32937622070312,86.35359954833984
2024-06-03,64.509033203125,133.7277374267578,282.1515808105469,169.20352172851562,85.21653747558594,199.65908813476562,149.0628204345703,259.0534362792969,38.577632904052734,82.3718490600586,89.00656127929688,75.80604553222656,82.61275482177734,59.487918853759766,58.38554000854492,41.75632095336914,84.92802429199219,21.35460662841797,158.94741821289062,155.5303497314453,513.9361572265625,47.50997543334961,64.71009826660156,107.01274871826172,253.33486938476562,40.96009063720703,43.610843658447266,81.43289184570312,42.264163970947266,39.98577880859375,118.3231430053711,103.89820098876953,72.81822204589844,35.08869934082031,33.69868469238281,139.3016357421875,86.31434631347656
2024-06-04,64.58338928222656,132.9934539794922,282.40533447265625,168.53057861328125,85.48648071289062,197.08297729492188,146.84117126464844,255.662109375,38.10429000854492,81.63077545166016,89.58428192138672,75.98311614990234,83.03096008300781,59.59043502807617,58.88528823852539,42.06964111328125,83.77661895751953,21.484140396118164,158.46546936035156,155.75279235839844,514.5105590820312,47.36981964111328,64.50653839111328,106.80171203613281,253.30572509765625,40.3199462890625,43.12676239013672,81.74464416503906,41.85902404785156,39.80217361450195,118.03219604492188,104.11518859863281,73.44928741455078,35.42198944091797,33.684627532958984,139.7059326171875,86.4026870727539
2024-06-05,64.3974838256836,134.1721649169922,285.60687255859375,169.29965209960938,86.9897689819336,200.0981903076172,148.43768310546875,260.74908447265625,38.04966735839844,81.91218566894531,90.08495330810547,77.97024536132812,84.14298248291016,59.42267608642578,58.78156661987305,42.26901626586914,84.2333755493164,21.484140396118164,159.42935180664062,156.6908721923828,520.6256103515625,47.69683837890625,65.12642669677734,107.90493774414062,256.4077453613281,40.83771896362305,43.423919677734375,82.73831939697266,41.8543701171875,39.91813278198242,119.2251205444336,106.427978515625,73.2891845703125,35.375701904296875,33.492431640625,140.34127807617188,86.90814208984375
2024-06-06,64.36029815673828,133.58279418945312,285.58734130859375,169.02090454101562,87.10863494873047,198.6637725830078,147.62022399902344,258.7084045410156,38.28634262084961,82.00599670410156,90.4604721069336,77.83251953125,84.18099975585938,59.021934509277344,59.08330535888672,42.31648635864258,84.65206909179688,21.530406951904297,159.12094116210938,157.4742431640625,520.615966796875,47.81829833984375,65.385498046875,107.9816665649414,256.1841125488281,41.026004791259766,43.47185516357422,82.78702545166016,42.073238372802734,39.898807525634766,118.51712799072266,106.07291412353516,73.51521301269531,35.431251525878906,33.14555358886719,140.8033447265625,87.54117584228516
2024-06-07,63.886253356933594,132.80020141601562,285.1383361816406,168.68443298339844,86.99470520019531,196.3315887451172,146.01406860351562,255.73110961914062,37.95864486694336,82.0904312133789,90.39307403564453,77.88169860839844,83.2875747680664,58.22043228149414,58.58355712890625,41.42401885986328,83.40550231933594,21.271337509155273,158.6197052001953,156.31370544433594,519.9830322265625,47.229679107666016,64.53429412841797,107.45404052734375,255.6979217529297,40.68708801269531,43.03569030761719,82.22198486328125,41.90559768676758,40.08240509033203,118.6432113647461,106.31948852539062,73.14789581298828,35.153507232666016,32.78461837768555,140.95733642578125,87.18294525146484
2024-06-10,64.4532470703125,133.5441436767578,286.0461120605469,169.11700439453125,87.33152770996094,197.00491333007812,146.00445556640625,257.4366760253906,38.28634262084961,81.46190643310547,90.62416076660156,78.11780548095703,83.6962661743164,58.59321975708008,58.33839416503906,41.727840423583984,83.54824829101562,21.32684898376465,159.04380798339844,156.38140869140625,521.5896606445312,47.295082092285156,64.34000396728516,107.7034683227539,256.5535888671875,40.90361404418945,42.992557525634766,82.42657470703125,42.22224807739258,39.92780303955078,119.01175689697266,106.59071350097656,73.09137725830078,35.32940673828125,33.206485748291016,141.4771728515625,87.46265411376953
2024-06-11,63.73128890991211,132.0691375732422,286.7535705566406,167.99644470214844,88.13015747070312,196.3316650390625,145.35816955566406,256.7070617675781,38.070556640625,80.59368133544922,90.16061401367188,79.182373046875,83.78797912597656,58.09989929199219,58.165889739990234,41.29014587402344,82.85680389404297,21.180206298828125,158.38836669921875,155.81179809570312,522.8458862304688,46.76252365112305,63.56279754638672,107.52120208740234,256.9912109375,40.809478759765625,42.978179931640625,82.58245086669922,42.138427734375,39.473636627197266,118.3328628540039,108.57310485839844,73.05369567871094,35.21831130981445,33.00493240356445,140.88998413085938,87.23200225830078
2024-06-12,64.04029846191406,133.45257568359375,289.1705322265625,168.27638244628906,89.28559875488281,199.34555053710938,147.52207946777344,260.77459716796875,37.847312927246094,81.03257751464844,90.24788665771484,81.31150817871094,84.01724243164062,58.05256271362305,57.92761993408203,41.366432189941406,83.33898162841797,21.37511444091797,159.23660278320312,157.10902404785156,527.1399536132812,47.332454681396484,64.5620346069336,108.56686401367188,259.41253662109375,41.129547119140625,43.05965805053711,82.40708923339844,41.68672561645508,39.43498229980469,119.45787811279297,110.97465515136719,72.25308990478516,35.468284606933594,32.78929901123047,140.591552734375,88.13985443115234
2024-06-13,62.879173278808594,132.19580078125,289.3270263671875,167.7069091796875,89.72197723388672,197.60379028320312,145.96676635742188,258.7309875488281,37.41015625,79.76359558105469,90.02484130859375,81.87337493896484,83.3294448852539,57.92947006225586,57.794185638427734,41.366432189941406,82.72179412841797,21.42152214050293,158.78355407714844,156.26046752929688,528.2012939453125,46.669090270996094,63.57205581665039,108.18313598632812,259.5292053222656,41.082481384277344,43.04528045654297,81.6959228515625,41.30487823486328,39.40599060058594,118.69169616699219,111.85244750976562,72.34727478027344,35.64419174194336,32.86430358886719,140.47605895996094,88.20856475830078
2024-06-14,62.860443115234375,130.63699340820312,289.3955078125,166.7707061767578,90.02943420410156,194.4626922607422,143.7255859375,254.8806610107422,37.07530212402344,79.66819763183594,89.81148529052734,82.08036804199219,83.56826782226562,57.531776428222656,57.76559829711914,41.12803268432617,81.7574462890625,21.384395599365234,157.77145385742188,154.4073028564453,528.522705078125,46.24864959716797,62.53580093383789,107.83778381347656,259.3347473144531,41.1954460144043,42.64746856689453,81.95894622802734,40.99754333496094,39.280372619628906,117.49876403808594,112.2716064453125,72.4791488647461,35.671966552734375,32.78461837768555,140.42791748046875,87.51173400878906
2024-06-17,62.37350845336914,131.84507751464844,291.5385437011719,167.6489715576172,90.91460418701172,196.09683227539062,144.85585021972656,256.8946838378906,37.159019470214844,80.38377380371094,89.666015625,83.18437957763672,83.91216278076172,56.9920654296875,58.30885314941406,41.4713249206543,81.9503173828125,21.347270965576172,158.91851806640625,156.5823211669922,532.7291259765625,46.41682815551758,63.03543472290039,108.53807830810547,261.3087463378906,41.421382904052734,42.96379470825195,82.3486328125,41.104637145996094,39.62824249267578,118.79837799072266,113.97291564941406,73.1667251586914,35.48679733276367,32.423675537109375,140.28350830078125,89.04771423339844
2024-06-18,62.420345306396484,132.7608642578125,292.3017578125,168.29566955566406,91.0782470703125,196.43931579589844,144.84617614746094,257.8424377441406,37.372947692871094,80.91807556152344,89.75330352783203,83.5885238647461,83.5205078125,57.209842681884766,58.22307205200195,41.50946807861328,82.2589111328125,21.48649024963379,159.313720703125,155.9385986328125,534.0825805664062,46.60369110107422,63.35000991821289,108.8930435180664,261.9700012207031,41.7508659362793,42.91587448120117,81.86153411865234,41.27693557739258,39.879486083984375,119.43848419189453,114.11592864990234,73.26092529296875,35.625675201416016,32.43773651123047,140.46640014648438,88.74836730957031
2024-06-20,62.25178909301758,132.44908142089844,291.2938537597656,168.7879180908203,90.45835876464844,195.6075897216797,144.5273895263672,256.0653381347656,37.89382553100586,81.25202178955078,90.01513671875,82.55352020263672,83.83574676513672,57.63593673706055,58.0324592590332,41.604827880859375,82.78929901123047,21.42152214050293,159.41009521484375,156.12391662597656,532.6317749023438,46.60369110107422,63.507286071777344,108.70116424560547,261.3087463378906,41.67555236816406,42.95900344848633,82.21224975585938,42.035980224609375,40.09206771850586,119.51608276367188,112.83377838134766,73.10079956054688,35.53308868408203,32.718990325927734,140.928466796875,88.8612289428711
2024-06-21,61.81167984008789,131.64047241210938,291.24493408203125,168.76858520507812,90.2575454711914,196.0478973388672,144.7495880126953,256.9045104980469,37.6519889831543,80.88945007324219,90.19940185546875,82.03108978271484,83.9981460571289,57.33293533325195,58.02293014526367,41.11849594116211,82.13353729248047,21.393674850463867,159.61251831054688,156.48480224609375,531.9176635742188,46.293426513671875,62.992523193359375,108.40995025634766,260.9100646972656,41.5338020324707,42.96379470825195,82.7480697631836,41.7938346862793,39.937461853027344,119.263916015625,112.63652038574219,73.15731048583984,35.625675201416016,32.52680206298828,141.3231658935547,89.61204528808594
2024-06-24,62.279876708984375,132.45884704589844,290.6285095214844,170.1680908203125,89.37483978271484,196.8992462158203,145.97640991210938,256.8650207519531,38.591434478759766,81.8244857788086,90.87824249267578,80.3258056640625,84.33248138427734,57.98627853393555,58.60430145263672,41.39503860473633,82.69286346435547,21.60715103149414,160.3799591064453,156.9041748046875,530.1886596679688,46.698944091796875,63.5561408996582,108.52567291259766,260.4724426269531,41.50545120239258,43.24070358276367,83.02545928955078,42.847652435302734,40.34782409667969,119.77094268798828,109.87506866455078,73.9374008178711,35.866024017333984,32.954444885253906,142.14747619628906,89.22945404052734
2024-06-25,63.26308822631836,131.75738525390625,291.4700012207031,168.92303466796875,90.37655639648438,196.25341796875,144.99107360839844,257.0229797363281,38.61002731323242,81.41421508789062,90.86854553222656,81.67623138427734,85.32598114013672,57.57912826538086,58.21354675292969,40.96592330932617,82.22998046875,21.337987899780273,159.27671813964844,156.83592224121094,532.2302856445312,46.764949798583984,63.434017181396484,108.73780822753906,261.3282470703125,41.38260269165039,42.69171142578125,83.95338439941406,42.946231842041016,40.047080993652344,118.74909973144531,111.89058685302734,73.462890625,35.36100769042969,32.64257049560547,141.7029571533203,88.87043762207031
2024-06-26,63.028987884521484,131.32870483398438,291.86138916015625,168.21844482421875,90.8550796508789,195.7347869873047,144.81719970703125,256.1542053222656,38.30308532714844,80.86082458496094,90.32546997070312,81.6959457397461,85.25910949707031,57.32347106933594,58.0324592590332,41.042213439941406,82.16248321533203,21.27301788330078,158.67669677734375,157.64544677734375,532.8945922851562,46.453739166259766,62.87041473388672,108.57388305664062,261.3184814453125,41.26919174194336,42.66281509399414,83.96315002441406,42.523765563964844,39.79485321044922,118.42794036865234,111.76214599609375,73.3110580444336,35.31424331665039,32.50553894042969,141.200439453125,90.1589126586914
2024-06-27,63.34737014770508,131.58203125,292.2723693847656,168.24740600585938,91.05345153808594,197.72119140625,145.73492431640625,259.65899658203125,38.44260787963867,80.84174346923828,90.1509017944336,81.7748031616211,85.54570007324219,57.18144226074219,57.603572845458984,40.15538024902344,82.08533477783203,21.402957916259766,158.8702392578125,157.60646057128906,533.7346801757812,46.56691360473633,62.804664611816406,108.7763671875,261.9505615234375,41.250301361083984,42.542415618896484,84.44176483154297,42.622344970703125,39.7463493347168,118.55445098876953,111.81649780273438,72.99788665771484,35.63221740722656,32.56224822998047,140.96849060058594,90.70972442626953
2024-06-28,63.899845123291016,131.61123657226562,291.1470947265625,168.39219665527344,90.37903594970703,198.53338623046875,147.12599182128906,259.18505859375,38.61002731323242,81.16614532470703,90.03453063964844,81.63679504394531,84.81012725830078,56.689064025878906,57.2890625,40.21259307861328,81.90209197998047,21.579307556152344,158.986328125,156.89443969726562,531.63427734375,46.6046257019043,62.72011947631836,108.60281372070312,261.0547180175781,41.354251861572266,42.52797317504883,83.67012023925781,42.78663635253906,39.882164001464844,118.60311889648438,111.75719451904297,72.67520904541016,35.92213821411133,32.19839096069336,140.8525390625,89.70155334472656
2024-07-01,63.47846984863281,130.89031982421875,291.7439880371094,167.32086181640625,91.22700500488281,196.86985778808594,145.80252075195312,257.32904052734375,38.749549865722656,81.29017639160156,89.74360656738281,82.42537689208984,84.81968688964844,56.528099060058594,57.03173828125,40.41284942626953,81.37171173095703,21.412242889404297,157.69921875,156.9529571533203,532.7284545898438,46.64235305786133,63.09585189819336,108.74745178222656,261.5816345214844,41.448753356933594,41.87303161621094,83.31848907470703,42.81010055541992,39.969478607177734,117.32821655273438,112.6019515991211,72.1627426147461,35.576107025146484,31.976295471191406,140.06007385253906,90.0064697265625
2024-07-02,64.48041534423828,131.80609130859375,293.7206115722656,167.97714233398438,91.98078918457031,197.5450897216797,146.37249755859375,257.90167236328125,38.82396697998047,82.14888000488281,89.36538696289062,82.90837860107422,85.3164291381836,56.745880126953125,57.36531448364258,40.670318603515625,81.47779083251953,21.54218101501465,158.40570068359375,158.85488891601562,536.3136596679688,46.7460823059082,62.92677307128906,109.25849151611328,263.09429931640625,41.59995651245117,41.95008087158203,84.06082153320312,42.777244567871094,40.435142517089844,117.97054290771484,113.16510009765625,72.66572570800781,35.72574234008789,32.141685485839844,139.5478515625,91.7572250366211
2024-07-03,65.07035064697266,132.8972625732422,294.8164978027344,167.98683166503906,92.77667999267578,197.49615478515625,146.31454467773438,257.83251953125,39.02859115600586,82.50189971923828,88.86109161376953,84.18980407714844,85.7176513671875,57.28559875488281,57.5273323059082,41.35689163208008,83.01110076904297,21.560741424560547,158.4734649658203,160.44471740722656,538.7069702148438,47.30247116088867,63.7158317565918,110.0973892211914,264.1774597167969,42.2142219543457,42.26310348510742,84.09013366699219,42.96501159667969,40.30902862548828,118.39874267578125,114.69154357910156,72.5423583984375,35.68832778930664,32.335426330566406,138.48484802246094,92.34245300292969
2024-07-05,65.51045227050781,132.86802673339844,296.5191345214844,167.73585510253906,93.72383880615234,196.55674743652344,144.95245361328125,258.03985595703125,38.66584014892578,82.4828109741211,89.70479583740234,84.62351989746094,87.55180358886719,57.6927490234375,58.11823654174805,40.717994689941406,83.27146911621094,21.662839889526367,158.40570068359375,161.2347412109375,541.8134765625,47.60424041748047,64.24186706542969,110.60844421386719,265.553466796875,42.204769134521484,42.330528259277344,85.72135162353516,42.29375076293945,40.29931640625,117.97054290771484,115.04229736328125,73.43441772460938,35.81926345825195,32.392127990722656,139.55755615234375,93.0948715209961
2024-07-08,65.19207763671875,132.91673278808594,296.7833251953125,167.9289093017578,93.83293914794922,197.93646240234375,146.0150604248047,259.81695556640625,38.37749481201172,82.26337432861328,89.57874298095703,85.30366516113281,86.82577514648438,57.46549987792969,57.94668197631836,40.35563278198242,82.95323181152344,21.644275665283203,158.71539306640625,160.63002014160156,542.4386596679688,47.39677810668945,63.922489166259766,110.57951354980469,265.9145202636719,42.204769134521484,42.45574188232422,84.94969940185547,42.03558349609375,40.19261169433594,118.11652374267578,115.82776641845703,73.3205337524414,35.90343475341797,32.425209045410156,139.40293884277344,93.13912963867188
2024-07-09,65.54791259765625,132.09835815429688,296.851806640625,167.89996337890625,93.95939636230469,197.07534790039062,145.47410583496094,258.4051208496094,37.9775390625,82.54959869384766,89.840576171875,85.2149429321289,87.12191772460938,57.4749755859375,57.784664154052734,40.88010025024414,82.5096435546875,21.644275665283203,158.44442749023438,160.93238830566406,542.9661865234375,47.23646545410156,63.41522979736328,110.56023406982422,265.84619140625,42.38432312011719,42.02232360839844,85.21341705322266,41.66474914550781,40.5030517578125,117.60072326660156,115.73388671875,73.1307373046875,35.91279220581055,32.519710540771484,140.0793914794922,93.44895935058594
2024-07-10,66.74649810791016,133.46231079101562,299.7580261230469,169.49244689941406,94.90406036376953,199.00306701660156,147.27090454101562,260.6067810058594,38.247276306152344,83.38921356201172,90.80065155029297,86.55551147460938,87.79061889648438,58.10936737060547,58.28025817871094,40.717994689941406,83.36791229248047,21.848464965820312,159.7509002685547,162.68800354003906,548.3388671875,47.89659118652344,64.20429229736328,111.72696685791016,268.42254638671875,42.5544319152832,42.58576583862305,85.75064086914062,41.94639205932617,40.65827178955078,118.65176391601562,117.41349029541016,73.45339965820312,36.16529083251953,32.826866149902344,141.40338134765625,94.15221405029297
2024-07-11,66.49366760253906,134.7873077392578,297.8695373535156,171.35523986816406,92.8932113647461,206.1560821533203,153.11537170410156,268.9984436035156,38.56352233886719,83.837646484375,91.39222717285156,84.45594024658203,86.39590454101562,59.11305236816406,58.22307205200195,41.547611236572266,84.27439880371094,22.34966468811035,161.6768035888672,162.28811645507812,543.6109008789062,48.08518981933594,64.51426696777344,111.50518798828125,267.22216796875,42.885189056396484,43.16846466064453,84.57852172851562,42.38294219970703,40.97841262817383,120.16021728515625,114.47419738769531,73.17819213867188,37.12858581542969,33.42697525024414,142.3987579345703,92.9571762084961
2024-07-12,66.8588638305664,135.77130126953125,299.74822998046875,172.44586181640625,93.4337387084961,208.56329345703125,154.52577209472656,272.3650207519531,38.65653610229492,84.19066619873047,92.07107543945312,84.96852111816406,86.1188735961914,59.54861068725586,58.680545806884766,41.967185974121094,85.19052124023438,22.507448196411133,163.09942626953125,164.4338836669922,547.0397338867188,48.566131591796875,65.28453063964844,112.2573013305664,268.9885559082031,43.083648681640625,43.58262252807617,84.30501556396484,42.49090576171875,41.114234924316406,120.85118865966797,115.49678039550781,73.5008544921875,37.399803161621094,33.672691345214844,143.28785705566406,94.17190551757812
2024-07-15,66.54048919677734,135.9758758544922,300.61907958984375,173.06358337402344,93.71640014648438,212.5263214111328,157.32725524902344,277.6270751953125,39.019290924072266,84.82038879394531,91.59587860107422,84.99810028076172,86.03289031982422,58.21352767944336,58.146827697753906,41.080352783203125,84.42870330810547,22.600261688232422,163.28330993652344,163.682861328125,548.5441284179688,48.19835662841797,64.58001708984375,112.2283706665039,270.1400451660156,42.63948059082031,43.47186279296875,84.60781860351562,43.133995056152344,41.715721130371094,121.71733093261719,115.70425415039062,73.07380676269531,37.55879211425781,32.85520553588867,142.7853240966797,94.0636978149414
2024-07-16,67.32706451416016,138.49917602539062,302.722900390625,176.03627014160156,93.5899429321289,219.77720642089844,163.181396484375,286.0879211425781,39.02859115600586,85.53596496582031,92.66265106201172,84.99810028076172,85.91826629638672,58.563865661621094,58.55664825439453,41.061283111572266,85.24838256835938,22.850862503051758,166.1769561767578,165.53602600097656,551.7970581054688,48.481258392333984,64.82425689697266,113.05762481689453,272.364990234375,42.913543701171875,44.31462097167969,84.83248901367188,43.326454162597656,42.191078186035156,124.75369262695312,115.31893157958984,73.77606964111328,37.91417694091797,33.11037826538086,144.82443237304688,95.7505111694336
2024-07-17,66.93377685546875,137.0475616455078,298.43701171875,176.42234802246094,90.93939208984375,217.47764587402344,163.11376953125,280.9640197753906,39.34484100341797,85.87944793701172,93.06995391845703,81.50865936279297,84.48533630371094,58.64908981323242,59.41440963745117,40.50820541381836,85.01695251464844,22.990081787109375,165.49949645996094,163.63409423828125,544.0602416992188,48.207786560058594,64.47669219970703,111.65947723388672,268.52008056640625,42.289825439453125,44.223121643066406,83.55291748046875,43.7583122253418,42.51122283935547,123.15765380859375,110.83343505859375,74.72506713867188,38.25086212158203,33.12928009033203,145.48155212402344,94.15221405029297
2024-07-18,65.9224624633789,135.54721069335938,296.108154296875,174.73329162597656,90.227783203125,213.2699737548828,160.09974670410156,274.9713439941406,39.3913459777832,84.89672088623047,90.9364242553711,81.1932373046875,84.22740173339844,58.70589828491211,59.109432220458984,40.21259307861328,83.90795135498047,22.758045196533203,164.07687377929688,161.81021118164062,539.879150390625,47.736270904541016,63.95066452026367,110.71451568603516,266.1780090332031,41.9212646484375,43.784889221191406,83.50406646728516,43.838111877441406,41.99705123901367,122.1941909790039,110.84332275390625,74.35497283935547,37.932884216308594,33.100929260253906,142.17648315429688,93.1932144165039
2024-07-19,65.51045227050781,134.5729522705078,294.1022644042969,173.5751190185547,89.67982482910156,212.18385314941406,159.1626739501953,273.7076416015625,38.95418167114258,84.33378601074219,91.41162109375,80.07937622070312,84.14143371582031,58.563865661621094,58.91881561279297,40.069557189941406,83.16539764404297,22.69307518005371,162.97360229492188,160.23013305664062,536.2940673828125,47.45336151123047,63.56553649902344,109.98167419433594,264.51898193359375,41.51490783691406,43.39480972290039,83.13290405273438,43.35931396484375,41.5702018737793,121.52269744873047,109.10936737060547,74.10821533203125,37.88611602783203,33.138729095458984,142.90127563476562,92.36211395263672
2024-07-22,65.8288345336914,136.1220245361328,297.3117370605469,174.49200439453125,91.0881576538086,215.55975341796875,161.52947998046875,278.14044189453125,38.82396697998047,85.04936981201172,92.12925720214844,81.62694549560547,84.66683197021484,59.084651947021484,59.23332977294922,40.78474807739258,83.62828826904297,22.93439292907715,164.26075744628906,162.3563995361328,541.8231811523438,47.915443420410156,64.45789337158203,111.08091735839844,267.2807312011719,41.83621597290039,43.53928756713867,83.48454284667969,43.08706283569336,41.80302810668945,122.75865173339844,111.6929931640625,74.15567779541016,38.26021194458008,33.41753005981445,143.72274780273438,93.38011169433594
2024-07-23,65.77263641357422,135.44004821777344,296.8909606933594,173.78744506835938,91.20469665527344,217.84950256347656,163.44223022460938,281.062744140625,38.23797607421875,85.02074432373047,91.85771942138672,81.50865936279297,84.12232971191406,58.70589828491211,58.89022445678711,39.99326705932617,83.18468475341797,22.86014175415039,163.68006896972656,161.10792541503906,540.973388671875,47.67026138305664,63.90370178222656,110.7337875366211,267.0855712890625,41.40150451660156,43.712650299072266,83.36731719970703,42.4017219543457,41.88063049316406,122.52508544921875,111.2483901977539,73.88994598388672,38.194740295410156,33.20961380004883,143.6357421875,92.96208190917969
2024-07-24,64.48041534423828,133.31617736816406,290.1489562988281,172.5906524658203,87.74336242675781,213.1721649169922,160.4958038330078,274.4974670410156,38.28448486328125,84.066650390625,92.46868896484375,78.13751983642578,81.98249816894531,59.18879699707031,58.737728118896484,39.54508972167969,82.3360595703125,22.4981689453125,161.76388549804688,155.95809936523438,528.7135620117188,47.07614517211914,63.31189727783203,108.60281372070312,261.0742492675781,40.9667854309082,43.15401840209961,81.18913269042969,42.406410217285156,41.308258056640625,119.88772583007812,106.64431762695312,73.82351684570312,37.67101287841797,33.58291244506836,144.83407592773438,89.16059875488281
2024-07-25,63.46909713745117,132.9849395751953,288.8377685546875,173.27590942382812,86.85075378417969,215.83375549316406,162.83363342285156,276.5312194824219,38.69374084472656,84.11434173583984,92.07107543945312,77.24051666259766,80.83615112304688,58.989959716796875,58.74726486206055,39.04922103881836,82.44213104248047,22.368227005004883,161.95745849609375,155.12905883789062,525.958740234375,46.78380584716797,63.09585189819336,108.23639678955078,260.069091796875,40.86283874511719,43.274417877197266,80.2514419555664,43.138694763183594,41.46348571777344,120.85118865966797,105.5031967163086,73.73810577392578,37.465267181396484,33.30412292480469,144.1092529296875,88.8114242553711
2024-07-26,64.32122039794922,135.22572326660156,292.1353759765625,175.67916870117188,87.57723999023438,219.4053497314453,165.51918029785156,281.3392028808594,38.78675842285156,84.99212646484375,92.69174194335938,78.13751983642578,81.67679595947266,59.43498992919922,59.309574127197266,39.33530044555664,83.54148864746094,22.665231704711914,164.2704315185547,156.43603515625,531.8492431640625,47.39677810668945,63.988243103027344,109.48027801513672,263.18206787109375,41.31645584106445,43.98233413696289,81.75564575195312,43.27481460571289,42.11346435546875,122.91436004638672,106.8419189453125,74.48782348632812,38.09186935424805,33.630165100097656,144.9210662841797,89.80481719970703
2024-07-29,64.4710464477539,134.89447021484375,292.3702392578125,175.6019744873047,87.73096466064453,216.96881103515625,163.70303344726562,278.5748291015625,38.535621643066406,84.8299331665039,92.81780242919922,77.78266906738281,82.21175384521484,59.63383483886719,59.12849044799805,39.22087097167969,83.46434783935547,22.776611328125,164.49301147460938,157.97706604003906,532.1619873046875,47.20817184448242,63.5091667175293,109.33563995361328,263.20159912109375,41.17469787597656,44.05938720703125,82.47846984863281,42.903987884521484,42.05526351928711,122.70025634765625,106.3676986694336,74.51629638671875,38.335025787353516,33.78137969970703,145.00804138183594,91.3047866821289
2024-07-30,64.5553207397461,135.57644653320312,291.12750244140625,176.6250457763672,86.51850891113281,217.7908172607422,164.63040161132812,278.8315734863281,38.8704719543457,85.72679138183594,92.86630249023438,76.17594909667969,82.20220947265625,59.88948440551758,58.85209655761719,38.83943557739258,83.18468475341797,22.869421005249023,165.2865753173828,157.63571166992188,529.4658203125,47.3119010925293,63.744014739990234,109.0560073852539,262.108642578125,41.06129837036133,43.914913177490234,82.81056213378906,43.57054901123047,42.54033279418945,123.06033325195312,103.6951675415039,74.01331329345703,38.6156005859375,33.956214904785156,145.1336669921875,90.79824829101562
2024-07-31,66.45621490478516,137.02806091308594,295.4134216308594,177.00144958496094,88.81200408935547,219.0531005859375,165.3935546875,280.3420104980469,39.19601821899414,85.97486114501953,92.9438705444336,79.55694580078125,83.2912368774414,60.50495147705078,58.95693588256836,39.59276580810547,84.4094009399414,22.93439292907715,166.0705108642578,159.1279754638672,538.0719604492188,48.00974655151367,64.30760955810547,110.75308227539062,265.99261474609375,41.85511016845703,44.37240982055664,83.7970962524414,43.75361251831055,42.433616638183594,124.43254089355469,108.08679962158203,73.88046264648438,38.52207565307617,34.39567184448242,144.60214233398438,92.20474243164062
2024-08-01,63.25373840332031,133.62796020507812,291.1372985839844,175.138671875,87.20035552978516,211.9293975830078,160.2832794189453,271.644287109375,38.37749481201172,84.09526824951172,93.65181732177734,76.57023620605469,83.5205078125,61.082542419433594,59.23332977294922,39.05875778198242,82.90502166748047,23.027206420898438,164.22206115722656,154.86570739746094,530.4523315429688,46.78380584716797,62.9737434387207,108.74745178222656,261.8255920410156,41.165245056152344,44.19422912597656,84.13896942138672,42.59417724609375,41.83212661743164,122.1260757446289,104.05577850341797,74.56373596191406,39.12062072753906,35.014686584472656,146.0807342529297,89.9425277709961
2024-08-02,60.538177490234375,130.7831268310547,285.4717102050781,172.14666748046875,85.32339477539062,204.43386840820312,154.79627990722656,261.7618103027344,37.55897521972656,82.1870346069336,93.2445068359375,74.42137908935547,82.31684112548828,61.33819580078125,59.786109924316406,38.92525863647461,81.41992950439453,22.990081787109375,161.39614868164062,150.76925659179688,520.576171875,45.9633674621582,62.49467468261719,106.75146484375,256.5559387207031,40.72108459472656,43.3610954284668,82.771484375,41.49575424194336,40.80379104614258,119.44005584716797,101.13130950927734,75.21855926513672,39.148681640625,35.07139587402344,145.7908172607422,86.63282012939453
2024-08-05,59.39576721191406,128.21112060546875,277.1934814453125,168.00611877441406,82.32323455810547,197.8582000732422,149.21261596679688,253.8341522216797,36.81486511230469,79.66819763183594,90.89765167236328,71.95709228515625,80.19611358642578,59.71904754638672,58.52805709838867,38.73453903198242,79.73230743408203,22.38679313659668,157.58309936523438,147.209228515625,505.4150695800781,44.888309478759766,61.11384201049805,103.86837768554688,249.022216796875,39.59651184082031,42.393131256103516,80.39794921875,40.58041000366211,39.6202278137207,117.36715698242188,97.76223754882812,73.73810577392578,38.01705551147461,34.145233154296875,141.89625549316406,84.18372344970703
2024-08-06,59.10548400878906,129.23406982421875,279.6984558105469,169.41525268554688,83.39933013916016,200.0109405517578,150.66165161132812,257.4178466796875,36.972984313964844,80.44102478027344,91.40192413330078,72.86396026611328,81.02720642089844,60.10726547241211,58.90928268432617,38.67732620239258,80.12769317626953,22.804452896118164,159.1992950439453,148.6527557373047,510.0747985839844,44.963748931884766,61.27353286743164,104.64940643310547,251.54969787597656,39.87055587768555,42.60984420776367,81.34541320800781,40.82920455932617,40.26051712036133,118.77828979492188,99.09109497070312,74.25057220458984,38.8587532043457,34.43347930908203,142.55337524414062,85.11320495605469
2024-08-07,60.08869934082031,129.48739624023438,277.9371337890625,168.710693359375,82.47698211669922,197.64291381835938,149.434814453125,253.13319396972656,37.233421325683594,80.78450012207031,90.50972747802734,72.04580688476562,80.82659912109375,60.28717041015625,58.88068771362305,38.8775749206543,79.6069564819336,22.711637496948242,158.07664489746094,146.74107360839844,506.66546630859375,45.18064880371094,61.367462158203125,104.37942504882812,249.6272735595703,40.18241882324219,42.031944274902344,80.9156265258789,40.99349594116211,40.30902862548828,118.20410919189453,97.48560333251953,74.32649230957031,38.57818603515625,34.6272087097168,141.10379028320312,83.62801361083984
2024-08-08,61.36220932006836,131.78662109375,284.33660888671875,171.57720947265625,84.9415512084961,202.4474639892578,152.34254455566406,259.836669921875,37.90312576293945,82.13933563232422,92.6723403930664,74.5692367553711,82.62252807617188,60.609107971191406,59.34769821166992,39.74534225463867,80.54236602783203,22.990081787109375,160.94129943847656,149.67686462402344,518.3782348632812,45.95393753051758,62.22226333618164,106.60681915283203,255.47271728515625,41.051841735839844,42.68207550048828,82.52731323242188,41.8759765625,40.95901870727539,120.92903900146484,101.12637329101562,75.00028228759766,38.905513763427734,34.665008544921875,144.2252655029297,85.45252990722656
2024-08-09,61.212379455566406,132.088623046875,285.66741943359375,171.75096130371094,85.70028686523438,202.0267333984375,151.59869384765625,260.379638671875,38.098453521728516,82.37785339355469,93.3124008178711,74.95366668701172,83.20524597167969,60.75114059448242,59.366756439208984,39.583229064941406,80.78345489501953,23.129302978515625,161.27999877929688,150.1840362548828,520.6640014648438,46.1142578125,62.616790771484375,107.05037689208984,256.5754699707031,41.155792236328125,42.64836502075195,83.2305679321289,41.96986389160156,41.133636474609375,120.9485092163086,101.58084869384766,75.11416625976562,39.10191345214844,34.783145904541016,144.9403533935547,85.7377700805664
2024-08-12,61.54948425292969,131.66969299316406,285.6869812011719,171.00775146484375,85.95318603515625,200.20664978027344,149.9371337890625,258.9481201171875,38.34959030151367,82.12025451660156,92.80810546875,75.4760971069336,83.11927795410156,60.79847717285156,59.06177520751953,39.99326705932617,80.71595001220703,22.925113677978516,160.50579833984375,149.5988311767578,520.9376220703125,46.133113861083984,62.46649169921875,107.06966400146484,256.4095764160156,41.33535385131836,42.46055221557617,82.65428924560547,42.17640686035156,40.92020034790039,120.33540344238281,102.4107666015625,74.73456573486328,38.86811828613281,34.844573974609375,144.38954162597656,85.39842224121094
2024-08-13,63.30991744995117,133.5110321044922,290.4425964355469,172.658203125,87.92189025878906,203.50428771972656,152.3715057373047,263.09466552734375,38.17286682128906,83.15069580078125,94.05912780761719,77.80237579345703,84.17964935302734,61.4139518737793,59.557373046875,40.21259307861328,81.61278533935547,23.231401443481445,162.33489990234375,153.0710906982422,529.5048828125,46.887542724609375,63.30251693725586,108.73780822753906,260.674072265625,41.64720916748047,42.88434982299805,83.7287368774414,41.76802444458008,41.25975036621094,121.60054779052734,105.55752563476562,75.07621002197266,39.139320373535156,35.04776382446289,146.13870239257812,87.53770446777344
2024-08-14,63.40354919433594,134.09556579589844,291.48956298828125,173.31451416015625,88.19709777832031,202.2419891357422,151.49246215820312,261.2287292480469,38.424007415771484,84.10480499267578,94.47613525390625,78.11780548095703,83.66378784179688,61.39500427246094,59.85282516479492,39.39251708984375,81.14027404785156,23.32421112060547,162.673583984375,153.02230834960938,531.17529296875,47.06671142578125,63.650062561035156,109.0077896118164,261.4158020019531,41.38260269165039,42.88434982299805,83.25011444091797,42.01211166381836,41.764225006103516,122.09687805175781,106.13551330566406,75.41785430908203,39.27961730957031,35.02414321899414,146.6605682373047,87.07051086425781
2024-08-15,64.6208724975586,135.68362426757812,296.734375,175.4764862060547,90.05918884277344,207.48690795898438,155.298583984375,268.129638671875,38.796058654785156,85.04936981201172,95.0289077758789,80.22723388671875,84.2751693725586,61.30031967163086,60.148277282714844,39.97419738769531,82.037109375,23.35205841064453,164.880126953125,156.6505889892578,540.2797241210938,47.6419677734375,64.29822540283203,110.61808013916016,265.94378662109375,41.83621597290039,43.56336212158203,84.0022201538086,42.51437759399414,42.15228271484375,123.74156951904297,109.18841552734375,76.19603729248047,39.167388916015625,35.0194091796875,147.5786590576172,89.8490982055664
2024-08-16,64.9579849243164,135.89794921875,297.00836181640625,175.98800659179688,90.17571258544922,208.03489685058594,156.06175231933594,268.4356994628906,38.805362701416016,85.72679138183594,95.17437744140625,80.50322723388672,84.59996795654297,61.61278533935547,60.338890075683594,40.62263870239258,82.54821014404297,23.32421112060547,165.27691650390625,158.11363220214844,541.4910278320312,47.92487335205078,64.64576721191406,111.05199432373047,266.5780944824219,42.27091979980469,43.6163330078125,84.25618743896484,42.46744155883789,42.46271514892578,123.56639862060547,109.3711929321289,76.40483093261719,39.148681640625,35.175350189208984,147.73326110839844,90.06056213378906
2024-08-19,65.885009765625,137.12548828125,299.7678527832031,177.32958984375,91.30386352539062,210.57904052734375,157.8392333984375,271.91082763671875,39.019290924072266,86.38512420654297,95.8144302368164,81.72551727294922,85.58390808105469,62.10515594482422,60.720115661621094,40.918243408203125,83.32933807373047,23.55624771118164,166.5350341796875,160.152099609375,546.66845703125,48.481258392333984,65.36907196044922,112.1897964477539,269.0958557128906,42.70563507080078,43.82341384887695,85.21341705322266,42.75377655029297,42.6955451965332,124.31576538085938,111.1742935180664,76.66104888916016,39.38248825073242,35.406890869140625,148.6320343017578,91.16708374023438
2024-08-20,65.5666275024414,136.6676025390625,299.2002258300781,176.5767822265625,91.19477081298828,208.12294006347656,155.839599609375,269.1662902832031,38.182167053222656,86.30879974365234,96.20233917236328,81.43965911865234,85.53614807128906,62.16197967529297,60.80589294433594,39.96466827392578,83.21360778808594,23.50984001159668,165.876953125,159.3133087158203,545.7794799804688,48.34923553466797,65.19060516357422,111.88124084472656,268.44207763671875,42.289825439453125,43.66448974609375,85.15481567382812,41.627197265625,42.55972671508789,123.97514343261719,110.78402709960938,77.04066467285156,39.419898986816406,35.33129119873047,149.231201171875,91.08346557617188
2024-08-21,66.32511138916016,137.6808319091797,300.4625549316406,177.5129852294922,91.57662200927734,210.83346557617188,157.4624786376953,273.15478515625,38.191471099853516,86.17522430419922,96.45449829101562,81.96208953857422,85.89915466308594,62.54072570800781,61.29195785522461,40.42237854003906,84.37083435058594,23.611936569213867,167.03826904296875,161.6151123046875,547.6550903320312,48.77360534667969,65.74481201171875,112.52728271484375,269.7887268066406,42.488285064697266,44.16533279418945,85.5162353515625,41.697608947753906,42.4918212890625,124.7245101928711,111.43610382080078,77.56261444091797,39.55082321166992,35.581729888916016,149.48245239257812,92.23423767089844
2024-08-22,65.83818817138672,137.33009338378906,298.0162658691406,177.10760498046875,90.2352294921875,208.97425842285156,156.48681640625,270.1436767578125,38.191471099853516,86.3183364868164,96.5126724243164,80.11881256103516,85.22090148925781,62.408164978027344,61.12040328979492,40.088626861572266,83.64756774902344,23.676904678344727,166.5640869140625,159.3133087158203,543.3568725585938,48.43411636352539,65.35968780517578,111.58232879638672,267.50518798828125,41.98741912841797,44.073829650878906,84.8715591430664,41.805572509765625,42.734352111816406,124.56878662109375,108.87225341796875,77.44873809814453,39.793983459472656,35.5391960144043,149.57908630371094,90.640869140625
2024-08-23,67.35515594482422,139.1714324951172,301.51934814453125,179.38540649414062,91.27164459228516,215.64781188964844,161.87725830078125,277.6369323730469,38.83326721191406,87.635009765625,97.24971008300781,81.46923065185547,85.91826629638672,62.9478759765625,61.65412902832031,40.546348571777344,85.20016479492188,24.103851318359375,168.68350219726562,162.46368408203125,549.130126953125,49.367713928222656,66.47749328613281,113.20226287841797,270.89141845703125,42.59223556518555,44.65653991699219,85.4673843383789,42.42988204956055,43.10300827026367,125.8144760131836,110.63583374023438,77.66700744628906,40.560874938964844,35.638431549072266,150.2265625,92.39160919189453
2024-08-26,66.51239776611328,138.66481018066406,300.60931396484375,179.61703491210938,90.6740951538086,215.71630859375,162.0897674560547,277.6270751953125,39.29833221435547,87.6445541381836,96.98786926269531,80.23709106445312,85.78453063964844,63.17511749267578,61.86380386352539,39.76441192626953,85.3737564086914,24.122417449951172,168.6544647216797,161.11769104003906,547.8212280273438,49.1696662902832,66.2708511352539,112.68156433105469,270.2084045410156,42.31817626953125,44.85398864746094,85.66272735595703,42.81010055541992,43.23882293701172,125.67823791503906,109.2477035522461,78.2174301147461,40.53282165527344,35.86997604370117,150.1492919921875,91.6736068725586
2024-08-27,67.16788482666016,139.19090270996094,301.0399169921875,179.64599609375,90.8650131225586,214.0430450439453,160.64073181152344,275.928955078125,39.04719543457031,88.08343505859375,97.20122528076172,80.8679428100586,85.72721099853516,62.995216369628906,62.0830078125,39.91698455810547,85.65341186523438,24.205949783325195,168.73187255859375,161.1957244873047,548.5733642578125,49.358280181884766,66.55265045166016,113.0093994140625,270.4523010253906,42.36543273925781,44.858802795410156,85.4673843383789,42.41110610961914,43.46195602416992,125.75608825683594,109.90966033935547,78.40723419189453,40.63569259643555,35.58645248413086,150.38121032714844,91.4326400756836
2024-08-28,66.87759399414062,138.68429565429688,299.13177490234375,179.3178253173828,89.98479461669922,212.59478759765625,160.17703247070312,273.27325439453125,38.75885009765625,88.08343505859375,97.31758880615234,79.94137573242188,84.9820785522461,62.92893600463867,61.854270935058594,39.16365051269531,84.8337173461914,24.15026092529297,168.267333984375,160.08383178710938,545.3888549804688,49.113094329833984,66.2708511352539,112.35372161865234,268.8031005859375,42.09136962890625,44.66617202758789,84.90084075927734,42.138851165771484,43.568668365478516,125.69769287109375,108.39308166503906,78.07508850097656,40.49541091918945,35.58645248413086,150.55514526367188,90.54741668701172
2024-08-29,66.98995971679688,139.49290466308594,299.50360107421875,180.24440002441406,89.69719696044922,214.1114959716797,161.1623992919922,275.4945983886719,39.09370422363281,88.6940689086914,97.60852813720703,79.3499526977539,84.87699890136719,63.09937286376953,61.72084426879883,39.602294921875,85.2580337524414,24.057445526123047,168.89639282226562,160.4154510498047,545.4376220703125,49.245121002197266,66.47749328613281,112.51765441894531,269.06658935546875,42.148075103759766,44.911773681640625,84.72502899169922,42.68806076049805,43.956729888916016,126.58330535888672,107.41495513916016,77.68598937988281,40.3364143371582,35.78019332885742,150.8740692138672,90.6556167602539
2024-08-30,67.39260864257812,141.0906982421875,302.41961669921875,181.75970458984375,90.61457061767578,215.35423278808594,162.0318145751953,277.232177734375,39.019290924072266,89.295166015625,98.19039154052734,80.18779754638672,85.39285278320312,63.48759460449219,61.959110260009766,39.88837814331055,85.75949096679688,24.205949783325195,170.20291137695312,162.33688354492188,550.6443481445312,49.405433654785156,66.62779998779297,113.3372573852539,271.6623840332031,42.261474609375,45.40298080444336,85.29155731201172,42.847652435302734,44.37388229370117,127.9360580444336,108.84261322021484,78.3028564453125,40.729217529296875,36.04953384399414,151.91775512695312,92.02278137207031
2024-09-03,66.38130187988281,137.6515655517578,295.89288330078125,179.48191833496094,87.968994140625,208.76876831054688,157.6363525390625,267.6458740234375,38.033348083496094,88.55094909667969,97.51155090332031,76.49138641357422,84.13188171386719,63.37397003173828,62.3212776184082,39.41158676147461,83.252197265625,24.1688232421875,168.0157470703125,159.70346069335938,539.3126220703125,48.547279357910156,65.37846374511719,111.10985565185547,265.8169250488281,41.61886215209961,44.37240982055664,83.7287368774414,41.78209686279297,44.04403305053711,125.10406494140625,103.84335327148438,78.85328674316406,40.82273864746094,35.997554779052734,151.6278533935547,90.75889587402344
2024-09-04,65.69773864746094,137.63211059570312,295.2862243652344,179.4143524169922,87.71856689453125,208.41651916503906,157.15338134765625,267.7051086425781,37.59617614746094,88.56048583984375,97.44367218017578,76.2745132446289,83.87395477294922,63.90420913696289,62.578609466552734,39.27808380126953,83.04003143310547,24.243074417114258,167.77378845214844,159.78147888183594,538.2088623046875,48.396392822265625,65.2093734741211,110.86878967285156,265.2216796875,41.59995651245117,44.18941116333008,83.3282470703125,41.20472717285156,44.09254455566406,125.2305679321289,103.57659149169922,79.22339630126953,40.916259765625,36.30470275878906,151.366943359375,90.99494934082031
2024-09-05,66.09101867675781,136.9501190185547,294.43487548828125,178.00521850585938,87.810302734375,207.37925720214844,156.3805389404297,265.8490905761719,37.363643646240234,88.20747375488281,95.95989227294922,76.09709930419922,84.36114501953125,64.12199401855469,62.37846374511719,39.23994064331055,82.63500213623047,24.224510192871094,166.74794006347656,160.51300048828125,536.8998413085938,48.405826568603516,65.05908203125,110.67593383789062,264.40191650390625,41.713356018066406,43.84267044067383,83.57243347167969,40.885528564453125,43.60747528076172,123.7707748413086,103.41851043701172,78.91970825195312,40.80403518676758,36.21492004394531,149.2891845703125,92.02770233154297
2024-09-06,63.75938034057617,134.56321716308594,289.52276611328125,176.23895263671875,85.81929016113281,203.435791015625,153.8785400390625,260.379638671875,36.86137390136719,86.78585052490234,95.6883544921875,74.00738525390625,82.54610443115234,63.60121536254883,62.216434478759766,38.82036590576172,81.22705841064453,24.159542083740234,164.95755004882812,156.85543823242188,527.863525390625,47.50050354003906,64.20429229736328,108.79566955566406,260.01055908203125,41.108543395996094,43.28886413574219,81.82402801513672,40.373878479003906,42.96718978881836,122.5153579711914,100.73609924316406,78.75836181640625,40.80403518676758,35.86997604370117,148.7769775390625,89.70155334472656
2024-09-09,64.92052459716797,136.404541015625,292.7714538574219,178.00521850585938,86.87554931640625,204.00332641601562,153.64666748046875,262.36407470703125,37.08460235595703,87.99757385253906,96.13445281982422,75.2000961303711,82.94732666015625,64.09358978271484,62.721561431884766,38.73453903198242,82.17212677001953,24.410137176513672,166.55438232421875,158.17214965820312,533.7737426757812,48.00974655151367,64.62699890136719,109.9141845703125,262.7917175292969,41.39204788208008,43.70783996582031,82.17565155029297,40.66490936279297,43.60747528076172,124.39361572265625,102.38606262207031,79.36572265625,41.29035568237305,36.233821868896484,149.82070922851562,91.00970458984375
2024-09-10,64.74259948730469,136.72604370117188,293.82818603515625,177.65777587890625,87.69625854492188,203.83697509765625,153.65634155273438,261.8309631347656,36.349796295166016,87.26290130615234,96.3865966796875,76.01823425292969,82.97599029541016,64.31136322021484,62.645320892333984,38.55335998535156,81.99853515625,24.68858528137207,166.6511688232422,158.53302001953125,536.0986328125,47.821136474609375,64.3170166015625,110.02989959716797,263.8163757324219,41.297550201416016,43.72709655761719,82.1561279296875,39.965484619140625,43.161216735839844,124.60770416259766,103.9174575805664,79.34676361083984,42.01982879638672,36.4039306640625,150.5068359375,92.05228424072266
2024-09-11,65.13589477539062,137.16444396972656,296.95947265625,177.43576049804688,89.54841613769531,204.43386840820312,153.4534912109375,263.7264404296875,36.219573974609375,87.13887786865234,96.20233917236328,78.53180694580078,83.6255874633789,64.4628677368164,62.273616790771484,38.88711166381836,82.70250701904297,24.67930030822754,166.72860717773438,160.0545654296875,541.5985717773438,48.09461975097656,64.66456604003906,110.9266586303711,266.4414978027344,41.55270767211914,43.833045959472656,82.49799346923828,39.59465408325195,42.95748519897461,124.83155822753906,107.46435546875,78.60652923583984,41.90760803222656,36.5173454284668,150.06228637695312,92.971923828125
2024-09-12,65.7820053100586,138.53814697265625,299.33721923828125,178.23684692382812,90.54267883300781,207.06613159179688,155.2696075439453,267.07330322265625,36.52652359008789,87.73995208740234,96.48357391357422,79.182373046875,84.87699890136719,64.52914428710938,62.53095245361328,38.8775749206543,83.8307876586914,24.855648040771484,167.76409912109375,161.35177612304688,546.1605224609375,48.52841567993164,65.11544799804688,111.88124084472656,268.65667724609375,41.82676315307617,44.237571716308594,84.0412826538086,39.95140838623047,43.054500579833984,125.79499816894531,108.35355377197266,79.09052276611328,41.982421875,36.59767532348633,150.6034698486328,94.01941680908203
2024-09-13,65.42617797851562,139.59034729003906,301.23553466796875,179.69424438476562,90.9666748046875,212.1740264892578,159.24000549316406,273.6978454589844,36.69394302368164,87.89262390136719,96.64844512939453,79.55694580078125,85.45972442626953,65.28663635253906,62.75968933105469,39.00154495239258,84.59263610839844,25.069120407104492,169.37062072753906,162.1710662841797,549.012939453125,48.66044235229492,65.51936340332031,112.46942138671875,270.5303649902344,42.01576232910156,44.637271881103516,84.85201263427734,40.17672348022461,43.18061447143555,127.06990814208984,108.89696502685547,79.65044403076172,42.28169631958008,37.112735748291016,150.91273498535156,94.65874481201172
2024-09-16,66.0535659790039,140.00927734375,301.8031005859375,181.08407592773438,90.65673065185547,212.93728637695312,160.2349853515625,274.09271240234375,37.149715423583984,88.96121978759766,97.26910400390625,79.1429443359375,86.424560546875,65.84529113769531,63.064674377441406,39.1922607421875,85.2387466430664,25.217622756958008,170.5996856689453,162.42466735839844,549.8237915039062,49.047080993652344,65.99842834472656,112.9033432006836,271.0671081542969,42.17642593383789,45.05143356323242,85.74087524414062,40.63674545288086,43.74329376220703,127.72195434570312,108.48200225830078,79.963623046875,42.42198181152344,37.3962516784668,151.95645141601562,94.49645233154297
2024-09-17,65.2763442993164,140.59381103515625,302.0086669921875,181.10337829589844,90.75342559814453,214.69863891601562,161.42320251464844,276.1165771484375,37.456661224365234,89.10433197021484,96.09566497802734,78.93595123291016,86.36724853515625,65.76954650878906,62.47377395629883,39.54508972167969,85.08445739746094,25.03199577331543,170.85133361816406,162.8050537109375,550.0484619140625,48.81132125854492,65.75421142578125,112.83584594726562,271.34039306640625,42.22367477416992,45.13811492919922,85.74087524414062,41.185951232910156,43.976131439208984,128.42262268066406,108.26958465576172,79.20440673828125,42.085296630859375,37.36790466308594,150.390869140625,94.97840881347656
2024-09-18,64.9767074584961,140.68148803710938,301.20623779296875,180.7752227783203,90.44102478027344,214.73779296875,161.6357421875,276.1165771484375,37.48456573486328,88.97075653076172,96.02778625488281,78.49237060546875,86.30037689208984,65.20142364501953,62.15925598144531,39.3543701171875,84.8240737915039,24.95774269104004,170.53195190429688,162.67825317382812,548.4171752929688,48.64158630371094,65.59452819824219,112.51765441894531,270.6572570800781,42.07247543334961,44.94548416137695,85.67249298095703,41.265750885009766,43.84031295776367,128.3155975341797,107.28157806396484,78.90071868896484,41.96371841430664,37.084381103515625,150.13961791992188,94.7915267944336
2024-09-19,66.69967651367188,143.389892578125,306.4314880371094,182.60903930664062,92.57088470458984,219.16073608398438,164.60142517089844,282.1289367675781,37.91242599487305,90.22064971923828,96.4253921508789,80.81866455078125,87.7332992553711,64.74693298339844,62.09253692626953,40.670318603515625,86.61775970458984,25.041276931762695,172.3513641357422,166.6479034423828,557.7755126953125,49.57518005371094,66.73113250732422,114.51363372802734,275.24383544921875,42.95133972167969,45.62450408935547,86.8348617553711,41.75863265991211,44.32537078857422,130.52474975585938,110.46786499023438,78.43569946289062,41.860843658447266,36.86701965332031,150.6807861328125,96.9504623413086
2024-09-20,66.73712921142578,142.376708984375,305.7073974609375,182.0685577392578,92.49154663085938,216.81227111816406,162.2250213623047,280.39141845703125,37.847312927246094,89.91532135009766,95.74654388427734,80.29622650146484,87.8670425415039,65.93997955322266,61.98770523071289,40.67985153198242,85.7498550415039,24.902053833007812,171.72230529785156,165.76036071777344,556.8113403320312,49.125064849853516,65.73395538330078,114.0849609375,274.6680908203125,42.926700592041016,45.30185317993164,86.8348617553711,41.66474914550781,44.296268463134766,129.60992431640625,109.92940521240234,78.8153076171875,41.7860221862793,37.840431213378906,150.06228637695312,96.72915649414062
2024-09-23,67.13978576660156,143.30223083496094,306.59783935546875,182.89859008789062,92.59319305419922,216.01963806152344,161.81927490234375,279.17706298828125,38.23797607421875,90.19202423095703,95.358642578125,80.37509155273438,88.01988220214844,66.48916625976562,62.435646057128906,41.27106857299805,86.48275756835938,25.134090423583984,172.60157775878906,167.58425903320312,558.2027587890625,49.32364273071289,65.94110107421875,114.45266723632812,275.3511962890625,43.27738952636719,45.69754409790039,87.02983093261719,42.17921447753906,44.24271774291992,130.47987365722656,109.90911865234375,79.27229309082031,42.24843978881836,38.215789794921875,149.76837158203125,97.90448760986328
2024-09-24,66.55921936035156,144.1887969970703,307.3904724121094,182.98545837402344,92.96263885498047,216.3817138671875,161.83860778808594,279.9570007324219,38.33099365234375,89.99166107177734,95.32955169677734,80.8285140991211,88.71724700927734,66.34713745117188,62.34986877441406,44.97097396850586,88.18000793457031,25.152652740478516,172.85418701171875,170.1591796875,559.7999267578125,49.62623977661133,66.57199096679688,115.22679138183594,276.04400634765625,44.784420013427734,46.3215446472168,87.44132232666016,42.07509231567383,43.87273025512695,131.4171600341797,110.66134643554688,79.08148956298828,42.24843978881836,37.94462585449219,149.46768188476562,98.761962890625
2024-09-25,66.43748474121094,143.79910278320312,306.6815185546875,181.75595092773438,93.09872436523438,213.74246215820312,159.51980590820312,277.3367614746094,37.633384704589844,89.01847076416016,94.660400390625,80.84822845458984,88.58350372314453,66.46076202392578,62.273616790771484,43.941104888916016,87.80391693115234,25.01493263244629,171.78546142578125,169.38864135742188,558.5653076171875,49.314186096191406,66.18592834472656,114.65586853027344,275.136474609375,44.3294677734375,46.011962890625,87.1669921875,41.25156784057617,43.60984420776367,130.8020782470703,110.97808837890625,78.88113403320312,42.06949996948242,38.144432067871094,148.01268005371094,98.40714263916016
2024-09-26,68.34773254394531,146.02040100097656,307.9579162597656,183.01747131347656,93.27005004882812,214.8814239501953,160.48110961914062,278.6622314453125,36.89857864379883,90.40192413330078,95.05799865722656,82.1690902709961,89.51968383789062,66.55545043945312,62.75968933105469,47.77450942993164,90.34015655517578,24.93061065673828,173.22340393066406,173.3875732421875,560.77978515625,50.41110610961914,67.53243255615234,116.07830810546875,276.3660888671875,45.7417106628418,46.96489334106445,87.65686798095703,40.44225311279297,43.83378219604492,131.4562225341797,112.44789123535156,79.06240844726562,41.65511703491211,37.882774353027344,148.5073699951172,98.82601928710938
2024-09-27,66.55921936035156,144.74412536621094,307.55535888671875,183.68704223632812,92.77838897705078,216.33457946777344,161.54922485351562,280.3437805175781,37.51247024536133,90.09661102294922,94.86405181884766,81.28194427490234,89.57699584960938,66.84898376464844,62.78828048706055,48.62319564819336,90.23406982421875,24.958717346191406,173.84521484375,174.1093292236328,559.9664916992188,50.09904861450195,67.4947738647461,115.73963928222656,276.0929870605469,45.73223876953125,46.882667541503906,88.1859130859375,41.265769958496094,43.96036148071289,131.6417236328125,111.39873504638672,79.20552062988281,41.71162414550781,38.258602142333984,148.4298095703125,98.97386932373047
2024-09-30,66.98995971679688,144.91949462890625,308.68450927734375,184.18197631835938,93.21294403076172,216.88442993164062,161.9862060546875,280.9175109863281,37.6519889831543,90.23973846435547,95.19377136230469,81.35093688964844,89.9208984375,66.98153686523438,62.66437911987305,48.54690933227539,89.92547607421875,25.005563735961914,174.06866455078125,173.0559539794922,562.2103881835938,49.938297271728516,66.9486312866211,115.82671356201172,277.17950439453125,45.353111267089844,46.6214485168457,88.56800842285156,41.554473876953125,44.125877380371094,132.23728942871094,111.725341796875,79.18643188476562,42.06949996948242,38.42987060546875,149.39979553222656,98.74224853515625
2024-10-01,67.0835952758789,144.71487426757812,305.9745788574219,183.4638671875,91.93659973144531,213.93881225585938,159.61691284179688,277.2378234863281,38.451908111572266,89.42874145507812,94.63130187988281,79.655517578125,90.18838500976562,67.29399871826172,62.3212776184082,50.52082824707031,89.57830810546875,24.883764266967773,173.14566040039062,172.68531799316406,557.1738891601562,49.588417053222656,66.20476531982422,115.09131622314453,274.65399169921875,45.69432830810547,46.50535583496094,88.6365966796875,42.50104522705078,43.892208099365234,132.30564880371094,109.00349426269531,78.91930389404297,41.815223693847656,38.73910140991211,148.61407470703125,98.34307861328125
2024-10-02,66.69967651367188,144.6466827392578,306.13165283203125,183.4444580078125,92.0061264038086,213.64427185058594,159.11195373535156,277.7225341796875,38.8797721862793,89.54322814941406,94.37915802001953,80.03009796142578,90.26480865478516,67.03834533691406,61.82568359375,53.85837173461914,89.36615753173828,24.73386573791504,172.96109008789062,172.4317169189453,557.4090576171875,49.5033073425293,65.99759674072266,115.26548767089844,274.7127380371094,46.642147064208984,46.32638168334961,88.36226654052734,42.93647003173828,43.940887451171875,132.06153869628906,109.81014251708984,78.25146484375,41.66453552246094,38.75812911987305,148.31336975097656,97.51025390625
2024-10-03,66.43748474121094,143.45809936523438,305.4640197753906,182.66812133789062,92.05329895019531,212.2107696533203,158.27688598632812,275.1705322265625,39.40065002441406,88.97075653076172,93.50634765625,80.06951904296875,90.0259780883789,66.8016357421875,61.24430847167969,52.43752670288086,87.90034484863281,24.52775001525879,172.14495849609375,170.2957305908203,556.3900146484375,49.03995895385742,65.24431610107422,114.62684631347656,274.12542724609375,45.94076156616211,45.81363296508789,88.05854797363281,43.693721771240234,43.707210540771484,131.3878936767578,110.26543426513672,77.4691390991211,41.25957107543945,38.743858337402344,146.9747772216797,96.3817367553711
2024-10-04,67.30833435058594,144.54925537109375,308.4488220214844,184.00726318359375,93.05650329589844,215.17596435546875,160.2675018310547,279.79974365234375,39.819210052490234,90.3065185546875,93.5257568359375,80.80880737304688,91.0385971069336,66.51757049560547,61.4635124206543,54.35422897338867,88.26679229736328,24.499643325805664,173.4954376220703,172.8413848876953,561.4461059570312,49.33310317993164,65.60213470458984,115.64287567138672,276.7781982421875,46.499977111816406,46.03614807128906,89.03826904296875,44.10075378417969,44.447181701660156,132.30564880371094,111.49275970458984,77.72674560546875,40.986454010009766,38.682010650634766,147.09117126464844,97.6580810546875
2024-10-07,66.52176666259766,143.8575439453125,305.572021484375,182.76516723632812,92.04833984375,213.48716735839844,159.07315063476562,277.1290588378906,40.05175018310547,89.62909698486328,93.12813568115234,80.03994750976562,89.81581115722656,65.20142364501953,60.83448791503906,56.900291442871094,87.98712921142578,24.209209442138672,172.14495849609375,171.60269165039062,556.370361328125,49.05887222290039,65.216064453125,114.9461669921875,274.2526550292969,46.90753936767578,45.90070343017578,87.84300994873047,44.256935119628906,43.901939392089844,131.98345947265625,110.72569274902344,76.9539566040039,40.685081481933594,37.792388916015625,146.4412841796875,96.14026641845703
2024-10-08,66.72776794433594,143.90625,308.2132263183594,182.95925903320312,93.54072570800781,213.63446044921875,158.67501831054688,278.4248352050781,39.05649948120117,89.59093475341797,93.65181732177734,81.48894500732422,90.08330535888672,65.5044174194336,61.12993621826172,50.74968719482422,86.97457885742188,24.19046974182129,172.55300903320312,170.76388549804688,561.6322631835938,48.983219146728516,65.15016174316406,115.13969421386719,276.5627746582031,45.533199310302734,45.687870025634766,88.61699676513672,43.10211944580078,44.15509033203125,132.27635192871094,112.79430389404297,77.3355712890625,40.80751419067383,37.81142044067383,147.23666381835938,97.07658386230469
2024-10-09,66.38130187988281,144.734375,310.48126220703125,184.2595977783203,94.19379425048828,214.1057586669922,159.25762939453125,279.11724853515625,39.14021301269531,89.84854125976562,94.45674133300781,82.4549560546875,89.76805877685547,65.07833099365234,61.44445037841797,49.557708740234375,87.18672180175781,24.256052017211914,173.73834228515625,170.9296875,565.5223999023438,49.002132415771484,65.38556671142578,115.594482421875,278.4912109375,45.22041702270508,45.97809982299805,88.64637756347656,43.36241912841797,44.56401824951172,133.45774841308594,114.05625915527344,77.80307006835938,40.82633972167969,37.4879150390625,148.7401885986328,97.77143859863281
2024-10-10,66.39067077636719,143.8380584716797,309.9019470214844,183.65792846679688,94.17642211914062,212.91770935058594,158.42254638671875,277.0400085449219,39.43785858154297,89.91532135009766,94.19490051269531,82.1690902709961,89.32862854003906,64.84161376953125,61.18711853027344,49.920066833496094,87.53388214111328,24.09678077697754,173.08738708496094,170.6858673095703,564.53271484375,48.91702651977539,65.19723510742188,115.41063690185547,277.9136657714844,45.31520080566406,46.08451843261719,87.9899673461914,43.655860900878906,44.427711486816406,132.77430725097656,114.02657318115234,77.4596176147461,40.487308502197266,37.37373733520508,148.1873016357422,97.28849029541016
2024-10-11,66.53113555908203,145.9326934814453,312.08172607421875,185.73458862304688,94.3626480102539,217.24771118164062,161.5006866455078,283.1727294921875,39.549468994140625,91.15567016601562,94.78646087646484,82.41551971435547,89.78716278076172,65.29610443115234,61.38726806640625,50.19660949707031,87.90999603271484,24.312265396118164,174.7876434326172,170.00311279296875,567.9132690429688,49.16288757324219,65.60213470458984,116.20409393310547,280.0671691894531,45.63745880126953,46.38442611694336,88.59739685058594,43.92563247680664,45.284523010253906,135.14683532714844,114.22452545166016,77.88893127441406,40.90169143676758,37.70199966430664,149.273681640625,96.87454986572266
2024-10-14,66.64348602294922,146.69261169433594,314.555908203125,186.9669952392578,95.24664306640625,218.84815979003906,162.520263671875,285.3686828613281,39.53086471557617,91.70906066894531,95.36833190917969,83.30266571044922,90.15972137451172,66.05360412597656,61.59694290161133,49.18581008911133,88.07393646240234,24.387216567993164,176.07012939453125,170.00311279296875,572.557861328125,49.266902923583984,65.81869506835938,116.78468322753906,282.2500915527344,45.41946029663086,46.65047836303711,89.0088882446289,43.90670394897461,45.56687927246094,135.95721435546875,115.71412658691406,78.2037582397461,41.18422317504883,38.177730560302734,150.0981903076172,97.29833984375
2024-10-15,65.2763442993164,144.9097442626953,312.28790283203125,186.2100830078125,94.33781433105469,219.02490234375,162.8115692138672,284.8641662597656,38.275184631347656,91.3655776977539,94.29187774658203,81.66637420654297,89.63432312011719,66.41341400146484,61.59694290161133,46.763710021972656,87.18672180175781,24.518381118774414,175.2734375,168.0524444580078,568.1092529296875,48.5671501159668,64.84884643554688,115.58480834960938,280.31195068359375,44.50955581665039,46.60210418701172,89.20484161376953,42.491580963134766,45.66425323486328,134.91250610351562,113.17041778564453,78.69986724853516,41.702205657958984,38.348995208740234,148.26487731933594,97.51025390625
2024-10-16,65.66964721679688,145.71836853027344,313.6428527832031,187.67538452148438,94.42223358154297,222.62835693359375,165.71493530273438,289.5329284667969,38.47051239013672,92.54867553710938,94.42765045166016,81.67623138427734,89.56745147705078,67.4833755493164,61.4635124206543,47.3930778503418,87.56282806396484,24.80881690979004,176.45877075195312,168.9497528076172,570.57861328125,48.75627136230469,64.93359375,116.15572357177734,281.7410583496094,44.92659378051758,46.96489334106445,89.14605712890625,42.695091247558594,46.228965759277344,135.95721435546875,113.52179718017578,78.64262390136719,42.11659240722656,39.11017608642578,148.68197631835938,98.02276611328125
2024-10-17,65.32317352294922,145.77682495117188,313.62322998046875,187.46189880371094,94.54640197753906,222.01959228515625,165.47216796875,288.2569580078125,38.66584014892578,92.76812744140625,94.01065063476562,82.20851135253906,89.1089096069336,66.89632415771484,61.396793365478516,46.115272521972656,87.22530364990234,24.65891456604004,176.177001953125,168.16944885253906,570.6275024414062,48.73735809326172,65.0089111328125,116.09766387939453,281.6823425292969,44.784420013427734,47.03745651245117,88.72476196289062,42.89860534667969,46.35554504394531,135.56666564941406,113.86821746826172,78.28961944580078,41.84347152709961,38.76288986206055,147.8186798095703,97.9340591430664
2024-10-18,65.66964721679688,146.20550537109375,314.9781494140625,187.91799926757812,95.06040954589844,221.55810546875,165.36538696289062,287.4162292480469,38.535621643066406,93.07344055175781,94.62159729003906,82.51409149169922,89.99732971191406,67.22772216796875,61.52070236206055,48.14640426635742,87.97749328613281,24.79944610595703,176.70166015625,169.6032257080078,572.822509765625,49.01158905029297,65.49855041503906,116.66856384277344,282.78851318359375,45.334163665771484,47.22610855102539,89.38118743896484,42.756614685058594,46.36528015136719,135.9767303466797,114.27401733398438,78.46135711669922,42.13542938232422,38.986473083496094,148.53648376464844,98.31843566894531
2024-10-21,64.58341979980469,145.16305541992188,314.2123107910156,186.22950744628906,95.39811706542969,218.07247924804688,161.89881896972656,284.4388732910156,38.44260787963867,92.05253601074219,93.5257568359375,82.80980682373047,89.40504455566406,66.85845184326172,60.91073226928711,47.58378982543945,87.04207611083984,24.331003189086914,175.19569396972656,168.0329132080078,571.8818359375,48.45367431640625,64.8111801147461,116.06863403320312,281.89776611328125,45.01190185546875,46.86331558227539,89.02848815917969,42.62882995605469,45.99529266357422,135.49832153320312,114.80850219726562,77.80307006835938,41.26898193359375,38.83424758911133,146.79046630859375,97.55459594726562
2024-10-22,63.73128890991211,143.81857299804688,313.8392028808594,185.656982421875,95.4825439453125,217.24771118164062,161.42300415039062,282.6682434082031,38.51701736450195,91.71859741210938,93.29299926757812,82.7999496459961,89.59610748291016,66.45128631591797,61.168060302734375,48.04151153564453,86.87813568115234,24.359107971191406,174.40872192382812,167.49647521972656,571.5780029296875,48.20780944824219,64.55693817138672,115.78801727294922,281.5746765136719,44.95502853393555,46.432796478271484,89.1558609008789,42.72822189331055,45.90766525268555,133.85804748535156,114.6897201538086,78.24193572998047,41.33490753173828,38.69628143310547,146.5770721435547,97.16036224365234
2024-10-23,62.42970657348633,142.6787109375,311.0311279296875,185.30764770507812,94.02742004394531,215.2643585205078,160.5199432373047,279.59197998046875,38.247276306152344,91.31787109375,92.77900695800781,81.51851654052734,88.56439971923828,66.87738037109375,61.006038665771484,47.76497268676758,86.0777359008789,24.509014129638672,173.83547973632812,165.66282653808594,566.3552856445312,47.74445724487305,64.14263916015625,114.78166961669922,279.02960205078125,44.670684814453125,46.307037353515625,88.47982788085938,42.50577163696289,45.86872100830078,133.46751403808594,113.04669952392578,78.08927154541016,41.73987579345703,39.06735610961914,145.8883819580078,95.63268280029297
2024-10-24,62.94472122192383,142.64947509765625,311.8657531738281,184.90005493164062,94.66808319091797,215.7356414794922,160.9860382080078,280.0865783691406,38.2193717956543,91.63272094726562,92.30382537841797,81.73538208007812,88.82231903076172,66.5649185180664,60.96792221069336,47.412147521972656,85.49911499023438,24.45279884338379,173.8743438720703,169.64222717285156,567.5801391601562,47.91466522216797,64.4439468383789,115.08163452148438,279.7735595703125,44.623291015625,45.74107360839844,88.7835464477539,42.50104522705078,45.90766525268555,132.5497283935547,113.37828063964844,77.98432922363281,41.83405685424805,38.815216064453125,144.92807006835938,98.64861297607422
2024-10-25,62.96343994140625,142.32798767089844,311.6300964355469,183.66763305664062,95.04800415039062,214.9207000732422,159.89849853515625,279.79974365234375,38.32168960571289,90.62137603759766,91.8868179321289,82.1296615600586,89.08980560302734,65.61804962158203,60.51044464111328,47.536109924316406,85.3351821899414,24.246681213378906,173.04852294921875,169.7007598876953,567.3840942382812,47.76336669921875,64.14263916015625,114.88810729980469,279.50921630859375,44.585384368896484,45.45083999633789,89.0088882446289,42.486846923828125,45.401363372802734,132.1982421875,113.9671859741211,77.3355712890625,41.504432678222656,38.23957443237305,144.13265991210938,98.95909118652344
2024-10-28,63.39418411254883,142.75665283203125,312.7493591308594,184.76419067382812,95.26651763916016,218.4259490966797,162.6367950439453,284.22119140625,38.0240478515625,91.78538513183594,92.05168151855469,82.07051849365234,89.78716278076172,66.00625610351562,60.92026138305664,48.213157653808594,86.0391616821289,24.42469024658203,174.02981567382812,171.04673767089844,569.1381225585938,48.113250732421875,64.74526977539062,115.488037109375,280.644775390625,44.72754669189453,45.82814025878906,89.5771255493164,42.217071533203125,45.9660758972168,132.58877563476562,113.93255615234375,77.47868347167969,41.63627624511719,38.53928756713867,144.34605407714844,99.19068908691406
2024-10-29,64.01221466064453,142.7079315185547,313.2108459472656,183.7452850341797,96.06112670898438,217.7190399169922,161.918212890625,283.7167053222656,37.51247024536133,91.32740783691406,91.58618927001953,83.08580017089844,90.56095123291016,64.85108184814453,60.23405075073242,47.74590301513672,85.67269897460938,24.312265396118164,173.5051727294922,170.07139587402344,570.0592651367188,47.95249557495117,64.19912719726562,115.39128112792969,281.0166931152344,44.556941986083984,45.5330696105957,90.41971588134766,41.573402404785156,45.68372344970703,132.4130401611328,115.46669006347656,76.71544647216797,41.25957107543945,37.71626663208008,143.94834899902344,98.67324829101562
2024-10-30,64.06839752197266,142.52281188964844,312.3860778808594,183.5318145751953,95.63153076171875,217.42445373535156,162.05418395996094,282.2726135253906,37.493865966796875,91.4228286743164,91.16918182373047,81.87337493896484,91.0385971069336,64.74693298339844,59.995784759521484,47.16421127319336,85.48947143554688,24.331003189086914,173.12628173828125,169.2716064453125,568.3346557617188,47.71608352661133,63.69065475463867,114.96551513671875,280.3217468261719,44.234683990478516,45.77976989746094,90.9683609008789,41.668060302734375,45.88819122314453,132.18846130371094,113.63066101074219,76.59142303466797,41.410255432128906,37.625877380371094,143.67677307128906,98.53527069091797
2024-10-31,63.740657806396484,141.14915466308594,306.573486328125,182.12469482421875,92.86032104492188,213.81118774414062,159.5974884033203,277.3961181640625,37.62408447265625,90.5354995727539,90.50003051757812,79.51751708984375,89.96866607666016,65.06886291503906,59.76704788208008,46.96396255493164,84.56370544433594,23.900033950805664,171.2802276611328,167.1746063232422,557.193603515625,47.37565612792969,63.257511138916016,113.30117797851562,275.0945129394531,44.1399040222168,45.175113677978516,90.17477416992188,41.928367614746094,45.255313873291016,130.6653594970703,109.98336791992188,76.43875885009766,40.685081481933594,38.0159797668457,142.4642791748047,97.02729797363281
2024-11-01,63.65638732910156,141.11016845703125,307.8204650878906,182.19264221191406,93.56803131103516,215.00906372070312,159.61691284179688,280.5119323730469,37.41015625,90.69770812988281,90.92672729492188,79.78366088867188,89.9208984375,63.9515495300293,59.786109924316406,47.18328857421875,84.5154800415039,23.693918228149414,171.38711547851562,168.7156524658203,559.5451049804688,47.479679107666016,63.445831298828125,113.7559585571289,276.2691955566406,44.14938735961914,45.04934310913086,90.52748107910156,41.663330078125,45.411102294921875,130.84112548828125,110.809814453125,76.4673843383789,40.25186538696289,37.16917419433594,143.3081817626953,98.60426330566406
2024-11-04,63.712562561035156,141.0906982421875,307.0939025878906,181.99856567382812,93.26012420654297,216.09893798828125,160.3063201904297,281.77801513671875,37.95893478393555,90.44010162353516,90.49032592773438,79.63581085205078,89.26175689697266,63.515995025634766,59.95766067504883,47.536109924316406,84.7469253540039,23.900033950805664,171.59117126464844,168.2279815673828,558.3399047851562,47.545875549316406,63.4835090637207,113.6978988647461,275.7699279785156,44.29155349731445,45.24767303466797,90.22376251220703,42.392189025878906,45.06058120727539,130.6946563720703,110.72569274902344,76.67728424072266,40.70391845703125,36.726741790771484,142.36727905273438,98.26422119140625
2024-11-05,64.67705535888672,143.21453857421875,310.9034729003906,183.94906616210938,94.55880737304688,220.1638641357422,163.30677795410156,287.1787414550781,38.182167053222656,91.6041030883789,90.8394546508789,80.759521484375,90.31256866455078,64.27349090576172,60.31029510498047,48.661338806152344,85.4026870727539,24.171730041503906,173.5926055908203,170.80288696289062,565.0912475585938,48.047054290771484,63.926055908203125,115.07196044921875,279.2743225097656,44.936073303222656,45.315399169921875,91.22309875488281,42.6761589050293,45.47925567626953,132.88169860839844,112.28457641601562,77.1638412475586,41.25957107543945,37.278594970703125,143.4148712158203,100.00381469726562
2024-11-06,64.96733856201172,146.2931671142578,319.0724792480469,189.04367065429688,96.9997787475586,232.9182891845703,173.49282836914062,302.5401916503906,38.95418167114258,94.7526626586914,90.31576538085938,82.178955078125,91.43025207519531,63.260337829589844,59.07130432128906,47.34539794921875,85.07481384277344,23.778236389160156,177.70237731933594,173.08523559570312,579.142578125,47.432403564453125,62.560726165771484,116.58148956298828,287.0857238769531,44.50955581665039,45.93939971923828,93.4666976928711,44.28059005737305,48.24442672729492,138.08566284179688,115.48153686523438,75.90448760986328,40.15768051147461,36.89324951171875,143.5991668701172,103.20207977294922
2024-11-07,65.52918243408203,146.8290252685547,321.6449279785156,188.58758544921875,98.66100311279297,232.09353637695312,171.67703247070312,303.5589904785156,39.09370422363281,94.33285522460938,91.07221221923828,83.80536651611328,93.13065338134766,63.364498138427734,59.51925277709961,49.900997161865234,86.50202941894531,24.021827697753906,177.87725830078125,176.4599151611328,583.6205444335938,48.15107345581055,63.55883026123047,117.81038665771484,289.0924377441406,45.47632598876953,46.11838150024414,94.69136047363281,44.077083587646484,47.46550750732422,137.25576782226562,117.4957275390625,76.18116760253906,40.656822204589844,36.9598503112793,144.63705444335938,104.52772521972656
2024-11-08,65.01416015625,147.07257080078125,323.11773681640625,189.56768798828125,98.9863052368164,233.80197143554688,172.64804077148438,306.348388671875,38.944881439208984,94.19928741455078,91.42131805419922,83.47023010253906,92.32821655273438,64.1030502319336,59.871883392333984,47.16421127319336,84.59263610839844,24.256052017211914,178.86831665039062,176.10879516601562,586.1486206054688,47.51750183105469,62.57956314086914,117.48138427734375,290.4433288574219,44.34843063354492,45.69754409790039,94.23087310791016,44.370521545410156,47.8939094543457,138.73004150390625,117.36705017089844,77.10660552978516,41.35374450683594,37.6686897277832,145.67495727539062,106.01103973388672
2024-11-11,65.17333984375,147.9883575439453,323.8639221191406,190.62542724609375,98.94905853271484,237.31704711914062,175.5222625732422,310.21600341796875,39.05649948120117,95.02936553955078,91.02371215820312,82.79008483886719,92.46195220947266,64.20720672607422,59.404884338378906,47.17375183105469,83.66685485839844,24.19046974182129,179.7621612548828,178.7227325439453,586.7072143554688,47.49859619140625,62.598392486572266,117.61685943603516,291.2558288574219,44.09251022338867,45.49921417236328,94.75994110107422,44.62136459350586,48.57546615600586,139.80404663085938,116.71875762939453,76.8394775390625,40.99586868286133,37.77335739135742,144.82138061523438,108.14979553222656
2024-11-12,64.14330291748047,145.83526611328125,322.82318115234375,189.21835327148438,99.02603149414062,233.15394592285156,172.43441772460938,304.8053283691406,38.628631591796875,94.44734954833984,89.68540954589844,82.81966400146484,92.50017547607422,63.38343811035156,59.22379684448242,45.638484954833984,81.89244842529297,23.84381866455078,178.39224243164062,175.4163055419922,584.884765625,46.72318649291992,61.327205657958984,116.67825317382812,290.1105041503906,43.34373474121094,44.72525405883789,95.19102478027344,44.38471984863281,48.42941665649414,138.60313415527344,116.8672103881836,76.92533874511719,40.47788619995117,37.34043502807617,142.8037567138672,106.70588684082031
2024-11-13,63.43164825439453,145.6793975830078,322.882080078125,189.36390686035156,98.92172241210938,230.84657287597656,170.9001922607422,301.5906066894531,38.907676696777344,94.19928741455078,89.37509155273438,82.53380584716797,91.99388122558594,63.21299743652344,59.22379684448242,45.54312515258789,81.70923614501953,23.900033950805664,178.4893798828125,175.640625,585.1688232421875,46.45840835571289,60.97880935668945,116.43633270263672,289.9734802246094,43.11626434326172,44.8316764831543,95.2302017211914,44.730224609375,48.45863342285156,138.89601135253906,116.46141052246094,77.15430450439453,40.798091888427734,37.273834228515625,142.42547607421875,107.61756896972656
2024-11-14,63.506561279296875,144.41287231445312,320.71221923828125,188.08297729492188,98.2835464477539,227.7340545654297,169.2688751220703,296.34820556640625,39.1588134765625,94.20883178710938,88.05618286132812,82.37609100341797,91.84101867675781,63.03308868408203,59.14754867553711,45.152156829833984,81.37171173095703,23.740764617919922,177.0611572265625,173.98252868652344,581.4061279296875,46.49623489379883,61.15771484375,115.83639526367188,287.8296813964844,42.85087585449219,44.46404266357422,95.12242889404297,44.900596618652344,48.332054138183594,136.55279541015625,116.06549835205078,76.96348571777344,40.43080139160156,37.145389556884766,140.1847381591797,106.08989715576172
2024-11-15,63.197540283203125,143.66270446777344,316.4411315917969,187.3357696533203,96.23494720458984,224.3367919921875,167.5210418701172,290.75946044921875,39.08440399169922,94.7145004272461,86.45603942871094,80.6707992553711,90.6182632446289,63.90420913696289,58.8139762878418,45.18075942993164,80.96668243408203,23.83445167541504,175.79811096191406,173.39732360839844,573.9590454101562,46.36384582519531,60.97880935668945,114.68490600585938,284.17852783203125,42.765567779541016,44.154457092285156,93.22174072265625,44.83434295654297,48.555992126464844,135.82052612304688,113.18527221679688,76.28611755371094,40.47788619995117,37.70199966430664,137.5851593017578,105.18314361572266
2024-11-18,63.56273651123047,143.6919403076172,317.93353271484375,188.189697265625,96.60991668701172,224.7786102294922,167.744384765625,291.1947326660156,39.61458206176758,95.00074005126953,86.37846374511719,81.1242446899414,91.4493637084961,64.29242706298828,59.27145004272461,45.81012725830078,81.79602813720703,23.956247329711914,176.50735473632812,175.19198608398438,576.3108520507812,46.6759033203125,61.2236328125,115.36225891113281,285.3336181640625,43.125736236572266,44.49789810180664,94.1427001953125,45.43067932128906,48.70204544067383,135.63504028320312,113.55147552490234,76.82038116455078,40.83576583862305,38.03025436401367,137.68215942382812,106.1539535522461
2024-11-19,63.46909713745117,143.24375915527344,319.13140869140625,187.53952026367188,97.6875991821289,226.44781494140625,167.9288787841797,295.5469055175781,39.34484100341797,94.52368927001953,86.19419860839844,81.54808807373047,92.00341796875,64.54808044433594,59.309574127197266,45.476375579833984,81.747802734375,24.078044891357422,176.03126525878906,174.9188690185547,578.4174194335938,46.619163513183594,61.035308837890625,115.66222381591797,286.6452331542969,43.19208908081055,44.352783203125,94.75994110107422,45.1419792175293,48.38072967529297,135.51783752441406,114.48186492919922,76.92533874511719,41.005287170410156,38.27288055419922,136.9740753173828,106.23279571533203
2024-11-20,63.00090408325195,142.9514923095703,319.49468994140625,188.17999267578125,97.52867126464844,226.74234008789062,167.87062072753906,296.1404724121094,39.605281829833984,94.35194396972656,87.04761505126953,81.390380859375,92.18492889404297,64.54808044433594,59.109432220458984,45.75291061401367,82.056396484375,23.993722915649414,176.62391662597656,174.2263641357422,578.6134643554688,46.486778259277344,60.912906646728516,115.63318634033203,286.81170654296875,43.182613372802734,44.715579986572266,95.36736297607422,45.59633255004883,48.23469161987305,135.664306640625,114.38289642333984,76.53417205810547,40.939361572265625,38.291908264160156,138.59396362304688,105.76463317871094
2024-11-21,63.1788215637207,144.24725341796875,321.4976501464844,190.30519104003906,97.76705932617188,230.18873596191406,170.18162536621094,301.5411682128906,39.96803665161133,95.38239288330078,87.4355239868164,81.96208953857422,91.13411712646484,65.37185668945312,59.53831481933594,45.381011962890625,82.6253662109375,24.09678077697754,178.84886169433594,174.3336639404297,581.7196044921875,46.600250244140625,60.79991149902344,116.18474578857422,288.8183898925781,43.03096008300781,45.262184143066406,95.12242889404297,45.965492248535156,48.848087310791016,137.3631591796875,115.54586791992188,77.36419677734375,41.21247482299805,38.95793914794922,139.70947265625,105.95191192626953
2024-11-22,63.6282844543457,145.74758911132812,322.9311828613281,191.85781860351562,97.86639404296875,234.44020080566406,173.37632751464844,306.8726501464844,39.99593734741211,96.03117370605469,87.67796325683594,82.18879699707031,90.84752655029297,65.34345245361328,60.100624084472656,44.32253646850586,82.88573455810547,24.209209442138672,180.2576446533203,175.92347717285156,583.5226440429688,46.808292388916016,61.02589416503906,116.68791961669922,290.2475891113281,43.040435791015625,45.51372146606445,94.91668701171875,46.03648376464844,49.393333435058594,139.27682495117188,115.60526275634766,78.07974243164062,41.52326202392578,38.74861145019531,139.83554077148438,107.47958374023438
2024-11-25,64.06839752197266,146.48802185058594,324.29595947265625,193.2746124267578,97.91356658935547,238.00437927246094,176.09519958496094,311.1457824707031,39.29833221435547,96.29832458496094,88.46348571777344,82.40564727783203,91.43981170654297,65.47602081298828,60.31029510498047,44.22718048095703,83.31005096435547,24.499643325805664,181.88992309570312,177.63031005859375,585.5020141601562,47.03523635864258,61.36488342285156,117.18141174316406,291.6669006347656,43.05938720703125,45.982933044433594,95.40656280517578,45.12778091430664,49.714637756347656,140.14573669433594,115.60030364990234,78.5090560913086,42.07891845703125,38.81997299194336,141.02867126464844,108.57853698730469
2024-11-26,63.740657806396484,145.9911651611328,325.6705322265625,193.22605895996094,98.82240295410156,236.25665283203125,174.5415496826172,309.34552001953125,39.05649948120117,96.27925109863281,88.80290985107422,82.66194915771484,91.9652099609375,66.06307220458984,60.567623138427734,43.960174560546875,82.47106170654297,24.537118911743164,181.90933227539062,177.5522918701172,588.55908203125,46.751548767089844,61.00706100463867,117.25882720947266,292.7339172363281,42.83191680908203,45.63949203491211,95.75926208496094,45.06624984741211,49.8120002746582,140.31173706054688,116.1793212890625,78.83343505859375,42.286109924316406,39.43843078613281,141.78526306152344,108.97276306152344
2024-11-27,63.56273651123047,146.28343200683594,324.61016845703125,193.42018127441406,98.1693344116211,236.58065795898438,174.9202423095703,309.6522216796875,39.03789520263672,96.41283416748047,89.32659912109375,81.75509643554688,92.299560546875,66.26192474365234,60.863075256347656,45.047264099121094,82.57713317871094,24.752601623535156,181.73446655273438,177.4645233154297,586.7758178710938,46.997413635253906,61.50612258911133,117.11368560791016,291.9018859863281,42.9930419921875,45.61530685424805,95.88663482666016,45.018924713134766,49.909366607666016,139.7942657470703,114.6055908203125,78.99563598632812,42.578067779541016,39.43843078613281,142.5418701171875,108.43560791015625
2024-11-29,65.25762176513672,147.41354370117188,326.4953308105469,193.87623596191406,98.9242172241211,237.48397827148438,175.104736328125,311.93707275390625,39.279727935791016,97.05207824707031,89.65631103515625,82.6028060913086,92.83451843261719,66.5649185180664,61.14900207519531,45.1235466003418,83.23289489746094,24.64954376220703,182.2882537841797,178.83978271484375,590.4208374023438,47.56479263305664,62.14641571044922,117.9942398071289,293.52679443359375,43.19208908081055,45.847496032714844,96.40589141845703,45.21297073364258,49.98726272583008,140.5851287841797,115.66959381103516,79.39633178710938,42.38029098510742,39.452701568603516,142.98806762695312,109.54935455322266
2024-12-02,66.0535659790039,147.25767517089844,326.9666442871094,192.73117065429688,99.78338623046875,237.3661651611328,175.20184326171875,311.0765686035156,38.8797721862793,96.75630950927734,89.53994750976562,83.5885238647461,93.77070617675781,65.49494934082031,61.053688049316406,45.18075942993164,83.22325897216797,24.30289649963379,181.8315887451172,180.76119995117188,591.4791870117188,47.61206817626953,62.15583038330078,118.24581909179688,294.0848083496094,43.41007995605469,45.818477630615234,97.19947052001953,44.73494338989258,49.49070358276367,139.55018615722656,116.76823425292969,79.30091857910156,41.73987579345703,38.605899810791016,142.73585510253906,110.50537109375
2024-12-03,66.99932861328125,147.5596923828125,327.1236877441406,191.75108337402344,100.36941528320312,235.67735290527344,173.5899658203125,309.3158874511719,39.03789520263672,96.27925109863281,89.54964447021484,83.93351745605469,94.67821502685547,65.02152252197266,60.90120315551758,45.35240936279297,83.46434783935547,24.218578338623047,181.0252227783203,180.6051483154297,591.7535400390625,47.8106575012207,62.372398376464844,118.4393539428711,294.0848083496094,43.590171813964844,45.67335510253906,97.98326873779297,44.730224609375,49.12070846557617,138.6714630126953,117.18889617919922,78.89068603515625,41.49501419067383,38.27288055419922,142.415771484375,110.4216079711914
2024-12-04,66.62476348876953,148.1442413330078,329.5292053222656,191.52789306640625,101.79474639892578,236.52175903320312,173.81326293945312,311.4226989746094,38.28448486328125,96.0693359375,89.29750061035156,85.1755142211914,94.87882995605469,64.83214569091797,60.653404235839844,44.90422439575195,82.962890625,24.124889373779297,181.03494262695312,181.62925720214844,595.427978515625,47.820106506347656,62.57956314086914,118.92317199707031,296.0621337890625,43.65651321411133,45.228328704833984,98.20858764648438,43.651126861572266,48.93571090698242,139.27682495117188,119.33174896240234,78.67125701904297,41.381996154785156,38.268123626708984,142.33815002441406,111.44661712646484
2024-12-05,66.50302124023438,147.31614685058594,328.78302001953125,190.77098083496094,101.732666015625,233.7626953125,172.0557098388672,307.02099609375,38.489112854003906,96.58456420898438,88.64775085449219,85.04737091064453,94.70687866210938,65.22035217285156,61.034629821777344,45.1902961730957,82.364990234375,24.040569305419922,180.13133239746094,182.88746643066406,594.4480590820312,48.037593841552734,63.201019287109375,118.94251251220703,295.23980712890625,43.94086456298828,44.633338928222656,97.98326873779297,43.821502685546875,49.08176040649414,137.5877227783203,118.72798919677734,78.986083984375,41.278404235839844,38.38705825805664,140.7473602294922,112.35830688476562
2024-12-06,66.55921936035156,146.8387451171875,329.6175537109375,190.1208038330078,102.4999771118164,234.59727478027344,172.14309692382812,309.61260986328125,37.838016510009766,96.3746566772461,88.43439483642578,85.31351470947266,95.7958984375,64.50074768066406,60.77730178833008,45.59080505371094,81.98888397216797,24.049938201904297,179.92733764648438,186.1646270751953,595.5750122070312,47.971405029296875,63.257511138916016,119.08767700195312,296.0621337890625,43.95981979370117,44.459205627441406,98.88461303710938,43.07844924926758,49.07202911376953,137.23622131347656,119.18822479248047,78.59492492675781,41.22188949584961,37.911319732666016,139.9519500732422,114.7237319946289
2024-12-09,65.97864532470703,145.87425231933594,327.4771728515625,188.93692016601562,101.83200073242188,233.4190673828125,172.0460205078125,306.5264587402344,37.94033432006836,95.66861724853516,88.5798568725586,85.03752136230469,94.69732666015625,63.81898498535156,60.5771598815918,49.12859344482422,82.57713317871094,24.068674087524414,179.1888885498047,187.27650451660156,592.5079345703125,47.85792922973633,63.153934478759766,118.84576416015625,294.1728515625,45.030853271484375,44.449527740478516,96.7781982421875,43.0074577331543,48.400211334228516,136.04507446289062,118.41126251220703,78.47090911865234,41.30665588378906,37.435585021972656,140.35939025878906,114.35904693603516
2024-12-10,65.62281036376953,145.1922607421875,326.33819580078125,188.0635528564453,101.55638122558594,232.40773010253906,171.63815307617188,304.44927978515625,37.67059326171875,95.3060531616211,87.93010711669922,84.18980407714844,95.88187408447266,63.32662582397461,60.720115661621094,46.90674591064453,82.1239013671875,23.731393814086914,178.09104919433594,186.2036590576172,590.6658935546875,47.508052825927734,62.65488815307617,118.09100341796875,293.0667419433594,44.196781158447266,43.99483108520508,98.29678344726562,42.71402359008789,48.390472412109375,135.71311950683594,116.76823425292969,78.84297180175781,40.63798904418945,37.16442108154297,139.77735900878906,114.54633331298828
2024-12-11,66.54985809326172,145.2799530029297,328.9302978515625,187.67538452148438,103.25981140136719,233.4583282470703,172.35675048828125,306.1506042480469,37.75430679321289,95.56365966796875,87.23186492919922,85.1755142211914,97.88797760009766,62.92893600463867,60.377010345458984,46.572994232177734,82.249267578125,23.722023010253906,178.25621032714844,188.35914611816406,595.2320556640625,47.848472595214844,62.9373664855957,118.99090576171875,295.42584228515625,44.27259826660156,43.84003448486328,99.90354919433594,42.78501892089844,48.48783874511719,135.40065002441406,118.46074676513672,78.24193572998047,40.53439712524414,36.93130111694336,137.87615966796875,116.55695343017578
2024-12-12,65.89437866210938,144.14984130859375,327.1236877441406,186.86997985839844,102.62164306640625,230.42434692382812,170.2884521484375,301.60052490234375,37.372947692871094,94.83853912353516,86.41724395751953,84.86993408203125,97.38167572021484,62.77743911743164,60.49138259887695,46.58252716064453,81.08241271972656,23.590858459472656,177.60523986816406,187.198486328125,592.1651000976562,47.3851203918457,62.438316345214844,118.1877670288086,293.74212646484375,44.00720977783203,43.5352897644043,100.0896987915039,42.43952178955078,48.27363204956055,134.53173828125,117.797607421875,78.47090911865234,40.50613784790039,36.91227340698242,136.78001403808594,115.591064453125
2024-12-13,65.1171646118164,143.53607177734375,326.9862365722656,186.34593200683594,102.8128433227539,228.84356689453125,169.16207885742188,299.8299255371094,37.20552444458008,94.84809112548828,86.24268341064453,85.6092300415039,96.23532104492188,62.72062301635742,60.42466735839844,45.98177719116211,80.25306701660156,23.56275177001953,176.98341369628906,186.95465087890625,592.0475463867188,47.26218795776367,62.438316345214844,118.05229187011719,293.59527587890625,44.02616500854492,43.162818908691406,98.89441680908203,42.22654342651367,48.23469161987305,134.18023681640625,118.30238342285156,78.27056121826172,40.33662033081055,36.936065673828125,136.76065063476562,116.04936981201172
2024-12-16,64.78006744384766,143.44837951660156,328.3804626464844,185.42408752441406,104.02959442138672,230.18873596191406,169.5019073486328,302.9358825683594,36.433502197265625,94.84809112548828,85.5153579711914,86.5850830078125,96.76073455810547,62.29453659057617,60.11015319824219,45.2856559753418,79.3851547241211,23.459697723388672,176.40048217773438,186.96441650390625,594.5755004882812,47.063602447509766,62.29707336425781,118.20711517333984,294.78955078125,43.79868698120117,42.78067398071289,99.2765121459961,41.29890441894531,48.147064208984375,134.2974090576172,119.48516845703125,77.86030578613281,40.12942886352539,36.641109466552734,135.1310272216797,117.62139129638672
2024-12-17,64.55561065673828,142.41793823242188,326.7604064941406,184.1267852783203,103.67314147949219,227.55343627929688,167.216552734375,299.4808349609375,36.17208480834961,94.14783477783203,85.73704528808594,86.2699203491211,96.58346557617188,62.0255241394043,59.97102355957031,45.889156341552734,79.11649322509766,23.433977127075195,175.01112365722656,188.09844970703125,592.1257934570312,46.950130462646484,62.014591217041016,117.713623046875,293.3310546875,43.694427490234375,42.54365158081055,98.53192138671875,40.991268157958984,47.80628204345703,133.0672149658203,118.76261901855469,77.72674560546875,39.95048904418945,36.488868713378906,135.0340576171875,117.99100494384766
2024-12-18,62.93886947631836,138.9471893310547,316.68548583984375,179.25953674316406,100.15839385986328,217.4791259765625,159.84912109375,286.8556213378906,35.26896667480469,91.5339584350586,84.2916488647461,83.56287384033203,93.85696411132812,60.64205551147461,58.93720626831055,45.08254623413086,76.54759216308594,22.567110061645508,169.83258056640625,181.47430419921875,574.4783935546875,45.78701400756836,60.57392501831055,114.23979187011719,284.2568054199219,42.68026351928711,41.33434295654297,95.7200698852539,39.7796516418457,46.37501525878906,129.30824279785156,114.93221282958984,76.54371643066406,38.387123107910156,35.62779235839844,133.20074462890625,112.67369079589844
2024-12-19,63.138587951660156,138.3785400390625,316.4589538574219,178.72305297851562,100.16832733154297,216.51405334472656,158.7561798095703,285.7539367675781,35.126373291015625,91.50502014160156,83.6568603515625,83.53323364257812,93.72209167480469,60.747737884521484,58.69565963745117,45.40325164794922,76.08674621582031,22.31943130493164,169.26905822753906,181.13182067871094,574.3019409179688,45.67354202270508,60.395015716552734,114.2204360961914,283.85546875,42.8603515625,40.88930892944336,95.4555435180664,39.43415069580078,46.540531158447266,129.14227294921875,115.05593872070312,75.9999008178711,37.72787857055664,35.78954315185547,132.1919403076172,112.52091979980469
2024-12-20,62.967403411865234,139.36878967285156,320.02410888671875,180.9762420654297,101.24958801269531,218.54269409179688,160.14186096191406,288.6819152832031,35.373538970947266,92.2187728881836,83.8619384765625,84.58048248291016,94.07855987548828,61.564369201660156,58.753631591796875,45.77253723144531,76.63583374023438,22.690948486328125,171.6397247314453,181.78738403320312,581.199951171875,45.6572265625,60.251216888427734,115.1436538696289,287.0857238769531,43.09914779663086,41.397220611572266,95.97481536865234,39.822242736816406,47.2318229675293,130.65562438964844,116.773193359375,76.26704406738281,38.41537857055664,36.36042404174805,133.8603515625,112.80674743652344
2024-12-23,63.23369216918945,139.50604248046875,322.0528259277344,181.25909423828125,102.27371215820312,218.04046630859375,159.8979034423828,287.64971923828125,35.592185974121094,92.77820587158203,84.71160125732422,85.66725158691406,94.75296020507812,61.785335540771484,58.415462493896484,45.95718002319336,76.90055847167969,22.767154693603516,171.87371826171875,182.44296264648438,584.6802978515625,45.92597198486328,60.536903381347656,115.7773208618164,288.7169189453125,43.283573150634766,41.365135192871094,96.49933624267578,40.05610275268555,47.345252990722656,130.62615966796875,118.01043701171875,75.86521911621094,38.59053039550781,36.48418045043945,135.1972198486328,113.1489028930664
2024-12-24,63.19564437866211,140.08450317382812,325.5096130371094,182.75148010253906,103.58863830566406,219.99032592773438,161.33238220214844,290.5081787109375,35.79182434082031,93.47266387939453,84.89715576171875,86.51690673828125,95.46588897705078,62.07356262207031,58.88889694213867,46.3653450012207,77.1849136352539,22.95767593383789,173.17047119140625,184.93801879882812,591.1790771484375,46.10832977294922,60.870201110839844,116.69371032714844,291.7808837890625,43.45830535888672,41.58879852294922,97.41287231445312,40.39495849609375,47.90259552001953,131.64666748046875,119.2298583984375,76.36508178710938,38.8475456237793,36.685646057128906,135.75262451171875,115.76569366455078
2024-12-26,63.92794418334961,140.6923828125,325.5391845703125,183.06358337402344,103.43452453613281,222.24546813964844,162.6790008544922,293.9622802734375,35.7633056640625,93.82953643798828,85.10224151611328,86.4576416015625,95.20576477050781,62.0927734375,59.043487548828125,46.48196792602539,77.32218170166016,23.02435874938965,173.45321655273438,185.95562744140625,591.2183837890625,46.290687561035156,61.03208923339844,116.83019256591797,291.94781494140625,43.35152816772461,41.52558898925781,97.28517150878906,40.361549377441406,48.019935607910156,131.7447967529297,119.30916595458984,76.60541534423828,38.90465545654297,36.599308013916016,136.02545166015625,115.33615112304688
2024-12-27,64.41297149658203,139.98646545410156,322.1119384765625,181.92236328125,101.93565368652344,219.0055389404297,160.4248504638672,288.771240234375,35.8298454284668,93.2894058227539,84.77996063232422,85.47953796386719,94.39649200439453,61.91984176635742,58.74396514892578,46.132110595703125,76.93978118896484,22.795732498168945,172.27349853515625,183.85194396972656,584.9949951171875,46.175514221191406,60.832115173339844,115.91381072998047,288.7856750488281,43.19621276855469,41.301918029785156,96.42076873779297,40.356773376464844,47.667930603027344,130.76353454589844,117.72293090820312,76.23050689697266,38.59053039550781,36.493778228759766,135.39208984375,113.43032836914062
2024-12-30,63.870880126953125,138.5255889892578,318.4877014160156,180.1081085205078,100.72016143798828,217.32154846191406,159.7417755126953,286.1806640625,35.8298454284668,92.749267578125,83.7545166015625,84.49156188964844,93.73172760009766,61.77573776245117,58.11595153808594,45.626766204833984,76.28285217285156,22.690948486328125,170.53799438476562,181.10247802734375,578.3192138671875,45.887577056884766,60.43215560913086,114.79268646240234,285.5940856933594,42.8176383972168,40.74759292602539,95.40901947021484,40.35200881958008,47.20835494995117,129.4486541748047,116.22594451904297,75.33650207519531,38.409664154052734,36.34027862548828,133.7258758544922,111.60845184326172
2024-12-31,63.813819885253906,138.46678161621094,317.2763671875,180.57632446289062,99.82032775878906,217.59730529785156,160.20040893554688,285.6745300292969,36.2956657409668,92.65280151367188,83.95960235595703,83.73081970214844,93.1343994140625,61.631622314453125,58.25121307373047,45.539302825927734,76.18479919433594,22.83383560180664,170.8499755859375,180.37843322753906,576.2152709960938,45.89717102050781,60.441680908203125,114.52947235107422,284.6022033691406,42.74968719482422,40.91291046142578,95.09468078613281,40.88175964355469,47.25725173950195,129.29165649414062,115.25932312011719,75.56720733642578,38.71427917480469,36.30670166015625,134.04742431640625,110.76911163330078
2025-01-02,63.72822952270508,138.10401916503906,316.67559814453125,180.21542358398438,99.5941390991211,217.77455139160156,159.9564666748047,286.64715576171875,36.675926208496094,92.22842407226562,83.99866485595703,83.49371337890625,93.49087524414062,62.06395721435547,58.00967025756836,44.72298049926758,76.04753112792969,22.67189598083496,170.35272216796875,178.5780487060547,574.7994995117188,45.80119323730469,60.1750373840332,114.29549407958984,284.0621337890625,42.633209228515625,40.46070098876953,95.55635070800781,41.35901641845703,47.13991165161133,128.84027099609375,114.98670196533203,75.33650207519531,38.3525505065918,36.58490753173828,134.08641052246094,109.31259155273438
2025-01-03,63.98500061035156,139.1432647705078,320.7922668457031,181.92236328125,101.21977233886719,221.01451110839844,161.70318603515625,292.5826110839844,36.999141693115234,92.97110748291016,84.62370300292969,85.04483795166016,94.13636779785156,62.477073669433594,57.99034881591797,45.08254623413086,76.00830078125,22.95767593383789,171.91273498535156,181.44493103027344,581.9863891601562,46.0699348449707,60.42263412475586,115.47510528564453,287.7938232421875,42.84675598144531,40.45098114013672,96.1457290649414,41.74559020996094,47.511478424072266,130.23367309570312,116.86042785644531,75.29804992675781,38.876102447509766,36.97344970703125,135.40184020996094,111.52452087402344
2025-01-06,64.12765502929688,139.50604248046875,322.65362548828125,181.717529296875,102.40046691894531,221.10313415527344,161.3031005859375,292.9697570800781,37.08470153808594,93.15436553955078,84.66277313232422,86.56632232666016,95.11905670166016,62.0927734375,57.6038703918457,44.33424758911133,76.43972778320312,22.73857879638672,171.79571533203125,181.66998291015625,585.3389892578125,46.52104187011719,61.24159622192383,116.18677520751953,289.40435791015625,42.83705139160156,40.7232780456543,97.18693542480469,41.554683685302734,47.36480712890625,129.9490966796875,118.34751892089844,74.50979614257812,38.3430290222168,36.56093215942383,135.46031188964844,111.96395111083984
2025-01-07,63.975486755371094,139.35897827148438,319.07861328125,181.44442749023438,100.36967468261719,219.33053588867188,160.2394561767578,290.8357238769531,37.464962005615234,93.11579132080078,85.15107727050781,84.63976287841797,94.09781646728516,61.910240173339844,57.55556106567383,43.9649658203125,76.19461059570312,22.624267578125,171.22047424316406,179.96746826171875,578.722412109375,46.36747360229492,61.24159622192383,115.04617309570312,286.1734619140625,42.56525802612305,40.69896697998047,96.10643005371094,41.969905853271484,47.25725173950195,129.821533203125,115.97313690185547,74.25023651123047,38.05746078491211,36.46978759765625,136.13262939453125,109.79645538330078
2025-01-08,63.813819885253906,139.57467651367188,319.4134216308594,181.6492462158203,100.51631927490234,218.33590698242188,159.63441467285156,289.0789794921875,37.38890838623047,93.27011108398438,85.54171752929688,84.72867584228516,93.53903198242188,61.71808624267578,57.565223693847656,43.6636962890625,76.57699584960938,22.595685958862305,171.42523193359375,179.69349670410156,579.56787109375,46.30988693237305,61.00352478027344,115.08516693115234,286.4386291503906,42.293460845947266,40.92264175415039,95.5367202758789,42.01285171508789,47.413700103759766,130.331787109375,115.93347930908203,74.38481140136719,38.21928405761719,36.46019744873047,136.8341827392578,110.10749816894531
2025-01-10,62.04490280151367,137.35891723632812,314.6665344238281,179.05470275878906,98.96773529052734,213.5301513671875,156.0824432373047,282.7166748046875,37.398414611816406,91.09991455078125,85.09246826171875,82.86141204833984,92.73939514160156,60.91106414794922,56.676334381103516,42.47808074951172,75.88085174560547,22.138439178466797,168.91946411132812,177.10060119628906,570.7194213867188,45.61883544921875,60.37501525878906,113.24263000488281,282.1373291015625,41.55573272705078,40.50446701049805,94.11239624023438,42.18466567993164,46.26967239379883,128.8697052001953,113.4054183959961,73.38507080078125,37.29593276977539,36.25393295288086,136.0644073486328,109.0262222290039
2025-01-13,62.216094970703125,138.0059814453125,315.3067321777344,180.6641082763672,98.599853515625,213.94375610351562,156.86309814453125,282.2502136230469,37.88323974609375,91.38927459716797,85.7272720336914,81.91295623779297,92.46000671386719,60.430694580078125,56.676334381103516,42.63357162475586,76.77310943603516,22.309906005859375,170.30398559570312,177.3647918701172,571.604248046875,45.49406051635742,60.06076431274414,113.2816162109375,282.5988464355469,41.25481033325195,41.408897399902344,94.15169525146484,43.072364807128906,46.60211944580078,130.380859375,112.6023941040039,73.51004028320312,37.77188491821289,35.83182144165039,137.8378448486328,109.6434097290039
2025-01-14,62.09246063232422,139.09425354003906,315.99603271484375,182.2247772216797,98.25931549072266,216.3761749267578,159.2636260986328,284.5628662109375,38.21596908569336,92.45026397705078,84.85808563232422,82.0216293334961,91.98792266845703,61.07439041137695,56.628028869628906,43.5665168762207,77.52809143066406,22.471847534179688,171.67874145507812,177.67787170410156,572.3908081054688,45.66682434082031,60.33692169189453,113.67156982421875,283.2371826171875,41.74987030029297,41.924312591552734,93.83736419677734,43.535301208496094,47.17902374267578,131.9214324951172,112.89981079101562,73.52926635742188,38.09553909301758,36.30190658569336,136.41519165039062,109.43107604980469
2025-01-15,63.02446746826172,140.54531860351562,321.6982727050781,184.31210327148438,100.64556884765625,220.6304168701172,162.3569793701172,290.42877197265625,38.71030807495117,94.59151458740234,85.33663177490234,83.77033996582031,94.07855987548828,61.91984176635742,56.589378356933594,44.03298568725586,78.24384307861328,22.557584762573242,173.32650756835938,180.8578643798828,582.8025512695312,46.23310089111328,61.117801666259766,115.4068603515625,288.43212890625,42.186683654785156,42.323036193847656,95.3795394897461,44.179595947265625,48.38172149658203,132.75550842285156,115.14531707763672,73.27934265136719,38.257354736328125,36.834346771240234,136.97061157226562,112.21574401855469
2025-01-16,62.625030517578125,141.37867736816406,321.28466796875,185.45333862304688,99.93714904785156,221.07359313964844,162.26913452148438,291.22283935546875,38.7673454284668,95.27632904052734,85.7956314086914,83.0787582397461,93.519775390625,63.11116409301758,57.03382110595703,44.00382995605469,78.54780578613281,22.910045623779297,174.6914825439453,181.33731079101562,581.681640625,46.38666915893555,61.64155960083008,115.51409912109375,288.216064453125,42.16727066040039,42.67314147949219,94.83929443359375,44.499359130859375,48.70439910888672,134.3647918701172,114.25801849365234,73.82727813720703,39.114078521728516,37.764915466308594,137.5162811279297,111.60845184326172
2025-01-17,62.93886947631836,142.60421752929688,324.39678955078125,186.77012634277344,101.16259002685547,222.02882385253906,162.91317749023438,292.4635009765625,39.09056091308594,95.67179870605469,85.03388214111328,84.27421569824219,94.23270416259766,63.303314208984375,57.449283599853516,44.90761947631836,79.24395751953125,22.881467819213867,175.53973388671875,183.25506591796875,587.521728515625,46.61701583862305,61.96533966064453,116.47924041748047,290.8774108886719,42.516719818115234,42.95030212402344,95.66439819335938,44.84298324584961,49.11507797241211,135.16943359375,116.04749298095703,74.25023651123047,39.10456466674805,37.81767654418945,136.59060668945312,113.17359924316406
2025-01-21,64.03255462646484,145.7220001220703,327.47930908203125,189.01356506347656,101.85362243652344,226.2929229736328,165.30393981933594,299.5304260253906,38.97648620605469,97.06070709228516,86.67459106445312,84.94602966308594,95.02271270751953,64.19680786132812,57.932373046875,45.19916534423828,80.51861572265625,23.30061149597168,177.57749938964844,185.64251708984375,592.899658203125,47.51921844482422,63.39377212524414,117.892822265625,293.76458740234375,42.91470718383789,43.499755859375,96.52881622314453,44.61389923095703,49.5257568359375,137.94642639160156,117.01409912109375,74.59630584716797,39.8184928894043,38.398094177246094,138.85118103027344,114.0030517578125
2025-01-22,63.956478118896484,145.56512451171875,329.2618713378906,187.91136169433594,103.30774688720703,224.81573486328125,163.70359802246094,298.7364196777344,38.444122314453125,96.51093292236328,86.4402084350586,86.55642700195312,95.87052917480469,62.890193939208984,57.59421157836914,45.00480651855469,79.77342987060547,22.92909812927246,176.9534912109375,185.15328979492188,596.2326049804688,47.41364669799805,63.25091552734375,118.19503784179688,295.19830322265625,42.875885009765625,43.149658203125,97.49144744873047,43.80256652832031,49.29107666015625,137.6226043701172,119.6561508178711,74.23101806640625,39.12360382080078,37.56825256347656,138.53936767578125,113.5735092163086
2025-01-23,64.4985580444336,147.40835571289062,330.9164123535156,189.1793670654297,103.71788787841797,225.83993530273438,164.13296508789062,300.6619873046875,38.61524200439453,97.21504211425781,87.56331634521484,86.64533996582031,96.35224151611328,63.22644805908203,57.932373046875,44.946495056152344,80.17543029785156,23.110092163085938,177.79202270507812,186.4937744140625,599.4868774414062,47.73997116088867,63.879432678222656,118.82872009277344,296.7499084472656,43.040897369384766,43.38792037963867,97.74684143066406,44.003013610839844,49.57464599609375,139.0159912109375,119.86930847167969,74.50017547607422,39.4377326965332,37.7457275390625,140.3907470703125,114.2597885131836
2025-01-24,65.12622833251953,147.17303466796875,330.08917236328125,189.0233154296875,103.27792358398438,225.20965576171875,164.21102905273438,298.4882507324219,38.273006439208984,97.59120178222656,88.03208923339844,85.95376586914062,97.42164611816406,63.69721984863281,58.347835540771484,46.05436706542969,80.52841186523438,23.214879989624023,177.63600158691406,186.40570068359375,597.7369384765625,48.00871658325195,64.00322723388672,118.83846282958984,295.8857116699219,43.27387237548828,43.276084899902344,98.63088989257812,43.57825469970703,49.7213134765625,138.42727661132812,118.62014770507812,74.88469696044922,39.55195999145508,38.12947082519531,140.61485290527344,113.56363677978516
2025-01-27,64.42247009277344,145.4376678466797,325.37176513671875,189.6670684814453,100.3348617553711,223.05299377441406,164.5525665283203,292.5826110839844,38.016334533691406,98.50750732421875,89.82906341552734,81.20162200927734,97.51799011230469,62.890193939208984,59.855079650878906,46.39450454711914,80.4695816040039,23.405397415161133,177.7530059814453,187.76576232910156,589.2816162109375,47.92233657836914,64.35557556152344,117.4833755493164,291.7611999511719,42.5749626159668,43.30039978027344,99.14167785644531,43.12485885620117,50.26888656616211,136.5726318359375,112.80563354492188,76.91302490234375,39.9422492980957,37.24686813354492,143.77188110351562,114.21043395996094
2025-01-28,64.96456146240234,144.1140899658203,327.8535461425781,188.48683166503906,102.53469848632812,223.2991943359375,163.89878845214844,294.3592834472656,37.66459274291992,98.62326049804688,89.11612701416016,83.61226654052734,98.80897521972656,62.160030364990234,59.091796875,47.0359001159668,80.01854705810547,23.195825576782227,176.87548828125,187.9223175048828,594.3449096679688,47.87434005737305,64.08894348144531,118.2437744140625,294.2654113769531,42.8176383972168,43.15938186645508,99.62300109863281,42.714420318603516,50.18088150024414,135.66989135742188,115.81450653076172,75.71141052246094,39.45676803588867,36.73361587524414,142.7682647705078,114.34867858886719
2025-01-29,64.76483917236328,144.13368225097656,326.93768310546875,188.1844482421875,101.80390167236328,222.78709411621094,163.23519897460938,293.97216796875,37.693115234375,98.41105651855469,88.6375961303711,82.88116455078125,99.09800720214844,62.304141998291016,59.043487548828125,46.8901252746582,79.72439575195312,22.881467819213867,176.29049682617188,187.7755584716797,591.680419921875,47.87434005737305,64.15560150146484,117.88307189941406,293.00836181640625,42.84675598144531,43.081581115722656,100.0650405883789,42.80987548828125,50.14176559448242,135.20867919921875,114.87268829345703,75.89404296875,38.99985122680664,36.810359954833984,141.93028259277344,114.02281188964844
2025-01-30,65.7348861694336,145.8690643310547,328.68084716796875,190.0767364501953,102.09474182128906,225.05209350585938,164.94288635253906,297.4361877441406,37.96879959106445,99.17304229736328,89.89742279052734,83.28623962402344,99.87838745117188,63.45703887939453,59.7971076965332,48.036869049072266,80.70490264892578,23.233928680419922,178.1722412109375,190.20211791992188,594.8560791015625,48.39263153076172,64.77457427978516,118.87745666503906,294.8447570800781,43.5068359375,43.49003601074219,100.16326141357422,43.02941131591797,50.62089538574219,136.7198486328125,115.0858383178711,76.64386749267578,39.51388168334961,37.577842712402344,143.56724548339844,115.1386489868164
2025-01-31,64.96456146240234,144.88864135742188,327.1247863769531,188.77944946289062,101.74176788330078,223.03330993652344,163.42062377929688,294.6967468261719,37.1607551574707,98.49786376953125,89.28215026855469,82.63417053222656,100.07107543945312,63.06312561035156,59.14976501464844,47.045616149902344,79.88128662109375,23.167247772216797,176.70974731445312,188.14736938476562,591.6903076171875,47.93193054199219,64.27938842773438,118.02930450439453,293.2342834472656,43.09914779663086,43.17396926879883,100.56598663330078,41.826717376708984,50.32754898071289,135.75819396972656,114.41168212890625,75.92290496826172,39.42821502685547,37.3571891784668,143.1092987060547,114.6301040649414
2025-02-03,64.34639739990234,142.95716857910156,324.8596496582031,188.06741333007812,100.68037414550781,220.4236297607422,161.19573974609375,291.818359375,37.12272644042969,97.96736907958984,89.36028289794922,81.31029510498047,100.29264831542969,63.1976318359375,59.26570510864258,46.724918365478516,79.5086898803711,23.033884048461914,175.7445068359375,185.8186492919922,587.7085571289062,47.33686065673828,63.336631774902344,117.1031723022461,291.09344482421875,42.84675598144531,43.217735290527344,100.78208923339844,42.08921432495117,50.12221145629883,134.41384887695312,112.87006378173828,76.22089385986328,39.36157989501953,37.558658599853516,143.66470336914062,113.11433410644531
2025-02-04,64.926513671875,143.63368225097656,327.0558166503906,188.3697967529297,101.9903335571289,223.47645568847656,163.4010772705078,295.33197021484375,37.94978713989258,98.22779083251953,89.21379089355469,82.56501770019531,101.4873046875,63.04391860961914,59.159427642822266,47.90081787109375,80.18524169921875,23.071985244750977,175.95901489257812,188.3919677734375,591.6510620117188,47.91272735595703,64.13654327392578,118.19503784179688,293.2048034667969,43.53595733642578,43.34416198730469,101.685791015625,42.97214126586914,50.004878997802734,134.45310974121094,114.49595642089844,75.57683563232422,39.36157989501953,37.22768020629883,143.27491760253906,114.44742584228516
2025-02-05,65.7348861694336,144.094482421875,328.36566162109375,189.6378173828125,102.03756713867188,225.9088592529297,165.04046630859375,298.9646911621094,38.025840759277344,99.08623504638672,90.40526580810547,83.869140625,100.27339172363281,63.706825256347656,59.545902252197266,47.094207763671875,80.47938537597656,23.3863468170166,176.8170166015625,187.79510498046875,594.0499267578125,48.37343215942383,64.79363250732422,118.81895446777344,294.5600280761719,43.341819763183594,43.310115814208984,100.70350646972656,43.06281661987305,50.53289031982422,134.55123901367188,116.08714294433594,76.0478515625,39.98032760620117,37.60182571411133,144.6488494873047,113.1489028930664
2025-02-06,66.00118255615234,144.61410522460938,329.3997802734375,189.62806701660156,102.62915802001953,225.17025756835938,164.97216796875,297.2972106933594,37.60755920410156,100.06040954589844,89.63373565673828,84.3038558959961,100.7551040649414,63.322532653808594,60.028995513916016,47.7356071472168,81.34222412109375,23.46255111694336,176.58299255371094,188.36260986328125,596.1146240234375,48.574989318847656,65.15550994873047,119.20891571044922,295.28668212890625,43.5456657409668,43.460853576660156,101.1357192993164,42.27057647705078,50.95335006713867,135.1596221923828,116.4043960571289,76.39392852783203,40.09455108642578,37.558658599853516,143.35289001464844,113.59819793701172
2025-02-07,65.12622833251953,143.7023162841797,326.5338439941406,188.49659729003906,101.4434814453125,222.56060791015625,163.04981994628906,293.9920349121094,37.6170654296875,99.481689453125,89.12590026855469,83.51346588134766,99.98435974121094,63.17842102050781,59.74879837036133,48.32841491699219,80.58724212646484,23.376821517944336,175.71522521972656,185.64251708984375,590.6580200195312,48.19107437133789,64.5174560546875,118.2437744140625,292.64508056640625,43.56508255004883,42.93084716796875,100.91960906982422,42.26579666137695,50.66978073120117,134.75730895996094,115.40803527832031,76.278564453125,39.95176696777344,37.481903076171875,142.68055725097656,111.37640380859375
2025-02-10,65.38301086425781,145.12393188476562,328.6512451171875,188.92576599121094,102.47504425048828,223.56507873535156,163.56700134277344,295.3518371582031,38.273006439208984,99.11517333984375,89.11612701416016,84.83735656738281,100.6298599243164,63.658790588378906,60.048316955566406,49.57233428955078,81.13632202148438,23.4149227142334,176.2124786376953,187.2765350341797,594.6693115234375,48.49820327758789,64.99361419677734,119.02368927001953,294.52069091796875,44.00189971923828,43.149658203125,101.37145233154297,43.196449279785156,50.26888656616211,135.96424865722656,117.09339904785156,76.7496109008789,40.008880615234375,37.88962936401367,142.55389404296875,111.75658416748047
2025-02-11,65.37349700927734,145.6729736328125,328.5331115722656,189.33543395996094,102.17427062988281,222.26515197753906,163.85972595214844,291.5503234863281,38.62474822998047,99.3563003540039,89.04776763916016,85.06459045410156,100.7551040649414,63.91818618774414,60.47343826293945,49.11558532714844,81.04808044433594,23.46255111694336,176.2319793701172,186.1610870361328,595.12158203125,48.69016647338867,65.53640747070312,119.09192657470703,294.3636169433594,43.817466735839844,43.40251159667969,101.5384521484375,43.54484939575195,50.39600372314453,136.0133056640625,117.14793395996094,77.48980712890625,40.227821350097656,38.08150100708008,142.29078674316406,110.4876708984375
2025-02-12,64.68875122070312,145.01608276367188,327.3906555175781,188.3990478515625,102.0673828125,220.216796875,161.8300323486328,289.952392578125,37.93077850341797,99.29841613769531,88.90127563476562,85.02507019042969,101.1404800415039,63.7452507019043,60.57971954345703,50.40810012817383,81.03826904296875,23.32918930053711,175.20823669433594,186.94386291503906,593.2044067382812,48.78614044189453,66.00303649902344,118.97494506835938,293.3913879394531,44.0310173034668,43.09130859375,101.64649963378906,42.49488067626953,50.21999740600586,135.16943359375,116.89513397216797,77.43212890625,39.885135650634766,38.014347076416016,142.08619689941406,110.46794128417969
2025-02-13,65.86803436279297,145.9671173095703,330.9164123535156,189.87193298339844,103.34503936767578,222.698486328125,163.4499053955078,293.46600341796875,38.17794418334961,100.14720916748047,89.35051727294922,86.27980041503906,102.11353302001953,64.01426696777344,61.22705841064453,50.3886604309082,82.69530487060547,23.63401985168457,176.72923278808594,189.95750427246094,599.4672241210938,49.41960144042969,66.72676849365234,120.26179504394531,296.455322265625,44.263980865478516,43.84013748168945,102.81541442871094,42.81464385986328,50.55244827270508,135.3068084716797,118.55075073242188,78.26844024658203,40.19926452636719,38.10069274902344,142.6416015625,112.12687683105469
2025-02-14,65.97264862060547,146.3102569580078,330.9361267089844,189.6963348388672,103.49665832519531,222.53106689453125,163.43035888671875,293.3667297363281,38.26350402832031,100.49444580078125,88.46179962158203,86.69474792480469,103.01915740966797,63.8797492980957,60.74396896362305,51.95328903198242,82.53843688964844,23.538761138916016,176.5537567138672,191.19036865234375,599.4376831054688,49.438804626464844,66.8505630493164,120.38851928710938,296.4160461425781,44.53578186035156,43.689388275146484,103.44407653808594,42.986454010009766,50.65022659301758,134.9731903076172,118.9522705078125,77.48980712890625,40.037437438964844,37.94239807128906,141.09228515625,112.07749938964844
2025-02-18,66.6668930053711,147.81033325195312,331.80279541015625,190.80828857421875,103.48672485351562,223.752197265625,164.10369873046875,295.09375,38.62474822998047,101.28536224365234,88.59852600097656,87.3369369506836,102.3929214477539,64.17759704589844,60.71498489379883,52.468353271484375,82.98946380615234,23.653074264526367,177.9089813232422,190.66200256347656,601.197509765625,49.77473068237305,67.31719207763672,120.85647583007812,297.2507629394531,44.749332427978516,44.24371337890625,102.96276092529297,43.573482513427734,51.01200866699219,136.03294372558594,120.037841796875,77.7685775756836,40.18022537231445,38.297359466552734,140.8194580078125,111.76644897460938
2025-02-19,66.21040344238281,146.9475555419922,332.4232177734375,191.38380432128906,103.52401733398438,222.98406982421875,163.27426147460938,294.40887451171875,38.71030807495117,100.75486755371094,89.24308776855469,87.28752899169922,102.17134094238281,64.47541809082031,60.91788101196289,52.21567916870117,81.75403594970703,23.605443954467773,178.26976013183594,189.16494750976562,602.6134033203125,49.34281921386719,66.46013641357422,120.7102279663086,297.6730651855469,44.62314224243164,43.72343063354492,103.08062744140625,43.9171028137207,51.03157043457031,136.1703338623047,120.0477523803711,78.39341735839844,40.256378173828125,38.49882125854492,142.6513214111328,111.7022705078125
2025-02-20,66.29598999023438,146.82008361816406,330.6800231933594,190.49618530273438,102.9771499633789,220.84707641601562,161.9080810546875,291.57025146484375,39.062042236328125,100.09898376464844,89.71186065673828,87.12945556640625,101.92085266113281,64.72521209716797,60.6473503112793,53.18749237060547,82.31291198730469,23.72928237915039,177.8212432861328,189.6737518310547,600.1062622070312,49.53478240966797,66.86961364746094,120.54452514648438,296.0723571777344,45.098793029785156,43.62131881713867,102.59931182861328,44.31800079345703,50.24932861328125,135.27737426757812,119.66606903076172,78.08580017089844,40.532432556152344,38.494022369384766,143.4503173828125,110.73948669433594
2025-02-21,65.70635223388672,144.2709503173828,324.73162841796875,187.90159606933594,100.64061737060547,214.48541259765625,158.30731201171875,281.07904052734375,38.33955764770508,98.92225646972656,89.60443878173828,85.0843505859375,100.91888427734375,64.72521209716797,61.159427642822266,54.198184967041016,81.3520278930664,23.51970863342285,175.32522583007812,187.03192138671875,589.8419799804688,49.179656982421875,66.59346008300781,118.84821319580078,290.6024169921875,45.04054641723633,42.823875427246094,101.19465637207031,43.39689636230469,49.623531341552734,132.31394958496094,116.42420959472656,78.9990234375,40.19926452636719,38.50361633300781,142.68055725097656,107.82646179199219
2025-02-24,65.41154479980469,143.67288208007812,323.0771179199219,188.1259307861328,99.61153411865234,212.9392852783203,157.47789001464844,278.4090881347656,38.273006439208984,99.09587097167969,90.15133666992188,83.869140625,100.01326751708984,64.82128143310547,61.458946228027344,52.079620361328125,81.08729553222656,23.557815551757812,175.47149658203125,184.9771728515625,587.1580200195312,49.13166809082031,66.59346008300781,118.26326751708984,289.1195983886719,44.35134506225586,42.775245666503906,101.39111328125,43.40644454956055,49.83864974975586,131.71536254882812,114.75867462158203,79.23934173583984,40.380126953125,38.311744689941406,143.840087890625,107.42159271240234
2025-02-25,66.0677490234375,144.54547119140625,321.5111999511719,188.36004638671875,98.6122817993164,212.13177490234375,157.6437530517578,276.1361083984375,37.88323974609375,99.67459106445312,91.0400619506836,82.94044494628906,99.39667510986328,64.86931610107422,62.35749816894531,52.536376953125,81.49910736083984,23.75786018371582,175.64700317382812,185.55445861816406,584.2378540039062,49.486793518066406,67.34575653076172,118.12679290771484,287.685791015625,44.331932067871094,43.10589599609375,99.88821411132812,42.7812385559082,49.82887268066406,132.3924560546875,113.2715835571289,80.36406707763672,40.80848693847656,38.119873046875,145.07757568359375,106.85872650146484
2025-02-26,66.10578918457031,144.50624084472656,321.4520568847656,187.67726135253906,98.97271728515625,212.3976593017578,157.38027954101562,277.2179870605469,37.78818130493164,99.66495513916016,90.4833984375,83.71106719970703,99.30996704101562,64.9173583984375,61.48793029785156,53.8386116027832,81.40105438232422,23.653074264526367,175.2764892578125,186.47421264648438,584.5328979492188,49.56357192993164,67.42194366455078,118.30227661132812,287.78399658203125,44.75904083251953,43.08644485473633,99.7114028930664,42.53783416748047,49.7213134765625,132.47096252441406,114.50587463378906,78.82599639892578,40.608585357666016,38.27817153930664,144.0349884033203,106.4193115234375
2025-02-27,65.62076568603516,143.8199462890625,316.51806640625,187.07249450683594,96.34534454345703,209.15774536132812,155.9068145751953,271.5207824707031,37.769161224365234,99.79033660888672,90.01461029052734,80.46063995361328,98.1731185913086,63.88936233520508,61.37199020385742,53.362422943115234,80.37152862548828,23.68165397644043,173.7457275390625,184.08677673339844,575.20263671875,48.97810363769531,66.48870849609375,116.51823425292969,283.32562255859375,43.972774505615234,42.794700622558594,98.74877166748047,42.76691818237305,49.9951057434082,132.00978088378906,110.3370590209961,78.8163833618164,40.78944396972656,37.429141998291016,143.4503173828125,104.88380432128906
2025-02-28,65.11671447753906,144.9278564453125,321.4422607421875,189.58905029296875,98.08531951904297,211.38331604003906,157.20465087890625,274.73663330078125,38.15892791748047,101.00564575195312,90.98147583007812,81.40908813476562,98.87641143798828,64.5234603881836,62.04832077026367,52.069908142089844,80.61665344238281,23.805490493774414,175.67623901367188,185.0749969482422,584.178955078125,49.01649475097656,66.8505630493164,117.54186248779297,287.6955871582031,43.41947555541992,43.15938186645508,100.1927261352539,43.43030548095703,51.021793365478516,133.7760467529297,111.7944107055664,79.86418914794922,41.07501983642578,37.99995803833008,145.1165313720703,106.62669372558594
2025-03-03,65.82048034667969,145.1043243408203,315.6809387207031,187.7260284423828,95.66423797607422,205.60269165039062,153.9063720703125,265.605224609375,37.11322021484375,100.7452163696289,91.38187408447266,78.88975524902344,98.19239044189453,64.82128143310547,62.50242614746094,51.32160568237305,80.09699249267578,23.881698608398438,173.80422973632812,182.9322052001953,573.9442138671875,49.38121032714844,67.7457275390625,116.29400634765625,282.5399169921875,43.002071380615234,42.293861389160156,99.19080352783203,41.912628173828125,50.5915641784668,131.87237548828125,108.39392852783203,80.28716278076172,41.4272346496582,38.0527229309082,145.74989318847656,104.66162109375
2025-03-04,65.27839660644531,143.26109313964844,311.8695983886719,184.06825256347656,95.04780578613281,203.27857971191406,151.6424560546875,263.68963623046875,36.761478424072266,98.32425689697266,90.91310119628906,79.00830841064453,97.60469818115234,64.24484252929688,62.009674072265625,52.08934020996094,79.76362609863281,23.70070457458496,170.99623107910156,181.3470916748047,567.1504516601562,49.24684143066406,67.85047149658203,115.44586181640625,279.0144348144531,43.37094497680664,41.7200927734375,98.40497589111328,41.50696563720703,48.81195831298828,129.3014678955078,108.30966186523438,78.92212677001953,40.951271057128906,37.433937072753906,144.39549255371094,102.8150634765625
2025-03-05,66.71443939208984,146.86911010742188,315.4445495605469,185.6483917236328,96.45470428466797,205.29739379882812,152.8719940185547,266.97491455078125,36.58085632324219,99.81927490234375,91.97761535644531,80.22351837158203,99.01129913330078,63.89897537231445,62.47344207763672,54.635501861572266,82.5678482055664,23.938854217529297,172.5854949951172,185.25112915039062,573.24609375,50.4081916809082,69.60267639160156,117.35663604736328,282.18646240234375,44.66196823120117,42.80928421020508,99.672119140625,40.90084457397461,49.095516204833984,131.34251403808594,109.83145904541016,79.24897003173828,41.332035064697266,37.17012023925781,145.8473358154297,104.38021087646484
2025-03-06,66.20088958740234,146.074951171875,309.5355224609375,183.8146514892578,93.7701644897461,202.15594482421875,151.21311950683594,261.26776123046875,36.59986877441406,98.53645324707031,91.45024108886719,77.91165924072266,97.86482238769531,62.74607467651367,62.483097076416016,54.93675994873047,82.12663269042969,23.357769012451172,170.67446899414062,181.98309326171875,563.0703125,49.937889099121094,68.84085083007812,115.61158752441406,276.9423828125,44.42900466918945,42.58561325073242,97.88436889648438,41.024932861328125,48.2839469909668,130.2140350341797,106.78291320800781,79.39315032958984,40.19926452636719,36.39783477783203,145.44786071777344,101.73379516601562
2025-03-07,66.73345947265625,147.7024688720703,311.1900939941406,185.004638671875,94.17035675048828,202.8157501220703,151.7498016357422,262.3298034667969,37.14173889160156,98.88367462158203,91.70416259765625,79.17626953125,98.36580657958984,64.09112548828125,62.5700569152832,54.90760803222656,82.87181091308594,23.491132736206055,172.27349853515625,182.41360473632812,566.2261962890625,50.465782165527344,69.84075164794922,116.34274291992188,278.24847412109375,44.613433837890625,42.70231246948242,98.51301574707031,41.726497650146484,48.02971267700195,131.73501586914062,108.3294906616211,79.6527099609375,40.42771911621094,37.074180603027344,145.45758056640625,101.5461654663086
2025-03-10,65.31643676757812,144.16310119628906,302.6711730957031,182.29302978515625,90.44927978515625,197.71456909179688,147.87579345703125,255.630126953125,37.407920837402344,96.31802368164062,90.2685317993164,75.7084732055664,95.78382873535156,64.57148742675781,62.28019714355469,53.24580383300781,81.12651062011719,23.214879989624023,169.84571838378906,176.6602783203125,551.14453125,49.30442810058594,68.09806823730469,113.37910461425781,270.6672058105469,43.613616943359375,41.812469482421875,96.05731964111328,42.03671646118164,46.95413589477539,129.67434692382812,103.72447204589844,79.47966766357422,40.037437438964844,37.481903076171875,143.8887939453125,97.92215728759766
2025-03-11,64.91700744628906,142.986572265625,300.3961486816406,180.1276397705078,90.22557067871094,197.6948699951172,147.60256958007812,256.6921691894531,37.170257568359375,95.72966003417969,89.21379089355469,75.66895294189453,95.13833618164062,64.38894653320312,61.63285827636719,54.256492614746094,80.9010009765625,23.071985244750977,167.58372497558594,175.42742919921875,546.5628662109375,49.17005920410156,67.9457015991211,112.92090606689453,268.7718811035156,43.92423629760742,41.491554260253906,94.64283752441406,41.70263671875,46.5532341003418,127.682373046875,103.3031234741211,78.31652069091797,39.61859130859375,37.131744384765625,142.32003784179688,96.96432495117188
2025-03-12,66.11529541015625,143.77093505859375,301.9324645996094,179.4448699951172,91.45349884033203,198.03956604003906,147.66111755371094,257.14874267578125,37.350887298583984,96.2794418334961,88.65711975097656,76.75572967529297,95.85126495361328,64.17759704589844,60.81159973144531,54.062129974365234,80.81275939941406,23.081512451171875,166.79397583007812,175.8970947265625,549.4632568359375,49.53478240966797,68.16471862792969,113.53508758544922,270.0976867675781,44.07954788208008,41.297054290771484,95.11433410644531,41.89353942871094,46.621681213378906,127.67257690429688,104.92902374267578,76.61502075195312,39.47581100463867,37.01662063598633,140.89743041992188,97.52717590332031
2025-03-13,65.86803436279297,142.20223999023438,297.72723388671875,178.32315063476562,89.50223541259766,195.085205078125,145.6606903076172,252.68228149414062,37.24631118774414,95.81646728515625,88.24694061279297,75.29352569580078,94.13636779785156,64.4369888305664,60.47343826293945,54.198184967041016,80.85197448730469,22.681421279907227,165.1949462890625,172.35507202148438,542.1386108398438,49.160465240478516,67.60289001464844,112.18975067138672,266.3069763183594,43.94365310668945,41.267879486083984,93.15958404541016,41.60718536376953,46.36745071411133,126.36748504638672,102.93631744384766,76.25935363769531,38.70475769042969,37.107757568359375,140.14712524414062,95.09307098388672
2025-03-14,66.90464782714844,145.30039978027344,304.1878662109375,181.5517120361328,91.77167510986328,199.80230712890625,149.05653381347656,259.2926330566406,38.16843795776367,98.0252456665039,89.07707214355469,77.4769515991211,95.75492095947266,65.41693878173828,60.608699798583984,55.753089904785156,82.24427795410156,23.052934646606445,168.34422302246094,176.0634307861328,553.3369140625,50.10105895996094,69.00273895263672,114.51972198486328,272.0125427246094,44.72992706298828,41.807613372802734,94.86875915527344,42.83850860595703,47.44303512573242,128.67344665527344,106.04928588867188,76.432373046875,39.45676803588867,37.83207702636719,141.21897888183594,97.11737823486328
2025-03-17,67.60841369628906,147.18283081054688,306.64996337890625,183.96096801757812,92.05751037597656,202.32334899902344,150.62762451171875,262.7665100097656,38.74833297729492,99.25020599365234,90.29783630371094,78.00057983398438,96.1788330078125,65.83966827392578,61.478271484375,56.997013092041016,83.23458862304688,23.433977127075195,170.61599731445312,177.54090881347656,557.6038818359375,50.696128845214844,69.71694946289062,115.66033935546875,274.2614440917969,45.34146499633789,42.332763671875,95.54653930664062,43.5209846496582,48.00038146972656,130.4495391845703,106.78787231445312,77.54747009277344,40.151668548583984,37.99036407470703,143.01187133789062,97.27043151855469
2025-03-18,67.41819763183594,146.35926818847656,303.16314697265625,183.30662536621094,90.44158935546875,200.56651306152344,149.88162231445312,259.70709228515625,38.909942626953125,99.26948547363281,90.31736755371094,76.9236831665039,94.82039642333984,65.52262115478516,60.90822219848633,56.71518325805664,83.09732055664062,23.248218536376953,169.7287139892578,175.44699096679688,551.5770874023438,50.628936767578125,69.99311065673828,114.83168029785156,271.3055419921875,45.2249755859375,42.25982666015625,94.21063995361328,43.59257125854492,47.94171142578125,129.40940856933594,105.1619873046875,76.6630859375,39.90416717529297,37.726539611816406,143.08004760742188,95.53742980957031
2025-03-19,68.18852996826172,147.9083709716797,306.59954833984375,184.61923217773438,91.83008575439453,203.6853790283203,151.7710723876953,264.71673583984375,39.40427780151367,99.86750030517578,90.1415786743164,77.68441772460938,95.45626831054688,65.64752960205078,60.82126235961914,56.666595458984375,83.32283782958984,23.257795333862305,170.98646545410156,177.66810607910156,557.584228515625,50.859291076660156,69.96455383300781,115.7773208618164,274.38916015625,45.292930603027344,42.40083694458008,95.3304443359375,44.30368423461914,48.4697265625,131.1266326904297,106.53012084960938,76.6630859375,39.95176696777344,37.86565017700195,143.1580047607422,97.36917877197266
2025-03-20,67.8271484375,147.19265747070312,305.8688659667969,184.1490478515625,91.62106323242188,202.39242553710938,151.0172576904297,262.6691589355469,39.565887451171875,99.69388580322266,90.1806411743164,77.44730377197266,94.90711212158203,65.95496368408203,60.705326080322266,55.09225082397461,82.55804443359375,23.238645553588867,170.2747039794922,175.72097778320312,555.9718017578125,50.465782165527344,69.24080657958984,115.28013610839844,273.7311706542969,44.88523483276367,42.133399963378906,95.1241455078125,44.46595001220703,48.53817367553711,130.4691925048828,105.77169799804688,76.28817749023438,39.90416717529297,38.01914596557617,143.24569702148438,97.13713073730469
2025-03-21,67.83665466308594,145.41807556152344,305.9281005859375,183.3262176513672,92.04408264160156,201.13894653320312,149.89141845703125,261.3769226074219,39.328224182128906,99.28878021240234,89.79975891113281,77.54610443115234,95.48516082763672,65.5994873046875,60.57971954345703,54.081565856933594,81.42066955566406,22.980121612548828,169.49472045898438,175.1436767578125,556.1552734375,50.188079833984375,68.63269805908203,115.02093505859375,273.83917236328125,44.678260803222656,41.71522521972656,95.87068176269531,44.15573501586914,48.36216354370117,129.7724609375,106.05921173095703,76.25935363769531,39.51388168334961,37.774513244628906,142.84619140625,97.48768615722656
2025-03-24,67.68448638916016,147.02597045898438,311.6060485839844,185.8730926513672,94.04720306396484,206.1429901123047,153.07310485839844,268.941162109375,39.584896087646484,100.36905670166016,90.01461029052734,78.7218017578125,96.74725341796875,65.40734100341797,60.72464370727539,54.042694091796875,81.94032287597656,23.3056697845459,172.1212615966797,179.7717742919922,566.115234375,50.25557327270508,68.58489227294922,116.47825622558594,278.9064636230469,44.81429672241211,42.28049850463867,97.22827911376953,44.658836364746094,49.2149658203125,132.1790313720703,108.06781768798828,76.73094177246094,40.06378173828125,37.76243209838867,143.93685913085938,101.14244079589844
2025-03-25,68.16950988769531,147.39854431152344,312.26763916015625,185.47146606445312,94.62201690673828,204.9980926513672,151.9962158203125,267.8079833984375,39.8605842590332,101.18891143798828,89.15519714355469,79.00830841064453,97.72994995117188,64.79246520996094,60.28986358642578,53.449886322021484,82.23448181152344,23.133317947387695,171.7097930908203,180.5251922607422,567.4760131835938,50.52555847167969,68.99604034423828,116.70321655273438,279.3778076171875,44.765716552734375,42.27072525024414,98.45977020263672,44.841609954833984,49.48974609375,132.3759002685547,108.42535400390625,76.03514099121094,39.584781646728516,37.15858459472656,142.09791564941406,101.94944763183594
2025-03-26,67.2850570678711,145.95730590820312,308.5448913574219,185.42247009277344,92.57658386230469,202.91554260253906,151.33050537109375,263.2257385253906,40.0792350769043,100.55232238769531,88.53015899658203,77.30899047851562,96.45822143554688,65.12872314453125,60.83092498779297,53.449886322021484,81.6559829711914,23.209918975830078,171.38648986816406,178.2551727294922,560.7013549804688,49.918094635009766,68.02076721191406,115.43173217773438,276.1076354980469,44.49364471435547,42.34889602661133,97.62235260009766,45.10615158081055,49.3425407409668,131.49989318847656,106.00706481933594,77.21412658691406,39.785953521728516,37.40495300292969,141.57949829101562,100.61764526367188
2025-03-27,67.18995666503906,145.49649047851562,307.3401794433594,184.9718780517578,92.08638763427734,201.94827270507812,151.10536193847656,261.555908203125,39.91762924194336,100.42692565917969,88.7645492553711,76.78536987304688,96.07286071777344,65.23440551757812,61.42995834350586,54.237056732177734,81.48930358886719,23.10459327697754,170.9456329345703,178.51934814453125,559.2123413085938,49.975948333740234,68.1641845703125,115.3045883178711,274.9398498535156,44.78514862060547,42.3293571472168,97.18888092041016,44.66845703125,49.24440383911133,130.80104064941406,105.0288314819336,78.0935287475586,39.69015884399414,37.395294189453125,141.80447387695312,100.68201446533203
2025-03-28,65.82999420166016,142.8395233154297,301.20794677734375,182.4641876220703,89.7149887084961,197.84239196777344,148.04115295410156,256.0492248535156,39.698978424072266,98.90296936035156,88.65711975097656,74.81929779052734,93.5005111694336,65.98377990722656,61.285030364990234,53.032005310058594,80.30289459228516,23.10459327697754,168.31028747558594,174.0967254638672,547.95068359375,49.40705108642578,67.8677749633789,113.27997589111328,269.4605407714844,44.0272331237793,41.55253601074219,94.32197570800781,44.456825256347656,48.29248809814453,128.10411071777344,102.4814453125,77.70698547363281,39.670997619628906,37.670654296875,141.36427307128906,97.55303192138672
2025-03-31,65.20231628417969,142.5355987548828,302.89654541015625,184.31556701660156,89.85184478759766,196.89491271972656,147.80621337890625,253.99169921875,39.993675231933594,99.36593627929688,89.06729888916016,74.82917022705078,93.47159576416016,66.37769317626953,61.88406753540039,52.866798400878906,80.13621520996094,23.22907066345215,169.71124267578125,173.83255004882812,551.62890625,49.01171875,67.13153839111328,113.4071273803711,270.8500671386719,43.97864532470703,42.00690460205078,95.02144622802734,44.94742202758789,48.88130569458008,129.0096435546875,102.53109741210938,78.92463684082031,40.0925178527832,38.09092712402344,142.82174682617188,97.7609634399414
2025-04-01,64.85994720458984,143.23170471191406,303.9630126953125,184.06088256835938,90.54609680175781,196.9146270751953,147.78662109375,254.12091064453125,40.17430114746094,99.27912902832031,87.61214447021484,75.42195892333984,94.13636779785156,66.63709259033203,62.01933670043945,53.0125617980957,80.3911361694336,23.257795333862305,169.88758850097656,174.72296142578125,553.1869506835938,49.185279846191406,67.30364227294922,113.77880096435547,271.7665710449219,44.12439727783203,42.163246154785156,95.08057403564453,45.21196365356445,48.822425842285156,129.73800659179688,103.28092193603516,79.04060363769531,40.12126541137695,38.18754959106445,140.21005249023438,98.7808609008789
2025-04-02,64.87896728515625,144.24154663085938,306.3625793457031,185.2657470703125,91.28761291503906,200.02365112304688,149.72500610351562,258.9416809082031,40.23134231567383,100.40763092041016,87.9148941040039,75.92582702636719,93.94367980957031,66.94452667236328,61.97102355957031,52.63356018066406,80.70490264892578,23.410995483398438,171.30810546875,176.8853302001953,556.6878051757812,49.320274353027344,67.52356719970703,114.45365905761719,273.91497802734375,44.163265228271484,42.51012420654297,95.41553497314453,45.27449035644531,49.22477722167969,130.95852661132812,104.04562377929688,78.80867004394531,40.3128662109375,38.36628723144531,141.1490936279297,100.65725708007812
2025-04-03,62.20658874511719,137.78048706054688,291.2345275878906,177.69366455078125,86.20890045166016,187.18287658691406,139.9254150390625,242.28260803222656,37.769161224365234,96.14441680908203,87.56331634521484,70.97607421875,90.8318099975586,67.54019165039062,62.88888931274414,52.15736770629883,78.13600158691406,22.70244026184082,163.14732360839844,168.9402618408203,529.2537231445312,48.28854751586914,66.55784606933594,109.93498229980469,260.1280517578125,43.36648941040039,40.59006118774414,91.15950775146484,41.720062255859375,46.80083084106445,123.87171173095703,96.94471740722656,79.26285552978516,39.105777740478516,38.1247444152832,140.00462341308594,94.57752227783203
2025-04-04,58.497581481933594,128.87811279296875,273.9341125488281,166.9086456298828,81.0381088256836,178.83294677734375,134.2179718017578,230.92141723632812,34.57499694824219,88.7464599609375,82.63140106201172,66.43138885498047,86.24589538574219,63.86054611206055,60.28020095825195,48.59080505371094,72.73344421386719,21.658761978149414,153.9872283935547,160.2907257080078,498.2696838378906,45.2319450378418,62.169097900390625,103.38191223144531,244.8629150390625,40.937259674072266,38.04951858520508,85.93801879882812,37.88185501098633,43.37590026855469,116.08605194091797,90.55886840820312,75.8225326538086,37.32388687133789,36.0040168762207,132.3260498046875,90.49795532226562
2025-04-07,58.316890716552734,127.19178009033203,273.3612976074219,165.71356201171875,81.127685546875,177.2142791748047,132.30894470214844,229.4105682373047,33.91905212402344,87.66619110107422,81.75245666503906,66.27332305908203,85.87017059326172,62.256107330322266,59.20773696899414,44.70353698730469,71.59605407714844,21.007658004760742,152.703857421875,157.0226593017578,497.3821716308594,44.248435974121094,60.2376708984375,102.1397705078125,244.06468200683594,39.2853889465332,37.438804626464844,86.05622863769531,37.63655471801758,43.26795196533203,115.54468536376953,91.10013580322266,74.94313049316406,36.423362731933594,35.45330810546875,131.53375244140625,89.4285659790039
2025-04-08,58.6307258605957,126.83882904052734,268.94732666015625,163.41160583496094,79.73173522949219,172.5458221435547,129.0685272216797,222.810546875,32.977909088134766,87.56973266601562,80.93209838867188,65.01858520507812,84.94528198242188,62.0255241394043,58.67633819580078,43.94552230834961,70.23316955566406,20.67253303527832,149.82357788085938,153.64700317382812,489.5918273925781,44.01701736450195,59.97951126098633,100.89762115478516,240.21144104003906,38.760677337646484,36.285789489746094,84.85429382324219,36.76598358154297,43.10111999511719,114.58993530273438,89.24793243408203,73.78346252441406,35.5228385925293,35.30837631225586,130.07627868652344,87.30461120605469
2025-04-09,63.09103012084961,137.88833618164062,294.3154602050781,175.07823181152344,88.99834442138672,187.21250915527344,138.81918334960938,244.0121307373047,35.30699157714844,94.33110046386719,84.35025024414062,73.57444763183594,92.16134643554688,64.16798400878906,61.178749084472656,46.705482482910156,75.81221771240234,21.90771484375,161.80514526367188,169.13595581054688,541.0084228515625,47.30503463745117,64.44473266601562,109.5241928100586,264.58245849609375,41.287071228027344,39.45658493041992,92.35159301757812,39.613380432128906,46.34940719604492,124.76741027832031,101.2301025390625,76.64395904541016,37.56338882446289,36.69965362548828,135.73007202148438,96.81038665771484
2025-04-10,61.07486343383789,135.1823272705078,284.1445007324219,169.9061279296875,85.56442260742188,179.34620666503906,133.1215057373047,234.11207580566406,33.33915328979492,91.91976928710938,82.18216705322266,70.21533966064453,89.44447326660156,64.32170104980469,61.19807434082031,46.62773132324219,74.52775573730469,21.486412048339844,156.35809326171875,164.05775451660156,517.3019409179688,46.36973571777344,63.593772888183594,106.47261810302734,253.6928253173828,40.75263595581055,38.19608688354492,89.15958404541016,37.02571105957031,45.054019927978516,121.54881286621094,96.51766967773438,76.6826171875,36.768245697021484,36.42430114746094,131.94456481933594,93.02787017822266
2025-04-11,62.596500396728516,138.07461547851562,288.7658386230469,172.52157592773438,87.09722900390625,181.96173095703125,134.46273803710938,238.53529357910156,34.21375274658203,93.38585662841797,83.6568603515625,72.18140411376953,90.63912963867188,65.39773559570312,62.11594772338867,48.279823303222656,77.4104232788086,21.783235549926758,158.7289581298828,166.4060821533203,526.5320434570312,47.64251708984375,65.29573059082031,108.67326354980469,257.9402770996094,41.87979507446289,39.329559326171875,89.91818237304688,37.94437789916992,45.79984664916992,123.69454193115234,98.49401092529297,77.64900207519531,37.28556442260742,36.86872863769531,133.88131713867188,93.92894744873047
2025-04-14,63.62360763549805,139.1923065185547,291.4518127441406,174.6276397705078,87.6421890258789,184.10348510742188,135.97035217285156,241.05006408691406,34.43239974975586,94.87123107910156,84.78971862792969,72.72479248046875,91.2171859741211,66.33926391601562,62.84058380126953,49.1350212097168,78.0379409790039,22.233264923095703,160.7568817138672,167.54107666015625,531.6402587890625,48.1921272277832,65.78336334228516,109.70024108886719,260.3153076171875,42.26847457885742,39.803466796875,90.51913452148438,38.07905197143555,46.27090072631836,124.98394012451172,99.39279174804688,78.97295379638672,38.10944747924805,37.530555725097656,135.5148468017578,94.20125579833984
2025-04-15,64.13716888427734,139.1628875732422,290.7309265136719,174.13787841796875,87.6421890258789,184.33047485351562,136.40109252929688,241.08982849121094,34.413387298583984,95.30526733398438,84.42837524414062,72.84335327148438,91.08230590820312,66.58905792236328,62.434791564941406,48.756011962890625,77.79281616210938,22.28114128112793,160.23764038085938,166.9442138671875,530.151123046875,48.519962310791016,66.44310760498047,109.80782318115234,259.8619689941406,42.27819061279297,39.490787506103516,90.74573516845703,38.021339416503906,46.3886604309082,124.36384582519531,99.75528717041016,78.30613708496094,38.166927337646484,37.525726318359375,134.6834259033203,93.52296447753906
2025-04-16,63.50947952270508,138.1138153076172,284.677734375,172.20811462402344,85.01698303222656,182.56378173828125,135.83328247070312,237.72024536132812,34.822166442871094,94.31180572509766,83.7545166015625,70.45245361328125,89.29032897949219,66.63709259033203,62.30918502807617,47.774478912353516,77.62612915039062,22.329015731811523,158.1802978515625,163.6370391845703,518.3668823242188,48.41389465332031,66.17537689208984,108.17445373535156,254.46151733398438,41.7437629699707,39.18299102783203,88.30245971679688,38.33397674560547,45.66245651245117,122.66104888916016,96.28925323486328,77.46539306640625,38.147769927978516,37.18756866455078,133.31399536132812,91.2158432006836
2025-04-17,64.73631286621094,139.05503845214844,285.2702331542969,172.71746826171875,85.00702667236328,184.05413818359375,137.12554931640625,239.41000366210938,35.525638580322266,94.90016174316406,83.4029312133789,70.0770263671875,89.47338104248047,67.07902526855469,63.65217590332031,47.90081787109375,78.15560150146484,22.68329429626465,159.35594177246094,164.85031127929688,519.1064453125,48.93458557128906,66.86382293701172,108.74173736572266,254.99368286132812,42.07413864135742,39.451698303222656,88.8738784790039,39.199729919433594,45.78022384643555,123.33036041259766,95.76786041259766,79.11790466308594,38.751312255859375,37.56919860839844,132.53147888183594,91.7901382446289
2025-04-21,64.5936508178711,137.14320373535156,278.5554504394531,169.3673553466797,82.74760437011719,180.36277770996094,134.8836669921875,233.34671020507812,34.84117889404297,93.54017639160156,82.01614379882812,68.5357894897461,88.076416015625,66.19515228271484,63.207733154296875,47.99799728393555,77.56729888916016,22.309864044189453,156.15235900878906,162.0519256591797,506.7503662109375,48.703163146972656,66.41442108154297,107.0594482421875,248.93295288085938,42.122718811035156,38.85076141357422,86.87393951416016,38.17525100708008,44.79887008666992,120.56452178955078,93.29496002197266,78.36412048339844,37.94658660888672,36.680328369140625,129.6752471923828,89.33943176269531
2025-04-22,65.8775405883789,139.1923065185547,285.7244873046875,173.40318298339844,84.9273910522461,185.03125,138.29049682617188,239.59884643554688,35.63021469116211,96.09618377685547,83.4908218383789,70.14618682861328,90.25375366210938,67.91487884521484,64.1256103515625,49.46543884277344,78.9007797241211,22.68329429626465,160.0025177001953,166.76809692382812,519.934814453125,49.657752990722656,67.78172302246094,109.39704895019531,255.26962280273438,42.78346633911133,39.75949478149414,89.1398696899414,39.146827697753906,46.28071212768555,122.67088317871094,95.56922912597656,79.47547912597656,38.72256851196289,37.6803092956543,132.11085510253906,92.16642761230469
2025-04-23,66.07725524902344,140.33941650390625,290.3951416015625,174.84315490722656,86.9703369140625,187.7751007080078,139.69046020507812,244.40969848632812,35.45909881591797,97.20539093017578,83.8814697265625,72.1912841796875,91.7470703125,67.35765075683594,63.84541702270508,50.204017639160156,78.7733154296875,22.731168746948242,161.55043029785156,169.24359130859375,527.9915161132812,49.802391052246094,68.01119995117188,110.7956771850586,259.6156311035156,43.2012939453125,39.808353424072266,90.56839752197266,39.07468032836914,46.83027267456055,124.20635986328125,98.34007263183594,79.02127075195312,38.770477294921875,37.83972930908203,132.76622009277344,94.22600555419922
2025-04-24,66.83807373046875,142.79051208496094,296.52734375,177.11573791503906,89.42385864257812,191.5355224609375,141.8833770751953,250.14498901367188,35.96294021606445,98.47856903076172,84.99481201171875,74.58218383789062,93.33672332763672,67.81880187988281,63.29469299316406,50.50528335571289,80.53821563720703,22.884366989135742,164.28375244140625,172.178955078125,539.1051635742188,50.43878173828125,68.9004135131836,112.72247314453125,265.0849914550781,43.74543762207031,40.66822814941406,92.38114929199219,39.699954986572266,47.35039520263672,126.99188232421875,102.00970458984375,78.32548522949219,38.885433197021484,37.89769744873047,134.38999938964844,96.1024169921875
2025-04-25,67.3040771484375,143.75131225585938,298.56158447265625,176.74349975585938,90.77005004882812,191.59475708007812,141.6092529296875,250.89047241210938,36.05800247192383,98.56538391113281,85.35616302490234,75.42195892333984,93.74136352539062,67.71312713623047,63.00484085083008,50.44697189331055,80.1656265258789,22.865219116210938,164.0486297607422,174.47833251953125,543.0004272460938,50.55448532104492,69.1872787475586,113.26041412353516,266.7110595703125,43.59968948364258,40.365325927734375,92.96240997314453,39.6278076171875,47.12468338012695,126.98204040527344,103.5192642211914,78.1225357055664,38.82794952392578,37.78175735473633,135.0355682373047,97.83027648925781
2025-04-28,68.22657012939453,144.6925506591797,298.66033935546875,177.350830078125,90.69540405273438,192.40408325195312,142.24559020996094,251.75521850585938,36.27665328979492,99.09587097167969,85.7956314086914,75.48123168945312,94.06893157958984,68.19349670410156,63.18841552734375,50.3886604309082,80.7833480834961,23.02799415588379,164.5090789794922,175.1045379638672,543.2073974609375,50.901607513427734,69.63665771484375,113.58317565917969,267.09539794921875,43.71629333496094,40.43860626220703,93.31708526611328,39.90677261352539,47.27187728881836,127.40526580810547,103.35043334960938,77.8615951538086,39.06745147705078,38.01363754272461,135.5735626220703,97.86493682861328
2025-04-29,68.49285888671875,145.01608276367188,300.5069274902344,178.35000610351562,91.2527847290039,193.5391082763672,142.8231964111328,253.50460815429688,36.010475158691406,99.83856201171875,86.38160705566406,75.81715393066406,94.43502807617188,68.69308471679688,63.449283599853516,50.223453521728516,80.89119720458984,22.989694595336914,165.4691619873047,175.87753295898438,546.6293334960938,51.055885314941406,69.78009796142578,114.10155487060547,268.7017517089844,43.87176513671875,40.77571105957031,93.99686431884766,39.791343688964844,47.76255798339844,128.2320556640625,103.83211517333984,78.50907897949219,39.38359451293945,38.30831527709961,136.2386932373047,98.55806732177734
2025-04-30,67.9317626953125,145.69259643554688,300.8525085449219,178.54591369628906,91.27021026611328,192.3251190185547,141.756103515625,252.02359008789062,35.278472900390625,99.41416931152344,87.05547332763672,75.9554672241211,94.26160430908203,68.5585708618164,63.87440490722656,50.204017639160156,80.48919677734375,23.14289665222168,165.70431518554688,174.3609161376953,546.84619140625,50.9787483215332,69.7131576538086,114.0428695678711,268.8594055175781,43.968929290771484,40.98579406738281,94.02642059326172,38.718753814697266,47.85087585449219,129.1573028564453,104.26411437988281,79.07925415039062,39.56562042236328,38.115081787109375,137.40274047851562,97.66194915771484
2025-05-01,67.68448638916016,146.54556274414062,302.7484436035156,178.38917541503906,92.47207641601562,193.51939392089844,142.5294952392578,253.782958984375,35.43057632446289,99.52992248535156,85.06317901611328,77.32875061035156,95.19612121582031,68.57778930664062,63.33334732055664,50.135990142822266,80.02835845947266,23.22907066345215,165.47898864746094,174.41961669921875,550.7216186523438,50.76661682128906,69.46455383300781,114.45365905761719,270.5347595214844,43.949493408203125,40.80502700805664,94.5091552734375,38.8630485534668,47.841068267822266,130.13174438476562,105.79354095458984,78.39312744140625,39.680580139160156,38.226192474365234,133.65635681152344,98.20159149169922
2025-05-02,68.36922454833984,149.5260772705078,307.2513122558594,181.12216186523438,93.79339599609375,197.8719940185547,145.52516174316406,259.9953308105469,35.94392776489258,101.08280944824219,86.68436431884766,78.61312103271484,97.18079376220703,68.87562561035156,63.87440490722656,51.91440963745117,81.31281280517578,23.516321182250977,168.3984375,177.78550720214844,558.8966674804688,51.69227600097656,70.9274673461914,116.44892120361328,274.75262451171875,45.125240325927734,41.4939079284668,95.97708129882812,39.43060302734375,48.83223342895508,132.4644775390625,107.56131744384766,78.81832885742188,40.169158935546875,38.525699615478516,135.5050811767578,99.72647857666016
2025-05-05,68.84474182128906,149.46726989746094,305.6318664550781,180.35812377929688,93.24346923828125,196.35206604003906,144.330810546875,258.4248352050781,35.297489166259766,100.76451110839844,86.44996643066406,78.30684661865234,97.3252944946289,68.83719635009766,63.903385162353516,51.894981384277344,81.3324203491211,23.497173309326172,167.84002685546875,176.74835205078125,555.6917724609375,51.788700103759766,71.02307891845703,116.19462585449219,273.195556640625,45.48476791381836,41.18611145019531,96.20368194580078,38.718753814697266,48.5181999206543,132.53335571289062,106.99027252197266,78.75068664550781,40.12126541137695,38.4290885925293,135.1236114501953,98.66698455810547
2025-05-06,68.88278198242188,148.82997131347656,303.26190185546875,179.18263244628906,92.37503051757812,194.2102813720703,143.22457885742188,254.7272186279297,35.38304901123047,100.56196594238281,84.2428207397461,77.68441772460938,97.35420989990234,69.57695007324219,64.01934051513672,52.42947769165039,81.52852630615234,23.40142059326172,166.5958251953125,176.20040893554688,551.0471801757812,51.779056549072266,70.84141540527344,115.53931427001953,270.97821044921875,45.26128005981445,40.888084411621094,96.18396759033203,38.72837448120117,48.2434196472168,131.37191772460938,106.10140991210938,78.61538696289062,39.84343719482422,38.897666931152344,131.3968048095703,97.80552673339844
2025-05-07,68.45482635498047,148.95742797851562,304.4073791503906,180.13282775878906,92.68856048583984,194.85182189941406,143.56723022460938,255.6416778564453,35.35452651977539,100.55232238769531,84.55533599853516,78.2376937866211,96.23664093017578,69.61538696289062,63.97101593017578,51.204986572265625,80.72451782226562,23.40142059326172,167.69305419921875,175.955810546875,553.3646240234375,51.59585189819336,70.63106536865234,115.61756134033203,272.1016540527344,44.69770050048828,40.66334533691406,96.00663757324219,38.7428092956543,48.528018951416016,132.04122924804688,107.16407012939453,78.74102020263672,39.814701080322266,39.0087776184082,132.404296875,98.56796264648438
2025-05-08,68.31216430664062,150.153564453125,306.61932373046875,181.3083038330078,93.4276123046875,198.56289672851562,145.9755096435547,260.8799743652344,35.687252044677734,101.5361328125,83.4224624633789,78.73168182373047,96.2751693725586,68.69308471679688,63.458946228027344,51.94356918334961,80.8029556274414,23.267370223999023,169.1038055419922,177.35498046875,557.22021484375,51.42229461669922,70.3729019165039,116.01856994628906,274.2401428222656,44.61996078491211,41.205650329589844,96.23323822021484,39.25264358520508,48.93037033081055,133.86215209960938,108.1869888305664,78.64437103271484,39.62309646606445,38.69477844238281,131.21095275878906,99.73143768310547
2025-05-09,68.48335266113281,150.44769287109375,306.3526916503906,181.26910400390625,93.25093078613281,198.19772338867188,146.102783203125,260.0947265625,36.16257858276367,101.80620574951172,82.79743194580078,78.860107421875,96.05357360839844,69.01012420654297,63.34300231933594,51.749202728271484,81.3520278930664,23.449296951293945,169.0646209716797,178.29429626464844,556.5103149414062,51.759769439697266,70.84141540527344,116.18484497070312,273.9346618652344,44.94062423706055,41.313140869140625,95.74064636230469,39.64704513549805,48.93037033081055,133.97044372558594,108.05292510986328,78.190185546875,39.86259841918945,38.762413024902344,129.78280639648438,100.21167755126953
2025-05-12,69.23465728759766,153.08506774902344,316.54339599609375,185.08941650390625,97.22979736328125,205.16587829589844,150.73333740234375,269.9649353027344,36.73295974731445,103.04080963134766,84.37954711914062,82.32791137695312,98.30799865722656,68.02056121826172,63.01449966430664,53.50819396972656,82.02857971191406,23.5450439453125,173.69854736328125,184.99673461914062,574.9015502929688,52.01046371459961,70.99440002441406,119.06037902832031,283.099609375,45.95117950439453,42.27072525024414,97.73072052001953,40.68114471435547,49.92153549194336,138.09457397460938,113.0682373046875,78.30613708496094,39.90092086791992,38.53053665161133,132.9912109375,105.19230651855469
2025-05-13,68.71159362792969,154.52630615234375,318.7355651855469,184.76617431640625,98.70539093017578,205.916015625,151.0857696533203,271.30682373046875,37.25581359863281,103.6195297241211,82.19193267822266,83.7011947631836,99.06910705566406,68.02056121826172,62.36716079711914,53.15834045410156,82.52863311767578,23.3056697845459,174.09043884277344,187.17869567871094,578.6981201171875,52.097251892089844,71.28124237060547,119.64720916748047,285.0213623046875,46.02891159057617,42.06064224243164,98.68635559082031,41.25351333618164,50.12762451171875,139.05917358398438,115.51134490966797,77.25279235839844,39.364437103271484,38.47739028930664,128.99050903320312,106.58351135253906
2025-05-14,67.95077514648438,153.7811737060547,319.17010498046875,183.5319366455078,99.43946075439453,204.09005737304688,149.6466827392578,269.4778747558594,37.04667663574219,103.89923858642578,80.37541961669922,84.22481536865234,99.97472381591797,67.81880187988281,61.951698303222656,54.03297424316406,81.75403594970703,23.11417007446289,173.04217529296875,187.08084106445312,579.437744140625,51.8851203918457,71.11869812011719,119.64720916748047,285.2085876464844,46.407867431640625,41.674678802490234,99.19865417480469,41.00340270996094,49.990234375,138.3898468017578,116.26116943359375,76.83723449707031,39.02914047241211,38.30831527709961,125.95819854736328,106.99444580078125
2025-05-15,68.7591552734375,155.6439971923828,320.5525207519531,185.39309692382812,99.34242248535156,205.42250061035156,150.80184936523438,270.3426818847656,37.11322021484375,104.38150024414062,81.58642578125,84.27421569824219,99.97472381591797,69.3656005859375,63.24637985229492,53.032005310058594,82.59725952148438,23.439722061157227,174.6194610595703,186.1610870361328,582.2679443359375,52.434730529785156,71.82625579833984,120.32206726074219,286.3714599609375,46.330135345458984,42.099727630615234,99.59272766113281,41.17655563354492,50.32389831542969,139.92532348632812,116.4200668334961,78.41244506835938,39.74763870239258,39.124717712402344,127.61131286621094,106.75679779052734
2025-05-16,68.9398422241211,156.94798278808594,322.626220703125,187.18569946289062,99.86994171142578,207.12013244628906,151.70252990722656,273.5035095214844,37.10371398925781,104.93128967285156,82.94392395019531,84.31373596191406,100.49497985839844,70.06694030761719,63.671504974365234,52.88623046875,82.80316925048828,23.707820892333984,176.3339080810547,187.63856506347656,585.9559936523438,52.550437927246094,71.99835968017578,120.90892028808594,288.3325500488281,46.37871551513672,42.529666900634766,100.27250671386719,41.11402893066406,50.628116607666016,141.51986694335938,116.63856506347656,79.31118774414062,40.24580001831055,39.6995849609375,130.18385314941406,107.76677703857422
2025-05-19,69.01592254638672,157.69308471679688,323.0705871582031,187.39141845703125,99.95205688476562,206.25157165527344,151.0270538330078,272.3207092285156,36.77098846435547,105.30745697021484,83.91077423095703,84.3038558959961,100.78401184082031,70.50888061523438,64.14493560791016,53.15834045410156,83.23458862304688,23.75569725036621,176.31431579589844,187.42330932617188,586.5969848632812,52.97469711303711,72.92581939697266,121.24146270751953,288.5592346191406,46.57305908203125,42.637149810791016,100.37102508544922,40.58014678955078,50.657554626464844,142.00216674804688,116.46971893310547,79.5431137084961,40.33202362060547,39.8686637878418,131.4359130859375,107.51428985595703
2025-05-20,69.41535186767578,158.2323455810547,321.6683654785156,187.0779571533203,99.40213012695312,206.3601531982422,150.89976501464844,273.05621337890625,36.609375,105.17241668701172,84.27212524414062,83.97782135009766,100.49497985839844,71.06610870361328,64.45410919189453,53.644248962402344,83.4502944946289,23.669519424438477,175.85386657714844,188.09844970703125,584.6246948242188,53.225399017333984,73.40390014648438,121.11431121826172,287.6131286621094,46.47589111328125,42.56386947631836,100.12472534179688,40.204978942871094,50.38277816772461,141.49034118652344,116.0327377319336,79.82337188720703,40.12126541137695,39.98460388183594,131.7587127685547,106.954833984375
2025-05-21,68.7686538696289,155.967529296875,316.2965393066406,183.36538696289062,97.92654418945312,200.56651306152344,146.48458862304688,265.46221923828125,36.19109344482422,103.82207489013672,82.72906494140625,82.68357849121094,100.61058044433594,70.17262268066406,64.1256103515625,53.44016647338867,82.91101837158203,23.162044525146484,172.0232696533203,184.5760040283203,574.7733154296875,52.93613815307617,73.02143859863281,119.59830474853516,282.6069030761719,46.35928726196289,41.99712371826172,99.37598419189453,39.464271545410156,49.352352142333984,139.09854125976562,113.85282135009766,78.89563751220703,39.0578727722168,39.25515365600586,128.7068328857422,104.78633117675781
2025-05-22,68.82572174072266,155.8596954345703,316.17803955078125,182.84622192382812,98.16293334960938,200.556640625,146.23004150390625,265.6212463378906,36.010475158691406,103.92817687988281,82.28958892822266,82.71321105957031,100.7069320678711,69.52892303466797,63.83575439453125,53.206932067871094,82.76395416259766,23.075868606567383,171.4746551513672,184.72276306152344,575.0001220703125,52.878273010253906,72.92581939697266,119.5102767944336,282.5576171875,46.25239944458008,41.95315933227539,99.15924835205078,39.310359954833984,49.29347229003906,139.06898498535156,113.88261413574219,78.56707000732422,38.92375183105469,38.69477844238281,127.69934844970703,105.23686218261719
2025-05-23,69.45339965820312,155.93814086914062,314.41046142578125,182.4641876220703,97.1949691772461,199.92495727539062,145.7797088623047,265.124267578125,36.210105895996094,103.6195297241211,82.27981567382812,81.73512268066406,100.26374816894531,70.30712127685547,64.1256103515625,53.236083984375,83.11692810058594,23.162044525146484,170.78887939453125,183.28443908691406,571.0753173828125,53.06147766113281,72.81108856201172,119.23641967773438,280.90203857421875,46.446739196777344,41.8701057434082,98.70606231689453,39.4354133605957,49.1168327331543,138.61622619628906,112.62629699707031,78.85698699951172,38.93333435058594,39.15853500366211,127.4939193725586,104.29122924804688
2025-05-27,71.27937316894531,158.58529663085938,320.6907653808594,185.45188903808594,99.55642700195312,204.9980926513672,149.4998321533203,271.4161376953125,36.457271575927734,105.02774047851562,83.32479858398438,83.55298614501953,101.83413696289062,70.64338684082031,64.65701293945312,52.51694107055664,84.04840850830078,23.535470962524414,173.9728546142578,187.2276153564453,582.9483642578125,53.80393600463867,73.68119049072266,121.1729965209961,286.6769104003906,46.281551361083984,42.60295104980469,100.3119125366211,39.77690887451172,49.98042678833008,141.05723571777344,115.30279541015625,79.57210540771484,39.57520294189453,39.45321273803711,129.27420043945312,107.3707046508789
2025-05-28,70.00499725341797,157.320556640625,318.8047180175781,183.9629364013672,99.1209487915039,202.83656311035156,147.7376708984375,268.9610290527344,36.0770149230957,104.15001678466797,82.70953369140625,83.0886459350586,101.53547668457031,69.63460540771484,64.22223663330078,51.82695007324219,82.97965240478516,23.564199447631836,172.49354553222656,185.18263244628906,579.5758056640625,53.31217575073242,72.96407318115234,120.34163665771484,284.99176025390625,45.99976348876953,42.02156066894531,100.29222106933594,39.271881103515625,49.646759033203125,140.35841369628906,114.82608795166016,79.03092956542969,39.57520294189453,38.902503967285156,128.60903930664062,106.38549041748047
2025-05-29,70.4044189453125,157.8401641845703,320.2266540527344,184.64862060546875,99.4767837524414,203.43862915039062,148.5600128173828,269.1697692871094,36.267147064208984,104.68050384521484,83.2955093383789,83.40478515625,101.362060546875,70.0188980102539,64.46377563476562,52.34201431274414,83.31303405761719,23.77484703063965,172.914794921875,186.17088317871094,581.863525390625,53.5243034362793,73.33697509765625,120.83067321777344,285.90826416015625,46.20381546020508,42.17790603637695,99.48436737060547,39.56528091430664,49.90190887451172,140.48635864257812,115.0197525024414,79.34984588623047,39.93923568725586,39.17302703857422,129.46978759765625,106.43003845214844
2025-05-30,70.4900131225586,157.7715301513672,320.019287109375,184.76617431640625,99.39218139648438,202.40232849121094,147.65936279296875,267.9968566894531,36.05800247192383,105.01809692382812,83.7154541015625,83.03924560546875,101.41986083984375,70.68181610107422,64.94686889648438,51.33132553100586,83.31303405761719,23.79399871826172,172.8462371826172,185.13372802734375,581.2127685546875,53.59180450439453,73.39434051513672,120.6644058227539,285.6717834472656,45.66938781738281,42.18278121948242,99.89814758300781,39.214168548583984,50.00986099243164,140.574951171875,114.66222381591797,80.04563903808594,39.97755813598633,39.57398986816406,129.74371337890625,105.85078430175781
2025-06-02,71.36495971679688,158.07546997070312,321.27337646484375,185.05026245117188,100.01924133300781,203.0339813232422,147.54185485839844,270.084228515625,36.59986877441406,105.32674407958984,83.92053985595703,83.79998016357422,102.4892578125,71.05651092529297,65.16908264160156,51.7589225769043,84.16606140136719,23.8705997467041,172.98336791992188,185.58380126953125,584.4866943359375,54.20890808105469,74.11145782470703,121.46641540527344,287.1302490234375,45.99004364013672,42.431949615478516,100.3907241821289,39.72881317138672,50.02948760986328,140.39776611328125,115.67521667480469,80.09395599365234,40.03504180908203,39.6995849609375,129.82196044921875,106.09832763671875
2025-06-03,70.49951934814453,158.31077575683594,323.51495361328125,186.1277618408203,100.72842407226562,206.31080627441406,149.7935028076172,274.66644287109375,36.93259811401367,105.4328384399414,83.68614959716797,84.81758880615234,101.93048095703125,70.8835678100586,64.87924194335938,52.24483108520508,83.96995544433594,23.736547470092773,174.4235076904297,185.90670776367188,587.81982421875,53.81357955932617,73.48039245605469,121.77940368652344,289.1111145019531,46.09693145751953,42.86677932739258,100.10503387451172,40.200172424316406,50.12762451171875,141.48048400878906,117.41319274902344,80.01664733886719,39.89134216308594,39.80586242675781,130.1251678466797,106.66273498535156
2025-06-04,70.45198059082031,158.8598175048828,323.4655456542969,185.40289306640625,101.03946685791016,205.72848510742188,149.12782287597656,274.1396789550781,36.35270309448242,105.03738403320312,84.09632873535156,85.16338348388672,102.88427734375,70.18223571777344,64.87924194335938,53.24580383300781,84.61709594726562,23.77484703063965,174.03164672851562,185.92626953125,587.6619262695312,54.09320068359375,73.96803283691406,122.06303405761719,289.08148193359375,46.55362319946289,43.02800750732422,100.74540710449219,39.416175842285156,49.84303283691406,141.55923461914062,117.58700561523438,79.45613861083984,40.0158805847168,39.1102294921875,130.37950134277344,106.38052368164062
2025-06-05,69.79576873779297,158.74217224121094,322.0633544921875,185.05026245117188,100.41986846923828,205.81729125976562,149.02012634277344,274.5472106933594,36.35270309448242,105.16276550292969,83.95960235595703,84.92626953125,102.92281341552734,70.04772186279297,64.17391204833984,53.44016647338867,84.56806945800781,23.765274047851562,173.5614013671875,181.77760314941406,584.8218994140625,54.09320068359375,74.04454040527344,121.73049926757812,287.48504638671875,46.67022705078125,42.77395248413086,100.8833236694336,39.37770080566406,49.70564270019531,141.4608154296875,117.25430297851562,78.69269561767578,40.00630187988281,39.047428131103516,130.20346069335938,103.6971206665039
2025-06-06,70.2047119140625,159.7226104736328,325.3417663574219,186.8624267578125,101.41769409179688,209.14344787597656,151.33050537109375,278.890869140625,36.93259811401367,106.25269317626953,84.78971862792969,85.64749908447266,104.42575073242188,70.26869201660156,64.28986358642578,53.37213897705078,84.32293701171875,23.92804718017578,175.06031799316406,183.46055603027344,590.8275146484375,54.26676559448242,74.24532318115234,122.6792221069336,290.8357238769531,46.87428283691406,42.88631820678711,102.1739273071289,40.118404388427734,50.32389831542969,142.6517791748047,118.36164855957031,78.94396209716797,40.12126541137695,39.221336364746094,131.44569396972656,105.04377746582031
2025-06-09,70.30931854248047,159.51670837402344,325.5195007324219,186.93101501464844,101.49732208251953,210.58447265625,152.61300659179688,280.1930236816406,36.98012924194336,106.05978393554688,84.67252349853516,85.92412567138672,104.60880279541016,69.89400482177734,64.2029037475586,53.955230712890625,84.79359436035156,23.92804718017578,175.0897216796875,184.46836853027344,591.3599243164062,54.28604507446289,74.24532318115234,122.88461303710938,291.0721740722656,47.21437454223633,43.1745719909668,101.87837219238281,40.19535827636719,50.04911804199219,142.52383422851562,118.94261932373047,78.83765411376953,40.10210037231445,38.970130920410156,131.22073364257812,105.88542938232422
2025-06-10,70.26176452636719,158.96766662597656,327.30682373046875,187.6363067626953,102.14678192138672,211.71949768066406,154.01292419433594,281.0080261230469,37.64558029174805,105.62574768066406,85.68821716308594,86.54655456542969,105.34101104736328,70.04772186279297,64.36715698242188,54.12043762207031,85.17598724365234,24.081247329711914,175.96163940429688,186.48397827148438,594.7127685546875,54.411399841308594,74.37918090820312,123.4714584350586,292.60955810546875,47.564178466796875,43.44328308105469,103.16896057128906,40.912017822265625,50.108001708984375,141.90371704101562,119.6080322265625,79.01161193847656,40.456565856933594,39.06192398071289,132.71730041503906,107.15286254882812
2025-06-11,70.06204986572266,159.055908203125,326.4674987792969,187.39141845703125,101.81583404541016,210.8509521484375,153.33741760253906,280.2626037597656,38.18744659423828,105.51964569091797,85.6296157836914,86.46751403808594,104.81112670898438,70.17262268066406,64.17391204833984,54.285648345947266,84.78377532958984,23.97592544555664,175.4619903564453,185.2707061767578,593.0166015625,54.40174865722656,74.29312896728516,123.23672485351562,291.8310241699219,47.71964645385742,43.01334762573242,102.93252563476562,41.50362014770508,50.04911804199219,141.97264099121094,119.34484100341797,78.74102020263672,40.23622512817383,39.08607482910156,132.78579711914062,106.30626678466797
2025-06-12,70.57560729980469,159.4088592529297,327.48455810546875,187.82241821289062,102.2139663696289,210.0120086669922,152.91647338867188,278.8411865234375,38.463134765625,105.80900573730469,86.60623168945312,87.0800552368164,104.48355865478516,71.11414337158203,64.6376953125,54.217620849609375,85.10734558105469,24.090824127197266,175.8734588623047,184.56622314453125,595.3734741210938,54.826019287109375,74.98155975341797,123.7648696899414,292.7672424316406,47.729366302490234,43.19411849975586,102.09510803222656,41.647911071777344,50.04911804199219,141.59860229492188,120.45219421386719,79.20488739013672,40.456565856933594,39.55949401855469,133.82264709472656,105.80621337890625
2025-06-13,69.9954833984375,157.88917541503906,323.7222595214844,185.9514617919922,100.92003631591797,206.17262268066406,150.2438507080078,273.3146667480469,39.10007095336914,103.83171844482422,85.75657653808594,85.6573715209961,103.56830596923828,70.68181610107422,63.913055419921875,53.22636795043945,84.0680160522461,23.86102294921875,173.74754333496094,181.96351623535156,588.7171020507812,54.16069412231445,73.84373474121094,122.20974731445312,289.3081970214844,47.01032257080078,42.69089126586914,101.0606689453125,42.37419128417969,49.02850341796875,140.4076385498047,118.76385498046875,78.23849487304688,40.13084411621094,39.33244705200195,133.15750122070312,104.83088684082031
2025-06-16,70.13066864013672,158.8353271484375,326.8685302734375,187.27676391601562,102.16392517089844,208.60336303710938,151.6412811279297,276.977783203125,38.91343688964844,105.00242614746094,85.24723815917969,86.9085464477539,105.05695343017578,70.50041961669922,63.83200454711914,53.98794937133789,83.61500549316406,23.847515106201172,175.42282104492188,183.71197509765625,594.318359375,54.43067932128906,74.11145782470703,123.27584075927734,292.16607666015625,47.44757843017578,43.052433013916016,102.79459381103516,42.24913787841797,49.5878791809082,141.37222290039062,120.6855697631836,78.48975372314453,40.169158935546875,39.13920593261719,132.7466583251953,105.95970153808594
2025-06-17,69.29656982421875,157.2139434814453,324.037109375,185.7320556640625,101.25978088378906,206.4062042236328,150.14649963378906,273.982421875,39.31958770751953,104.04476165771484,83.80888366699219,86.24534606933594,104.25357818603516,69.99329376220703,63.31447219848633,53.42853927612305,82.6520004272461,23.828224182128906,173.7377166748047,180.6746063232422,589.2398071289062,53.74607849121094,73.04055786132812,122.07282257080078,289.7319641113281,46.91314697265625,42.63227081298828,101.88821411132812,42.64353942871094,49.303287506103516,140.3092041015625,119.83148193359375,77.82295227050781,40.00630187988281,38.8155517578125,130.5555877685547,104.13280487060547
2025-06-18,70.0347900390625,156.97666931152344,324.1955261230469,186.08624267578125,101.12277221679688,207.49488830566406,150.9627227783203,275.4950256347656,39.010135650634766,104.17179107666016,83.62169647216797,86.62149047851562,104.01160430908203,70.08106231689453,63.37306594848633,52.92801284790039,82.43580627441406,23.895751953125,173.75733947753906,180.68447875976562,589.1510009765625,53.89071273803711,72.99275970458984,122.14127349853516,289.84033203125,46.786834716796875,42.51012420654297,101.93748474121094,42.36457443237305,49.283660888671875,139.9745330810547,119.97547912597656,77.72631072998047,40.082942962646484,38.9169921875,130.33059692382812,104.18230438232422
2025-06-20,68.79803466796875,156.3439483642578,323.0273742675781,186.37158203125,100.4203872680664,207.05941772460938,150.6480255126953,274.808349609375,39.271236419677734,104.15225219726562,83.17837524414062,86.20574951171875,102.8114013671875,70.30536651611328,63.40236282348633,52.50600051879883,81.35487365722656,23.857162475585938,174.04144287109375,179.59970092773438,587.7673950195312,53.45433044433594,72.5532455444336,121.60568237304688,289.17022705078125,46.347328186035156,42.22187042236328,101.31681823730469,42.797454833984375,49.42104721069336,140.1320343017578,119.44415283203125,78.29647064208984,40.0733642578125,39.02327346801758,129.70458984375,104.30608367919922
2025-06-23,69.04730224609375,157.98509216308594,326.56158447265625,187.9163055419922,101.64583587646484,209.5930938720703,152.8607177734375,277.55499267578125,38.391239166259766,105.07083129882812,83.40496826171875,87.1658935546875,103.88578033447266,71.3683853149414,64.11518096923828,53.124298095703125,82.26876068115234,24.127281188964844,175.5779571533203,182.49900817871094,593.572998046875,53.86252975463867,73.18389892578125,122.76532745361328,291.94927978515625,46.72738265991211,42.69230270385742,102.59968566894531,41.71517562866211,50.043392181396484,142.02957153320312,120.80601501464844,79.20333099365234,40.658199310302734,39.51797866821289,129.89132690429688,106.37352752685547
2025-06-24,69.73758697509766,159.823974609375,330.1651916503906,189.47088623046875,103.11788940429688,212.26531982421875,154.17848205566406,282.2221984863281,37.83035659790039,107.01551055908203,84.41969299316406,88.9773178100586,105.3763656616211,71.65120697021484,64.02729797363281,54.53754425048828,83.16297912597656,24.185163497924805,177.2403564453125,184.08673095703125,600.1304321289062,54.572017669677734,74.15411376953125,124.30824279785156,295.35906982421875,47.74087142944336,43.045860290527344,103.92304229736328,41.17210006713867,50.791778564453125,143.21429443359375,122.97463989257812,79.13521575927734,40.85152816772461,39.68822479248047,131.48348999023438,106.96393585205078
2025-06-25,69.44996643066406,158.4102020263672,330.1255798339844,188.39840698242188,103.47654724121094,209.79103088378906,152.55584716796875,278.7391662597656,37.75299072265625,106.51712799072266,84.10443878173828,89.84838104248047,105.28924560546875,70.7344741821289,63.14847183227539,54.498287200927734,82.24909973144531,23.683517456054688,175.9615936279297,182.11439514160156,600.4666748046875,54.29988098144531,73.69811248779297,124.092041015625,295.01409912109375,47.857810974121094,42.63337326049805,103.90328979492188,40.9926872253418,50.6243782043457,141.95059204101562,124.02413177490234,78.07463073730469,39.855857849121094,39.158016204833984,131.6014404296875,105.70372772216797
2025-06-26,70.91681671142578,161.0498809814453,332.8679504394531,189.73654174804688,104.44297790527344,213.19566345214844,155.0242156982422,283.21734619140625,38.26552200317383,107.52366638183594,84.45909881591797,90.62046813964844,106.87661743164062,71.46590423583984,63.14847183227539,54.50810241699219,83.89015197753906,23.74140167236328,177.28955078125,183.66268920898438,605.16455078125,54.89274215698242,74.32875061035156,125.2516860961914,297.5566711425781,48.17939376831055,43.10478210449219,105.10813903808594,41.579402923583984,50.99856948852539,143.49073791503906,124.87964630126953,78.00652313232422,39.60452651977539,39.483924865722656,131.91595458984375,106.6761703491211
2025-06-27,72.17274475097656,163.12603759765625,334.0955505371094,190.25799560546875,105.0357894897461,213.26495361328125,155.07337951660156,283.6253356933594,38.11079788208008,107.99272918701172,84.3507308959961,90.67985534667969,108.06715393066406,71.5536880493164,63.46094512939453,54.154788970947266,83.91963195800781,23.71245765686035,177.9387969970703,186.50282287597656,608.1712646484375,55.23291015625,75.01760864257812,125.79219818115234,298.9067687988281,48.13066864013672,43.15879821777344,106.34261322021484,41.3612060546875,51.146278381347656,144.9222869873047,124.73042297363281,78.37626647949219,39.74953079223633,39.5617561340332,131.6309356689453,108.4523696899414
2025-06-30,71.87554168701172,163.50172424316406,336.1745300292969,191.10415649414062,105.75310516357422,213.57176208496094,155.1422119140625,284.47119140625,37.994754791259766,108.29566955566406,84.81375885009766,91.4024429321289,108.71565246582031,71.94377899169922,63.841766357421875,54.07627487182617,83.9884262084961,23.828224182128906,178.77491760253906,185.59555053710938,611.0791015625,55.4078483581543,75.19225311279297,126.30323028564453,300.42205810546875,48.198883056640625,43.11951446533203,107.18205261230469,41.12360382080078,51.5697021484375,145.64300537109375,125.9540023803711,78.7849349975586,40.03952407836914,39.722286224365234,132.4761505126953,107.82722473144531
2025-07-01,71.3482437133789,162.66136169433594,335.97650146484375,192.8751983642578,104.63973999023438,215.76893615722656,158.37762451171875,283.8442687988281,38.23651123046875,108.81359100341797,85.77923583984375,90.35320281982422,107.98003387451172,72.3436279296875,64.36906433105469,54.24311828613281,84.8728256225586,23.982574462890625,180.8701629638672,186.64088439941406,610.8812866210938,55.36897277832031,75.25045776367188,126.31306457519531,300.42205810546875,48.39378356933594,44.23421096801758,106.42162322998047,41.438785552978516,51.85527038574219,146.12677001953125,124.82990264892578,79.76766967773438,40.31019592285156,39.85847854614258,134.36322021484375,108.28864288330078
2025-07-02,71.38658905029297,163.43251037597656,337.5605163574219,193.22940063476562,105.48908996582031,218.7578887939453,161.0426483154297,287.12823486328125,38.82640075683594,108.65724182128906,85.20782470703125,91.4222412109375,107.77677917480469,71.66096496582031,64.42765808105469,53.97813415527344,86.29768371582031,24.001869201660156,181.2833251953125,187.7256622314453,613.650634765625,55.543914794921875,75.47361755371094,126.88306427001953,301.98388671875,48.53021240234375,44.89713668823242,106.11547088623047,42.15157699584961,51.81588363647461,146.2748565673828,126.14797973632812,80.00120544433594,40.38752746582031,39.51311111450195,133.036376953125,109.15689849853516
2025-07-03,71.52080535888672,163.92681884765625,340.29296875,194.2329864501953,106.67221069335938,220.7868194580078,162.212890625,290.631103515625,38.82640075683594,109.54651641845703,85.03050231933594,92.38239288330078,108.05746459960938,72.0022964477539,64.45694732666016,53.703338623046875,86.15028381347656,24.069398880004883,182.15879821777344,187.94261169433594,618.4869995117188,55.61194610595703,75.43480682373047,127.55133056640625,304.4747619628906,48.744606018066406,44.867671966552734,106.69813537597656,42.20006561279297,52.377174377441406,147.5188446044922,127.80925750732422,79.9622802734375,40.406856536865234,39.809837341308594,133.17398071289062,109.75227355957031
2025-07-07,69.81427764892578,163.1754608154297,337.95654296875,192.72760009765625,105.92250061035156,217.47125244140625,159.7150421142578,286.40179443359375,38.27519226074219,108.53019714355469,84.33102416992188,91.62020874023438,107.30249786376953,71.73897552490234,64.30070495605469,53.605194091796875,85.12831115722656,23.866811752319336,180.70294189453125,185.08274841308594,613.8779907226562,54.92189407348633,74.90119171142578,126.39168548583984,302.07281494140625,48.16965103149414,44.435543060302734,105.67105865478516,41.79275894165039,51.874969482421875,147.0054168701172,126.79458618164062,79.8941650390625,40.0975227355957,39.89253616333008,132.05355834960938,108.35810089111328
2025-07-08,70.16901397705078,163.71922302246094,337.6099853515625,192.57017517089844,105.84029388427734,218.9756317138672,161.1802978515625,287.725341796875,39.20354080200195,108.32498931884766,84.7842025756836,91.97655487060547,107.01212310791016,71.25135040283203,63.871070861816406,54.10572052001953,85.5410385131836,23.808929443359375,181.1554412841797,185.50680541992188,613.5418090820312,55.32037353515625,75.61915588378906,126.65702056884766,302.05303955078125,48.35480499267578,44.798927307128906,105.45378112792969,42.91770553588867,51.412147521972656,146.96595764160156,127.47601318359375,79.15467834472656,40.03952407836914,39.469329833984375,132.653076171875,107.99095916748047
2025-07-09,70.27447509765625,164.69796752929688,339.7187194824219,193.1014862060547,106.81169128417969,221.3509521484375,162.41941833496094,291.5168151855469,39.05849075317383,109.0285873413086,85.25709533691406,92.72884368896484,107.47673034667969,71.89501953125,63.61717987060547,53.565940856933594,85.80635070800781,23.808929443359375,181.6964874267578,186.23655700683594,617.2210083007812,55.69941711425781,76.34681701660156,127.41373443603516,303.9508972167969,48.345062255859375,45.06900405883789,105.73031616210938,42.699501037597656,51.599246978759766,147.99270629882812,128.24197387695312,78.63897705078125,40.020198822021484,39.83902359008789,133.16415405273438,108.6309814453125
2025-07-10,69.92932891845703,165.49876403808594,340.6195983886719,194.16412353515625,106.7843017578125,222.48915100097656,163.91419982910156,291.8252868652344,39.30024719238281,109.41947174072266,85.86790466308594,92.65955352783203,107.05084228515625,71.94377899169922,63.792945861816406,53.98794937133789,86.39595031738281,23.905399322509766,182.7490234375,187.7059326171875,618.9617309570312,55.7382926940918,76.33712005615234,127.64960479736328,304.7614440917969,48.39378356933594,45.30961608886719,105.37477111816406,43.024383544921875,51.904510498046875,148.82203674316406,127.8192138671875,78.92115020751953,40.22319412231445,40.16493225097656,133.97991943359375,109.83165740966797
2025-07-11,69.3732681274414,164.48046875,339.2435302734375,193.14083862304688,106.49786376953125,219.42100524902344,162.2227325439453,287.24761962890625,39.55167770385742,108.2468032836914,84.84332275390625,92.29330444335938,106.4700927734375,71.76822662353516,63.38282775878906,53.92906188964844,85.97340393066406,23.847515106201172,181.4111785888672,186.788818359375,616.7858276367188,55.27178192138672,75.47361755371094,127.01081848144531,303.4764404296875,48.3255729675293,44.94132995605469,104.69335174560547,43.21833419799805,51.3629150390625,148.2888946533203,127.25716400146484,78.62924194335938,40.18452835083008,40.10655975341797,132.8693084716797,109.86141967773438
2025-07-14,69.42121124267578,165.0242156982422,340.07513427734375,193.4655303955078,106.83162689208984,220.89569091796875,162.68492126464844,289.9145812988281,39.19387435913086,108.67678833007812,84.90242767333984,92.14482116699219,106.89598083496094,72.08031463623047,63.5976448059082,54.517913818359375,85.53121185302734,24.030811309814453,181.59811401367188,187.1536865234375,617.9627685546875,55.33981704711914,75.43480682373047,127.23684692382812,304.1683349609375,48.384037017822266,44.69089126586914,105.7204360961914,42.74314880371094,51.7469482421875,149.0885772705078,127.15270233154297,78.69735717773438,40.455196380615234,40.26708221435547,132.71205139160156,110.26826477050781
2025-07-15,68.73092651367188,163.31387329101562,338.3525085449219,191.00576782226562,107.07323455810547,216.57061767578125,158.80047607421875,285.66534423828125,38.720027923583984,107.38685607910156,83.4936294555664,93.29304504394531,106.53785705566406,71.4464111328125,62.894596099853516,55.62691879272461,84.13582611083984,23.731754302978516,179.0798797607422,185.73361206054688,615.322021484375,54.785831451416016,74.56160736083984,126.5882339477539,302.5670471191406,48.734859466552734,43.772621154785156,104.67359161376953,42.1273307800293,50.8607063293457,147.97299194335938,128.2817840576172,77.90921783447266,39.93319320678711,39.8828010559082,130.3237762451172,108.6905288696289
2025-07-16,69.04730224609375,163.88729858398438,339.60986328125,191.68467712402344,107.44684600830078,218.7480010986328,159.82321166992188,289.4070739746094,38.55562973022461,108.13932037353516,84.3507308959961,93.50092315673828,106.4410629272461,71.49516296386719,63.21682357788086,55.460079193115234,84.26356506347656,23.924694061279297,179.7782745361328,186.00973510742188,617.3792724609375,55.04824447631836,74.89148712158203,127.0894546508789,303.7136535644531,48.9589958190918,43.89046859741211,104.98961639404297,41.76366424560547,51.215206146240234,148.4962158203125,128.6796875,78.1816635131836,40.368194580078125,39.902259826660156,131.9454345703125,108.88898468017578
2025-07-17,69.40203094482422,165.7360382080078,341.76800537109375,192.8555145263672,108.21150970458984,221.61819458007812,161.6031951904297,293.4274597167969,38.65233612060547,108.55951690673828,83.44436645507812,94.5402603149414,106.80886840820312,71.6219482421875,63.500003814697266,55.86246109008789,84.55836486816406,23.857162475585938,181.2439727783203,186.5225372314453,621.1574096679688,55.17459487915039,74.95939636230469,127.73804473876953,305.6905822753906,49.26109313964844,44.19983673095703,105.35503387451172,42.02065658569336,51.70756530761719,149.8685302734375,129.8485565185547,78.92115020751953,40.32952880859375,40.067649841308594,130.44171142578125,109.2610855102539
2025-07-18,68.8459701538086,165.380126953125,341.7284240722656,192.72760009765625,108.16419219970703,220.04454040527344,160.62960815429688,291.3376770019531,38.38156509399414,108.72565460205078,82.96163177490234,94.20370483398438,106.77014923095703,72.3436279296875,63.37306594848633,56.38261413574219,84.5190658569336,23.895751953125,181.17510986328125,187.4593963623047,620.702392578125,55.04824447631836,74.87207794189453,127.62994384765625,305.5225524902344,49.20262145996094,44.302955627441406,104.8711166381836,41.68122863769531,51.73710632324219,149.5328826904297,129.76400756835938,78.70708465576172,40.445526123046875,40.73892593383789,129.57681274414062,110.22856903076172
2025-07-21,69.61295318603516,165.13296508789062,341.9957275390625,192.6784210205078,108.44813537597656,219.15377807617188,160.60012817382812,289.0588073730469,38.14947509765625,108.66700744628906,82.56755828857422,94.32249450683594,108.5027084350586,73.01655578613281,63.46094512939453,56.73592758178711,85.62947082519531,24.011516571044922,180.55540466308594,188.1990203857422,621.8794555664062,55.4078483581543,75.22135162353516,127.94442749023438,305.8684997558594,49.45599365234375,44.528846740722656,106.27347564697266,41.24967575073242,51.58939743041992,148.7430419921875,129.93312072753906,78.69735717773438,40.600196838378906,40.870262145996094,128.83969116210938,110.74952697753906
2025-07-22,69.96768188476562,165.46910095214844,342.20361328125,194.32154846191406,107.76068115234375,220.97486877441406,162.9897918701172,289.6061096191406,38.468597412109375,109.16539001464844,84.08473205566406,93.3029556274414,108.63821411132812,74.10882568359375,63.919883728027344,57.5799446105957,87.10346984863281,24.349163055419922,182.8572235107422,190.14175415039062,621.9684448242188,55.670257568359375,75.66766357421875,128.2982177734375,306.22430419921875,49.465736389160156,45.14266586303711,106.5203628540039,41.443634033203125,51.874969482421875,149.0984649658203,128.72943115234375,79.41739654541016,41.30586242675781,41.371299743652344,131.23779296875,111.87081146240234
2025-07-23,73.33280181884766,169.33470153808594,345.0647277832031,195.82691955566406,108.74453735351562,224.34982299804688,164.99594116210938,294.72113037109375,39.019805908203125,110.46510314941406,86.02552795410156,93.9166488647461,109.50933074951172,73.3578872680664,64.17376708984375,58.149169921875,87.87977600097656,24.368457794189453,184.37208557128906,193.79054260253906,627.2598266601562,56.85597229003906,77.20060729980469,129.77236938476562,308.8042297363281,49.92375183105469,45.29488754272461,107.10304260253906,42.0933837890625,52.288543701171875,151.7739715576172,129.465576171875,79.44658660888672,41.4218635559082,41.05997848510742,133.93077087402344,112.40169525146484
2025-07-24,73.39032745361328,168.6426544189453,345.0350341796875,195.1283416748047,109.0583724975586,221.2519989013672,162.6259307861328,291.34759521484375,39.08749771118164,110.55304718017578,85.83834075927734,94.38188171386719,110.0320053100586,73.09456634521484,63.871070861816406,58.08047103881836,86.88728332519531,24.223752975463867,183.78189086914062,190.7827606201172,627.4674072265625,56.457496643066406,76.35652160644531,129.42837524414062,308.6954650878906,49.68012619018555,44.82838821411133,107.28080749511719,42.39402389526367,52.25900650024414,151.5172882080078,130.0126953125,79.16441345214844,41.36386489868164,41.0064697265625,133.4295196533203,110.5411376953125
2025-07-25,72.55623626708984,169.5522003173828,346.6487121582031,195.87611389160156,109.56399536132812,222.07347106933594,162.87176513671875,292.5716247558594,38.932769775390625,110.96348571777344,86.17330169677734,94.5402603149414,109.55773162841797,73.36763763427734,63.871070861816406,57.83511734008789,87.0150375366211,24.223752975463867,184.66720581054688,191.62098693847656,630.1181030273438,56.38945770263672,76.52146911621094,129.7035369873047,310.0694580078125,49.543697357177734,45.358726501464844,106.28335571289062,42.234004974365234,52.62335205078125,153.0179443359375,130.31114196777344,79.30062866210938,41.36386489868164,41.11347961425781,134.13714599609375,111.56816101074219
2025-07-28,71.20442962646484,167.92095947265625,346.5695495605469,195.01026916503906,109.94508361816406,221.81613159179688,162.6455841064453,292.4920349121094,39.242225646972656,109.69309997558594,85.24723815917969,95.09457397460938,108.68661499023438,72.36312866210938,62.88482666015625,57.60939025878906,85.48207092285156,23.866811752319336,183.57530212402344,191.44349670410156,629.9598999023438,55.55363464355469,75.14373779296875,129.05496215820312,309.98046875,49.15389633178711,44.700714111328125,105.71055603027344,42.714046478271484,52.25900650024414,152.54405212402344,131.3506622314453,78.4832992553711,40.64853286743164,40.67569351196289,132.96759033203125,112.21810913085938
2025-07-29,70.83052825927734,166.58627319335938,345.5399475097656,194.86268615722656,109.37470245361328,220.4008331298828,161.5638427734375,290.5316162109375,39.64837646484375,109.51719665527344,84.47880554199219,94.92630004882812,108.30912780761719,72.88001251220703,63.236358642578125,57.47199630737305,85.23639678955078,24.2333984375,183.4867706298828,189.7867431640625,628.2982788085938,55.5341911315918,75.0370101928711,128.81907653808594,309.00189208984375,49.18313217163086,44.528846740722656,104.8019790649414,43.13105392456055,51.99312973022461,150.80645751953125,131.3556671142578,78.9990005493164,41.325199127197266,41.14267349243164,132.12234497070312,111.44412994384766
2025-07-30,70.92640686035156,165.76571655273438,345.00531005859375,193.8984832763672,109.64868927001953,219.28245544433594,159.49871826171875,291.4869384765625,39.09716796875,109.07745361328125,84.22265625,95.3519287109375,108.19297790527344,73.04580688476562,62.80670928955078,56.81443786621094,83.41847229003906,23.93433952331543,182.29653930664062,187.8637237548828,627.5070190429688,55.116275787353516,74.22203063964844,128.36700439453125,308.64605712890625,48.78358459472656,43.630210876464844,105.12788391113281,42.5152473449707,51.89466094970703,150.06600952148438,131.64910888671875,78.29843139648438,40.74519729614258,41.44912338256836,131.88645935058594,110.73959350585938
2025-07-31,70.58126831054688,165.58775329589844,343.8866271972656,192.27500915527344,109.69600677490234,217.13475036621094,157.7285614013672,288.7403564453125,38.89409255981445,108.53997802734375,81.82867431640625,94.8966064453125,109.8868179321289,73.19209289550781,62.259883880615234,56.36298370361328,82.78956604003906,23.596691131591797,180.63409423828125,185.5265350341797,625.1531372070312,54.64004898071289,73.39733123779297,127.68890380859375,307.3017883300781,48.53021240234375,43.080238342285156,106.07596588134766,42.28734588623047,51.5697021484375,150.07586669921875,130.6841583251953,77.6270523071289,40.02986145019531,41.672882080078125,128.19100952148438,109.86141967773438
2025-08-01,71.01268768310547,163.5709228515625,338.1446228027344,189.65782165527344,107.57884979248047,212.71070861816406,154.4931640625,283.06805419921875,38.391239166259766,107.07414245605469,82.33111572265625,93.0851821899414,108.6285400390625,73.73823547363281,62.80670928955078,55.46989440917969,82.4554672241211,23.587045669555664,178.59786987304688,183.48516845703125,614.9066162109375,54.4456672668457,73.01895141601562,126.19513702392578,302.2111511230469,48.2768440246582,42.584266662597656,104.8019790649414,41.5018196105957,50.614532470703125,147.8347625732422,127.86398315429688,77.99678802490234,39.91386413574219,41.736122131347656,128.87899780273438,107.2120132446289
2025-08-04,72.18233489990234,165.11318969726562,343.1837463378906,191.67483520507812,109.68853759765625,217.47125244140625,157.1876983642578,290.22314453125,38.391239166259766,108.27613067626953,83.5133285522461,94.96589660644531,111.26124572753906,74.82075500488281,63.04106140136719,56.402244567871094,83.74275207519531,23.837867736816406,180.78164672851562,185.46734619140625,624.2530517578125,55.2037467956543,73.863037109375,127.96409606933594,306.9459228515625,48.72511672973633,43.14897918701172,106.81665802001953,41.409698486328125,51.11673355102539,149.19717407226562,130.46035766601562,78.37626647949219,40.252193450927734,42.475502014160156,130.72671508789062,108.47222900390625
2025-08-05,71.93305969238281,164.94512939453125,341.7185363769531,191.4682159423828,108.82673645019531,218.5797576904297,158.318603515625,291.5566101074219,38.55562973022461,108.27613067626953,83.12910461425781,94.19381713867188,110.63211822509766,74.28436279296875,63.08988571166992,56.784996032714844,84.29304504394531,23.982574462890625,180.27996826171875,185.4279022216797,621.088134765625,55.300941467285156,73.94066619873047,127.70857238769531,305.59173583984375,48.881038665771484,43.453433990478516,105.9870834350586,41.463035583496094,50.90994644165039,148.89114379882812,129.38101196289062,78.29843139648438,40.38752746582031,42.02311325073242,130.22549438476562,108.61113739013672
2025-08-06,72.89179229736328,165.7854766845703,344.08465576171875,191.5174102783203,110.32617950439453,218.292724609375,158.42678833007812,290.40228271484375,38.42991638183594,109.1458511352539,81.848388671875,95.19355010986328,111.36772155761719,74.06980895996094,63.890594482421875,57.27571105957031,84.38148498535156,23.866811752319336,179.8766632080078,188.3272247314453,625.845458984375,55.72857666015625,74.2899398803711,128.54391479492188,307.6575927734375,49.095428466796875,42.982025146484375,106.39198303222656,41.0799674987793,51.156124114990234,149.0095977783203,130.83834838867188,79.41739654541016,40.049198150634766,41.6485595703125,128.26963806152344,110.86859893798828
2025-08-07,73.45743560791016,166.20071411132812,343.8866271972656,191.5370635986328,110.16427612304688,217.5801239013672,158.09242248535156,289.64593505859375,38.3428840637207,108.80381774902344,81.50357055664062,95.58949279785156,110.990234375,74.56718444824219,64.38859558105469,57.11867904663086,85.03987884521484,23.963279724121094,179.76844787597656,188.40611267089844,625.3212280273438,56.12704849243164,75.07582092285156,128.77976989746094,307.47967529296875,49.45599365234375,43.16862487792969,105.93769836425781,40.91995620727539,50.584983825683594,148.79241943359375,130.95773315429688,80.02066040039062,40.203861236572266,42.100948333740234,126.79537963867188,110.83386993408203
2025-08-08,74.71336364746094,166.55662536621094,346.2032470703125,192.5111541748047,111.07091522216797,218.05520629882812,158.3972930908203,290.12359619140625,38.4395866394043,109.5758285522461,82.1143798828125,96.44076538085938,112.04525756835938,74.19659423828125,64.54483032226562,57.10886764526367,85.73756408691406,23.847515106201172,180.09304809570312,189.1851806640625,630.1972045898438,56.38945770263672,75.31837463378906,129.53648376464844,309.41705322265625,49.397518157958984,43.38468551635742,106.29322814941406,41.18179702758789,51.05765151977539,148.91087341308594,132.265869140625,80.25418090820312,39.87519073486328,41.920963287353516,127.92564392089844,111.0273666381836
2025-08-11,74.57913970947266,165.39990234375,345.4310302734375,192.0093536376953,110.86666870117188,218.00570678710938,158.17108154296875,290.31268310546875,38.25585174560547,109.49765014648438,82.05526733398438,95.93594360351562,111.90007019042969,73.92353057861328,64.64247131347656,56.7457389831543,85.35433197021484,23.731754302978516,179.60122680664062,188.82029724121094,628.9509887695312,56.16592788696289,74.9302978515625,129.19253540039062,308.70538330078125,49.33905029296875,43.286476135253906,106.83639526367188,40.85206985473633,51.0379638671875,148.4271240234375,131.37057495117188,80.18607330322266,39.6431884765625,41.78963088989258,128.05340576171875,111.31513214111328
2025-08-12,75.95970916748047,167.7133331298828,349.3712463378906,194.1149139404297,112.15938568115234,224.4784698486328,163.1766357421875,298.0847473144531,38.468597412109375,110.86576080322266,82.77444458007812,97.26233673095703,113.78749084472656,74.1673355102539,64.75965118408203,57.638832092285156,86.3468246459961,23.857162475585938,181.8833770751953,191.354736328125,635.6467895507812,56.79765701293945,75.69676208496094,130.7354278564453,312.48126220703125,49.904258728027344,43.851192474365234,108.88069152832031,41.050872802734375,51.658329010009766,149.96726989746094,133.40489196777344,80.40013122558594,39.71086120605469,41.969608306884766,128.93795776367188,112.49595642089844
2025-08-13,75.99805450439453,168.22743225097656,350.7275390625,196.03353881835938,112.05726623535156,228.84317016601562,166.80538940429688,303.3291320800781,38.76837921142578,111.43254852294922,84.12413787841797,97.10396575927734,114.1746597290039,74.5281753540039,64.74012756347656,59.43483352661133,87.22139739990234,24.079044342041016,184.4803009033203,194.22445678710938,637.82275390625,57.0600700378418,76.24979400634766,131.39389038085938,313.9936218261719,50.46947479248047,44.6761589050293,109.73001098632812,41.52606964111328,51.953739166259766,150.53990173339844,133.4546356201172,80.40013122558594,39.971858978271484,42.06203079223633,131.0019073486328,114.03897857666016
2025-08-14,75.54745483398438,167.16957092285156,350.4800109863281,195.46286010742188,112.19175720214844,225.89378356933594,164.9762725830078,298.9903564453125,38.79738998413086,112.09706115722656,84.39014434814453,96.84659576416016,114.27144622802734,74.36238861083984,64.31047821044922,58.1982421875,86.58265686035156,23.91504669189453,183.28021240234375,193.18899536132812,637.882080078125,56.9628791809082,76.39532470703125,131.0794219970703,313.5290832519531,49.904258728027344,44.20965576171875,109.81889343261719,41.487274169921875,52.19992446899414,149.20709228515625,133.16615295410156,79.68010711669922,39.6915283203125,41.770172119140625,131.66041564941406,113.90996551513672
2025-08-15,76.84172821044922,167.12013244628906,349.71771240234375,195.0988311767578,111.83807373046875,224.79519653320312,163.84535217285156,297.90557861328125,38.82640075683594,111.5009536743164,85.73982238769531,96.12400817871094,115.10385131835938,74.28436279296875,64.49600982666016,58.57118225097656,87.00520324707031,24.011516571044922,182.8277130126953,193.3369140625,636.388671875,57.215576171875,76.59907531738281,131.0794219970703,312.8173522949219,50.05044174194336,44.20965576171875,110.09541320800781,41.487274169921875,51.658329010009766,148.52584838867188,132.1564483642578,79.80660247802734,39.9525260925293,41.6485595703125,133.8717803955078,113.6370849609375
2025-08-18,76.98554229736328,167.51560974121094,349.7375183105469,195.11849975585938,111.87543487548828,225.61666870117188,164.36656188964844,299.34857177734375,38.54595947265625,111.14915466308594,85.6905746459961,96.41106414794922,114.68765258789062,73.94303131103516,64.50576782226562,58.924495697021484,86.49421691894531,23.828224182128906,182.7883758544922,194.00750732421875,636.2501220703125,57.15726089477539,76.45355224609375,131.148193359375,312.93597412109375,50.43049621582031,43.95431137084961,109.42385864257812,41.23998260498047,51.697715759277344,149.1083526611328,132.43995666503906,79.69956970214844,39.575523376464844,41.46857833862305,133.55728149414062,114.09354400634766
2025-08-19,76.71708679199219,167.58480834960938,347.7377624511719,195.74819946289062,110.32367706298828,223.8846435546875,164.29771423339844,295.1590270996094,38.536285400390625,111.04165649414062,86.13389587402344,94.58975219726562,113.60359191894531,74.35263061523438,65.11119079589844,58.482852935791016,86.74970245361328,24.165868759155273,183.64418029785156,194.2441864013672,632.7984008789062,57.089229583740234,76.61846923828125,130.5487060546875,311.03814697265625,50.06992721557617,44.219482421875,108.81155395507812,41.2545280456543,51.79618835449219,149.4341583251953,130.12709045410156,80.51689910888672,40.281192779541016,41.87232208251953,134.41233825683594,114.03897857666016
2025-08-20,76.352783203125,166.91253662109375,346.6982421875,195.94497680664062,109.67110443115234,223.09288024902344,163.579833984375,294.18377685546875,38.855411529541016,111.92115783691406,86.57722473144531,93.87705993652344,113.01316833496094,74.74272918701172,65.87283325195312,58.806724548339844,86.8971176147461,24.262338638305664,183.47694396972656,193.662353515625,631.1170654296875,57.23501205444336,77.03567504882812,130.38165283203125,310.21771240234375,50.05044174194336,44.25385284423828,108.48565673828125,41.59880065917969,52.06206512451172,149.29591369628906,129.24671936035156,80.97421264648438,40.43585968017578,41.916099548339844,135.1396484375,112.9127197265625
2025-08-21,75.45157623291016,166.22048950195312,345.4904479980469,195.21688842773438,109.20283508300781,223.64712524414062,163.5699920654297,295.6764831542969,39.09716796875,111.6866226196289,86.23241424560547,93.4613265991211,112.92605590820312,74.35263061523438,65.11119079589844,58.88523483276367,86.98554992675781,24.165868759155273,182.83755493164062,192.07464599609375,628.5850830078125,56.9628791809082,76.56996154785156,129.90992736816406,309.1501770019531,49.96273422241211,44.386436462402344,108.36714172363281,41.8848876953125,51.89466094970703,148.76278686523438,128.7791748046875,80.24444580078125,40.29086685180664,41.62910461425781,134.68753051757812,112.24291229248047
2025-08-22,76.71708679199219,168.7909393310547,350.98492431640625,198.52281188964844,110.9040298461914,232.41603088378906,170.6210174560547,305.787109375,39.84178924560547,113.27949523925781,87.0008544921875,94.86689758300781,114.70701599121094,74.75247955322266,65.1209487915039,60.42606735229492,88.54798889160156,24.532459259033203,186.39849853515625,197.2914276123047,638.2380981445312,57.88618087768555,77.80215454101562,132.1309356689453,314.5075988769531,50.83978271484375,45.26542663574219,109.9275131225586,42.73829650878906,52.751365661621094,151.1914825439453,130.52500915527344,80.24444580078125,40.928863525390625,41.85286331176758,135.7981414794922,115.65144348144531
2025-08-25,75.78713989257812,166.86309814453125,349.5296325683594,197.18470764160156,110.72470092773438,229.971435546875,169.2442626953125,302.5429382324219,39.822444915771484,112.30227661132812,85.79893493652344,94.8075180053711,114.84252166748047,73.73823547363281,64.14447784423828,60.39662551879883,87.95838928222656,24.37810516357422,184.97213745117188,196.62083435058594,635.42919921875,57.1669807434082,76.6475830078125,131.26614379882812,312.9952697753906,50.62539291381836,45.01498794555664,110.10529327392578,42.849822998046875,52.446102142333984,149.6809539794922,130.23155212402344,78.87249755859375,40.72586441040039,41.38102340698242,133.86195373535156,115.41825866699219
2025-08-26,75.6624984741211,167.9506072998047,350.9453430175781,197.54873657226562,111.37229919433594,231.87168884277344,170.19818115234375,305.1800842285156,39.725746154785156,112.53681945800781,86.17330169677734,95.22325134277344,114.42632293701172,73.82599639892578,63.949180603027344,60.47513961791992,88.23353576660156,24.349163055419922,185.1000213623047,196.56167602539062,638.0897216796875,57.18642044067383,76.53115844726562,131.61009216308594,314.41864013671875,50.5181999206543,45.137752532958984,109.62136840820312,42.78193664550781,52.84983444213867,151.2211151123047,130.8284149169922,78.35680389404297,40.609859466552734,41.47344970703125,134.6973876953125,115.94912719726562
2025-08-27,75.38446807861328,167.97036743164062,351.9056396484375,198.26699829101562,111.59896087646484,233.51463317871094,171.63392639160156,307.09075927734375,40.131893157958984,112.45863342285156,86.25212097167969,95.70828247070312,114.30048370361328,73.92353057861328,64.00777435302734,58.90486526489258,88.25318908691406,24.59033966064453,185.76893615722656,196.3151397705078,639.543701171875,57.11838912963867,76.31771850585938,131.66905212402344,315.2588195800781,50.1771240234375,45.250694274902344,109.80901336669922,43.26198196411133,52.958152770996094,151.20135498046875,131.53472900390625,78.59033203125,40.78386306762695,41.48316955566406,134.61874389648438,115.97393035888672
2025-08-28,76.0172348022461,168.54379272460938,353.1629638671875,198.35557556152344,112.31878662109375,233.791748046875,171.19140625,308.8123779296875,40.43167495727539,112.86906433105469,85.9565658569336,96.25269317626953,115.09417724609375,73.47491455078125,63.773414611816406,59.32687759399414,88.55782318115234,24.561397552490234,185.68040466308594,196.77862548828125,641.8085327148438,57.35163879394531,76.5020523071289,132.18991088867188,316.4054260253906,50.362281799316406,45.250694274902344,110.22380065917969,43.591705322265625,53.02708435058594,151.46792602539062,132.57424926757812,78.09410095214844,40.67753601074219,41.1669921875,134.08799743652344,116.1723861694336
2025-08-29,75.04891204833984,166.94219970703125,351.16314697265625,198.38507080078125,110.9862289428711,232.75254821777344,171.18157958984375,306.205078125,40.586402893066406,112.85929107666016,86.3604965209961,94.49076080322266,114.83283996582031,73.12382507324219,64.12494659423828,60.170902252197266,88.52833557128906,24.677162170410156,185.54269409179688,195.5261993408203,637.98095703125,57.0600700378418,76.1624755859375,131.46267700195312,314.5274353027344,50.216102600097656,45.31452560424805,110.00652313232422,43.82929992675781,53.16495132446289,150.07586669921875,130.53994750976562,78.60005950927734,40.899864196777344,41.01619338989258,135.0708465576172,114.9766845703125
2025-09-02,74.92428588867188,165.59762573242188,348.5891418457031,197.3716583251953,110.01483154296875,231.49559020996094,170.27682495117188,304.413818359375,40.586402893066406,112.03842163085938,86.22256469726562,93.51081848144531,114.22306060791016,72.26560974121094,63.949180603027344,60.49476623535156,88.08612823486328,24.2333984375,184.07699584960938,194.55975341796875,633.2533569335938,56.554683685302734,75.10493469238281,130.5192413330078,312.3428955078125,50.14788818359375,44.975704193115234,109.81889343261719,43.892333984375,52.771060943603516,148.64431762695312,129.22183227539062,78.47357177734375,40.203861236572266,40.87999725341797,135.1986083984375,114.11834716796875
2025-09-03,74.71336364746094,165.31092834472656,350.3216247558594,197.2240447998047,111.11823272705078,231.26795959472656,170.13916015625,304.0555725097656,39.832115173339844,111.83321380615234,86.31122589111328,94.06513214111328,116.49765014648438,72.24610137939453,64.04682159423828,60.190528869628906,88.09596252441406,24.300928115844727,183.79171752929688,195.2106170654297,636.685302734375,56.6810302734375,75.4154052734375,131.00079345703125,313.6674499511719,50.28431701660156,44.67124938964844,111.6557846069336,42.90800476074219,52.682437896728516,147.89398193359375,129.99281311035156,78.4151840209961,40.0975227355957,40.7778434753418,134.55975341796875,114.57977294921875
2025-09-04,75.4803466796875,166.6950225830078,353.2619323730469,198.83766174316406,112.10210418701172,234.15794372558594,172.3026580810547,307.6181640625,39.986839294433594,112.88861083984375,86.57722473144531,94.68873596191406,117.74624633789062,72.32412719726562,64.30070495605469,59.179664611816406,88.39076232910156,24.45528221130371,185.1492156982422,197.1829376220703,642.00634765625,57.030914306640625,75.86170959472656,131.9344024658203,316.4450378417969,50.06992721557617,44.84312057495117,112.66311645507812,43.194091796875,53.23387908935547,149.5625,130.63442993164062,78.46383666992188,40.368194580078125,40.72919845581055,135.0708465576172,116.67350006103516
2025-09-05,75.9117660522461,166.74447631835938,352.4798278808594,198.345703125,111.9078140258789,235.32582092285156,173.07952880859375,309.31988525390625,39.31958770751953,111.61822509765625,87.0008544921875,94.55015563964844,118.48186492919922,72.33387756347656,64.52529907226562,60.21015167236328,89.04914855957031,24.69645881652832,185.36561584472656,197.7845001220703,640.1469116210938,57.30304718017578,76.23039245605469,132.06216430664062,315.8617858886719,50.6448860168457,45.15739440917969,113.26554870605469,42.36008071899414,52.25900650024414,149.0095977783203,130.7438507080078,78.68762969970703,40.77419662475586,40.602725982666016,135.53277587890625,116.64868927001953
2025-09-08,77.61830139160156,168.03958129882812,353.5985412597656,198.26699829101562,112.54046630859375,235.80087280273438,173.03036499023438,310.54388427734375,39.38727951049805,111.98956298828125,86.98114776611328,95.47071075439453,118.38507080078125,72.05105590820312,64.41789245605469,61.14250183105469,89.65839385986328,24.667516708374023,185.21804809570312,199.50042724609375,641.7195434570312,57.857032775878906,76.7737045288086,132.7795867919922,316.8700256347656,51.14188003540039,45.196678161621094,113.39392852783203,42.26310729980469,52.298397064208984,149.3452911376953,131.72372436523438,78.3957290649414,40.5035285949707,40.18925857543945,135.483642578125,117.10018157958984
2025-09-09,76.75543975830078,166.68515014648438,354.1826477050781,198.49331665039062,112.89913940429688,234.415283203125,171.8109588623047,309.3099365234375,39.5420036315918,112.27295684814453,87.2077407836914,95.78746032714844,119.74014282226562,72.32412719726562,64.43741607666016,61.80005645751953,88.80348205566406,24.60963249206543,184.6475372314453,199.2637481689453,643.203125,57.70151901245117,76.63787078857422,132.90733337402344,317.2752990722656,51.33678436279297,44.4600944519043,114.0358657836914,42.466758728027344,52.52488327026367,148.3382568359375,131.97738647460938,78.55140686035156,40.48419952392578,40.466529846191406,136.2109375,116.93645477294922
2025-09-10,77.0430679321289,167.81219482421875,355.20233154296875,197.99151611328125,113.63890075683594,233.9995880126953,171.75193786621094,308.1854248046875,40.131893157958984,112.50748443603516,86.54767608642578,97.48011016845703,119.0335693359375,73.21160125732422,63.81247329711914,61.37804412841797,88.83296203613281,24.628931045532227,184.4606475830078,197.52810668945312,645.0624389648438,57.74040222167969,76.43414306640625,133.19232177734375,318.0858154296875,51.57065963745117,44.543575286865234,113.19641876220703,43.208641052246094,52.347633361816406,149.4341583251953,134.3698272705078,77.78273010253906,40.46485900878906,41.16212463378906,134.9725799560547,115.5373306274414
2025-09-11,77.96343994140625,169.7499237060547,358.2317810058594,200.5791778564453,114.23668670654297,238.3246612548828,174.53497314453125,314.1761779785156,40.10288619995117,114.05149841308594,87.81854248046875,97.78694915771484,120.0692367553711,73.60169219970703,64.38859558105469,63.01701736450195,90.42488098144531,24.99551773071289,187.22479248046875,201.37413024902344,650.4231567382812,58.38185119628906,77.25881958007812,134.5092010498047,321.0314025878906,52.213836669921875,45.47658157348633,114.9345474243164,43.21833419799805,53.2043342590332,150.85581970214844,134.82244873046875,78.4151840209961,41.122196197509766,41.38102340698242,137.32154846191406,117.78486633300781
2025-09-12,77.42655181884766,168.80084228515625,357.8753356933594,199.36898803710938,114.61029815673828,235.88995361328125,172.63699340820312,311.3499755859375,39.89013671875,113.53357696533203,86.84322357177734,98.0641098022461,120.3692855834961,74.00154876708984,64.08589172363281,62.76184844970703,89.93354797363281,24.94727897644043,185.87713623046875,201.37413024902344,650.2055053710938,58.13888168334961,76.99686431884766,134.24386596679688,320.5668640136719,52.11638259887695,45.0198974609375,115.89250183105469,42.961341857910156,52.977848052978516,149.65133666992188,134.73292541503906,78.1524658203125,40.938533782958984,41.590187072753906,135.73916625976562,118.3951187133789
2025-09-15,77.99219512939453,169.99710083007812,359.5880432128906,199.29026794433594,115.71121978759766,236.88958740234375,173.30572509765625,312.8426818847656,40.05453109741211,114.2762680053711,86.10433959960938,98.89559173583984,122.17928314208984,74.27461242675781,63.69530487060547,63.232933044433594,89.95319366455078,24.937633514404297,185.55252075195312,203.21826171875,653.6671142578125,58.605384826660156,77.56929016113281,135.00059509277344,322.1286315917969,52.46720504760742,44.656517028808594,117.52201843261719,42.81587600708008,52.859683990478516,150.34243774414062,135.9465789794922,77.2573013305664,40.89019775390625,41.68747329711914,134.57943725585938,119.4221420288086
2025-09-16,77.99219512939453,169.50277709960938,359.202880859375,199.13412475585938,115.51949310302734,236.49951171875,172.88780212402344,312.959228515625,40.49937057495117,113.43585968017578,86.26197052001953,98.59862518310547,122.44061279296875,73.27986145019531,63.68553161621094,63.654937744140625,89.62891387939453,24.8364200592041,185.0606689453125,204.43124389648438,652.76708984375,58.537353515625,77.32673645019531,134.95144653320312,321.6937561035156,52.79853820800781,44.51902389526367,117.0479736328125,43.53351593017578,52.741519927978516,149.89816284179688,135.47402954101562,77.60758209228516,40.64853286743164,40.92863845825195,134.57943725585938,120.15643310546875
2025-09-17,77.81962585449219,168.19776916503906,358.7363586425781,199.7270965576172,115.05828094482422,237.10494995117188,172.9668426513672,313.8459777832031,40.48969650268555,113.77787780761719,86.3309326171875,98.10370635986328,122.49868774414062,73.20184326171875,63.91012191772461,64.57748413085938,89.41273498535156,24.739097595214844,185.2377471923828,204.7665252685547,651.9561157226562,58.333255767822266,77.0259780883789,134.75491333007812,321.4070739746094,53.12986373901367,44.62214660644531,117.3541259765625,43.63534164428711,53.25357437133789,149.21694946289062,135.00648498535156,78.07463073730469,40.62919616699219,41.03078842163086,134.8448028564453,119.85379028320312
2025-09-18,78.12641906738281,169.7499237060547,360.6422119140625,200.7351837158203,115.71147155761719,243.01048278808594,176.7903594970703,322.6533203125,40.3349723815918,113.71925354003906,86.54767608642578,99.8359375,122.25670623779297,73.07505798339844,63.4218864440918,63.5469856262207,89.11793518066406,24.778024673461914,186.4476776123047,204.3424835205078,655.0023803710938,58.517913818359375,77.33644104003906,135.3838653564453,323.433349609375,52.88623809814453,44.62214660644531,117.44300079345703,43.499576568603516,53.30281066894531,150.80645751953125,137.3392333984375,77.39352416992188,40.658199310302734,41.05997848510742,135.11016845703125,119.31298065185547
2025-09-19,77.45531463623047,169.4829864501953,362.1510009765625,200.39915466308594,116.83834075927734,241.16436767578125,174.7748565673828,321.2186279296875,39.86112976074219,113.95378112792969,86.42945098876953,100.57832336425781,122.2857437133789,73.34812927246094,63.255882263183594,63.24274826049805,89.32429504394531,24.651508331298828,186.123046875,203.80995178222656,658.2465209960938,58.251319885253906,76.97554016113281,135.5692596435547,324.6492004394531,52.81766891479492,44.60250473022461,117.92691802978516,42.92255401611328,53.42097091674805,151.1717529296875,138.73196411132812,77.23783874511719,40.455196380615234,41.32265090942383,134.93324279785156,119.76448059082031
2025-09-22,77.89632415771484,170.22447204589844,363.75909423828125,200.112548828125,117.84305572509766,242.56385803222656,175.32814025878906,323.7492370605469,39.9384880065918,113.94400024414062,86.4590072631836,102.27095794677734,121.19200897216797,74.06980895996094,62.826236724853516,63.232933044433594,89.92372131347656,24.690439224243164,186.21197509765625,203.72119140625,661.3607177734375,58.563819885253906,77.29656219482422,136.12152099609375,326.05279541015625,52.964603424072266,44.58720779418945,117.5156478881836,42.8731575012207,53.3498420715332,151.67733764648438,140.77285766601562,76.37669372558594,40.58863830566406,41.72323226928711,134.89869689941406,119.37432098388672
2025-09-23,77.74292755126953,170.1552734375,361.8730773925781,200.26080322265625,116.61146545410156,242.01795959472656,175.21946716308594,322.8724670410156,40.528377532958984,113.45539855957031,86.35063934326172,101.39990234375,120.71773529052734,74.36238861083984,63.00199890136719,62.477237701416016,89.90406799316406,24.826688766479492,186.43922424316406,202.77447509765625,657.7606201171875,58.47592544555664,77.24793243408203,135.60870361328125,324.30322265625,52.954811096191406,44.444129943847656,117.34717559814453,43.61159133911133,53.11273193359375,151.71697998046875,139.5576629638672,76.7587661743164,40.91007995605469,41.93870544433594,135.2047576904297,118.25105285644531
2025-09-24,77.5128402709961,169.295166015625,360.5131530761719,199.86546325683594,115.98322296142578,239.79469299316406,174.73533630371094,318.1998291015625,40.91519546508789,112.84952545166016,85.84819793701172,100.7366943359375,120.24346160888672,74.74272918701172,62.74812316894531,63.38014602661133,89.05897521972656,24.573652267456055,186.00450134277344,203.74093627929688,655.6678466796875,58.06577682495117,76.74208068847656,134.99728393554688,323.1170959472656,52.856849670410156,43.901405334472656,116.37596893310547,44.178871154785156,52.96453857421875,150.933837890625,138.69607543945312,76.9253158569336,40.491233825683594,42.2374267578125,134.6617431640625,119.0860595703125
2025-09-25,77.13893127441406,168.17799377441406,358.7363586425781,198.93646240234375,115.3973388671875,237.501953125,172.99647521972656,314.95184326171875,41.166622161865234,112.34136199951172,84.28176879882812,100.53872680664062,119.6917495727539,74.23560333251953,62.33800506591797,63.556800842285156,88.90174865722656,24.48606300354004,184.47314453125,201.83761596679688,652.6429443359375,57.67515563964844,76.01250457763672,134.23793029785156,321.3873291015625,52.553192138671875,43.329078674316406,115.97956085205078,44.57497787475586,52.82622528076172,149.9127197265625,138.45204162597656,76.19054412841797,40.39383316040039,41.83096694946289,132.43038940429688,117.40612030029297
2025-09-26,77.11976623535156,169.46322631835938,360.91021728515625,200.606689453125,115.88847351074219,239.53663635253906,174.53775024414062,318.0105285644531,41.534095764160156,113.68016052246094,84.9910888671875,100.65750885009766,119.92404174804688,75.20109558105469,62.474708557128906,63.12497329711914,89.60926818847656,24.719633102416992,186.30088806152344,203.72119140625,656.3819580078125,58.016944885253906,76.81017303466797,134.9676971435547,323.4037170410156,52.45523452758789,43.83232879638672,117.10932159423828,44.98576736450195,53.21153259277344,151.26097106933594,138.87039184570312,76.37669372558594,40.79319381713867,42.51166534423828,133.78302001953125,119.1407241821289
2025-09-29,77.1868667602539,170.03663635253906,361.8035888671875,200.84388732910156,116.3172836303711,239.81454467773438,174.43893432617188,318.68798828125,40.79914474487305,114.14922332763672,85.3260498046875,101.26132202148438,120.01115417480469,75.51317596435547,62.49423599243164,64.31249237060547,90.36592102050781,24.719633102416992,186.92330932617188,205.05250549316406,658.2266845703125,58.30990982055664,77.0533676147461,135.4805145263672,324.2234802246094,52.83726119995117,44.000083923339844,117.48592376708984,44.159305572509766,53.478275299072266,151.72691345214844,139.61245727539062,76.52364349365234,40.87111282348633,42.634090423583984,134.1779327392578,119.66259002685547
2025-09-30,76.89925384521484,170.7880096435547,362.78631591796875,201.20956420898438,116.77851104736328,240.1520233154297,174.68594360351562,318.8573913574219,40.373653411865234,114.01241302490234,87.30625915527344,102.16207122802734,119.62399291992188,75.73748016357422,62.855533599853516,64.62654876708984,90.86708068847656,24.875347137451172,187.41729736328125,204.19454956054688,660.7061157226562,58.514984130859375,77.62731170654297,135.8946990966797,325.2840576171875,53.072357177734375,44.21717071533203,117.30753326416016,43.68983459472656,53.221405029296875,152.89671325683594,140.3744354248047,76.77836608886719,41.036705017089844,42.70754623413086,137.40650939941406,119.10592651367188
2025-10-01,76.89925384521484,171.04505920410156,364.1660461425781,201.48629760742188,117.4690933227539,240.6780548095703,175.41705322265625,318.8673400878906,40.46068572998047,113.43585968017578,90.34059143066406,103.17172241210938,118.97549438476562,76.34213256835938,62.59188461303711,65.01911163330078,90.65088653564453,24.953205108642578,187.8421173095703,205.52587890625,662.95751953125,58.95443344116211,78.52226257324219,136.59487915039062,326.4140319824219,53.40540313720703,43.753387451171875,115.66242980957031,43.68983459472656,52.74718475341797,152.47042846679688,141.74900817871094,76.66080474853516,41.036705017089844,43.11890411376953,141.6520233154297,119.8514633178711
2025-10-02,76.84172821044922,171.7568817138672,364.721923828125,201.674072265625,117.60371398925781,242.19662475585938,175.90115356445312,322.3045959472656,40.07387161254883,113.11337280273438,90.22237396240234,103.87451934814453,119.11100006103516,76.08856964111328,62.474708557128906,65.745361328125,90.9457015991211,24.846153259277344,188.2866973876953,205.1215362548828,663.7210693359375,59.08138656616211,78.70709228515625,136.79212951660156,326.88983154296875,53.55233383178711,44.26157760620117,115.4047622680664,43.249717712402344,52.707672119140625,152.86695861816406,142.51596069335938,76.35710144042969,40.822410583496094,43.04054641723633,141.3755645751953,118.98664855957031
2025-10-03,78.40444946289062,172.7158660888672,364.7616271972656,202.5635528564453,117.15995788574219,243.9930877685547,177.28433227539062,324.25732421875,40.43167495727539,113.96355438232422,91.2568130493164,103.75572967529297,118.78191375732422,76.86876678466797,62.513763427734375,65.31354522705078,91.33875274658203,24.99213409423828,188.9486541748047,205.752685546875,663.7113037109375,59.628257751464844,79.13510131835938,137.15699768066406,327.0682373046875,53.66988754272461,44.3355827331543,115.34530639648438,43.47956085205078,53.07321548461914,153.07516479492188,141.79881286621094,76.44527435302734,40.98800277709961,43.54005432128906,142.98492431640625,118.22123718261719
2025-10-06,79.83293914794922,173.18052673339844,366.12152099609375,202.82049560546875,117.89789581298828,244.9657745361328,177.6400146484375,326.5289306640625,40.64442443847656,113.68993377685547,91.01051330566406,104.84456634521484,119.23683166503906,77.34662628173828,62.14270782470703,65.40187072753906,91.31909942626953,24.826688766479492,188.8893585205078,206.63037109375,666.0914916992188,59.745445251464844,78.89190673828125,137.65008544921875,328.29730224609375,53.85599899291992,44.296112060546875,115.46422576904297,43.69472885131836,53.0534553527832,153.78892517089844,143.23312377929688,75.8868408203125,40.57889938354492,43.961204528808594,142.29379272460938,119.23515319824219
2025-10-07,78.57701873779297,171.83596801757812,364.52337646484375,202.14845275878906,117.2397232055664,242.3355712890625,175.63441467285156,323.0318908691406,40.683101654052734,113.5238037109375,90.8430404663086,103.84481811523438,118.22052764892578,77.54168701171875,62.523529052734375,64.58728790283203,90.69020080566406,24.690439224243164,188.05947875976562,203.78036499023438,663.6219482421875,59.22787094116211,78.29851531982422,136.80197143554688,326.7212829589844,53.5621337890625,44.118492126464844,115.01825714111328,43.76319122314453,53.12261199951172,152.91653442382812,142.2769012451172,76.59222412109375,40.4522705078125,44.161983489990234,142.4023895263672,117.14767456054688
2025-10-08,78.37568664550781,173.27938842773438,366.7369384765625,202.5536651611328,118.4114761352539,244.87644958496094,176.9780731201172,326.758056640625,40.43167495727539,113.41630554199219,91.0893325805664,105.50775909423828,118.2689208984375,78.02930450439453,62.44541549682617,64.90133666992188,91.1225814819336,24.554187774658203,188.67201232910156,203.96774291992188,667.5791625976562,59.413414001464844,78.7557144165039,137.54161071777344,328.8920593261719,53.86579895019531,44.35531997680664,114.5425796508789,43.5088996887207,52.865745544433594,154.2449493408203,144.77203369140625,76.21013641357422,40.24772262573242,44.46560287475586,142.6788330078125,117.4955825805664
2025-10-09,78.18394470214844,171.27244567871094,365.5755920410156,201.31826782226562,118.32173156738281,243.29832458496094,175.5553741455078,325.5325927734375,39.96750259399414,112.6540756225586,90.7543716430664,105.27019500732422,118.27860260009766,77.77574157714844,62.49423599243164,63.91011428833008,90.14972686767578,24.39847183227539,187.11102294921875,201.8573455810547,665.6452026367188,58.905609130859375,77.91913604736328,136.8217010498047,327.7521667480469,53.395606994628906,43.74845504760742,113.88849639892578,42.91717529296875,52.67802810668945,151.96482849121094,144.5279998779297,76.45507049560547,40.062652587890625,44.35297393798828,142.3629150390625,116.90910339355469
2025-10-10,75.1256103515625,167.56504821777344,355.7485656738281,197.1080780029297,114.54969787597656,236.01315307617188,170.26962280273438,316.1573791503906,38.92310333251953,110.4846420288086,89.53275299072266,101.01385498046875,115.56845092773438,77.68797302246094,62.78718566894531,60.249412536621094,88.39076232910156,24.135705947875977,182.89239501953125,196.21652221679688,647.6542358398438,57.79233932495117,77.02418518066406,133.2912139892578,318.9700622558594,51.46588134765625,42.850494384765625,111.78752899169922,41.675045013427734,51.53199768066406,148.60414123535156,138.64630126953125,76.51384735107422,39.624332427978516,44.171775817871094,140.30926513671875,113.6933822631836
2025-10-13,76.0172348022461,169.03811645507812,361.35693359375,199.2131805419922,116.82089233398438,242.5836944580078,173.97459411621094,326.27984619140625,39.36793899536133,111.5009536743164,89.41453552246094,103.60725402832031,117.05903625488281,78.05856323242188,62.562591552734375,62.123924255371094,90.29712677001953,24.34008026123047,184.67074584960938,199.6187744140625,657.5919189453125,58.39780044555664,77.55921173095703,135.4213409423828,324.054931640625,52.896034240722656,43.53136444091797,112.81819152832031,42.242313385009766,52.025978088378906,150.15066528320312,142.02291870117188,76.25912475585938,39.848365783691406,44.50967788696289,140.15127563476562,116.23316192626953
2025-10-14,76.73626708984375,170.1651611328125,360.9797058105469,200.74505615234375,115.9458236694336,246.047607421875,177.34361267089844,329.1192932128906,39.280906677246094,112.39999389648438,89.611572265625,102.12248229980469,117.12678527832031,78.78024291992188,63.34376907348633,61.41730499267578,90.63124084472656,24.524991989135742,186.20208740234375,200.9698028564453,656.78857421875,58.57358169555664,77.86076354980469,135.35231018066406,323.955810546875,52.425846099853516,43.965545654296875,113.56145477294922,42.237422943115234,52.598995208740234,151.91526794433594,140.20013427734375,77.48373413085938,40.228240966796875,44.906341552734375,140.5363311767578,116.47669982910156
2025-10-15,77.93467712402344,170.06631469726562,362.5083923339844,201.48629760742188,116.43446350097656,248.45947265625,178.6675262451172,333.7620849609375,39.29057693481445,112.1068344116211,89.71994018554688,103.29049682617188,118.28827667236328,79.5506820678711,63.626949310302734,62.07485580444336,91.10292053222656,24.80722427368164,186.57752990722656,201.7587432861328,659.7044067382812,58.98373031616211,78.0358657836914,136.11166381835938,325.4922180175781,53.21928787231445,43.7681884765625,114.36418914794922,42.21297073364258,52.598995208740234,151.28079223632812,141.58963012695312,77.62089538574219,40.81267166137695,45.493995666503906,140.75355529785156,116.64568328857422
2025-10-16,78.18394470214844,170.056396484375,359.9870910644531,199.48001098632812,115.87102508544922,243.22885131835938,174.70570373535156,326.6584167480469,38.90376281738281,110.46510314941406,89.95637512207031,103.65674591064453,118.03662109375,79.39464569091797,63.792945861816406,62.222068786621094,91.44685363769531,24.7974910736084,184.80906677246094,201.01910400390625,655.2116088867188,59.23763656616211,78.58061981201172,135.7467803955078,322.9051208496094,53.395606994628906,43.44255447387695,113.14523315429688,41.70438003540039,51.136810302734375,150.28945922851562,141.6942138671875,77.08206939697266,40.6860466003418,44.999385833740234,140.5166015625,115.51744842529297
2025-10-17,78.61537170410156,169.78948974609375,361.8830261230469,200.4683380126953,116.45690155029297,241.59117126464844,174.4093017578125,322.8326416015625,39.19387435913086,110.43578338623047,90.38986206054688,103.76563262939453,119.02389526367188,79.31663513183594,64.77918243408203,62.13373947143555,90.44453430175781,24.93374252319336,185.74761962890625,202.7547607421875,658.9308471679688,59.28646469116211,78.60008239746094,136.17083740234375,324.42169189453125,53.26826858520508,43.358680725097656,113.9083251953125,42.04670333862305,51.5517578125,150.41831970214844,141.9432373046875,78.11074829101562,40.949039459228516,44.84267807006836,141.45455932617188,116.51148223876953
2025-10-20,80.09180450439453,171.7469940185547,365.67486572265625,202.5141143798828,117.84056091308594,246.30567932128906,177.9462890625,329.10931396484375,39.45497131347656,111.69640350341797,91.1484375,105.10192108154297,120.65966033935547,79.34588623046875,64.68153381347656,62.92869186401367,91.52545928955078,25.14784812927246,187.60499572753906,204.33261108398438,665.7840576171875,59.80403518676758,78.94054412841797,137.5218963623047,328.0396423339844,53.90497970581055,43.87673568725586,115.1966552734375,42.49171829223633,52.15441131591797,152.19285583496094,143.52696228027344,78.04216766357422,41.377620697021484,44.82798767089844,142.95529174804688,117.43595123291016
2025-10-21,79.1618423461914,172.36984252929688,365.8931884765625,202.68214416503906,117.81063842773438,245.14443969726562,177.185546875,327.81414794921875,39.32925796508789,111.45210266113281,91.16814422607422,104.66638946533203,120.04987335205078,78.42915344238281,64.20306396484375,62.26132583618164,89.82545471191406,25.011598587036133,188.46453857421875,205.4962921142578,665.7741088867188,59.266929626464844,78.47361755371094,137.16685485839844,327.9999694824219,53.42499542236328,43.708980560302734,115.60297393798828,42.39391326904297,52.09513473510742,153.54110717773438,143.60166931152344,77.6796875,41.25099182128906,44.37255859375,143.29100036621094,118.8723373413086
2025-10-22,78.7879409790039,170.31346130371094,363.61016845703125,201.84207153320312,116.86327362060547,241.5216827392578,175.5751190185547,321.0691833496094,39.96750259399414,111.09052276611328,91.43413543701172,103.82501983642578,118.9077377319336,78.42915344238281,64.48624420166016,61.85894012451172,89.62891387939453,25.157581329345703,187.55560302734375,204.41151428222656,662.3128051757812,59.28646469116211,78.50279998779297,136.5751495361328,326.00762939453125,53.395606994628906,43.57577133178711,114.60203552246094,42.93673324584961,51.79874801635742,151.5484619140625,142.18228149414062,78.12053680419922,41.43606185913086,44.269718170166016,144.1104736328125,117.94290924072266
2025-10-23,78.82628631591797,172.27096557617188,365.8931884765625,202.69203186035156,117.90538024902344,244.5786895751953,177.15591430664062,325.9709777832031,40.55738830566406,111.22733306884766,91.43413543701172,104.9039535522461,118.75287628173828,78.4194107055664,64.37882995605469,62.91887664794922,90.48384094238281,25.18677520751953,188.44479370117188,205.3582305908203,666.2402954101562,59.58919143676758,78.95999908447266,137.4725799560547,328.0990905761719,53.79722595214844,44.0987548828125,114.21553802490234,43.5088996887207,51.90742111206055,153.44195556640625,143.9751739501953,77.73845672607422,41.39710235595703,44.23543930053711,144.189453125,118.4747085571289
2025-10-24,79.09473419189453,173.15086364746094,368.8314208984375,203.88787841796875,118.96743774414062,247.56617736816406,179.32948303222656,330.4344482421875,40.228599548339844,112.14591979980469,91.31592559814453,106.48770904541016,119.7982177734375,78.99479675292969,64.14447784423828,63.31144714355469,90.35608673095703,25.235437393188477,188.95851135253906,205.52587890625,671.6851806640625,59.784507751464844,79.07674407958984,138.3404083251953,330.77532958984375,54.05191421508789,43.91620635986328,114.51284790039062,43.06877136230469,52.470558166503906,153.57083129882812,146.21133422851562,77.48373413085938,41.543212890625,44.75453567504883,144.17958068847656,118.12184143066406
2025-10-27,80.08221435546875,174.03076171875,373.1394348144531,205.07383728027344,120.91951751708984,248.4296875,179.0824737548828,332.41705322265625,40.39299774169922,112.8006591796875,91.47354888916016,108.57628631591797,122.14056396484375,79.1898422241211,64.07612609863281,64.37137603759766,89.89424133300781,25.323026657104492,189.79827880859375,207.79403686523438,679.6095581054688,60.22394943237305,79.46585083007812,139.72103881835938,334.462646484375,54.502506256103516,43.89646911621094,116.1083984375,43.171470642089844,52.68791198730469,154.44320678710938,148.91064453125,77.6111068725586,41.63087844848633,44.87696075439453,144.51527404785156,119.82164764404297
2025-10-28,80.46570587158203,173.22994995117188,373.7648010253906,203.69021606445312,122.03890991210938,247.09971618652344,178.12413024902344,330.57391357421875,40.199588775634766,112.86906433105469,90.5474853515625,110.07095336914062,122.10185241699219,78.58519744873047,63.55858612060547,63.91011428833008,90.13008117675781,24.93374252319336,188.16815185546875,207.40945434570312,681.41455078125,60.21418762207031,79.26156616210938,139.81967163085938,334.9780578613281,54.47311782836914,43.95566940307617,115.53359985351562,42.721561431884766,52.35200500488281,153.34280395507812,150.3848114013672,76.83715057373047,40.705528259277344,44.13750076293945,143.60691833496094,119.8514633178711
2025-10-29,79.79460144042969,172.57745361328125,373.39752197265625,202.3362274169922,122.58738708496094,244.9955291748047,175.8616485595703,329.6473388671875,40.42200469970703,111.43254852294922,89.76919555664062,110.95191192626953,122.29542541503906,78.40965270996094,62.3477668762207,64.27323150634766,89.49134826660156,24.437402725219727,186.06378173828125,205.6639404296875,681.7418823242188,59.87239456176758,78.83354187011719,139.63229370117188,334.7401428222656,54.629852294921875,43.09225082397461,115.24620819091797,43.039432525634766,51.46284103393555,153.73934936523438,151.46554565429688,75.02471923828125,39.595115661621094,44.122806549072266,142.1555633544922,118.86238861083984
2025-10-30,79.77542114257812,172.02381896972656,369.6255187988281,201.4171142578125,120.715087890625,243.02041625976562,174.6167755126953,326.1602783203125,40.18024444580078,111.58890533447266,89.946533203125,109.48694610595703,119.12068176269531,78.33163452148438,62.269649505615234,63.18385696411133,89.11793518066406,24.49579429626465,185.26353454589844,202.08416748046875,674.2440185546875,59.598960876464844,78.4638900756836,138.3995819091797,331.1420593261719,54.06170654296875,42.514991760253906,113.29388427734375,42.785133361816406,51.60115432739258,153.3527374267578,149.60292053222656,74.94634246826172,39.81914520263672,43.93672180175781,142.4715118408203,116.17848205566406
2025-10-31,80.0055160522461,172.32040405273438,370.95562744140625,202.17811584472656,121.05912780761719,244.3900909423828,175.00210571289062,329.468017578125,40.3349723815918,111.7159423828125,89.79875183105469,109.42755889892578,118.80126953125,78.00979614257812,62.006004333496094,62.38890838623047,88.60694122314453,24.53472328186035,185.66859436035156,203.8395233154297,676.4556274414062,59.55012893676758,78.11369323730469,138.64613342285156,332.4703063964844,53.84620666503906,42.26829528808594,113.77948760986328,43.098114013671875,51.739463806152344,153.71954345703125,149.74734497070312,74.7308120727539,39.838626861572266,43.633094787597656,142.42213439941406,119.25006103515625
2025-11-03,80.18767547607422,171.85574340820312,371.3229064941406,201.674072265625,121.65248107910156,243.60601806640625,175.06137084960938,327.29608154296875,40.267276763916016,111.47163391113281,89.85786437988281,110.1798324584961,118.12373352050781,78.00005340576172,61.88882827758789,62.36927795410156,87.6832504272461,24.554187774658203,185.21412658691406,204.2142791748047,677.72509765625,59.696617126464844,77.98722839355469,138.8137664794922,332.8469543457031,53.963748931884766,42.006805419921875,112.5704345703125,43.103004455566406,51.522117614746094,153.06524658203125,150.35992431640625,74.14299774169922,39.77043914794922,43.65758514404297,142.61959838867188,120.36836242675781
2025-11-04,79.4111099243164,169.7499237060547,366.9156494140625,200.4979705810547,119.51840209960938,239.39768981933594,172.74951171875,319.9931640625,39.91914749145508,111.5302734375,90.02533721923828,107.11131286621094,116.48796081542969,77.8342514038086,62.0938835144043,61.56451416015625,86.43525695800781,24.505525588989258,183.98904418945312,201.31497192382812,669.691650390625,58.905609130859375,77.15064239501953,137.0682373046875,328.8226318359375,53.20949172973633,41.799583435058594,111.79743957519531,42.638427734375,51.78886795043945,151.2907257080078,146.39064025878906,74.44669342041016,39.87758255004883,43.50088119506836,143.26138305664062,118.37034606933594
2025-11-05,79.3823471069336,170.7484588623047,368.3053283691406,201.8025360107422,119.66050720214844,242.8516845703125,174.8242645263672,325.6920166015625,40.08354568481445,112.19477844238281,90.29134368896484,107.239990234375,117.55266571044922,78.03905487060547,62.2403564453125,62.18281173706055,87.63410949707031,24.53472328186035,185.06593322753906,203.3859100341797,672.012451171875,59.27669906616211,77.79267883300781,137.81773376464844,330.23016357421875,53.67967987060547,42.0462760925293,112.40196228027344,42.75090408325195,51.966697692871094,151.8756103515625,146.96336364746094,74.39772033691406,39.86784362792969,43.51067352294922,143.8142852783203,119.81169891357422
2025-11-06,79.5357437133789,170.11573791503906,364.32489013671875,200.7252960205078,117.71590423583984,238.55404663085938,172.4629669189453,318.7178649902344,40.32530212402344,111.9309310913086,90.5080795288086,104.72578430175781,116.8460922241211,78.0488052368164,62.006004333496094,62.78147888183594,87.3687973022461,24.505525588989258,183.76182556152344,200.58518981933594,664.8021850585938,59.00326156616211,77.42301940917969,136.58502197265625,326.4734802246094,53.47397232055664,41.839054107666016,111.39111328125,43.16657638549805,51.778987884521484,151.27088928222656,144.01004028320312,74.06462097167969,39.673030853271484,43.31968307495117,144.09071350097656,117.04330444335938
2025-11-07,79.85211944580078,170.7484588623047,364.89068603515625,202.02984619140625,117.53141784667969,239.8046112060547,173.67819213867188,319.85369873046875,41.04090881347656,112.76156616210938,90.68540954589844,104.29025268554688,116.2750244140625,78.76073455810547,62.77741241455078,62.428165435791016,88.17457580566406,24.8364200592041,185.3030548095703,201.45303344726562,665.4567260742188,59.18880844116211,77.80241394042969,136.91046142578125,327.1871643066406,53.42499542236328,42.34230422973633,111.10372161865234,43.78764343261719,52.144527435302734,152.00450134277344,143.51202392578125,75.1520767211914,40.19902038574219,43.922027587890625,144.28819274902344,117.2271957397461
2025-11-10,80.22602844238281,172.03369140625,370.3997802734375,203.44314575195312,120.12921142578125,242.20652770996094,175.02183532714844,323.7591857910156,41.4373893737793,113.60198211669922,91.54251098632812,107.2201919555664,118.1624526977539,78.8485107421875,62.670005798339844,63.49790954589844,89.62891387939453,24.78775978088379,186.37005615234375,203.69161987304688,675.8406982421875,59.91145324707031,78.7265396118164,138.82363891601562,331.9747009277344,54.140071868896484,42.741947174072266,112.26322174072266,44.18375778198242,52.332244873046875,152.86695861816406,147.1824951171875,74.87776184082031,40.1697998046875,43.9073371887207,145.4137420654297,118.7679672241211
2025-11-11,80.29313659667969,172.04359436035156,371.3824768066406,204.82676696777344,119.90234375,242.41497802734375,175.6936798095703,322.9422607421875,41.969261169433594,114.14922332763672,93.70989990234375,106.28973388671875,119.3336181640625,78.97529602050781,63.32423782348633,63.33106994628906,90.24800109863281,25.001867294311523,187.44692993164062,204.74679565429688,677.387939453125,60.28254699707031,79.56312561035156,139.19837951660156,332.7874755859375,54.19884490966797,43.18599319458008,113.17495727539062,44.76081085205078,52.56935119628906,152.9066162109375,145.92745971679688,75.85745239257812,40.61786651611328,43.93182373046875,148.77066040039062,119.06120300292969
2025-11-12,80.85877990722656,172.58734130859375,371.6306457519531,205.57786560058594,119.68793487548828,241.8194580078125,175.5553741455078,321.62713623046875,41.543766021728516,115.31211853027344,94.88225555419922,106.63619232177734,118.03662109375,79.50192260742188,63.334007263183594,63.38014602661133,91.57460021972656,24.81695556640625,187.89149475097656,204.5101318359375,677.7648315429688,60.67317199707031,80.03005981445312,139.53369140625,332.90643310546875,54.189048767089844,43.49189376831055,112.52088928222656,44.134857177734375,53.0238151550293,153.05532836914062,146.38067626953125,75.74968719482422,40.296424865722656,44.0346565246582,150.883544921875,118.26100158691406
2025-11-13,79.58368682861328,170.02674865722656,365.3274230957031,203.0675811767578,117.15496063232422,235.02064514160156,172.3147735595703,309.6017150878906,41.543766021728516,113.75834655761719,94.78373718261719,103.91411590576172,116.00401306152344,78.78024291992188,63.14847183227539,63.26237106323242,90.59193420410156,24.53472328186035,185.76739501953125,201.26565551757812,666.5180053710938,59.96028518676758,79.45612335205078,137.36410522460938,327.0087585449219,53.709068298339844,43.205726623535156,110.92533874511719,44.24733352661133,52.34212112426758,150.6859893798828,142.73011779785156,75.74968719482422,39.77043914794922,43.42741775512695,150.8045654296875,115.3086929321289
2025-11-14,80.5136489868164,169.78948974609375,365.1686096191406,202.39552307128906,117.4067611694336,235.70547485351562,172.5716552734375,310.9666442871094,42.12398910522461,113.11337280273438,94.19263458251953,104.656494140625,115.3167953491211,78.76073455810547,63.04106140136719,62.32020950317383,90.02198791503906,24.524991989135742,185.085693359375,200.4767303466797,666.4088134765625,59.882164001464844,78.85299682617188,137.31480407714844,326.95916748046875,53.72865295410156,42.81101989746094,110.33072662353516,45.00043487548828,51.818504333496094,150.69589233398438,143.5070343017578,75.69091033935547,39.887325286865234,43.46659851074219,149.90609741210938,114.75700378417969
2025-11-17,79.06597137451172,167.6144561767578,361.47601318359375,200.21136474609375,116.29983520507812,231.020751953125,168.84693908691406,305.4471130371094,41.59211730957031,110.92439270019531,94.06455993652344,102.97374725341797,115.7813949584961,79.34588623046875,62.650474548339844,61.61358642578125,88.79365539550781,24.408205032348633,182.65528869628906,197.6562957763672,660.2003173828125,59.110679626464844,77.88994598388672,135.8059539794922,323.559326171875,53.11153793334961,42.159751892089844,110.18206024169922,44.178871154785156,50.830543518066406,149.21878051757812,141.2609405517578,75.21085357666016,39.624332427978516,43.85836410522461,149.77772521972656,113.678466796875
2025-11-18,77.44572448730469,165.85467529296875,358.6966247558594,199.96429443359375,114.89622497558594,231.72544860839844,169.6373291015625,305.82568359375,41.7855224609375,110.32829284667969,94.43893432617188,101.21182250976562,115.53941345214844,78.90702819824219,62.59188461303711,61.26027297973633,88.11560821533203,24.44713592529297,182.76397705078125,194.7274169921875,654.65625,58.50522232055664,77.13118743896484,134.79017639160156,321.3688049316406,52.935218811035156,42.19429016113281,110.8064193725586,44.530967712402344,50.75150680541992,148.55458068847656,138.96502685546875,75.53414916992188,39.77043914794922,43.69186019897461,150.6564483642578,111.58104705810547
2025-11-19,77.349853515625,165.9535369873047,360.06646728515625,199.7172088623047,115.74636840820312,231.6857452392578,169.14332580566406,306.83197021484375,41.331016540527344,110.29898071289062,94.23204040527344,101.93441772460938,115.64588165283203,77.99029541015625,62.27941131591797,60.75975036621094,88.46937561035156,24.281688690185547,182.21070861816406,194.80628967285156,657.185302734375,58.30990982055664,76.82963562011719,134.92825317382812,322.41943359375,52.81766891479492,42.302833557128906,110.19197845458984,43.95391082763672,50.93922424316406,149.05026245117188,139.9311981201172,74.95614624023438,39.458740234375,43.3245849609375,150.39976501464844,111.58601379394531
2025-11-20,76.20896911621094,163.81808471679688,354.3985900878906,197.60223388671875,113.42282104492188,227.3980255126953,166.8215789794922,299.5788879394531,40.96354293823242,109.3999252319336,93.47345733642578,99.12324523925781,114.32952880859375,77.65870666503906,62.552825927734375,59.7488899230957,86.59248352050781,24.164901733398438,179.98777770996094,191.6012725830078,647.1683349609375,57.51890563964844,75.77903747558594,132.8671417236328,317.2850036621094,52.19075393676758,41.67130661010742,108.98292541503906,43.455108642578125,50.4946403503418,146.55203247070312,135.53857421875,75.4949722290039,39.32237243652344,43.104209899902344,149.50128173828125,109.9209976196289
2025-11-21,77.83880615234375,165.34059143066406,358.1705322265625,200.66598510742188,114.08348083496094,233.83953857421875,171.76150512695312,307.37994384765625,41.05057907104492,110.72895050048828,95.41425323486328,99.1826400756836,116.25566864013672,77.75624084472656,63.48047637939453,59.788143157958984,87.90925598144531,24.47633171081543,183.5247039794922,195.467041015625,653.6148681640625,58.36850357055664,76.93663024902344,134.2675018310547,320.9524841308594,51.985050201416016,42.603797912597656,110.8956069946289,43.72896194458008,51.04789352416992,148.3364715576172,136.06150817871094,76.31790924072266,39.838626861572266,43.167877197265625,152.65086364746094,112.07806396484375
2025-11-24,78.36609649658203,165.7360382080078,363.42156982421875,202.08914184570312,116.60897827148438,238.10739135742188,173.82640075683594,314.9119873046875,40.86684036254883,111.1296157836914,95.61128997802734,101.3899917602539,119.06260681152344,78.31212615966797,62.836002349853516,60.80881881713867,88.86244201660156,24.44713592529297,184.28543090820312,197.1533660888672,663.2351684570312,58.65170669555664,76.74208068847656,135.8946990966797,325.7499694824219,52.514007568359375,42.68767166137695,111.99564361572266,43.60670471191406,51.2652473449707,148.70327758789062,139.3036651611328,75.43618774414062,39.897064208984375,43.65758514404297,153.29261779785156,113.5740966796875
2025-11-25,78.5386734008789,167.9308319091797,367.044677734375,204.83663940429688,117.42920684814453,243.29832458496094,177.9857940673828,321.2784118652344,40.76047134399414,112.55635070800781,97.71956634521484,101.3899917602539,120.20474243164062,78.24385833740234,63.568359375,61.04436492919922,90.05146789550781,24.709901809692383,186.90354919433594,200.27947998046875,669.4735717773438,59.20833969116211,78.0553207397461,137.15699768066406,329.23895263671875,52.74909973144531,43.32413864135742,113.2740707397461,43.332847595214844,51.90742111206055,150.606689453125,139.6772003173828,76.47466278076172,40.218502044677734,43.4910774230957,156.75814819335938,116.00452423095703
2025-11-26,79.8233642578125,169.46322631835938,369.71484375,206.04238891601562,118.32173156738281,245.45211791992188,179.34922790527344,324.516357421875,41.09892654418945,113.46517181396484,97.69001007080078,102.80547332763672,120.04019165039062,79.47266387939453,64.10542297363281,60.75975036621094,91.41737365722656,24.865615844726562,188.20765686035156,201.8968048095703,674.09521484375,59.84309387207031,78.79462432861328,138.28123474121094,331.4989318847656,53.0037841796875,43.856998443603516,113.43262481689453,43.66049575805664,52.31248474121094,151.4790802001953,141.33065795898438,77.3073959350586,40.39383316040039,44.068939208984375,156.41258239746094,116.79975891113281
2025-11-28,79.58368682861328,170.30357360839844,371.68023681640625,207.52484130859375,118.78294372558594,246.89126586914062,180.0408172607422,326.9075012207031,41.51475524902344,114.2469482421875,97.25653076171875,103.43898010253906,120.6209487915039,79.83351135253906,64.41789245605469,61.04436492919922,92.12489318847656,24.97266960144043,189.22528076171875,202.52793884277344,677.7747192382812,60.12629699707031,79.31019592285156,138.9419708251953,333.35247802734375,53.18989944458008,44.10862350463867,114.35428619384766,44.23265838623047,52.68791198730469,152.36138916015625,142.5458526611328,77.758056640625,40.58863830566406,44.382354736328125,155.65234375,117.52540588378906
2025-12-01,79.12349700927734,168.06924438476562,370.0225524902344,206.111572265625,118.38156127929688,243.78466796875,178.85523986816406,321.089111328125,41.76618194580078,113.5238037109375,95.93638610839844,103.28060150146484,119.9627685546875,78.4194107055664,64.39835357666016,61.495819091796875,92.11506652832031,24.719633102416992,187.9310302734375,202.29127502441406,674.6803588867188,59.82356643676758,78.91136932373047,138.28123474121094,331.71697998046875,53.140926361083984,44.000083923339844,113.81912231445312,44.658119201660156,52.25320816040039,150.13082885742188,142.610595703125,77.6796875,40.02369689941406,43.344173431396484,153.32223510742188,117.5949935913086
2025-12-02,79.06597137451172,168.9491424560547,370.5883483886719,205.9929656982422,118.9026107788086,243.33802795410156,178.12413024902344,321.4377746582031,41.37936782836914,113.81697082519531,95.699951171875,104.39913177490234,119.9046859741211,78.16584014892578,64.18354034423828,61.083621978759766,91.75148010253906,24.709901809692383,187.75318908691406,202.02499389648438,675.9299926757812,60.01887130737305,79.27128601074219,138.5376434326172,332.1134338378906,53.02337646484375,43.600440979003906,114.19571685791016,44.081058502197266,52.20381164550781,151.43942260742188,144.07977294921875,77.17023468017578,39.92628860473633,43.03565216064453,152.40402221679688,117.51547241210938
2025-12-03,79.2001953125,170.92642211914062,371.89862060546875,207.87075805664062,118.7904281616211,247.7646942138672,181.42401123046875,327.24627685546875,42.07563018798828,114.54011535644531,96.16297912597656,104.47832489013672,120.1369857788086,78.11708068847656,64.09564971923828,60.73031234741211,92.53760528564453,24.739097595214844,189.18576049804688,203.37603759765625,678.2706298828125,60.34113693237305,79.80632019042969,139.109619140625,333.6002502441406,52.954811096191406,43.90633773803711,114.09661865234375,44.90752029418945,52.90525817871094,152.8768768310547,144.4234161376953,77.2290267944336,40.00421142578125,42.89853286743164,153.1149139404297,118.78287506103516
2025-12-04,80.16851043701172,172.22154235839844,372.2658996582031,207.78182983398438,119.02726745605469,249.93833923339844,181.7599334716797,331.9189453125,42.1820068359375,114.88213348388672,95.42410278320312,104.80496978759766,120.92098999023438,77.76598358154297,63.78318405151367,60.82844924926758,92.69483947753906,24.622310638427734,189.2450408935547,203.09005737304688,678.7664794921875,60.49738693237305,79.75767517089844,139.3265838623047,334.1255798339844,53.072357177734375,43.649776458740234,114.75069427490234,45.09823989868164,53.013938903808594,153.6699676513672,144.96128845214844,76.85673522949219,39.93602752685547,42.81038284301758,151.94985961914062,118.36040496826172
2025-12-05,80.24520111083984,172.1622314453125,373.0004577636719,208.00912475585938,119.36882019042969,248.89617919921875,181.5623321533203,329.9263000488281,41.80486297607422,115.07759094238281,95.2369155883789,105.42857360839844,122.00505828857422,77.21009826660156,63.75388717651367,61.495819091796875,92.53760528564453,24.583385467529297,189.6896209716797,204.3424835205078,680.0557861328125,60.58527755737305,79.78685760498047,139.6027069091797,334.5914611816406,53.28786087036133,43.50669479370117,116.07866668701172,44.91240692138672,53.033695220947266,153.2436981201172,146.02210998535156,76.86653900146484,39.92628860473633,42.4088249206543,151.31796264648438,119.01647186279297
2025-12-08,79.75625610351562,172.1622314453125,371.8092956542969,206.68479919433594,119.30150604248047,248.99542236328125,181.31533813476562,330.2351379394531,41.534095764160156,114.70623779296875,94.36011505126953,106.40851593017578,120.21441650390625,76.57618713378906,63.255882263183594,61.06399154663086,91.31909942626953,24.369279861450195,188.553466796875,201.65025329589844,678.0126953125,60.45832443237305,79.60204315185547,139.17868041992188,333.61016845703125,53.091949462890625,42.904762268066406,115.21647644042969,44.423377990722656,52.83610153198242,153.05532836914062,147.04803466796875,76.22974395751953,39.68277359008789,41.840763092041016,149.5111541748047,117.28683471679688
2025-12-09,79.87129211425781,171.34164428710938,371.39239501953125,206.20053100585938,119.29153442382812,249.5115509033203,181.89825439453125,330.4344482421875,41.601783752441406,114.54988861083984,93.34538269042969,106.62628936767578,120.11762237548828,76.36163330078125,63.334007263183594,60.21015167236328,91.44685363769531,24.281688690185547,188.19778442382812,201.18675231933594,677.4276123046875,60.38996887207031,79.38802337646484,139.0208740234375,333.2731628417969,53.0037841796875,42.815956115722656,115.34530639648438,44.69723892211914,52.638511657714844,151.93508911132812,147.43649291992188,76.40608215332031,39.449005126953125,41.87014389038086,148.05979919433594,117.27690124511719
2025-12-10,80.446533203125,173.6748504638672,374.012939453125,209.0172119140625,119.48599243164062,252.90599060058594,185.4253387451172,333.20416259765625,41.94024658203125,115.93753814697266,94.79359436035156,107.00242614746094,120.07891082763672,76.46891784667969,63.63671112060547,60.6616096496582,92.88153839111328,24.37900733947754,190.84552001953125,203.3070068359375,681.92041015625,61.07355499267578,80.36080169677734,140.2042694091797,335.7511901855469,53.44458770751953,43.65471267700195,116.01920318603516,45.16670608520508,53.24116897583008,154.7108917236328,148.14370727539062,76.63140869140625,39.52692794799805,41.850555419921875,150.212158203125,118.99658203125
2025-12-11,80.74374389648438,175.43463134765625,375.09490966796875,210.36129760742188,119.4186782836914,255.87364196777344,187.17408752441406,338.07611083984375,41.82420349121094,117.67699432373047,95.56202697753906,106.35902404785156,119.70143127441406,76.80049896240234,64.10542297363281,60.54383850097656,94.53241729736328,24.44713592529297,192.3867645263672,204.74679565429688,683.5072021484375,61.327457427978516,80.96392059326172,140.58888244628906,336.88116455078125,53.32704162597656,44.523067474365234,115.76153564453125,44.951534271240234,54.20936965942383,156.366455078125,147.38668823242188,77.19963073730469,39.741214752197266,42.154178619384766,151.6339111328125,119.46379089355469
2025-12-12,80.5328140258789,174.6437225341797,371.01519775390625,209.31369018554688,117.51396942138672,251.95315551757812,185.1783447265625,331.6897888183594,41.476070404052734,117.74539947509766,95.4930648803711,103.25090789794922,118.72383880615234,76.60545349121094,64.32024383544922,60.37699508666992,94.26710510253906,24.437402725219727,191.08267211914062,205.48643493652344,676.1581420898438,61.01496124267578,80.4386215209961,139.2674102783203,333.0352783203125,52.83726119995117,44.55267333984375,115.50387573242188,44.51140594482422,54.28840637207031,155.385009765625,143.12356567382812,77.80703735351562,39.69251251220703,41.94850158691406,152.1078338623047,119.98068237304688
2025-12-15,81.36690521240234,175.13803100585938,370.33026123046875,209.6200714111328,116.98043823242188,250.04750061035156,184.427490234375,327.8241271972656,41.28266525268555,118.19491577148438,96.76394653320312,102.5283203125,118.501220703125,77.43441009521484,64.6327133178711,59.73907470703125,94.37519073486328,24.57375717163086,191.31976318359375,206.86705017089844,675.1365966796875,61.36651611328125,80.96392059326172,139.2674102783203,332.3810729980469,52.6805305480957,44.523067474365234,115.523681640625,44.198429107666016,54.32792282104492,155.63284301757812,141.73904418945312,78.02257537841797,39.848365783691406,42.330474853515625,154.12197875976562,121.00456237792969
2025-12-16,80.41309356689453,174.0097198486328,369.2152099609375,207.87124633789062,117.2409896850586,248.8644256591797,183.24107360839844,326.9833679199219,40.03753662109375,117.66152954101562,95.64189147949219,102.71708679199219,118.90445709228516,77.09893798828125,64.39159393310547,59.30693817138672,94.14551544189453,24.42554473876953,189.9761199951172,206.70396423339844,673.2918701171875,60.995426177978516,80.78882598876953,138.73487854003906,331.41961669921875,52.38666534423828,44.40465545654297,115.60297393798828,42.84870910644531,53.98213577270508,154.7108917236328,141.9980010986328,77.66988372802734,39.497703552246094,42.154178619384766,152.11770629882812,121.20336151123047
2025-12-17,79.30908966064453,171.11685180664062,365.30267333984375,207.20587158203125,115.13719177246094,246.21546936035156,182.48587036132812,321.2718811035156,40.70844268798828,117.56293487548828,95.2255859375,100.45979309082031,117.3650131225586,76.58586883544922,64.55958557128906,59.078453063964844,94.18511962890625,24.49471092224121,189.46238708496094,204.546142578125,665.8832397460938,60.56574630737305,80.35106658935547,137.4627227783203,327.80169677734375,52.043819427490234,44.59214401245117,114.7705078125,43.79742431640625,53.972259521484375,152.2027587890625,138.84051513671875,78.0323715209961,39.673030853271484,41.87993621826172,151.8412322998047,119.80176544189453
2025-12-18,79.53784942626953,172.7770233154297,368.02056884765625,207.61305236816406,116.60960388183594,247.6793670654297,183.25099182128906,323.798095703125,40.234859466552734,117.927734375,95.28504943847656,102.14777374267578,118.75547790527344,77.20746612548828,64.39159393310547,59.595027923583984,94.44251251220703,24.46506690979004,189.867431640625,206.8133544921875,670.9115600585938,61.044254302978516,80.92501068115234,138.49818420410156,330.3193664550781,52.484622955322266,44.57240676879883,115.42459106445312,43.16169357299805,53.883338928222656,153.19412231445312,140.98202514648438,77.58171081542969,39.42951965332031,42.29129409790039,151.95973205566406,121.61090850830078
2025-12-19,80.1445541381836,174.3477325439453,371.3158874511719,208.4273681640625,118.16685485839844,249.75074768066406,183.28079223632812,329.12017822265625,40.422325134277344,118.3615493774414,96.11767578125,104.18533325195312,118.93424987792969,76.80292510986328,64.09513092041016,60.230812072753906,94.91768646240234,24.41566276550293,190.5590362548828,206.17694091796875,676.9923095703125,61.41169357299805,81.29717254638672,139.66622924804688,333.26324462890625,53.04695510864258,44.76976013183594,115.47413635253906,43.16169357299805,54.17972946166992,154.5126190185547,144.0299835205078,77.18003845214844,39.283416748046875,41.75261688232422,152.97669982910156,121.12383270263672
2025-12-22,80.02519989013672,175.2126007080078,373.8645324707031,210.01629638671875,118.86811828613281,252.52919006347656,184.55267333984375,334.0528259277344,40.787376403808594,119.74185180664062,96.43486022949219,104.5948486328125,119.43084716796875,76.80292510986328,63.788787841796875,60.48910140991211,96.44223022460938,24.50459098815918,191.9714813232422,207.27078247070312,681.2098999023438,61.69968795776367,81.72924041748047,140.50123596191406,335.580322265625,53.38655090332031,45.29841995239258,115.98716735839844,43.608524322509766,54.844970703125,156.22557067871094,144.8070831298828,76.91043090820312,39.57487869262695,41.90753936767578,153.98507690429688,121.85191345214844
2025-12-23,80.70152282714844,175.65994262695312,375.1985778808594,210.14540100097656,119.61430358886719,251.035400390625,183.43978881835938,331.8960876464844,41.11296463012695,120.2545394897461,96.74213409423828,105.51374816894531,120.03668975830078,77.28640747070312,63.69984436035156,60.270545959472656,97.02631378173828,24.57375717163086,191.52513122558594,206.9625244140625,684.3233032226562,62.10684585571289,82.1023941040039,141.16726684570312,336.693603515625,53.636253356933594,45.377769470214844,116.71295166015625,43.89457702636719,54.95402526855469,156.1658935546875,145.5951385498047,76.54505157470703,39.56503677368164,42.055545806884766,153.6776885986328,121.68260192871094
2025-12-24,80.5622787475586,175.99794006347656,376.522705078125,211.0789031982422,119.90629577636719,251.66281127929688,183.9664306640625,332.5051574707031,41.01430130004883,120.71793365478516,97.22782135009766,105.72349548339844,120.4836196899414,77.65147399902344,64.03583526611328,60.21094512939453,97.01641082763672,24.70220947265625,192.21945190429688,207.40005493164062,686.7305297851562,62.24587631225586,82.22022247314453,141.5151824951172,337.8466796875,53.616275787353516,45.467041015625,117.4089126586914,43.7663459777832,55.25144958496094,156.6732177734375,145.94430541992188,77.14745330810547,39.8210563659668,42.24303436279297,154.4808349609375,122.10092163085938
2025-12-26,80.5324478149414,175.8587646484375,376.4231262207031,210.97958374023438,119.87135314941406,250.3781280517578,183.35037231445312,330.5680236816406,40.89590835571289,120.70806884765625,97.32695007324219,106.27284240722656,120.44389343261719,77.63174438476562,64.23347473144531,60.866600036621094,97.85787963867188,24.741735458374023,192.26905822753906,207.310546875,686.660888671875,62.37497329711914,82.45589447021484,141.65435791015625,337.637939453125,53.955875396728516,45.73484420776367,117.28961181640625,43.59865951538086,55.142391204833984,156.38475036621094,146.17373657226562,77.2560806274414,39.89983367919922,42.21342849731445,154.72872924804688,121.5630874633789
2025-12-29,80.65179443359375,175.35177612304688,375.0791320800781,210.57240295410156,119.27490234375,248.8445281982422,182.5156707763672,327.9519348144531,41.21162796020508,120.09678649902344,97.07914733886719,105.8932876586914,120.294921875,77.73040771484375,64.22359466552734,59.9725227355957,96.24424743652344,24.8010196685791,191.95166015625,205.74935913085938,684.2138671875,62.28559875488281,82.16130828857422,141.16726684570312,336.3656005859375,53.54636001586914,45.367855072021484,117.21006774902344,44.01294708251953,54.844970703125,156.0465087890625,145.51535034179688,77.30545806884766,40.00815200805664,42.2923698425293,154.49073791503906,120.36786651611328
2025-12-30,80.54238891601562,175.30206298828125,374.53155517578125,210.47311401367188,119.02784729003906,247.00218200683594,181.49220275878906,325.26593017578125,41.586551666259766,119.8305892944336,96.93046569824219,105.7734375,120.94049072265625,77.98694610595703,64.18406677246094,60.18114471435547,96.50164031982422,24.81089973449707,191.6441650390625,205.43115234375,683.3783569335938,62.3551139831543,82.4362564086914,141.13743591308594,335.8288269042969,53.746124267578125,45.35793685913086,117.60775756835938,44.34832000732422,54.706172943115234,155.59889221191406,145.0564727783203,77.17707824707031,40.09677505493164,42.391048431396484,154.36184692382812,119.87982177734375
2025-12-31,80.30368041992188,174.30795288085938,371.7837829589844,208.88418579101562,118.116943359375,245.1399383544922,180.0613555908203,322.530029296875,41.36948776245117,119.09113311767578,96.54389190673828,104.87451171875,120.39424133300781,77.60214233398438,63.88760757446289,59.67449951171875,95.6700668334961,24.65280532836914,190.0075225830078,204.10861206054688,678.3152465820312,62.037330627441406,82.1023941040039,140.222900390625,333.2642517089844,53.69618225097656,44.98102569580078,117.04105377197266,44.101722717285156,54.29969024658203,154.3057098388672,143.61996459960938,76.71292877197266,39.7324333190918,42.1246223449707,153.4893035888672,118.9336166381836
2026-01-02,80.8905029296875,176.7136993408203,372.6698303222656,210.73130798339844,117.73262023925781,247.74908447265625,181.71080017089844,326.6339111328125,42.26732635498047,120.008056640625,96.8709945678711,105.7734375,120.04662322998047,78.42108917236328,63.85795974731445,61.83021545410156,96.91741943359375,24.72197151184082,191.29701232910156,204.63563537597656,679.55859375,62.76227569580078,83.0352554321289,141.25674438476562,334.29803466796875,54.86479187011719,45.7447624206543,116.22578430175781,45.02893829345703,54.45832061767578,157.15069580078125,143.94915771484375,76.7228012084961,39.76197814941406,42.60813522338867,154.1932830810547,117.87783813476562
2026-01-05,82.68077087402344,179.76564025878906,375.3777770996094,213.1345672607422,118.184326171875,251.6826934814453,184.01611328125,332.8646240234375,42.780372619628906,122.10809326171875,96.88090515136719,106.56249237060547,121.07954406738281,77.99681091308594,63.512081146240234,62.257381439208984,98.1647720336914,24.761493682861328,193.07247924804688,206.4355010986328,684.0845336914062,63.507080078125,83.69317626953125,142.44961547851562,336.8128967285156,55.224365234375,46.20102310180664,117.07087707519531,46.2520637512207,55.648014068603516,159.01087951660156,144.26837158203125,76.38703155517578,39.81121063232422,42.134490966796875,153.72726440429688,119.82006072998047
2026-01-06,82.62109375,181.3661651611328,377.76715087890625,215.07107543945312,118.72338104248047,255.01881408691406,186.7586212158203,336.84869384765625,41.65561294555664,122.19683837890625,98.75428771972656,107.53133392333984,120.65247344970703,78.30268096923828,63.512081146240234,62.297115325927734,100.24369812011719,24.87018394470215,195.4034423828125,206.7636260986328,688.1529541015625,63.695762634277344,83.8993911743164,143.28463745117188,339.168701171875,55.524009704589844,47.11353302001953,116.65330505371094,45.019065856933594,55.91569900512695,161.16949462890625,146.29344177246094,76.50554656982422,40.07707977294922,42.34170913696289,156.75143432617188,120.58699035644531
2026-01-07,82.4719009399414,179.9147491455078,376.5426025390625,212.86643981933594,119.02784729003906,254.4213104248047,186.1326141357422,336.1497497558594,41.10309982299805,120.46158599853516,99.5968246459961,107.36153411865234,120.20552825927734,77.20746612548828,62.770931243896484,61.47258377075195,99.16463470458984,24.840539932250977,193.2113494873047,205.0930633544922,685.9347534179688,63.437564849853516,83.65390014648438,142.68817138671875,338.015625,55.18441390991211,46.30020523071289,116.41468048095703,44.51601028442383,55.13248062133789,158.13551330566406,146.17373657226562,75.66612243652344,39.5256462097168,41.31548309326172,158.3081512451172,120.41767120361328
2026-01-08,82.4122314453125,180.64047241210938,376.5127258300781,214.64404296875,118.11195373535156,257.1997375488281,188.76580810546875,338.67596435546875,42.06013107299805,121.10244750976562,98.87323760986328,105.91326904296875,120.38430786132812,77.40480041503906,63.838191986083984,61.86994934082031,99.6794204711914,25.028278350830078,194.86782836914062,208.50381469726562,685.8651123046875,63.49714660644531,83.64407348632812,142.78759765625,338.1051330566406,55.24434280395508,47.11353302001953,116.80243682861328,45.91668701171875,55.41999053955078,159.32920837402344,143.88931274414062,77.46347045898438,39.8210563659668,41.433895111083984,156.7811737060547,122.42960357666016
2026-01-09,84.15277099609375,182.34039306640625,378.8921203613281,216.08399963378906,118.83567810058594,259.1516418457031,189.9085235595703,341.8712463378906,42.28705978393555,120.9348373413086,98.73446655273438,107.29161834716797,121.04973602294922,78.0362777709961,64.45088195800781,61.81034469604492,100.83767700195312,25.028278350830078,195.9985809326172,210.7710418701172,690.4010009765625,64.08306121826172,84.22343444824219,143.73194885253906,340.3515625,55.364200592041016,47.867347717285156,117.2299575805664,46.03505325317383,55.25144958496094,161.0799560546875,145.79466247558594,78.26338195800781,39.88014221191406,41.94700241088867,155.97805786132812,123.91366577148438
2026-01-12,84.8291015625,184.14968872070312,379.5093994140625,216.21311950683594,119.10270690917969,260.4163818359375,190.39541625976562,344.0080261230469,42.208126068115234,120.7376480102539,98.7840347290039,107.65118408203125,121.3973617553711,77.9770736694336,65.12286376953125,63.8369140625,101.9068374633789,25.038158416748047,196.1771240234375,212.362060546875,691.4852294921875,64.4703598022461,84.6849594116211,144.3780975341797,340.9778137207031,56.22317886352539,48.1252326965332,116.87203216552734,45.70954895019531,54.81522750854492,162.31344604492188,146.43310546875,79.18180847167969,39.99829864501953,42.016082763671875,156.04745483398438,124.0232162475586
2026-01-13,83.99363708496094,184.1795196533203,378.7427673339844,216.0045623779297,118.74333953857422,260.2669982910156,190.64382934570312,343.4588623046875,42.938236236572266,119.38690948486328,98.347900390625,107.28163146972656,120.22539520263672,77.92774963378906,65.41931915283203,63.101783752441406,102.07512664794922,25.087562561035156,196.1771240234375,211.5565948486328,690.1026000976562,64.11285400390625,84.24308013916016,143.84129333496094,340.29193115234375,55.89356994628906,48.333526611328125,116.21583557128906,46.36056900024414,53.76432800292969,163.14903259277344,146.1238555908203,80.10022735595703,40.30355453491211,42.282501220703125,155.4128875732422,123.71446228027344
2026-01-14,84.58045196533203,183.99063110351562,376.98065185546875,216.80897521972656,117.32833862304688,262.099365234375,192.4821014404297,344.9765625,43.855804443359375,119.49536895751953,99.28954315185547,106.20292663574219,119.88771057128906,78.68748474121094,66.17036437988281,63.131587982177734,103.31258392333984,25.22589683532715,197.06982421875,209.70703125,686.7106323242188,64.42070770263672,84.56713104248047,143.7418975830078,338.9599609375,56.013431549072266,48.35336685180664,115.96727752685547,47.40614700317383,53.685020446777344,163.40768432617188,144.3481903076172,81.20629119873047,40.75651550292969,42.598262786865234,156.5233917236328,121.76228332519531
2026-01-15,84.9583969116211,185.640869140625,378.006103515625,217.682861328125,117.46060943603516,264.4097595214844,194.23095703125,347.69256591796875,43.41181945800781,120.0573501586914,98.31816101074219,107.19173431396484,119.37125396728516,79.17095184326172,66.06166076660156,63.17132568359375,103.649169921875,25.324705123901367,197.9427032470703,209.7368621826172,688.5806884765625,64.51008605957031,84.36092376708984,144.06993103027344,340.003662109375,56.27312088012695,48.5616569519043,115.53976440429688,46.9622688293457,53.90312576293945,164.9097442626953,145.10635375976562,81.34454345703125,41.06177520751953,43.032440185546875,155.6310272216797,122.21048736572266
2026-01-16,85.01807403564453,186.7642059326172,377.7572021484375,217.4743194580078,117.4381332397461,264.6587219238281,194.13157653808594,348.9407043457031,43.60914611816406,120.22496032714844,98.0009765625,107.21170806884766,118.65615844726562,79.24989318847656,65.97272491455078,62.108367919921875,102.78790283203125,25.571725845336914,197.4368438720703,208.09613037109375,688.0037231445312,64.68883514404297,84.61622619628906,144.06993103027344,339.80487060546875,55.93352508544922,48.283935546875,114.50575256347656,47.04117965698242,53.9725227355957,166.02386474609375,145.2659454345703,81.08777618408203,41.563968658447266,42.81535339355469,154.4213409423828,121.81208801269531
2026-01-20,83.26758575439453,183.06610107421875,370.1411437988281,214.4454345703125,114.46337890625,261.49188232421875,191.5878143310547,345.11639404296875,43.51047897338867,118.0953369140625,97.47562408447266,104.02552795410156,116.7492446899414,78.55921936035156,66.15060424804688,61.24409866333008,102.95619201660156,25.23577880859375,194.4908905029297,203.5318603515625,673.9981689453125,63.824859619140625,83.42804718017578,141.60464477539062,333.1051940917969,55.47407150268555,47.797916412353516,112.81555938720703,46.9524040222168,52.7431755065918,162.6715545654297,141.49513244628906,81.33466339111328,40.76636505126953,42.391048431396484,154.08421325683594,118.64476776123047
2026-01-21,84.32185363769531,186.0384979248047,374.451904296875,217.61334228515625,115.40172576904297,266.6802978515625,196.35739135742188,350.138916015625,44.42804718017578,118.70661926269531,98.91288757324219,105.62361145019531,118.19929504394531,78.82562255859375,66.23954010009766,62.07856750488281,104.83712768554688,25.265419006347656,197.78399658203125,207.6983642578125,681.77685546875,64.55973815917969,84.2627182006836,143.26473999023438,337.0514221191406,56.043392181396484,48.839378356933594,113.96886444091797,48.08675765991211,53.000938415527344,165.48670959472656,143.46035766601562,81.4136734008789,40.91407012939453,42.450252532958984,156.9199981689453,120.9156723022461
2026-01-22,84.40142059326172,185.6209716796875,376.4131774902344,218.1893310546875,116.29016876220703,268.6719970703125,197.7385711669922,353.1744079589844,44.4083137512207,119.47565460205078,99.14086151123047,106.43264770507812,120.20552825927734,78.67761993408203,66.20989227294922,62.36665725708008,105.38159942626953,25.087562561035156,198.04188537597656,209.29933166503906,685.3379516601562,64.90731048583984,84.7635269165039,144.05999755859375,338.8307189941406,56.48286819458008,49.11709976196289,115.57952880859375,48.24458312988281,53.347938537597656,164.63121032714844,144.5277557373047,81.24578094482422,40.51034164428711,42.14435958862305,156.9497528076172,122.13080596923828
2026-01-23,84.10304260253906,184.95492553710938,376.4231262207031,216.9678497314453,116.85916137695312,263.712646484375,194.37998962402344,346.2447204589844,45.00029754638672,118.7263412475586,98.9921875,107.10185241699219,120.88089752197266,78.7269515991211,66.57553100585938,62.32692337036133,106.89625549316406,25.17649269104004,197.1591033935547,208.8916473388672,685.5865478515625,65.32440185546875,85.36251831054688,144.3383331298828,338.5225830078125,56.70261001586914,49.56344223022461,116.28543090820312,48.52077102661133,52.614288330078125,163.35794067382812,144.73724365234375,81.87782287597656,40.61865997314453,41.99634552001953,156.1466064453125,122.6387710571289
2026-01-26,84.17266082763672,185.28297424316406,378.085693359375,217.59349060058594,117.58787536621094,262.8861083984375,193.67449951171875,345.3061218261719,45.05949020385742,119.16014862060547,99.6959457397461,107.80101013183594,121.81449890136719,79.51628875732422,66.5557632446289,62.2474479675293,107.46053314208984,25.166610717773438,197.62530517578125,207.86740112304688,689.0680541992188,65.62232971191406,85.93206787109375,144.9745330810547,339.9837951660156,56.86241912841797,49.622947692871094,117.09075927734375,48.55036544799805,52.95137023925781,163.51712036132812,145.72483825683594,81.74943542480469,40.58911895751953,42.3022346496582,156.76136779785156,121.83200073242188
2026-01-27,85.3761215209961,187.07237243652344,379.5890197753906,217.60340881347656,118.40394592285156,263.63299560546875,194.4197540283203,345.59564208984375,45.72053909301758,120.03763580322266,98.8534164428711,109.71871185302734,121.99327087402344,80.77924346923828,67.05975341796875,62.87329864501953,108.41089630126953,25.255537033081055,197.3177947998047,208.57342529296875,691.8134765625,66.69485473632812,87.30682373046875,146.17735290527344,341.2164001464844,57.57157516479492,49.57335662841797,116.22578430175781,48.994239807128906,52.544891357421875,164.1935272216797,147.6900634765625,82.12470245361328,40.61865997314453,42.85482406616211,154.13380432128906,122.20052337646484
2026-01-28,84.74952697753906,185.2929229736328,379.27044677734375,217.79209899902344,118.11444854736328,262.2088928222656,193.32672119140625,343.9580993652344,46.13492202758789,119.4066390991211,97.48554229736328,110.62763214111328,121.90388488769531,80.67070770263672,66.5162353515625,63.48921585083008,108.6880874633789,25.077682495117188,196.65322875976562,206.67413330078125,691.7438354492188,66.25789642333984,86.26593017578125,145.92884826660156,341.02752685546875,57.791316986083984,49.543601989746094,116.07664489746094,49.36907196044922,52.534976959228516,163.27835083007812,148.86717224121094,81.295166015625,40.22478103637695,42.75614547729492,153.00344848632812,121.28419494628906
2026-01-29,85.62477111816406,187.17178344726562,378.4043273925781,218.72560119628906,117.15364074707031,262.27862548828125,194.6184844970703,342.29058837890625,46.73676681518555,120.8066635131836,97.53510284423828,108.6799545288086,125.64820098876953,80.88777923583984,66.71388244628906,63.80711364746094,108.97517395019531,25.413631439208984,196.9111328125,206.8133544921875,690.3711547851562,66.60547637939453,86.72745513916016,145.8493194580078,340.2422790527344,57.57157516479492,49.593196868896484,119.09911346435547,49.82281494140625,53.09016799926758,164.98931884765625,146.51292419433594,81.1075210571289,40.736820220947266,42.75614547729492,152.51760864257812,120.70650482177734
2026-01-30,85.25677490234375,186.68466186523438,376.78155517578125,218.3383026123047,116.28268432617188,258.57403564453125,192.65103149414062,335.8302001953125,46.7663688659668,120.008056640625,97.90184783935547,107.00196075439453,124.9827651977539,80.4733657836914,67.27716064453125,61.98916244506836,104.35204315185547,25.364227294921875,196.47470092773438,205.86868286132812,688.3120727539062,65.74149322509766,85.9222412109375,144.58685302734375,338.53253173828125,56.4029655456543,48.86913299560547,119.38744354248047,50.355464935302734,52.981109619140625,164.571533203125,143.5301971435547,82.47035217285156,40.79590606689453,42.67720413208008,153.4298095703125,120.68659210205078
2026-02-02,85.42585754394531,188.11619567871094,378.8822021484375,220.13575744628906,116.66450500488281,261.0935363769531,194.64828491210938,338.9555358886719,45.94746398925781,121.09258270263672,98.44701385498047,107.75106811523438,124.71460723876953,79.73336029052734,68.07760620117188,61.20436096191406,105.24301147460938,25.196252822875977,197.48643493652344,206.0277862548828,691.7339477539062,65.99969482421875,86.609619140625,145.28268432617188,340.4311218261719,56.71259689331055,49.24604415893555,118.97980499267578,49.36907196044922,53.566043853759766,166.6505584716797,144.9068145751953,83.4480209350586,40.33309555053711,42.055545806884766,154.37176513671875,121.48340606689453
2026-02-03,86.21158599853516,189.5477294921875,375.6366271972656,220.37411499023438,114.59314727783203,261.6910400390625,196.2977752685547,338.02691650390625,47.387943267822266,120.77708435058594,97.26747131347656,105.72349548339844,123.20496368408203,80.82857513427734,68.99663543701172,60.66791534423828,107.96540832519531,25.304943084716797,196.9607391357422,204.6455841064453,685.885009765625,66.25789642333984,86.28557586669922,144.74591064453125,337.8168640136719,56.68263244628906,50.287498474121094,117.0609359741211,50.9670295715332,53.07033920288086,168.05316162109375,141.7345733642578,84.80096435546875,40.18539810180664,42.66733932495117,152.79522705078125,120.5073013305664
2026-02-04,87.01720428466797,189.63719177246094,374.0238037109375,221.08912658691406,113.28545379638672,259.4403991699219,196.56605529785156,331.49664306640625,48.14765167236328,121.44752502441406,98.5362319946289,103.47618103027344,121.913818359375,80.84831237792969,70.03425598144531,59.91292190551758,108.81678009033203,25.611249923706055,198.6767120361328,205.14279174804688,682.5626831054688,66.33734130859375,86.40340423583984,144.2687530517578,336.2264099121094,56.34303665161133,51.46781539916992,116.12635803222656,52.11125183105469,53.49664306640625,168.5008087158203,137.78419494628906,85.90702056884766,40.825443267822266,42.50946044921875,154.70887756347656,119.62085723876953
2026-02-05,85.63471984863281,187.25132751464844,369.3645935058594,219.3015899658203,111.3313980102539,254.7698516845703,193.58506774902344,325.21600341796875,47.33861541748047,119.3277587890625,97.68378448486328,101.9080581665039,121.30796813964844,80.48323822021484,70.06390380859375,59.70429992675781,105.34201049804688,25.611249923706055,196.95079040527344,202.28887939453125,674.0379638671875,65.4435806274414,85.20540618896484,142.51918029785156,331.9024353027344,55.97347640991211,50.08912658691406,115.53976440429688,51.49968719482422,52.8323974609375,167.4861602783203,135.3002471923828,85.837890625,40.59896469116211,42.52919006347656,153.52894592285156,117.04119110107422
2026-02-06,88.9168930053711,193.28558349609375,376.8611755371094,223.0157012939453,114.0091781616211,263.9217529296875,199.04026794433594,338.97552490234375,48.25618362426758,121.75315856933594,99.47787475585938,106.22289276123047,120.7120590209961,81.24297332763672,71.03234100341797,61.26396179199219,107.53972625732422,25.947200775146484,200.62081909179688,204.85440063476562,686.96923828125,66.90339660644531,86.89439392089844,145.5908660888672,338.9201965332031,57.19202423095703,51.09090805053711,115.09235382080078,52.52553939819336,53.794071197509766,172.27090454101562,140.78688049316406,86.84519958496094,41.34733581542969,42.77587890625,156.37466430664062,117.51927185058594
2026-02-09,90.79667663574219,195.7708740234375,378.673095703125,223.0653533935547,115.04236602783203,265.7740783691406,199.67620849609375,342.25067138671875,48.80869674682617,122.34471893310547,98.9525375366211,107.63121795654297,122.01313018798828,81.80538940429688,70.64694213867188,61.56199264526367,110.01463317871094,26.085533142089844,200.73985290527344,204.7052459716797,690.2816772460938,67.89646911621094,87.85672760009766,146.79367065429688,340.5901794433594,57.68144607543945,51.75545883178711,116.20588684082031,52.91023254394531,53.4768180847168,172.7881622314453,143.00148010253906,86.34154510498047,41.60335159301758,42.90415954589844,154.99642944335938,117.0810317993164
2026-02-10,92.59689331054688,196.0889892578125,377.8368225097656,222.7872772216797,114.6780014038086,265.05706787109375,199.5470428466797,340.7728271484375,48.71990203857422,121.36864471435547,98.69481658935547,107.24168395996094,122.18197631835938,82.78219604492188,70.53823852539062,61.58185958862305,111.20259094238281,26.332555770874023,201.4540252685547,206.2863311767578,688.4613037109375,68.06529235839844,87.6112289428711,146.70420837402344,339.75518798828125,57.94113540649414,52.479515075683594,116.90185546875,52.85104751586914,53.09016799926758,172.99708557128906,142.20343017578125,86.06503295898438,42.184326171875,43.6146240234375,154.0148162841797,117.85791778564453
2026-02-11,93.46219635009766,197.09304809570312,377.6177978515625,223.27389526367188,114.2787094116211,263.8520812988281,199.27874755859375,338.5661315917969,49.992652893066406,120.57990264892578,99.47787475585938,107.98079681396484,121.76483917236328,83.76887512207031,71.36833190917969,61.522254943847656,112.82613372802734,26.451126098632812,201.8111114501953,205.9780731201172,688.3021850585938,68.57176208496094,87.83708190917969,147.10183715820312,339.4271545410156,58.4405403137207,53.183738708496094,116.06670379638672,54.231998443603516,52.28712463378906,173.92218017578125,142.62240600585938,87.29946899414062,42.144935607910156,43.99946212768555,154.92701721191406,117.29019927978516
2026-02-12,92.86544036865234,194.8463592529297,371.6344909667969,220.67202758789062,112.04264831542969,258.4644775390625,195.920166015625,330.6279602050781,49.035621643066406,118.8249282836914,99.25981140136719,105.50375366210938,119.95723724365234,84.53848266601562,72.099609375,60.18114471435547,110.44031524658203,26.3918399810791,199.16273498535156,203.51197814941406,677.668701171875,68.02556610107422,87.14970397949219,145.0938262939453,333.99981689453125,57.69143295288086,52.400169372558594,113.97881317138672,53.245601654052734,51.24613952636719,171.84315490722656,138.87155151367188,88.0993881225586,42.2138671875,44.650718688964844,154.67913818359375,115.66669464111328
2026-02-13,93.34284210205078,196.38723754882812,372.08245849609375,222.1616668701172,111.59593200683594,261.87030029296875,198.70242309570312,334.2625427246094,49.35134506225586,118.0953369140625,100.06269073486328,105.57366943359375,119.49043273925781,85.90995788574219,72.40594482421875,59.95265579223633,111.63816833496094,26.65862464904785,201.2258758544922,203.87989807128906,678.1461181640625,68.28376770019531,87.1006088256836,145.47157287597656,334.635986328125,57.68144607543945,52.87626647949219,113.91915893554688,53.61056900024414,51.20648193359375,173.25570678710938,139.22068786621094,88.3956527709961,42.834224700927734,45.8841667175293,156.33499145507812,115.71649932861328
2026-02-17,91.37354278564453,195.4428253173828,372.6499328613281,221.65516662597656,112.13996887207031,261.9499816894531,198.39439392089844,334.7717590332031,48.80869674682617,119.00239562988281,100.2906723022461,105.81339263916016,119.23220825195312,85.89022827148438,71.73397064208984,60.21094512939453,110.20272827148438,26.9254093170166,200.8787078857422,203.77052307128906,679.2402954101562,68.10501098632812,87.62104797363281,145.42185974121094,335.053466796875,57.721397399902344,52.2712287902832,113.74019622802734,53.018733978271484,51.75176239013672,174.16091918945312,139.140869140625,87.10195922851562,43.267486572265625,45.76575469970703,156.03753662109375,115.57705688476562
2026-02-18,90.88618469238281,195.929931640625,374.6112060546875,222.75750732421875,112.84373474121094,262.8960266113281,198.48382568359375,336.9385681152344,49.7065315246582,119.59396362304688,100.05278015136719,106.92206573486328,119.1924819946289,84.70621490478516,71.24974822998047,60.5487060546875,111.15309143066406,26.57957649230957,201.9202117919922,204.58592224121094,682.662109375,68.33341217041016,87.91564178466797,146.13758850097656,336.8029479980469,57.88121032714844,52.588626861572266,113.9291000366211,54.03472137451172,52.13841247558594,174.1211395263672,140.56741333007812,86.9439468383789,42.686519622802734,45.005950927734375,156.33499145507812,116.55313873291016
2026-02-19,90.70716094970703,196.82464599609375,373.8446044921875,222.4198455810547,112.48685455322266,263.5035400390625,198.99058532714844,337.7073974609375,50.219581604003906,119.24888610839844,99.88426971435547,106.42266082763672,118.98391723632812,84.81475067138672,71.25962829589844,60.320220947265625,111.09369659423828,26.540054321289062,201.49368286132812,202.86561584472656,680.8616333007812,68.31356048583984,87.53267669677734,145.80953979492188,336.1667785644531,57.521636962890625,52.400169372558594,114.4759292602539,54.42927932739258,51.70219039916992,175.41432189941406,139.86911010742188,86.57855987548828,42.538814544677734,45.49932861328125,155.928466796875,115.77625274658203
2026-02-20,90.97570037841797,198.11697387695312,376.3235778808594,223.7108612060547,113.26548767089844,263.5134582519531,199.64639282226562,336.5691223144531,49.91372299194336,120.11650848388672,99.56708526611328,107.59126281738281,120.80144500732422,85.30809020996094,71.41773986816406,60.60831069946289,112.251953125,26.7376708984375,202.43597412109375,204.62570190429688,685.7855834960938,69.03849792480469,88.38699340820312,147.072021484375,338.2343444824219,58.46051788330078,52.529109954833984,116.12635803222656,54.13336181640625,52.03927230834961,176.29965209960938,140.5374755859375,86.79581451416016,42.89330291748047,45.71641540527344,155.49220275878906,116.9814224243164
2026-02-23,90.89613342285156,196.20828247070312,372.15216064453125,221.51614379882812,111.80057525634766,259.4105224609375,196.0294647216797,332.38531494140625,50.209712982177734,117.6220932006836,100.06269073486328,106.21290588378906,119.4109878540039,86.07769012451172,72.03043365478516,60.359954833984375,113.0439224243164,26.767314910888672,200.2141571044922,202.02040100097656,678.7827758789062,68.70085144042969,87.87635803222656,145.77972412109375,334.4471435546875,57.9910774230957,52.529109954833984,114.69466400146484,54.399688720703125,50.29438400268555,173.91224670410156,138.18321228027344,87.86237335205078,42.942543029785156,46.0617790222168,157.1976318359375,114.53124237060547
2026-02-24,90.73699951171875,196.88429260253906,375.0293273925781,222.83694458007812,112.96601867675781,262.23876953125,197.59945678710938,336.9485778808594,50.278778076171875,117.47420501708984,99.7752456665039,108.08067321777344,119.84798431396484,87.02490234375,72.5245361328125,60.03213119506836,114.23188018798828,26.767314910888672,201.8111114501953,203.42250061035156,683.7164916992188,68.97891235351562,88.1120376586914,146.82350158691406,337.1806640625,58.61034393310547,52.92585754394531,115.49005126953125,54.350364685058594,50.542236328125,176.0509490966797,139.97885131835938,88.62278747558594,43.060699462890625,46.574893951416016,156.53330993652344,116.27426147460938
2026-02-25,91.94046020507812,197.6000518798828,377.94635009765625,223.48243713378906,114.42345428466797,263.48358154296875,198.49375915527344,338.3464660644531,50.28864669799805,119.35733795166016,99.89418029785156,110.16818237304688,120.46376037597656,87.8241195678711,72.11937713623047,60.270545959472656,114.53876495361328,26.806835174560547,201.93011474609375,204.98367309570312,689.4859008789062,69.77337646484375,88.85832977294922,148.0263214111328,339.7850036621094,58.93994903564453,52.628299713134766,115.82808685302734,54.123497009277344,51.42459487915039,174.67820739746094,142.66229248046875,87.9018783569336,42.775142669677734,46.73277282714844,156.49365234375,116.62286376953125
2026-02-26,91.9802474975586,198.4649200439453,376.4131774902344,223.82009887695312,113.33786010742188,264.88775634765625,199.5470428466797,340.15380859375,50.278778076171875,120.20523834228516,99.42831420898438,108.43025207519531,120.05654907226562,87.64651489257812,71.86244201660156,58.840030670166016,114.61796569824219,26.96493148803711,203.07078552246094,204.79473876953125,685.6561889648438,69.82302856445312,88.7994155883789,147.51934814453125,338.4530029296875,58.200828552246094,52.56878662109375,116.04682159423828,54.301048278808594,52.0491828918457,175.77243041992188,140.6671600341797,87.75374603271484,42.96223449707031,46.55516052246094,156.0871124267578,116.58302307128906
2026-02-27,91.87084197998047,198.6836395263672,374.5912780761719,223.95912170410156,112.34960174560547,260.3267517089844,196.2977752685547,334.7518005371094,51.11741638183594,118.0953369140625,100.81600952148438,106.63240814208984,121.42715454101562,88.1299819946289,72.6925277709961,58.67115020751953,115.3703384399414,26.9254093170166,203.30885314941406,204.05889892578125,682.3637084960938,69.75350952148438,88.54409790039062,146.96266174316406,336.7433166503906,58.031028747558594,52.97544860839844,117.36915588378906,55.159210205078125,50.988372802734375,176.21011352539062,138.42263793945312,88.8894271850586,43.16902160644531,47.09787368774414,158.84356689453125,116.39378356933594
2026-03-02,89.71256256103516,198.4848175048828,375.0094299316406,223.5916748046875,112.66903686523438,262.7167663574219,197.6888885498047,338.0069885253906,52.163246154785156,116.76432800292969,99.39857482910156,106.83216857910156,120.4836196899414,87.43931579589844,71.39797973632812,58.1247673034668,114.71695709228516,26.915525436401367,202.9319305419922,200.32994079589844,682.751708984375,68.53203582763672,86.67835235595703,146.0779571533203,337.0912170410156,57.172054290771484,52.81675338745117,117.19019317626953,56.26397705078125,50.8594856262207,177.96087646484375,139.2007293701172,87.6056137084961,43.24779510498047,46.74264144897461,157.18771362304688,114.95952606201172
2026-03-03,86.36077880859375,193.1961212158203,371.4950866699219,220.7316131591797,111.9677734375,258.1657409667969,194.81719970703125,330.9874267578125,51.561397552490234,115.1178207397461,98.0406265258789,104.27523040771484,119.86785125732422,85.88036346435547,70.27142333984375,56.52537155151367,110.13343048095703,26.5696964263916,200.44227600097656,195.94467163085938,676.7337036132812,66.14865112304688,84.06632232666016,143.18521118164062,333.72149658203125,55.16443634033203,51.51741027832031,117.2796630859375,55.75104904174805,50.770259857177734,174.51905822753906,137.1656951904297,86.6476821899414,43.031166076660156,46.446617126464844,155.4128875732422,113.90375518798828
2026-03-04,88.11125946044922,195.0054168701172,373.99395751953125,221.704833984375,113.06584167480469,260.67529296875,196.85421752929688,334.4223327636719,51.27527618408203,116.15304565429688,98.49658203125,106.12301635742188,120.99015045166016,86.34410095214844,70.1330795288086,56.75385665893555,110.50961303710938,26.599340438842773,201.24571228027344,198.2914276123047,681.5082397460938,66.91332244873047,85.02864837646484,144.39796447753906,336.1667785644531,55.51402282714844,51.4975700378418,118.1048812866211,55.425537109375,51.057769775390625,175.04624938964844,139.5,86.07491302490234,43.090240478515625,46.64396667480469,155.7202606201172,115.9256591796875
2026-03-05,85.42585754394531,190.1243133544922,371.79376220703125,219.06324768066406,113.05586242675781,255.6959991455078,193.0981903076172,328.061767578125,51.54166793823242,114.82203674316406,96.2267074584961,105.30400085449219,119.95723724365234,85.50542449951172,68.40371704101562,55.81011199951172,107.55952453613281,26.352317810058594,198.9147491455078,196.46176147460938,677.70849609375,65.33433532714844,83.32003021240234,142.718017578125,333.9898681640625,54.78488540649414,50.41644287109375,117.75690460205078,55.71159362792969,50.79009246826172,171.1567840576172,139.83917236328125,84.3467025756836,42.67667007446289,46.278865814208984,152.60684204101562,116.08502960205078
2026-03-06,84.31190490722656,188.0167999267578,366.91546630859375,216.21311950683594,111.56847381591797,249.850341796875,189.20303344726562,319.8839416503906,51.916587829589844,113.2149658203125,95.5824203491211,103.26643371582031,119.142822265625,85.21929168701172,68.57170867919922,56.3465576171875,105.28260803222656,26.026248931884766,196.5441131591797,194.22438049316406,668.82568359375,64.82786560058594,82.73084259033203,141.08773803710938,329.4273376464844,54.40534210205078,49.4543342590332,116.78255462646484,55.80036926269531,50.1357536315918,169.04791259765625,136.95619201660156,84.71208190917969,42.233558654785156,46.12098693847656,151.40708923339844,113.98343658447266
2026-03-09,85.17720794677734,188.70272827148438,370.02166748046875,217.20619201660156,112.9111099243164,252.5690155029297,190.1271209716797,324.9664001464844,51.87712478637695,113.33326721191406,96.51416015625,105.50375366210938,119.75859832763672,85.56462097167969,68.90769958496094,57.29029846191406,105.777587890625,26.075653076171875,197.099609375,195.2088165283203,674.6845703125,65.4535140991211,83.11380767822266,142.3899688720703,332.2801818847656,55.06455612182617,49.583274841308594,116.88197326660156,55.553768157958984,49.89781951904297,170.04266357421875,139.42019653320312,84.89972686767578,42.322181701660156,46.229530334472656,152.95387268066406,114.1328353881836
2026-03-10,85.9927749633789,189.25942993164062,369.2052917480469,216.56069946289062,112.64408111572266,252.31008911132812,189.84890747070312,324.7367248535156,51.38380813598633,113.6882095336914,95.82030487060547,105.50375366210938,120.58294677734375,85.4264907836914,68.60134887695312,58.31352233886719,106.13397979736328,26.105295181274414,195.6216583251953,194.5326385498047,673.6002807617188,65.5130844116211,83.14327239990234,142.37008666992188,331.5148010253906,55.4441032409668,49.47417068481445,116.70301055908203,54.843563079833984,49.6301383972168,169.1274871826172,139.42019653320312,84.65283203125,42.263099670410156,45.9433708190918,151.853271484375,113.98343658447266
2026-03-11,85.2667236328125,188.11619567871094,368.7771911621094,216.07406616210938,112.6316146850586,251.80221557617188,189.2825164794922,324.3872375488281,52.58749771118164,112.98819732666016,95.45356750488281,106.10304260253906,120.1360092163086,84.90354919433594,67.87996673583984,57.926090240478516,105.9953842163086,25.868154525756836,194.97694396972656,194.741455078125,672.7548217773438,65.40385437011719,83.00579833984375,142.19114685058594,331.2463684082031,55.49404525756836,49.43449401855469,116.32520294189453,56.20478820800781,49.2137451171875,168.60028076171875,140.08856201171875,83.53689575195312,41.76090621948242,45.55853271484375,151.55581665039062,113.68463134765625
2026-03-12,83.73504638671875,184.04034423828125,362.9730529785156,213.18421936035156,110.63013458251953,246.384765625,186.0233154296875,315.9797668457031,53.05121612548828,110.46420288085938,93.9469223022461,103.57606506347656,118.46745300292969,85.41661834716797,67.810791015625,57.300235748291016,105.09452056884766,25.680416107177734,191.96156311035156,190.47552490234375,662.5390625,64.1227798461914,81.79798126220703,139.71592712402344,325.9582214355469,54.24552917480469,49.27579879760742,114.60517883300781,56.727577209472656,48.410701751708984,164.37258911132812,137.50486755371094,83.20113372802734,41.49503707885742,45.8841667175293,148.8885955810547,111.07508850097656
2026-03-13,82.90953063964844,182.419921875,361.01177978515625,213.2537384033203,109.37983703613281,245.56814575195312,185.476806640625,314.7116394042969,53.3077392578125,109.8233413696289,93.47114562988281,102.6771469116211,117.39480590820312,85.94942474365234,67.93925476074219,57.399574279785156,102.67900848388672,25.551965713500977,191.95166015625,189.1132049560547,658.7890014648438,63.37797927856445,80.67853546142578,138.69204711914062,324.178955078125,53.955875396728516,48.7897834777832,113.78990936279297,56.91499328613281,48.470184326171875,163.78567504882812,136.4674072265625,83.68502807617188,41.60335159301758,46.33807373046875,148.52171325683594,110.417724609375
2026-03-16,84.61029052734375,184.67657470703125,364.6654968261719,215.1107940673828,110.69501495361328,247.8885040283203,186.94740295410156,318.23638916015625,53.643192291259766,111.76563262939453,94.4425277709961,104.75465393066406,118.75547790527344,86.64009857177734,68.4135971069336,58.31352233886719,104.0748519897461,25.887916564941406,193.37998962402344,191.54946899414062,665.493408203125,64.73849487304688,82.0238265991211,140.65036010742188,327.489013671875,54.95468521118164,48.998077392578125,114.66484069824219,57.11227798461914,48.87666320800781,165.1882781982422,138.4425811767578,83.92205047607422,41.928306579589844,46.634098052978516,149.73138427734375,111.75237274169922
2026-03-17,84.62023162841797,185.09410095214844,365.7283020019531,216.15847778320312,110.82989501953125,249.45677185058594,187.85214233398438,320.6185607910156,54.34370422363281,112.17972564697266,93.86762237548828,105.17415618896484,118.8150634765625,86.77823638916016,68.04795837402344,58.05522918701172,104.19364929199219,25.976289749145508,194.46115112304688,191.89749145507812,667.2440185546875,64.95697021484375,82.38716125488281,141.17721557617188,328.5923767089844,55.194400787353516,49.11709976196289,114.70460510253906,57.71397399902344,49.13443374633789,165.6259765625,139.2007293701172,83.6455307006836,42.066162109375,46.505821228027344,148.3730010986328,112.72846221923828
2026-03-18,83.69525909423828,183.66256713867188,360.76861572265625,213.54672241210938,109.16386413574219,245.43634033203125,185.00242614746094,315.19500732421875,54.40290069580078,110.76983642578125,92.08345031738281,103.83575439453125,116.96773529052734,85.58435821533203,66.41741180419922,56.85319900512695,101.41185760498047,25.6386775970459,191.9020538330078,187.4923553466797,657.9335327148438,63.83479309082031,80.7767333984375,138.9902801513672,324.069580078125,54.14564895629883,48.0855598449707,113.00447082519531,57.63506317138672,48.54949951171875,164.31289672851562,137.6245880126953,81.61117553710938,41.37687301635742,46.11111831665039,145.89414978027344,110.12887573242188
2026-03-19,83.62564086914062,181.83340454101562,359.9004211425781,213.27755737304688,108.75922393798828,247.04251098632812,186.0386962890625,317.4323425292969,55.241539001464844,110.8684310913086,91.7959976196289,103.99556732177734,116.41155242919922,85.40675354003906,65.96283721923828,56.43596649169922,99.37252807617188,25.569169998168945,191.75328063964844,186.22947692871094,656.3121948242188,63.71562576293945,80.55087280273438,138.72186279296875,323.4930419921875,53.945884704589844,47.351585388183594,112.48746490478516,58.55241012573242,48.5693244934082,163.1987762451172,138.0934295654297,80.94951629638672,41.278404235839844,45.92363357543945,145.36865234375,109.26234436035156
2026-03-20,80.76119995117188,177.538818359375,354.2123107910156,210.64585876464844,106.76597595214844,241.64535522460938,182.80038452148438,309.1821594238281,54.896217346191406,109.76419067382812,90.6263656616211,100.95919799804688,114.67347717285156,82.07178497314453,65.25132751464844,54.84649658203125,96.69962310791016,24.78471565246582,188.936279296875,182.52040100097656,646.9034423828125,61.715152740478516,78.11604309082031,135.82931518554688,318.4235534667969,52.49760818481445,46.5977668762207,111.58271789550781,58.503089904785156,48.65855407714844,160.82131958007812,134.96107482910156,80.27798461914062,39.9687614440918,44.05866622924805,144.0994873046875,107.31016540527344
2026-03-23,83.09850311279297,181.3164520263672,358.62310791015625,212.46014404296875,108.4095230102539,246.86293029785156,186.6664276123047,316.1139221191406,55.15274429321289,111.39098358154297,90.92373657226562,103.2464599609375,115.70639038085938,82.82166290283203,65.37979888916016,55.223995208740234,99.31312561035156,24.9733829498291,190.9504852294922,187.00509643554688,653.6959228515625,63.3266716003418,79.9510498046875,138.10110473632812,322.25054931640625,53.73613357543945,47.372867584228516,112.41754150390625,59.203041076660156,49.0980110168457,162.6498260498047,136.78689575195312,80.62060546875,40.26714324951172,44.495872497558594,144.13433837890625,109.90100860595703
2026-03-24,82.8299560546875,181.02816772460938,357.26593017578125,213.14797973632812,107.26054382324219,248.18978881835938,188.30052185058594,316.6832275390625,56.099910736083984,111.02618408203125,90.96337890625,102.22767639160156,114.26627349853516,83.14726257324219,65.36991882324219,55.27366638183594,100.58028411865234,24.87408447265625,191.17959594726562,185.79193115234375,651.5015869140625,62.81934356689453,79.49723052978516,137.40362548828125,321.24658203125,53.24671936035156,48.26951599121094,110.84164428710938,60.40437698364258,49.107975006103516,163.59750366210938,135.9878387451172,80.55108642578125,39.94001388549805,44.80390548706055,144.15423583984375,109.46187591552734
2026-03-25,84.2920150756836,183.0164031982422,359.3116760253906,214.19467163085938,107.9549331665039,251.2225799560547,190.51254272460938,320.8582763671875,55.97164535522461,111.99240112304688,91.98432922363281,102.69711303710938,114.8621826171875,83.79846954345703,65.86402130126953,56.27701950073242,102.60971069335938,24.91380500793457,192.10601806640625,187.61167907714844,655.1322021484375,63.635047912597656,80.661376953125,138.66905212402344,323.2048034667969,54.27549362182617,49.2259407043457,111.15084075927734,60.13631057739258,49.16776657104492,164.69480895996094,136.5971221923828,80.94833374023438,39.92018508911133,44.962890625,145.59788513183594,110.50979614257812
2026-03-26,82.2630386352539,178.71188354492188,353.24432373046875,211.8420867919922,105.49459838867188,246.85296630859375,188.62933349609375,313.3072509765625,56.6326904296875,110.43462371826172,91.57792663574219,99.0914306640625,111.79322814941406,83.39392852783203,65.38967895507812,54.67761993408203,100.78816986083984,24.77478790283203,190.3428497314453,184.48928833007812,643.432373046875,62.15284729003906,79.08287811279297,135.94888305664062,317.6382751464844,52.787261962890625,48.90713119506836,108.52766418457031,61.07950973510742,48.87877655029297,160.87420654296875,132.34219360351562,80.58087921142578,39.94001388549805,45.04238510131836,145.10008239746094,108.61357116699219
2026-03-27,80.98995971679688,175.91842651367188,347.2268371582031,209.38983154296875,103.1116943359375,242.5232696533203,185.81948852539062,307.0047607421875,57.48119354248047,108.48246765136719,90.3785629272461,97.32354736328125,110.24385833740234,83.49260711669922,65.71578979492188,54.45906448364258,101.00596618652344,24.52654266357422,187.7329559326172,180.143798828125,632.4606323242188,61.725101470947266,78.38240814208984,134.1354217529297,312.19195556640625,52.42769241333008,48.72780227661133,106.76226043701172,62.112064361572266,47.64310836791992,158.8092803955078,129.76527404785156,81.21646881103516,39.66244125366211,45.30073165893555,142.63095092773438,105.46983337402344
2026-03-30,81.0794677734375,174.1389617919922,345.94952392578125,208.7617950439453,102.63711547851562,239.04153442382812,184.15548706054688,300.66229248046875,57.28386688232422,109.26136016845703,90.93363952636719,95.64555358886719,110.65106964111328,84.64701843261719,66.12095642089844,54.58821105957031,101.82763671875,24.61591148376465,187.34446716308594,180.15374755859375,630.3460693359375,61.705204010009766,78.7967758178711,133.7069854736328,310.7860107421875,52.35777282714844,48.90713119506836,107.67987060546875,61.516357421875,48.19118881225586,156.2256317138672,127.34815216064453,81.31578063964844,39.8607063293457,45.62863540649414,143.18850708007812,105.44987487792969
2026-03-31,83.98369598388672,179.944580078125,355.8189392089844,212.99844360351562,106.5062026977539,247.41163635253906,188.9083251953125,313.4371032714844,56.839881896972656,112.39663696289062,92.71781921386719,99.85052490234375,114.07756042480469,85.18968200683594,66.21977233886719,55.81011199951172,105.15391540527344,24.9733829498291,191.17959594726562,185.4041290283203,648.6688842773438,63.74447250366211,81.32237243652344,137.82212829589844,319.88983154296875,53.985836029052734,49.78385543823242,110.57234191894531,60.82136917114258,49.197662353515625,161.33306884765625,132.74171447753906,81.41510009765625,40.47532272338867,45.59882736206055,145.96624755859375,108.76327514648438
2026-04-01,86.0126724243164,184.13973999023438,358.61309814453125,214.2644500732422,107.4328842163086,248.96792602539062,190.07412719726562,315.7843322753906,55.07381057739258,113.41214752197266,93.68920135498047,101.53850555419922,114.65361785888672,85.94942474365234,66.26918029785156,55.63129806518555,106.91604614257812,25.22162628173828,191.7971954345703,186.816162109375,653.5562744140625,64.79891967773438,82.49638366699219,139.1871795654297,322.3128356933594,54.14564895629883,50.27202606201172,110.95135498046875,58.547767639160156,49.267417907714844,164.02642822265625,134.74932861328125,80.89867401123047,40.59428024291992,45.81743240356445,147.08132934570312,109.5816421508789
2026-04-02,84.8291015625,183.3046875,359.10211181640625,214.84263610839844,107.4154052734375,250.69381713867188,191.49899291992188,317.981689453125,55.7249870300293,113.17552185058594,93.2828140258789,101.50853729248047,114.21660614013672,86.3835678100586,66.50635528564453,55.47235107421875,106.282470703125,25.390432357788086,192.34507751464844,185.0958709716797,654.144775390625,64.3015365600586,82.10175323486328,138.8683319091797,322.83135986328125,53.75611114501953,50.22221374511719,111.41016387939453,58.82576370239258,49.35710144042969,163.36807250976562,135.8280487060547,81.32571411132812,41.2485466003418,46.04597473144531,146.16537475585938,107.93492126464844
2026-04-06,85.10758209228516,183.54327392578125,360.708740234375,215.92919921875,107.84002685546875,251.76129150390625,192.19647216796875,319.31011962890625,56.04071044921875,113.91497802734375,92.9557113647461,102.36750793457031,114.46490478515625,86.27503204345703,66.941162109375,55.46241760253906,106.24287414550781,25.390432357788086,193.17189025878906,186.27919006347656,657.23681640625,64.7790298461914,82.65422821044922,139.56582641601562,324.2771911621094,53.945884704589844,50.03292465209961,111.47000885009766,59.252685546875,49.70588302612305,164.2060089111328,136.61709594726562,82.09041595458984,41.397239685058594,45.877052307128906,145.6376953125,108.82315063476562
2026-04-07,85.04791259765625,183.4637451171875,360.7486877441406,215.9989776611328,107.89747619628906,252.3099822998047,192.76441955566406,319.8294982910156,56.30710220336914,114.09244537353516,92.91606140136719,102.88689422607422,114.8025894165039,86.71903228759766,66.20989227294922,55.243865966796875,106.54975891113281,25.479801177978516,192.74354553222656,184.30035400390625,657.5260009765625,64.74917602539062,82.40758514404297,139.6256103515625,324.4965515136719,54.02579116821289,49.8934440612793,111.52985382080078,59.729248046875,49.70588302612305,163.87681579589844,137.2663116455078,80.70005798339844,41.35758972167969,45.976417541503906,145.9264373779297,107.55567169189453
2026-04-08,88.92683410644531,191.89382934570312,369.9595031738281,221.25242614746094,110.69001770019531,259.85205078125,197.71653747558594,330.6566162109375,54.481834411621094,117.73054504394531,94.8191909790039,107.18174743652344,117.80201721191406,87.39984130859375,67.6329116821289,56.92273712158203,110.38092041015625,26.07558822631836,197.19630432128906,191.67872619628906,674.27294921875,67.46488952636719,85.57445526123047,144.05958557128906,332.74285888671875,56.43292999267578,51.55722427368164,113.51468658447266,57.63435363769531,51.02127456665039,170.02169799804688,141.52125549316406,82.20957946777344,42.07133483886719,46.48318099975586,149.0128173828125,110.599609375
2026-04-09,87.7432632446289,192.6593017578125,371.8355712890625,222.4685821533203,111.2045669555664,261.3385009765625,198.99195861816406,332.32464599609375,54.16611099243164,118.13478088378906,94.71015930175781,107.09185791015625,118.21915435791016,88.20891571044922,67.7712631225586,56.83332824707031,110.30171966552734,26.17488670349121,197.3158416748047,193.2001495361328,678.162841796875,67.19630432128906,85.59419250488281,144.42825317382812,334.48785400390625,56.37300109863281,51.47751998901367,113.97349548339844,56.91950988769531,51.150821685791016,171.76739501953125,141.9008026123047,82.87496185302734,42.35881423950195,46.85083770751953,148.67431640625,112.51579284667969
2026-04-10,87.65374755859375,192.0827178955078,371.26678466796875,221.15274047851562,111.46683502197266,260.6800537109375,198.62327575683594,331.47564697265625,54.04771041870117,117.57279205322266,93.7486801147461,107.72109985351562,117.4742660522461,88.00171661376953,67.1190414428711,56.80352783203125,111.39067840576172,26.244394302368164,195.89134216308594,193.3890838623047,677.7140502929688,67.38530731201172,85.89015197753906,144.4581298828125,334.0889587402344,56.68263244628906,51.76643753051758,113.6543197631836,56.53230285644531,50.5927734375,171.0990447998047,142.45013427734375,81.80240631103516,42.448036193847656,46.66204071044922,146.66317749023438,112.66549682617188
2026-04-13,87.87255859375,193.20606994628906,375.28839111328125,223.00689697265625,113.00548553466797,264.4411315917969,200.1278533935547,338.4972839355469,54.304237365722656,119.3376235961914,94.16498565673828,109.7686538696289,117.86161041259766,87.11370849609375,66.62493896484375,56.972408294677734,111.66787719726562,26.333763122558594,198.0629425048828,194.28404235839844,684.3369750976562,67.85284423828125,86.46236419677734,145.87301635742188,337.6986083984375,57.11212158203125,51.995582580566406,114.5220718383789,56.70108413696289,51.47966766357422,172.30606079101562,145.43658447265625,80.9880599975586,42.646297454833984,46.09565734863281,147.32028198242188,113.69344329833984
2026-04-14,88.92683410644531,194.50836181640625,379.5295715332031,224.0436248779297,115.04119110107422,268.0824890136719,201.36338806152344,345.468994140625,53.1893424987793,119.88973999023438,94.5912094116211,111.92607116699219,120.30484771728516,87.24197387695312,66.5458755493164,57.637996673583984,112.2321548461914,26.66144371032715,198.88973999023438,197.67489624023438,692.675537109375,68.52928161621094,87.18255615234375,147.55694580078125,341.66717529296875,57.911170959472656,51.816253662109375,116.25755310058594,55.54939270019531,51.599246978759766,172.924560546875,147.76380920410156,80.90860748291016,43.052734375,46.17515182495117,148.17649841308594,116.20843505859375
2026-04-15,88.58866882324219,192.92771911621094,382.5233459472656,223.31591796875,117.12435150146484,268.75091552734375,201.20396423339844,347.5665283203125,52.7946891784668,120.50102233886719,94.234375,113.35436248779297,121.23844909667969,86.60063171386719,66.25930786132812,57.64793014526367,111.27188873291016,26.711091995239258,198.95947265625,198.84829711914062,698.1414184570312,68.34027862548828,86.84712219238281,148.0850372314453,344.2497253417969,58.02104187011719,51.188602447509766,117.05548095703125,55.360748291015625,51.987884521484375,170.75987243652344,150.12100219726562,80.50143432617188,43.03290939331055,45.728004455566406,147.12115478515625,117.94497680664062
2026-04-16,88.92683410644531,191.97335815429688,383.44140625,224.2330322265625,117.20428466796875,269.3095703125,201.53277587890625,348.2557067871094,53.662925720214844,119.97847747802734,93.391845703125,114.51297760009766,122.53952026367188,86.69930267333984,66.27906799316406,58.303585052490234,111.51937866210938,26.86996841430664,199.865966796875,198.907958984375,699.8569946289062,68.27064514160156,86.53141784667969,148.25442504882812,345.0374755859375,58.140899658203125,51.55722427368164,118.52166748046875,56.17488098144531,51.84837341308594,169.91195678710938,151.83895874023438,80.86888122558594,43.42943572998047,46.055908203125,145.96624755859375,117.39606475830078
2026-04-17,89.70262145996094,195.1644744873047,388.0817565917969,226.43606567382812,118.9977035522461,275.125732421875,205.7077178955078,355.92657470703125,51.926456451416016,121.61512756347656,94.95796203613281,116.49060821533203,123.07584381103516,86.03822326660156,67.03998565673828,58.899635314941406,112.93502807617188,27.23737144470215,202.37623596191406,203.56170654296875,708.3152465820312,69.26541137695312,87.8731460571289,150.2970428466797,349.5245666503906,59.10974884033203,51.68674087524414,118.79096221923828,54.62604904174805,52.246978759765625,173.0841522216797,154.1661834716797,81.89178466796875,44.09361267089844,45.86711502075195,148.14663696289062,120.17053985595703
2026-04-20,88.8472671508789,195.09487915039062,387.7124938964844,226.5756378173828,118.57807922363281,276.6920166015625,206.84361267089844,358.28375244140625,52.05471420288086,121.09258270263672,94.08568572998047,116.33080291748047,122.30115509033203,85.7520980834961,66.9806900024414,58.909568786621094,112.29154968261719,27.277090072631836,203.01377868652344,202.37838745117188,706.8988037109375,68.96697998046875,87.64623260498047,149.93833923339844,349.2054748535156,58.84006881713867,52.03543472290039,118.4418716430664,54.675689697265625,52.44628143310547,173.4731903076172,154.37591552734375,81.822265625,44.25222396850586,45.459716796875,146.77268981933594,119.6316146850586
2026-04-21,86.66909790039062,190.94943237304688,385.0780029296875,225.16009521484375,117.71134185791016,273.8587646484375,204.631591796875,354.96771240234375,52.66642761230469,119.82072448730469,92.66825866699219,116.07111358642578,120.97029113769531,84.40034484863281,66.05177307128906,57.777076721191406,109.66814422607422,26.85011100769043,201.7686004638672,199.63385009765625,702.2708129882812,67.46488952636719,85.73230743408203,148.2245330810547,346.84228515625,58.13091278076172,51.5771484375,116.85600280761719,55.46996307373047,52.117431640625,171.0192413330078,154.50576782226562,81.27605438232422,43.39969253540039,44.664794921875,145.27928161621094,118.73340606689453
2026-04-22,87.28575134277344,191.58566284179688,388.85015869140625,225.8379669189453,119.6121597290039,275.8240661621094,205.48849487304688,358.11395263671875,53.23867416381836,119.34748077392578,92.71781921386719,119.10748291015625,121.94361114501953,84.54834747314453,66.44705963134766,57.91615295410156,110.9551010131836,26.66144371032715,201.67893981933594,199.1764373779297,709.3825073242188,67.99211120605469,85.96907806396484,149.55972290039062,350.21258544921875,58.69024658203125,51.636924743652344,117.57412719726562,56.13516616821289,52.027748107910156,170.62020874023438,157.90171813964844,81.54419708251953,43.08247375488281,44.58530044555664,145.7372589111328,118.6934814453125
2026-04-23,86.59947967529297,192.85812377929688,387.1237487792969,226.77500915527344,118.15843963623047,274.8663330078125,205.80735778808594,355.5370178222656,53.69252395629883,118.24323272705078,92.45018768310547,117.1797866821289,121.59599304199219,86.21582794189453,67.21785736083984,56.89293670654297,109.99483489990234,26.89975929260254,201.66897583007812,196.60096740722656,706.6295776367188,67.3355712890625,85.3080825805664,148.61312866210938,348.7966613769531,57.85124206542969,51.617000579833984,117.08539581298828,56.57201385498047,51.619178771972656,173.64279174804688,155.65440368652344,82.9047622680664,43.57813262939453,45.79756164550781,145.59788513183594,117.50584411621094
2026-04-24,86.84812927246094,192.887939453125,389.88800048828125,226.9344940185547,119.67960357666016,275.99365234375,206.21588134765625,357.7743835449219,53.534664154052734,118.0953369140625,91.45897674560547,120.49581909179688,121.73503875732422,86.44276428222656,67.3364486694336,57.42938232421875,110.3512191772461,26.830251693725586,201.25059509277344,197.69479370117188,712.10546875,67.78321075439453,85.88029479980469,149.79884338378906,351.0401916503906,58.9499397277832,51.726585388183594,115.24020385742188,56.46280288696289,51.24050521850586,172.0467071533203,160.02919006347656,82.65648651123047,43.44926452636719,45.88698959350586,143.5469207763672,118.45396423339844
2026-04-27,87.20618438720703,192.35113525390625,390.32708740234375,226.95443725585938,119.87942504882812,276.4825134277344,207.05287170410156,357.40478515625,53.445865631103516,118.49958038330078,90.89398956298828,120.87535858154297,121.21858978271484,86.42302703857422,66.65457916259766,56.74392318725586,110.0245361328125,26.77066993713379,201.0115203857422,196.44186401367188,713.332275390625,67.71357727050781,85.38700866699219,149.7789306640625,351.5188293457031,58.660282135009766,51.58710861206055,115.5094985961914,56.363521575927734,51.629146575927734,172.08660888671875,160.37876892089844,81.77261352539062,43.11221694946289,45.89692306518555,142.83009338378906,117.60564422607422
2026-04-28,87.08683013916016,190.84007263183594,388.2613830566406,226.36630249023438,118.96773529052734,273.2601623535156,206.11624145507812,351.0823059082031,54.13650894165039,118.90380859375,90.84443664550781,118.68798065185547,120.5928726196289,86.64009857177734,67.00045776367188,56.38629150390625,108.03470611572266,26.89975929260254,199.98548889160156,194.8607940673828,709.8612060546875,67.3753662109375,85.00225067138672,148.92202758789062,349.6242980957031,58.250770568847656,51.208526611328125,115.44965362548828,57.29678726196289,51.669002532958984,170.56036376953125,157.66201782226562,82.50751495361328,43.528564453125,45.956546783447266,143.20840454101562,116.77730560302734
2026-04-29,86.34088134765625,189.25942993164062,388.0617980957031,226.35633850097656,118.69547271728516,271.4344787597656,203.40602111816406,350.9125061035156,55.27113723754883,118.28266906738281,89.95234680175781,119.20735931396484,120.2452621459961,85.14035034179688,66.5557632446289,56.455833435058594,106.59925842285156,26.641584396362305,199.63685607910156,194.02549743652344,709.7515258789062,66.72876739501953,83.99595642089844,148.4038848876953,349.2054748535156,58.01105499267578,50.770164489746094,114.99085235595703,58.607337951660156,51.7387580871582,169.512939453125,158.92050170898438,82.34861755371094,43.26091003417969,45.39016342163086,142.21279907226562,116.60763549804688
2026-04-30,88.6185073852539,194.74693298339844,392.0135498046875,230.523193359375,119.16505432128906,277.310546875,207.00303649902344,359.4523620605469,56.05057907104492,120.0869369506836,92.1131820678711,120.10628509521484,122.64877319335938,87.55770874023438,67.87996673583984,57.19095993041992,109.06427001953125,27.128143310546875,202.65516662597656,196.9788360595703,716.8132934570312,68.43975830078125,85.96907806396484,150.65574645996094,353.1640930175781,58.86004638671875,51.27826690673828,116.20768737792969,59.222900390625,51.948028564453125,174.1515350341797,159.31004333496094,83.72903442382812,44.014312744140625,46.552738189697266,145.34898376464844,118.11463165283203
2026-05-01,87.82283782958984,193.40489196777344,393.0713806152344,230.13441467285156,119.94437408447266,278.617431640625,207.48130798339844,362.029296875,55.30073547363281,119.46578979492188,91.5977554321289,121.7043685913086,122.75802612304688,87.0742416381836,67.86019897460938,57.33997344970703,108.38119506835938,27.078495025634766,202.0375518798828,196.44186401367188,718.7982177734375,68.36017608642578,85.97895050048828,150.8948974609375,354.27093505859375,58.91997528076172,51.15871047973633,116.4171371459961,58.42862319946289,51.7387580871582,172.53550720214844,161.67721557617188,83.59000396728516,43.93500518798828,46.254642486572266,144.5226287841797,118.39407348632812
2026-05-04,87.64380645751953,190.9693145751953,391.5744934082031,228.87838745117188,119.71456909179688,277.22076416015625,205.81732177734375,361.09039306640625,55.675655364990234,117.95730590820312,91.16162109375,122.00401306152344,122.02306365966797,86.18622589111328,67.1980972290039,56.92273712158203,106.53986358642578,26.840181350708008,200.8621063232422,194.25421142578125,716.1649780273438,67.5544204711914,84.3609848022461,150.01805114746094,352.9646911621094,58.660282135009766,50.46132278442383,115.79874420166016,58.964759826660156,51.39994812011719,170.56036376953125,161.8570098876953,82.96434783935547,43.69709014892578,46.075782775878906,144.09449768066406,117.48589324951172
2026-05-05,88.77764892578125,194.05105590820312,394.58819580078125,231.3007354736328,120.3040542602539,281.8896484375,208.85635375976562,367.7724609375,55.76445388793945,118.63760375976562,91.52836608886719,124.80066680908203,122.19190979003906,86.51183319091797,67.68231964111328,56.843265533447266,108.09410858154297,26.989126205444336,202.4559326171875,195.4176483154297,721.9102172851562,68.61882019042969,85.70271301269531,151.5724334716797,355.9660339355469,59.28953552246094,51.33803939819336,115.32996368408203,59.024330139160156,51.409912109375,171.9868621826172,165.4327392578125,83.48075866699219,43.78630447387695,46.075782775878906,144.66200256347656,117.83518981933594
2026-05-06,91.1845703125,199.5783233642578,400.1466369628906,233.7430419921875,122.33226776123047,286.11956787109375,211.99502563476562,373.6954345703125,53.731990814208984,120.75736999511719,92.0438003540039,128.72598266601562,124.47624206542969,85.82115936279297,68.22583770751953,58.32345199584961,111.50947570800781,27.38631820678711,204.05972290039062,200.3199920654297,731.9443359375,70.4989242553711,88.03099822998047,154.50186157226562,360.8220520019531,60.67788314819336,52.21476364135742,117.04550170898438,56.59187316894531,51.65903854370117,176.4359130859375,169.82749938964844,83.65951538085938,44.351356506347656,45.41997146606445,144.7615509033203,119.6316146850586
2026-05-07,90.498291015625,195.8007049560547,398.57989501953125,231.290771484375,122.63200378417969,281.5903625488281,209.3446044921875,366.1443786621094,52.646697998046875,119.39677429199219,91.19136047363281,128.0767364501953,124.23786926269531,84.40034484863281,67.66255950927734,57.94595718383789,109.8463363647461,27.118213653564453,202.7547607421875,199.12672424316406,729.7001342773438,69.3051986694336,86.1072006225586,153.16668701171875,359.1668395996094,60.13852310180664,51.208526611328125,117.07542419433594,55.54939270019531,51.370052337646484,173.5729522705078,169.4879150390625,83.40131378173828,44.014312744140625,44.83371353149414,144.0845489501953,119.64159393310547
2026-05-08,91.72164916992188,196.06910705566406,401.4938049316406,233.16485595703125,123.4312973022461,283.495849609375,210.8690948486328,368.551513671875,52.3507080078125,119.30804443359375,90.79486846923828,132.8510284423828,124.14849090576172,84.19314575195312,67.82066345214844,57.93601989746094,111.30158996582031,27.217512130737305,203.3126220703125,199.61398315429688,735.724609375,70.4591293334961,86.9359130859375,154.6214141845703,361.82916259765625,60.468135833740234,51.39781951904297,116.6365737915039,55.30118179321289,51.061134338378906,172.77491760253906,175.31097412109375,83.59993743896484,44.02422332763672,44.43625259399414,142.85995483398438,119.96095275878906
2026-05-11,91.76143646240234,196.5959930419922,402.2921447753906,233.892578125,123.41131591796875,284.6530456542969,210.4406280517578,372.36700439453125,53.65306091308594,118.95310974121094,90.4578628540039,134.1594696044922,122.162109375,84.85421752929688,67.13880920410156,58.31352233886719,113.15282440185547,27.217512130737305,203.2030487060547,197.39646911621094,737.4002685546875,70.44918060302734,86.63994598388672,154.76092529296875,362.5870056152344,60.31830978393555,52.0653190612793,115.28009796142578,56.76065444946289,51.0013427734375,174.6103973388672,177.66815185546875,82.79551696777344,44.182830810546875,44.85358810424805,142.41192626953125,119.13261413574219
2026-05-12,91.56250762939453,195.2340545654297,401.5736389160156,233.47389221191406,123.24146270751953,281.8996276855469,208.88624572753906,368.1419982910156,54.0970458984375,119.29817962646484,91.85546875,131.24295043945312,122.2713623046875,84.68648529052734,67.88983917236328,57.826744079589844,113.03401947021484,27.197650909423828,203.0237274169922,196.18331909179688,736.2831420898438,69.60363006591797,85.93948364257812,153.79441833496094,361.7494201660156,59.31949996948242,51.945770263671875,115.55937194824219,57.15779113769531,51.39994812011719,173.92210388183594,174.99134826660156,83.85814666748047,44.1927490234375,44.90327072143555,145.2095947265625,118.05475616455078
2026-05-13,92.58694458007812,195.59193420410156,403.4896545410156,233.95237731933594,124.20062255859375,281.9993896484375,208.48768615722656,368.8411865234375,54.06744384765625,118.31224822998047,92.32133483886719,133.1306915283203,124.20807647705078,83.96620178222656,67.9787826538086,59.39634323120117,113.83589172363281,27.068565368652344,202.1371612548828,198.31130981445312,740.4025268554688,70.26016998291016,86.42289733886719,154.8406219482422,363.6639099121094,59.86884307861328,51.86606979370117,116.45703887939453,57.21736145019531,50.812007904052734,173.19387817382812,176.63938903808594,84.13621520996094,43.825958251953125,44.38656997680664,146.06581115722656,118.48390197753906
2026-05-14,91.56250762939453,195.4825897216797,406.71295166015625,234.4308624267578,125.77922821044922,283.7751770019531,209.2250213623047,371.79766845703125,54.34370422363281,118.87422943115234,92.103271484375,135.00845336914062,123.42345428466797,84.12407684326172,68.13689422607422,57.71746826171875,112.69743347167969,27.068565368652344,202.8743133544922,197.6251983642578,746.2474975585938,70.19053649902344,86.29464721679688,155.45840454101562,366.34619140625,59.88882064819336,51.47751998901367,116.8061294555664,57.654212951660156,51.1109619140625,174.08169555664062,179.28622436523438,84.39442443847656,43.528564453125,44.6151123046875,145.9861602783203,118.43399810791016
2026-05-15,90.57786560058594,191.50613403320312,401.6335144042969,231.45025634765625,124.26057434082031,276.94140625,205.2294464111328,361.8195495605469,55.33033752441406,118.13478088378906,91.16162109375,131.92214965820312,122.13231658935547,81.93365478515625,67.87007904052734,56.26708221435547,108.33169555664062,26.62172508239746,200.78240966796875,194.22438049316406,737.2706298828125,68.71829223632812,84.63722229003906,152.9674072265625,361.6995544433594,58.37062454223633,50.11262130737305,115.77880096435547,59.014400482177734,50.92162322998047,170.9793243408203,176.05007934570312,84.0567626953125,42.85447311401367,43.591644287109375,144.462890625,116.29825592041016
2026-05-18,90.42867279052734,191.3271942138672,401.52374267578125,231.938720703125,123.99080657958984,275.3152770996094,205.33905029296875,357.15509033203125,56.43536376953125,119.48551177978516,91.62749481201172,130.7735137939453,122.87721252441406,82.53553009033203,68.8780517578125,55.98892593383789,108.54949188232422,26.830251693725586,202.0176239013672,194.55252075195312,736.751953125,69.1559829711914,85.93948364257812,153.15672302246094,361.32061767578125,58.410579681396484,50.03292465209961,116.67646789550781,60.146240234375,51.559391021728516,170.3309326171875,174.15234375,85.3080825805664,43.369956970214844,43.66120147705078,145.0801544189453,116.08867645263672
2026-05-19,89.80207824707031,188.91148376464844,399.00897216796875,230.99171447753906,122.96171569824219,272.3523254394531,203.49569702148438,352.8102722167969,56.84974670410156,118.67704772949219,92.35107421875,129.75474548339844,122.32102966308594,83.11766052246094,69.08557891845703,56.207481384277344,106.18347930908203,26.830251693725586,200.84217834472656,192.95155334472656,731.8446044921875,68.6287612915039,85.24889373779297,152.0806121826172,359.0272521972656,57.80130386352539,48.85731887817383,115.54939270019531,60.851158142089844,50.92162322998047,168.32586669921875,173.03367614746094,85.49677276611328,43.55830383300781,44.05866241455078,146.6731414794922,114.80123901367188
2026-05-20,90.71710968017578,191.68507385253906,403.2301940917969,233.065185546875,124.5503158569336,279.2060241699219,207.8898468017578,362.73846435546875,55.62632751464844,120.36299133300781,92.67816925048828,132.79110717773438,122.6884994506836,83.54193115234375,68.81875610351562,56.247215270996094,107.98521423339844,27.187721252441406,203.0436553955078,196.98878479003906,739.3452758789062,69.8324203491211,87.0542984008789,154.0734100341797,363.1453857421875,58.6003532409668,49.534786224365234,115.79874420166016,59.371822357177734,51.47966766357422,170.31097412109375,176.9290313720703,84.93069458007812,44.04404830932617,44.22758483886719,146.48397827148438,117.70545196533203
2026-05-21,90.8762435913086,191.5558319091797,404.1083679199219,233.96234130859375,124.57029724121094,281.8197937011719,209.03570556640625,367.6226501464844,55.310604095458984,120.76722717285156,93.3026351928711,134.3492431640625,122.73816680908203,84.35100555419922,68.26536560058594,55.59156036376953,109.16326141357422,27.257230758666992,203.92027282714844,197.78428649902344,740.8114624023438,70.31986236572266,87.56731414794922,154.6513214111328,364.0428161621094,58.63031768798828,49.83366775512695,115.79874420166016,58.70662307739258,51.54942321777344,170.11146545410156,178.38729858398438,84.07662963867188,44.113441467285156,44.7144775390625,147.49948120117188,118.46393585205078
2026-05-22,91.11494445800781,191.91371154785156,405.7848815917969,235.5772705078125,124.8900146484375,284.4435729980469,210.55023193359375,371.8975524902344,55.3994026184082,120.47145080566406,94.00639343261719,135.1682586669922,122.42034149169922,84.57794952392578,68.20606994628906,55.1743278503418,109.14346313476562,27.227441787719727,205.78305053710938,197.34677124023438,743.7239990234375,70.091064453125,87.27134704589844,155.01002502441406,365.7379455566406,58.90998458862305,50.1026611328125,115.16040802001953,59.06404495239258,51.758689880371094,171.3484344482422,180.17515563964844,84.21566772460938,44.17292022705078,45.062252044677734,149.23184204101562,118.94298553466797
2026-05-26,92.3979721069336,195.36329650878906,408.6189880371094,237.55104064941406,125.5494384765625,289.82080078125,213.9180908203125,379.23883056640625,53.998382568359375,121.04328155517578,93.19359588623047,139.5330352783203,123.5923080444336,84.97261810302734,67.40562438964844,55.73063659667969,111.41048431396484,27.416107177734375,206.83895874023438,198.43064880371094,748.6613159179688,71.4041519165039,88.27764129638672,156.81350708007812,368.4002685546875,60.15850067138672,50.80005645751953,115.25017547607422,57.43578338623047,51.669002532958984,173.87222290039062,184.9195098876953,83.05371856689453,44.321617126464844,45.04238510131836,147.85791015625,119.21244812011719
2026-05-27,91.79127502441406,194.61770629882812,408.42938232421875,237.18218994140625,125.5993881225586,289.6811218261719,214.04762268066406,379.4186096191406,53.07094955444336,120.22496032714844,93.32246398925781,139.1734619140625,123.76114654541016,84.22274017333984,68.12701416015625,55.094852447509766,111.2619857788086,27.316808700561523,206.68954467773438,200.8867950439453,748.5316162109375,71.03609466552734,88.11978912353516,156.59429931640625,368.300537109375,60.21843338012695,50.98934555053711,115.95833587646484,56.581947326660156,51.24050521850586,173.87222290039062,184.21034240722656,83.99717712402344,44.242313385009766,44.85358810424805,148.1366729736328,121.30827331542969
2026-05-28,92.19905090332031,194.5978240966797,410.804443359375,237.28187561035156,127.00814819335938,291.3371887207031,214.58567810058594,382.3251647949219,53.05121612548828,119.55452728271484,94.18480682373047,141.1810760498047,123.92005157470703,83.23606872558594,67.8009033203125,54.62794876098633,111.7668685913086,27.267160415649414,207.4466094970703,201.6425323486328,752.6609497070312,71.28478240966797,87.83368682861328,157.30174255371094,370.5939636230469,59.828895568847656,51.16867446899414,116.36726379394531,56.542232513427734,51.09103012084961,173.37344360351562,186.62747192382812,83.84821319580078,44.02422332763672,44.346824645996094,150.21751403808594,121.81725311279297
2026-05-29,92.45764923095703,193.65341186523438,412.05181884765625,237.2121124267578,127.73750305175781,289.740966796875,213.1010284423828,380.3175354003906,52.59736633300781,120.23481750488281,93.66938018798828,143.61814880371094,122.81761932373047,82.9301986694336,66.74352264404297,54.737220764160156,111.92526245117188,27.078495025634766,208.0243682861328,200.72769165039062,754.5361328125,71.39420318603516,87.81395721435547,157.55084228515625,371.4714660644531,59.80891799926758,50.95945739746094,115.38981628417969,55.886959075927734,51.39994812011719,172.70509338378906,190.79251098632812,82.33869171142578,43.607872009277344,44.138153076171875,148.81369018554688,120.62963104248047
2026-06-01,92.42781066894531,192.42071533203125,413.0697021484375,236.71368408203125,128.65670776367188,288.29443359375,211.97509765625,378.94915771484375,53.48533248901367,119.64325714111328,92.1627426147461,147.9030303955078,123.02619171142578,81.07524108886719,65.82449340820312,55.035247802734375,111.67777252197266,26.582006454467773,208.4029083251953,197.51580810546875,756.5908203125,71.49368286132812,87.33053588867188,158.0291290283203,372.3289794921875,60.34827423095703,50.73031234741211,115.31002044677734,56.88972473144531,51.25047302246094,171.9768829345703,195.52685546875,81.46475219726562,42.894126892089844,42.82653045654297,147.1908416748047,117.9549560546875
2026-06-02,93.07430267333984,193.68324279785156,413.9179382324219,238.56784057617188,128.17710876464844,290.9680480957031,214.2269744873047,381.9356384277344,54.22530746459961,120.11650848388672,91.112060546875,149.56105041503906,121.77477264404297,82.10138702392578,65.8739013671875,56.81346130371094,113.05381774902344,26.681304931640625,209.2296905517578,198.4903106689453,757.6182250976562,71.94132232666016,87.7646255493164,158.77642822265625,373.2862243652344,61.11735916137695,51.32807922363281,113.27531433105469,57.54499816894531,51.280364990234375,173.7624969482422,197.9739532470703,81.26612854003906,43.11221694946289,43.621456146240234,145.75717163085938,117.35614776611328
2026-06-03,93.43235778808594,193.27565002441406,410.97406005859375,238.5478973388672,126.5185775756836,286.9875183105469,211.4270782470703,376.5420227050781,54.698890686035156,118.81507873535156,91.4688949584961,148.06283569335938,120.52335357666016,81.80538940429688,65.97272491455078,55.611427307128906,111.99456024169922,26.641584396362305,208.4427490234375,196.1435546875,752.3018798828125,71.29473114013672,86.7188720703125,157.38145446777344,370.583984375,60.258384704589844,51.43767166137695,111.78917694091797,58.28962707519531,50.69242477416992,173.62283325195312,195.9962921142578,81.59385681152344,43.13203811645508,43.43265914916992,146.90213012695312,116.49786376953125
2026-06-04,93.62132263183594,194.86624145507812,412.8102722167969,240.27244567871094,126.7184066772461,291.3172302246094,214.26683044433594,382.44500732421875,54.659427642822266,121.14188385009766,94.2442855834961,145.79554748535156,120.52335357666016,82.33818817138672,65.8343734741211,55.363075256347656,111.92526245117188,26.919618606567383,210.0166473388672,196.6506805419922,755.1445922851562,71.46383666992188,87.69556427001953,157.96932983398438,372.3090515136719,60.238407135009766,51.427703857421875,112.8165054321289,58.329341888427734,52.007816314697266,175.7276611328125,192.93994140625,81.47467803955078,44.014312744140625,43.66120147705078,151.4122314453125,117.02680969238281
2026-06-05,90.2297592163086,191.69500732421875,402.17242431640625,235.67694091796875,122.58204650878906,280.9817810058594,208.6869659423828,365.8347473144531,53.52479934692383,119.97847747802734,94.7894515991211,135.12831115722656,118.24894714355469,82.73285675048828,66.61505889892578,54.081565856933594,107.49022674560547,26.979196548461914,207.02822875976562,193.29959106445312,735.65478515625,68.80781555175781,85.95921325683594,153.12681579589844,362.3377380371094,57.96111297607422,50.4413948059082,111.38024139404297,57.25707244873047,52.117431640625,173.75250244140625,180.08526611328125,82.86503601074219,44.311702728271484,44.068599700927734,152.33815002441406,114.63157653808594
2026-06-08,91.4531021118164,191.59559631347656,403.22021484375,236.52427673339844,122.87179565429688,283.4359436035156,210.49046325683594,369.24072265625,54.057579040527344,120.02777099609375,94.283935546875,138.43435668945312,117.96092224121094,81.52911376953125,66.43717956542969,53.57492446899414,106.61905670166016,26.740882873535156,206.80906677246094,193.8862762451172,737.3204345703125,69.49420928955078,86.3439712524414,153.92393493652344,363.4245910644531,58.26075744628906,49.773887634277344,110.80174255371094,57.912349700927734,51.7885856628418,173.20387268066406,183.9606475830078,82.4975814819336,43.64752197265625,43.243865966796875,151.97972106933594,115.1605224609375
2026-06-09,90.45851135253906,192.23182678222656,402.2721862792969,237.42144775390625,121.91263580322266,284.3437805175781,211.4071502685547,370.1695861816406,53.21894073486328,121.01371002197266,95.374267578125,136.2369842529297,117.72256469726562,82.42699432373047,67.18821716308594,53.94248962402344,107.46053314208984,27.277090072631836,208.3829803466797,194.91049194335938,735.1560668945312,69.47430419921875,86.69913482666016,153.74459838867188,362.62689208984375,58.380615234375,50.580875396728516,111.19073486328125,56.97908020019531,52.27687454223633,175.16903686523438,180.55471801757812,83.5204849243164,44.57936096191406,43.70094680786133,153.8913116455078,115.63957214355469
2026-06-10,88.80747985839844,186.8536834716797,395.9753112792969,234.5006561279297,119.58468627929688,281.3808288574219,210.16163635253906,364.7760314941406,53.88985061645508,119.86016845703125,94.45243835449219,132.73117065429688,116.95780944824219,82.27899169921875,68.26536560058594,53.75374221801758,104.83712768554688,27.336669921875,205.7332305908203,191.6886749267578,723.56591796875,68.44969940185547,85.52513122558594,151.37315368652344,357.0130310058594,57.65148162841797,49.41522979736328,110.72195434570312,57.832923889160156,52.04767608642578,169.2436065673828,176.41964721679688,84.90090942382812,44.599185943603516,43.720821380615234,152.17886352539062,113.26429748535156
2026-06-11,91.6818618774414,192.76866149902344,402.6913146972656,239.02638244628906,121.4630355834961,289.72100830078125,215.0340576171875,377.4609375,53.28800582885742,122.01936340332031,95.6319808959961,138.9737091064453,117.97085571289062,83.14726257324219,68.37406921386719,53.98222732543945,108.93557739257812,27.505475997924805,208.94081115722656,195.8949432373047,735.8642578125,70.93661499023438,88.25790405273438,155.0498809814453,363.25506591796875,59.029842376708984,51.029197692871094,111.8290786743164,56.71101379394531,52.436317443847656,174.72012329101562,182.99180603027344,84.68241882324219,44.529788970947266,43.770503997802734,153.4134063720703,116.06871795654297
2026-06-12,92.20899963378906,193.385009765625,404.7669982910156,241.36900329589844,121.50299835205078,292.2550048828125,217.5449981689453,379.9380187988281,53.43600082397461,123.58699798583984,95.40399932861328,139.56300354003906,118.38799285888672,83.46299743652344,68.63099670410156,54.46900177001953,110.96499633789062,27.714000701904297,210.83348083496094,196.06399536132812,739.843994140625,71.17536163330078,88.41575622558594,155.7274169921875,365.30914306640625,59.47930908203125,51.98562240600586,111.36029815673828,57.137935638427734,53.153804779052734,175.7476043701172,184.5799102783203,85.22863006591797,44.96596908569336,44.24745559692383,153.13462829589844,116.36811828613281
2026-06-15,94.05999755859375,195.72000122070312,411.7300109863281,243.77999877929688,124.36000061035156,294.6400146484375,217.3000030517578,386.1700134277344,51.63999938964844,123.9800033569336,94.83000183105469,144.8699951171875,119.7699966430664,83.80999755859375,68.30999755859375,54.93000030517578,112.83999633789062,27.59000015258789,212.05874633789062,199.05999755859375,752.890380859375,72.01095581054688,88.66239929199219,158.148681640625,371.46148681640625,60.76777648925781,52.30442810058594,111.89889526367188,55.15225601196289,53.3730354309082,178.241455078125,191.56158447265625,84.89098358154297,44.599185943603516,44.45612716674805,152.2186737060547,118.33419799804688
2026-06-16,94.12000274658203,196.77999877929688,409.2300109863281,242.9600067138672,123.3499984741211,292.0799865722656,216.1999969482422,381.4100036621094,51.38999938964844,125.83000183105469,94.66999816894531,141.02999877929688,119.58000183105469,84.0,68.37999725341797,54.130001068115234,113.19999694824219,27.6200008392334,211.35147094726562,198.7899932861328,748.4019775390625,71.94132232666016,88.80052185058594,157.4213104248047,369.30767822265625,60.088584899902344,52.52360916137695,112.02855682373047,54.96361541748047,54.1602783203125,179.40859985351562,186.21795654296875,85.00021362304688,44.708229064941406,44.77409744262695,152.26846313476562,118.22441864013672
2026-06-17,94.44999694824219,196.4600067138672,404.0799865722656,240.3800048828125,121.5999984741211,289.8800048828125,213.69000244140625,380.0199890136719,50.61000061035156,125.44999694824219,93.5999984741211,141.0399932861328,116.5,82.93000030517578,67.04000091552734,53.0,111.44000244140625,27.020000457763672,208.18374633789062,194.25,739.0560302734375,71.62300109863281,88.03099822998047,155.8470001220703,364.7109069824219,59.7390022277832,51.82621765136719,108.9166488647461,54.2785530090332,53.861324310302734,179.15921020507812,185.57872009277344,83.10337829589844,43.58804702758789,44.17790222167969,150.04824829101562,115.26032257080078
2026-06-18,96.26000213623047,198.92999267578125,408.4100036621094,242.17999267578125,123.19000244140625,295.5899963378906,216.8699951171875,389.0400085449219,49.83000183105469,124.87999725341797,92.97000122070312,146.3300018310547,117.38999938964844,83.23999786376953,66.94999694824219,52.77000045776367,110.23999786376953,27.059999465942383,209.15000915527344,196.3300018310547,746.739990234375,72.30999755859375,88.2699966430664,157.66000366210938,368.9287414550781,60.77000045776367,51.617000579833984,109.16600036621094,53.38500213623047,53.382999420166016,180.46600341796875,191.21200561523438,82.72599792480469,43.479000091552734,44.47599792480469,148.74398803710938,116.92700958251953
2026-06-22,96.97000122070312,200.11000061035156,406.95001220703125,243.52999877929688,121.76000213623047,298.17999267578125,217.99000549316406,393.8500061035156,50.369998931884766,125.55999755859375,93.4800033569336,147.1999969482422,114.41000366210938,83.61000061035156,66.51000213623047,52.86000061035156,109.58999633789062,27.31999969482422,209.61000061035156,192.5,744.3900146484375,72.38999938964844,88.25,157.55999755859375,367.75213623046875,61.2400016784668,51.619998931884766,106.86000061035156,54.060001373291016,53.70000076293945,181.8000030517578,192.14999389648438,82.18000030517578,44.02000045776367,44.720001220703125,150.05999755859375,114.94000244140625
2026-06-23,92.75,195.5399932861328,401.57000732421875,240.9499969482422,119.80999755859375,295.32000732421875,217.5500030517578,387.67999267578125,50.59000015258789,125.16000366210938,94.83999633789062,139.36000061035156,113.93000030517578,83.91000366210938,67.5999984741211,51.810001373291016,106.79000091552734,27.530000686645508,208.88999938964844,190.3300018310547,733.5800170898438,70.16999816894531,87.16000366210938,154.3300018310547,362.65679931640625,59.36000061035156,50.869998931884766,107.2699966430664,54.459999084472656,53.880001068115234,178.14999389648438,184.19000244140625,83.72000122070312,44.63999938964844,45.06999969482422,152.17999267578125,113.76000213623047
2026-06-24,92.61000061035156,197.05999755859375,401.4700012207031,241.0,119.66999816894531,296.69000244140625,218.58999633789062,389.010009765625,49.540000915527344,124.30000305175781,95.51000213623047,138.88999938964844,113.26000213623047,84.38999938964844,68.2300033569336,51.43000030517578,105.70999908447266,27.649999618530273,210.3800048828125,192.19000244140625,733.239990234375,70.27999877929688,86.94999694824219,154.25999450683594,362.60693359375,58.970001220703125,51.15999984741211,106.54000091552734,53.56999969482422,53.720001220703125,180.2100067138672,183.0500030517578,84.44000244140625,44.5099983215332,45.540000915527344,153.35000610351562,115.06999969482422
2026-06-25,93.38999938964844,199.1699981689453,401.3900146484375,244.41000366210938,118.0999984741211,298.9100036621094,220.11000061035156,391.9200134277344,49.869998931884766,123.94000244140625,96.86000061035156,140.4499969482422,112.37000274658203,85.30000305175781,68.12999725341797,50.779998779296875,106.80999755859375,27.809999465942383,211.75,189.85000610351562,734.2999877929688,71.16000366210938,87.83000183105469,154.85000610351562,362.9360046386719,58.79999923706055,51.84000015258789,105.58000183105469,54.09000015258789,53.45000076293945,184.1199951171875,184.57000732421875,83.94000244140625,44.59000015258789,45.849998474121094,155.6300048828125,113.3499984741211
2026-06-26,92.80000305175781,196.60000610351562,400.20001220703125,242.75999450683594,119.04000091552734,299.8299865722656,221.42999267578125,388.30999755859375,49.54999923706055,123.97000122070312,98.88999938964844,138.14999389648438,112.18000030517578,85.5199966430664,68.66000366210938,50.47999954223633,106.2699966430664,28.100000381469727,210.30999755859375,191.77000427246094,728.989990234375,70.55999755859375,87.12999725341797,153.9499969482422,362.2200012207031,58.58000183105469,51.599998474121094,106.18000030517578,53.84000015258789,53.56999969482422,181.1999969482422,181.11000061035156,84.70999908447266,45.2400016784668,46.20000076293945,160.33999633789062,114.37000274658203
2026-06-29,93.20999908447266,197.89999389648438,406.30999755859375,242.75,121.9800033569336,298.9700012207031,221.27999877929688,390.25,49.400001525878906,124.37000274658203,99.5,140.50999450683594,113.55000305175781,85.87999725341797,68.58999633789062,50.790000915527344,105.58999633789062,28.049999237060547,213.0500030517578,193.9499969482422,741.0,70.91999816894531,88.06999969482422,155.8300018310547,367.1199951171875,59.18000030517578,50.65999984741211,107.87999725341797,53.58000183105469,53.720001220703125,182.75999450683594,185.41000366210938,84.37000274658203,44.91999816894531,46.02000045776367,160.74000549316406,117.12000274658203
2026-06-30,93.2699966430664,200.5,409.5,242.42999267578125,124.16999816894531,300.45001220703125,221.1999969482422,393.9599914550781,49.130001068115234,124.51000213623047,98.37999725341797,144.47999572753906,112.8499984741211,84.97000122070312,67.52999877929688,51.029998779296875,105.83999633789062,27.6200008392334,212.77000427246094,192.9600067138672,746.77001953125,71.25,88.54000091552734,156.9499969482422,370.0400085449219,59.689998626708984,50.83000183105469,107.12999725341797,53.11000061035156,53.61000061035156,185.22999572753906,190.52000427246094,83.06999969482422,44.029998779296875,45.34000015258789,158.66000366210938,117.27999877929688
2026-07-01,93.05000305175781,199.0,408.8699951171875,243.8800048828125,123.0199966430664,299.32000732421875,221.7100067138672,391.1000061035156,48.650001525878906,126.2300033569336,98.6500015258789,139.89999389648438,114.93000030517578,83.69999694824219,67.55999755859375,51.529998779296875,105.95999908447266,27.649999618530273,213.41000366210938,194.39999389648438,745.760009765625,70.36000061035156,87.7699966430664,156.1199951171875,369.2699890136719,59.220001220703125,51.02000045776367,109.73999786376953,52.810001373291016,54.779998779296875,183.36000061035156,185.6199951171875,83.30000305175781,44.18000030517578,44.77000045776367,159.5399932861328,118.08999633789062
2026-07-02,93.13999938964844,200.4199981689453,408.75,246.80999755859375,121.16000366210938,297.5799865722656,221.3300018310547,386.7799987792969,49.25,127.7699966430664,101.54000091552734,136.5,114.63999938964844,85.51000213623047,69.08000183105469,50.90999984741211,107.77999877929688,27.979999542236328,214.91000366210938,195.1199951171875,744.780029296875,70.80999755859375,89.3499984741211,156.1699981689453,368.760009765625,59.040000915527344,52.0099983215332,109.5999984741211,53.220001220703125,55.619998931884766,183.91000366210938,180.58999633789062,84.98999786376953,44.68000030517578,45.7599983215332,163.74000549316406,117.12000274658203
2026-07-06,95.2699966430664,203.0500030517578,411.9800109863281,247.24000549316406,123.0,298.8999938964844,221.74000549316406,389.989990234375,49.16999816894531,129.60000610351562,100.45999908447266,139.47000122070312,115.86000061035156,84.9800033569336,68.43000030517578,52.02000045776367,108.51000213623047,27.850000381469727,215.0,196.35000610351562,751.280029296875,71.88999938964844,89.97000122070312,157.80999755859375,371.6700134277344,60.06999969482422,51.97999954223633,110.20999908447266,53.130001068115234,56.13999938964844,185.55999755859375,183.57000732421875,84.0999984741211,44.290000915527344,45.29999923706055,161.9600067138672,118.01000213623047
2026-07-07,93.06999969482422,199.00999450683594,409.7099914550781,247.74000549316406,121.3499984741211,296.19000244140625,220.17999267578125,385.69000244140625,50.63999938964844,129.25,101.61000061035156,135.86000061035156,116.58000183105469,85.38999938964844,69.05999755859375,51.779998779296875,106.43000030517578,28.110000610351562,214.72999572753906,195.9499969482422,747.7100219726562,70.77999877929688,89.04000091552734,156.33999633789062,369.6099853515625,58.880001068115234,51.5099983215332,111.0199966430664,54.63999938964844,56.04999923706055,182.3800048828125,179.17999267578125,84.86000061035156,44.88999938964844,45.70000076293945,164.44000244140625,117.38999938964844
2026-07-08,92.54000091552734,196.33999633789062,408.260009765625,245.1999969482422,121.80000305175781,293.4800109863281,217.67999267578125,382.6400146484375,51.439998626708984,127.5999984741211,100.25,137.58999633789062,115.77999877929688,84.97000122070312,68.6500015258789,52.849998474121094,103.83000183105469,27.719999313354492,212.1999969482422,194.1300048828125,745.4000244140625,70.33999633789062,88.18000030517578,155.80999755859375,368.25,59.16999816894531,50.15999984741211,109.45999908447266,55.599998474121094,54.970001220703125,180.4199981689453,181.39999389648438,84.38999938964844,44.150001525878906,45.36000061035156,162.3000030517578,115.30000305175781
2026-07-09,93.5199966430664,197.11000061035156,411.6099853515625,246.3800048828125,123.30000305175781,297.239990234375,219.5,388.8399963378906,50.77000045776367,128.47999572753906,99.94000244140625,140.42999267578125,116.54000091552734,84.72000122070312,67.66999816894531,53.189998626708984,104.8499984741211,27.75,213.5,195.58999633789062,751.7100219726562,70.7300033569336,88.41000366210938,157.0,371.45001220703125,59.4900016784668,50.2599983215332,110.51000213623047,54.81999969482422,55.540000915527344,181.11000061035156,185.35000610351562,83.19999694824219,44.22999954223633,45.130001068115234,162.1699981689453,116.8499984741211
2026-07-10,94.55000305175781,198.00999450683594,413.1099853515625,246.83999633789062,123.94999694824219,295.989990234375,219.97000122070312,384.67999267578125,51.029998779296875,129.24000549316406,99.20999908447266,140.72999572753906,118.1500015258789,84.83000183105469,68.11000061035156,53.130001068115234,106.0,27.809999465942383,214.3000030517578,196.00999450683594,754.9500122070312,70.98999786376953,88.56999969482422,157.6300048828125,372.69000244140625,59.88999938964844,50.88999938964844,111.63999938964844,55.08000183105469,55.709999084472656,181.9199981689453,185.77999877929688,84.12000274658203,44.45000076293945,45.40999984741211,160.83999633789062,117.23999786376953
2026-07-13,92.72000122070312,195.39999389648438,410.010009765625,247.6199951171875,121.58999633789062,293.4800109863281,219.77999877929688,378.9700012207031,52.540000915527344,129.4499969482422,99.20999908447266,136.6699981689453,117.58000183105469,85.33000183105469,68.19999694824219,52.529998779296875,104.62999725341797,27.90999984741211,214.22999572753906,194.44000244140625,749.1699829101562,69.76000213623047,87.86000061035156,155.80999755859375,369.7799987792969,58.790000915527344,50.58000183105469,111.58999633789062,56.7400016784668,56.06999969482422,180.3699951171875,181.27999877929688,84.58999633789062,44.70000076293945,45.720001220703125,161.41000366210938,116.04000091552734
2026-07-14,93.88999938964844,196.44000244140625,411.4800109863281,246.3699951171875,123.2300033569336,294.510009765625,219.60000610351562,381.9599914550781,52.75,130.19000244140625,97.66000366210938,138.9199981689453,118.11000061035156,85.66000366210938,67.7699966430664,53.22999954223633,106.1500015258789,27.93000030517578,213.4499969482422,194.6199951171875,751.8300170898438,70.5999984741211,88.30000305175781,156.77999877929688,371.1600036621094,59.08000183105469,50.63999938964844,111.44999694824219,56.95000076293945,56.18000030517578,180.4499969482422,183.6199951171875,83.41999816894531,44.47999954223633,45.689998626708984,158.2899932861328,115.9000015258789
2026-07-15,93.5,196.35000610351562,412.739990234375,247.27999877929688,123.58000183105469,295.7699890136719,221.2899932861328,382.5299987792969,52.470001220703125,131.52999877929688,97.93000030517578,137.77999877929688,120.16000366210938,85.08999633789062,67.80999755859375,54.150001525878906,106.20999908447266,27.940000534057617,212.97000122070312,196.9499969482422,754.8099975585938,70.81999969482422,89.12000274658203,157.2899932861328,372.4200134277344,59.47999954223633,50.5,113.37999725341797,56.5,56.560001373291016,180.05999755859375,181.5800018310547,83.47000122070312,44.560001373291016,45.220001220703125,158.2899932861328,117.0
2026-07-16,91.91000366210938,195.64999389648438,410.8999938964844,249.4600067138672,121.19999694824219,295.5899963378906,224.17999267578125,377.1700134277344,52.709999084472656,131.77000427246094,99.66999816894531,134.3800048828125,118.54000091552734,84.94000244140625,69.48999786376953,54.13999938964844,104.88999938964844,28.489999771118164,215.05999755859375,197.9199981689453,750.719970703125,70.02999877929688,88.79000091552734,156.1300048828125,370.5799865722656,58.84000015258789,50.88999938964844,112.6500015258789,57.02000045776367,56.75,180.14999389648438,177.52000427246094,85.80999755859375,45.459999084472656,45.470001220703125,161.8000030517578,117.33999633789062
2026-07-17,90.48999786376953,194.97999572753906,406.7099914550781,248.02999877929688,119.37999725341797,294.0400085449219,222.33999633789062,376.7200012207031,53.5,129.89999389648438,99.20999908447266,132.6199951171875,116.55000305175781,84.95999908447266,69.26000213623047,52.95000076293945,104.26000213623047,28.520000457763672,213.3699951171875,195.52999877929688,743.2899780273438,69.69999694824219,88.58999633789062,154.77999877929688,367.010009765625,57.84000015258789,50.529998779296875,110.6500015258789,57.68000030517578,56.2599983215332,179.41000366210938,175.58999633789062,85.19000244140625,45.41999816894531,45.16999816894531,161.08999633789062,115.44000244140625
2026-07-20,90.43000030517578,193.8300018310547,406.010009765625,246.9600067138672,119.47000122070312,292.30999755859375,220.85000610351562,374.0899963378906,53.630001068115234,129.22999572753906,98.12000274658203,132.9499969482422,116.97000122070312,84.54000091552734,68.9000015258789,54.08000183105469,103.16000366210938,28.450000762939453,212.4199981689453,194.91000366210938,742.0900268554688,69.2300033569336,87.69000244140625,154.2899932861328,366.25,57.93000030517578,50.029998779296875,110.80000305175781,57.939998626708984,56.040000915527344,178.1199951171875,175.7100067138672,84.86000061035156,45.22999954223633,44.939998626708984,159.25,114.61000061035156
2026-07-21,92.73999786376953,195.7100067138672,409.42999267578125,247.44000244140625,121.33000183105469,296.5400085449219,222.91000366210938,381.57000732421875,54.290000915527344,130.0500030517578,98.70999908447266,137.08999633789062,116.37000274658203,84.58000183105469,68.30000305175781,54.0,104.75,28.559999465942383,212.75999450683594,194.9199981689453,748.280029296875,70.47000122070312,88.76000213623047,156.13999938964844,369.45001220703125,58.86000061035156,50.099998474121094,110.02999877929688,58.5,56.11000061035156,178.66000366210938,180.77999877929688,84.05999755859375,45.20000076293945,44.91999816894531,160.25,114.87000274658203
2026-07-22,92.19000244140625,195.6199951171875,408.7099914550781,247.52000427246094,120.91999816894531,293.7900085449219,222.0500030517578,376.17999267578125,55.040000915527344,130.7100067138672,98.23999786376953,136.82000732421875,115.22000122070312,86.30000305175781,68.55999755859375,53.56999969482422,106.44999694824219,28.40999984741211,212.6999969482422,193.52000427246094,747.4099731445312,70.48999786376953,89.08999633789062,156.02000427246094,368.8699951171875,58.810001373291016,50.81999969482422,109.19999694824219,59.20000076293945,56.04999923706055,178.85000610351562,180.27000427246094,84.37999725341797,45.0099983215332,45.93000030517578,159.42999267578125,114.0199966430664
2026-07-23,91.0999984741211,196.4499969482422,403.9800109863281,246.17999267578125,118.58999633789062,292.0899963378906,220.5800018310547,374.0199890136719,55.43000030517578,129.6199951171875,99.29000091552734,135.22000122070312,111.4800033569336,86.19000244140625,67.23999786376953,53.349998474121094,105.16000366210938,28.3799991607666,211.9199981689453,187.57000732421875,738.1799926757812,69.77999877929688,87.83000183105469,154.30999755859375,364.69000244140625,58.099998474121094,50.290000915527344,105.37999725341797,59.380001068115234,55.83000183105469,181.94000244140625,178.4499969482422,83.20999908447266,44.95000076293945,46.189998626708984,161.44000244140625,108.76000213623047
2026-07-24,91.20999908447266,197.72999572753906,404.17999267578125,248.24000549316406,117.6500015258789,291.1700134277344,221.4199981689453,370.2300109863281,55.5,130.9600067138672,99.88999938964844,132.94000244140625,111.98999786376953,86.33000183105469,67.94999694824219,53.33000183105469,105.61000061035156,28.889999389648438,213.57000732421875,188.50999450683594,738.9299926757812,69.70999908447266,88.41000366210938,154.1999969482422,364.79998779296875,57.79999923706055,51.2599983215332,106.30000305175781,59.619998931884766,56.310001373291016,182.66000366210938,175.8800048828125,84.12999725341797,45.95000076293945,46.290000915527344,162.57000732421875,109.41000366210938
2026-07-27,91.51000213623047,198.22999572753906,404.4599914550781,249.74000549316406,117.12999725341797,292.9100036621094,222.16000366210938,373.5400085449219,54.18000030517578,132.49000549316406,100.5,131.88999938964844,113.51000213623047,85.47000122070312,68.61000061035156,54.2599983215332,105.66000366210938,28.790000915527344,215.17999267578125,191.5,739.0900268554688,70.0,88.83999633789062,154.4499969482422,365.17999267578125,58.22999954223633,51.38999938964844,107.66000366210938,58.36000061035156,56.880001068115234,183.1999969482422,174.3000030517578,85.36000061035156,45.7599983215332,45.68000030517578,163.39999389648438,110.83999633789062
2026-07-28,89.83000183105469,197.50999450683594,405.6000061035156,252.0399932861328,116.4800033569336,293.3699951171875,224.11000061035156,371.6700134277344,53.56999969482422,133.19000244140625,102.8499984741211,129.14999389648438,115.26000213623047,84.94999694824219,70.2699966430664,54.40999984741211,106.12999725341797,28.8799991607666,217.69000244140625,194.82000732421875,740.8599853515625,69.5999984741211,89.2300033569336,154.35000610351562,365.989990234375,57.7400016784668,52.34000015258789,109.66999816894531,57.56999969482422,57.599998474121094,182.49000549316406,171.08999633789062,87.05999755859375,46.0099983215332,45.52000045776367,167.25999450683594,112.4800033569336
2026-07-29,89.3499984741211,193.1199951171875,399.2699890136719,249.52000427246094,114.05000305175781,288.57000732421875,221.60000610351562,363.70001220703125,54.849998474121094,131.2100067138672,102.43000030517578,125.48999786376953,115.04000091552734,83.94000244140625,70.52999877929688,55.06999969482422,105.41999816894531,28.68000030517578,215.72999572753906,194.13999938964844,729.4600219726562,68.94999694824219,88.86000061035156,152.22000122070312,360.4200134277344,56.91999816894531,51.7400016784668,109.51000213623047,58.650001525878906,56.68000030517578,176.66000366210938,166.57000732421875,87.36000061035156,45.959999084472656,44.90999984741211,166.24000549316406,111.61000061035156
2026-07-30,93.29000091552734,197.24000549316406,405.79998779296875,250.7100067138672,117.43000030517578,292.5899963378906,221.7899932861328,373.4800109863281,55.380001068115234,133.19000244140625,101.23999786376953,132.9600067138672,113.05000305175781,84.04000091552734,69.79000091552734,55.5,107.98999786376953,28.549999237060547,215.3800048828125,195.8699951171875,741.6900024414062,71.08999633789062,90.98999786376953,155.4499969482422,366.2699890136719,58.189998626708984,51.63999938964844,106.58000183105469,58.959999084472656,57.0,178.38999938964844,175.72999572753906,85.47000122070312,45.29999923706055,44.65999984741211,163.52000427246094,112.38999938964844
2026-07-31,92.38999938964844,198.25999450683594,408.3800048828125,251.82000732421875,118.31999969482422,291.20001220703125,221.24000549316406,370.6700134277344,55.72999954223633,133.0,100.26000213623047,132.67999267578125,114.9800033569336,83.70999908447266,69.19000244140625,55.79999923706055,105.66999816894531,28.3799991607666,215.00999450683594,200.27999877929688,747.030029296875,70.62000274658203,90.58999633789062,155.86000061035156,368.2099914550781,58.75,50.43000030517578,108.23999786376953,59.54999923706055,56.939998626708984,179.83999633789062,175.35000610351562,85.05000305175781,45.06999969482422,44.349998474121094,162.5500030517578,116.08999633789062
2026-08-03,92.91000366210938,200.7899932861328,414.5899963378906,254.24000549316406,120.87000274658203,296.2200012207031,224.4499969482422,378.2300109863281,54.970001220703125,133.8699951171875,99.91000366210938,134.47000122070312,118.41999816894531,83.7699966430664,69.0199966430664,55.900001525878906,106.44000244140625,28.389999389648438,217.11000061035156,202.92999267578125,757.6699829101562,71.04000091552734,90.93000030517578,157.61000061035156,373.8399963378906,59.060001373291016,51.0099983215332,111.33999633789062,58.790000915527344,57.380001068115234,183.16000366210938,178.0399932861328,84.86000061035156,45.18000030517578,44.36000061035156,162.24000549316406,118.20999908447266
2026-08-04,94.61000061035156,205.2899932861328,422.1600036621094,256.6300048828125,124.30000305175781,301.7099914550781,226.97000122070312,388.3500061035156,54.47999954223633,134.47999572753906,99.87000274658203,140.44000244140625,119.05000305175781,83.58999633789062,69.13999938964844,56.09000015258789,109.1500015258789,28.309999465942383,220.22999572753906,203.39999389648438,771.3300170898438,72.22000122070312,91.83999633789062,160.4499969482422,380.82000732421875,60.04999923706055,52.0,112.04000091552734,58.52000045776367,57.880001068115234,186.39999389648438,186.89999389648438,85.37000274658203,45.16999816894531,44.11000061035156,162.10000610351562,118.29000091552734
2026-08-05,95.16000366210938,205.27999877929688,421.1600036621094,256.1300048828125,123.88999938964844,299.7699890136719,225.0800018310547,386.7300109863281,53.43000030517578,134.74000549316406,101.08000183105469,139.9199981689453,117.68000030517578,82.70999908447266,69.30000305175781,56.0099983215332,111.79000091552734,28.3799991607666,219.72999572753906,203.94000244140625,769.7899780273438,72.3499984741211,91.8499984741211,160.1699981689453,379.6499938964844,60.0099983215332,52.63999938964844,110.87000274658203,57.310001373291016,58.0,186.35000610351562,185.91000366210938,85.33000183105469,45.20000076293945,43.65999984741211,164.16000366210938,118.63999938964844
2026-08-06,95.1500015258789,203.44000244140625,420.2900085449219,256.1199951171875,123.5,298.25,223.8300018310547,384.2900085449219,54.130001068115234,134.57000732421875,101.2699966430664,139.35000610351562,117.69000244140625,82.44000244140625,69.26000213623047,55.90999984741211,110.98999786376953,28.09000015258789,218.5800018310547,203.30999755859375,768.5599975585938,72.12000274658203,91.83000183105469,159.9199981689453,379.07000732421875,59.959999084472656,52.16999816894531,111.18000030517578,58.15999984741211,57.810001373291016,184.75999450683594,185.3300018310547,85.11000061035156,44.810001373291016,43.380001068115234,164.4499969482422,118.0999984741211
2026-08-07,96.9000015258789,205.24000549316406,423.44000244140625,257.55999755859375,124.5999984741211,301.55999755859375,225.52000427246094,390.1600036621094,53.619998931884766,134.66000366210938,102.27999877929688,140.8699951171875,117.98999786376953,83.04000091552734,69.54000091552734,56.56999969482422,112.98999786376953,28.229999542236328,220.08999633789062,206.00999450683594,773.260009765625,72.88999938964844,92.5999984741211,161.3000030517578,381.7799987792969,60.470001220703125,52.86000061035156,111.25,57.5,57.599998474121094,185.17999267578125,187.97000122070312,85.12000274658203,44.97999954223633,43.61000061035156,165.67999267578125,119.86000061035156
2026-08-10,96.05000305175781,204.7100067138672,423.30999755859375,258.30999755859375,124.16999816894531,299.9800109863281,224.2899932861328,388.0199890136719,55.61000061035156,134.0800018310547,103.51000213623047,139.4199981689453,117.80999755859375,82.0999984741211,69.12000274658203,56.93000030517578,113.4000015258789,27.84000015258789,220.22000122070312,206.13999938964844,773.030029296875,72.5,92.26000213623047,160.97000122070312,381.6300048828125,60.33000183105469,53.18000030517578,111.83000183105469,60.18000030517578,57.810001373291016,184.60000610351562,186.32000732421875,84.94999694824219,44.400001525878906,43.130001068115234,168.44000244140625,119.66999816894531
2026-08-11,96.27999877929688,205.4199981689453,422.0199890136719,257.9200134277344,123.5999984741211,300.989990234375,224.97000122070312,389.2300109863281,56.08000183105469,133.77999877929688,103.12999725341797,139.86000061035156,116.87999725341797,82.62999725341797,68.87000274658203,55.619998931884766,112.88999938964844,27.68000030517578,220.69000244140625,204.94000244140625,770.5599975585938,72.69000244140625,92.30000305175781,160.82000732421875,380.6499938964844,60.119998931884766,53.2400016784668,111.2699966430664,60.93000030517578,57.79999923706055,185.6999969482422,186.08999633789062,84.69000244140625,44.08000183105469,43.630001068115234,168.00999450683594,119.23999786376953
2026-08-12,97.79000091552734,206.58999633789062,423.2699890136719,257.7699890136719,124.41999816894531,302.7099914550781,225.92999267578125,392.3399963378906,56.09000015258789,134.30999755859375,103.19999694824219,142.25999450683594,115.72000122070312,83.05999755859375,68.6500015258789,55.08000183105469,112.69000244140625,27.8700008392334,221.0800018310547,203.16000366210938,772.489990234375,73.30000305175781,92.25,161.52999877929688,381.8299865722656,60.40999984741211,52.58000183105469,110.2699966430664,61.029998779296875,57.91999816894531,185.8800048828125,188.86000061035156,85.08000183105469,44.4900016784668,43.84000015258789,168.44000244140625,117.88999938964844
2026-08-13,98.47000122070312,206.52000427246094,426.0400085449219,258.70001220703125,125.66000366210938,303.5,226.77000427246094,392.70001220703125,55.9900016784668,134.91000366210938,103.06999969482422,144.05999755859375,117.29000091552734,83.13999938964844,69.4800033569336,54.41999816894531,111.20999908447266,28.09000015258789,222.72999572753906,202.6300048828125,777.8800048828125,73.54000091552734,92.37999725341797,162.38999938964844,384.29998779296875,60.34000015258789,52.310001373291016,112.55000305175781,61.060001373291016,58.2599983215332,185.7899932861328,190.77000427246094,86.0,45.119998931884766,44.040000915527344,168.3800048828125,118.44999694824219
2026-08-14,98.20999908447266,206.83999633789062,425.4200134277344,258.57000732421875,125.29000091552734,305.0899963378906,227.42999267578125,395.6499938964844,56.65999984741211,135.07000732421875,102.41000366210938,143.3300018310547,117.88999938964844,83.22000122070312,69.41999816894531,54.630001068115234,111.30000305175781,28.139999389648438,222.77000427246094,202.74000549316406,776.3400268554688,73.58000183105469,92.37000274658203,162.25,383.8500061035156,60.11000061035156,52.540000915527344,112.94999694824219,61.90999984741211,58.15999984741211,186.50999450683594,190.00999450683594,86.08999633789062,45.27000045776367,44.310001373291016,167.3699951171875,118.19999694824219
2026-08-17,98.16999816894531,206.4499969482422,423.3299865722656,256.6199951171875,125.08000183105469,304.05999755859375,226.4600067138672,394.70001220703125,57.29999923706055,134.3800048828125,102.27999877929688,144.02999877929688,116.29000091552734,83.12000274658203,68.25,55.060001373291016,111.69999694824219,27.969999313354492,220.7899932861328,200.47999572753906,772.6699829101562,73.69000244140625,92.0999984741211,161.8300018310547,382.1300048828125,60.38999938964844,52.2400016784668,110.81999969482422,62.58000183105469,57.58000183105469,186.32000732421875,190.32000732421875,84.68000030517578,44.83000183105469,44.18000030517578,167.0500030517578,116.75
2026-08-18,95.37000274658203,202.77999877929688,420.1700134277344,256.7300109863281,123.06999969482422,300.2300109863281,224.4499969482422,388.2300109863281,58.119998931884766,133.8800048828125,103.91000366210938,139.58999633789062,115.56999969482422,83.05000305175781,68.61000061035156,54.900001525878906,110.36000061035156,27.8799991607666,219.7899932861328,199.44000244140625,767.4500122070312,72.38999938964844,91.55000305175781,160.05999755859375,379.0400085449219,59.63999938964844,51.779998779296875,110.4800033569336,63.68000030517578,57.84000015258789,183.57000732421875,185.6199951171875,85.58000183105469,44.630001068115234,44.02000045776367,169.72999572753906,116.36000061035156
2026-08-19,94.77999877929688,202.10000610351562,421.3399963378906,258.7699890136719,122.66999816894531,301.7200012207031,225.61000061035156,390.2799987792969,58.130001068115234,133.1199951171875,107.36000061035156,139.0,116.25,83.04000091552734,69.29000091552734,55.38999938964844,113.25,28.020000457763672,222.07000732421875,202.13999938964844,769.0599975585938,72.83000183105469,92.2300033569336,160.6999969482422,379.989990234375,60.040000915527344,52.52000045776367,111.31999969482422,63.58000183105469,57.47999954223633,181.9499969482422,183.63999938964844,86.54000091552734,44.9900016784668,44.02000045776367,175.67999267578125,118.58999633789062
2026-08-20,94.2699966430664,200.10000610351562,417.8999938964844,256.1700134277344,121.81999969482422,297.6700134277344,223.80999755859375,382.6300048828125,58.58000183105469,131.8000030517578,105.66999816894531,139.07000732421875,115.6500015258789,82.91000366210938,68.62999725341797,55.5099983215332,114.12000274658203,28.079999923706055,220.27999877929688,199.9499969482422,762.5999755859375,72.83999633789062,92.01000213623047,159.92999267578125,376.5799865722656,60.02000045776367,52.41999816894531,110.68000030517578,63.75,56.95000076293945,179.77000427246094,183.10000610351562,85.31999969482422,45.08000183105469,43.77000045776367,172.38999938964844,116.68000030517578
2026-08-21,95.18000030517578,201.16000366210938,419.69000244140625,257.2900085449219,122.38999938964844,299.9599914550781,224.80999755859375,387.3699951171875,58.470001220703125,133.44000244140625,106.8499984741211,139.4600067138672,116.44999694824219,81.51000213623047,69.0999984741211,55.65999984741211,116.70999908447266,28.020000457763672,221.6699981689453,200.75999450683594,765.719970703125,73.41999816894531,92.72000122070312,160.77000427246094,378.239990234375,60.45000076293945,53.540000915527344,111.4000015258789,63.63999938964844,57.47999954223633,180.25,183.30999755859375,85.98999786376953,45.08000183105469,42.77000045776367,174.6199951171875,118.0199966430664
2026-08-24,94.83999633789062,200.2899932861328,418.3699951171875,258.32000732421875,121.04000091552734,297.9700012207031,224.05999755859375,383.1600036621094,57.90999984741211,134.13999938964844,106.80000305175781,136.75999450683594,116.98999786376953,82.11000061035156,69.91999816894531,54.93000030517578,117.37000274658203,28.18000030517578,221.92999267578125,201.33999633789062,763.469970703125,73.05999755859375,92.61000061035156,160.10000610351562,377.07000732421875,59.970001220703125,53.58000183105469,112.31999969482422,63.11000061035156,58.220001220703125,179.0,180.0500030517578,87.44999694824219,45.33000183105469,43.220001220703125,174.6999969482422,118.30000305175781
2026-08-25,95.62999725341797,201.27000427246094,419.6199951171875,258.2699890136719,121.83000183105469,299.2300109863281,224.63999938964844,385.6000061035156,57.060001373291016,134.92999267578125,107.4800033569336,138.3300018310547,118.05000305175781,82.55999755859375,69.45999908447266,55.119998931884766,118.48999786376953,28.229999542236328,221.77000427246094,200.63999938964844,765.9099731445312,73.79000091552734,93.19000244140625,160.99000549316406,378.1499938964844,60.63999938964844,53.58000183105469,113.18000030517578,62.060001373291016,58.310001373291016,178.39999389648438,181.74000549316406,86.5199966430664,45.36000061035156,43.310001373291016,175.2899932861328,117.94999694824219
2026-08-26,95.43000030517578,202.00999450683594,419.6400146484375,258.4599914550781,121.75,298.92999267578125,224.33999633789062,385.20001220703125,57.08000183105469,134.8300018310547,106.30999755859375,138.74000549316406,117.38999938964844,82.52999877929688,69.38999938964844,55.099998474121094,117.47000122070312,28.06999969482422,222.11000061035156,199.5500030517578,766.0800170898438,73.44999694824219,92.69999694824219,160.8699951171875,378.2300109863281,60.65999984741211,53.66999816894531,112.61000061035156,62.43000030517578,58.2599983215332,180.33999633789062,182.83999633789062,86.2699966430664,45.09000015258789,43.5099983215332,173.5399932861328,117.16000366210938
2026-08-27,95.83999633789062,201.11000061035156,422.3699951171875,257.5799865722656,123.88999938964844,299.80999755859375,224.74000549316406,386.8999938964844,56.97999954223633,133.97999572753906,105.16999816894531,142.66000366210938,116.36000061035156,81.95999908447266,68.4800033569336,54.900001525878906,117.16999816894531,27.889999389648438,221.4499969482422,197.52999877929688,771.0999755859375,73.41999816894531,92.27999877929688,161.57000732421875,380.6300048828125,61.0099983215332,53.22999954223633,111.41000366210938,62.290000915527344,57.880001068115234,178.8000030517578,188.61000061035156,85.08000183105469,44.65999984741211,43.18000030517578,171.5800018310547,115.87999725341797
2026-08-28,95.87000274658203,199.6699981689453,421.1499938964844,258.3299865722656,122.75,295.75,223.13999938964844,378.9100036621094,57.099998474121094,134.5500030517578,104.7699966430664,140.60000610351562,117.61000061035156,81.54000091552734,68.68000030517578,55.22999954223633,116.08999633789062,27.68000030517578,220.69000244140625,199.9499969482422,769.3499755859375,73.05999755859375,91.9800033569336,161.00999450683594,379.3599853515625,60.790000915527344,53.18000030517578,112.98999786376953,62.68000030517578,58.099998474121094,177.13999938964844,185.69000244140625,85.44999694824219,44.47999954223633,42.72999954223633,171.16000366210938,117.20999908447266
